shipment_id,merchant_id,order_id,courier,shipment_status,delivery_attempts,rto_status,shipping_cost,delivery_days,pincode,area,city
SHP000001,M001,ORD001084,BlueDart,delivered,1,no,141.85,4,560008,Ulsoor,Bangalore
SHP000002,M001,ORD001249,Ecom Express,delivered,1,no,58.75,2,560037,Marathahalli,Bangalore
SHP000003,M001,ORD000907,Shiprocket,in_transit,1,no,58.55,4,560037,Brookefield,Bangalore
SHP000004,M001,ORD004502,Xpressbees,delivered,1,no,92.98,1,560017,Old Airport Road,Bangalore
SHP000005,M001,ORD003076,Shiprocket,delivered,1,no,49.82,3,560103,Bellandur,Bangalore
SHP000006,M001,ORD002472,BlueDart,delivered,1,no,113.28,3,560103,Bellandur,Bangalore
SHP000007,M001,ORD000744,Xpressbees,delivered,1,no,70.95,1,560066,Whitefield,Bangalore
SHP000008,M001,ORD000081,Shiprocket,delivered,1,no,102.82,3,560038,Indiranagar,Bangalore
SHP000009,M001,ORD003807,BlueDart,delivered,1,no,79.03,4,560037,Brookefield,Bangalore
SHP000010,M001,ORD003047,BlueDart,delivered,2,no,47.53,3,560066,Whitefield,Bangalore
SHP000011,M001,ORD000220,Ecom Express,delivered,1,no,59.39,5,560008,Ulsoor,Bangalore
SHP000012,M001,ORD000341,Shiprocket,delivered,1,no,80.37,1,560103,Bellandur,Bangalore
SHP000013,M001,ORD000034,Xpressbees,delivered,1,no,63.75,3,560003,Malleshwaram,Bangalore
SHP000014,M001,ORD000315,Shiprocket,in_transit,1,no,70.99,4,560034,Koramangala,Bangalore
SHP000015,M001,ORD004974,Delhivery,delivered,1,no,63.53,2,560008,Ulsoor,Bangalore
SHP000016,M001,ORD000847,BlueDart,delivered,1,no,86.07,2,560034,Koramangala,Bangalore
SHP000017,M001,ORD004072,Shiprocket,delivered,1,no,72.9,3,560037,Marathahalli,Bangalore
SHP000018,M001,ORD000588,Delhivery,rto,2,yes,54.8,5,560041,Jayanagar,Bangalore
SHP000019,M001,ORD001898,BlueDart,delivered,1,no,124.44,1,560098,RR Nagar,Bangalore
SHP000020,M001,ORD004116,BlueDart,in_transit,1,no,80.39,4,560103,Bellandur,Bangalore
SHP000021,M001,ORD003084,Xpressbees,delivered,1,no,125.63,2,560076,Bannerghatta Road,Bangalore
SHP000022,M001,ORD001041,Xpressbees,rto,3,yes,54.24,8,560008,Ulsoor,Bangalore
SHP000023,M001,ORD000976,Xpressbees,delivered,3,no,126.27,2,560036,KR Puram,Bangalore
SHP000024,M001,ORD002396,Xpressbees,delivered,2,no,89.79,5,560100,Electronic City,Bangalore
SHP000025,M001,ORD001360,BlueDart,failed_delivery,2,no,186.91,4,560100,Electronic City,Bangalore
SHP000026,M001,ORD001648,Delhivery,rto,2,yes,149.04,9,560058,Peenya,Bangalore
SHP000027,M001,ORD004710,BlueDart,failed_delivery,2,no,134.41,6,560103,Bellandur,Bangalore
SHP000028,M001,ORD004489,Delhivery,in_transit,1,no,52.66,4,560066,Whitefield,Bangalore
SHP000029,M001,ORD002303,Delhivery,failed_delivery,2,no,186.7,8,560100,Electronic City,Bangalore
SHP000030,M001,ORD003703,Ecom Express,failed_delivery,2,no,205.48,6,560035,Sarjapur Road,Bangalore
SHP000031,M001,ORD000661,Delhivery,delivered,1,no,83.64,4,560038,Indiranagar,Bangalore
SHP000032,M001,ORD004675,Shiprocket,delivered,2,no,117.72,1,560066,Whitefield,Bangalore
SHP000033,M001,ORD003321,Xpressbees,delivered,1,no,126.76,5,560017,Old Airport Road,Bangalore
SHP000034,M001,ORD002482,Delhivery,delivered,1,no,62.71,1,560102,HSR Layout,Bangalore
SHP000035,M001,ORD002145,Ecom Express,in_transit,1,no,74.37,3,560102,HSR Layout,Bangalore
SHP000036,M001,ORD004419,BlueDart,delivered,2,no,132.57,3,560100,Electronic City,Bangalore
SHP000037,M001,ORD002857,Ecom Express,delivered,2,no,69.81,3,560008,Ulsoor,Bangalore
SHP000038,M001,ORD003810,BlueDart,delivered,2,no,149.25,5,560034,Koramangala,Bangalore
SHP000039,M001,ORD002891,Delhivery,delivered,1,no,52.8,2,560066,Whitefield,Bangalore
SHP000040,M001,ORD001064,Shiprocket,delivered,1,no,64.58,1,560040,Vijayanagar,Bangalore
SHP000041,M001,ORD002793,BlueDart,delivered,1,no,112.46,1,560034,Koramangala,Bangalore
SHP000042,M001,ORD004180,BlueDart,delivered,1,no,136.34,2,560035,Sarjapur Road,Bangalore
SHP000043,M001,ORD001036,Delhivery,delivered,2,no,192.86,5,560100,Electronic City,Bangalore
SHP000044,M001,ORD001037,Shiprocket,delivered,1,no,73.98,2,560040,Vijayanagar,Bangalore
SHP000045,M001,ORD004035,Delhivery,delivered,1,no,116.72,3,560066,Whitefield,Bangalore
SHP000046,M001,ORD004746,Xpressbees,in_transit,1,no,70.16,4,560071,Domlur,Bangalore
SHP000047,M001,ORD000693,Ecom Express,rto,1,yes,103.02,4,560038,Indiranagar,Bangalore
SHP000048,M001,ORD002840,BlueDart,delivered,1,no,129.57,5,560100,Electronic City,Bangalore
SHP000049,M001,ORD001965,Delhivery,in_transit,3,no,81.68,4,560038,Indiranagar,Bangalore
SHP000050,M001,ORD001375,BlueDart,delivered,1,no,90.53,5,560034,Koramangala,Bangalore
SHP000051,M001,ORD003748,BlueDart,rto,3,yes,143.3,3,560037,Marathahalli,Bangalore
SHP000052,M001,ORD001628,Xpressbees,failed_delivery,2,no,130.78,3,560102,HSR Layout,Bangalore
SHP000053,M001,ORD001009,Shiprocket,delivered,2,no,125.6,1,560102,HSR Layout,Bangalore
SHP000054,M001,ORD000385,Ecom Express,delivered,2,no,98.01,3,560024,Hebbal,Bangalore
SHP000055,M001,ORD003271,BlueDart,in_transit,2,no,115.74,3,560102,HSR Layout,Bangalore
SHP000056,M001,ORD000470,Ecom Express,failed_delivery,2,no,114.72,5,560071,Domlur,Bangalore
SHP000057,M001,ORD003378,Ecom Express,failed_delivery,1,no,164.51,8,560100,Electronic City,Bangalore
SHP000058,M001,ORD003051,Delhivery,delivered,2,no,53.35,2,560103,Bellandur,Bangalore
SHP000059,M001,ORD004752,Shiprocket,delivered,1,no,124.1,4,560036,KR Puram,Bangalore
SHP000060,M001,ORD002741,Delhivery,delivered,1,no,80.0,4,560098,RR Nagar,Bangalore
SHP000061,M001,ORD004730,Xpressbees,in_transit,1,no,110.6,1,560001,MG Road,Bangalore
SHP000062,M001,ORD003850,Xpressbees,delivered,1,no,147.79,5,560035,Sarjapur Road,Bangalore
SHP000063,M001,ORD004214,BlueDart,delivered,2,no,83.66,3,560076,BTM Layout,Bangalore
SHP000064,M001,ORD002786,BlueDart,delivered,1,no,98.79,3,560085,Banashankari,Bangalore
SHP000065,M001,ORD004790,BlueDart,delivered,1,no,46.24,2,560066,Whitefield,Bangalore
SHP000066,M001,ORD001866,Delhivery,in_transit,1,no,122.73,3,560036,KR Puram,Bangalore
SHP000067,M001,ORD003975,Xpressbees,delivered,2,no,99.06,1,560102,HSR Layout,Bangalore
SHP000068,M001,ORD004397,Ecom Express,in_transit,1,no,132.08,1,560003,Malleshwaram,Bangalore
SHP000069,M001,ORD003534,BlueDart,delivered,2,no,91.33,5,560102,HSR Layout,Bangalore
SHP000070,M001,ORD000120,Xpressbees,delivered,1,no,74.26,1,560038,Indiranagar,Bangalore
SHP000071,M001,ORD003320,Shiprocket,delivered,1,no,147.5,5,560037,Marathahalli,Bangalore
SHP000072,M001,ORD004469,Shiprocket,delivered,1,no,119.94,4,560071,Domlur,Bangalore
SHP000073,M001,ORD002180,Ecom Express,in_transit,1,no,71.77,1,560102,HSR Layout,Bangalore
SHP000074,M001,ORD001087,Xpressbees,failed_delivery,1,no,122.5,5,560035,Sarjapur Road,Bangalore
SHP000075,M001,ORD000951,Xpressbees,delivered,1,no,93.01,2,560103,Bellandur,Bangalore
SHP000076,M001,ORD000896,Delhivery,delivered,1,no,80.44,3,560066,Whitefield,Bangalore
SHP000077,M001,ORD004387,Ecom Express,delivered,1,no,109.49,2,560036,KR Puram,Bangalore
SHP000078,M001,ORD003890,Ecom Express,delivered,1,no,129.35,2,560048,Mahadevapura,Bangalore
SHP000079,M001,ORD004092,Shiprocket,delivered,1,no,87.51,3,560066,Whitefield,Bangalore
SHP000080,M001,ORD004201,Delhivery,in_transit,2,no,123.6,4,560066,Whitefield,Bangalore
SHP000081,M001,ORD004823,BlueDart,delivered,1,no,122.34,2,560071,Domlur,Bangalore
SHP000082,M001,ORD003242,Xpressbees,rto,2,yes,110.93,5,560076,Bannerghatta Road,Bangalore
SHP000083,M001,ORD001201,Xpressbees,failed_delivery,2,no,88.13,3,560034,Koramangala,Bangalore
SHP000084,M001,ORD000697,BlueDart,delivered,3,no,127.93,4,560066,Whitefield,Bangalore
SHP000085,M001,ORD001069,BlueDart,delivered,2,no,94.51,2,560004,Basavanagudi,Bangalore
SHP000086,M001,ORD001163,Xpressbees,rto,3,yes,115.86,3,560066,Whitefield,Bangalore
SHP000087,M001,ORD000376,Xpressbees,delivered,1,no,113.38,1,560037,Marathahalli,Bangalore
SHP000088,M001,ORD000846,Xpressbees,delivered,1,no,97.58,3,560038,Indiranagar,Bangalore
SHP000089,M001,ORD004622,Ecom Express,in_transit,2,no,105.95,1,560041,Jayanagar,Bangalore
SHP000090,M001,ORD001983,Xpressbees,delivered,1,no,99.85,3,560103,Bellandur,Bangalore
SHP000091,M001,ORD004801,Xpressbees,failed_delivery,1,no,85.47,7,560037,Marathahalli,Bangalore
SHP000092,M001,ORD002025,Delhivery,delivered,1,no,78.42,2,560071,Domlur,Bangalore
SHP000093,M001,ORD000940,Ecom Express,delivered,2,no,73.94,1,560085,Banashankari,Bangalore
SHP000094,M001,ORD001213,Shiprocket,delivered,1,no,137.6,3,560064,Jakkur,Bangalore
SHP000095,M001,ORD002367,Xpressbees,delivered,2,no,72.52,4,560071,Domlur,Bangalore
SHP000096,M001,ORD002504,Xpressbees,rto,3,yes,101.87,3,560076,BTM Layout,Bangalore
SHP000097,M001,ORD004060,Ecom Express,delivered,1,no,118.54,2,560048,Mahadevapura,Bangalore
SHP000098,M001,ORD002055,Delhivery,delivered,2,no,123.3,3,560008,Ulsoor,Bangalore
SHP000099,M001,ORD001583,BlueDart,rto,3,yes,142.87,3,560100,Electronic City,Bangalore
SHP000100,M001,ORD000734,Shiprocket,failed_delivery,2,no,90.31,3,560008,Ulsoor,Bangalore
SHP000101,M001,ORD001807,Xpressbees,failed_delivery,1,no,45.31,8,560034,Koramangala,Bangalore
SHP000102,M001,ORD003107,Shiprocket,failed_delivery,1,no,60.13,5,560103,Bellandur,Bangalore
SHP000103,M001,ORD000782,Xpressbees,rto,2,yes,119.91,7,560035,Sarjapur Road,Bangalore
SHP000104,M001,ORD000050,Ecom Express,delivered,1,no,77.9,5,560037,Marathahalli,Bangalore
SHP000105,M001,ORD003235,Delhivery,rto,1,yes,56.04,7,560037,Brookefield,Bangalore
SHP000106,M001,ORD000357,Xpressbees,delivered,1,no,89.52,2,560035,Sarjapur Road,Bangalore
SHP000107,M001,ORD003406,Ecom Express,delivered,2,no,144.02,2,560038,Indiranagar,Bangalore
SHP000108,M001,ORD004690,BlueDart,delivered,2,no,105.96,4,560038,Indiranagar,Bangalore
SHP000109,M001,ORD003017,Shiprocket,delivered,1,no,121.14,2,560100,Electronic City,Bangalore
SHP000110,M001,ORD002834,Shiprocket,in_transit,1,no,99.14,3,560102,HSR Layout,Bangalore
SHP000111,M001,ORD000058,Xpressbees,failed_delivery,1,no,141.69,3,560038,Indiranagar,Bangalore
SHP000112,M001,ORD003240,Shiprocket,in_transit,1,no,184.18,1,560100,Electronic City,Bangalore
SHP000113,M001,ORD004558,Xpressbees,delivered,2,no,109.69,3,560066,Whitefield,Bangalore
SHP000114,M001,ORD003352,BlueDart,delivered,3,no,74.8,3,560003,Malleshwaram,Bangalore
SHP000115,M001,ORD000511,Ecom Express,delivered,1,no,92.67,2,560037,Marathahalli,Bangalore
SHP000116,M001,ORD000239,Ecom Express,in_transit,1,no,105.91,1,560037,Brookefield,Bangalore
SHP000117,M001,ORD001906,Shiprocket,delivered,2,no,121.79,4,560098,RR Nagar,Bangalore
SHP000118,M001,ORD004650,BlueDart,delivered,1,no,110.88,2,560103,Bellandur,Bangalore
SHP000119,M001,ORD002101,Ecom Express,delivered,1,no,122.29,5,560103,Bellandur,Bangalore
SHP000120,M001,ORD000419,Xpressbees,delivered,3,no,97.86,4,560017,Old Airport Road,Bangalore
SHP000121,M001,ORD004044,Ecom Express,delivered,2,no,75.74,5,560037,Marathahalli,Bangalore
SHP000122,M001,ORD001940,BlueDart,delivered,1,no,86.36,2,560017,Old Airport Road,Bangalore
SHP000123,M001,ORD000792,Ecom Express,delivered,1,no,78.98,5,560008,Ulsoor,Bangalore
SHP000124,M001,ORD002582,BlueDart,delivered,2,no,131.8,3,560071,Domlur,Bangalore
SHP000125,M001,ORD003753,Shiprocket,delivered,1,no,126.12,1,560041,Jayanagar,Bangalore
SHP000126,M001,ORD004475,BlueDart,delivered,1,no,125.77,4,560103,Bellandur,Bangalore
SHP000127,M001,ORD001113,Delhivery,delivered,2,no,48.39,2,560041,Jayanagar,Bangalore
SHP000128,M001,ORD004254,Delhivery,delivered,2,no,79.87,3,560037,Brookefield,Bangalore
SHP000129,M001,ORD004979,Shiprocket,delivered,2,no,140.43,1,560071,Domlur,Bangalore
SHP000130,M001,ORD002135,Delhivery,delivered,1,no,45.63,3,560066,Whitefield,Bangalore
SHP000131,M001,ORD003627,Xpressbees,failed_delivery,1,no,169.54,9,560100,Electronic City,Bangalore
SHP000132,M001,ORD004725,Shiprocket,delivered,1,no,148.3,4,560060,Kengeri,Bangalore
SHP000133,M001,ORD003742,Shiprocket,in_transit,1,no,113.18,4,560048,Mahadevapura,Bangalore
SHP000134,M001,ORD001621,Delhivery,delivered,2,no,83.02,5,560008,Ulsoor,Bangalore
SHP000135,M001,ORD004133,BlueDart,delivered,1,no,213.56,1,560100,Electronic City,Bangalore
SHP000136,M001,ORD001577,Delhivery,delivered,1,no,60.71,1,560078,JP Nagar,Bangalore
SHP000137,M001,ORD002090,Delhivery,in_transit,1,no,95.68,4,560066,Whitefield,Bangalore
SHP000138,M001,ORD004721,Xpressbees,delivered,2,no,130.26,3,560076,Bannerghatta Road,Bangalore
SHP000139,M001,ORD004225,Delhivery,delivered,1,no,141.98,5,560037,Brookefield,Bangalore
SHP000140,M001,ORD003838,Shiprocket,delivered,1,no,178.66,5,560100,Electronic City,Bangalore
SHP000141,M001,ORD001137,Delhivery,delivered,2,no,50.73,3,560040,Vijayanagar,Bangalore
SHP000142,M001,ORD004503,Shiprocket,delivered,1,no,47.27,1,560041,Jayanagar,Bangalore
SHP000143,M001,ORD001189,BlueDart,delivered,2,no,165.59,4,560035,Sarjapur Road,Bangalore
SHP000144,M001,ORD000302,Xpressbees,failed_delivery,1,no,55.55,6,560103,Bellandur,Bangalore
SHP000145,M001,ORD004361,Ecom Express,in_transit,1,no,46.39,1,560066,Whitefield,Bangalore
SHP000146,M001,ORD001390,Shiprocket,delivered,2,no,106.3,1,560034,Koramangala,Bangalore
SHP000147,M001,ORD001833,Ecom Express,in_transit,2,no,73.6,2,560041,Jayanagar,Bangalore
SHP000148,M001,ORD001605,Xpressbees,delivered,2,no,65.08,5,560017,Old Airport Road,Bangalore
SHP000149,M001,ORD000996,BlueDart,rto,1,yes,113.15,3,560066,Whitefield,Bangalore
SHP000150,M001,ORD002270,Xpressbees,failed_delivery,3,no,100.86,7,560035,Sarjapur Road,Bangalore
SHP000151,M001,ORD004613,Delhivery,delivered,1,no,81.15,1,560066,Whitefield,Bangalore
SHP000152,M001,ORD000803,Delhivery,delivered,1,no,57.14,3,560008,Ulsoor,Bangalore
SHP000153,M001,ORD000701,Xpressbees,rto,2,yes,184.09,5,560100,Electronic City,Bangalore
SHP000154,M001,ORD003529,Xpressbees,in_transit,2,no,93.14,1,560034,Koramangala,Bangalore
SHP000155,M001,ORD003792,Xpressbees,delivered,2,no,96.85,2,560102,HSR Layout,Bangalore
SHP000156,M001,ORD002719,BlueDart,delivered,2,no,64.31,2,560008,Ulsoor,Bangalore
SHP000157,M001,ORD001424,Shiprocket,rto,1,yes,170.92,6,560100,Electronic City,Bangalore
SHP000158,M001,ORD004958,Delhivery,delivered,3,no,91.34,4,560100,Electronic City,Bangalore
SHP000159,M001,ORD004981,BlueDart,delivered,1,no,143.54,5,560103,Bellandur,Bangalore
SHP000160,M001,ORD003799,Ecom Express,delivered,1,no,71.14,4,560048,Mahadevapura,Bangalore
SHP000161,M001,ORD002885,Xpressbees,failed_delivery,3,no,114.96,4,560064,Yelahanka,Bangalore
SHP000162,M001,ORD000137,Shiprocket,delivered,1,no,58.58,4,560008,Ulsoor,Bangalore
SHP000163,M001,ORD001043,Ecom Express,rto,1,yes,131.89,9,560103,Bellandur,Bangalore
SHP000164,M001,ORD000150,Ecom Express,in_transit,1,no,139.6,4,560103,Bellandur,Bangalore
SHP000165,M001,ORD001222,Delhivery,delivered,1,no,205.64,3,560100,Electronic City,Bangalore
SHP000166,M001,ORD000992,Shiprocket,delivered,1,no,53.27,2,560048,Mahadevapura,Bangalore
SHP000167,M001,ORD004379,Delhivery,delivered,1,no,148.52,2,560076,BTM Layout,Bangalore
SHP000168,M001,ORD002587,Ecom Express,delivered,1,no,109.86,4,560038,Indiranagar,Bangalore
SHP000169,M001,ORD001136,Shiprocket,delivered,1,no,60.44,2,560037,Marathahalli,Bangalore
SHP000170,M001,ORD001073,Xpressbees,delivered,1,no,52.42,3,560066,Whitefield,Bangalore
SHP000171,M001,ORD002858,Xpressbees,delivered,1,no,139.84,5,560017,Old Airport Road,Bangalore
SHP000172,M001,ORD004754,Delhivery,rto,2,yes,119.27,8,560036,KR Puram,Bangalore
SHP000173,M001,ORD001747,Shiprocket,rto,2,yes,54.8,8,560103,Bellandur,Bangalore
SHP000174,M001,ORD003522,BlueDart,delivered,1,no,176.51,2,560100,Electronic City,Bangalore
SHP000175,M001,ORD004695,Delhivery,delivered,1,no,175.13,5,560060,Kengeri,Bangalore
SHP000176,M001,ORD000971,Xpressbees,in_transit,2,no,151.35,1,560058,Peenya,Bangalore
SHP000177,M001,ORD002518,Shiprocket,delivered,1,no,111.19,1,560076,BTM Layout,Bangalore
SHP000178,M001,ORD000722,Shiprocket,in_transit,1,no,138.75,2,560048,Mahadevapura,Bangalore
SHP000179,M001,ORD004331,Ecom Express,delivered,1,no,114.8,5,560035,Sarjapur Road,Bangalore
SHP000180,M001,ORD000261,Ecom Express,rto,3,yes,150.14,6,560035,Sarjapur Road,Bangalore
SHP000181,M001,ORD001790,Delhivery,in_transit,2,no,142.15,2,560034,Koramangala,Bangalore
SHP000182,M001,ORD003681,BlueDart,in_transit,2,no,90.12,4,560066,Whitefield,Bangalore
SHP000183,M001,ORD001753,Xpressbees,delivered,1,no,50.03,2,560103,Bellandur,Bangalore
SHP000184,M001,ORD001022,Shiprocket,delivered,1,no,106.02,5,560037,Brookefield,Bangalore
SHP000185,M001,ORD002358,Shiprocket,delivered,2,no,45.22,4,560071,Domlur,Bangalore
SHP000186,M001,ORD003003,Xpressbees,failed_delivery,3,no,140.76,7,560038,Indiranagar,Bangalore
SHP000187,M001,ORD002024,Delhivery,delivered,1,no,120.4,2,560034,Koramangala,Bangalore
SHP000188,M001,ORD001289,Shiprocket,delivered,2,no,144.62,1,560066,Whitefield,Bangalore
SHP000189,M001,ORD004713,BlueDart,in_transit,1,no,104.52,1,560103,Bellandur,Bangalore
SHP000190,M001,ORD001591,BlueDart,delivered,1,no,76.22,3,560010,Rajajinagar,Bangalore
SHP000191,M001,ORD000267,Delhivery,delivered,1,no,52.04,4,560103,Bellandur,Bangalore
SHP000192,M001,ORD004017,Ecom Express,delivered,1,no,56.04,1,560008,Ulsoor,Bangalore
SHP000193,M001,ORD000095,Shiprocket,delivered,1,no,78.76,3,560048,Mahadevapura,Bangalore
SHP000194,M001,ORD002843,BlueDart,delivered,1,no,115.65,2,560035,Sarjapur Road,Bangalore
SHP000195,M001,ORD004465,Ecom Express,delivered,1,no,108.75,2,560102,HSR Layout,Bangalore
SHP000196,M001,ORD003744,Xpressbees,delivered,2,no,77.56,3,560103,Bellandur,Bangalore
SHP000197,M001,ORD001054,Xpressbees,delivered,2,no,80.09,5,560066,Whitefield,Bangalore
SHP000198,M001,ORD003088,Ecom Express,delivered,1,no,132.3,3,560037,Marathahalli,Bangalore
SHP000199,M001,ORD001554,Xpressbees,delivered,2,no,210.82,5,560035,Sarjapur Road,Bangalore
SHP000200,M001,ORD003066,Xpressbees,delivered,1,no,181.14,2,560100,Electronic City,Bangalore
SHP000201,M001,ORD003458,Ecom Express,rto,1,yes,63.96,4,560076,BTM Layout,Bangalore
SHP000202,M001,ORD000448,Xpressbees,failed_delivery,1,no,142.46,6,560035,Sarjapur Road,Bangalore
SHP000203,M001,ORD004814,Shiprocket,delivered,1,no,58.31,2,560034,Koramangala,Bangalore
SHP000204,M001,ORD004938,Delhivery,in_transit,1,no,96.09,1,560066,Whitefield,Bangalore
SHP000205,M001,ORD004307,BlueDart,delivered,1,no,78.24,1,560076,Bannerghatta Road,Bangalore
SHP000206,M001,ORD000751,Shiprocket,rto,3,yes,50.95,5,560064,Jakkur,Bangalore
SHP000207,M001,ORD002198,Ecom Express,failed_delivery,3,no,136.84,9,560100,Electronic City,Bangalore
SHP000208,M001,ORD001855,Shiprocket,delivered,1,no,119.68,4,560003,Malleshwaram,Bangalore
SHP000209,M001,ORD001696,Xpressbees,in_transit,1,no,115.46,2,560036,KR Puram,Bangalore
SHP000210,M001,ORD002547,BlueDart,in_transit,1,no,74.45,2,560003,Malleshwaram,Bangalore
SHP000211,M001,ORD002444,Xpressbees,delivered,2,no,148.56,1,560066,Whitefield,Bangalore
SHP000212,M001,ORD003156,Xpressbees,delivered,1,no,204.63,3,560100,Electronic City,Bangalore
SHP000213,M001,ORD004618,Delhivery,in_transit,1,no,108.58,4,560037,Brookefield,Bangalore
SHP000214,M001,ORD001959,Ecom Express,delivered,1,no,71.16,2,560036,KR Puram,Bangalore
SHP000215,M001,ORD004121,Delhivery,rto,1,yes,145.45,3,560100,Electronic City,Bangalore
SHP000216,M001,ORD003250,Delhivery,delivered,1,no,138.88,3,560103,Bellandur,Bangalore
SHP000217,M001,ORD002809,Shiprocket,in_transit,1,no,90.58,2,560036,KR Puram,Bangalore
SHP000218,M001,ORD000372,Xpressbees,delivered,2,no,60.92,1,560076,Bannerghatta Road,Bangalore
SHP000219,M001,ORD004016,Ecom Express,delivered,2,no,125.03,5,560103,Bellandur,Bangalore
SHP000220,M001,ORD004089,Delhivery,failed_delivery,1,no,131.96,3,560102,HSR Layout,Bangalore
SHP000221,M001,ORD002990,Ecom Express,failed_delivery,2,no,102.49,8,560102,HSR Layout,Bangalore
SHP000222,M001,ORD004023,Xpressbees,delivered,1,no,114.24,3,560008,Ulsoor,Bangalore
SHP000223,M001,ORD003671,Delhivery,rto,2,yes,94.61,5,560066,Whitefield,Bangalore
SHP000224,M001,ORD001578,Ecom Express,delivered,1,no,137.74,4,560034,Koramangala,Bangalore
SHP000225,M001,ORD001936,Shiprocket,failed_delivery,1,no,51.35,6,560103,Bellandur,Bangalore
SHP000226,M001,ORD002965,Ecom Express,delivered,1,no,147.17,3,560103,Bellandur,Bangalore
SHP000227,M001,ORD000123,Xpressbees,delivered,2,no,87.86,3,560085,Banashankari,Bangalore
SHP000228,M001,ORD001145,Delhivery,delivered,2,no,60.31,5,560034,Koramangala,Bangalore
SHP000229,M001,ORD000689,Delhivery,delivered,1,no,134.25,4,560017,Old Airport Road,Bangalore
SHP000230,M001,ORD004819,Delhivery,rto,2,yes,78.31,4,560037,Brookefield,Bangalore
SHP000231,M001,ORD001281,Shiprocket,delivered,2,no,149.77,1,560024,Hebbal,Bangalore
SHP000232,M001,ORD004020,Ecom Express,in_transit,1,no,181.9,4,560035,Sarjapur Road,Bangalore
SHP000233,M001,ORD003768,Shiprocket,failed_delivery,2,no,56.36,6,560103,Bellandur,Bangalore
SHP000234,M001,ORD001356,BlueDart,delivered,1,no,92.69,4,560037,Marathahalli,Bangalore
SHP000235,M001,ORD000299,Shiprocket,in_transit,2,no,103.72,2,560037,Brookefield,Bangalore
SHP000236,M001,ORD003166,Delhivery,delivered,1,no,62.76,5,560008,Ulsoor,Bangalore
SHP000237,M001,ORD000402,Ecom Express,delivered,1,no,58.14,2,560066,Whitefield,Bangalore
SHP000238,M001,ORD004418,Delhivery,delivered,2,no,134.8,2,560036,KR Puram,Bangalore
SHP000239,M001,ORD004967,Delhivery,delivered,2,no,61.37,5,560010,Rajajinagar,Bangalore
SHP000240,M001,ORD002641,Ecom Express,rto,2,yes,106.51,6,560048,Mahadevapura,Bangalore
SHP000241,M001,ORD000581,Delhivery,delivered,1,no,103.92,5,560066,Whitefield,Bangalore
SHP000242,M001,ORD004491,Ecom Express,delivered,1,no,159.06,5,560060,Kengeri,Bangalore
SHP000243,M001,ORD002559,BlueDart,delivered,1,no,110.07,5,560017,Old Airport Road,Bangalore
SHP000244,M001,ORD004108,Delhivery,delivered,1,no,154.11,1,560058,Peenya,Bangalore
SHP000245,M001,ORD001858,Xpressbees,delivered,1,no,74.65,1,560048,Mahadevapura,Bangalore
SHP000246,M001,ORD003054,Ecom Express,delivered,1,no,56.4,1,560066,Whitefield,Bangalore
SHP000247,M001,ORD001447,BlueDart,in_transit,2,no,106.45,3,560076,Bannerghatta Road,Bangalore
SHP000248,M001,ORD003820,Shiprocket,delivered,1,no,133.13,2,560034,Koramangala,Bangalore
SHP000249,M001,ORD000396,Delhivery,delivered,1,no,130.69,5,560071,Domlur,Bangalore
SHP000250,M001,ORD003774,Delhivery,failed_delivery,1,no,74.77,8,560037,Marathahalli,Bangalore
SHP000251,M001,ORD001135,Shiprocket,delivered,2,no,135.12,5,560103,Bellandur,Bangalore
SHP000252,M001,ORD002659,Ecom Express,delivered,1,no,129.35,3,560035,Sarjapur Road,Bangalore
SHP000253,M001,ORD003105,Ecom Express,failed_delivery,1,no,109.21,6,560004,Basavanagudi,Bangalore
SHP000254,M001,ORD001072,Ecom Express,delivered,1,no,74.55,5,560034,Koramangala,Bangalore
SHP000255,M001,ORD004118,Xpressbees,rto,2,yes,94.26,7,560038,Indiranagar,Bangalore
SHP000256,M001,ORD001292,Delhivery,delivered,1,no,45.49,1,560037,Brookefield,Bangalore
SHP000257,M001,ORD002831,BlueDart,delivered,1,no,120.51,3,560103,Bellandur,Bangalore
SHP000258,M001,ORD004093,Delhivery,delivered,2,no,122.12,2,560036,KR Puram,Bangalore
SHP000259,M001,ORD001904,BlueDart,delivered,1,no,137.5,3,560041,Jayanagar,Bangalore
SHP000260,M001,ORD002884,Delhivery,delivered,1,no,47.73,5,560102,HSR Layout,Bangalore
SHP000261,M001,ORD002878,Shiprocket,delivered,1,no,124.9,4,560034,Koramangala,Bangalore
SHP000262,M001,ORD002975,Shiprocket,delivered,1,no,78.37,5,560041,Jayanagar,Bangalore
SHP000263,M001,ORD000154,Xpressbees,delivered,1,no,135.84,1,560003,Malleshwaram,Bangalore
SHP000264,M001,ORD003899,Shiprocket,delivered,1,no,106.93,3,560071,Domlur,Bangalore
SHP000265,M001,ORD000620,BlueDart,in_transit,1,no,96.4,2,560037,Marathahalli,Bangalore
SHP000266,M001,ORD004437,Xpressbees,delivered,1,no,154.7,3,560058,Peenya,Bangalore
SHP000267,M001,ORD002568,Xpressbees,failed_delivery,1,no,87.81,4,560103,Bellandur,Bangalore
SHP000268,M001,ORD001771,Delhivery,delivered,1,no,87.6,5,560048,Mahadevapura,Bangalore
SHP000269,M001,ORD003160,Delhivery,delivered,1,no,189.73,3,560100,Electronic City,Bangalore
SHP000270,M001,ORD004925,Delhivery,delivered,1,no,129.19,4,560103,Bellandur,Bangalore
SHP000271,M001,ORD003173,BlueDart,failed_delivery,1,no,72.93,6,560034,Koramangala,Bangalore
SHP000272,M001,ORD001658,Xpressbees,in_transit,2,no,127.29,4,560102,HSR Layout,Bangalore
SHP000273,M001,ORD002889,BlueDart,delivered,1,no,55.51,4,560024,Hebbal,Bangalore
SHP000274,M001,ORD000433,Shiprocket,in_transit,1,no,145.14,1,560071,Domlur,Bangalore
SHP000275,M001,ORD002633,Ecom Express,delivered,2,no,135.88,3,560102,HSR Layout,Bangalore
SHP000276,M001,ORD003638,Xpressbees,delivered,1,no,123.4,2,560038,Indiranagar,Bangalore
SHP000277,M001,ORD001601,BlueDart,in_transit,1,no,210.76,1,560100,Electronic City,Bangalore
SHP000278,M001,ORD002632,BlueDart,delivered,2,no,83.34,3,560066,Whitefield,Bangalore
SHP000279,M001,ORD004947,Xpressbees,delivered,1,no,111.37,1,560003,Malleshwaram,Bangalore
SHP000280,M001,ORD000489,Shiprocket,in_transit,1,no,46.09,1,560103,Bellandur,Bangalore
SHP000281,M001,ORD003424,Xpressbees,delivered,1,no,93.73,2,560037,Marathahalli,Bangalore
SHP000282,M001,ORD004918,Ecom Express,delivered,1,no,138.53,3,560078,JP Nagar,Bangalore
SHP000283,M001,ORD004071,Ecom Express,delivered,1,no,171.95,4,560035,Sarjapur Road,Bangalore
SHP000284,M001,ORD000108,Ecom Express,rto,2,yes,209.94,7,560100,Electronic City,Bangalore
SHP000285,M001,ORD003409,Xpressbees,delivered,1,no,125.47,1,560024,Hebbal,Bangalore
SHP000286,M001,ORD000642,Delhivery,delivered,1,no,68.23,1,560098,RR Nagar,Bangalore
SHP000287,M001,ORD000559,Delhivery,in_transit,1,no,131.8,4,560037,Marathahalli,Bangalore
SHP000288,M001,ORD003229,Shiprocket,delivered,1,no,166.25,4,560100,Electronic City,Bangalore
SHP000289,M001,ORD003749,Ecom Express,delivered,1,no,61.09,4,560036,KR Puram,Bangalore
SHP000290,M001,ORD002284,Ecom Express,delivered,1,no,128.28,4,560064,Jakkur,Bangalore
SHP000291,M001,ORD004666,Delhivery,in_transit,1,no,136.43,3,560066,Whitefield,Bangalore
SHP000292,M001,ORD002914,Shiprocket,failed_delivery,3,no,95.0,7,560066,Whitefield,Bangalore
SHP000293,M001,ORD002089,Delhivery,in_transit,1,no,117.09,1,560041,Jayanagar,Bangalore
SHP000294,M001,ORD004739,Delhivery,failed_delivery,2,no,62.47,5,560037,Marathahalli,Bangalore
SHP000295,M001,ORD003892,Shiprocket,failed_delivery,1,no,128.46,6,560066,Whitefield,Bangalore
SHP000296,M001,ORD002792,Delhivery,delivered,2,no,137.73,1,560037,Brookefield,Bangalore
SHP000297,M001,ORD000826,Ecom Express,delivered,2,no,49.86,5,560034,Koramangala,Bangalore
SHP000298,M001,ORD000317,Ecom Express,delivered,3,no,105.11,4,560066,Whitefield,Bangalore
SHP000299,M001,ORD004636,Shiprocket,delivered,1,no,46.83,2,560103,Bellandur,Bangalore
SHP000300,M001,ORD004330,Ecom Express,in_transit,1,no,100.95,3,560103,Bellandur,Bangalore
SHP000301,M001,ORD000119,Delhivery,failed_delivery,1,no,46.11,3,560037,Brookefield,Bangalore
SHP000302,M001,ORD003170,Shiprocket,rto,3,yes,107.39,8,560017,Old Airport Road,Bangalore
SHP000303,M001,ORD004043,BlueDart,in_transit,1,no,107.74,1,560098,RR Nagar,Bangalore
SHP000304,M001,ORD003167,Ecom Express,delivered,2,no,126.61,3,560003,Malleshwaram,Bangalore
SHP000305,M001,ORD000688,Delhivery,delivered,1,no,90.91,4,560001,MG Road,Bangalore
SHP000306,M001,ORD000961,Xpressbees,delivered,2,no,91.56,5,560034,Koramangala,Bangalore
SHP000307,M001,ORD001995,Ecom Express,delivered,1,no,61.53,1,560037,Brookefield,Bangalore
SHP000308,M001,ORD001215,BlueDart,delivered,2,no,82.88,4,560037,Marathahalli,Bangalore
SHP000309,M001,ORD002510,Shiprocket,in_transit,1,no,48.69,3,560103,Bellandur,Bangalore
SHP000310,M001,ORD002457,BlueDart,delivered,2,no,139.31,3,560035,Sarjapur Road,Bangalore
SHP000311,M001,ORD002823,Xpressbees,in_transit,2,no,129.94,3,560071,Domlur,Bangalore
SHP000312,M001,ORD000102,Shiprocket,in_transit,1,no,77.26,2,560103,Bellandur,Bangalore
SHP000313,M001,ORD004643,BlueDart,delivered,1,no,166.8,5,560100,Electronic City,Bangalore
SHP000314,M001,ORD001068,BlueDart,in_transit,1,no,122.51,3,560102,HSR Layout,Bangalore
SHP000315,M001,ORD004440,Delhivery,delivered,1,no,131.75,4,560100,Electronic City,Bangalore
SHP000316,M001,ORD001618,Ecom Express,delivered,1,no,135.38,1,560034,Koramangala,Bangalore
SHP000317,M001,ORD004584,BlueDart,delivered,1,no,128.33,5,560103,Bellandur,Bangalore
SHP000318,M001,ORD002812,Xpressbees,delivered,1,no,117.57,1,560066,Whitefield,Bangalore
SHP000319,M001,ORD004433,Ecom Express,delivered,1,no,50.35,1,560103,Bellandur,Bangalore
SHP000320,M001,ORD001465,Delhivery,delivered,1,no,137.32,5,560038,Indiranagar,Bangalore
SHP000321,M001,ORD001456,Ecom Express,delivered,1,no,117.87,3,560048,Mahadevapura,Bangalore
SHP000322,M001,ORD004594,BlueDart,rto,3,yes,104.22,4,560004,Basavanagudi,Bangalore
SHP000323,M001,ORD002829,BlueDart,failed_delivery,1,no,53.43,3,560017,Old Airport Road,Bangalore
SHP000324,M001,ORD002904,Shiprocket,delivered,1,no,53.14,2,560038,Indiranagar,Bangalore
SHP000325,M001,ORD001093,Shiprocket,delivered,1,no,120.88,2,560037,Marathahalli,Bangalore
SHP000326,M001,ORD003550,Delhivery,failed_delivery,2,no,124.27,9,560034,Koramangala,Bangalore
SHP000327,M001,ORD004030,Shiprocket,delivered,2,no,108.0,5,560034,Koramangala,Bangalore
SHP000328,M001,ORD000614,BlueDart,failed_delivery,2,no,117.57,6,560076,BTM Layout,Bangalore
SHP000329,M001,ORD001461,BlueDart,delivered,1,no,66.36,4,560034,Koramangala,Bangalore
SHP000330,M001,ORD004600,Ecom Express,delivered,1,no,92.13,4,560048,Mahadevapura,Bangalore
SHP000331,M001,ORD003587,BlueDart,delivered,1,no,144.43,2,560102,HSR Layout,Bangalore
SHP000332,M001,ORD003487,Ecom Express,delivered,1,no,144.91,1,560038,Indiranagar,Bangalore
SHP000333,M001,ORD002390,Xpressbees,delivered,1,no,74.88,4,560038,Indiranagar,Bangalore
SHP000334,M001,ORD004143,Shiprocket,in_transit,1,no,60.6,2,560102,HSR Layout,Bangalore
SHP000335,M001,ORD003765,Delhivery,delivered,1,no,75.67,4,560008,Ulsoor,Bangalore
SHP000336,M001,ORD001882,Ecom Express,failed_delivery,3,no,52.73,4,560066,Whitefield,Bangalore
SHP000337,M001,ORD004916,Shiprocket,delivered,1,no,138.48,4,560071,Domlur,Bangalore
SHP000338,M001,ORD001353,BlueDart,delivered,1,no,146.4,4,560017,Old Airport Road,Bangalore
SHP000339,M001,ORD001492,Delhivery,rto,2,yes,72.17,8,560102,HSR Layout,Bangalore
SHP000340,M001,ORD000861,Ecom Express,in_transit,2,no,55.3,2,560040,Vijayanagar,Bangalore
SHP000341,M001,ORD002868,Shiprocket,in_transit,2,no,58.13,2,560066,Whitefield,Bangalore
SHP000342,M001,ORD003929,BlueDart,delivered,1,no,138.47,5,560048,Mahadevapura,Bangalore
SHP000343,M001,ORD000035,Delhivery,delivered,2,no,130.08,3,560037,Marathahalli,Bangalore
SHP000344,M001,ORD002551,BlueDart,rto,2,yes,203.1,7,560035,Sarjapur Road,Bangalore
SHP000345,M001,ORD004255,Ecom Express,failed_delivery,1,no,88.0,7,560037,Marathahalli,Bangalore
SHP000346,M001,ORD001012,Ecom Express,rto,1,yes,122.95,3,560102,HSR Layout,Bangalore
SHP000347,M001,ORD004207,Shiprocket,delivered,1,no,88.98,3,560066,Whitefield,Bangalore
SHP000348,M001,ORD000457,BlueDart,delivered,1,no,87.96,1,560035,Sarjapur Road,Bangalore
SHP000349,M001,ORD004549,Delhivery,rto,3,yes,122.22,8,560100,Electronic City,Bangalore
SHP000350,M001,ORD001478,Xpressbees,delivered,3,no,190.29,1,560035,Sarjapur Road,Bangalore
SHP000351,M001,ORD004620,Ecom Express,delivered,1,no,69.65,5,560103,Bellandur,Bangalore
SHP000352,M001,ORD003592,Xpressbees,rto,2,yes,142.44,4,560038,Indiranagar,Bangalore
SHP000353,M001,ORD000214,Delhivery,delivered,1,no,145.49,1,560078,JP Nagar,Bangalore
SHP000354,M001,ORD004357,Delhivery,delivered,3,no,142.6,2,560103,Bellandur,Bangalore
SHP000355,M001,ORD001263,BlueDart,delivered,1,no,136.99,4,560066,Whitefield,Bangalore
SHP000356,M001,ORD003489,Shiprocket,delivered,1,no,135.6,3,560037,Brookefield,Bangalore
SHP000357,M001,ORD001010,Ecom Express,rto,2,yes,108.0,7,560037,Marathahalli,Bangalore
SHP000358,M001,ORD004906,BlueDart,delivered,1,no,107.38,4,560034,Koramangala,Bangalore
SHP000359,M001,ORD004629,Ecom Express,delivered,1,no,151.88,1,560035,Sarjapur Road,Bangalore
SHP000360,M001,ORD004700,BlueDart,delivered,3,no,92.66,2,560066,Whitefield,Bangalore
SHP000361,M001,ORD002907,Ecom Express,rto,3,yes,120.46,9,560034,Koramangala,Bangalore
SHP000362,M001,ORD000037,BlueDart,delivered,1,no,141.56,4,560037,Marathahalli,Bangalore
SHP000363,M001,ORD000508,Ecom Express,rto,2,yes,127.49,3,560035,Sarjapur Road,Bangalore
SHP000364,M001,ORD001677,Delhivery,delivered,2,no,143.97,5,560085,Banashankari,Bangalore
SHP000365,M001,ORD002134,Xpressbees,failed_delivery,1,no,175.19,8,560058,Peenya,Bangalore
SHP000366,M001,ORD003097,Ecom Express,in_transit,2,no,131.49,1,560076,BTM Layout,Bangalore
SHP000367,M001,ORD002041,Shiprocket,delivered,2,no,89.93,1,560008,Ulsoor,Bangalore
SHP000368,M001,ORD000502,BlueDart,in_transit,1,no,67.06,3,560037,Marathahalli,Bangalore
SHP000369,M001,ORD004001,Ecom Express,delivered,1,no,159.71,5,560060,Kengeri,Bangalore
SHP000370,M001,ORD002727,Xpressbees,delivered,1,no,101.09,2,560017,Old Airport Road,Bangalore
SHP000371,M001,ORD004590,Xpressbees,delivered,1,no,46.12,3,560034,Koramangala,Bangalore
SHP000372,M001,ORD000365,Ecom Express,delivered,2,no,111.55,2,560078,JP Nagar,Bangalore
SHP000373,M001,ORD003663,Shiprocket,delivered,1,no,82.45,5,560102,HSR Layout,Bangalore
SHP000374,M001,ORD000177,Ecom Express,delivered,2,no,66.41,1,560034,Koramangala,Bangalore
SHP000375,M001,ORD001502,Xpressbees,in_transit,3,no,77.64,3,560037,Brookefield,Bangalore
SHP000376,M001,ORD003284,BlueDart,in_transit,2,no,54.81,4,560001,MG Road,Bangalore
SHP000377,M001,ORD002275,Shiprocket,delivered,1,no,139.01,1,560037,Marathahalli,Bangalore
SHP000378,M001,ORD001751,Xpressbees,delivered,1,no,138.16,4,560037,Marathahalli,Bangalore
SHP000379,M001,ORD002974,Ecom Express,delivered,1,no,59.46,2,560034,Koramangala,Bangalore
SHP000380,M001,ORD001966,Xpressbees,delivered,1,no,76.05,2,560103,Bellandur,Bangalore
SHP000381,M001,ORD000717,Delhivery,failed_delivery,2,no,59.75,9,560066,Whitefield,Bangalore
SHP000382,M001,ORD004845,BlueDart,failed_delivery,2,no,166.47,3,560035,Sarjapur Road,Bangalore
SHP000383,M001,ORD003027,Delhivery,delivered,1,no,110.48,5,560076,Bannerghatta Road,Bangalore
SHP000384,M001,ORD000670,BlueDart,delivered,1,no,146.47,2,560037,Brookefield,Bangalore
SHP000385,M001,ORD003609,BlueDart,delivered,1,no,107.79,4,560064,Jakkur,Bangalore
SHP000386,M001,ORD000570,BlueDart,delivered,1,no,170.1,3,560060,Kengeri,Bangalore
SHP000387,M001,ORD003485,Shiprocket,rto,3,yes,83.58,5,560034,Koramangala,Bangalore
SHP000388,M001,ORD002933,Delhivery,delivered,2,no,81.37,3,560103,Bellandur,Bangalore
SHP000389,M001,ORD001277,BlueDart,delivered,2,no,144.74,1,560100,Electronic City,Bangalore
SHP000390,M001,ORD002209,BlueDart,delivered,1,no,141.38,1,560008,Ulsoor,Bangalore
SHP000391,M001,ORD004234,Shiprocket,rto,2,yes,107.45,6,560102,HSR Layout,Bangalore
SHP000392,M001,ORD000602,Xpressbees,in_transit,1,no,62.95,2,560076,Bannerghatta Road,Bangalore
SHP000393,M001,ORD003392,BlueDart,delivered,1,no,61.95,2,560066,Whitefield,Bangalore
SHP000394,M001,ORD004354,Xpressbees,delivered,1,no,123.1,4,560076,Bannerghatta Road,Bangalore
SHP000395,M001,ORD000236,BlueDart,delivered,1,no,119.98,4,560064,Yelahanka,Bangalore
SHP000396,M001,ORD004756,Shiprocket,delivered,1,no,57.86,4,560103,Bellandur,Bangalore
SHP000397,M001,ORD001655,Delhivery,delivered,1,no,129.84,3,560048,Mahadevapura,Bangalore
SHP000398,M001,ORD002043,Shiprocket,delivered,3,no,86.49,3,560037,Brookefield,Bangalore
SHP000399,M001,ORD002794,Ecom Express,rto,2,yes,146.23,7,560103,Bellandur,Bangalore
SHP000400,M001,ORD002799,BlueDart,delivered,1,no,50.23,2,560008,Ulsoor,Bangalore
SHP000401,M001,ORD004284,BlueDart,failed_delivery,2,no,84.51,6,560003,Malleshwaram,Bangalore
SHP000402,M001,ORD004150,Shiprocket,delivered,1,no,104.36,5,560048,Mahadevapura,Bangalore
SHP000403,M001,ORD003438,Ecom Express,delivered,1,no,140.02,4,560034,Koramangala,Bangalore
SHP000404,M001,ORD004504,Ecom Express,in_transit,1,no,143.76,2,560024,Hebbal,Bangalore
SHP000405,M001,ORD002357,Xpressbees,delivered,1,no,142.3,1,560100,Electronic City,Bangalore
SHP000406,M001,ORD004049,Delhivery,delivered,1,no,114.88,1,560003,Malleshwaram,Bangalore
SHP000407,M001,ORD003877,Delhivery,failed_delivery,3,no,60.31,7,560102,HSR Layout,Bangalore
SHP000408,M001,ORD000201,Shiprocket,delivered,1,no,110.89,4,560037,Marathahalli,Bangalore
SHP000409,M001,ORD002844,Delhivery,delivered,2,no,95.59,3,560038,Indiranagar,Bangalore
SHP000410,M001,ORD003589,Delhivery,delivered,2,no,50.05,2,560001,MG Road,Bangalore
SHP000411,M001,ORD002908,Shiprocket,delivered,2,no,116.67,1,560048,Mahadevapura,Bangalore
SHP000412,M001,ORD003977,Ecom Express,delivered,3,no,147.76,4,560037,Marathahalli,Bangalore
SHP000413,M001,ORD000445,Xpressbees,rto,3,yes,141.68,7,560035,Sarjapur Road,Bangalore
SHP000414,M001,ORD002156,Delhivery,delivered,1,no,91.97,3,560037,Brookefield,Bangalore
SHP000415,M001,ORD001214,Xpressbees,in_transit,1,no,94.42,3,560004,Basavanagudi,Bangalore
SHP000416,M001,ORD002225,Shiprocket,delivered,2,no,126.78,1,560076,BTM Layout,Bangalore
SHP000417,M001,ORD002379,BlueDart,delivered,3,no,116.17,5,560034,Koramangala,Bangalore
SHP000418,M001,ORD001886,Shiprocket,in_transit,1,no,147.97,4,560004,Basavanagudi,Bangalore
SHP000419,M001,ORD001471,BlueDart,delivered,2,no,122.36,4,560041,Jayanagar,Bangalore
SHP000420,M001,ORD002078,Xpressbees,delivered,1,no,129.81,3,560034,Koramangala,Bangalore
SHP000421,M001,ORD000260,BlueDart,delivered,1,no,126.93,2,560100,Electronic City,Bangalore
SHP000422,M001,ORD001034,BlueDart,delivered,3,no,121.45,3,560008,Ulsoor,Bangalore
SHP000423,M001,ORD003949,BlueDart,delivered,1,no,80.78,5,560037,Brookefield,Bangalore
SHP000424,M001,ORD004665,Delhivery,delivered,1,no,105.93,2,560103,Bellandur,Bangalore
SHP000425,M001,ORD003318,BlueDart,delivered,2,no,106.36,2,560036,KR Puram,Bangalore
SHP000426,M001,ORD003547,Shiprocket,delivered,3,no,68.7,2,560066,Whitefield,Bangalore
SHP000427,M001,ORD004139,Xpressbees,delivered,1,no,48.63,3,560037,Brookefield,Bangalore
SHP000428,M001,ORD003282,Shiprocket,delivered,1,no,48.85,1,560034,Koramangala,Bangalore
SHP000429,M001,ORD001580,Ecom Express,delivered,1,no,78.51,3,560037,Marathahalli,Bangalore
SHP000430,M001,ORD001988,Xpressbees,in_transit,1,no,136.13,1,560103,Bellandur,Bangalore
SHP000431,M001,ORD001350,Shiprocket,delivered,2,no,98.24,2,560038,Indiranagar,Bangalore
SHP000432,M001,ORD004895,Delhivery,delivered,2,no,54.86,1,560071,Domlur,Bangalore
SHP000433,M001,ORD004610,Shiprocket,in_transit,2,no,63.76,4,560036,KR Puram,Bangalore
SHP000434,M001,ORD000783,Xpressbees,delivered,1,no,83.56,5,560066,Whitefield,Bangalore
SHP000435,M001,ORD001721,Delhivery,delivered,1,no,83.53,5,560036,KR Puram,Bangalore
SHP000436,M001,ORD004917,Xpressbees,delivered,2,no,171.69,5,560100,Electronic City,Bangalore
SHP000437,M001,ORD003873,Delhivery,delivered,1,no,100.04,2,560036,KR Puram,Bangalore
SHP000438,M001,ORD003797,BlueDart,in_transit,1,no,79.9,1,560098,RR Nagar,Bangalore
SHP000439,M001,ORD000988,Delhivery,delivered,1,no,69.86,1,560037,Marathahalli,Bangalore
SHP000440,M001,ORD004168,Ecom Express,rto,3,yes,66.79,7,560024,Hebbal,Bangalore
SHP000441,M001,ORD002210,Xpressbees,delivered,1,no,110.69,3,560103,Bellandur,Bangalore
SHP000442,M001,ORD001485,Shiprocket,delivered,2,no,122.19,3,560008,Ulsoor,Bangalore
SHP000443,M001,ORD001891,Delhivery,delivered,1,no,137.35,3,560048,Mahadevapura,Bangalore
SHP000444,M001,ORD004510,Xpressbees,delivered,2,no,60.26,3,560004,Basavanagudi,Bangalore
SHP000445,M001,ORD003200,Shiprocket,failed_delivery,2,no,135.2,3,560066,Whitefield,Bangalore
SHP000446,M001,ORD003746,Ecom Express,delivered,2,no,54.22,3,560036,KR Puram,Bangalore
SHP000447,M001,ORD000931,Ecom Express,delivered,1,no,131.57,4,560100,Electronic City,Bangalore
SHP000448,M001,ORD002960,BlueDart,delivered,1,no,85.06,3,560103,Bellandur,Bangalore
SHP000449,M001,ORD003517,BlueDart,delivered,1,no,60.34,5,560102,HSR Layout,Bangalore
SHP000450,M001,ORD001597,Delhivery,delivered,1,no,97.46,3,560037,Marathahalli,Bangalore
SHP000451,M001,ORD001155,Delhivery,failed_delivery,1,no,142.05,8,560100,Electronic City,Bangalore
SHP000452,M001,ORD001293,Shiprocket,delivered,2,no,103.91,1,560008,Ulsoor,Bangalore
SHP000453,M001,ORD002182,Ecom Express,failed_delivery,1,no,125.83,6,560100,Electronic City,Bangalore
SHP000454,M001,ORD000737,Delhivery,delivered,1,no,150.89,1,560100,Electronic City,Bangalore
SHP000455,M001,ORD001964,BlueDart,delivered,2,no,62.06,3,560008,Ulsoor,Bangalore
SHP000456,M001,ORD003327,Xpressbees,delivered,1,no,83.51,4,560010,Rajajinagar,Bangalore
SHP000457,M001,ORD001674,Xpressbees,delivered,1,no,108.58,4,560037,Marathahalli,Bangalore
SHP000458,M001,ORD003713,BlueDart,delivered,1,no,54.42,2,560102,HSR Layout,Bangalore
SHP000459,M001,ORD000784,Shiprocket,delivered,1,no,52.08,2,560034,Koramangala,Bangalore
SHP000460,M001,ORD004881,Shiprocket,delivered,1,no,123.0,5,560048,Mahadevapura,Bangalore
SHP000461,M001,ORD003466,Xpressbees,in_transit,2,no,56.31,3,560037,Marathahalli,Bangalore
SHP000462,M001,ORD001200,BlueDart,in_transit,1,no,128.25,2,560037,Brookefield,Bangalore
SHP000463,M001,ORD001884,BlueDart,delivered,1,no,143.61,4,560037,Brookefield,Bangalore
SHP000464,M001,ORD000969,Shiprocket,delivered,1,no,122.75,2,560060,Kengeri,Bangalore
SHP000465,M001,ORD004731,Xpressbees,delivered,1,no,98.41,3,560034,Koramangala,Bangalore
SHP000466,M001,ORD002687,Ecom Express,delivered,1,no,197.18,1,560100,Electronic City,Bangalore
SHP000467,M001,ORD003130,Shiprocket,in_transit,3,no,75.93,1,560034,Koramangala,Bangalore
SHP000468,M001,ORD002685,BlueDart,in_transit,1,no,95.28,3,560008,Ulsoor,Bangalore
SHP000469,M001,ORD002702,Shiprocket,delivered,2,no,126.63,4,560066,Whitefield,Bangalore
SHP000470,M001,ORD000089,BlueDart,delivered,1,no,137.99,4,560066,Whitefield,Bangalore
SHP000471,M001,ORD000919,Delhivery,delivered,1,no,114.67,5,560060,Kengeri,Bangalore
SHP000472,M001,ORD004441,BlueDart,delivered,3,no,82.47,4,560008,Ulsoor,Bangalore
SHP000473,M001,ORD004323,Ecom Express,in_transit,1,no,148.07,2,560037,Marathahalli,Bangalore
SHP000474,M001,ORD000456,Shiprocket,delivered,2,no,123.12,4,560103,Bellandur,Bangalore
SHP000475,M001,ORD002370,Delhivery,delivered,1,no,150.83,5,560100,Electronic City,Bangalore
SHP000476,M001,ORD004581,Delhivery,delivered,2,no,51.39,3,560103,Bellandur,Bangalore
SHP000477,M001,ORD002491,Shiprocket,failed_delivery,3,no,82.43,7,560102,HSR Layout,Bangalore
SHP000478,M001,ORD000482,Shiprocket,delivered,1,no,116.29,2,560037,Brookefield,Bangalore
SHP000479,M001,ORD001780,Ecom Express,delivered,1,no,143.05,3,560037,Brookefield,Bangalore
SHP000480,M001,ORD000017,Shiprocket,delivered,1,no,90.85,5,560100,Electronic City,Bangalore
SHP000481,M001,ORD001078,Xpressbees,delivered,1,no,138.62,4,560035,Sarjapur Road,Bangalore
SHP000482,M001,ORD002227,Delhivery,delivered,1,no,59.92,3,560048,Mahadevapura,Bangalore
SHP000483,M001,ORD004400,BlueDart,in_transit,1,no,116.49,4,560001,MG Road,Bangalore
SHP000484,M001,ORD004031,Shiprocket,delivered,1,no,121.68,1,560103,Bellandur,Bangalore
SHP000485,M001,ORD004682,Delhivery,in_transit,1,no,46.26,1,560103,Bellandur,Bangalore
SHP000486,M001,ORD002893,Ecom Express,rto,1,yes,60.47,9,560034,Koramangala,Bangalore
SHP000487,M001,ORD003428,Xpressbees,delivered,1,no,137.7,3,560066,Whitefield,Bangalore
SHP000488,M001,ORD004847,Shiprocket,rto,1,yes,114.53,6,560064,Jakkur,Bangalore
SHP000489,M001,ORD000355,BlueDart,delivered,1,no,94.37,5,560100,Electronic City,Bangalore
SHP000490,M001,ORD002117,Shiprocket,delivered,1,no,63.88,3,560037,Marathahalli,Bangalore
SHP000491,M001,ORD001464,Delhivery,in_transit,1,no,71.65,2,560040,Vijayanagar,Bangalore
SHP000492,M001,ORD002949,Shiprocket,rto,3,yes,99.49,4,560034,Koramangala,Bangalore
SHP000493,M001,ORD003594,Delhivery,delivered,3,no,187.28,3,560100,Electronic City,Bangalore
SHP000494,M001,ORD002544,Delhivery,failed_delivery,1,no,136.4,4,560102,HSR Layout,Bangalore
SHP000495,M001,ORD003342,Delhivery,delivered,2,no,53.87,4,560048,Mahadevapura,Bangalore
SHP000496,M001,ORD001408,Shiprocket,rto,3,yes,84.39,6,560048,Mahadevapura,Bangalore
SHP000497,M001,ORD001466,BlueDart,delivered,1,no,106.55,1,560048,Mahadevapura,Bangalore
SHP000498,M001,ORD004806,Ecom Express,delivered,1,no,54.3,1,560037,Marathahalli,Bangalore
SHP000499,M001,ORD004382,Delhivery,delivered,2,no,146.83,4,560008,Ulsoor,Bangalore
SHP000500,M001,ORD003831,Shiprocket,delivered,1,no,128.87,4,560066,Whitefield,Bangalore
SHP000501,M001,ORD000778,BlueDart,failed_delivery,1,no,116.81,3,560064,Jakkur,Bangalore
SHP000502,M001,ORD002955,Delhivery,delivered,1,no,135.15,3,560037,Brookefield,Bangalore
SHP000503,M001,ORD003715,BlueDart,delivered,1,no,53.36,4,560037,Brookefield,Bangalore
SHP000504,M001,ORD000394,Delhivery,delivered,1,no,126.94,3,560100,Electronic City,Bangalore
SHP000505,M001,ORD000567,Ecom Express,delivered,1,no,88.7,2,560071,Domlur,Bangalore
SHP000506,M001,ORD000441,Delhivery,delivered,1,no,126.88,4,560037,Marathahalli,Bangalore
SHP000507,M001,ORD003946,Delhivery,delivered,1,no,107.23,1,560103,Bellandur,Bangalore
SHP000508,M001,ORD004923,Ecom Express,delivered,2,no,59.35,1,560034,Koramangala,Bangalore
SHP000509,M001,ORD002609,Ecom Express,in_transit,1,no,100.35,1,560036,KR Puram,Bangalore
SHP000510,M001,ORD002371,BlueDart,delivered,1,no,55.88,2,560103,Bellandur,Bangalore
SHP000511,M001,ORD000765,Delhivery,rto,2,yes,58.86,4,560034,Koramangala,Bangalore
SHP000512,M001,ORD003724,Shiprocket,in_transit,3,no,100.42,4,560008,Ulsoor,Bangalore
SHP000513,M001,ORD004497,BlueDart,in_transit,1,no,65.3,2,560103,Bellandur,Bangalore
SHP000514,M001,ORD002138,BlueDart,delivered,1,no,107.97,4,560071,Domlur,Bangalore
SHP000515,M001,ORD002012,Xpressbees,rto,3,yes,149.6,4,560064,Jakkur,Bangalore
SHP000516,M001,ORD004198,BlueDart,in_transit,3,no,128.65,1,560038,Indiranagar,Bangalore
SHP000517,M001,ORD001230,Delhivery,delivered,1,no,132.1,3,560103,Bellandur,Bangalore
SHP000518,M001,ORD002684,Xpressbees,delivered,2,no,84.88,4,560102,HSR Layout,Bangalore
SHP000519,M001,ORD001049,Ecom Express,delivered,1,no,106.04,1,560103,Bellandur,Bangalore
SHP000520,M001,ORD004670,Xpressbees,delivered,1,no,123.51,2,560017,Old Airport Road,Bangalore
SHP000521,M001,ORD000794,Shiprocket,rto,2,yes,123.99,9,560100,Electronic City,Bangalore
SHP000522,M001,ORD003729,Ecom Express,delivered,1,no,151.29,2,560064,Yelahanka,Bangalore
SHP000523,M001,ORD002010,Xpressbees,delivered,1,no,53.8,4,560102,HSR Layout,Bangalore
SHP000524,M001,ORD001738,Xpressbees,delivered,1,no,60.83,1,560001,MG Road,Bangalore
SHP000525,M001,ORD003858,Xpressbees,delivered,3,no,69.72,4,560034,Koramangala,Bangalore
SHP000526,M001,ORD003922,Ecom Express,delivered,1,no,101.33,5,560037,Marathahalli,Bangalore
SHP000527,M001,ORD003960,Delhivery,rto,1,yes,96.4,7,560066,Whitefield,Bangalore
SHP000528,M001,ORD003848,Xpressbees,in_transit,2,no,116.89,2,560003,Malleshwaram,Bangalore
SHP000529,M001,ORD000368,Shiprocket,in_transit,2,no,195.32,4,560064,Yelahanka,Bangalore
SHP000530,M001,ORD004276,BlueDart,delivered,1,no,80.33,4,560037,Brookefield,Bangalore
SHP000531,M001,ORD001907,Xpressbees,delivered,2,no,174.72,3,560064,Yelahanka,Bangalore
SHP000532,M001,ORD002690,Ecom Express,delivered,1,no,130.38,2,560100,Electronic City,Bangalore
SHP000533,M001,ORD002383,Delhivery,delivered,1,no,71.6,5,560103,Bellandur,Bangalore
SHP000534,M001,ORD004553,Delhivery,rto,2,yes,115.34,9,560102,HSR Layout,Bangalore
SHP000535,M001,ORD003973,Shiprocket,delivered,2,no,121.67,5,560103,Bellandur,Bangalore
SHP000536,M001,ORD002044,Ecom Express,delivered,1,no,135.46,2,560036,KR Puram,Bangalore
SHP000537,M001,ORD000963,Ecom Express,delivered,1,no,97.56,4,560098,RR Nagar,Bangalore
SHP000538,M001,ORD003548,Delhivery,delivered,1,no,137.22,2,560010,Rajajinagar,Bangalore
SHP000539,M001,ORD000542,Delhivery,delivered,1,no,125.87,5,560103,Bellandur,Bangalore
SHP000540,M001,ORD001956,Delhivery,delivered,1,no,112.91,3,560066,Whitefield,Bangalore
SHP000541,M001,ORD003199,Xpressbees,rto,1,yes,148.54,3,560066,Whitefield,Bangalore
SHP000542,M001,ORD002744,Delhivery,failed_delivery,3,no,55.51,3,560008,Ulsoor,Bangalore
SHP000543,M001,ORD003763,Xpressbees,delivered,1,no,142.7,4,560037,Marathahalli,Bangalore
SHP000544,M001,ORD002995,Delhivery,delivered,1,no,155.03,5,560064,Yelahanka,Bangalore
SHP000545,M001,ORD003024,BlueDart,delivered,1,no,61.15,4,560066,Whitefield,Bangalore
SHP000546,M001,ORD004182,BlueDart,delivered,1,no,128.97,2,560001,MG Road,Bangalore
SHP000547,M001,ORD004019,Shiprocket,delivered,1,no,132.76,1,560004,Basavanagudi,Bangalore
SHP000548,M001,ORD000042,Ecom Express,failed_delivery,3,no,163.46,3,560100,Electronic City,Bangalore
SHP000549,M001,ORD004946,BlueDart,delivered,1,no,104.97,3,560037,Marathahalli,Bangalore
SHP000550,M001,ORD000326,Shiprocket,failed_delivery,3,no,69.49,7,560071,Domlur,Bangalore
SHP000551,M001,ORD004271,BlueDart,in_transit,1,no,49.48,1,560078,JP Nagar,Bangalore
SHP000552,M001,ORD004172,Delhivery,failed_delivery,1,no,50.26,9,560102,HSR Layout,Bangalore
SHP000553,M001,ORD000507,BlueDart,delivered,1,no,105.38,1,560078,JP Nagar,Bangalore
SHP000554,M001,ORD000979,Xpressbees,in_transit,1,no,75.4,2,560048,Mahadevapura,Bangalore
SHP000555,M001,ORD004892,BlueDart,failed_delivery,3,no,80.62,8,560034,Koramangala,Bangalore
SHP000556,M001,ORD003256,Xpressbees,delivered,1,no,87.99,3,560037,Marathahalli,Bangalore
SHP000557,M001,ORD001169,BlueDart,delivered,1,no,119.95,2,560003,Malleshwaram,Bangalore
SHP000558,M001,ORD002406,Delhivery,delivered,1,no,78.37,1,560066,Whitefield,Bangalore
SHP000559,M001,ORD004935,BlueDart,delivered,2,no,94.19,4,560024,Hebbal,Bangalore
SHP000560,M001,ORD003310,BlueDart,delivered,1,no,61.25,2,560102,HSR Layout,Bangalore
SHP000561,M001,ORD003714,Delhivery,delivered,1,no,107.76,4,560036,KR Puram,Bangalore
SHP000562,M001,ORD004363,Shiprocket,delivered,1,no,51.33,4,560034,Koramangala,Bangalore
SHP000563,M001,ORD001120,Shiprocket,in_transit,1,no,145.96,4,560048,Mahadevapura,Bangalore
SHP000564,M001,ORD001117,Shiprocket,delivered,2,no,105.27,3,560037,Marathahalli,Bangalore
SHP000565,M001,ORD000400,Shiprocket,rto,2,yes,66.02,9,560036,KR Puram,Bangalore
SHP000566,M001,ORD001002,Ecom Express,rto,1,yes,56.28,9,560071,Domlur,Bangalore
SHP000567,M001,ORD003030,Ecom Express,delivered,1,no,132.65,4,560066,Whitefield,Bangalore
SHP000568,M001,ORD002620,Xpressbees,delivered,1,no,169.46,1,560035,Sarjapur Road,Bangalore
SHP000569,M001,ORD000869,Ecom Express,delivered,1,no,120.92,4,560008,Ulsoor,Bangalore
SHP000570,M001,ORD001951,BlueDart,rto,3,yes,78.13,3,560001,MG Road,Bangalore
SHP000571,M001,ORD000121,Ecom Express,failed_delivery,2,no,140.74,4,560100,Electronic City,Bangalore
SHP000572,M001,ORD002951,BlueDart,delivered,1,no,54.32,3,560103,Bellandur,Bangalore
SHP000573,M001,ORD003770,Xpressbees,delivered,1,no,53.05,5,560034,Koramangala,Bangalore
SHP000574,M001,ORD004142,Ecom Express,failed_delivery,3,no,72.29,6,560037,Brookefield,Bangalore
SHP000575,M001,ORD000173,Ecom Express,delivered,1,no,89.19,4,560100,Electronic City,Bangalore
SHP000576,M001,ORD001541,Xpressbees,delivered,1,no,84.87,5,560048,Mahadevapura,Bangalore
SHP000577,M001,ORD002014,Xpressbees,delivered,1,no,53.82,3,560034,Koramangala,Bangalore
SHP000578,M001,ORD003602,Shiprocket,delivered,2,no,102.85,2,560017,Old Airport Road,Bangalore
SHP000579,M001,ORD002393,Ecom Express,delivered,1,no,70.3,4,560098,RR Nagar,Bangalore
SHP000580,M001,ORD001235,Ecom Express,failed_delivery,2,no,145.48,4,560003,Malleshwaram,Bangalore
SHP000581,M001,ORD004696,Xpressbees,rto,2,yes,55.59,5,560037,Marathahalli,Bangalore
SHP000582,M001,ORD001536,BlueDart,delivered,1,no,52.73,1,560037,Marathahalli,Bangalore
SHP000583,M001,ORD004289,Ecom Express,in_transit,1,no,106.11,2,560008,Ulsoor,Bangalore
SHP000584,M001,ORD004861,Xpressbees,in_transit,1,no,54.8,3,560008,Ulsoor,Bangalore
SHP000585,M001,ORD000208,Ecom Express,delivered,2,no,154.32,2,560100,Electronic City,Bangalore
SHP000586,M001,ORD002224,Xpressbees,delivered,1,no,64.35,1,560103,Bellandur,Bangalore
SHP000587,M001,ORD002797,Xpressbees,delivered,1,no,146.47,2,560037,Marathahalli,Bangalore
SHP000588,M001,ORD004362,Ecom Express,in_transit,1,no,74.46,2,560103,Bellandur,Bangalore
SHP000589,M001,ORD000373,Ecom Express,delivered,2,no,135.34,5,560085,Banashankari,Bangalore
SHP000590,M001,ORD002942,Shiprocket,in_transit,1,no,94.76,4,560034,Koramangala,Bangalore
SHP000591,M001,ORD001062,Xpressbees,delivered,1,no,124.56,3,560017,Old Airport Road,Bangalore
SHP000592,M001,ORD004274,Xpressbees,delivered,1,no,57.68,3,560048,Mahadevapura,Bangalore
SHP000593,M001,ORD001511,Ecom Express,in_transit,1,no,118.57,2,560078,JP Nagar,Bangalore
SHP000594,M001,ORD001631,Xpressbees,rto,2,yes,48.09,9,560102,HSR Layout,Bangalore
SHP000595,M001,ORD001801,Delhivery,delivered,1,no,148.78,1,560036,KR Puram,Bangalore
SHP000596,M001,ORD004937,Xpressbees,delivered,2,no,127.4,4,560071,Domlur,Bangalore
SHP000597,M001,ORD003696,Ecom Express,failed_delivery,3,no,50.58,4,560038,Indiranagar,Bangalore
SHP000598,M001,ORD000837,Ecom Express,rto,2,yes,104.2,3,560100,Electronic City,Bangalore
SHP000599,M001,ORD001507,Shiprocket,delivered,1,no,136.36,5,560003,Malleshwaram,Bangalore
SHP000600,M001,ORD001209,Delhivery,delivered,1,no,47.3,1,560036,KR Puram,Bangalore
SHP000601,M001,ORD002166,BlueDart,delivered,1,no,160.22,3,560035,Sarjapur Road,Bangalore
SHP000602,M001,ORD000934,BlueDart,delivered,2,no,109.81,2,560037,Brookefield,Bangalore
SHP000603,M001,ORD001859,Ecom Express,delivered,1,no,93.13,3,560034,Koramangala,Bangalore
SHP000604,M001,ORD001482,Delhivery,in_transit,1,no,81.97,4,560008,Ulsoor,Bangalore
SHP000605,M001,ORD002663,Shiprocket,delivered,1,no,103.96,2,560037,Brookefield,Bangalore
SHP000606,M001,ORD002240,Shiprocket,delivered,1,no,108.26,5,560066,Whitefield,Bangalore
SHP000607,M001,ORD003750,BlueDart,delivered,1,no,79.7,3,560037,Marathahalli,Bangalore
SHP000608,M001,ORD003316,BlueDart,delivered,2,no,60.22,1,560102,HSR Layout,Bangalore
SHP000609,M001,ORD003022,Xpressbees,delivered,2,no,129.87,5,560036,KR Puram,Bangalore
SHP000610,M001,ORD003849,Ecom Express,in_transit,3,no,131.41,1,560004,Basavanagudi,Bangalore
SHP000611,M001,ORD004095,Xpressbees,delivered,1,no,135.61,3,560076,Bannerghatta Road,Bangalore
SHP000612,M001,ORD004305,Ecom Express,in_transit,2,no,161.64,3,560100,Electronic City,Bangalore
SHP000613,M001,ORD004328,Shiprocket,rto,2,yes,99.29,7,560037,Marathahalli,Bangalore
SHP000614,M001,ORD003062,Xpressbees,delivered,1,no,133.74,1,560102,HSR Layout,Bangalore
SHP000615,M001,ORD003259,Delhivery,in_transit,1,no,113.35,2,560102,HSR Layout,Bangalore
SHP000616,M001,ORD000351,Ecom Express,delivered,2,no,98.24,1,560003,Malleshwaram,Bangalore
SHP000617,M001,ORD003007,Shiprocket,delivered,2,no,104.46,1,560102,HSR Layout,Bangalore
SHP000618,M001,ORD002338,Ecom Express,delivered,1,no,64.9,1,560037,Marathahalli,Bangalore
SHP000619,M001,ORD002201,Delhivery,delivered,1,no,79.53,2,560037,Marathahalli,Bangalore
SHP000620,M001,ORD002187,Xpressbees,delivered,1,no,99.64,4,560001,MG Road,Bangalore
SHP000621,M001,ORD002300,Ecom Express,delivered,1,no,136.5,2,560071,Domlur,Bangalore
SHP000622,M001,ORD004159,Delhivery,rto,3,yes,119.04,7,560036,KR Puram,Bangalore
SHP000623,M001,ORD000414,Delhivery,delivered,1,no,100.69,1,560004,Basavanagudi,Bangalore
SHP000624,M001,ORD002374,Xpressbees,in_transit,2,no,104.65,1,560102,HSR Layout,Bangalore
SHP000625,M001,ORD003077,Ecom Express,delivered,1,no,61.51,1,560076,BTM Layout,Bangalore
SHP000626,M001,ORD000494,BlueDart,rto,1,yes,104.15,5,560100,Electronic City,Bangalore
SHP000627,M001,ORD002113,Shiprocket,in_transit,1,no,159.97,4,560058,Peenya,Bangalore
SHP000628,M001,ORD002056,Xpressbees,in_transit,1,no,71.45,2,560103,Bellandur,Bangalore
SHP000629,M001,ORD003169,Shiprocket,delivered,1,no,49.84,5,560036,KR Puram,Bangalore
SHP000630,M001,ORD001937,Ecom Express,failed_delivery,2,no,113.5,4,560034,Koramangala,Bangalore
SHP000631,M001,ORD004455,Ecom Express,delivered,1,no,79.03,1,560102,HSR Layout,Bangalore
SHP000632,M001,ORD002324,BlueDart,delivered,1,no,68.85,4,560085,Banashankari,Bangalore
SHP000633,M001,ORD000015,BlueDart,delivered,1,no,132.67,3,560008,Ulsoor,Bangalore
SHP000634,M001,ORD000762,Delhivery,delivered,1,no,132.46,2,560036,KR Puram,Bangalore
SHP000635,M001,ORD000858,BlueDart,delivered,2,no,124.45,5,560071,Domlur,Bangalore
SHP000636,M001,ORD002628,Ecom Express,delivered,1,no,86.41,4,560024,Hebbal,Bangalore
SHP000637,M001,ORD002257,Xpressbees,in_transit,1,no,69.86,1,560036,KR Puram,Bangalore
SHP000638,M001,ORD001187,Delhivery,delivered,1,no,119.88,5,560037,Marathahalli,Bangalore
SHP000639,M001,ORD000189,Delhivery,failed_delivery,2,no,117.51,9,560078,JP Nagar,Bangalore
SHP000640,M001,ORD001158,BlueDart,delivered,1,no,125.99,4,560035,Sarjapur Road,Bangalore
SHP000641,M001,ORD003132,Shiprocket,failed_delivery,2,no,49.86,8,560048,Mahadevapura,Bangalore
SHP000642,M001,ORD004524,Delhivery,in_transit,1,no,106.65,3,560003,Malleshwaram,Bangalore
SHP000643,M001,ORD002915,Ecom Express,delivered,1,no,94.74,4,560103,Bellandur,Bangalore
SHP000644,M001,ORD000720,BlueDart,delivered,1,no,76.42,2,560034,Koramangala,Bangalore
SHP000645,M001,ORD003303,Shiprocket,delivered,1,no,92.77,3,560100,Electronic City,Bangalore
SHP000646,M001,ORD001192,Delhivery,delivered,2,no,135.5,5,560037,Marathahalli,Bangalore
SHP000647,M001,ORD003793,BlueDart,delivered,3,no,144.19,1,560003,Malleshwaram,Bangalore
SHP000648,M001,ORD000076,Shiprocket,delivered,3,no,136.5,3,560066,Whitefield,Bangalore
SHP000649,M001,ORD003147,Xpressbees,failed_delivery,2,no,90.48,9,560103,Bellandur,Bangalore
SHP000650,M001,ORD003102,BlueDart,delivered,2,no,75.05,1,560001,MG Road,Bangalore
SHP000651,M001,ORD000039,Xpressbees,in_transit,1,no,114.78,2,560102,HSR Layout,Bangalore
SHP000652,M001,ORD000266,Xpressbees,rto,2,yes,95.49,8,560038,Indiranagar,Bangalore
SHP000653,M001,ORD000911,Delhivery,delivered,1,no,62.35,5,560040,Vijayanagar,Bangalore
SHP000654,M001,ORD003260,Xpressbees,delivered,1,no,110.5,3,560008,Ulsoor,Bangalore
SHP000655,M001,ORD002971,Shiprocket,delivered,2,no,119.27,1,560041,Jayanagar,Bangalore
SHP000656,M001,ORD002602,Ecom Express,delivered,2,no,136.81,1,560103,Bellandur,Bangalore
SHP000657,M001,ORD000455,Shiprocket,in_transit,1,no,94.76,3,560034,Koramangala,Bangalore
SHP000658,M001,ORD001148,Ecom Express,in_transit,2,no,105.16,1,560037,Marathahalli,Bangalore
SHP000659,M001,ORD001824,Delhivery,delivered,1,no,56.33,1,560076,BTM Layout,Bangalore
SHP000660,M001,ORD002244,Ecom Express,failed_delivery,3,no,111.26,9,560060,Kengeri,Bangalore
SHP000661,M001,ORD004787,Shiprocket,in_transit,1,no,86.08,1,560038,Indiranagar,Bangalore
SHP000662,M001,ORD000253,Xpressbees,in_transit,1,no,113.44,2,560034,Koramangala,Bangalore
SHP000663,M001,ORD002980,Xpressbees,rto,3,yes,164.23,8,560035,Sarjapur Road,Bangalore
SHP000664,M001,ORD000851,Xpressbees,delivered,2,no,125.44,3,560066,Whitefield,Bangalore
SHP000665,M001,ORD003118,Xpressbees,delivered,1,no,134.55,3,560103,Bellandur,Bangalore
SHP000666,M001,ORD001394,Ecom Express,delivered,1,no,163.07,5,560100,Electronic City,Bangalore
SHP000667,M001,ORD002272,Ecom Express,failed_delivery,3,no,123.16,8,560058,Peenya,Bangalore
SHP000668,M001,ORD000885,Shiprocket,delivered,1,no,83.23,5,560103,Bellandur,Bangalore
SHP000669,M001,ORD004105,BlueDart,delivered,1,no,84.11,2,560071,Domlur,Bangalore
SHP000670,M001,ORD000429,Shiprocket,failed_delivery,1,no,203.77,5,560035,Sarjapur Road,Bangalore
SHP000671,M001,ORD002322,BlueDart,delivered,1,no,129.43,3,560100,Electronic City,Bangalore
SHP000672,M001,ORD003857,Delhivery,delivered,1,no,101.98,4,560037,Marathahalli,Bangalore
SHP000673,M001,ORD001653,Shiprocket,delivered,2,no,72.13,3,560103,Bellandur,Bangalore
SHP000674,M001,ORD004079,Shiprocket,failed_delivery,3,no,129.02,9,560037,Marathahalli,Bangalore
SHP000675,M001,ORD001776,Delhivery,in_transit,1,no,95.49,1,560100,Electronic City,Bangalore
SHP000676,M001,ORD002629,Shiprocket,rto,2,yes,170.85,3,560058,Peenya,Bangalore
SHP000677,M001,ORD002032,Xpressbees,rto,2,yes,49.75,8,560066,Whitefield,Bangalore
SHP000678,M001,ORD002394,BlueDart,delivered,1,no,69.8,3,560098,RR Nagar,Bangalore
SHP000679,M001,ORD002449,Ecom Express,delivered,1,no,107.04,3,560066,Whitefield,Bangalore
SHP000680,M001,ORD003756,BlueDart,delivered,1,no,111.22,2,560058,Peenya,Bangalore
SHP000681,M001,ORD000005,Xpressbees,rto,2,yes,137.87,6,560102,HSR Layout,Bangalore
SHP000682,M001,ORD004003,Shiprocket,delivered,1,no,69.19,4,560017,Old Airport Road,Bangalore
SHP000683,M001,ORD000647,Xpressbees,rto,3,yes,45.71,4,560001,MG Road,Bangalore
SHP000684,M001,ORD003665,BlueDart,delivered,2,no,53.92,4,560037,Marathahalli,Bangalore
SHP000685,M001,ORD002354,Shiprocket,delivered,1,no,49.41,2,560102,HSR Layout,Bangalore
SHP000686,M001,ORD002455,Xpressbees,delivered,1,no,47.75,2,560036,KR Puram,Bangalore
SHP000687,M001,ORD000974,Ecom Express,delivered,1,no,72.38,2,560103,Bellandur,Bangalore
SHP000688,M001,ORD001656,Ecom Express,rto,3,yes,143.05,5,560071,Domlur,Bangalore
SHP000689,M001,ORD004037,Ecom Express,delivered,2,no,90.33,5,560037,Marathahalli,Bangalore
SHP000690,M001,ORD004350,Delhivery,delivered,1,no,195.94,4,560035,Sarjapur Road,Bangalore
SHP000691,M001,ORD002058,Delhivery,in_transit,1,no,107.42,4,560100,Electronic City,Bangalore
SHP000692,M001,ORD001673,Xpressbees,delivered,1,no,127.66,2,560103,Bellandur,Bangalore
SHP000693,M001,ORD003995,Shiprocket,delivered,1,no,48.28,4,560037,Marathahalli,Bangalore
SHP000694,M001,ORD003964,Delhivery,delivered,1,no,45.83,2,560037,Marathahalli,Bangalore
SHP000695,M001,ORD001193,BlueDart,rto,1,yes,67.16,3,560008,Ulsoor,Bangalore
SHP000696,M001,ORD002340,Xpressbees,rto,3,yes,128.9,6,560036,KR Puram,Bangalore
SHP000697,M001,ORD002144,Delhivery,failed_delivery,2,no,144.04,8,560037,Marathahalli,Bangalore
SHP000698,M001,ORD002069,Ecom Express,in_transit,2,no,59.48,4,560085,Banashankari,Bangalore
SHP000699,M001,ORD000473,BlueDart,rto,3,yes,125.63,9,560036,KR Puram,Bangalore
SHP000700,M001,ORD002236,Xpressbees,in_transit,1,no,119.36,2,560034,Koramangala,Bangalore
SHP000701,M001,ORD002199,Shiprocket,in_transit,1,no,115.88,4,560034,Koramangala,Bangalore
SHP000702,M001,ORD003295,Xpressbees,in_transit,2,no,91.93,3,560100,Electronic City,Bangalore
SHP000703,M001,ORD000835,BlueDart,in_transit,1,no,56.05,3,560037,Brookefield,Bangalore
SHP000704,M001,ORD001457,Xpressbees,delivered,1,no,128.28,4,560100,Electronic City,Bangalore
SHP000705,M001,ORD003168,Ecom Express,delivered,2,no,92.81,1,560102,HSR Layout,Bangalore
SHP000706,M001,ORD000426,BlueDart,rto,1,yes,179.6,5,560100,Electronic City,Bangalore
SHP000707,M001,ORD001980,Shiprocket,in_transit,3,no,57.18,4,560066,Whitefield,Bangalore
SHP000708,M001,ORD000451,Delhivery,delivered,1,no,70.65,3,560037,Brookefield,Bangalore
SHP000709,M001,ORD001683,Ecom Express,delivered,1,no,133.15,2,560034,Koramangala,Bangalore
SHP000710,M001,ORD002535,Delhivery,rto,3,yes,84.42,5,560078,JP Nagar,Bangalore
SHP000711,M001,ORD001359,Delhivery,delivered,1,no,140.0,5,560103,Bellandur,Bangalore
SHP000712,M001,ORD003056,Ecom Express,delivered,1,no,54.83,2,560037,Brookefield,Bangalore
SHP000713,M001,ORD003613,Xpressbees,delivered,1,no,68.64,1,560008,Ulsoor,Bangalore
SHP000714,M001,ORD001543,Delhivery,delivered,2,no,51.78,1,560037,Brookefield,Bangalore
SHP000715,M001,ORD000531,BlueDart,in_transit,1,no,106.21,4,560078,JP Nagar,Bangalore
SHP000716,M001,ORD000401,Shiprocket,delivered,2,no,53.02,3,560066,Whitefield,Bangalore
SHP000717,M001,ORD004911,Delhivery,delivered,1,no,146.97,2,560037,Marathahalli,Bangalore
SHP000718,M001,ORD004458,Ecom Express,delivered,1,no,126.58,3,560036,KR Puram,Bangalore
SHP000719,M001,ORD002329,Ecom Express,in_transit,1,no,122.96,2,560010,Rajajinagar,Bangalore
SHP000720,M001,ORD003583,Ecom Express,delivered,3,no,108.03,5,560048,Mahadevapura,Bangalore
SHP000721,M001,ORD004984,BlueDart,in_transit,3,no,138.42,4,560100,Electronic City,Bangalore
SHP000722,M001,ORD000505,Ecom Express,in_transit,1,no,132.09,2,560102,HSR Layout,Bangalore
SHP000723,M001,ORD001361,BlueDart,delivered,1,no,149.42,1,560103,Bellandur,Bangalore
SHP000724,M001,ORD003509,Ecom Express,delivered,1,no,136.76,3,560066,Whitefield,Bangalore
SHP000725,M001,ORD001842,Ecom Express,delivered,1,no,85.87,1,560037,Marathahalli,Bangalore
SHP000726,M001,ORD002260,Ecom Express,delivered,1,no,115.8,4,560034,Koramangala,Bangalore
SHP000727,M001,ORD002954,Shiprocket,delivered,1,no,129.38,5,560037,Marathahalli,Bangalore
SHP000728,M001,ORD003319,Xpressbees,in_transit,1,no,71.74,4,560066,Whitefield,Bangalore
SHP000729,M001,ORD000139,Xpressbees,delivered,1,no,120.22,2,560100,Electronic City,Bangalore
SHP000730,M001,ORD003503,BlueDart,in_transit,1,no,57.17,2,560066,Whitefield,Bangalore
SHP000731,M001,ORD000820,Ecom Express,delivered,1,no,118.42,4,560100,Electronic City,Bangalore
SHP000732,M001,ORD002928,BlueDart,rto,2,yes,100.12,9,560035,Sarjapur Road,Bangalore
SHP000733,M001,ORD001115,Shiprocket,delivered,2,no,85.53,3,560103,Bellandur,Bangalore
SHP000734,M001,ORD004483,Xpressbees,delivered,1,no,106.2,3,560064,Jakkur,Bangalore
SHP000735,M001,ORD002081,Xpressbees,in_transit,1,no,202.26,1,560035,Sarjapur Road,Bangalore
SHP000736,M001,ORD000033,BlueDart,in_transit,1,no,117.78,2,560037,Marathahalli,Bangalore
SHP000737,M001,ORD001830,Shiprocket,delivered,1,no,123.07,1,560048,Mahadevapura,Bangalore
SHP000738,M001,ORD001131,Xpressbees,in_transit,1,no,67.87,4,560076,Bannerghatta Road,Bangalore
SHP000739,M001,ORD002238,Delhivery,delivered,1,no,88.4,3,560017,Old Airport Road,Bangalore
SHP000740,M001,ORD004171,Ecom Express,delivered,1,no,72.02,1,560034,Koramangala,Bangalore
SHP000741,M001,ORD002704,Xpressbees,rto,2,yes,132.02,4,560048,Mahadevapura,Bangalore
SHP000742,M001,ORD004706,Delhivery,delivered,2,no,45.79,3,560037,Marathahalli,Bangalore
SHP000743,M001,ORD004068,BlueDart,delivered,1,no,123.2,4,560034,Koramangala,Bangalore
SHP000744,M001,ORD001491,Ecom Express,delivered,1,no,126.26,5,560008,Ulsoor,Bangalore
SHP000745,M001,ORD003802,Xpressbees,failed_delivery,2,no,129.05,9,560036,KR Puram,Bangalore
SHP000746,M001,ORD004588,BlueDart,failed_delivery,2,no,145.36,3,560071,Domlur,Bangalore
SHP000747,M001,ORD001487,Ecom Express,rto,2,yes,201.94,7,560100,Electronic City,Bangalore
SHP000748,M001,ORD004534,Shiprocket,failed_delivery,1,no,85.01,9,560037,Marathahalli,Bangalore
SHP000749,M001,ORD003247,Ecom Express,delivered,1,no,133.48,2,560038,Indiranagar,Bangalore
SHP000750,M001,ORD001422,BlueDart,delivered,3,no,144.64,3,560048,Mahadevapura,Bangalore
SHP000751,M001,ORD003009,Shiprocket,delivered,1,no,97.91,2,560034,Koramangala,Bangalore
SHP000752,M001,ORD004758,BlueDart,delivered,2,no,122.56,1,560017,Old Airport Road,Bangalore
SHP000753,M001,ORD001330,Shiprocket,delivered,1,no,78.38,3,560048,Mahadevapura,Bangalore
SHP000754,M001,ORD001581,Delhivery,delivered,3,no,129.45,2,560098,RR Nagar,Bangalore
SHP000755,M001,ORD003538,Delhivery,delivered,2,no,45.45,3,560102,HSR Layout,Bangalore
SHP000756,M001,ORD001785,Xpressbees,delivered,2,no,128.34,2,560034,Koramangala,Bangalore
SHP000757,M001,ORD001066,BlueDart,in_transit,2,no,45.74,1,560103,Bellandur,Bangalore
SHP000758,M001,ORD004148,Ecom Express,delivered,1,no,132.61,2,560037,Marathahalli,Bangalore
SHP000759,M001,ORD003370,BlueDart,failed_delivery,1,no,114.28,7,560085,Banashankari,Bangalore
SHP000760,M001,ORD002462,Ecom Express,delivered,1,no,51.22,4,560066,Whitefield,Bangalore
SHP000761,M001,ORD000348,Ecom Express,delivered,1,no,75.97,2,560102,HSR Layout,Bangalore
SHP000762,M001,ORD004817,Delhivery,delivered,1,no,128.77,5,560103,Bellandur,Bangalore
SHP000763,M001,ORD001287,Xpressbees,delivered,1,no,113.12,1,560071,Domlur,Bangalore
SHP000764,M001,ORD000742,Shiprocket,in_transit,1,no,122.63,2,560017,Old Airport Road,Bangalore
SHP000765,M001,ORD004496,Xpressbees,failed_delivery,2,no,132.79,5,560037,Brookefield,Bangalore
SHP000766,M001,ORD000501,Xpressbees,delivered,2,no,96.23,4,560035,Sarjapur Road,Bangalore
SHP000767,M001,ORD003002,BlueDart,delivered,1,no,104.04,3,560008,Ulsoor,Bangalore
SHP000768,M001,ORD002344,Delhivery,delivered,1,no,102.87,4,560004,Basavanagudi,Bangalore
SHP000769,M001,ORD004430,Ecom Express,delivered,1,no,138.39,1,560048,Mahadevapura,Bangalore
SHP000770,M001,ORD001272,Shiprocket,delivered,1,no,137.39,4,560035,Sarjapur Road,Bangalore
SHP000771,M001,ORD001056,Delhivery,delivered,1,no,64.16,5,560085,Banashankari,Bangalore
SHP000772,M001,ORD001704,Ecom Express,delivered,3,no,205.63,5,560100,Electronic City,Bangalore
SHP000773,M001,ORD000204,BlueDart,delivered,1,no,139.62,4,560035,Sarjapur Road,Bangalore
SHP000774,M001,ORD000503,Shiprocket,rto,3,yes,134.53,7,560017,Old Airport Road,Bangalore
SHP000775,M001,ORD004070,Shiprocket,in_transit,1,no,95.4,4,560037,Marathahalli,Bangalore
SHP000776,M001,ORD001599,Xpressbees,rto,1,yes,84.22,9,560041,Jayanagar,Bangalore
SHP000777,M001,ORD004384,BlueDart,in_transit,1,no,130.37,3,560066,Whitefield,Bangalore
SHP000778,M001,ORD003057,Delhivery,delivered,1,no,69.19,4,560103,Bellandur,Bangalore
SHP000779,M001,ORD000343,BlueDart,in_transit,1,no,143.61,4,560034,Koramangala,Bangalore
SHP000780,M001,ORD000966,Ecom Express,delivered,2,no,79.64,5,560098,RR Nagar,Bangalore
SHP000781,M001,ORD002346,Ecom Express,delivered,1,no,104.33,1,560037,Marathahalli,Bangalore
SHP000782,M001,ORD000736,Shiprocket,rto,3,yes,119.32,7,560066,Whitefield,Bangalore
SHP000783,M001,ORD001081,Ecom Express,rto,2,yes,90.0,6,560103,Bellandur,Bangalore
SHP000784,M001,ORD004522,Shiprocket,delivered,1,no,65.94,1,560034,Koramangala,Bangalore
SHP000785,M001,ORD000525,Ecom Express,failed_delivery,2,no,59.5,9,560037,Marathahalli,Bangalore
SHP000786,M001,ORD003563,Ecom Express,rto,2,yes,113.05,6,560102,HSR Layout,Bangalore
SHP000787,M001,ORD002150,Ecom Express,failed_delivery,1,no,48.55,9,560034,Koramangala,Bangalore
SHP000788,M001,ORD004697,Shiprocket,delivered,1,no,123.76,1,560017,Old Airport Road,Bangalore
SHP000789,M001,ORD004956,Delhivery,delivered,2,no,124.16,1,560037,Marathahalli,Bangalore
SHP000790,M001,ORD000928,Delhivery,rto,2,yes,80.76,7,560008,Ulsoor,Bangalore
SHP000791,M001,ORD001245,Xpressbees,delivered,1,no,58.7,3,560037,Brookefield,Bangalore
SHP000792,M001,ORD000409,Shiprocket,delivered,1,no,57.66,5,560066,Whitefield,Bangalore
SHP000793,M001,ORD001496,Shiprocket,delivered,1,no,185.73,4,560035,Sarjapur Road,Bangalore
SHP000794,M001,ORD002542,Ecom Express,in_transit,1,no,133.48,4,560102,HSR Layout,Bangalore
SHP000795,M001,ORD000864,BlueDart,in_transit,1,no,127.64,1,560102,HSR Layout,Bangalore
SHP000796,M001,ORD000637,BlueDart,delivered,1,no,124.7,4,560040,Vijayanagar,Bangalore
SHP000797,M001,ORD000989,Delhivery,delivered,2,no,115.22,2,560017,Old Airport Road,Bangalore
SHP000798,M001,ORD002968,Shiprocket,delivered,1,no,90.08,4,560037,Marathahalli,Bangalore
SHP000799,M001,ORD003091,Ecom Express,delivered,1,no,86.64,5,560071,Domlur,Bangalore
SHP000800,M001,ORD000878,BlueDart,delivered,1,no,102.87,1,560037,Marathahalli,Bangalore
SHP000801,M001,ORD001362,Delhivery,delivered,1,no,138.95,5,560038,Indiranagar,Bangalore
SHP000802,M001,ORD000156,Shiprocket,in_transit,1,no,185.77,4,560035,Sarjapur Road,Bangalore
SHP000803,M001,ORD003692,Xpressbees,delivered,2,no,45.02,2,560037,Marathahalli,Bangalore
SHP000804,M001,ORD003454,Shiprocket,delivered,1,no,55.12,5,560102,HSR Layout,Bangalore
SHP000805,M001,ORD002985,Ecom Express,failed_delivery,2,no,55.71,8,560066,Whitefield,Bangalore
SHP000806,M001,ORD002785,Ecom Express,in_transit,1,no,85.77,2,560017,Old Airport Road,Bangalore
SHP000807,M001,ORD001943,Ecom Express,rto,1,yes,97.88,9,560102,HSR Layout,Bangalore
SHP000808,M001,ORD001825,Shiprocket,delivered,2,no,66.16,3,560071,Domlur,Bangalore
SHP000809,M001,ORD002269,BlueDart,in_transit,2,no,143.68,1,560100,Electronic City,Bangalore
SHP000810,M001,ORD000668,Delhivery,delivered,2,no,45.28,2,560038,Indiranagar,Bangalore
SHP000811,M001,ORD001720,Xpressbees,in_transit,1,no,124.64,4,560034,Koramangala,Bangalore
SHP000812,M001,ORD000082,Ecom Express,delivered,2,no,122.15,1,560040,Vijayanagar,Bangalore
SHP000813,M001,ORD002733,BlueDart,rto,2,yes,107.24,8,560071,Domlur,Bangalore
SHP000814,M001,ORD004836,Xpressbees,delivered,1,no,76.23,4,560037,Marathahalli,Bangalore
SHP000815,M001,ORD003579,Delhivery,delivered,2,no,105.28,4,560076,BTM Layout,Bangalore
SHP000816,M001,ORD001342,Delhivery,in_transit,1,no,122.58,1,560035,Sarjapur Road,Bangalore
SHP000817,M001,ORD000802,Ecom Express,delivered,1,no,96.59,1,560066,Whitefield,Bangalore
SHP000818,M001,ORD000071,Shiprocket,failed_delivery,2,no,51.35,6,560102,HSR Layout,Bangalore
SHP000819,M001,ORD000578,Xpressbees,delivered,1,no,112.66,3,560058,Peenya,Bangalore
SHP000820,M001,ORD004006,Ecom Express,delivered,1,no,142.16,5,560100,Electronic City,Bangalore
SHP000821,M001,ORD001336,Ecom Express,delivered,1,no,146.21,4,560048,Mahadevapura,Bangalore
SHP000822,M001,ORD002183,Delhivery,delivered,1,no,155.44,4,560100,Electronic City,Bangalore
SHP000823,M001,ORD000865,Xpressbees,delivered,1,no,136.18,2,560036,KR Puram,Bangalore
SHP000824,M001,ORD003439,Shiprocket,delivered,1,no,127.43,2,560035,Sarjapur Road,Bangalore
SHP000825,M001,ORD002038,Xpressbees,delivered,1,no,45.09,2,560103,Bellandur,Bangalore
SHP000826,M001,ORD002148,Ecom Express,delivered,2,no,59.73,1,560066,Whitefield,Bangalore
SHP000827,M001,ORD003818,BlueDart,delivered,1,no,67.24,3,560103,Bellandur,Bangalore
SHP000828,M001,ORD002171,BlueDart,delivered,1,no,102.32,5,560036,KR Puram,Bangalore
SHP000829,M001,ORD003357,Xpressbees,rto,1,yes,113.22,7,560100,Electronic City,Bangalore
SHP000830,M001,ORD001533,Xpressbees,failed_delivery,3,no,110.23,9,560001,MG Road,Bangalore
SHP000831,M001,ORD001912,Shiprocket,in_transit,2,no,173.0,4,560100,Electronic City,Bangalore
SHP000832,M001,ORD001783,Delhivery,in_transit,3,no,122.86,3,560008,Ulsoor,Bangalore
SHP000833,M001,ORD001650,Delhivery,rto,1,yes,120.14,6,560066,Whitefield,Bangalore
SHP000834,M001,ORD000350,Ecom Express,failed_delivery,1,no,143.32,3,560034,Koramangala,Bangalore
SHP000835,M001,ORD000584,Delhivery,delivered,1,no,177.31,5,560100,Electronic City,Bangalore
SHP000836,M001,ORD002125,Xpressbees,delivered,1,no,100.84,5,560098,RR Nagar,Bangalore
SHP000837,M001,ORD004061,Xpressbees,delivered,2,no,127.68,2,560034,Koramangala,Bangalore
SHP000838,M001,ORD002664,Ecom Express,delivered,1,no,208.09,4,560100,Electronic City,Bangalore
SHP000839,M001,ORD004000,Ecom Express,rto,1,yes,121.83,5,560102,HSR Layout,Bangalore
SHP000840,M001,ORD000227,Ecom Express,delivered,2,no,46.67,5,560076,Bannerghatta Road,Bangalore
SHP000841,M001,ORD004474,Xpressbees,rto,2,yes,109.99,6,560035,Sarjapur Road,Bangalore
SHP000842,M001,ORD001668,Shiprocket,in_transit,1,no,114.83,3,560076,Bannerghatta Road,Bangalore
SHP000843,M001,ORD003143,Delhivery,delivered,1,no,84.29,2,560038,Indiranagar,Bangalore
SHP000844,M001,ORD001810,BlueDart,rto,1,yes,123.27,9,560036,KR Puram,Bangalore
SHP000845,M001,ORD000399,Ecom Express,delivered,1,no,185.42,1,560064,Yelahanka,Bangalore
SHP000846,M001,ORD003643,Ecom Express,in_transit,1,no,136.04,4,560102,HSR Layout,Bangalore
SHP000847,M001,ORD000113,Xpressbees,delivered,1,no,104.56,4,560001,MG Road,Bangalore
SHP000848,M001,ORD001928,BlueDart,delivered,1,no,57.83,2,560102,HSR Layout,Bangalore
SHP000849,M001,ORD000331,Delhivery,in_transit,1,no,148.17,4,560100,Electronic City,Bangalore
SHP000850,M001,ORD000073,Xpressbees,failed_delivery,1,no,126.88,3,560037,Brookefield,Bangalore
SHP000851,M001,ORD003243,Delhivery,delivered,1,no,57.54,1,560102,HSR Layout,Bangalore
SHP000852,M001,ORD002424,Shiprocket,delivered,2,no,70.39,2,560103,Bellandur,Bangalore
SHP000853,M001,ORD004856,Delhivery,delivered,1,no,146.78,5,560008,Ulsoor,Bangalore
SHP000854,M001,ORD001512,Ecom Express,delivered,2,no,80.65,4,560066,Whitefield,Bangalore
SHP000855,M001,ORD002988,Ecom Express,in_transit,1,no,85.12,2,560024,Hebbal,Bangalore
SHP000856,M001,ORD002114,BlueDart,delivered,1,no,96.28,4,560034,Koramangala,Bangalore
SHP000857,M001,ORD002075,Delhivery,delivered,1,no,71.16,2,560076,BTM Layout,Bangalore
SHP000858,M001,ORD003621,Shiprocket,failed_delivery,2,no,95.82,4,560036,KR Puram,Bangalore
SHP000859,M001,ORD000838,Delhivery,delivered,1,no,103.19,3,560034,Koramangala,Bangalore
SHP000860,M001,ORD000136,Delhivery,delivered,1,no,120.35,3,560066,Whitefield,Bangalore
SHP000861,M001,ORD000048,BlueDart,delivered,2,no,102.07,4,560036,KR Puram,Bangalore
SHP000862,M001,ORD003727,Delhivery,delivered,1,no,102.69,1,560078,JP Nagar,Bangalore
SHP000863,M001,ORD003093,Ecom Express,delivered,1,no,148.5,1,560100,Electronic City,Bangalore
SHP000864,M001,ORD000692,Shiprocket,delivered,2,no,146.65,2,560066,Whitefield,Bangalore
SHP000865,M001,ORD001428,Xpressbees,delivered,3,no,60.56,2,560071,Domlur,Bangalore
SHP000866,M001,ORD004724,BlueDart,delivered,1,no,51.32,3,560064,Jakkur,Bangalore
SHP000867,M001,ORD001308,Ecom Express,delivered,2,no,134.44,3,560102,HSR Layout,Bangalore
SHP000868,M001,ORD000941,Ecom Express,delivered,2,no,142.37,3,560034,Koramangala,Bangalore
SHP000869,M001,ORD003801,Delhivery,delivered,1,no,116.8,5,560066,Whitefield,Bangalore
SHP000870,M001,ORD003913,BlueDart,delivered,1,no,138.69,2,560037,Marathahalli,Bangalore
SHP000871,M001,ORD003475,BlueDart,delivered,2,no,97.62,3,560037,Marathahalli,Bangalore
SHP000872,M001,ORD001931,Shiprocket,in_transit,2,no,139.8,1,560034,Koramangala,Bangalore
SHP000873,M001,ORD000078,Xpressbees,delivered,1,no,68.87,1,560003,Malleshwaram,Bangalore
SHP000874,M001,ORD003420,Delhivery,delivered,1,no,145.71,5,560103,Bellandur,Bangalore
SHP000875,M001,ORD003676,Shiprocket,delivered,1,no,127.48,5,560037,Brookefield,Bangalore
SHP000876,M001,ORD002790,Xpressbees,delivered,3,no,105.48,3,560037,Marathahalli,Bangalore
SHP000877,M001,ORD003618,BlueDart,delivered,1,no,138.69,1,560102,HSR Layout,Bangalore
SHP000878,M001,ORD001411,Shiprocket,rto,3,yes,93.46,6,560066,Whitefield,Bangalore
SHP000879,M001,ORD002768,Xpressbees,failed_delivery,1,no,129.59,8,560034,Koramangala,Bangalore
SHP000880,M001,ORD001834,Xpressbees,in_transit,1,no,120.94,3,560040,Vijayanagar,Bangalore
SHP000881,M001,ORD002319,Ecom Express,delivered,2,no,73.01,3,560041,Jayanagar,Bangalore
SHP000882,M001,ORD000806,Xpressbees,delivered,1,no,114.39,1,560008,Ulsoor,Bangalore
SHP000883,M001,ORD001765,Xpressbees,failed_delivery,1,no,53.51,4,560066,Whitefield,Bangalore
SHP000884,M001,ORD003508,Xpressbees,delivered,1,no,121.45,1,560102,HSR Layout,Bangalore
SHP000885,M001,ORD002042,Shiprocket,delivered,1,no,141.05,4,560004,Basavanagudi,Bangalore
SHP000886,M001,ORD000496,Ecom Express,delivered,3,no,45.43,1,560034,Koramangala,Bangalore
SHP000887,M001,ORD004525,Shiprocket,rto,2,yes,111.28,4,560036,KR Puram,Bangalore
SHP000888,M001,ORD001934,Xpressbees,in_transit,1,no,119.12,2,560076,Bannerghatta Road,Bangalore
SHP000889,M001,ORD004193,Xpressbees,delivered,1,no,137.97,2,560098,RR Nagar,Bangalore
SHP000890,M001,ORD003580,Xpressbees,rto,1,yes,67.73,4,560038,Indiranagar,Bangalore
SHP000891,M001,ORD002661,Xpressbees,in_transit,1,no,152.45,3,560100,Electronic City,Bangalore
SHP000892,M001,ORD002446,BlueDart,delivered,2,no,113.15,4,560102,HSR Layout,Bangalore
SHP000893,M001,ORD003059,Xpressbees,failed_delivery,2,no,85.67,4,560038,Indiranagar,Bangalore
SHP000894,M001,ORD001630,Shiprocket,delivered,1,no,129.34,5,560076,Bannerghatta Road,Bangalore
SHP000895,M001,ORD001902,Xpressbees,rto,2,yes,86.71,3,560036,KR Puram,Bangalore
SHP000896,M001,ORD003301,Shiprocket,delivered,1,no,86.33,5,560038,Indiranagar,Bangalore
SHP000897,M001,ORD001364,Delhivery,delivered,1,no,76.9,1,560066,Whitefield,Bangalore
SHP000898,M001,ORD004470,BlueDart,delivered,1,no,61.67,2,560024,Hebbal,Bangalore
SHP000899,M001,ORD000493,Delhivery,delivered,1,no,56.74,1,560066,Whitefield,Bangalore
SHP000900,M001,ORD002423,Ecom Express,delivered,1,no,107.88,1,560103,Bellandur,Bangalore
SHP000901,M001,ORD003614,Ecom Express,rto,2,yes,188.51,6,560100,Electronic City,Bangalore
SHP000902,M001,ORD000643,Shiprocket,delivered,1,no,95.8,1,560036,KR Puram,Bangalore
SHP000903,M001,ORD003098,Shiprocket,delivered,1,no,125.9,4,560066,Whitefield,Bangalore
SHP000904,M001,ORD003642,Ecom Express,delivered,1,no,120.01,3,560037,Brookefield,Bangalore
SHP000905,M001,ORD000634,BlueDart,failed_delivery,2,no,53.9,4,560037,Brookefield,Bangalore
SHP000906,M001,ORD004888,Delhivery,in_transit,1,no,125.77,2,560034,Koramangala,Bangalore
SHP000907,M001,ORD000016,Delhivery,delivered,1,no,117.02,3,560003,Malleshwaram,Bangalore
SHP000908,M001,ORD002832,Xpressbees,delivered,1,no,97.44,1,560004,Basavanagudi,Bangalore
SHP000909,M001,ORD000616,Delhivery,delivered,1,no,95.18,4,560071,Domlur,Bangalore
SHP000910,M001,ORD002516,BlueDart,in_transit,2,no,112.78,4,560024,Hebbal,Bangalore
SHP000911,M001,ORD004571,Shiprocket,delivered,1,no,57.09,2,560102,HSR Layout,Bangalore
SHP000912,M001,ORD000535,Delhivery,in_transit,2,no,183.0,1,560100,Electronic City,Bangalore
SHP000913,M001,ORD001772,BlueDart,delivered,1,no,121.75,5,560100,Electronic City,Bangalore
SHP000914,M001,ORD004820,Xpressbees,delivered,2,no,123.45,4,560037,Marathahalli,Bangalore
SHP000915,M001,ORD003652,BlueDart,delivered,2,no,92.99,3,560100,Electronic City,Bangalore
SHP000916,M001,ORD004102,Shiprocket,delivered,1,no,132.41,5,560100,Electronic City,Bangalore
SHP000917,M001,ORD000897,Delhivery,delivered,1,no,121.02,1,560098,RR Nagar,Bangalore
SHP000918,M001,ORD000607,Shiprocket,delivered,1,no,62.96,1,560066,Whitefield,Bangalore
SHP000919,M001,ORD003175,Delhivery,delivered,2,no,122.9,3,560064,Jakkur,Bangalore
SHP000920,M001,ORD001883,Delhivery,delivered,1,no,63.37,3,560034,Koramangala,Bangalore
SHP000921,M001,ORD001746,BlueDart,delivered,1,no,141.53,2,560037,Brookefield,Bangalore
SHP000922,M001,ORD002713,Shiprocket,delivered,1,no,71.62,1,560102,HSR Layout,Bangalore
SHP000923,M001,ORD000690,Shiprocket,failed_delivery,1,no,136.26,8,560102,HSR Layout,Bangalore
SHP000924,M001,ORD002614,Delhivery,failed_delivery,2,no,130.39,3,560071,Domlur,Bangalore
SHP000925,M001,ORD000334,Xpressbees,failed_delivery,3,no,172.91,8,560100,Electronic City,Bangalore
SHP000926,M001,ORD004860,Shiprocket,delivered,1,no,69.63,5,560017,Old Airport Road,Bangalore
SHP000927,M001,ORD000583,BlueDart,delivered,1,no,62.96,1,560103,Bellandur,Bangalore
SHP000928,M001,ORD000157,Shiprocket,delivered,3,no,143.14,2,560076,BTM Layout,Bangalore
SHP000929,M001,ORD000333,Shiprocket,delivered,1,no,58.41,1,560076,Bannerghatta Road,Bangalore
SHP000930,M001,ORD004146,Ecom Express,delivered,1,no,157.15,5,560035,Sarjapur Road,Bangalore
SHP000931,M001,ORD000112,BlueDart,rto,3,yes,110.39,7,560071,Domlur,Bangalore
SHP000932,M001,ORD001090,Delhivery,failed_delivery,2,no,84.44,8,560066,Whitefield,Bangalore
SHP000933,M001,ORD003246,Ecom Express,delivered,1,no,89.25,1,560076,BTM Layout,Bangalore
SHP000934,M001,ORD001708,BlueDart,delivered,1,no,68.07,2,560038,Indiranagar,Bangalore
SHP000935,M001,ORD003615,Xpressbees,delivered,1,no,95.41,4,560071,Domlur,Bangalore
SHP000936,M001,ORD003588,Delhivery,delivered,1,no,106.99,2,560038,Indiranagar,Bangalore
SHP000937,M001,ORD004684,Delhivery,delivered,2,no,119.92,3,560100,Electronic City,Bangalore
SHP000938,M001,ORD002723,BlueDart,delivered,1,no,103.29,5,560038,Indiranagar,Bangalore
SHP000939,M001,ORD000927,Shiprocket,delivered,1,no,144.97,5,560035,Sarjapur Road,Bangalore
SHP000940,M001,ORD000815,Ecom Express,in_transit,1,no,82.16,1,560064,Jakkur,Bangalore
SHP000941,M001,ORD000114,Ecom Express,delivered,2,no,89.02,5,560071,Domlur,Bangalore
SHP000942,M001,ORD003576,Ecom Express,in_transit,1,no,101.09,3,560008,Ulsoor,Bangalore
SHP000943,M001,ORD001971,Shiprocket,in_transit,3,no,114.62,1,560036,KR Puram,Bangalore
SHP000944,M001,ORD003790,Ecom Express,in_transit,1,no,199.96,3,560060,Kengeri,Bangalore
SHP000945,M001,ORD004161,Xpressbees,failed_delivery,2,no,114.98,3,560066,Whitefield,Bangalore
SHP000946,M001,ORD003184,Delhivery,delivered,2,no,138.39,5,560037,Brookefield,Bangalore
SHP000947,M001,ORD003670,Shiprocket,delivered,2,no,84.04,5,560036,KR Puram,Bangalore
SHP000948,M001,ORD001147,Shiprocket,delivered,1,no,87.41,2,560103,Bellandur,Bangalore
SHP000949,M001,ORD003585,Xpressbees,delivered,2,no,114.32,4,560037,Brookefield,Bangalore
SHP000950,M001,ORD004312,BlueDart,delivered,1,no,60.77,2,560017,Old Airport Road,Bangalore
SHP000951,M001,ORD004830,Ecom Express,delivered,2,no,137.11,1,560102,HSR Layout,Bangalore
SHP000952,M001,ORD003231,Xpressbees,rto,3,yes,64.3,5,560071,Domlur,Bangalore
SHP000953,M001,ORD003499,Ecom Express,delivered,3,no,76.92,1,560102,HSR Layout,Bangalore
SHP000954,M001,ORD002206,Ecom Express,failed_delivery,2,no,73.55,6,560036,KR Puram,Bangalore
SHP000955,M001,ORD003862,BlueDart,delivered,1,no,143.92,2,560100,Electronic City,Bangalore
SHP000956,M001,ORD001649,Xpressbees,delivered,2,no,137.36,2,560017,Old Airport Road,Bangalore
SHP000957,M001,ORD001295,Shiprocket,delivered,2,no,131.29,1,560066,Whitefield,Bangalore
SHP000958,M001,ORD000481,Xpressbees,failed_delivery,1,no,170.95,6,560100,Electronic City,Bangalore
SHP000959,M001,ORD004669,Shiprocket,failed_delivery,2,no,106.49,4,560041,Jayanagar,Bangalore
SHP000960,M001,ORD002737,BlueDart,delivered,2,no,74.48,4,560103,Bellandur,Bangalore
SHP000961,M001,ORD004714,Shiprocket,in_transit,2,no,100.13,2,560034,Koramangala,Bangalore
SHP000962,M001,ORD004154,BlueDart,delivered,1,no,129.42,2,560102,HSR Layout,Bangalore
SHP000963,M001,ORD001423,Delhivery,delivered,1,no,189.87,5,560035,Sarjapur Road,Bangalore
SHP000964,M001,ORD000560,Xpressbees,delivered,2,no,63.39,2,560066,Whitefield,Bangalore
SHP000965,M001,ORD001774,Xpressbees,failed_delivery,3,no,181.45,8,560035,Sarjapur Road,Bangalore
SHP000966,M001,ORD002555,Xpressbees,delivered,2,no,127.85,1,560066,Whitefield,Bangalore
SHP000967,M001,ORD004703,Xpressbees,delivered,2,no,134.67,2,560037,Marathahalli,Bangalore
SHP000968,M001,ORD004287,Ecom Express,delivered,1,no,48.46,3,560038,Indiranagar,Bangalore
SHP000969,M001,ORD000417,Shiprocket,rto,3,yes,141.54,3,560102,HSR Layout,Bangalore
SHP000970,M001,ORD004423,Xpressbees,delivered,1,no,148.85,4,560066,Whitefield,Bangalore
SHP000971,M001,ORD002299,Delhivery,delivered,1,no,89.9,3,560066,Whitefield,Bangalore
SHP000972,M001,ORD001755,Xpressbees,delivered,2,no,134.38,3,560071,Domlur,Bangalore
SHP000973,M001,ORD002497,Xpressbees,in_transit,1,no,91.08,3,560037,Brookefield,Bangalore
SHP000974,M001,ORD002883,BlueDart,delivered,1,no,168.65,3,560035,Sarjapur Road,Bangalore
SHP000975,M001,ORD002608,BlueDart,delivered,1,no,142.82,4,560066,Whitefield,Bangalore
SHP000976,M001,ORD003467,Delhivery,delivered,2,no,92.82,1,560001,MG Road,Bangalore
SHP000977,M001,ORD004778,BlueDart,delivered,1,no,148.61,1,560066,Whitefield,Bangalore
SHP000978,M001,ORD001634,Xpressbees,delivered,1,no,120.28,4,560034,Koramangala,Bangalore
SHP000979,M001,ORD001744,Shiprocket,delivered,1,no,143.49,5,560034,Koramangala,Bangalore
SHP000980,M001,ORD000309,Ecom Express,in_transit,1,no,59.65,2,560017,Old Airport Road,Bangalore
SHP000981,M001,ORD004910,Xpressbees,delivered,2,no,163.96,4,560100,Electronic City,Bangalore
SHP000982,M001,ORD002607,Delhivery,delivered,1,no,73.22,5,560036,KR Puram,Bangalore
SHP000983,M001,ORD000557,Delhivery,failed_delivery,1,no,122.4,5,560085,Banashankari,Bangalore
SHP000984,M001,ORD002623,Ecom Express,delivered,1,no,109.44,1,560037,Marathahalli,Bangalore
SHP000985,M001,ORD000600,Delhivery,rto,2,yes,106.65,5,560103,Bellandur,Bangalore
SHP000986,M001,ORD002826,Ecom Express,delivered,2,no,54.73,2,560066,Whitefield,Bangalore
SHP000987,M001,ORD003514,Ecom Express,delivered,1,no,115.83,5,560034,Koramangala,Bangalore
SHP000988,M001,ORD003337,Delhivery,delivered,1,no,80.03,3,560034,Koramangala,Bangalore
SHP000989,M001,ORD000721,Xpressbees,delivered,1,no,136.48,2,560064,Jakkur,Bangalore
SHP000990,M001,ORD002859,Ecom Express,in_transit,2,no,127.75,4,560102,HSR Layout,Bangalore
SHP000991,M001,ORD001924,BlueDart,failed_delivery,3,no,61.1,5,560037,Brookefield,Bangalore
SHP000992,M001,ORD002605,Xpressbees,delivered,1,no,70.78,3,560102,HSR Layout,Bangalore
SHP000993,M001,ORD001165,Xpressbees,delivered,3,no,100.87,3,560064,Jakkur,Bangalore
SHP000994,M001,ORD004155,Xpressbees,rto,3,yes,125.78,7,560004,Basavanagudi,Bangalore
SHP000995,M001,ORD004187,Xpressbees,failed_delivery,2,no,111.01,8,560036,KR Puram,Bangalore
SHP000996,M001,ORD004303,Delhivery,delivered,1,no,58.73,5,560066,Whitefield,Bangalore
SHP000997,M001,ORD000272,Xpressbees,delivered,1,no,134.45,2,560064,Jakkur,Bangalore
SHP000998,M001,ORD001341,Delhivery,delivered,3,no,135.18,5,560071,Domlur,Bangalore
SHP000999,M001,ORD003074,Delhivery,delivered,1,no,145.76,2,560098,RR Nagar,Bangalore
SHP001000,M001,ORD004027,Ecom Express,rto,1,yes,108.71,7,560100,Electronic City,Bangalore
SHP001001,M001,ORD002979,Xpressbees,delivered,1,no,89.33,5,560040,Vijayanagar,Bangalore
SHP001002,M001,ORD004633,Delhivery,delivered,1,no,170.96,3,560100,Electronic City,Bangalore
SHP001003,M001,ORD001181,Shiprocket,rto,3,yes,106.13,8,560034,Koramangala,Bangalore
SHP001004,M001,ORD003377,BlueDart,rto,1,yes,71.97,7,560103,Bellandur,Bangalore
SHP001005,M001,ORD000514,Xpressbees,delivered,1,no,127.73,1,560102,HSR Layout,Bangalore
SHP001006,M001,ORD003122,Xpressbees,failed_delivery,2,no,77.41,9,560048,Mahadevapura,Bangalore
SHP001007,M001,ORD004346,Xpressbees,rto,1,yes,124.27,9,560066,Whitefield,Bangalore
SHP001008,M001,ORD002543,Xpressbees,delivered,1,no,71.37,3,560066,Whitefield,Bangalore
SHP001009,M001,ORD001582,Xpressbees,delivered,1,no,161.03,4,560100,Electronic City,Bangalore
SHP001010,M001,ORD001680,Delhivery,in_transit,1,no,55.19,2,560036,KR Puram,Bangalore
SHP001011,M001,ORD001726,Shiprocket,delivered,1,no,93.95,1,560102,HSR Layout,Bangalore
SHP001012,M001,ORD003979,Shiprocket,delivered,1,no,64.41,1,560103,Bellandur,Bangalore
SHP001013,M001,ORD000810,Xpressbees,delivered,3,no,140.53,3,560100,Electronic City,Bangalore
SHP001014,M001,ORD000828,BlueDart,delivered,1,no,96.76,1,560100,Electronic City,Bangalore
SHP001015,M001,ORD004051,BlueDart,delivered,1,no,59.07,2,560103,Bellandur,Bangalore
SHP001016,M001,ORD002939,BlueDart,delivered,1,no,53.19,4,560048,Mahadevapura,Bangalore
SHP001017,M001,ORD001542,Delhivery,in_transit,1,no,124.66,4,560037,Marathahalli,Bangalore
SHP001018,M001,ORD004952,BlueDart,delivered,1,no,132.84,1,560037,Marathahalli,Bangalore
SHP001019,M001,ORD003645,BlueDart,rto,3,yes,90.45,9,560035,Sarjapur Road,Bangalore
SHP001020,M001,ORD001206,Ecom Express,delivered,2,no,84.76,2,560048,Mahadevapura,Bangalore
SHP001021,M001,ORD003555,Xpressbees,delivered,1,no,103.32,5,560076,BTM Layout,Bangalore
SHP001022,M001,ORD002618,Xpressbees,delivered,1,no,134.79,2,560102,HSR Layout,Bangalore
SHP001023,M001,ORD001420,Xpressbees,delivered,1,no,122.77,4,560036,KR Puram,Bangalore
SHP001024,M001,ORD002610,BlueDart,delivered,1,no,73.37,3,560036,KR Puram,Bangalore
SHP001025,M001,ORD001715,Shiprocket,rto,2,yes,122.82,4,560037,Marathahalli,Bangalore
SHP001026,M001,ORD001568,BlueDart,delivered,1,no,91.43,2,560102,HSR Layout,Bangalore
SHP001027,M001,ORD000142,Xpressbees,delivered,2,no,46.47,4,560036,KR Puram,Bangalore
SHP001028,M001,ORD000889,Shiprocket,rto,1,yes,178.83,8,560100,Electronic City,Bangalore
SHP001029,M001,ORD001847,Xpressbees,delivered,2,no,140.92,4,560037,Marathahalli,Bangalore
SHP001030,M001,ORD003736,Shiprocket,delivered,1,no,81.36,5,560004,Basavanagudi,Bangalore
SHP001031,M001,ORD002193,Ecom Express,failed_delivery,3,no,74.37,3,560071,Domlur,Bangalore
SHP001032,M001,ORD004407,Shiprocket,delivered,1,no,119.19,2,560103,Bellandur,Bangalore
SHP001033,M001,ORD001553,Delhivery,failed_delivery,2,no,80.18,3,560008,Ulsoor,Bangalore
SHP001034,M001,ORD004117,Shiprocket,delivered,1,no,130.25,4,560100,Electronic City,Bangalore
SHP001035,M001,ORD002208,Shiprocket,delivered,1,no,108.3,5,560024,Hebbal,Bangalore
SHP001036,M001,ORD004621,Delhivery,rto,2,yes,121.27,7,560100,Electronic City,Bangalore
SHP001037,M001,ORD001265,Xpressbees,delivered,1,no,117.22,2,560102,HSR Layout,Bangalore
SHP001038,M001,ORD001261,Xpressbees,delivered,2,no,112.79,1,560066,Whitefield,Bangalore
SHP001039,M001,ORD000059,Xpressbees,delivered,1,no,57.52,3,560037,Marathahalli,Bangalore
SHP001040,M001,ORD000427,Xpressbees,rto,2,yes,139.71,7,560010,Rajajinagar,Bangalore
SHP001041,M001,ORD000314,Xpressbees,delivered,1,no,126.38,4,560103,Bellandur,Bangalore
SHP001042,M001,ORD002916,Xpressbees,delivered,2,no,139.72,5,560071,Domlur,Bangalore
SHP001043,M001,ORD002804,Xpressbees,failed_delivery,2,no,59.42,3,560037,Brookefield,Bangalore
SHP001044,M001,ORD003209,Xpressbees,delivered,1,no,92.69,2,560102,HSR Layout,Bangalore
SHP001045,M001,ORD002039,Ecom Express,delivered,2,no,79.23,1,560001,MG Road,Bangalore
SHP001046,M001,ORD000916,Xpressbees,in_transit,1,no,71.17,3,560034,Koramangala,Bangalore
SHP001047,M001,ORD002989,Xpressbees,delivered,2,no,83.22,4,560037,Brookefield,Bangalore
SHP001048,M001,ORD000617,Xpressbees,delivered,1,no,112.86,2,560038,Indiranagar,Bangalore
SHP001049,M001,ORD004386,Xpressbees,delivered,1,no,52.78,4,560024,Hebbal,Bangalore
SHP001050,M001,ORD003586,Delhivery,delivered,1,no,47.27,1,560034,Koramangala,Bangalore
SHP001051,M001,ORD001606,Shiprocket,in_transit,1,no,116.9,2,560036,KR Puram,Bangalore
SHP001052,M001,ORD004572,Xpressbees,in_transit,1,no,66.39,1,560066,Whitefield,Bangalore
SHP001053,M001,ORD003916,Ecom Express,delivered,2,no,87.47,3,560038,Indiranagar,Bangalore
SHP001054,M001,ORD002231,BlueDart,in_transit,1,no,103.19,3,560017,Old Airport Road,Bangalore
SHP001055,M001,ORD000547,Delhivery,delivered,2,no,132.58,3,560037,Marathahalli,Bangalore
SHP001056,M001,ORD001083,Xpressbees,delivered,1,no,138.67,2,560103,Bellandur,Bangalore
SHP001057,M001,ORD000660,Delhivery,delivered,1,no,135.69,1,560037,Marathahalli,Bangalore
SHP001058,M001,ORD004028,Delhivery,rto,1,yes,95.06,6,560038,Indiranagar,Bangalore
SHP001059,M001,ORD002473,Xpressbees,delivered,1,no,146.71,3,560103,Bellandur,Bangalore
SHP001060,M001,ORD004257,BlueDart,rto,3,yes,143.59,4,560060,Kengeri,Bangalore
SHP001061,M001,ORD000915,Delhivery,delivered,2,no,127.99,5,560066,Whitefield,Bangalore
SHP001062,M001,ORD004120,Ecom Express,rto,3,yes,149.67,3,560058,Peenya,Bangalore
SHP001063,M001,ORD002514,BlueDart,in_transit,1,no,141.02,4,560100,Electronic City,Bangalore
SHP001064,M001,ORD000051,Ecom Express,in_transit,1,no,126.58,1,560037,Marathahalli,Bangalore
SHP001065,M001,ORD002343,Delhivery,delivered,2,no,70.32,4,560066,Whitefield,Bangalore
SHP001066,M001,ORD002725,Delhivery,delivered,2,no,94.6,2,560017,Old Airport Road,Bangalore
SHP001067,M001,ORD003903,Xpressbees,failed_delivery,3,no,76.38,9,560036,KR Puram,Bangalore
SHP001068,M001,ORD002167,Delhivery,delivered,1,no,98.27,5,560037,Brookefield,Bangalore
SHP001069,M001,ORD004021,Shiprocket,delivered,1,no,121.3,2,560037,Marathahalli,Bangalore
SHP001070,M001,ORD003095,BlueDart,delivered,1,no,151.73,4,560058,Peenya,Bangalore
SHP001071,M001,ORD003811,BlueDart,delivered,2,no,95.71,1,560008,Ulsoor,Bangalore
SHP001072,M001,ORD001926,Delhivery,in_transit,2,no,144.8,1,560037,Marathahalli,Bangalore
SHP001073,M001,ORD001300,BlueDart,delivered,1,no,126.83,2,560037,Brookefield,Bangalore
SHP001074,M001,ORD000844,Delhivery,in_transit,1,no,115.97,2,560102,HSR Layout,Bangalore
SHP001075,M001,ORD003542,BlueDart,failed_delivery,3,no,62.24,5,560102,HSR Layout,Bangalore
SHP001076,M001,ORD001805,Ecom Express,delivered,1,no,52.13,4,560048,Mahadevapura,Bangalore
SHP001077,M001,ORD000447,Xpressbees,delivered,1,no,190.42,2,560100,Electronic City,Bangalore
SHP001078,M001,ORD002970,Shiprocket,in_transit,1,no,62.99,3,560037,Brookefield,Bangalore
SHP001079,M001,ORD004039,Ecom Express,in_transit,2,no,147.34,1,560103,Bellandur,Bangalore
SHP001080,M001,ORD000970,Xpressbees,failed_delivery,1,no,123.56,6,560066,Whitefield,Bangalore
SHP001081,M001,ORD002475,Shiprocket,delivered,2,no,94.46,1,560008,Ulsoor,Bangalore
SHP001082,M001,ORD000800,Xpressbees,delivered,1,no,71.61,4,560037,Marathahalli,Bangalore
SHP001083,M001,ORD002378,Shiprocket,delivered,2,no,123.02,5,560017,Old Airport Road,Bangalore
SHP001084,M001,ORD003407,Delhivery,rto,1,yes,127.43,4,560078,JP Nagar,Bangalore
SHP001085,M001,ORD004565,Ecom Express,delivered,1,no,114.34,4,560004,Basavanagudi,Bangalore
SHP001086,M001,ORD003607,BlueDart,in_transit,2,no,63.16,2,560085,Banashankari,Bangalore
SHP001087,M001,ORD001328,Delhivery,delivered,1,no,66.65,1,560102,HSR Layout,Bangalore
SHP001088,M001,ORD004032,Delhivery,rto,2,yes,183.02,7,560100,Electronic City,Bangalore
SHP001089,M001,ORD000454,BlueDart,in_transit,1,no,54.37,4,560103,Bellandur,Bangalore
SHP001090,M001,ORD002736,Shiprocket,rto,3,yes,84.56,9,560048,Mahadevapura,Bangalore
SHP001091,M001,ORD004309,Delhivery,in_transit,1,no,75.5,3,560071,Domlur,Bangalore
SHP001092,M001,ORD002795,Delhivery,delivered,2,no,91.73,5,560066,Whitefield,Bangalore
SHP001093,M001,ORD004119,Shiprocket,delivered,1,no,79.09,3,560102,HSR Layout,Bangalore
SHP001094,M001,ORD003883,BlueDart,delivered,2,no,81.44,2,560076,Bannerghatta Road,Bangalore
SHP001095,M001,ORD004645,Shiprocket,delivered,1,no,103.06,1,560078,JP Nagar,Bangalore
SHP001096,M001,ORD003008,BlueDart,delivered,2,no,118.06,4,560008,Ulsoor,Bangalore
SHP001097,M001,ORD003126,Ecom Express,rto,1,yes,145.6,3,560037,Brookefield,Bangalore
SHP001098,M001,ORD000827,Shiprocket,delivered,1,no,77.23,3,560103,Bellandur,Bangalore
SHP001099,M001,ORD002548,Shiprocket,delivered,2,no,81.98,3,560103,Bellandur,Bangalore
SHP001100,M001,ORD000790,Delhivery,in_transit,2,no,101.16,1,560037,Marathahalli,Bangalore
SHP001101,M001,ORD002881,Ecom Express,in_transit,1,no,77.93,2,560102,HSR Layout,Bangalore
SHP001102,M001,ORD003104,BlueDart,delivered,2,no,128.3,4,560071,Domlur,Bangalore
SHP001103,M001,ORD001609,Delhivery,delivered,1,no,55.38,5,560036,KR Puram,Bangalore
SHP001104,M001,ORD004971,Shiprocket,failed_delivery,1,no,143.5,5,560102,HSR Layout,Bangalore
SHP001105,M001,ORD004186,Xpressbees,delivered,2,no,96.59,5,560037,Marathahalli,Bangalore
SHP001106,M001,ORD001917,BlueDart,delivered,1,no,118.95,4,560058,Peenya,Bangalore
SHP001107,M001,ORD004693,BlueDart,delivered,1,no,65.08,5,560024,Hebbal,Bangalore
SHP001108,M001,ORD003081,Delhivery,delivered,2,no,56.88,4,560017,Old Airport Road,Bangalore
SHP001109,M001,ORD000902,Delhivery,delivered,1,no,49.52,1,560071,Domlur,Bangalore
SHP001110,M001,ORD000725,Delhivery,delivered,1,no,111.7,2,560066,Whitefield,Bangalore
SHP001111,M001,ORD004479,Shiprocket,delivered,1,no,121.0,2,560034,Koramangala,Bangalore
SHP001112,M001,ORD002816,Delhivery,rto,3,yes,93.78,4,560100,Electronic City,Bangalore
SHP001113,M001,ORD003994,BlueDart,delivered,1,no,81.0,3,560103,Bellandur,Bangalore
SHP001114,M001,ORD000340,Delhivery,delivered,1,no,126.64,2,560100,Electronic City,Bangalore
SHP001115,M001,ORD000483,Ecom Express,delivered,1,no,123.52,3,560010,Rajajinagar,Bangalore
SHP001116,M001,ORD002237,BlueDart,delivered,2,no,121.69,1,560034,Koramangala,Bangalore
SHP001117,M001,ORD003355,BlueDart,failed_delivery,2,no,61.72,3,560034,Koramangala,Bangalore
SHP001118,M001,ORD004800,Shiprocket,delivered,1,no,65.6,5,560037,Marathahalli,Bangalore
SHP001119,M001,ORD000476,Shiprocket,in_transit,3,no,183.06,1,560100,Electronic City,Bangalore
SHP001120,M001,ORD003026,BlueDart,rto,2,yes,99.52,5,560102,HSR Layout,Bangalore
SHP001121,M001,ORD001431,Ecom Express,delivered,2,no,83.2,4,560078,JP Nagar,Bangalore
SHP001122,M001,ORD002430,BlueDart,rto,3,yes,102.44,8,560017,Old Airport Road,Bangalore
SHP001123,M001,ORD004945,Shiprocket,rto,2,yes,79.12,4,560076,BTM Layout,Bangalore
SHP001124,M001,ORD003033,Xpressbees,rto,1,yes,137.14,4,560034,Koramangala,Bangalore
SHP001125,M001,ORD001739,Delhivery,failed_delivery,3,no,137.53,8,560003,Malleshwaram,Bangalore
SHP001126,M001,ORD000474,Xpressbees,failed_delivery,1,no,150.46,3,560100,Electronic City,Bangalore
SHP001127,M001,ORD003194,Delhivery,rto,3,yes,119.61,3,560071,Domlur,Bangalore
SHP001128,M001,ORD001305,Ecom Express,rto,2,yes,76.21,5,560004,Basavanagudi,Bangalore
SHP001129,M001,ORD002886,BlueDart,delivered,2,no,156.72,2,560100,Electronic City,Bangalore
SHP001130,M001,ORD000178,Delhivery,delivered,1,no,55.97,1,560085,Banashankari,Bangalore
SHP001131,M001,ORD000687,BlueDart,delivered,1,no,91.16,3,560066,Whitefield,Bangalore
SHP001132,M001,ORD002486,Delhivery,delivered,1,no,125.19,5,560048,Mahadevapura,Bangalore
SHP001133,M001,ORD003004,Ecom Express,delivered,1,no,77.43,3,560037,Marathahalli,Bangalore
SHP001134,M001,ORD001402,Delhivery,delivered,1,no,140.27,2,560040,Vijayanagar,Bangalore
SHP001135,M001,ORD000499,BlueDart,delivered,1,no,117.52,3,560048,Mahadevapura,Bangalore
SHP001136,M001,ORD001579,Ecom Express,delivered,1,no,119.73,4,560103,Bellandur,Bangalore
SHP001137,M001,ORD003961,Delhivery,delivered,1,no,86.75,4,560034,Koramangala,Bangalore
SHP001138,M001,ORD000310,Shiprocket,rto,1,yes,99.14,4,560048,Mahadevapura,Bangalore
SHP001139,M001,ORD000243,BlueDart,in_transit,1,no,148.51,4,560010,Rajajinagar,Bangalore
SHP001140,M001,ORD003135,Xpressbees,delivered,1,no,105.92,5,560037,Marathahalli,Bangalore
SHP001141,M001,ORD004467,Xpressbees,failed_delivery,2,no,84.79,4,560037,Brookefield,Bangalore
SHP001142,M001,ORD003311,Shiprocket,delivered,2,no,55.27,1,560103,Bellandur,Bangalore
SHP001143,M001,ORD003518,Shiprocket,failed_delivery,1,no,51.02,9,560036,KR Puram,Bangalore
SHP001144,M001,ORD002401,Xpressbees,delivered,2,no,125.13,4,560103,Bellandur,Bangalore
SHP001145,M001,ORD003667,Delhivery,in_transit,2,no,125.51,1,560037,Marathahalli,Bangalore
SHP001146,M001,ORD001916,Delhivery,delivered,1,no,126.89,1,560035,Sarjapur Road,Bangalore
SHP001147,M001,ORD000163,Ecom Express,delivered,1,no,71.02,4,560076,Bannerghatta Road,Bangalore
SHP001148,M001,ORD003215,Delhivery,delivered,2,no,89.56,2,560048,Mahadevapura,Bangalore
SHP001149,M001,ORD004327,Ecom Express,delivered,1,no,57.83,4,560071,Domlur,Bangalore
SHP001150,M001,ORD001741,Xpressbees,delivered,1,no,103.98,3,560035,Sarjapur Road,Bangalore
SHP001151,M001,ORD002977,BlueDart,delivered,2,no,70.54,2,560008,Ulsoor,Bangalore
SHP001152,M001,ORD003100,Shiprocket,delivered,2,no,45.02,5,560066,Whitefield,Bangalore
SHP001153,M001,ORD001557,Delhivery,delivered,1,no,73.14,1,560004,Basavanagudi,Bangalore
SHP001154,M001,ORD001953,Delhivery,delivered,1,no,51.21,5,560076,Bannerghatta Road,Bangalore
SHP001155,M001,ORD002452,Shiprocket,delivered,3,no,61.71,1,560036,KR Puram,Bangalore
SHP001156,M001,ORD004326,Shiprocket,delivered,3,no,78.64,2,560041,Jayanagar,Bangalore
SHP001157,M001,ORD003881,Xpressbees,delivered,1,no,45.94,3,560037,Marathahalli,Bangalore
SHP001158,M001,ORD004269,BlueDart,delivered,1,no,130.13,5,560024,Hebbal,Bangalore
SHP001159,M001,ORD004434,BlueDart,in_transit,1,no,109.86,4,560085,Banashankari,Bangalore
SHP001160,M001,ORD003226,Ecom Express,delivered,2,no,78.89,2,560036,KR Puram,Bangalore
SHP001161,M001,ORD002290,Shiprocket,failed_delivery,2,no,182.65,5,560060,Kengeri,Bangalore
SHP001162,M001,ORD000633,Xpressbees,delivered,2,no,99.8,2,560103,Bellandur,Bangalore
SHP001163,M001,ORD002668,BlueDart,delivered,1,no,68.33,5,560034,Koramangala,Bangalore
SHP001164,M001,ORD001611,BlueDart,rto,1,yes,114.29,7,560034,Koramangala,Bangalore
SHP001165,M001,ORD002635,Shiprocket,failed_delivery,3,no,147.33,7,560071,Domlur,Bangalore
SHP001166,M001,ORD001404,Xpressbees,delivered,3,no,79.23,4,560048,Mahadevapura,Bangalore
SHP001167,M001,ORD001972,Ecom Express,delivered,2,no,138.73,5,560036,KR Puram,Bangalore
SHP001168,M001,ORD004614,Shiprocket,delivered,2,no,61.27,4,560037,Marathahalli,Bangalore
SHP001169,M001,ORD002398,BlueDart,delivered,1,no,140.81,3,560058,Peenya,Bangalore
SHP001170,M001,ORD002368,Delhivery,failed_delivery,3,no,128.27,7,560071,Domlur,Bangalore
SHP001171,M001,ORD004564,Shiprocket,failed_delivery,3,no,130.38,9,560071,Domlur,Bangalore
SHP001172,M001,ORD002724,BlueDart,delivered,1,no,116.78,5,560103,Bellandur,Bangalore
SHP001173,M001,ORD004427,Delhivery,delivered,1,no,103.97,2,560100,Electronic City,Bangalore
SHP001174,M001,ORD000312,BlueDart,delivered,2,no,96.15,3,560037,Marathahalli,Bangalore
SHP001175,M001,ORD003391,Ecom Express,delivered,1,no,69.43,3,560008,Ulsoor,Bangalore
SHP001176,M001,ORD000387,BlueDart,delivered,1,no,180.01,5,560100,Electronic City,Bangalore
SHP001177,M001,ORD003410,Shiprocket,delivered,1,no,61.9,3,560037,Marathahalli,Bangalore
SHP001178,M001,ORD002412,Xpressbees,delivered,1,no,91.08,4,560041,Jayanagar,Bangalore
SHP001179,M001,ORD004449,Delhivery,delivered,2,no,123.93,4,560100,Electronic City,Bangalore
SHP001180,M001,ORD004692,Xpressbees,delivered,1,no,108.64,1,560037,Brookefield,Bangalore
SHP001181,M001,ORD000428,Xpressbees,delivered,1,no,144.03,3,560102,HSR Layout,Bangalore
SHP001182,M001,ORD000345,Delhivery,delivered,2,no,91.62,3,560008,Ulsoor,Bangalore
SHP001183,M001,ORD002034,Delhivery,delivered,1,no,62.24,5,560004,Basavanagudi,Bangalore
SHP001184,M001,ORD001515,Xpressbees,rto,2,yes,114.13,5,560036,KR Puram,Bangalore
SHP001185,M001,ORD001267,Delhivery,delivered,1,no,48.93,4,560048,Mahadevapura,Bangalore
SHP001186,M001,ORD004757,Shiprocket,delivered,1,no,100.63,5,560037,Marathahalli,Bangalore
SHP001187,M001,ORD004431,Delhivery,delivered,1,no,162.87,2,560100,Electronic City,Bangalore
SHP001188,M001,ORD000282,BlueDart,delivered,1,no,79.8,3,560102,HSR Layout,Bangalore
SHP001189,M001,ORD003133,Delhivery,delivered,2,no,87.7,1,560038,Indiranagar,Bangalore
SHP001190,M001,ORD004128,Xpressbees,failed_delivery,2,no,98.21,4,560102,HSR Layout,Bangalore
SHP001191,M001,ORD000801,Xpressbees,delivered,1,no,143.71,2,560036,KR Puram,Bangalore
SHP001192,M001,ORD001520,Xpressbees,delivered,1,no,103.83,1,560041,Jayanagar,Bangalore
SHP001193,M001,ORD000577,Shiprocket,delivered,2,no,98.77,1,560064,Jakkur,Bangalore
SHP001194,M001,ORD003127,BlueDart,delivered,1,no,65.34,4,560103,Bellandur,Bangalore
SHP001195,M001,ORD004882,Delhivery,delivered,1,no,75.83,1,560048,Mahadevapura,Bangalore
SHP001196,M001,ORD001775,BlueDart,failed_delivery,3,no,104.07,4,560098,RR Nagar,Bangalore
SHP001197,M001,ORD004688,Shiprocket,delivered,2,no,63.51,4,560071,Domlur,Bangalore
SHP001198,M001,ORD001221,BlueDart,in_transit,1,no,134.89,2,560103,Bellandur,Bangalore
SHP001199,M001,ORD002919,Ecom Express,delivered,1,no,105.13,1,560040,Vijayanagar,Bangalore
SHP001200,M001,ORD001476,Ecom Express,delivered,1,no,125.5,4,560037,Marathahalli,Bangalore
SHP001201,M001,ORD003371,BlueDart,delivered,2,no,118.37,2,560036,KR Puram,Bangalore
SHP001202,M001,ORD002589,Xpressbees,in_transit,1,no,138.33,3,560037,Marathahalli,Bangalore
SHP001203,M001,ORD000162,Xpressbees,delivered,1,no,156.29,4,560100,Electronic City,Bangalore
SHP001204,M001,ORD001682,Delhivery,failed_delivery,3,no,138.71,9,560035,Sarjapur Road,Bangalore
SHP001205,M001,ORD001617,Ecom Express,rto,3,yes,122.86,3,560102,HSR Layout,Bangalore
SHP001206,M001,ORD003465,Ecom Express,delivered,1,no,97.11,3,560103,Bellandur,Bangalore
SHP001207,M001,ORD002286,BlueDart,rto,3,yes,121.46,3,560102,HSR Layout,Bangalore
SHP001208,M001,ORD002283,Xpressbees,delivered,2,no,86.62,5,560041,Jayanagar,Bangalore
SHP001209,M001,ORD003472,Ecom Express,in_transit,1,no,71.45,4,560037,Marathahalli,Bangalore
SHP001210,M001,ORD003760,Xpressbees,delivered,2,no,95.72,1,560103,Bellandur,Bangalore
SHP001211,M001,ORD004445,Shiprocket,delivered,2,no,90.12,2,560066,Whitefield,Bangalore
SHP001212,M001,ORD003213,Shiprocket,delivered,1,no,125.07,3,560034,Koramangala,Bangalore
SHP001213,M001,ORD001761,Ecom Express,delivered,1,no,82.65,2,560037,Brookefield,Bangalore
SHP001214,M001,ORD002035,Shiprocket,delivered,1,no,114.56,4,560066,Whitefield,Bangalore
SHP001215,M001,ORD000628,BlueDart,in_transit,2,no,75.45,4,560048,Mahadevapura,Bangalore
SHP001216,M001,ORD003732,Ecom Express,delivered,2,no,76.51,1,560034,Koramangala,Bangalore
SHP001217,M001,ORD000232,Xpressbees,delivered,1,no,129.5,3,560076,Bannerghatta Road,Bangalore
SHP001218,M001,ORD001130,Shiprocket,delivered,1,no,56.9,5,560102,HSR Layout,Bangalore
SHP001219,M001,ORD003163,Shiprocket,delivered,2,no,93.14,1,560060,Kengeri,Bangalore
SHP001220,M001,ORD002418,Xpressbees,in_transit,3,no,111.21,4,560048,Mahadevapura,Bangalore
SHP001221,M001,ORD001186,Ecom Express,delivered,2,no,124.98,5,560100,Electronic City,Bangalore
SHP001222,M001,ORD002115,Delhivery,delivered,1,no,98.82,2,560066,Whitefield,Bangalore
SHP001223,M001,ORD001545,BlueDart,delivered,1,no,103.27,5,560071,Domlur,Bangalore
SHP001224,M001,ORD003463,Xpressbees,in_transit,1,no,146.69,1,560041,Jayanagar,Bangalore
SHP001225,M001,ORD002415,Delhivery,delivered,2,no,129.98,3,560034,Koramangala,Bangalore
SHP001226,M001,ORD004841,Ecom Express,delivered,1,no,149.98,1,560071,Domlur,Bangalore
SHP001227,M001,ORD000209,Delhivery,delivered,1,no,159.85,3,560058,Peenya,Bangalore
SHP001228,M001,ORD004632,Delhivery,delivered,2,no,117.2,5,560035,Sarjapur Road,Bangalore
SHP001229,M001,ORD000083,Ecom Express,in_transit,1,no,134.02,1,560071,Domlur,Bangalore
SHP001230,M001,ORD001763,Xpressbees,delivered,1,no,146.41,2,560036,KR Puram,Bangalore
SHP001231,M001,ORD004526,Shiprocket,delivered,1,no,83.26,2,560034,Koramangala,Bangalore
SHP001232,M001,ORD000650,BlueDart,delivered,2,no,110.27,3,560041,Jayanagar,Bangalore
SHP001233,M001,ORD003400,BlueDart,delivered,1,no,143.62,3,560071,Domlur,Bangalore
SHP001234,M001,ORD001589,Delhivery,in_transit,1,no,80.03,1,560038,Indiranagar,Bangalore
SHP001235,M001,ORD003129,Shiprocket,failed_delivery,2,no,68.3,6,560037,Brookefield,Bangalore
SHP001236,M001,ORD002339,Shiprocket,delivered,2,no,78.2,3,560066,Whitefield,Bangalore
SHP001237,M001,ORD000032,Delhivery,delivered,2,no,125.61,2,560003,Malleshwaram,Bangalore
SHP001238,M001,ORD002459,BlueDart,in_transit,1,no,84.85,3,560048,Mahadevapura,Bangalore
SHP001239,M001,ORD000063,Xpressbees,rto,2,yes,73.12,4,560036,KR Puram,Bangalore
SHP001240,M001,ORD002060,Delhivery,delivered,1,no,84.2,5,560102,HSR Layout,Bangalore
SHP001241,M001,ORD002170,Delhivery,delivered,1,no,116.99,4,560034,Koramangala,Bangalore
SHP001242,M001,ORD000821,Ecom Express,delivered,3,no,108.06,3,560034,Koramangala,Bangalore
SHP001243,M001,ORD004167,Shiprocket,delivered,1,no,139.3,3,560060,Kengeri,Bangalore
SHP001244,M001,ORD002139,Shiprocket,delivered,1,no,83.35,3,560103,Bellandur,Bangalore
SHP001245,M001,ORD000714,Xpressbees,delivered,2,no,101.7,1,560037,Marathahalli,Bangalore
SHP001246,M001,ORD002360,Ecom Express,delivered,1,no,59.92,1,560103,Bellandur,Bangalore
SHP001247,M001,ORD004224,Delhivery,delivered,3,no,73.55,4,560103,Bellandur,Bangalore
SHP001248,M001,ORD004396,Ecom Express,delivered,1,no,141.33,1,560004,Basavanagudi,Bangalore
SHP001249,M001,ORD004523,BlueDart,delivered,1,no,102.46,2,560048,Mahadevapura,Bangalore
SHP001250,M001,ORD004744,BlueDart,delivered,2,no,131.17,4,560076,BTM Layout,Bangalore
SHP001251,M001,ORD000215,Shiprocket,in_transit,2,no,141.41,1,560037,Marathahalli,Bangalore
SHP001252,M001,ORD003624,Delhivery,delivered,2,no,141.21,4,560102,HSR Layout,Bangalore
SHP001253,M001,ORD004702,Xpressbees,rto,1,yes,74.87,6,560008,Ulsoor,Bangalore
SHP001254,M001,ORD001196,Delhivery,in_transit,1,no,131.88,4,560102,HSR Layout,Bangalore
SHP001255,M001,ORD000130,Ecom Express,delivered,1,no,205.45,2,560100,Electronic City,Bangalore
SHP001256,M001,ORD000708,Xpressbees,rto,2,yes,173.05,7,560100,Electronic City,Bangalore
SHP001257,M001,ORD001961,Ecom Express,delivered,1,no,66.74,1,560024,Hebbal,Bangalore
SHP001258,M001,ORD000741,Delhivery,delivered,1,no,84.37,1,560071,Domlur,Bangalore
SHP001259,M001,ORD003885,Xpressbees,delivered,1,no,68.57,4,560038,Indiranagar,Bangalore
SHP001260,M001,ORD003863,Ecom Express,delivered,1,no,77.26,1,560034,Koramangala,Bangalore
SHP001261,M001,ORD004961,Xpressbees,in_transit,1,no,116.83,3,560100,Electronic City,Bangalore
SHP001262,M001,ORD003601,Shiprocket,delivered,1,no,78.66,4,560034,Koramangala,Bangalore
SHP001263,M001,ORD001870,Delhivery,delivered,2,no,70.02,1,560066,Whitefield,Bangalore
SHP001264,M001,ORD003257,Delhivery,in_transit,1,no,120.9,2,560071,Domlur,Bangalore
SHP001265,M001,ORD000603,Delhivery,delivered,2,no,141.37,5,560048,Mahadevapura,Bangalore
SHP001266,M001,ORD004864,Shiprocket,delivered,1,no,126.26,4,560103,Bellandur,Bangalore
SHP001267,M001,ORD004432,Ecom Express,delivered,1,no,116.63,5,560100,Electronic City,Bangalore
SHP001268,M001,ORD000049,Xpressbees,failed_delivery,2,no,173.11,7,560058,Peenya,Bangalore
SHP001269,M001,ORD000449,Ecom Express,in_transit,2,no,65.58,1,560071,Domlur,Bangalore
SHP001270,M001,ORD002330,Delhivery,delivered,1,no,149.09,4,560038,Indiranagar,Bangalore
SHP001271,M001,ORD004853,Ecom Express,rto,1,yes,130.53,5,560103,Bellandur,Bangalore
SHP001272,M001,ORD003525,Xpressbees,delivered,1,no,77.37,5,560017,Old Airport Road,Bangalore
SHP001273,M001,ORD003694,Shiprocket,delivered,1,no,85.04,5,560071,Domlur,Bangalore
SHP001274,M001,ORD003819,Shiprocket,delivered,1,no,46.01,4,560017,Old Airport Road,Bangalore
SHP001275,M001,ORD003272,BlueDart,delivered,1,no,107.34,1,560071,Domlur,Bangalore
SHP001276,M001,ORD001103,Shiprocket,in_transit,1,no,64.36,4,560037,Marathahalli,Bangalore
SHP001277,M001,ORD000556,Xpressbees,rto,3,yes,61.9,3,560036,KR Puram,Bangalore
SHP001278,M001,ORD004687,Ecom Express,failed_delivery,2,no,114.12,8,560036,KR Puram,Bangalore
SHP001279,M001,ORD001376,Shiprocket,delivered,3,no,172.51,1,560035,Sarjapur Road,Bangalore
SHP001280,M001,ORD001843,Delhivery,in_transit,1,no,88.12,1,560038,Indiranagar,Bangalore
SHP001281,M001,ORD001724,Delhivery,in_transit,1,no,142.45,3,560066,Whitefield,Bangalore
SHP001282,M001,ORD004749,Delhivery,rto,1,yes,98.78,9,560103,Bellandur,Bangalore
SHP001283,M001,ORD000964,Delhivery,delivered,1,no,171.16,2,560035,Sarjapur Road,Bangalore
SHP001284,M001,ORD004782,Delhivery,rto,3,yes,147.69,8,560102,HSR Layout,Bangalore
SHP001285,M001,ORD003597,BlueDart,rto,1,yes,144.56,6,560102,HSR Layout,Bangalore
SHP001286,M001,ORD003071,Xpressbees,delivered,1,no,104.21,5,560103,Bellandur,Bangalore
SHP001287,M001,ORD000857,BlueDart,delivered,2,no,73.04,5,560085,Banashankari,Bangalore
SHP001288,M001,ORD000122,Xpressbees,delivered,1,no,83.57,2,560037,Brookefield,Bangalore
SHP001289,M001,ORD004340,Delhivery,delivered,1,no,182.47,5,560100,Electronic City,Bangalore
SHP001290,M001,ORD004898,Shiprocket,delivered,1,no,118.16,1,560034,Koramangala,Bangalore
SHP001291,M001,ORD003593,Xpressbees,delivered,1,no,138.76,2,560038,Indiranagar,Bangalore
SHP001292,M001,ORD000144,Delhivery,delivered,1,no,138.09,4,560066,Whitefield,Bangalore
SHP001293,M001,ORD003237,Shiprocket,delivered,2,no,82.59,4,560066,Whitefield,Bangalore
SHP001294,M001,ORD003201,Ecom Express,delivered,1,no,86.2,4,560034,Koramangala,Bangalore
SHP001295,M001,ORD001102,Ecom Express,failed_delivery,2,no,187.88,5,560100,Electronic City,Bangalore
SHP001296,M001,ORD001500,Ecom Express,in_transit,1,no,89.44,2,560017,Old Airport Road,Bangalore
SHP001297,M001,ORD001025,BlueDart,in_transit,1,no,94.18,4,560008,Ulsoor,Bangalore
SHP001298,M001,ORD001513,Shiprocket,failed_delivery,2,no,80.08,5,560103,Bellandur,Bangalore
SHP001299,M001,ORD003381,Shiprocket,delivered,1,no,181.62,1,560058,Peenya,Bangalore
SHP001300,M001,ORD000404,Xpressbees,delivered,1,no,90.18,5,560037,Brookefield,Bangalore
SHP001301,M001,ORD002675,Shiprocket,delivered,1,no,122.5,1,560098,RR Nagar,Bangalore
SHP001302,M001,ORD000972,Shiprocket,delivered,1,no,50.84,5,560017,Old Airport Road,Bangalore
SHP001303,M001,ORD001446,Ecom Express,delivered,1,no,117.89,3,560036,KR Puram,Bangalore
SHP001304,M001,ORD004358,Delhivery,rto,2,yes,140.22,8,560037,Brookefield,Bangalore
SHP001305,M001,ORD004202,Xpressbees,delivered,1,no,70.87,3,560103,Bellandur,Bangalore
SHP001306,M001,ORD003072,Delhivery,delivered,2,no,149.81,2,560103,Bellandur,Bangalore
SHP001307,M001,ORD004639,Shiprocket,rto,2,yes,103.12,6,560078,JP Nagar,Bangalore
SHP001308,M001,ORD003683,Xpressbees,delivered,1,no,110.51,4,560103,Bellandur,Bangalore
SHP001309,M001,ORD003767,Shiprocket,in_transit,2,no,67.55,4,560037,Marathahalli,Bangalore
SHP001310,M001,ORD002994,Delhivery,delivered,1,no,117.85,1,560017,Old Airport Road,Bangalore
SHP001311,M001,ORD000596,Delhivery,delivered,1,no,71.99,3,560037,Marathahalli,Bangalore
SHP001312,M001,ORD004480,Shiprocket,in_transit,1,no,54.07,2,560103,Bellandur,Bangalore
SHP001313,M001,ORD003927,Xpressbees,delivered,2,no,145.05,5,560008,Ulsoor,Bangalore
SHP001314,M001,ORD000771,Shiprocket,delivered,1,no,153.71,2,560060,Kengeri,Bangalore
SHP001315,M001,ORD002976,BlueDart,rto,2,yes,204.31,5,560064,Yelahanka,Bangalore
SHP001316,M001,ORD000510,Delhivery,rto,2,yes,88.47,5,560037,Marathahalli,Bangalore
SHP001317,M001,ORD001020,BlueDart,delivered,1,no,134.33,1,560102,HSR Layout,Bangalore
SHP001318,M001,ORD003764,Shiprocket,failed_delivery,1,no,113.3,3,560076,BTM Layout,Bangalore
SHP001319,M001,ORD003388,Delhivery,delivered,1,no,49.27,5,560076,Bannerghatta Road,Bangalore
SHP001320,M001,ORD000290,Shiprocket,delivered,1,no,115.68,4,560102,HSR Layout,Bangalore
SHP001321,M001,ORD000840,Delhivery,delivered,1,no,104.51,3,560017,Old Airport Road,Bangalore
SHP001322,M001,ORD004147,Xpressbees,delivered,1,no,113.17,3,560100,Electronic City,Bangalore
SHP001323,M001,ORD001997,Xpressbees,rto,2,yes,149.71,7,560100,Electronic City,Bangalore
SHP001324,M001,ORD000768,Xpressbees,delivered,1,no,69.66,4,560048,Mahadevapura,Bangalore
SHP001325,M001,ORD001238,Ecom Express,failed_delivery,1,no,146.69,8,560001,MG Road,Bangalore
SHP001326,M001,ORD001099,BlueDart,delivered,2,no,74.47,1,560037,Brookefield,Bangalore
SHP001327,M001,ORD004538,Ecom Express,rto,1,yes,149.76,9,560102,HSR Layout,Bangalore
SHP001328,M001,ORD001298,Xpressbees,failed_delivery,3,no,183.28,4,560058,Peenya,Bangalore
SHP001329,M001,ORD000534,Ecom Express,rto,1,yes,57.51,3,560103,Bellandur,Bangalore
SHP001330,M001,ORD001028,Delhivery,rto,2,yes,123.44,7,560066,Whitefield,Bangalore
SHP001331,M001,ORD004486,Shiprocket,delivered,2,no,143.16,4,560035,Sarjapur Road,Bangalore
SHP001332,M001,ORD003349,BlueDart,delivered,2,no,110.87,1,560010,Rajajinagar,Bangalore
SHP001333,M001,ORD002900,Ecom Express,failed_delivery,2,no,64.42,3,560102,HSR Layout,Bangalore
SHP001334,M001,ORD000440,BlueDart,delivered,2,no,124.35,3,560041,Jayanagar,Bangalore
SHP001335,M001,ORD004759,Shiprocket,rto,2,yes,122.87,8,560017,Old Airport Road,Bangalore
SHP001336,M001,ORD003233,Delhivery,delivered,1,no,91.86,5,560103,Bellandur,Bangalore
SHP001337,M001,ORD000632,Xpressbees,delivered,1,no,146.84,4,560036,KR Puram,Bangalore
SHP001338,M001,ORD002159,BlueDart,delivered,1,no,50.88,4,560003,Malleshwaram,Bangalore
SHP001339,M001,ORD002850,Ecom Express,failed_delivery,1,no,149.6,6,560060,Kengeri,Bangalore
SHP001340,M001,ORD002848,Shiprocket,in_transit,1,no,99.6,4,560036,KR Puram,Bangalore
SHP001341,M001,ORD003441,Xpressbees,failed_delivery,3,no,108.9,4,560100,Electronic City,Bangalore
SHP001342,M001,ORD003108,Shiprocket,delivered,1,no,132.06,2,560036,KR Puram,Bangalore
SHP001343,M001,ORD000465,Xpressbees,in_transit,1,no,81.86,2,560103,Bellandur,Bangalore
SHP001344,M001,ORD004608,Shiprocket,delivered,2,no,91.71,1,560037,Marathahalli,Bangalore
SHP001345,M001,ORD000218,BlueDart,delivered,2,no,60.01,2,560034,Koramangala,Bangalore
SHP001346,M001,ORD002911,BlueDart,delivered,2,no,128.56,4,560103,Bellandur,Bangalore
SHP001347,M001,ORD002119,Ecom Express,in_transit,1,no,136.89,4,560034,Koramangala,Bangalore
SHP001348,M001,ORD001992,BlueDart,delivered,1,no,85.23,4,560041,Jayanagar,Bangalore
SHP001349,M001,ORD000097,Xpressbees,in_transit,2,no,127.7,1,560058,Peenya,Bangalore
SHP001350,M001,ORD003414,Shiprocket,delivered,1,no,194.85,3,560100,Electronic City,Bangalore
SHP001351,M001,ORD003511,Xpressbees,in_transit,1,no,93.42,4,560037,Marathahalli,Bangalore
SHP001352,M001,ORD000657,Ecom Express,delivered,1,no,70.29,1,560048,Mahadevapura,Bangalore
SHP001353,M001,ORD004082,Delhivery,delivered,1,no,109.72,3,560060,Kengeri,Bangalore
SHP001354,M001,ORD004342,BlueDart,delivered,1,no,72.79,5,560037,Brookefield,Bangalore
SHP001355,M001,ORD004863,Delhivery,delivered,1,no,117.19,4,560071,Domlur,Bangalore
SHP001356,M001,ORD001663,Shiprocket,failed_delivery,1,no,66.49,5,560066,Whitefield,Bangalore
SHP001357,M001,ORD001437,BlueDart,delivered,1,no,79.1,1,560008,Ulsoor,Bangalore
SHP001358,M001,ORD004560,Ecom Express,failed_delivery,2,no,79.06,5,560040,Vijayanagar,Bangalore
SHP001359,M001,ORD000318,Xpressbees,delivered,2,no,135.54,1,560102,HSR Layout,Bangalore
SHP001360,M001,ORD002717,Ecom Express,failed_delivery,2,no,107.71,6,560034,Koramangala,Bangalore
SHP001361,M001,ORD004890,Delhivery,in_transit,1,no,144.35,2,560040,Vijayanagar,Bangalore
SHP001362,M001,ORD001128,Ecom Express,delivered,1,no,53.06,2,560103,Bellandur,Bangalore
SHP001363,M001,ORD004852,BlueDart,rto,2,yes,143.78,7,560048,Mahadevapura,Bangalore
SHP001364,M001,ORD000491,Xpressbees,delivered,1,no,51.42,1,560066,Whitefield,Bangalore
SHP001365,M001,ORD002242,Xpressbees,delivered,1,no,109.35,5,560064,Yelahanka,Bangalore
SHP001366,M001,ORD004576,Xpressbees,in_transit,1,no,65.74,1,560103,Bellandur,Bangalore
SHP001367,M001,ORD003908,Ecom Express,delivered,3,no,110.05,4,560066,Whitefield,Bangalore
SHP001368,M001,ORD003880,Delhivery,in_transit,1,no,54.59,2,560037,Brookefield,Bangalore
SHP001369,M001,ORD003900,Xpressbees,delivered,1,no,160.95,4,560100,Electronic City,Bangalore
SHP001370,M001,ORD002141,Delhivery,delivered,1,no,131.67,3,560034,Koramangala,Bangalore
SHP001371,M001,ORD003604,Shiprocket,rto,2,yes,61.45,5,560017,Old Airport Road,Bangalore
SHP001372,M001,ORD002912,Xpressbees,delivered,1,no,109.45,3,560064,Yelahanka,Bangalore
SHP001373,M001,ORD004661,Shiprocket,delivered,1,no,111.45,5,560064,Jakkur,Bangalore
SHP001374,M001,ORD000161,BlueDart,delivered,2,no,148.0,5,560037,Marathahalli,Bangalore
SHP001375,M001,ORD002246,Xpressbees,delivered,1,no,110.36,4,560071,Domlur,Bangalore
SHP001376,M001,ORD002938,Xpressbees,failed_delivery,1,no,57.31,4,560066,Whitefield,Bangalore
SHP001377,M001,ORD002749,Xpressbees,delivered,1,no,140.3,1,560037,Marathahalli,Bangalore
SHP001378,M001,ORD003570,Xpressbees,delivered,2,no,110.51,3,560024,Hebbal,Bangalore
SHP001379,M001,ORD004563,Delhivery,in_transit,3,no,108.75,1,560035,Sarjapur Road,Bangalore
SHP001380,M001,ORD001944,BlueDart,delivered,1,no,132.27,4,560066,Whitefield,Bangalore
SHP001381,M001,ORD002818,BlueDart,delivered,1,no,57.82,3,560040,Vijayanagar,Bangalore
SHP001382,M001,ORD000041,BlueDart,delivered,1,no,66.19,5,560037,Marathahalli,Bangalore
SHP001383,M001,ORD001547,Shiprocket,delivered,1,no,63.27,5,560048,Mahadevapura,Bangalore
SHP001384,M001,ORD003296,Shiprocket,failed_delivery,1,no,49.93,3,560102,HSR Layout,Bangalore
SHP001385,M001,ORD001945,Shiprocket,delivered,1,no,134.75,1,560024,Hebbal,Bangalore
SHP001386,M001,ORD002973,Ecom Express,delivered,1,no,139.75,2,560100,Electronic City,Bangalore
SHP001387,M001,ORD000056,Shiprocket,delivered,1,no,87.63,4,560024,Hebbal,Bangalore
SHP001388,M001,ORD001484,Shiprocket,failed_delivery,3,no,125.16,5,560076,Bannerghatta Road,Bangalore
SHP001389,M001,ORD000188,Xpressbees,in_transit,1,no,49.08,4,560048,Mahadevapura,Bangalore
SHP001390,M001,ORD002700,Ecom Express,delivered,1,no,188.86,3,560100,Electronic City,Bangalore
SHP001391,M001,ORD003861,BlueDart,in_transit,2,no,176.4,2,560100,Electronic City,Bangalore
SHP001392,M001,ORD002873,Shiprocket,delivered,1,no,88.02,4,560008,Ulsoor,Bangalore
SHP001393,M001,ORD003403,BlueDart,delivered,1,no,71.62,2,560078,JP Nagar,Bangalore
SHP001394,M001,ORD001731,Ecom Express,delivered,2,no,112.95,2,560103,Bellandur,Bangalore
SHP001395,M001,ORD001996,Delhivery,delivered,3,no,123.2,2,560066,Whitefield,Bangalore
SHP001396,M001,ORD004626,BlueDart,delivered,1,no,194.71,4,560035,Sarjapur Road,Bangalore
SHP001397,M001,ORD001561,Delhivery,failed_delivery,3,no,119.43,8,560037,Marathahalli,Bangalore
SHP001398,M001,ORD001669,Delhivery,delivered,1,no,132.42,2,560076,BTM Layout,Bangalore
SHP001399,M001,ORD001401,Ecom Express,in_transit,1,no,100.29,1,560066,Whitefield,Bangalore
SHP001400,M001,ORD004298,Ecom Express,delivered,1,no,125.49,1,560064,Jakkur,Bangalore
SHP001401,M001,ORD004617,Xpressbees,in_transit,3,no,137.01,3,560102,HSR Layout,Bangalore
SHP001402,M001,ORD001164,Xpressbees,delivered,2,no,78.42,3,560034,Koramangala,Bangalore
SHP001403,M001,ORD003932,Xpressbees,delivered,2,no,92.56,4,560071,Domlur,Bangalore
SHP001404,M001,ORD002465,BlueDart,delivered,1,no,106.8,2,560034,Koramangala,Bangalore
SHP001405,M001,ORD001803,Ecom Express,delivered,1,no,138.79,5,560102,HSR Layout,Bangalore
SHP001406,M001,ORD000406,Ecom Express,delivered,1,no,50.94,3,560103,Bellandur,Bangalore
SHP001407,M001,ORD004169,Xpressbees,delivered,1,no,59.91,4,560078,JP Nagar,Bangalore
SHP001408,M001,ORD000997,Shiprocket,in_transit,1,no,101.2,1,560058,Peenya,Bangalore
SHP001409,M001,ORD001443,Delhivery,delivered,1,no,61.38,5,560076,BTM Layout,Bangalore
SHP001410,M001,ORD000117,BlueDart,delivered,1,no,131.27,1,560034,Koramangala,Bangalore
SHP001411,M001,ORD000540,Xpressbees,delivered,3,no,117.72,4,560036,KR Puram,Bangalore
SHP001412,M001,ORD004466,BlueDart,delivered,1,no,124.62,2,560036,KR Puram,Bangalore
SHP001413,M001,ORD000211,Xpressbees,rto,2,yes,65.61,7,560102,HSR Layout,Bangalore
SHP001414,M001,ORD001827,BlueDart,delivered,1,no,121.1,3,560103,Bellandur,Bangalore
SHP001415,M001,ORD000706,Xpressbees,delivered,1,no,67.59,5,560103,Bellandur,Bangalore
SHP001416,M001,ORD004998,Xpressbees,rto,2,yes,53.75,7,560103,Bellandur,Bangalore
SHP001417,M001,ORD003207,Ecom Express,rto,2,yes,80.06,3,560102,HSR Layout,Bangalore
SHP001418,M001,ORD002470,BlueDart,delivered,3,no,111.42,2,560078,JP Nagar,Bangalore
SHP001419,M001,ORD001528,Shiprocket,delivered,1,no,49.92,4,560071,Domlur,Bangalore
SHP001420,M001,ORD001106,Xpressbees,delivered,2,no,102.24,2,560102,HSR Layout,Bangalore
SHP001421,M001,ORD001322,Ecom Express,in_transit,1,no,49.82,3,560037,Marathahalli,Bangalore
SHP001422,M001,ORD004318,Delhivery,delivered,1,no,165.44,2,560035,Sarjapur Road,Bangalore
SHP001423,M001,ORD003474,Shiprocket,delivered,3,no,119.33,1,560037,Marathahalli,Bangalore
SHP001424,M001,ORD001262,Shiprocket,in_transit,1,no,119.93,4,560085,Banashankari,Bangalore
SHP001425,M001,ORD004997,Xpressbees,failed_delivery,2,no,133.4,6,560102,HSR Layout,Bangalore
SHP001426,M001,ORD004435,Shiprocket,delivered,1,no,140.92,2,560037,Brookefield,Bangalore
SHP001427,M001,ORD002842,BlueDart,delivered,1,no,113.11,5,560102,HSR Layout,Bangalore
SHP001428,M001,ORD000877,Shiprocket,failed_delivery,2,no,46.85,6,560037,Brookefield,Bangalore
SHP001429,M001,ORD003188,Xpressbees,delivered,1,no,105.09,3,560034,Koramangala,Bangalore
SHP001430,M001,ORD002451,Shiprocket,rto,3,yes,108.66,3,560001,MG Road,Bangalore
SHP001431,M001,ORD002309,Xpressbees,delivered,1,no,186.18,2,560100,Electronic City,Bangalore
SHP001432,M001,ORD003617,BlueDart,rto,3,yes,62.77,9,560066,Whitefield,Bangalore
SHP001433,M001,ORD004803,BlueDart,delivered,1,no,161.64,1,560100,Electronic City,Bangalore
SHP001434,M001,ORD003934,BlueDart,rto,2,yes,45.5,8,560034,Koramangala,Bangalore
SHP001435,M001,ORD003402,Ecom Express,failed_delivery,2,no,135.69,8,560064,Yelahanka,Bangalore
SHP001436,M001,ORD003216,Xpressbees,delivered,1,no,91.07,3,560037,Marathahalli,Bangalore
SHP001437,M001,ORD000825,Shiprocket,delivered,1,no,88.35,5,560048,Mahadevapura,Bangalore
SHP001438,M001,ORD003141,Xpressbees,rto,3,yes,53.08,8,560008,Ulsoor,Bangalore
SHP001439,M001,ORD004013,Delhivery,delivered,1,no,185.46,1,560100,Electronic City,Bangalore
SHP001440,M001,ORD002291,BlueDart,rto,2,yes,67.28,7,560004,Basavanagudi,Bangalore
SHP001441,M001,ORD001032,BlueDart,rto,3,yes,111.91,4,560071,Domlur,Bangalore
SHP001442,M001,ORD004707,Xpressbees,in_transit,1,no,45.97,3,560034,Koramangala,Bangalore
SHP001443,M001,ORD003680,BlueDart,delivered,1,no,185.43,3,560064,Yelahanka,Bangalore
SHP001444,M001,ORD002999,Ecom Express,in_transit,1,no,109.21,3,560008,Ulsoor,Bangalore
SHP001445,M001,ORD003805,Shiprocket,delivered,1,no,177.2,5,560100,Electronic City,Bangalore
SHP001446,M001,ORD004406,Delhivery,failed_delivery,2,no,69.62,4,560034,Koramangala,Bangalore
SHP001447,M001,ORD003637,Delhivery,in_transit,2,no,55.76,3,560037,Brookefield,Bangalore
SHP001448,M001,ORD004511,Shiprocket,delivered,3,no,79.61,5,560038,Indiranagar,Bangalore
SHP001449,M001,ORD002899,Ecom Express,in_transit,1,no,97.21,4,560035,Sarjapur Road,Bangalore
SHP001450,M001,ORD001839,Ecom Express,rto,1,yes,110.09,8,560102,HSR Layout,Bangalore
SHP001451,M001,ORD002336,Ecom Express,delivered,1,no,78.26,4,560037,Brookefield,Bangalore
SHP001452,M001,ORD001273,Delhivery,in_transit,3,no,47.62,2,560041,Jayanagar,Bangalore
SHP001453,M001,ORD000346,Delhivery,delivered,2,no,56.49,3,560066,Whitefield,Bangalore
SHP001454,M001,ORD003925,Shiprocket,delivered,1,no,139.77,3,560017,Old Airport Road,Bangalore
SHP001455,M001,ORD002097,Xpressbees,delivered,1,no,55.33,1,560103,Bellandur,Bangalore
SHP001456,M001,ORD000695,Ecom Express,delivered,1,no,131.37,3,560003,Malleshwaram,Bangalore
SHP001457,M001,ORD004920,Ecom Express,delivered,1,no,54.13,3,560008,Ulsoor,Bangalore
SHP001458,M001,ORD004259,Ecom Express,delivered,1,no,81.17,4,560037,Marathahalli,Bangalore
SHP001459,M001,ORD003323,Xpressbees,delivered,1,no,85.51,1,560066,Whitefield,Bangalore
SHP001460,M001,ORD000912,Ecom Express,failed_delivery,3,no,68.67,9,560071,Domlur,Bangalore
SHP001461,M001,ORD004822,BlueDart,delivered,1,no,91.95,2,560040,Vijayanagar,Bangalore
SHP001462,M001,ORD000798,Shiprocket,in_transit,1,no,91.21,3,560071,Domlur,Bangalore
SHP001463,M001,ORD004451,Ecom Express,failed_delivery,2,no,51.54,8,560103,Bellandur,Bangalore
SHP001464,M001,ORD000718,BlueDart,in_transit,1,no,132.21,4,560071,Domlur,Bangalore
SHP001465,M001,ORD004660,BlueDart,failed_delivery,3,no,137.66,6,560103,Bellandur,Bangalore
SHP001466,M001,ORD000029,Shiprocket,delivered,1,no,171.34,5,560058,Peenya,Bangalore
SHP001467,M001,ORD000707,Ecom Express,delivered,2,no,53.89,2,560103,Bellandur,Bangalore
SHP001468,M001,ORD002129,Xpressbees,rto,1,yes,116.38,6,560078,JP Nagar,Bangalore
SHP001469,M001,ORD000313,Xpressbees,failed_delivery,3,no,48.96,8,560102,HSR Layout,Bangalore
SHP001470,M001,ORD000529,BlueDart,delivered,1,no,93.96,1,560066,Whitefield,Bangalore
SHP001471,M001,ORD002503,Xpressbees,delivered,1,no,129.5,1,560034,Koramangala,Bangalore
SHP001472,M001,ORD001967,BlueDart,in_transit,1,no,138.86,1,560103,Bellandur,Bangalore
SHP001473,M001,ORD001391,Shiprocket,in_transit,1,no,121.85,1,560034,Koramangala,Bangalore
SHP001474,M001,ORD003734,BlueDart,delivered,2,no,134.58,1,560008,Ulsoor,Bangalore
SHP001475,M001,ORD000817,Xpressbees,delivered,2,no,117.83,5,560066,Whitefield,Bangalore
SHP001476,M001,ORD004078,Ecom Express,delivered,1,no,73.01,4,560102,HSR Layout,Bangalore
SHP001477,M001,ORD001590,Xpressbees,delivered,2,no,105.09,3,560102,HSR Layout,Bangalore
SHP001478,M001,ORD004393,Delhivery,delivered,2,no,84.78,1,560010,Rajajinagar,Bangalore
SHP001479,M001,ORD002778,Shiprocket,delivered,2,no,127.64,4,560102,HSR Layout,Bangalore
SHP001480,M001,ORD003572,BlueDart,delivered,2,no,149.35,3,560037,Brookefield,Bangalore
SHP001481,M001,ORD003894,Delhivery,delivered,2,no,133.22,5,560071,Domlur,Bangalore
SHP001482,M001,ORD001286,Shiprocket,delivered,2,no,118.57,3,560037,Brookefield,Bangalore
SHP001483,M001,ORD001061,Shiprocket,rto,1,yes,96.52,3,560085,Banashankari,Bangalore
SHP001484,M001,ORD001031,Xpressbees,delivered,1,no,45.46,3,560037,Marathahalli,Bangalore
SHP001485,M001,ORD000593,Ecom Express,delivered,1,no,109.7,2,560038,Indiranagar,Bangalore
SHP001486,M001,ORD004631,BlueDart,delivered,1,no,70.34,3,560085,Banashankari,Bangalore
SHP001487,M001,ORD001400,Shiprocket,delivered,2,no,114.99,4,560078,JP Nagar,Bangalore
SHP001488,M001,ORD002484,Shiprocket,delivered,2,no,107.34,3,560035,Sarjapur Road,Bangalore
SHP001489,M001,ORD004514,Shiprocket,delivered,2,no,46.9,1,560034,Koramangala,Bangalore
SHP001490,M001,ORD001798,Ecom Express,delivered,1,no,128.8,2,560041,Jayanagar,Bangalore
SHP001491,M001,ORD000319,Xpressbees,delivered,1,no,84.98,1,560034,Koramangala,Bangalore
SHP001492,M001,ORD003918,Ecom Express,delivered,2,no,112.71,2,560048,Mahadevapura,Bangalore
SHP001493,M001,ORD002583,BlueDart,delivered,1,no,75.82,4,560036,KR Puram,Bangalore
SHP001494,M001,ORD003646,Shiprocket,rto,1,yes,84.87,6,560102,HSR Layout,Bangalore
SHP001495,M001,ORD004521,Shiprocket,delivered,1,no,189.77,4,560064,Yelahanka,Bangalore
SHP001496,M001,ORD001184,Shiprocket,delivered,1,no,101.18,4,560048,Mahadevapura,Bangalore
SHP001497,M001,ORD001082,Delhivery,delivered,1,no,86.06,5,560037,Brookefield,Bangalore
SHP001498,M001,ORD003494,Xpressbees,in_transit,2,no,109.45,1,560040,Vijayanagar,Bangalore
SHP001499,M001,ORD001927,Xpressbees,failed_delivery,2,no,105.79,4,560003,Malleshwaram,Bangalore
SHP001500,M001,ORD001614,BlueDart,delivered,2,no,69.33,3,560037,Brookefield,Bangalore
SHP001501,M001,ORD001377,Xpressbees,delivered,1,no,99.84,4,560034,Koramangala,Bangalore
SHP001502,M001,ORD002422,Shiprocket,rto,1,yes,52.03,8,560041,Jayanagar,Bangalore
SHP001503,M001,ORD003978,BlueDart,in_transit,2,no,195.1,3,560058,Peenya,Bangalore
SHP001504,M001,ORD000945,Shiprocket,failed_delivery,3,no,159.35,8,560100,Electronic City,Bangalore
SHP001505,M001,ORD001179,BlueDart,delivered,1,no,66.84,1,560066,Whitefield,Bangalore
SHP001506,M001,ORD004683,Ecom Express,delivered,1,no,106.67,1,560034,Koramangala,Bangalore
SHP001507,M001,ORD001793,BlueDart,delivered,1,no,124.96,2,560001,MG Road,Bangalore
SHP001508,M001,ORD001817,Xpressbees,in_transit,1,no,172.07,2,560035,Sarjapur Road,Bangalore
SHP001509,M001,ORD000655,Xpressbees,delivered,1,no,139.48,4,560102,HSR Layout,Bangalore
SHP001510,M001,ORD000011,Shiprocket,failed_delivery,1,no,86.03,7,560102,HSR Layout,Bangalore
SHP001511,M001,ORD002867,Delhivery,failed_delivery,2,no,52.18,6,560098,RR Nagar,Bangalore
SHP001512,M001,ORD003148,Delhivery,delivered,3,no,58.59,3,560008,Ulsoor,Bangalore
SHP001513,M001,ORD002783,Shiprocket,rto,2,yes,87.58,6,560017,Old Airport Road,Bangalore
SHP001514,M001,ORD004231,Delhivery,rto,3,yes,116.76,7,560048,Mahadevapura,Bangalore
SHP001515,M001,ORD000103,Shiprocket,delivered,1,no,145.19,2,560038,Indiranagar,Bangalore
SHP001516,M001,ORD002946,Shiprocket,delivered,2,no,88.98,4,560103,Bellandur,Bangalore
SHP001517,M001,ORD003872,Xpressbees,rto,1,yes,126.56,4,560048,Mahadevapura,Bangalore
SHP001518,M001,ORD003984,Delhivery,delivered,2,no,88.93,4,560008,Ulsoor,Bangalore
SHP001519,M001,ORD001195,Ecom Express,failed_delivery,3,no,121.81,4,560010,Rajajinagar,Bangalore
SHP001520,M001,ORD001386,Ecom Express,in_transit,1,no,179.67,1,560035,Sarjapur Road,Bangalore
SHP001521,M001,ORD004227,Xpressbees,delivered,1,no,98.89,3,560008,Ulsoor,Bangalore
SHP001522,M001,ORD004499,Xpressbees,delivered,1,no,108.93,5,560037,Brookefield,Bangalore
SHP001523,M001,ORD002312,Xpressbees,failed_delivery,1,no,58.8,8,560008,Ulsoor,Bangalore
SHP001524,M001,ORD002085,Shiprocket,delivered,1,no,73.76,2,560066,Whitefield,Bangalore
SHP001525,M001,ORD000411,Xpressbees,delivered,1,no,80.07,4,560003,Malleshwaram,Bangalore
SHP001526,M001,ORD001681,Shiprocket,delivered,1,no,99.93,1,560037,Marathahalli,Bangalore
SHP001527,M001,ORD003878,BlueDart,delivered,1,no,97.99,3,560037,Brookefield,Bangalore
SHP001528,M001,ORD002688,Delhivery,delivered,1,no,127.71,2,560102,HSR Layout,Bangalore
SHP001529,M001,ORD004767,BlueDart,delivered,1,no,186.27,3,560100,Electronic City,Bangalore
SHP001530,M001,ORD003052,Shiprocket,delivered,1,no,144.4,2,560102,HSR Layout,Bangalore
SHP001531,M001,ORD000359,Xpressbees,delivered,1,no,115.62,5,560100,Electronic City,Bangalore
SHP001532,M001,ORD002588,Shiprocket,delivered,1,no,117.68,3,560076,Bannerghatta Road,Bangalore
SHP001533,M001,ORD002216,Delhivery,delivered,1,no,91.57,4,560103,Bellandur,Bangalore
SHP001534,M001,ORD001444,Ecom Express,delivered,3,no,62.73,1,560038,Indiranagar,Bangalore
SHP001535,M001,ORD000644,Delhivery,delivered,1,no,51.47,3,560071,Domlur,Bangalore
SHP001536,M001,ORD000046,BlueDart,failed_delivery,2,no,146.89,5,560060,Kengeri,Bangalore
SHP001537,M001,ORD002282,Shiprocket,delivered,2,no,148.59,5,560103,Bellandur,Bangalore
SHP001538,M001,ORD004453,Ecom Express,failed_delivery,2,no,83.34,7,560010,Rajajinagar,Bangalore
SHP001539,M001,ORD004733,Xpressbees,delivered,1,no,84.47,5,560008,Ulsoor,Bangalore
SHP001540,M001,ORD003495,Delhivery,delivered,1,no,192.4,5,560100,Electronic City,Bangalore
SHP001541,M001,ORD004481,Shiprocket,rto,3,yes,59.79,3,560037,Marathahalli,Bangalore
SHP001542,M001,ORD002734,Shiprocket,delivered,2,no,96.24,4,560036,KR Puram,Bangalore
SHP001543,M001,ORD002388,Xpressbees,delivered,1,no,81.66,3,560041,Jayanagar,Bangalore
SHP001544,M001,ORD001791,Xpressbees,delivered,1,no,61.46,4,560034,Koramangala,Bangalore
SHP001545,M001,ORD001569,Delhivery,delivered,2,no,141.84,3,560038,Indiranagar,Bangalore
SHP001546,M001,ORD003380,Shiprocket,in_transit,1,no,86.48,1,560010,Rajajinagar,Bangalore
SHP001547,M001,ORD004825,Ecom Express,delivered,1,no,161.57,5,560100,Electronic City,Bangalore
SHP001548,M001,ORD001425,Delhivery,delivered,1,no,170.95,1,560100,Electronic City,Bangalore
SHP001549,M001,ORD002738,Ecom Express,delivered,2,no,95.56,1,560036,KR Puram,Bangalore
SHP001550,M001,ORD003500,BlueDart,delivered,2,no,136.12,3,560066,Whitefield,Bangalore
SHP001551,M001,ORD002006,Xpressbees,rto,1,yes,132.13,5,560066,Whitefield,Bangalore
SHP001552,M001,ORD004835,Ecom Express,rto,3,yes,115.55,8,560035,Sarjapur Road,Bangalore
SHP001553,M001,ORD000240,Ecom Express,delivered,1,no,52.16,3,560102,HSR Layout,Bangalore
SHP001554,M001,ORD004461,Ecom Express,delivered,2,no,110.22,5,560071,Domlur,Bangalore
SHP001555,M001,ORD002932,Shiprocket,failed_delivery,2,no,108.74,9,560034,Koramangala,Bangalore
SHP001556,M001,ORD004785,BlueDart,delivered,1,no,72.9,2,560017,Old Airport Road,Bangalore
SHP001557,M001,ORD001853,Xpressbees,delivered,1,no,100.18,1,560076,Bannerghatta Road,Bangalore
SHP001558,M001,ORD003740,BlueDart,delivered,2,no,107.22,4,560066,Whitefield,Bangalore
SHP001559,M001,ORD000054,Delhivery,delivered,2,no,104.12,3,560102,HSR Layout,Bangalore
SHP001560,M001,ORD002421,BlueDart,delivered,1,no,130.19,4,560103,Bellandur,Bangalore
SHP001561,M001,ORD000533,Xpressbees,delivered,1,no,54.04,4,560066,Whitefield,Bangalore
SHP001562,M001,ORD003302,Ecom Express,failed_delivery,1,no,128.87,9,560103,Bellandur,Bangalore
SHP001563,M001,ORD000506,BlueDart,delivered,2,no,144.3,1,560038,Indiranagar,Bangalore
SHP001564,M001,ORD001065,Delhivery,delivered,1,no,171.17,4,560064,Yelahanka,Bangalore
SHP001565,M001,ORD001952,Delhivery,rto,2,yes,187.61,3,560100,Electronic City,Bangalore
SHP001566,M001,ORD004170,Delhivery,delivered,2,no,128.94,2,560008,Ulsoor,Bangalore
SHP001567,M001,ORD001253,Delhivery,delivered,1,no,118.12,3,560036,KR Puram,Bangalore
SHP001568,M001,ORD000487,Shiprocket,delivered,2,no,54.99,3,560024,Hebbal,Bangalore
SHP001569,M001,ORD002599,BlueDart,delivered,1,no,89.71,5,560036,KR Puram,Bangalore
SHP001570,M001,ORD002813,Xpressbees,in_transit,1,no,81.72,1,560071,Domlur,Bangalore
SHP001571,M001,ORD004138,Xpressbees,delivered,1,no,137.92,3,560060,Kengeri,Bangalore
SHP001572,M001,ORD002105,Delhivery,rto,2,yes,46.2,3,560038,Indiranagar,Bangalore
SHP001573,M001,ORD000909,Shiprocket,in_transit,2,no,135.07,3,560004,Basavanagudi,Bangalore
SHP001574,M001,ORD004992,Ecom Express,in_transit,2,no,92.28,4,560048,Mahadevapura,Bangalore
SHP001575,M001,ORD004505,Delhivery,delivered,2,no,113.87,5,560037,Brookefield,Bangalore
SHP001576,M001,ORD000772,Shiprocket,failed_delivery,2,no,124.47,3,560034,Koramangala,Bangalore
SHP001577,M001,ORD003722,Delhivery,delivered,2,no,58.14,5,560102,HSR Layout,Bangalore
SHP001578,M001,ORD000935,Ecom Express,delivered,2,no,50.25,3,560037,Marathahalli,Bangalore
SHP001579,M001,ORD003457,BlueDart,delivered,2,no,133.61,5,560102,HSR Layout,Bangalore
SHP001580,M001,ORD002161,Xpressbees,rto,3,yes,81.74,9,560037,Marathahalli,Bangalore
SHP001581,M001,ORD002321,Ecom Express,failed_delivery,1,no,57.26,7,560102,HSR Layout,Bangalore
SHP001582,M001,ORD004508,BlueDart,delivered,1,no,110.8,4,560017,Old Airport Road,Bangalore
SHP001583,M001,ORD004595,Delhivery,delivered,1,no,162.63,1,560035,Sarjapur Road,Bangalore
SHP001584,M001,ORD004672,BlueDart,delivered,1,no,197.32,5,560100,Electronic City,Bangalore
SHP001585,M001,ORD002521,Delhivery,rto,3,yes,59.91,5,560040,Vijayanagar,Bangalore
SHP001586,M001,ORD001762,Ecom Express,delivered,2,no,89.44,1,560066,Whitefield,Bangalore
SHP001587,M001,ORD003244,Ecom Express,delivered,1,no,104.87,3,560017,Old Airport Road,Bangalore
SHP001588,M001,ORD000791,BlueDart,delivered,2,no,117.13,3,560071,Domlur,Bangalore
SHP001589,M001,ORD001439,Xpressbees,delivered,1,no,78.08,4,560041,Jayanagar,Bangalore
SHP001590,M001,ORD003631,Shiprocket,delivered,2,no,131.37,4,560034,Koramangala,Bangalore
SHP001591,M001,ORD001396,BlueDart,in_transit,2,no,136.95,4,560036,KR Puram,Bangalore
SHP001592,M001,ORD004701,Delhivery,delivered,1,no,63.84,5,560102,HSR Layout,Bangalore
SHP001593,M001,ORD001231,Delhivery,delivered,3,no,50.23,2,560066,Whitefield,Bangalore
SHP001594,M001,ORD003473,Xpressbees,in_transit,1,no,194.28,2,560060,Kengeri,Bangalore
SHP001595,M001,ORD003421,Xpressbees,delivered,1,no,121.77,2,560003,Malleshwaram,Bangalore
SHP001596,M001,ORD002052,Ecom Express,delivered,1,no,86.88,3,560037,Brookefield,Bangalore
SHP001597,M001,ORD004221,Shiprocket,failed_delivery,3,no,50.22,4,560071,Domlur,Bangalore
SHP001598,M001,ORD000277,Xpressbees,delivered,1,no,143.01,2,560066,Whitefield,Bangalore
SHP001599,M001,ORD000497,Shiprocket,in_transit,1,no,134.36,1,560066,Whitefield,Bangalore
SHP001600,M001,ORD004272,Xpressbees,delivered,1,no,47.11,5,560071,Domlur,Bangalore
SHP001601,M001,ORD002059,Xpressbees,failed_delivery,2,no,66.8,6,560102,HSR Layout,Bangalore
SHP001602,M001,ORD002978,Xpressbees,rto,3,yes,111.19,9,560100,Electronic City,Bangalore
SHP001603,M001,ORD002263,Ecom Express,rto,1,yes,75.92,5,560008,Ulsoor,Bangalore
SHP001604,M001,ORD003669,BlueDart,failed_delivery,2,no,118.32,9,560034,Koramangala,Bangalore
SHP001605,M001,ORD003006,Xpressbees,delivered,1,no,101.82,4,560037,Marathahalli,Bangalore
SHP001606,M001,ORD001266,Xpressbees,failed_delivery,2,no,51.13,4,560102,HSR Layout,Bangalore
SHP001607,M001,ORD001395,Delhivery,failed_delivery,2,no,103.71,7,560037,Marathahalli,Bangalore
SHP001608,M001,ORD004334,BlueDart,failed_delivery,1,no,55.39,5,560048,Mahadevapura,Bangalore
SHP001609,M001,ORD000811,Xpressbees,in_transit,1,no,129.71,3,560036,KR Puram,Bangalore
SHP001610,M001,ORD001973,BlueDart,delivered,1,no,133.88,5,560035,Sarjapur Road,Bangalore
SHP001611,M001,ORD002432,Xpressbees,rto,2,yes,89.77,5,560037,Brookefield,Bangalore
SHP001612,M001,ORD000397,Xpressbees,delivered,1,no,84.46,2,560071,Domlur,Bangalore
SHP001613,M001,ORD004282,Ecom Express,failed_delivery,3,no,150.08,9,560064,Yelahanka,Bangalore
SHP001614,M001,ORD004876,Shiprocket,rto,3,yes,92.87,9,560103,Bellandur,Bangalore
SHP001615,M001,ORD000638,Xpressbees,delivered,1,no,118.12,2,560071,Domlur,Bangalore
SHP001616,M001,ORD000028,Xpressbees,delivered,2,no,94.01,5,560064,Yelahanka,Bangalore
SHP001617,M001,ORD002523,Xpressbees,rto,2,yes,66.69,8,560037,Marathahalli,Bangalore
SHP001618,M001,ORD002662,Shiprocket,failed_delivery,1,no,103.75,6,560037,Brookefield,Bangalore
SHP001619,M001,ORD002366,Xpressbees,delivered,3,no,108.01,2,560034,Koramangala,Bangalore
SHP001620,M001,ORD001671,Delhivery,delivered,1,no,126.08,3,560100,Electronic City,Bangalore
SHP001621,M001,ORD002534,Xpressbees,failed_delivery,2,no,81.92,4,560103,Bellandur,Bangalore
SHP001622,M001,ORD003824,Delhivery,delivered,1,no,122.88,1,560037,Marathahalli,Bangalore
SHP001623,M001,ORD002673,Xpressbees,in_transit,2,no,88.82,2,560100,Electronic City,Bangalore
SHP001624,M001,ORD001837,BlueDart,delivered,3,no,142.56,3,560071,Domlur,Bangalore
SHP001625,M001,ORD001432,Ecom Express,rto,2,yes,102.46,6,560058,Peenya,Bangalore
SHP001626,M001,ORD004012,Ecom Express,in_transit,1,no,188.24,3,560100,Electronic City,Bangalore
SHP001627,M001,ORD004294,Ecom Express,delivered,2,no,131.41,1,560037,Brookefield,Bangalore
SHP001628,M001,ORD001552,BlueDart,delivered,2,no,69.89,1,560034,Koramangala,Bangalore
SHP001629,M001,ORD000246,BlueDart,failed_delivery,1,no,131.2,4,560102,HSR Layout,Bangalore
SHP001630,M001,ORD002563,BlueDart,delivered,2,no,61.69,1,560010,Rajajinagar,Bangalore
SHP001631,M001,ORD003869,Delhivery,delivered,1,no,145.64,2,560102,HSR Layout,Bangalore
SHP001632,M001,ORD000842,Delhivery,delivered,2,no,101.21,3,560037,Brookefield,Bangalore
SHP001633,M001,ORD000342,Delhivery,in_transit,1,no,64.44,4,560066,Whitefield,Bangalore
SHP001634,M001,ORD001531,Delhivery,delivered,1,no,76.54,3,560034,Koramangala,Bangalore
SHP001635,M001,ORD002800,Xpressbees,failed_delivery,2,no,101.53,9,560003,Malleshwaram,Bangalore
SHP001636,M001,ORD004073,BlueDart,failed_delivery,1,no,108.4,6,560037,Marathahalli,Bangalore
SHP001637,M001,ORD000625,Xpressbees,delivered,2,no,96.8,1,560034,Koramangala,Bangalore
SHP001638,M001,ORD001764,Delhivery,in_transit,2,no,138.62,1,560100,Electronic City,Bangalore
SHP001639,M001,ORD000899,Shiprocket,rto,1,yes,63.81,3,560048,Mahadevapura,Bangalore
SHP001640,M001,ORD002009,BlueDart,in_transit,1,no,98.95,2,560103,Bellandur,Bangalore
SHP001641,M001,ORD001946,Ecom Express,delivered,3,no,148.86,4,560100,Electronic City,Bangalore
SHP001642,M001,ORD002699,Xpressbees,delivered,1,no,81.85,1,560037,Brookefield,Bangalore
SHP001643,M001,ORD004934,BlueDart,delivered,2,no,59.51,4,560034,Koramangala,Bangalore
SHP001644,M001,ORD002427,Shiprocket,rto,2,yes,163.38,7,560100,Electronic City,Bangalore
SHP001645,M001,ORD004380,Xpressbees,delivered,2,no,80.03,2,560103,Bellandur,Bangalore
SHP001646,M001,ORD004140,Delhivery,delivered,2,no,104.51,3,560102,HSR Layout,Bangalore
SHP001647,M001,ORD003109,Ecom Express,in_transit,2,no,111.97,1,560066,Whitefield,Bangalore
SHP001648,M001,ORD000906,Xpressbees,delivered,1,no,190.84,2,560100,Electronic City,Bangalore
SHP001649,M001,ORD004320,BlueDart,delivered,1,no,146.72,2,560017,Old Airport Road,Bangalore
SHP001650,M001,ORD004966,BlueDart,delivered,1,no,69.08,4,560008,Ulsoor,Bangalore
SHP001651,M001,ORD001151,BlueDart,delivered,1,no,115.81,2,560034,Koramangala,Bangalore
SHP001652,M001,ORD000280,Shiprocket,delivered,1,no,142.57,1,560103,Bellandur,Bangalore
SHP001653,M001,ORD000374,Ecom Express,delivered,1,no,140.66,5,560066,Whitefield,Bangalore
SHP001654,M001,ORD001014,Ecom Express,delivered,3,no,134.16,2,560037,Brookefield,Bangalore
SHP001655,M001,ORD003106,Shiprocket,delivered,1,no,126.73,3,560037,Marathahalli,Bangalore
SHP001656,M001,ORD001627,Delhivery,delivered,1,no,125.28,4,560100,Electronic City,Bangalore
SHP001657,M001,ORD002617,BlueDart,delivered,2,no,93.89,1,560034,Koramangala,Bangalore
SHP001658,M001,ORD002259,Delhivery,delivered,1,no,102.16,1,560066,Whitefield,Bangalore
SHP001659,M001,ORD004200,Ecom Express,in_transit,2,no,109.0,2,560100,Electronic City,Bangalore
SHP001660,M001,ORD004955,Ecom Express,delivered,1,no,110.44,3,560076,BTM Layout,Bangalore
SHP001661,M001,ORD003270,Delhivery,in_transit,1,no,72.17,1,560038,Indiranagar,Bangalore
SHP001662,M001,ORD004570,BlueDart,delivered,1,no,90.75,4,560076,Bannerghatta Road,Bangalore
SHP001663,M001,ORD001070,Shiprocket,delivered,2,no,139.92,4,560037,Marathahalli,Bangalore
SHP001664,M001,ORD000950,BlueDart,in_transit,1,no,106.59,3,560102,HSR Layout,Bangalore
SHP001665,M001,ORD004239,Ecom Express,in_transit,1,no,129.47,1,560102,HSR Layout,Bangalore
SHP001666,M001,ORD002693,Shiprocket,delivered,1,no,53.12,4,560034,Koramangala,Bangalore
SHP001667,M001,ORD003353,BlueDart,failed_delivery,2,no,73.4,3,560037,Brookefield,Bangalore
SHP001668,M001,ORD001237,Shiprocket,delivered,1,no,130.25,4,560037,Brookefield,Bangalore
SHP001669,M001,ORD002494,Ecom Express,delivered,1,no,104.65,1,560064,Jakkur,Bangalore
SHP001670,M001,ORD004347,Delhivery,in_transit,1,no,99.84,4,560048,Mahadevapura,Bangalore
SHP001671,M001,ORD004253,Shiprocket,delivered,1,no,129.97,1,560037,Marathahalli,Bangalore
SHP001672,M001,ORD002569,Delhivery,delivered,1,no,61.05,5,560103,Bellandur,Bangalore
SHP001673,M001,ORD003224,Shiprocket,delivered,1,no,99.25,4,560071,Domlur,Bangalore
SHP001674,M001,ORD000555,Shiprocket,delivered,3,no,98.76,4,560066,Whitefield,Bangalore
SHP001675,M001,ORD002095,Shiprocket,delivered,2,no,57.08,5,560066,Whitefield,Bangalore
SHP001676,M001,ORD001477,Xpressbees,in_transit,1,no,140.25,2,560038,Indiranagar,Bangalore
SHP001677,M001,ORD002277,Delhivery,delivered,1,no,118.48,2,560103,Bellandur,Bangalore
SHP001678,M001,ORD003651,BlueDart,failed_delivery,2,no,136.68,3,560037,Marathahalli,Bangalore
SHP001679,M001,ORD004341,Shiprocket,delivered,2,no,124.56,5,560035,Sarjapur Road,Bangalore
SHP001680,M001,ORD000805,Shiprocket,delivered,1,no,48.8,5,560040,Vijayanagar,Bangalore
SHP001681,M001,ORD002895,Ecom Express,delivered,1,no,159.19,5,560100,Electronic City,Bangalore
SHP001682,M001,ORD004559,Delhivery,delivered,1,no,147.4,5,560037,Brookefield,Bangalore
SHP001683,M001,ORD003664,Ecom Express,delivered,2,no,51.5,1,560102,HSR Layout,Bangalore
SHP001684,M001,ORD003644,Ecom Express,delivered,1,no,80.88,1,560071,Domlur,Bangalore
SHP001685,M001,ORD001748,Xpressbees,delivered,2,no,71.47,3,560103,Bellandur,Bangalore
SHP001686,M001,ORD003103,BlueDart,delivered,2,no,149.0,1,560037,Brookefield,Bangalore
SHP001687,M001,ORD002765,Xpressbees,delivered,1,no,191.61,3,560035,Sarjapur Road,Bangalore
SHP001688,M001,ORD003092,Xpressbees,delivered,2,no,137.86,5,560001,MG Road,Bangalore
SHP001689,M001,ORD004561,Ecom Express,failed_delivery,2,no,132.92,9,560103,Bellandur,Bangalore
SHP001690,M001,ORD003297,BlueDart,delivered,1,no,135.99,2,560100,Electronic City,Bangalore
SHP001691,M001,ORD003040,Delhivery,in_transit,2,no,179.99,2,560100,Electronic City,Bangalore
SHP001692,M001,ORD004699,Ecom Express,delivered,2,no,174.27,2,560060,Kengeri,Bangalore
SHP001693,M001,ORD001652,Shiprocket,delivered,1,no,101.05,3,560066,Whitefield,Bangalore
SHP001694,M001,ORD000767,BlueDart,in_transit,2,no,95.79,1,560035,Sarjapur Road,Bangalore
SHP001695,M001,ORD002670,Ecom Express,delivered,2,no,45.88,5,560017,Old Airport Road,Bangalore
SHP001696,M001,ORD002067,Ecom Express,delivered,2,no,58.28,5,560048,Mahadevapura,Bangalore
SHP001697,M001,ORD004392,BlueDart,rto,2,yes,128.13,9,560037,Marathahalli,Bangalore
SHP001698,M001,ORD003779,Shiprocket,delivered,2,no,144.76,3,560078,JP Nagar,Bangalore
SHP001699,M001,ORD000694,Xpressbees,failed_delivery,3,no,106.4,4,560078,JP Nagar,Bangalore
SHP001700,M001,ORD000639,Shiprocket,rto,3,yes,96.38,3,560071,Domlur,Bangalore
SHP001701,M001,ORD002557,Xpressbees,rto,2,yes,100.56,8,560034,Koramangala,Bangalore
SHP001702,M001,ORD002814,Delhivery,delivered,2,no,106.8,1,560037,Brookefield,Bangalore
SHP001703,M001,ORD000541,Xpressbees,delivered,1,no,51.37,1,560048,Mahadevapura,Bangalore
SHP001704,M001,ORD003843,BlueDart,rto,2,yes,76.42,6,560071,Domlur,Bangalore
SHP001705,M001,ORD002769,Xpressbees,delivered,1,no,64.31,1,560103,Bellandur,Bangalore
SHP001706,M001,ORD004062,BlueDart,delivered,1,no,49.35,5,560008,Ulsoor,Bangalore
SHP001707,M001,ORD003800,Shiprocket,rto,2,yes,117.56,5,560017,Old Airport Road,Bangalore
SHP001708,M001,ORD002234,Xpressbees,delivered,1,no,140.77,1,560100,Electronic City,Bangalore
SHP001709,M001,ORD004828,BlueDart,delivered,2,no,146.35,1,560066,Whitefield,Bangalore
SHP001710,M001,ORD001978,Xpressbees,delivered,1,no,114.96,2,560036,KR Puram,Bangalore
SHP001711,M001,ORD004921,Xpressbees,delivered,1,no,61.71,5,560066,Whitefield,Bangalore
SHP001712,M001,ORD001889,BlueDart,failed_delivery,3,no,120.11,3,560066,Whitefield,Bangalore
SHP001713,M001,ORD002289,Xpressbees,delivered,1,no,160.15,2,560100,Electronic City,Bangalore
SHP001714,M001,ORD003856,Ecom Express,delivered,2,no,46.08,2,560008,Ulsoor,Bangalore
SHP001715,M001,ORD002295,Xpressbees,delivered,1,no,66.21,5,560103,Bellandur,Bangalore
SHP001716,M001,ORD003330,BlueDart,delivered,1,no,188.37,3,560100,Electronic City,Bangalore
SHP001717,M001,ORD004927,BlueDart,delivered,2,no,59.51,2,560008,Ulsoor,Bangalore
SHP001718,M001,ORD004310,Ecom Express,delivered,2,no,84.89,5,560102,HSR Layout,Bangalore
SHP001719,M001,ORD002456,BlueDart,delivered,1,no,112.4,3,560010,Rajajinagar,Bangalore
SHP001720,M001,ORD004766,Xpressbees,in_transit,2,no,87.71,3,560037,Marathahalli,Bangalore
SHP001721,M001,ORD003289,Xpressbees,in_transit,1,no,143.68,3,560036,KR Puram,Bangalore
SHP001722,M001,ORD004995,Shiprocket,delivered,2,no,147.91,2,560064,Jakkur,Bangalore
SHP001723,M001,ORD002467,Xpressbees,in_transit,1,no,104.18,2,560010,Rajajinagar,Bangalore
SHP001724,M001,ORD003446,Delhivery,delivered,1,no,114.58,4,560102,HSR Layout,Bangalore
SHP001725,M001,ORD002533,Xpressbees,delivered,1,no,96.78,1,560034,Koramangala,Bangalore
SHP001726,M001,ORD000894,BlueDart,in_transit,1,no,137.62,1,560103,Bellandur,Bangalore
SHP001727,M001,ORD001675,Xpressbees,delivered,1,no,50.56,1,560064,Jakkur,Bangalore
SHP001728,M001,ORD004025,Ecom Express,failed_delivery,3,no,89.21,5,560008,Ulsoor,Bangalore
SHP001729,M001,ORD002197,BlueDart,delivered,1,no,146.88,3,560060,Kengeri,Bangalore
SHP001730,M001,ORD000624,Shiprocket,delivered,1,no,83.22,3,560008,Ulsoor,Bangalore
SHP001731,M001,ORD001768,Xpressbees,delivered,1,no,70.04,3,560036,KR Puram,Bangalore
SHP001732,M001,ORD000738,Xpressbees,delivered,1,no,120.04,1,560037,Brookefield,Bangalore
SHP001733,M001,ORD000259,Delhivery,delivered,1,no,50.78,3,560048,Mahadevapura,Bangalore
SHP001734,M001,ORD003705,Ecom Express,delivered,1,no,120.52,2,560100,Electronic City,Bangalore
SHP001735,M001,ORD000100,Xpressbees,delivered,1,no,78.96,5,560017,Old Airport Road,Bangalore
SHP001736,M001,ORD001728,BlueDart,delivered,1,no,125.05,1,560103,Bellandur,Bangalore
SHP001737,M001,ORD002205,Ecom Express,delivered,1,no,96.47,3,560085,Banashankari,Bangalore
SHP001738,M001,ORD004279,Xpressbees,delivered,1,no,187.16,3,560064,Yelahanka,Bangalore
SHP001739,M001,ORD003626,Delhivery,delivered,2,no,88.56,4,560034,Koramangala,Bangalore
SHP001740,M001,ORD002865,Xpressbees,failed_delivery,3,no,88.47,6,560100,Electronic City,Bangalore
SHP001741,M001,ORD004957,Shiprocket,failed_delivery,2,no,185.67,7,560035,Sarjapur Road,Bangalore
SHP001742,M001,ORD003042,Xpressbees,delivered,1,no,101.08,1,560034,Koramangala,Bangalore
SHP001743,M001,ORD003123,Xpressbees,delivered,1,no,76.42,2,560037,Brookefield,Bangalore
SHP001744,M001,ORD000486,Delhivery,delivered,2,no,144.7,5,560034,Koramangala,Bangalore
SHP001745,M001,ORD004315,Xpressbees,in_transit,2,no,146.56,3,560035,Sarjapur Road,Bangalore
SHP001746,M001,ORD000549,Ecom Express,delivered,1,no,79.62,2,560036,KR Puram,Bangalore
SHP001747,M001,ORD003222,Delhivery,in_transit,1,no,97.88,2,560037,Brookefield,Bangalore
SHP001748,M001,ORD003827,Shiprocket,delivered,3,no,148.89,4,560008,Ulsoor,Bangalore
SHP001749,M001,ORD004607,Shiprocket,rto,1,yes,130.83,9,560035,Sarjapur Road,Bangalore
SHP001750,M001,ORD000873,Shiprocket,in_transit,1,no,121.3,4,560066,Whitefield,Bangalore
SHP001751,M001,ORD000160,Ecom Express,rto,3,yes,145.72,7,560037,Marathahalli,Bangalore
SHP001752,M001,ORD003654,Ecom Express,in_transit,1,no,145.52,1,560008,Ulsoor,Bangalore
SHP001753,M001,ORD003841,Xpressbees,delivered,2,no,118.14,1,560008,Ulsoor,Bangalore
SHP001754,M001,ORD000512,Xpressbees,delivered,1,no,129.94,3,560102,HSR Layout,Bangalore
SHP001755,M001,ORD001710,Shiprocket,delivered,2,no,103.06,4,560034,Koramangala,Bangalore
SHP001756,M001,ORD002923,Delhivery,delivered,2,no,75.01,4,560037,Marathahalli,Bangalore
SHP001757,M001,ORD002016,Ecom Express,in_transit,2,no,116.3,4,560066,Whitefield,Bangalore
SHP001758,M001,ORD000018,Xpressbees,delivered,1,no,122.46,5,560100,Electronic City,Bangalore
SHP001759,M001,ORD004616,Xpressbees,delivered,1,no,80.47,2,560076,BTM Layout,Bangalore
SHP001760,M001,ORD001714,Delhivery,delivered,1,no,108.96,4,560036,KR Puram,Bangalore
SHP001761,M001,ORD002019,BlueDart,in_transit,2,no,181.16,4,560064,Yelahanka,Bangalore
SHP001762,M001,ORD003153,Xpressbees,delivered,1,no,64.27,1,560071,Domlur,Bangalore
SHP001763,M001,ORD000009,Delhivery,delivered,2,no,169.11,2,560100,Electronic City,Bangalore
SHP001764,M001,ORD000390,Delhivery,delivered,1,no,48.56,2,560037,Marathahalli,Bangalore
SHP001765,M001,ORD003781,BlueDart,delivered,3,no,147.7,1,560064,Jakkur,Bangalore
SHP001766,M001,ORD002901,Xpressbees,delivered,1,no,98.03,5,560037,Marathahalli,Bangalore
SHP001767,M001,ORD004317,Delhivery,failed_delivery,2,no,118.36,8,560102,HSR Layout,Bangalore
SHP001768,M001,ORD002320,Ecom Express,delivered,1,no,125.97,1,560102,HSR Layout,Bangalore
SHP001769,M001,ORD000140,BlueDart,failed_delivery,1,no,90.31,6,560102,HSR Layout,Bangalore
SHP001770,M001,ORD002399,Xpressbees,rto,3,yes,54.31,8,560048,Mahadevapura,Bangalore
SHP001771,M001,ORD003498,Xpressbees,delivered,1,no,45.33,1,560036,KR Puram,Bangalore
SHP001772,M001,ORD002130,Shiprocket,delivered,2,no,148.99,2,560103,Bellandur,Bangalore
SHP001773,M001,ORD003870,BlueDart,delivered,1,no,47.04,1,560102,HSR Layout,Bangalore
SHP001774,M001,ORD004662,Ecom Express,delivered,2,no,59.21,5,560038,Indiranagar,Bangalore
SHP001775,M001,ORD003886,Shiprocket,delivered,1,no,82.61,1,560102,HSR Layout,Bangalore
SHP001776,M001,ORD000748,BlueDart,failed_delivery,1,no,50.4,6,560034,Koramangala,Bangalore
SHP001777,M001,ORD001968,BlueDart,rto,3,yes,117.28,6,560100,Electronic City,Bangalore
SHP001778,M001,ORD004136,Ecom Express,delivered,2,no,77.64,1,560034,Koramangala,Bangalore
SHP001779,M001,ORD002817,Shiprocket,delivered,1,no,145.77,2,560048,Mahadevapura,Bangalore
SHP001780,M001,ORD000093,BlueDart,in_transit,2,no,179.49,4,560058,Peenya,Bangalore
SHP001781,M001,ORD004245,Delhivery,delivered,1,no,78.6,5,560036,KR Puram,Bangalore
SHP001782,M001,ORD000069,Ecom Express,delivered,1,no,138.37,1,560100,Electronic City,Bangalore
SHP001783,M001,ORD003895,BlueDart,delivered,1,no,75.51,5,560098,RR Nagar,Bangalore
SHP001784,M001,ORD002696,Xpressbees,delivered,2,no,80.74,5,560102,HSR Layout,Bangalore
SHP001785,M001,ORD001563,BlueDart,delivered,1,no,117.7,2,560103,Bellandur,Bangalore
SHP001786,M001,ORD001044,Shiprocket,delivered,2,no,92.48,5,560024,Hebbal,Bangalore
SHP001787,M001,ORD004985,Ecom Express,in_transit,2,no,147.07,2,560100,Electronic City,Bangalore
SHP001788,M001,ORD001550,Shiprocket,failed_delivery,1,no,57.61,6,560102,HSR Layout,Bangalore
SHP001789,M001,ORD001829,Ecom Express,delivered,1,no,74.49,3,560037,Brookefield,Bangalore
SHP001790,M001,ORD003814,BlueDart,failed_delivery,1,no,135.84,8,560037,Marathahalli,Bangalore
SHP001791,M001,ORD002050,Ecom Express,in_transit,1,no,51.42,4,560037,Brookefield,Bangalore
SHP001792,M001,ORD003417,Xpressbees,delivered,3,no,70.71,5,560102,HSR Layout,Bangalore
SHP001793,M001,ORD002204,Shiprocket,delivered,1,no,71.51,1,560038,Indiranagar,Bangalore
SHP001794,M001,ORD001371,Shiprocket,delivered,1,no,74.37,5,560037,Marathahalli,Bangalore
SHP001795,M001,ORD001060,Ecom Express,failed_delivery,1,no,58.71,6,560017,Old Airport Road,Bangalore
SHP001796,M001,ORD004500,BlueDart,in_transit,2,no,131.58,3,560037,Marathahalli,Bangalore
SHP001797,M001,ORD000566,Delhivery,delivered,1,no,68.91,5,560001,MG Road,Bangalore
SHP001798,M001,ORD001470,BlueDart,delivered,1,no,142.18,5,560037,Brookefield,Bangalore
SHP001799,M001,ORD002590,Xpressbees,delivered,1,no,100.66,1,560004,Basavanagudi,Bangalore
SHP001800,M001,ORD003223,Shiprocket,delivered,2,no,89.39,4,560003,Malleshwaram,Bangalore
SHP001801,M001,ORD002667,Xpressbees,delivered,2,no,124.45,2,560017,Old Airport Road,Bangalore
SHP001802,M001,ORD003198,BlueDart,delivered,1,no,177.99,3,560035,Sarjapur Road,Bangalore
SHP001803,M001,ORD001865,Delhivery,delivered,1,no,52.29,3,560048,Mahadevapura,Bangalore
SHP001804,M001,ORD002806,Delhivery,rto,3,yes,137.88,9,560071,Domlur,Bangalore
SHP001805,M001,ORD003206,Xpressbees,delivered,2,no,145.23,1,560066,Whitefield,Bangalore
SHP001806,M001,ORD001872,BlueDart,delivered,3,no,126.8,3,560102,HSR Layout,Bangalore
SHP001807,M001,ORD001232,Shiprocket,delivered,2,no,120.46,4,560001,MG Road,Bangalore
SHP001808,M001,ORD003394,Xpressbees,in_transit,3,no,98.07,3,560001,MG Road,Bangalore
SHP001809,M001,ORD000349,Ecom Express,delivered,1,no,142.34,4,560064,Yelahanka,Bangalore
SHP001810,M001,ORD002245,Shiprocket,delivered,2,no,64.83,3,560037,Marathahalli,Bangalore
SHP001811,M001,ORD002714,BlueDart,delivered,1,no,130.62,4,560102,HSR Layout,Bangalore
SHP001812,M001,ORD002392,Shiprocket,delivered,3,no,64.29,5,560085,Banashankari,Bangalore
SHP001813,M001,ORD001260,Xpressbees,rto,2,yes,127.6,6,560035,Sarjapur Road,Bangalore
SHP001814,M001,ORD003595,Xpressbees,delivered,1,no,45.77,5,560066,Whitefield,Bangalore
SHP001815,M001,ORD003536,Xpressbees,failed_delivery,2,no,92.54,7,560010,Rajajinagar,Bangalore
SHP001816,M001,ORD004532,Ecom Express,failed_delivery,3,no,67.1,5,560066,Whitefield,Bangalore
SHP001817,M001,ORD001124,Shiprocket,delivered,1,no,50.47,2,560066,Whitefield,Bangalore
SHP001818,M001,ORD003469,BlueDart,delivered,2,no,45.75,1,560008,Ulsoor,Bangalore
SHP001819,M001,ORD001339,Shiprocket,delivered,1,no,122.07,2,560034,Koramangala,Bangalore
SHP001820,M001,ORD003634,Xpressbees,delivered,1,no,67.98,4,560103,Bellandur,Bangalore
SHP001821,M001,ORD002539,Delhivery,rto,2,yes,177.43,6,560035,Sarjapur Road,Bangalore
SHP001822,M001,ORD000175,Delhivery,in_transit,2,no,82.11,3,560037,Marathahalli,Bangalore
SHP001823,M001,ORD001894,Ecom Express,delivered,2,no,85.56,4,560034,Koramangala,Bangalore
SHP001824,M001,ORD003314,Delhivery,in_transit,1,no,51.69,3,560103,Bellandur,Bangalore
SHP001825,M001,ORD003991,Shiprocket,delivered,2,no,64.19,3,560008,Ulsoor,Bangalore
SHP001826,M001,ORD000727,Delhivery,delivered,3,no,121.35,4,560064,Yelahanka,Bangalore
SHP001827,M001,ORD001199,Xpressbees,delivered,1,no,91.11,3,560036,KR Puram,Bangalore
SHP001828,M001,ORD003540,Delhivery,delivered,1,no,129.3,3,560085,Banashankari,Bangalore
SHP001829,M001,ORD003875,Xpressbees,delivered,1,no,98.89,4,560034,Koramangala,Bangalore
SHP001830,M001,ORD000700,BlueDart,delivered,1,no,65.55,3,560037,Brookefield,Bangalore
SHP001831,M001,ORD002003,BlueDart,delivered,1,no,186.22,3,560100,Electronic City,Bangalore
SHP001832,M001,ORD001736,Delhivery,delivered,1,no,187.15,5,560100,Electronic City,Bangalore
SHP001833,M001,ORD003363,BlueDart,delivered,1,no,141.58,3,560017,Old Airport Road,Bangalore
SHP001834,M001,ORD003287,Delhivery,failed_delivery,2,no,50.59,8,560037,Brookefield,Bangalore
SHP001835,M001,ORD004263,Xpressbees,delivered,1,no,55.86,2,560048,Mahadevapura,Bangalore
SHP001836,M001,ORD003177,Xpressbees,rto,3,yes,213.5,6,560100,Electronic City,Bangalore
SHP001837,M001,ORD003412,Ecom Express,delivered,2,no,65.41,5,560037,Marathahalli,Bangalore
SHP001838,M001,ORD001251,Xpressbees,delivered,1,no,141.41,3,560024,Hebbal,Bangalore
SHP001839,M001,ORD001387,Shiprocket,rto,2,yes,92.64,5,560034,Koramangala,Bangalore
SHP001840,M001,ORD001729,Xpressbees,delivered,2,no,108.26,1,560010,Rajajinagar,Bangalore
SHP001841,M001,ORD003804,Shiprocket,delivered,1,no,168.82,3,560035,Sarjapur Road,Bangalore
SHP001842,M001,ORD000210,Delhivery,delivered,2,no,181.88,1,560035,Sarjapur Road,Bangalore
SHP001843,M001,ORD003164,Xpressbees,delivered,1,no,105.48,1,560048,Mahadevapura,Bangalore
SHP001844,M001,ORD002164,Xpressbees,rto,3,yes,96.86,9,560008,Ulsoor,Bangalore
SHP001845,M001,ORD000432,Xpressbees,rto,2,yes,97.5,5,560066,Whitefield,Bangalore
SHP001846,M001,ORD003923,Ecom Express,delivered,1,no,111.94,2,560036,KR Puram,Bangalore
SHP001847,M001,ORD000804,Ecom Express,delivered,3,no,70.15,1,560071,Domlur,Bangalore
SHP001848,M001,ORD000392,Xpressbees,delivered,1,no,67.56,5,560071,Domlur,Bangalore
SHP001849,M001,ORD000867,Ecom Express,rto,1,yes,50.39,4,560038,Indiranagar,Bangalore
SHP001850,M001,ORD001506,Delhivery,delivered,1,no,61.18,1,560103,Bellandur,Bangalore
SHP001851,M001,ORD004988,Ecom Express,delivered,3,no,64.18,4,560103,Bellandur,Bangalore
SHP001852,M001,ORD000769,Ecom Express,rto,3,yes,124.82,8,560066,Whitefield,Bangalore
SHP001853,M001,ORD003673,Shiprocket,failed_delivery,1,no,114.76,9,560076,BTM Layout,Bangalore
SHP001854,M001,ORD004414,Delhivery,delivered,2,no,54.51,1,560017,Old Airport Road,Bangalore
SHP001855,M001,ORD003082,Delhivery,delivered,1,no,146.86,5,560048,Mahadevapura,Bangalore
SHP001856,M001,ORD003205,Delhivery,delivered,2,no,67.54,3,560037,Marathahalli,Bangalore
SHP001857,M001,ORD000626,Ecom Express,delivered,1,no,71.39,3,560040,Vijayanagar,Bangalore
SHP001858,M001,ORD000065,Shiprocket,failed_delivery,3,no,56.07,6,560103,Bellandur,Bangalore
SHP001859,M001,ORD001488,BlueDart,in_transit,1,no,55.47,3,560066,Whitefield,Bangalore
SHP001860,M001,ORD001468,Ecom Express,delivered,1,no,68.35,2,560003,Malleshwaram,Bangalore
SHP001861,M001,ORD001076,Ecom Express,delivered,1,no,89.76,5,560037,Marathahalli,Bangalore
SHP001862,M001,ORD004624,Shiprocket,in_transit,2,no,160.62,4,560100,Electronic City,Bangalore
SHP001863,M001,ORD003725,Shiprocket,delivered,2,no,77.47,3,560102,HSR Layout,Bangalore
SHP001864,M001,ORD004131,Shiprocket,delivered,1,no,132.02,4,560034,Koramangala,Bangalore
SHP001865,M001,ORD000446,Shiprocket,delivered,1,no,80.76,4,560066,Whitefield,Bangalore
SHP001866,M001,ORD001494,Xpressbees,delivered,2,no,141.85,4,560102,HSR Layout,Bangalore
SHP001867,M001,ORD000460,Ecom Express,in_transit,3,no,98.9,1,560100,Electronic City,Bangalore
SHP001868,M001,ORD002824,Delhivery,rto,2,yes,134.14,4,560034,Koramangala,Bangalore
SHP001869,M001,ORD003786,Xpressbees,rto,2,yes,84.83,4,560003,Malleshwaram,Bangalore
SHP001870,M001,ORD003535,Ecom Express,rto,2,yes,147.13,6,560076,Bannerghatta Road,Bangalore
SHP001871,M001,ORD004839,Delhivery,delivered,1,no,101.93,2,560071,Domlur,Bangalore
SHP001872,M001,ORD004567,Ecom Express,in_transit,1,no,92.76,2,560103,Bellandur,Bangalore
SHP001873,M001,ORD003483,Shiprocket,in_transit,1,no,63.68,1,560076,Bannerghatta Road,Bangalore
SHP001874,M001,ORD000546,Delhivery,delivered,1,no,103.65,1,560037,Marathahalli,Bangalore
SHP001875,M001,ORD003455,Ecom Express,delivered,2,no,96.23,4,560066,Whitefield,Bangalore
SHP001876,M001,ORD003373,Delhivery,delivered,3,no,59.21,3,560048,Mahadevapura,Bangalore
SHP001877,M001,ORD000572,BlueDart,delivered,2,no,131.2,5,560076,Bannerghatta Road,Bangalore
SHP001878,M001,ORD001226,Ecom Express,failed_delivery,1,no,145.78,7,560037,Marathahalli,Bangalore
SHP001879,M001,ORD002528,Delhivery,delivered,1,no,153.57,5,560100,Electronic City,Bangalore
SHP001880,M001,ORD004443,Ecom Express,delivered,1,no,64.11,3,560103,Bellandur,Bangalore
SHP001881,M001,ORD001517,Shiprocket,delivered,1,no,103.88,3,560037,Brookefield,Bangalore
SHP001882,M001,ORD002649,Xpressbees,delivered,1,no,128.51,3,560100,Electronic City,Bangalore
SHP001883,M001,ORD004367,Ecom Express,delivered,2,no,87.2,3,560066,Whitefield,Bangalore
SHP001884,M001,ORD000026,Ecom Express,delivered,1,no,98.59,4,560037,Marathahalli,Bangalore
SHP001885,M001,ORD000785,BlueDart,delivered,1,no,128.06,1,560066,Whitefield,Bangalore
SHP001886,M001,ORD004619,Xpressbees,in_transit,1,no,123.97,1,560036,KR Puram,Bangalore
SHP001887,M001,ORD001310,BlueDart,delivered,1,no,155.53,2,560035,Sarjapur Road,Bangalore
SHP001888,M001,ORD000021,Delhivery,delivered,2,no,113.3,2,560017,Old Airport Road,Bangalore
SHP001889,M001,ORD002181,Ecom Express,rto,3,yes,116.25,3,560017,Old Airport Road,Bangalore
SHP001890,M001,ORD001716,Xpressbees,delivered,2,no,80.7,3,560038,Indiranagar,Bangalore
SHP001891,M001,ORD004894,Shiprocket,delivered,2,no,83.48,2,560017,Old Airport Road,Bangalore
SHP001892,M001,ORD001994,Delhivery,delivered,1,no,48.64,3,560034,Koramangala,Bangalore
SHP001893,M001,ORD001555,Xpressbees,failed_delivery,1,no,59.64,6,560048,Mahadevapura,Bangalore
SHP001894,M001,ORD003957,Shiprocket,failed_delivery,2,no,93.11,8,560102,HSR Layout,Bangalore
SHP001895,M001,ORD002118,Shiprocket,delivered,1,no,121.45,2,560008,Ulsoor,Bangalore
SHP001896,M001,ORD002362,Shiprocket,delivered,1,no,122.37,5,560100,Electronic City,Bangalore
SHP001897,M001,ORD003785,BlueDart,failed_delivery,2,no,79.05,9,560040,Vijayanagar,Bangalore
SHP001898,M001,ORD000202,Shiprocket,in_transit,2,no,86.61,3,560048,Mahadevapura,Bangalore
SHP001899,M001,ORD002532,Shiprocket,delivered,2,no,129.55,2,560102,HSR Layout,Bangalore
SHP001900,M001,ORD003989,BlueDart,delivered,1,no,133.36,5,560008,Ulsoor,Bangalore
SHP001901,M001,ORD004005,Shiprocket,delivered,1,no,90.4,5,560103,Bellandur,Bangalore
SHP001902,M001,ORD003032,Ecom Express,delivered,1,no,90.18,1,560064,Jakkur,Bangalore
SHP001903,M001,ORD002461,BlueDart,delivered,1,no,81.29,4,560085,Banashankari,Bangalore
SHP001904,M001,ORD002836,BlueDart,delivered,2,no,106.63,1,560071,Domlur,Bangalore
SHP001905,M001,ORD003174,Shiprocket,in_transit,1,no,118.29,2,560035,Sarjapur Road,Bangalore
SHP001906,M001,ORD000106,Shiprocket,rto,3,yes,128.76,8,560100,Electronic City,Bangalore
SHP001907,M001,ORD002292,Xpressbees,delivered,1,no,94.17,2,560034,Koramangala,Bangalore
SHP001908,M001,ORD003656,BlueDart,delivered,1,no,47.17,1,560034,Koramangala,Bangalore
SHP001909,M001,ORD002441,Delhivery,delivered,1,no,62.54,5,560036,KR Puram,Bangalore
SHP001910,M001,ORD001576,Xpressbees,delivered,1,no,113.38,2,560037,Marathahalli,Bangalore
SHP001911,M001,ORD000808,Xpressbees,delivered,1,no,60.82,5,560034,Koramangala,Bangalore
SHP001912,M001,ORD001110,Xpressbees,delivered,1,no,94.2,1,560017,Old Airport Road,Bangalore
SHP001913,M001,ORD001449,Xpressbees,rto,2,yes,76.42,4,560037,Marathahalli,Bangalore
SHP001914,M001,ORD000675,Shiprocket,delivered,1,no,101.71,5,560008,Ulsoor,Bangalore
SHP001915,M001,ORD000677,Shiprocket,delivered,1,no,122.46,1,560008,Ulsoor,Bangalore
SHP001916,M001,ORD002407,Shiprocket,delivered,2,no,165.47,4,560100,Electronic City,Bangalore
SHP001917,M001,ORD003347,Xpressbees,delivered,1,no,55.16,3,560017,Old Airport Road,Bangalore
SHP001918,M001,ORD000324,Ecom Express,delivered,1,no,105.48,2,560004,Basavanagudi,Bangalore
SHP001919,M001,ORD003437,Delhivery,delivered,3,no,132.6,4,560036,KR Puram,Bangalore
SHP001920,M001,ORD002527,Ecom Express,rto,2,yes,104.55,9,560034,Koramangala,Bangalore
SHP001921,M001,ORD001546,Ecom Express,delivered,1,no,146.82,2,560036,KR Puram,Bangalore
SHP001922,M001,ORD004776,Xpressbees,failed_delivery,3,no,143.47,6,560017,Old Airport Road,Bangalore
SHP001923,M001,ORD002093,Delhivery,delivered,1,no,125.13,4,560076,Bannerghatta Road,Bangalore
SHP001924,M001,ORD003468,Ecom Express,delivered,1,no,143.07,5,560048,Mahadevapura,Bangalore
SHP001925,M001,ORD001955,Xpressbees,delivered,1,no,115.43,4,560037,Brookefield,Bangalore
SHP001926,M001,ORD002328,BlueDart,delivered,1,no,81.28,5,560103,Bellandur,Bangalore
SHP001927,M001,ORD002310,Delhivery,delivered,1,no,98.11,3,560036,KR Puram,Bangalore
SHP001928,M001,ORD000752,Delhivery,in_transit,1,no,128.24,3,560076,Bannerghatta Road,Bangalore
SHP001929,M001,ORD002062,Shiprocket,delivered,1,no,76.28,3,560066,Whitefield,Bangalore
SHP001930,M001,ORD000580,Xpressbees,delivered,1,no,138.75,1,560034,Koramangala,Bangalore
SHP001931,M001,ORD001460,Shiprocket,rto,3,yes,90.41,3,560100,Electronic City,Bangalore
SHP001932,M001,ORD000424,Delhivery,in_transit,1,no,61.29,1,560037,Marathahalli,Bangalore
SHP001933,M001,ORD000664,Delhivery,delivered,1,no,58.48,4,560078,JP Nagar,Bangalore
SHP001934,M001,ORD004889,Delhivery,failed_delivery,3,no,82.52,5,560103,Bellandur,Bangalore
SHP001935,M001,ORD000025,Delhivery,delivered,2,no,77.84,3,560008,Ulsoor,Bangalore
SHP001936,M001,ORD000235,Xpressbees,delivered,1,no,127.32,2,560038,Indiranagar,Bangalore
SHP001937,M001,ORD004054,Delhivery,delivered,1,no,147.66,1,560034,Koramangala,Bangalore
SHP001938,M001,ORD003429,Ecom Express,delivered,1,no,83.0,3,560017,Old Airport Road,Bangalore
SHP001939,M001,ORD002094,BlueDart,in_transit,2,no,102.47,3,560103,Bellandur,Bangalore
SHP001940,M001,ORD001092,Xpressbees,in_transit,1,no,130.67,4,560040,Vijayanagar,Bangalore
SHP001941,M001,ORD002305,Ecom Express,delivered,1,no,51.12,3,560064,Jakkur,Bangalore
SHP001942,M001,ORD004297,Ecom Express,delivered,1,no,93.48,1,560037,Brookefield,Bangalore
SHP001943,M001,ORD004796,Shiprocket,delivered,1,no,107.24,1,560037,Brookefield,Bangalore
SHP001944,M001,ORD000019,BlueDart,in_transit,1,no,78.48,3,560040,Vijayanagar,Bangalore
SHP001945,M001,ORD003941,Delhivery,delivered,2,no,140.05,1,560041,Jayanagar,Bangalore
SHP001946,M001,ORD002929,Ecom Express,failed_delivery,2,no,106.55,4,560066,Whitefield,Bangalore
SHP001947,M001,ORD003431,Shiprocket,delivered,1,no,133.53,4,560008,Ulsoor,Bangalore
SHP001948,M001,ORD003333,Delhivery,rto,2,yes,65.1,4,560102,HSR Layout,Bangalore
SHP001949,M001,ORD001687,BlueDart,delivered,1,no,133.1,5,560066,Whitefield,Bangalore
SHP001950,M001,ORD002681,BlueDart,delivered,1,no,60.74,5,560024,Hebbal,Bangalore
SHP001951,M001,ORD000958,Xpressbees,in_transit,1,no,64.39,4,560037,Marathahalli,Bangalore
SHP001952,M001,ORD004867,Xpressbees,failed_delivery,2,no,68.77,7,560017,Old Airport Road,Bangalore
SHP001953,M001,ORD000571,BlueDart,delivered,1,no,89.8,4,560034,Koramangala,Bangalore
SHP001954,M001,ORD000682,Shiprocket,delivered,2,no,130.59,5,560058,Peenya,Bangalore
SHP001955,M001,ORD001918,Shiprocket,delivered,1,no,113.86,2,560001,MG Road,Bangalore
SHP001956,M001,ORD004329,Xpressbees,delivered,2,no,108.75,3,560017,Old Airport Road,Bangalore
SHP001957,M001,ORD000007,Shiprocket,delivered,1,no,98.94,4,560066,Whitefield,Bangalore
SHP001958,M001,ORD000347,BlueDart,failed_delivery,2,no,110.25,3,560017,Old Airport Road,Bangalore
SHP001959,M001,ORD000635,Delhivery,in_transit,1,no,174.94,2,560035,Sarjapur Road,Bangalore
SHP001960,M001,ORD000594,Delhivery,delivered,1,no,80.89,2,560103,Bellandur,Bangalore
SHP001961,M001,ORD002186,Delhivery,delivered,1,no,139.67,1,560060,Kengeri,Bangalore
SHP001962,M001,ORD002803,Shiprocket,delivered,1,no,144.42,4,560102,HSR Layout,Bangalore
SHP001963,M001,ORD001689,Xpressbees,delivered,1,no,122.56,4,560102,HSR Layout,Bangalore
SHP001964,M001,ORD000921,Xpressbees,delivered,1,no,54.38,4,560078,JP Nagar,Bangalore
SHP001965,M001,ORD001207,Xpressbees,failed_delivery,2,no,86.45,9,560038,Indiranagar,Bangalore
SHP001966,M001,ORD002967,Delhivery,rto,3,yes,93.57,5,560038,Indiranagar,Bangalore
SHP001967,M001,ORD000010,Shiprocket,failed_delivery,2,no,138.81,9,560103,Bellandur,Bangalore
SHP001968,M001,ORD004368,Xpressbees,delivered,2,no,142.19,3,560008,Ulsoor,Bangalore
SHP001969,M001,ORD002743,Shiprocket,delivered,2,no,103.14,5,560076,BTM Layout,Bangalore
SHP001970,M001,ORD002008,BlueDart,delivered,1,no,124.93,2,560035,Sarjapur Road,Bangalore
SHP001971,M001,ORD001932,Xpressbees,in_transit,1,no,105.63,4,560038,Indiranagar,Bangalore
SHP001972,M001,ORD000379,Xpressbees,delivered,1,no,58.1,1,560037,Marathahalli,Bangalore
SHP001973,M001,ORD003210,Shiprocket,in_transit,1,no,135.85,3,560064,Jakkur,Bangalore
SHP001974,M001,ORD004831,Delhivery,in_transit,1,no,141.62,2,560034,Koramangala,Bangalore
SHP001975,M001,ORD003541,Xpressbees,delivered,1,no,144.43,4,560008,Ulsoor,Bangalore
SHP001976,M001,ORD001234,BlueDart,in_transit,2,no,164.45,2,560100,Electronic City,Bangalore
SHP001977,M001,ORD000983,BlueDart,failed_delivery,3,no,51.31,7,560085,Banashankari,Bangalore
SHP001978,M001,ORD004442,Shiprocket,delivered,1,no,70.0,5,560037,Marathahalli,Bangalore
SHP001979,M001,ORD004233,Shiprocket,delivered,2,no,73.65,1,560034,Koramangala,Bangalore
SHP001980,M001,ORD000418,Delhivery,delivered,2,no,45.95,5,560017,Old Airport Road,Bangalore
SHP001981,M001,ORD001818,Shiprocket,delivered,1,no,100.27,4,560085,Banashankari,Bangalore
SHP001982,M001,ORD002363,Delhivery,delivered,2,no,116.97,3,560024,Hebbal,Bangalore
SHP001983,M001,ORD000553,BlueDart,in_transit,1,no,144.77,2,560076,Bannerghatta Road,Bangalore
SHP001984,M001,ORD000307,Delhivery,delivered,2,no,117.01,4,560060,Kengeri,Bangalore
SHP001985,M001,ORD001019,Delhivery,failed_delivery,2,no,111.11,7,560048,Mahadevapura,Bangalore
SHP001986,M001,ORD000434,Ecom Express,failed_delivery,1,no,120.45,5,560103,Bellandur,Bangalore
SHP001987,M001,ORD001523,BlueDart,in_transit,1,no,139.25,4,560038,Indiranagar,Bangalore
SHP001988,M001,ORD003782,Xpressbees,delivered,1,no,91.41,2,560040,Vijayanagar,Bangalore
SHP001989,M001,ORD000104,Xpressbees,rto,2,yes,125.6,6,560036,KR Puram,Bangalore
SHP001990,M001,ORD003950,Xpressbees,delivered,1,no,119.76,2,560008,Ulsoor,Bangalore
SHP001991,M001,ORD004649,Shiprocket,rto,3,yes,98.96,4,560103,Bellandur,Bangalore
SHP001992,M001,ORD003754,Shiprocket,delivered,1,no,114.28,2,560034,Koramangala,Bangalore
SHP001993,M001,ORD003436,Delhivery,delivered,1,no,147.72,2,560071,Domlur,Bangalore
SHP001994,M001,ORD001224,BlueDart,delivered,1,no,48.62,1,560036,KR Puram,Bangalore
SHP001995,M001,ORD002679,Delhivery,delivered,2,no,173.2,5,560035,Sarjapur Road,Bangalore
SHP001996,M001,ORD002879,Delhivery,delivered,2,no,50.47,1,560048,Mahadevapura,Bangalore
SHP001997,M001,ORD000917,Shiprocket,rto,1,yes,73.25,3,560098,RR Nagar,Bangalore
SHP001998,M001,ORD001318,Shiprocket,failed_delivery,2,no,134.93,5,560008,Ulsoor,Bangalore
SHP001999,M001,ORD004541,BlueDart,delivered,1,no,111.26,5,560036,KR Puram,Bangalore
SHP002000,M001,ORD002682,BlueDart,delivered,1,no,199.93,1,560100,Electronic City,Bangalore
SHP002001,M001,ORD003574,Xpressbees,rto,1,yes,138.13,9,560048,Mahadevapura,Bangalore
SHP002002,M001,ORD001901,Xpressbees,delivered,2,no,72.62,2,560008,Ulsoor,Bangalore
SHP002003,M001,ORD002522,Xpressbees,delivered,1,no,88.74,5,560066,Whitefield,Bangalore
SHP002004,M001,ORD004141,Xpressbees,delivered,1,no,136.23,1,560017,Old Airport Road,Bangalore
SHP002005,M001,ORD000893,Xpressbees,delivered,3,no,95.79,1,560048,Mahadevapura,Bangalore
SHP002006,M001,ORD003611,Shiprocket,delivered,2,no,108.53,5,560103,Bellandur,Bangalore
SHP002007,M001,ORD001657,Ecom Express,delivered,2,no,117.16,3,560100,Electronic City,Bangalore
SHP002008,M001,ORD001885,Ecom Express,delivered,1,no,135.14,1,560102,HSR Layout,Bangalore
SHP002009,M001,ORD002897,Ecom Express,in_transit,1,no,128.12,1,560066,Whitefield,Bangalore
SHP002010,M001,ORD004286,BlueDart,delivered,1,no,88.14,3,560102,HSR Layout,Bangalore
SHP002011,M001,ORD004507,Delhivery,delivered,1,no,89.26,2,560034,Koramangala,Bangalore
SHP002012,M001,ORD002619,Xpressbees,failed_delivery,2,no,167.36,5,560100,Electronic City,Bangalore
SHP002013,M001,ORD001958,Delhivery,rto,2,yes,64.58,9,560008,Ulsoor,Bangalore
SHP002014,M001,ORD003840,BlueDart,rto,2,yes,127.47,7,560034,Koramangala,Bangalore
SHP002015,M001,ORD002948,Shiprocket,delivered,1,no,81.53,3,560064,Jakkur,Bangalore
SHP002016,M001,ORD001625,Delhivery,delivered,1,no,54.46,4,560064,Jakkur,Bangalore
SHP002017,M001,ORD000199,Xpressbees,delivered,1,no,61.35,3,560037,Marathahalli,Bangalore
SHP002018,M001,ORD004656,Shiprocket,rto,1,yes,86.88,4,560066,Whitefield,Bangalore
SHP002019,M001,ORD002902,Delhivery,delivered,1,no,103.16,3,560037,Marathahalli,Bangalore
SHP002020,M001,ORD000292,BlueDart,in_transit,1,no,79.35,4,560037,Marathahalli,Bangalore
SHP002021,M001,ORD004838,Xpressbees,in_transit,1,no,84.31,3,560017,Old Airport Road,Bangalore
SHP002022,M001,ORD004569,Delhivery,rto,2,yes,62.56,9,560038,Indiranagar,Bangalore
SHP002023,M001,ORD000795,Xpressbees,delivered,1,no,193.26,3,560058,Peenya,Bangalore
SHP002024,M001,ORD001140,Shiprocket,in_transit,1,no,118.71,4,560103,Bellandur,Bangalore
SHP002025,M001,ORD004208,BlueDart,delivered,1,no,131.87,4,560040,Vijayanagar,Bangalore
SHP002026,M001,ORD002957,BlueDart,delivered,1,no,69.64,4,560034,Koramangala,Bangalore
SHP002027,M001,ORD000437,Shiprocket,delivered,2,no,75.52,3,560066,Whitefield,Bangalore
SHP002028,M001,ORD003339,BlueDart,delivered,1,no,81.52,1,560024,Hebbal,Bangalore
SHP002029,M001,ORD003202,Ecom Express,delivered,1,no,194.23,4,560060,Kengeri,Bangalore
SHP002030,M001,ORD002644,Shiprocket,delivered,1,no,84.11,5,560001,MG Road,Bangalore
SHP002031,M001,ORD001778,Ecom Express,delivered,1,no,109.32,5,560038,Indiranagar,Bangalore
SHP002032,M001,ORD003490,Shiprocket,delivered,1,no,90.29,2,560036,KR Puram,Bangalore
SHP002033,M001,ORD001250,Delhivery,delivered,2,no,84.23,4,560034,Koramangala,Bangalore
SHP002034,M001,ORD003697,Xpressbees,delivered,1,no,92.49,1,560038,Indiranagar,Bangalore
SHP002035,M001,ORD001615,Delhivery,in_transit,2,no,58.02,4,560085,Banashankari,Bangalore
SHP002036,M001,ORD004160,Xpressbees,delivered,1,no,100.36,2,560001,MG Road,Bangalore
SHP002037,M001,ORD001157,Delhivery,delivered,2,no,69.24,4,560102,HSR Layout,Bangalore
SHP002038,M001,ORD003938,BlueDart,delivered,1,no,87.16,5,560034,Koramangala,Bangalore
SHP002039,M001,ORD004164,Shiprocket,failed_delivery,3,no,48.85,7,560036,KR Puram,Bangalore
SHP002040,M001,ORD002307,Shiprocket,delivered,2,no,95.71,1,560010,Rajajinagar,Bangalore
SHP002041,M001,ORD001863,BlueDart,failed_delivery,2,no,56.79,7,560041,Jayanagar,Bangalore
SHP002042,M001,ORD002854,Xpressbees,delivered,1,no,73.05,1,560103,Bellandur,Bangalore
SHP002043,M001,ORD002154,Shiprocket,delivered,2,no,144.45,4,560038,Indiranagar,Bangalore
SHP002044,M001,ORD001849,Delhivery,delivered,2,no,128.02,1,560037,Marathahalli,Bangalore
SHP002045,M001,ORD002271,Shiprocket,delivered,1,no,105.55,5,560102,HSR Layout,Bangalore
SHP002046,M001,ORD004335,Shiprocket,in_transit,2,no,90.08,1,560103,Bellandur,Bangalore
SHP002047,M001,ORD004745,Shiprocket,delivered,2,no,85.23,2,560066,Whitefield,Bangalore
SHP002048,M001,ORD004986,Delhivery,delivered,1,no,74.77,3,560066,Whitefield,Bangalore
SHP002049,M001,ORD004750,Delhivery,failed_delivery,1,no,60.6,8,560037,Brookefield,Bangalore
SHP002050,M001,ORD004977,BlueDart,in_transit,1,no,80.22,3,560066,Whitefield,Bangalore
SHP002051,M001,ORD002515,Delhivery,delivered,1,no,126.89,2,560034,Koramangala,Bangalore
SHP002052,M001,ORD003751,BlueDart,delivered,1,no,64.28,4,560037,Marathahalli,Bangalore
SHP002053,M001,ORD001407,Shiprocket,in_transit,1,no,83.72,3,560066,Whitefield,Bangalore
SHP002054,M001,ORD002780,Delhivery,delivered,1,no,112.14,1,560040,Vijayanagar,Bangalore
SHP002055,M001,ORD001933,Xpressbees,delivered,1,no,95.35,1,560038,Indiranagar,Bangalore
SHP002056,M001,ORD003161,Shiprocket,delivered,1,no,144.9,5,560071,Domlur,Bangalore
SHP002057,M001,ORD002839,BlueDart,delivered,1,no,127.45,2,560034,Koramangala,Bangalore
SHP002058,M001,ORD002931,Shiprocket,delivered,1,no,63.24,1,560071,Domlur,Bangalore
SHP002059,M001,ORD002892,BlueDart,delivered,2,no,91.16,2,560071,Domlur,Bangalore
SHP002060,M001,ORD001216,Ecom Express,delivered,1,no,81.27,2,560038,Indiranagar,Bangalore
SHP002061,M001,ORD002120,BlueDart,delivered,1,no,170.34,3,560064,Yelahanka,Bangalore
SHP002062,M001,ORD001845,Xpressbees,delivered,1,no,141.04,3,560017,Old Airport Road,Bangalore
SHP002063,M001,ORD003482,Shiprocket,delivered,1,no,91.44,2,560008,Ulsoor,Bangalore
SHP002064,M001,ORD004950,Ecom Express,failed_delivery,2,no,90.0,5,560037,Brookefield,Bangalore
SHP002065,M001,ORD000249,Xpressbees,delivered,1,no,61.8,3,560037,Brookefield,Bangalore
SHP002066,M001,ORD004321,Ecom Express,failed_delivery,1,no,57.32,9,560017,Old Airport Road,Bangalore
SHP002067,M001,ORD001812,BlueDart,delivered,1,no,86.59,1,560034,Koramangala,Bangalore
SHP002068,M001,ORD001819,Xpressbees,in_transit,1,no,77.14,3,560048,Mahadevapura,Bangalore
SHP002069,M001,ORD003573,Shiprocket,delivered,1,no,54.24,3,560037,Brookefield,Bangalore
SHP002070,M001,ORD004722,Xpressbees,delivered,1,no,65.43,4,560037,Marathahalli,Bangalore
SHP002071,M001,ORD000733,Xpressbees,failed_delivery,3,no,108.67,5,560034,Koramangala,Bangalore
SHP002072,M001,ORD002851,Ecom Express,delivered,1,no,147.58,1,560017,Old Airport Road,Bangalore
SHP002073,M001,ORD002767,Delhivery,delivered,2,no,119.77,4,560037,Marathahalli,Bangalore
SHP002074,M001,ORD002250,Ecom Express,delivered,1,no,112.34,1,560037,Marathahalli,Bangalore
SHP002075,M001,ORD000322,Shiprocket,delivered,1,no,102.21,2,560066,Whitefield,Bangalore
SHP002076,M001,ORD003711,Xpressbees,delivered,1,no,109.84,4,560037,Brookefield,Bangalore
SHP002077,M001,ORD002479,Delhivery,in_transit,1,no,147.99,1,560102,HSR Layout,Bangalore
SHP002078,M001,ORD003806,Shiprocket,delivered,1,no,62.16,2,560103,Bellandur,Bangalore
SHP002079,M001,ORD000430,Shiprocket,delivered,3,no,55.81,2,560004,Basavanagudi,Bangalore
SHP002080,M001,ORD002887,BlueDart,delivered,1,no,46.09,3,560001,MG Road,Bangalore
SHP002081,M001,ORD000674,BlueDart,delivered,1,no,128.27,1,560100,Electronic City,Bangalore
SHP002082,M001,ORD004664,Shiprocket,failed_delivery,3,no,145.81,5,560024,Hebbal,Bangalore
SHP002083,M001,ORD003813,Xpressbees,delivered,2,no,203.58,5,560035,Sarjapur Road,Bangalore
SHP002084,M001,ORD004676,BlueDart,delivered,1,no,109.1,3,560102,HSR Layout,Bangalore
SHP002085,M001,ORD002520,Delhivery,delivered,1,no,127.68,2,560048,Mahadevapura,Bangalore
SHP002086,M001,ORD004065,Delhivery,delivered,1,no,188.14,4,560100,Electronic City,Bangalore
SHP002087,M001,ORD004199,Xpressbees,delivered,1,no,116.7,4,560037,Marathahalli,Bangalore
SHP002088,M001,ORD002869,Shiprocket,delivered,2,no,126.87,3,560085,Banashankari,Bangalore
SHP002089,M001,ORD001857,Shiprocket,rto,1,yes,107.54,5,560037,Marathahalli,Bangalore
SHP002090,M001,ORD003798,Shiprocket,delivered,2,no,88.02,1,560048,Mahadevapura,Bangalore
SHP002091,M001,ORD002796,Shiprocket,failed_delivery,1,no,147.2,9,560102,HSR Layout,Bangalore
SHP002092,M001,ORD003413,Delhivery,delivered,2,no,48.69,4,560103,Bellandur,Bangalore
SHP002093,M001,ORD002298,Ecom Express,delivered,2,no,124.47,1,560103,Bellandur,Bangalore
SHP002094,M001,ORD003185,Shiprocket,in_transit,1,no,56.9,2,560103,Bellandur,Bangalore
SHP002095,M001,ORD002029,BlueDart,delivered,1,no,51.05,1,560037,Marathahalli,Bangalore
SHP002096,M001,ORD004232,Shiprocket,delivered,1,no,45.63,5,560034,Koramangala,Bangalore
SHP002097,M001,ORD003702,BlueDart,delivered,1,no,49.6,1,560048,Mahadevapura,Bangalore
SHP002098,M001,ORD004194,Delhivery,in_transit,1,no,135.2,1,560035,Sarjapur Road,Bangalore
SHP002099,M001,ORD001363,Delhivery,rto,3,yes,58.38,8,560041,Jayanagar,Bangalore
SHP002100,M001,ORD004793,Delhivery,delivered,3,no,79.97,5,560103,Bellandur,Bangalore
SHP002101,M001,ORD004454,Xpressbees,delivered,1,no,132.32,1,560038,Indiranagar,Bangalore
SHP002102,M001,ORD004332,BlueDart,delivered,2,no,75.99,1,560103,Bellandur,Bangalore
SHP002103,M001,ORD000386,BlueDart,delivered,2,no,126.06,3,560037,Marathahalli,Bangalore
SHP002104,M001,ORD000756,Ecom Express,delivered,1,no,82.12,2,560034,Koramangala,Bangalore
SHP002105,M001,ORD003987,Shiprocket,delivered,2,no,81.15,1,560036,KR Puram,Bangalore
SHP002106,M001,ORD003443,BlueDart,delivered,2,no,77.47,4,560041,Jayanagar,Bangalore
SHP002107,M001,ORD002126,BlueDart,delivered,1,no,83.84,5,560103,Bellandur,Bangalore
SHP002108,M001,ORD002991,Ecom Express,in_transit,2,no,132.98,1,560035,Sarjapur Road,Bangalore
SHP002109,M001,ORD003830,Delhivery,delivered,1,no,55.19,4,560103,Bellandur,Bangalore
SHP002110,M001,ORD001327,BlueDart,delivered,1,no,110.77,3,560102,HSR Layout,Bangalore
SHP002111,M001,ORD002642,Shiprocket,delivered,1,no,48.94,5,560017,Old Airport Road,Bangalore
SHP002112,M001,ORD001756,Delhivery,in_transit,1,no,120.94,4,560066,Whitefield,Bangalore
SHP002113,M001,ORD004283,Xpressbees,delivered,3,no,77.14,2,560102,HSR Layout,Bangalore
SHP002114,M001,ORD003911,Delhivery,delivered,1,no,48.69,4,560001,MG Road,Bangalore
SHP002115,M001,ORD000408,Ecom Express,delivered,2,no,137.3,3,560008,Ulsoor,Bangalore
SHP002116,M001,ORD004285,Delhivery,rto,2,yes,154.41,8,560100,Electronic City,Bangalore
SHP002117,M001,ORD004260,Ecom Express,in_transit,2,no,72.17,4,560037,Marathahalli,Bangalore
SHP002118,M001,ORD000223,BlueDart,delivered,1,no,84.46,3,560017,Old Airport Road,Bangalore
SHP002119,M001,ORD003723,BlueDart,delivered,1,no,70.83,5,560102,HSR Layout,Bangalore
SHP002120,M001,ORD001303,Ecom Express,delivered,1,no,89.85,4,560038,Indiranagar,Bangalore
SHP002121,M001,ORD004996,Xpressbees,delivered,3,no,60.51,2,560034,Koramangala,Bangalore
SHP002122,M001,ORD004412,Ecom Express,in_transit,1,no,111.16,4,560102,HSR Layout,Bangalore
SHP002123,M001,ORD003362,Shiprocket,in_transit,1,no,147.93,2,560048,Mahadevapura,Bangalore
SHP002124,M001,ORD004812,Delhivery,delivered,1,no,107.37,3,560035,Sarjapur Road,Bangalore
SHP002125,M001,ORD003520,Delhivery,delivered,2,no,58.76,4,560076,BTM Layout,Bangalore
SHP002126,M001,ORD004779,Delhivery,delivered,2,no,189.78,4,560100,Electronic City,Bangalore
SHP002127,M001,ORD004477,BlueDart,delivered,1,no,60.87,3,560003,Malleshwaram,Bangalore
SHP002128,M001,ORD000241,Delhivery,delivered,1,no,93.2,3,560078,JP Nagar,Bangalore
SHP002129,M001,ORD003280,Delhivery,in_transit,1,no,58.98,1,560085,Banashankari,Bangalore
SHP002130,M001,ORD002917,Ecom Express,delivered,2,no,139.99,1,560017,Old Airport Road,Bangalore
SHP002131,M001,ORD000923,Ecom Express,in_transit,1,no,125.49,4,560048,Mahadevapura,Bangalore
SHP002132,M001,ORD002898,Shiprocket,failed_delivery,3,no,58.4,8,560102,HSR Layout,Bangalore
SHP002133,M001,ORD003955,Shiprocket,in_transit,1,no,65.62,1,560034,Koramangala,Bangalore
SHP002134,M001,ORD001602,Xpressbees,delivered,1,no,81.72,4,560036,KR Puram,Bangalore
SHP002135,M001,ORD003708,BlueDart,delivered,1,no,148.25,3,560035,Sarjapur Road,Bangalore
SHP002136,M001,ORD002626,Delhivery,delivered,1,no,49.7,5,560066,Whitefield,Bangalore
SHP002137,M001,ORD004036,Delhivery,delivered,1,no,121.77,2,560100,Electronic City,Bangalore
SHP002138,M001,ORD001321,BlueDart,delivered,2,no,68.92,3,560001,MG Road,Bangalore
SHP002139,M001,ORD000985,Xpressbees,in_transit,1,no,98.24,3,560037,Brookefield,Bangalore
SHP002140,M001,ORD004395,Shiprocket,delivered,1,no,141.64,3,560100,Electronic City,Bangalore
SHP002141,M001,ORD001016,BlueDart,in_transit,2,no,85.02,1,560098,RR Nagar,Bangalore
SHP002142,M001,ORD001374,Shiprocket,delivered,1,no,66.58,5,560076,BTM Layout,Bangalore
SHP002143,M001,ORD002710,Shiprocket,delivered,1,no,125.41,1,560041,Jayanagar,Bangalore
SHP002144,M001,ORD004196,Xpressbees,delivered,1,no,148.56,5,560004,Basavanagudi,Bangalore
SHP002145,M001,ORD003364,Delhivery,failed_delivery,2,no,123.07,6,560037,Marathahalli,Bangalore
SHP002146,M001,ORD002611,Delhivery,delivered,1,no,89.02,4,560037,Marathahalli,Bangalore
SHP002147,M001,ORD001982,Shiprocket,rto,3,yes,49.52,4,560041,Jayanagar,Bangalore
SHP002148,M001,ORD000293,Shiprocket,delivered,1,no,73.2,5,560041,Jayanagar,Bangalore
SHP002149,M001,ORD002296,Xpressbees,failed_delivery,2,no,190.17,8,560035,Sarjapur Road,Bangalore
SHP002150,M001,ORD003261,Delhivery,delivered,1,no,190.53,3,560100,Electronic City,Bangalore
SHP002151,M001,ORD004585,Delhivery,delivered,1,no,101.47,3,560037,Brookefield,Bangalore
SHP002152,M001,ORD004568,Shiprocket,in_transit,1,no,142.78,2,560040,Vijayanagar,Bangalore
SHP002153,M001,ORD004344,Ecom Express,delivered,1,no,120.99,3,560071,Domlur,Bangalore
SHP002154,M001,ORD002188,Xpressbees,failed_delivery,3,no,82.75,9,560034,Koramangala,Bangalore
SHP002155,M001,ORD000040,Delhivery,in_transit,3,no,62.25,3,560034,Koramangala,Bangalore
SHP002156,M001,ORD004939,Ecom Express,delivered,1,no,85.83,3,560066,Whitefield,Bangalore
SHP002157,M001,ORD001808,Xpressbees,delivered,2,no,102.09,4,560098,RR Nagar,Bangalore
SHP002158,M001,ORD002625,Shiprocket,delivered,1,no,62.52,5,560048,Mahadevapura,Bangalore
SHP002159,M001,ORD003853,Delhivery,delivered,1,no,62.08,4,560103,Bellandur,Bangalore
SHP002160,M001,ORD003701,Delhivery,delivered,1,no,127.96,2,560100,Electronic City,Bangalore
SHP002161,M001,ORD004291,Shiprocket,delivered,1,no,50.49,2,560034,Koramangala,Bangalore
SHP002162,M001,ORD002540,Xpressbees,delivered,1,no,117.39,4,560066,Whitefield,Bangalore
SHP002163,M001,ORD003904,Shiprocket,in_transit,1,no,62.95,2,560017,Old Airport Road,Bangalore
SHP002164,M001,ORD004625,Ecom Express,in_transit,2,no,108.94,3,560038,Indiranagar,Bangalore
SHP002165,M001,ORD004641,Shiprocket,in_transit,1,no,90.84,3,560037,Marathahalli,Bangalore
SHP002166,M001,ORD004266,Delhivery,delivered,1,no,83.55,4,560037,Brookefield,Bangalore
SHP002167,M001,ORD000870,Delhivery,delivered,3,no,84.0,2,560010,Rajajinagar,Bangalore
SHP002168,M001,ORD000953,Delhivery,delivered,1,no,117.87,2,560037,Marathahalli,Bangalore
SHP002169,M001,ORD001873,Shiprocket,rto,2,yes,122.37,8,560066,Whitefield,Bangalore
SHP002170,M001,ORD004833,Shiprocket,delivered,1,no,121.75,2,560078,JP Nagar,Bangalore
SHP002171,M001,ORD002471,Xpressbees,rto,1,yes,90.33,8,560008,Ulsoor,Bangalore
SHP002172,M001,ORD002074,Ecom Express,delivered,1,no,99.84,4,560004,Basavanagudi,Bangalore
SHP002173,M001,ORD000323,Delhivery,delivered,1,no,130.85,4,560008,Ulsoor,Bangalore
SHP002174,M001,ORD004854,Ecom Express,delivered,1,no,141.27,2,560048,Mahadevapura,Bangalore
SHP002175,M001,ORD000391,Shiprocket,in_transit,1,no,137.28,3,560066,Whitefield,Bangalore
SHP002176,M001,ORD003305,Xpressbees,in_transit,1,no,118.2,3,560066,Whitefield,Bangalore
SHP002177,M001,ORD003971,Xpressbees,rto,1,yes,138.77,7,560071,Domlur,Bangalore
SHP002178,M001,ORD002293,Ecom Express,rto,3,yes,112.11,3,560103,Bellandur,Bangalore
SHP002179,M001,ORD003450,Shiprocket,delivered,1,no,121.62,4,560103,Bellandur,Bangalore
SHP002180,M001,ORD003704,BlueDart,failed_delivery,2,no,114.24,3,560001,MG Road,Bangalore
SHP002181,M001,ORD003278,BlueDart,delivered,2,no,62.25,1,560048,Mahadevapura,Bangalore
SHP002182,M001,ORD004832,Shiprocket,delivered,1,no,138.77,3,560102,HSR Layout,Bangalore
SHP002183,M001,ORD004087,Ecom Express,delivered,1,no,118.19,5,560064,Yelahanka,Bangalore
SHP002184,M001,ORD000723,Shiprocket,delivered,2,no,69.86,1,560037,Marathahalli,Bangalore
SHP002185,M001,ORD003368,BlueDart,delivered,1,no,79.82,2,560041,Jayanagar,Bangalore
SHP002186,M001,ORD003501,Delhivery,delivered,1,no,134.67,2,560102,HSR Layout,Bangalore
SHP002187,M001,ORD002428,Shiprocket,delivered,1,no,120.89,3,560035,Sarjapur Road,Bangalore
SHP002188,M001,ORD003308,BlueDart,in_transit,1,no,145.32,3,560036,KR Puram,Bangalore
SHP002189,M001,ORD001497,Xpressbees,delivered,1,no,94.49,4,560078,JP Nagar,Bangalore
SHP002190,M001,ORD001058,Delhivery,delivered,1,no,88.86,5,560103,Bellandur,Bangalore
SHP002191,M001,ORD004106,Xpressbees,in_transit,3,no,110.94,2,560098,RR Nagar,Bangalore
SHP002192,M001,ORD004712,Ecom Express,delivered,2,no,91.3,4,560017,Old Airport Road,Bangalore
SHP002193,M001,ORD000696,Shiprocket,delivered,1,no,48.45,3,560038,Indiranagar,Bangalore
SHP002194,M001,ORD002545,Delhivery,delivered,2,no,106.21,1,560024,Hebbal,Bangalore
SHP002195,M001,ORD001633,Ecom Express,in_transit,1,no,71.06,4,560008,Ulsoor,Bangalore
SHP002196,M001,ORD001607,BlueDart,delivered,1,no,144.68,2,560017,Old Airport Road,Bangalore
SHP002197,M001,ORD003157,BlueDart,delivered,1,no,168.77,5,560060,Kengeri,Bangalore
SHP002198,M001,ORD004275,BlueDart,delivered,1,no,73.05,5,560008,Ulsoor,Bangalore
SHP002199,M001,ORD003324,Xpressbees,failed_delivery,3,no,145.32,5,560100,Electronic City,Bangalore
SHP002200,M001,ORD002671,Shiprocket,delivered,1,no,75.77,5,560003,Malleshwaram,Bangalore
SHP002201,M001,ORD003401,BlueDart,delivered,2,no,73.69,5,560037,Marathahalli,Bangalore
SHP002202,M001,ORD002405,Delhivery,delivered,2,no,120.76,3,560066,Whitefield,Bangalore
SHP002203,M001,ORD001963,Xpressbees,in_transit,2,no,119.0,2,560034,Koramangala,Bangalore
SHP002204,M001,ORD001878,BlueDart,delivered,2,no,136.43,4,560076,Bannerghatta Road,Bangalore
SHP002205,M001,ORD002022,BlueDart,delivered,1,no,120.55,5,560103,Bellandur,Bangalore
SHP002206,M001,ORD000610,Ecom Express,delivered,1,no,128.28,4,560036,KR Puram,Bangalore
SHP002207,M001,ORD001274,Xpressbees,failed_delivery,2,no,148.42,4,560035,Sarjapur Road,Bangalore
SHP002208,M001,ORD002478,Shiprocket,delivered,1,no,95.97,1,560066,Whitefield,Bangalore
SHP002209,M001,ORD000271,Delhivery,delivered,2,no,91.14,2,560034,Koramangala,Bangalore
SHP002210,M001,ORD001451,Ecom Express,delivered,2,no,102.73,5,560076,BTM Layout,Bangalore
SHP002211,M001,ORD002525,Shiprocket,delivered,2,no,72.0,3,560037,Brookefield,Bangalore
SHP002212,M001,ORD000420,Xpressbees,delivered,1,no,190.5,1,560100,Electronic City,Bangalore
SHP002213,M001,ORD001777,Ecom Express,delivered,1,no,113.23,4,560001,MG Road,Bangalore
SHP002214,M001,ORD000797,BlueDart,delivered,2,no,138.72,2,560035,Sarjapur Road,Bangalore
SHP002215,M001,ORD000995,Shiprocket,delivered,2,no,115.78,4,560017,Old Airport Road,Bangalore
SHP002216,M001,ORD001923,Shiprocket,rto,2,yes,111.82,3,560048,Mahadevapura,Bangalore
SHP002217,M001,ORD002133,Delhivery,delivered,3,no,112.59,2,560008,Ulsoor,Bangalore
SHP002218,M001,ORD003598,BlueDart,delivered,1,no,109.23,4,560037,Marathahalli,Bangalore
SHP002219,M001,ORD004953,Shiprocket,delivered,1,no,46.87,5,560066,Whitefield,Bangalore
SHP002220,M001,ORD003292,Ecom Express,delivered,1,no,57.48,5,560038,Indiranagar,Bangalore
SHP002221,M001,ORD000747,Xpressbees,failed_delivery,2,no,121.07,5,560100,Electronic City,Bangalore
SHP002222,M001,ORD004658,Shiprocket,failed_delivery,3,no,98.8,4,560003,Malleshwaram,Bangalore
SHP002223,M001,ORD004849,Ecom Express,failed_delivery,2,no,66.84,3,560017,Old Airport Road,Bangalore
SHP002224,M001,ORD003048,Delhivery,delivered,2,no,72.12,1,560040,Vijayanagar,Bangalore
SHP002225,M001,ORD000237,Xpressbees,in_transit,1,no,50.43,2,560102,HSR Layout,Bangalore
SHP002226,M001,ORD004014,Delhivery,in_transit,1,no,55.21,2,560078,JP Nagar,Bangalore
SHP002227,M001,ORD000057,Delhivery,in_transit,3,no,80.3,3,560103,Bellandur,Bangalore
SHP002228,M001,ORD000933,Delhivery,delivered,1,no,141.64,5,560035,Sarjapur Road,Bangalore
SHP002229,M001,ORD000490,Shiprocket,delivered,1,no,123.86,2,560035,Sarjapur Road,Bangalore
SHP002230,M001,ORD003997,Shiprocket,in_transit,1,no,127.02,1,560098,RR Nagar,Bangalore
SHP002231,M001,ORD002460,Delhivery,delivered,2,no,142.11,1,560100,Electronic City,Bangalore
SHP002232,M001,ORD001445,BlueDart,delivered,2,no,97.15,3,560103,Bellandur,Bangalore
SHP002233,M001,ORD002189,BlueDart,failed_delivery,3,no,126.7,5,560071,Domlur,Bangalore
SHP002234,M001,ORD002438,BlueDart,delivered,1,no,84.41,3,560037,Brookefield,Bangalore
SHP002235,M001,ORD002476,BlueDart,delivered,1,no,86.11,1,560066,Whitefield,Bangalore
SHP002236,M001,ORD004223,Ecom Express,delivered,2,no,54.56,2,560037,Marathahalli,Bangalore
SHP002237,M001,ORD003993,BlueDart,delivered,1,no,159.89,5,560100,Electronic City,Bangalore
SHP002238,M001,ORD000895,BlueDart,delivered,1,no,135.35,4,560048,Mahadevapura,Bangalore
SHP002239,M001,ORD002258,BlueDart,delivered,1,no,76.42,1,560103,Bellandur,Bangalore
SHP002240,M001,ORD000518,Xpressbees,delivered,3,no,127.87,2,560066,Whitefield,Bangalore
SHP002241,M001,ORD001660,Delhivery,rto,1,yes,59.89,9,560034,Koramangala,Bangalore
SHP002242,M001,ORD003741,Ecom Express,rto,2,yes,70.57,3,560066,Whitefield,Bangalore
SHP002243,M001,ORD003647,Shiprocket,delivered,1,no,45.92,3,560037,Brookefield,Bangalore
SHP002244,M001,ORD004204,Ecom Express,delivered,1,no,78.44,5,560034,Koramangala,Bangalore
SHP002245,M001,ORD003990,Shiprocket,delivered,1,no,171.43,4,560100,Electronic City,Bangalore
SHP002246,M001,ORD004029,BlueDart,delivered,2,no,93.97,4,560037,Brookefield,Bangalore
SHP002247,M001,ORD004761,Delhivery,delivered,3,no,149.35,5,560103,Bellandur,Bangalore
SHP002248,M001,ORD003745,Xpressbees,delivered,1,no,111.95,5,560100,Electronic City,Bangalore
SHP002249,M001,ORD000852,Xpressbees,delivered,1,no,81.32,3,560085,Banashankari,Bangalore
SHP002250,M001,ORD004424,Delhivery,delivered,1,no,94.3,3,560102,HSR Layout,Bangalore
SHP002251,M001,ORD002151,Shiprocket,delivered,1,no,108.0,5,560038,Indiranagar,Bangalore
SHP002252,M001,ORD004248,Delhivery,delivered,1,no,61.23,1,560037,Brookefield,Bangalore
SHP002253,M001,ORD002106,Xpressbees,delivered,1,no,106.46,5,560034,Koramangala,Bangalore
SHP002254,M001,ORD001559,BlueDart,in_transit,2,no,87.75,2,560008,Ulsoor,Bangalore
SHP002255,M001,ORD000467,BlueDart,delivered,1,no,58.86,3,560037,Marathahalli,Bangalore
SHP002256,M001,ORD002627,Delhivery,delivered,1,no,77.18,4,560076,Bannerghatta Road,Bangalore
SHP002257,M001,ORD000698,Delhivery,delivered,2,no,60.2,3,560098,RR Nagar,Bangalore
SHP002258,M001,ORD002327,Ecom Express,failed_delivery,1,no,101.96,8,560058,Peenya,Bangalore
SHP002259,M001,ORD002065,Shiprocket,delivered,1,no,110.18,5,560103,Bellandur,Bangalore
SHP002260,M001,ORD002774,BlueDart,in_transit,1,no,101.99,1,560103,Bellandur,Bangalore
SHP002261,M001,ORD000886,Shiprocket,delivered,1,no,66.63,5,560103,Bellandur,Bangalore
SHP002262,M001,ORD001702,Delhivery,delivered,1,no,139.91,3,560034,Koramangala,Bangalore
SHP002263,M001,ORD003553,Ecom Express,delivered,1,no,86.87,3,560071,Domlur,Bangalore
SHP002264,M001,ORD000466,BlueDart,delivered,1,no,111.7,5,560034,Koramangala,Bangalore
SHP002265,M001,ORD004674,BlueDart,delivered,1,no,67.22,4,560037,Brookefield,Bangalore
SHP002266,M001,ORD001979,Delhivery,rto,2,yes,87.71,8,560037,Marathahalli,Bangalore
SHP002267,M001,ORD004213,Shiprocket,delivered,1,no,56.71,1,560102,HSR Layout,Bangalore
SHP002268,M001,ORD002437,Shiprocket,delivered,1,no,110.15,3,560036,KR Puram,Bangalore
SHP002269,M001,ORD002552,Xpressbees,in_transit,1,no,161.51,3,560100,Electronic City,Bangalore
SHP002270,M001,ORD000435,Xpressbees,failed_delivery,1,no,117.09,3,560017,Old Airport Road,Bangalore
SHP002271,M001,ORD000728,Ecom Express,delivered,1,no,77.42,1,560102,HSR Layout,Bangalore
SHP002272,M001,ORD002403,BlueDart,delivered,1,no,54.68,2,560038,Indiranagar,Bangalore
SHP002273,M001,ORD000532,Delhivery,delivered,1,no,90.27,2,560071,Domlur,Bangalore
SHP002274,M001,ORD004478,Delhivery,failed_delivery,1,no,66.92,9,560036,KR Puram,Bangalore
SHP002275,M001,ORD002311,Ecom Express,delivered,1,no,147.06,5,560048,Mahadevapura,Bangalore
SHP002276,M001,ORD003512,BlueDart,delivered,1,no,108.39,5,560034,Koramangala,Bangalore
SHP002277,M001,ORD003874,Delhivery,delivered,2,no,118.11,3,560060,Kengeri,Bangalore
SHP002278,M001,ORD004846,Delhivery,delivered,1,no,125.26,4,560041,Jayanagar,Bangalore
SHP002279,M001,ORD002162,BlueDart,delivered,2,no,128.99,4,560034,Koramangala,Bangalore
SHP002280,M001,ORD004583,BlueDart,failed_delivery,3,no,103.93,8,560066,Whitefield,Bangalore
SHP002281,M001,ORD003140,Xpressbees,failed_delivery,3,no,112.08,5,560037,Marathahalli,Bangalore
SHP002282,M001,ORD002433,Ecom Express,in_transit,1,no,46.94,1,560103,Bellandur,Bangalore
SHP002283,M001,ORD002745,Shiprocket,in_transit,1,no,146.48,1,560048,Mahadevapura,Bangalore
SHP002284,M001,ORD003565,Delhivery,delivered,1,no,111.77,4,560102,HSR Layout,Bangalore
SHP002285,M001,ORD001397,Delhivery,rto,1,yes,136.03,9,560037,Marathahalli,Bangalore
SHP002286,M001,ORD001679,Delhivery,delivered,1,no,126.59,1,560048,Mahadevapura,Bangalore
SHP002287,M001,ORD000398,BlueDart,delivered,3,no,129.17,3,560102,HSR Layout,Bangalore
SHP002288,M001,ORD000746,BlueDart,delivered,3,no,85.07,5,560066,Whitefield,Bangalore
SHP002289,M001,ORD001421,Delhivery,delivered,3,no,146.72,4,560048,Mahadevapura,Bangalore
SHP002290,M001,ORD003253,Xpressbees,in_transit,2,no,137.96,4,560008,Ulsoor,Bangalore
SHP002291,M001,ORD001410,Ecom Express,delivered,1,no,69.88,4,560008,Ulsoor,Bangalore
SHP002292,M001,ORD000619,Shiprocket,delivered,1,no,92.24,1,560037,Marathahalli,Bangalore
SHP002293,M001,ORD003136,Shiprocket,failed_delivery,1,no,84.51,9,560098,RR Nagar,Bangalore
SHP002294,M001,ORD000364,Ecom Express,in_transit,2,no,134.13,1,560037,Brookefield,Bangalore
SHP002295,M001,ORD004319,Ecom Express,delivered,1,no,73.54,2,560066,Whitefield,Bangalore
SHP002296,M001,ORD002152,Ecom Express,delivered,1,no,128.29,4,560035,Sarjapur Road,Bangalore
SHP002297,M001,ORD002969,Xpressbees,delivered,1,no,163.51,1,560100,Electronic City,Bangalore
SHP002298,M001,ORD001799,BlueDart,delivered,1,no,96.27,1,560037,Brookefield,Bangalore
SHP002299,M001,ORD004902,Shiprocket,in_transit,2,no,63.28,1,560103,Bellandur,Bangalore
SHP002300,M001,ORD002140,Shiprocket,delivered,1,no,146.45,5,560048,Mahadevapura,Bangalore
SHP002301,M001,ORD001311,Shiprocket,rto,1,yes,98.15,4,560098,RR Nagar,Bangalore
SHP002302,M001,ORD002313,BlueDart,delivered,3,no,106.23,3,560100,Electronic City,Bangalore
SHP002303,M001,ORD004492,Xpressbees,in_transit,1,no,63.75,1,560066,Whitefield,Bangalore
SHP002304,M001,ORD001651,Ecom Express,delivered,1,no,79.82,5,560036,KR Puram,Bangalore
SHP002305,M001,ORD004741,BlueDart,delivered,1,no,154.33,3,560100,Electronic City,Bangalore
SHP002306,M001,ORD002586,Ecom Express,delivered,3,no,84.0,3,560102,HSR Layout,Bangalore
SHP002307,M001,ORD002837,Xpressbees,rto,2,yes,99.43,9,560040,Vijayanagar,Bangalore
SHP002308,M001,ORD004246,Delhivery,delivered,2,no,199.67,2,560100,Electronic City,Bangalore
SHP002309,M001,ORD002779,Delhivery,rto,2,yes,137.43,8,560100,Electronic City,Bangalore
SHP002310,M001,ORD002426,Xpressbees,rto,1,yes,93.88,4,560103,Bellandur,Bangalore
SHP002311,M001,ORD000856,BlueDart,delivered,1,no,130.28,5,560035,Sarjapur Road,Bangalore
SHP002312,M001,ORD004775,Xpressbees,failed_delivery,2,no,60.82,6,560085,Banashankari,Bangalore
SHP002313,M001,ORD002040,Xpressbees,failed_delivery,3,no,129.77,8,560034,Koramangala,Bangalore
SHP002314,M001,ORD000153,Ecom Express,delivered,1,no,84.67,5,560071,Domlur,Bangalore
SHP002315,M001,ORD004009,Xpressbees,delivered,1,no,78.16,4,560017,Old Airport Road,Bangalore
SHP002316,M001,ORD003294,Delhivery,delivered,1,no,104.67,1,560040,Vijayanagar,Bangalore
SHP002317,M001,ORD003953,Delhivery,delivered,1,no,118.23,4,560036,KR Puram,Bangalore
SHP002318,M001,ORD001537,Shiprocket,delivered,1,no,96.1,1,560040,Vijayanagar,Bangalore
SHP002319,M001,ORD003641,BlueDart,failed_delivery,2,no,70.43,7,560071,Domlur,Bangalore
SHP002320,M001,ORD001398,Shiprocket,in_transit,2,no,73.36,1,560004,Basavanagudi,Bangalore
SHP002321,M001,ORD003430,Shiprocket,in_transit,1,no,98.76,1,560103,Bellandur,Bangalore
SHP002322,M001,ORD001874,Ecom Express,delivered,1,no,139.46,1,560103,Bellandur,Bangalore
SHP002323,M001,ORD002001,BlueDart,delivered,1,no,145.99,4,560058,Peenya,Bangalore
SHP002324,M001,ORD000047,Shiprocket,delivered,1,no,62.13,5,560085,Banashankari,Bangalore
SHP002325,M001,ORD001453,Delhivery,in_transit,1,no,134.52,3,560034,Koramangala,Bangalore
SHP002326,M001,ORD002722,Ecom Express,delivered,1,no,113.53,5,560058,Peenya,Bangalore
SHP002327,M001,ORD004376,Delhivery,delivered,1,no,137.82,2,560085,Banashankari,Bangalore
SHP002328,M001,ORD003063,Delhivery,delivered,1,no,48.22,2,560017,Old Airport Road,Bangalore
SHP002329,M001,ORD003080,Xpressbees,delivered,3,no,66.91,2,560103,Bellandur,Bangalore
SHP002330,M001,ORD000296,Xpressbees,delivered,1,no,74.21,5,560103,Bellandur,Bangalore
SHP002331,M001,ORD002088,Ecom Express,delivered,1,no,56.88,2,560048,Mahadevapura,Bangalore
SHP002332,M001,ORD002112,Xpressbees,delivered,1,no,116.21,5,560071,Domlur,Bangalore
SHP002333,M001,ORD003560,BlueDart,delivered,1,no,86.29,5,560037,Marathahalli,Bangalore
SHP002334,M001,ORD004949,Shiprocket,delivered,1,no,123.07,1,560103,Bellandur,Bangalore
SHP002335,M001,ORD004325,Xpressbees,delivered,1,no,112.97,1,560103,Bellandur,Bangalore
SHP002336,M001,ORD000068,Ecom Express,delivered,1,no,145.05,3,560004,Basavanagudi,Bangalore
SHP002337,M001,ORD001929,Ecom Express,delivered,1,no,76.36,3,560034,Koramangala,Bangalore
SHP002338,M001,ORD004185,Xpressbees,delivered,1,no,50.13,4,560066,Whitefield,Bangalore
SHP002339,M001,ORD001809,Shiprocket,delivered,1,no,60.9,3,560102,HSR Layout,Bangalore
SHP002340,M001,ORD004365,Delhivery,delivered,1,no,122.08,4,560102,HSR Layout,Bangalore
SHP002341,M001,ORD004055,Shiprocket,delivered,1,no,76.57,5,560103,Bellandur,Bangalore
SHP002342,M001,ORD001813,Shiprocket,in_transit,1,no,45.26,3,560102,HSR Layout,Bangalore
SHP002343,M001,ORD004501,Ecom Express,rto,2,yes,139.96,6,560100,Electronic City,Bangalore
SHP002344,M001,ORD002160,Delhivery,delivered,2,no,127.99,2,560037,Marathahalli,Bangalore
SHP002345,M001,ORD001241,Delhivery,delivered,1,no,115.32,5,560103,Bellandur,Bangalore
SHP002346,M001,ORD002215,Xpressbees,rto,2,yes,125.24,4,560034,Koramangala,Bangalore
SHP002347,M001,ORD004302,Delhivery,in_transit,2,no,109.33,2,560008,Ulsoor,Bangalore
SHP002348,M001,ORD004113,Shiprocket,failed_delivery,3,no,63.72,9,560064,Jakkur,Bangalore
SHP002349,M001,ORD000901,Shiprocket,in_transit,1,no,53.81,4,560004,Basavanagudi,Bangalore
SHP002350,M001,ORD002264,BlueDart,delivered,1,no,76.1,2,560038,Indiranagar,Bangalore
SHP002351,M001,ORD002489,Shiprocket,delivered,1,no,122.98,4,560037,Marathahalli,Bangalore
SHP002352,M001,ORD001990,BlueDart,failed_delivery,2,no,119.85,3,560024,Hebbal,Bangalore
SHP002353,M001,ORD004015,Ecom Express,failed_delivery,2,no,76.92,9,560038,Indiranagar,Bangalore
SHP002354,M001,ORD001047,Ecom Express,rto,1,yes,196.23,3,560035,Sarjapur Road,Bangalore
SHP002355,M001,ORD003639,BlueDart,failed_delivery,2,no,46.48,5,560076,BTM Layout,Bangalore
SHP002356,M001,ORD000611,Shiprocket,delivered,1,no,64.09,5,560037,Marathahalli,Bangalore
SHP002357,M001,ORD003543,BlueDart,in_transit,1,no,158.79,3,560100,Electronic City,Bangalore
SHP002358,M001,ORD000568,Xpressbees,delivered,1,no,124.06,2,560034,Koramangala,Bangalore
SHP002359,M001,ORD003138,BlueDart,rto,2,yes,107.28,6,560071,Domlur,Bangalore
SHP002360,M001,ORD001317,Ecom Express,delivered,1,no,73.84,1,560103,Bellandur,Bangalore
SHP002361,M001,ORD004577,BlueDart,delivered,3,no,130.25,2,560017,Old Airport Road,Bangalore
SHP002362,M001,ORD000212,Xpressbees,delivered,1,no,112.3,3,560041,Jayanagar,Bangalore
SHP002363,M001,ORD001534,Ecom Express,delivered,2,no,93.72,5,560034,Koramangala,Bangalore
SHP002364,M001,ORD002352,Shiprocket,failed_delivery,1,no,64.43,6,560034,Koramangala,Bangalore
SHP002365,M001,ORD000234,BlueDart,delivered,1,no,120.75,2,560066,Whitefield,Bangalore
SHP002366,M001,ORD001462,Delhivery,delivered,1,no,152.96,1,560035,Sarjapur Road,Bangalore
SHP002367,M001,ORD002020,BlueDart,delivered,1,no,119.49,1,560034,Koramangala,Bangalore
SHP002368,M001,ORD004339,BlueDart,delivered,1,no,91.51,3,560008,Ulsoor,Bangalore
SHP002369,M001,ORD003264,BlueDart,rto,2,yes,88.58,5,560040,Vijayanagar,Bangalore
SHP002370,M001,ORD000743,Shiprocket,delivered,1,no,58.63,5,560008,Ulsoor,Bangalore
SHP002371,M001,ORD000274,Xpressbees,in_transit,1,no,197.89,1,560035,Sarjapur Road,Bangalore
SHP002372,M001,ORD004416,Xpressbees,in_transit,2,no,126.19,4,560017,Old Airport Road,Bangalore
SHP002373,M001,ORD002756,Xpressbees,failed_delivery,3,no,50.32,4,560037,Brookefield,Bangalore
SHP002374,M001,ORD001521,Xpressbees,rto,3,yes,141.61,6,560100,Electronic City,Bangalore
SHP002375,M001,ORD004195,Ecom Express,failed_delivery,2,no,79.53,6,560103,Bellandur,Bangalore
SHP002376,M001,ORD002921,Ecom Express,delivered,1,no,111.25,5,560103,Bellandur,Bangalore
SHP002377,M001,ORD001662,BlueDart,delivered,1,no,73.8,4,560103,Bellandur,Bangalore
SHP002378,M001,ORD003372,Xpressbees,failed_delivery,3,no,78.68,7,560076,Bannerghatta Road,Bangalore
SHP002379,M001,ORD004973,Xpressbees,delivered,1,no,82.89,3,560048,Mahadevapura,Bangalore
SHP002380,M001,ORD004421,Delhivery,delivered,2,no,79.51,5,560071,Domlur,Bangalore
SHP002381,M001,ORD002267,Delhivery,in_transit,1,no,48.01,4,560102,HSR Layout,Bangalore
SHP002382,M001,ORD002584,Xpressbees,delivered,1,no,122.13,2,560058,Peenya,Bangalore
SHP002383,M001,ORD004375,BlueDart,delivered,2,no,111.14,5,560102,HSR Layout,Bangalore
SHP002384,M001,ORD004313,Delhivery,rto,2,yes,117.09,3,560098,RR Nagar,Bangalore
SHP002385,M001,ORD003523,Ecom Express,delivered,2,no,54.09,2,560103,Bellandur,Bangalore
SHP002386,M001,ORD000550,Xpressbees,delivered,3,no,74.94,1,560103,Bellandur,Bangalore
SHP002387,M001,ORD003189,Ecom Express,delivered,1,no,87.4,3,560076,BTM Layout,Bangalore
SHP002388,M001,ORD004264,Xpressbees,in_transit,1,no,101.72,3,560038,Indiranagar,Bangalore
SHP002389,M001,ORD002530,Xpressbees,in_transit,1,no,111.87,4,560048,Mahadevapura,Bangalore
SHP002390,M001,ORD003317,Ecom Express,delivered,1,no,59.89,5,560071,Domlur,Bangalore
SHP002391,M001,ORD002595,Ecom Express,failed_delivery,3,no,46.88,4,560102,HSR Layout,Bangalore
SHP002392,M001,ORD003181,BlueDart,delivered,1,no,68.4,5,560103,Bellandur,Bangalore
SHP002393,M001,ORD000294,Ecom Express,delivered,2,no,83.4,2,560048,Mahadevapura,Bangalore
SHP002394,M001,ORD001210,Shiprocket,delivered,2,no,95.39,3,560048,Mahadevapura,Bangalore
SHP002395,M001,ORD002748,Shiprocket,delivered,2,no,71.65,5,560040,Vijayanagar,Bangalore
SHP002396,M001,ORD002247,BlueDart,in_transit,1,no,93.86,2,560037,Brookefield,Bangalore
SHP002397,M001,ORD004091,Xpressbees,delivered,2,no,99.72,3,560017,Old Airport Road,Bangalore
SHP002398,M001,ORD002098,Xpressbees,delivered,1,no,135.67,3,560041,Jayanagar,Bangalore
SHP002399,M001,ORD004217,Xpressbees,delivered,3,no,193.91,5,560100,Electronic City,Bangalore
SHP002400,M001,ORD003564,Xpressbees,failed_delivery,3,no,173.92,9,560058,Peenya,Bangalore
SHP002401,M001,ORD004306,BlueDart,delivered,2,no,111.02,5,560100,Electronic City,Bangalore
SHP002402,M001,ORD003982,BlueDart,in_transit,1,no,133.15,2,560037,Brookefield,Bangalore
SHP002403,M001,ORD000753,Xpressbees,in_transit,3,no,86.14,2,560034,Koramangala,Bangalore
SHP002404,M001,ORD003001,Xpressbees,delivered,1,no,47.79,4,560017,Old Airport Road,Bangalore
SHP002405,M001,ORD001255,Shiprocket,in_transit,1,no,75.48,1,560037,Marathahalli,Bangalore
SHP002406,M001,ORD004178,Delhivery,delivered,2,no,184.97,4,560064,Yelahanka,Bangalore
SHP002407,M001,ORD001493,Delhivery,delivered,2,no,115.19,3,560066,Whitefield,Bangalore
SHP002408,M001,ORD003236,Shiprocket,failed_delivery,3,no,90.97,7,560098,RR Nagar,Bangalore
SHP002409,M001,ORD000330,Xpressbees,delivered,1,no,94.81,1,560071,Domlur,Bangalore
SHP002410,M001,ORD004183,Delhivery,delivered,2,no,103.34,1,560040,Vijayanagar,Bangalore
SHP002411,M001,ORD004738,Xpressbees,delivered,1,no,49.49,2,560017,Old Airport Road,Bangalore
SHP002412,M001,ORD001418,Xpressbees,delivered,1,no,83.63,2,560004,Basavanagudi,Bangalore
SHP002413,M001,ORD000198,Shiprocket,failed_delivery,2,no,132.86,5,560035,Sarjapur Road,Bangalore
SHP002414,M001,ORD004293,Ecom Express,in_transit,1,no,142.81,3,560098,RR Nagar,Bangalore
SHP002415,M001,ORD000468,BlueDart,in_transit,1,no,197.51,3,560100,Electronic City,Bangalore
SHP002416,M001,ORD003772,Xpressbees,delivered,2,no,84.09,5,560048,Mahadevapura,Bangalore
SHP002417,M001,ORD003154,Shiprocket,in_transit,1,no,49.94,3,560036,KR Puram,Bangalore
SHP002418,M001,ORD003691,Shiprocket,rto,2,yes,46.6,4,560103,Bellandur,Bangalore
SHP002419,M001,ORD003497,Xpressbees,delivered,3,no,58.1,4,560071,Domlur,Bangalore
SHP002420,M001,ORD000854,Delhivery,delivered,1,no,150.87,2,560060,Kengeri,Bangalore
SHP002421,M001,ORD000673,BlueDart,delivered,1,no,140.69,3,560035,Sarjapur Road,Bangalore
SHP002422,M001,ORD004694,Xpressbees,delivered,1,no,113.78,3,560066,Whitefield,Bangalore
SHP002423,M001,ORD000166,BlueDart,in_transit,1,no,62.12,3,560098,RR Nagar,Bangalore
SHP002424,M001,ORD003860,Shiprocket,delivered,1,no,142.57,4,560071,Domlur,Bangalore
SHP002425,M001,ORD003679,Delhivery,failed_delivery,2,no,120.86,7,560100,Electronic City,Bangalore
SHP002426,M001,ORD002805,Shiprocket,failed_delivery,2,no,143.06,5,560034,Koramangala,Bangalore
SHP002427,M001,ORD001086,BlueDart,delivered,2,no,140.28,1,560103,Bellandur,Bangalore
SHP002428,M001,ORD003470,Ecom Express,in_transit,1,no,175.47,1,560035,Sarjapur Road,Bangalore
SHP002429,M001,ORD004640,BlueDart,delivered,1,no,52.65,4,560066,Whitefield,Bangalore
SHP002430,M001,ORD000325,BlueDart,delivered,1,no,110.65,5,560066,Whitefield,Bangalore
SHP002431,M001,ORD001173,BlueDart,delivered,1,no,134.78,1,560071,Domlur,Bangalore
SHP002432,M001,ORD000124,Xpressbees,delivered,1,no,84.88,3,560034,Koramangala,Bangalore
SHP002433,M001,ORD000127,BlueDart,delivered,1,no,47.22,5,560037,Brookefield,Bangalore
SHP002434,M001,ORD000228,Shiprocket,delivered,1,no,137.95,3,560038,Indiranagar,Bangalore
SHP002435,M001,ORD004868,Delhivery,delivered,1,no,106.18,5,560017,Old Airport Road,Bangalore
SHP002436,M001,ORD001284,Shiprocket,rto,2,yes,97.11,4,560102,HSR Layout,Bangalore
SHP002437,M001,ORD000036,Xpressbees,delivered,1,no,47.88,1,560071,Domlur,Bangalore
SHP002438,M001,ORD001626,Ecom Express,delivered,1,no,63.6,5,560071,Domlur,Bangalore
SHP002439,M001,ORD002835,Shiprocket,failed_delivery,1,no,130.77,9,560103,Bellandur,Bangalore
SHP002440,M001,ORD004652,Delhivery,delivered,1,no,57.0,5,560036,KR Puram,Bangalore
SHP002441,M001,ORD001183,Shiprocket,failed_delivery,2,no,64.79,6,560034,Koramangala,Bangalore
SHP002442,M001,ORD004176,Delhivery,in_transit,1,no,134.66,4,560103,Bellandur,Bangalore
SHP002443,M001,ORD002453,Shiprocket,delivered,1,no,128.87,3,560004,Basavanagudi,Bangalore
SHP002444,M001,ORD004351,BlueDart,delivered,1,no,151.45,5,560058,Peenya,Bangalore
SHP002445,M001,ORD001182,Shiprocket,delivered,1,no,130.6,2,560102,HSR Layout,Bangalore
SHP002446,M001,ORD001373,Xpressbees,delivered,1,no,116.13,5,560003,Malleshwaram,Bangalore
SHP002447,M001,ORD004566,Ecom Express,delivered,1,no,78.13,3,560066,Whitefield,Bangalore
SHP002448,M001,ORD003255,Ecom Express,in_transit,2,no,171.42,2,560100,Electronic City,Bangalore
SHP002449,M001,ORD003568,Ecom Express,delivered,1,no,104.57,4,560008,Ulsoor,Bangalore
SHP002450,M001,ORD004994,BlueDart,delivered,1,no,106.16,4,560103,Bellandur,Bangalore
SHP002451,M001,ORD000045,Ecom Express,failed_delivery,3,no,128.87,7,560017,Old Airport Road,Bangalore
SHP002452,M001,ORD001598,Xpressbees,delivered,1,no,106.87,5,560017,Old Airport Road,Bangalore
SHP002453,M001,ORD000615,Shiprocket,delivered,2,no,130.52,4,560037,Marathahalli,Bangalore
SHP002454,M001,ORD002356,Shiprocket,delivered,1,no,131.9,5,560037,Marathahalli,Bangalore
SHP002455,M001,ORD000890,Shiprocket,delivered,1,no,139.12,5,560085,Banashankari,Bangalore
SHP002456,M001,ORD003552,BlueDart,in_transit,1,no,83.01,4,560008,Ulsoor,Bangalore
SHP002457,M001,ORD001475,Ecom Express,rto,3,yes,118.61,6,560001,MG Road,Bangalore
SHP002458,M001,ORD002287,Xpressbees,delivered,2,no,143.01,3,560034,Koramangala,Bangalore
SHP002459,M001,ORD003418,Ecom Express,delivered,2,no,100.75,4,560066,Whitefield,Bangalore
SHP002460,M001,ORD002172,Delhivery,delivered,1,no,116.04,4,560100,Electronic City,Bangalore
SHP002461,M001,ORD002251,BlueDart,delivered,1,no,64.4,3,560041,Jayanagar,Bangalore
SHP002462,M001,ORD002007,BlueDart,delivered,1,no,50.62,4,560071,Domlur,Bangalore
SHP002463,M001,ORD003036,BlueDart,delivered,1,no,107.73,1,560103,Bellandur,Bangalore
SHP002464,M001,ORD000975,BlueDart,in_transit,1,no,131.2,4,560098,RR Nagar,Bangalore
SHP002465,M001,ORD003658,Ecom Express,delivered,1,no,81.3,1,560048,Mahadevapura,Bangalore
SHP002466,M001,ORD001244,Ecom Express,delivered,1,no,147.06,3,560037,Marathahalli,Bangalore
SHP002467,M001,ORD000305,Delhivery,delivered,3,no,85.56,2,560085,Banashankari,Bangalore
SHP002468,M001,ORD003338,BlueDart,in_transit,2,no,148.53,4,560102,HSR Layout,Bangalore
SHP002469,M001,ORD003940,Shiprocket,delivered,1,no,72.12,3,560102,HSR Layout,Bangalore
SHP002470,M001,ORD002153,Delhivery,delivered,1,no,103.41,5,560034,Koramangala,Bangalore
SHP002471,M001,ORD004410,Ecom Express,rto,2,yes,99.29,6,560048,Mahadevapura,Bangalore
SHP002472,M001,ORD004602,Shiprocket,delivered,2,no,100.65,3,560037,Marathahalli,Bangalore
SHP002473,M001,ORD000393,Shiprocket,in_transit,1,no,129.81,1,560103,Bellandur,Bangalore
SHP002474,M001,ORD001676,Delhivery,delivered,1,no,105.46,2,560034,Koramangala,Bangalore
SHP002475,M001,ORD000987,Shiprocket,delivered,2,no,120.66,4,560066,Whitefield,Bangalore
SHP002476,M001,ORD001734,Delhivery,delivered,1,no,88.53,2,560071,Domlur,Bangalore
SHP002477,M001,ORD003628,BlueDart,in_transit,2,no,97.28,3,560017,Old Airport Road,Bangalore
SHP002478,M001,ORD001796,Delhivery,delivered,1,no,149.17,2,560041,Jayanagar,Bangalore
SHP002479,M001,ORD002981,Shiprocket,delivered,1,no,89.72,4,560037,Brookefield,Bangalore
SHP002480,M001,ORD002123,Ecom Express,delivered,1,no,153.29,4,560035,Sarjapur Road,Bangalore
SHP002481,M001,ORD004653,Ecom Express,failed_delivery,1,no,160.43,3,560035,Sarjapur Road,Bangalore
SHP002482,M001,ORD002072,Delhivery,delivered,2,no,64.27,3,560008,Ulsoor,Bangalore
SHP002483,M001,ORD003685,Xpressbees,delivered,3,no,110.67,5,560102,HSR Layout,Bangalore
SHP002484,M001,ORD002798,BlueDart,delivered,2,no,104.15,4,560041,Jayanagar,Bangalore
SHP002485,M001,ORD000653,Xpressbees,delivered,2,no,111.61,1,560048,Mahadevapura,Bangalore
SHP002486,M001,ORD002028,Shiprocket,delivered,1,no,99.67,1,560103,Bellandur,Bangalore
SHP002487,M001,ORD004848,Delhivery,delivered,2,no,145.79,1,560048,Mahadevapura,Bangalore
SHP002488,M001,ORD001429,Delhivery,delivered,1,no,137.39,3,560060,Kengeri,Bangalore
SHP002489,M001,ORD000731,Xpressbees,delivered,2,no,123.2,4,560100,Electronic City,Bangalore
SHP002490,M001,ORD002063,Ecom Express,delivered,1,no,141.81,4,560103,Bellandur,Bangalore
SHP002491,M001,ORD004726,Delhivery,delivered,1,no,73.12,1,560004,Basavanagudi,Bangalore
SHP002492,M001,ORD001071,Shiprocket,delivered,2,no,60.37,4,560085,Banashankari,Bangalore
SHP002493,M001,ORD001672,Delhivery,delivered,2,no,79.93,3,560036,KR Puram,Bangalore
SHP002494,M001,ORD004447,Xpressbees,delivered,1,no,177.33,5,560035,Sarjapur Road,Bangalore
SHP002495,M001,ORD001109,Ecom Express,delivered,1,no,77.89,1,560017,Old Airport Road,Bangalore
SHP002496,M001,ORD002239,Delhivery,in_transit,1,no,118.9,2,560064,Yelahanka,Bangalore
SHP002497,M001,ORD001276,Shiprocket,failed_delivery,2,no,116.09,5,560008,Ulsoor,Bangalore
SHP002498,M001,ORD000586,Xpressbees,delivered,2,no,143.1,5,560034,Koramangala,Bangalore
SHP002499,M001,ORD001190,Delhivery,delivered,2,no,135.38,2,560066,Whitefield,Bangalore
SHP002500,M001,ORD000115,Delhivery,rto,3,yes,81.56,5,560037,Brookefield,Bangalore
SHP002501,M001,ORD004237,BlueDart,delivered,1,no,126.91,5,560048,Mahadevapura,Bangalore
SHP002502,M001,ORD004256,Delhivery,delivered,1,no,151.61,1,560100,Electronic City,Bangalore
SHP002503,M001,ORD002930,Ecom Express,delivered,1,no,99.37,5,560037,Marathahalli,Bangalore
SHP002504,M001,ORD000354,Delhivery,delivered,1,no,79.42,5,560034,Koramangala,Bangalore
SHP002505,M001,ORD004495,Shiprocket,delivered,1,no,136.44,1,560003,Malleshwaram,Bangalore
SHP002506,M001,ORD001504,Shiprocket,in_transit,1,no,103.6,2,560003,Malleshwaram,Bangalore
SHP002507,M001,ORD004261,Xpressbees,delivered,1,no,82.12,2,560024,Hebbal,Bangalore
SHP002508,M001,ORD000641,BlueDart,delivered,1,no,111.91,2,560035,Sarjapur Road,Bangalore
SHP002509,M001,ORD004067,Shiprocket,delivered,1,no,133.7,3,560048,Mahadevapura,Bangalore
SHP002510,M001,ORD000922,Xpressbees,delivered,1,no,49.69,5,560037,Brookefield,Bangalore
SHP002511,M001,ORD001505,BlueDart,failed_delivery,2,no,105.48,4,560100,Electronic City,Bangalore
SHP002512,M001,ORD002782,Shiprocket,delivered,1,no,49.25,3,560037,Marathahalli,Bangalore
SHP002513,M001,ORD000640,Delhivery,in_transit,1,no,120.52,2,560003,Malleshwaram,Bangalore
SHP002514,M001,ORD004156,Delhivery,failed_delivery,1,no,62.26,9,560037,Marathahalli,Bangalore
SHP002515,M001,ORD001766,BlueDart,delivered,1,no,128.25,1,560102,HSR Layout,Bangalore
SHP002516,M001,ORD003171,Delhivery,rto,3,yes,132.47,7,560100,Electronic City,Bangalore
SHP002517,M001,ORD001367,Delhivery,failed_delivery,3,no,80.14,6,560001,MG Road,Bangalore
SHP002518,M001,ORD002184,Xpressbees,in_transit,2,no,170.26,4,560100,Electronic City,Bangalore
SHP002519,M001,ORD004258,Ecom Express,delivered,1,no,187.41,5,560100,Electronic City,Bangalore
SHP002520,M001,ORD002477,Ecom Express,in_transit,1,no,90.57,2,560103,Bellandur,Bangalore
SHP002521,M001,ORD003014,BlueDart,delivered,1,no,83.25,1,560076,BTM Layout,Bangalore
SHP002522,M001,ORD000477,Delhivery,delivered,1,no,61.84,4,560103,Bellandur,Bangalore
SHP002523,M001,ORD000458,Shiprocket,delivered,1,no,59.52,2,560036,KR Puram,Bangalore
SHP002524,M001,ORD002791,BlueDart,delivered,1,no,182.21,5,560100,Electronic City,Bangalore
SHP002525,M001,ORD000719,Delhivery,failed_delivery,2,no,116.44,3,560010,Rajajinagar,Bangalore
SHP002526,M001,ORD000245,Xpressbees,delivered,1,no,144.74,5,560102,HSR Layout,Bangalore
SHP002527,M001,ORD001643,Ecom Express,failed_delivery,2,no,135.99,8,560017,Old Airport Road,Bangalore
SHP002528,M001,ORD003629,Shiprocket,delivered,1,no,127.67,4,560071,Domlur,Bangalore
SHP002529,M001,ORD003584,Shiprocket,in_transit,1,no,107.15,2,560037,Marathahalli,Bangalore
SHP002530,M001,ORD003384,Shiprocket,failed_delivery,3,no,148.49,8,560024,Hebbal,Bangalore
SHP002531,M001,ORD002384,Delhivery,rto,3,yes,138.32,5,560038,Indiranagar,Bangalore
SHP002532,M001,ORD001057,Delhivery,delivered,1,no,132.24,5,560037,Marathahalli,Bangalore
SHP002533,M001,ORD001177,BlueDart,delivered,1,no,123.66,2,560008,Ulsoor,Bangalore
SHP002534,M001,ORD002935,Shiprocket,delivered,1,no,71.65,3,560001,MG Road,Bangalore
SHP002535,M001,ORD004338,BlueDart,in_transit,1,no,115.72,2,560103,Bellandur,Bangalore
SHP002536,M001,ORD001412,Shiprocket,delivered,1,no,121.2,1,560024,Hebbal,Bangalore
SHP002537,M001,ORD000405,Shiprocket,delivered,1,no,62.99,3,560038,Indiranagar,Bangalore
SHP002538,M001,ORD000740,Ecom Express,delivered,1,no,65.1,3,560038,Indiranagar,Bangalore
SHP002539,M001,ORD003061,Xpressbees,failed_delivery,1,no,188.53,9,560100,Electronic City,Bangalore
SHP002540,M001,ORD002678,Ecom Express,failed_delivery,3,no,53.18,9,560102,HSR Layout,Bangalore
SHP002541,M001,ORD001735,Ecom Express,in_transit,1,no,141.78,2,560010,Rajajinagar,Bangalore
SHP002542,M001,ORD003661,Shiprocket,delivered,1,no,86.43,3,560010,Rajajinagar,Bangalore
SHP002543,M001,ORD004760,Delhivery,in_transit,1,no,125.21,2,560010,Rajajinagar,Bangalore
SHP002544,M001,ORD003340,Shiprocket,rto,1,yes,102.08,7,560048,Mahadevapura,Bangalore
SHP002545,M001,ORD004127,Ecom Express,in_transit,1,no,59.29,3,560017,Old Airport Road,Bangalore
SHP002546,M001,ORD000749,Delhivery,delivered,2,no,93.83,5,560103,Bellandur,Bangalore
SHP002547,M001,ORD004530,Delhivery,rto,2,yes,105.24,3,560103,Bellandur,Bangalore
SHP002548,M001,ORD001970,Shiprocket,delivered,2,no,99.2,4,560048,Mahadevapura,Bangalore
SHP002549,M001,ORD002483,Ecom Express,in_transit,2,no,117.5,4,560066,Whitefield,Bangalore
SHP002550,M001,ORD002651,Xpressbees,delivered,1,no,91.92,1,560102,HSR Layout,Bangalore
SHP002551,M001,ORD001914,Xpressbees,delivered,2,no,83.51,2,560008,Ulsoor,Bangalore
SHP002552,M001,ORD004686,Ecom Express,rto,3,yes,108.21,3,560071,Domlur,Bangalore
SHP002553,M001,ORD004076,Ecom Express,rto,2,yes,48.76,6,560034,Koramangala,Bangalore
SHP002554,M001,ORD002680,Delhivery,in_transit,1,no,48.66,4,560034,Koramangala,Bangalore
SHP002555,M001,ORD001101,Ecom Express,delivered,1,no,145.88,1,560037,Marathahalli,Bangalore
SHP002556,M001,ORD001008,Delhivery,delivered,2,no,58.01,4,560078,JP Nagar,Bangalore
SHP002557,M001,ORD001381,Delhivery,delivered,2,no,64.78,3,560102,HSR Layout,Bangalore
SHP002558,M001,ORD000930,Xpressbees,delivered,1,no,138.28,1,560037,Brookefield,Bangalore
SHP002559,M001,ORD000853,BlueDart,delivered,1,no,54.72,5,560048,Mahadevapura,Bangalore
SHP002560,M001,ORD004211,Delhivery,rto,3,yes,106.15,3,560100,Electronic City,Bangalore
SHP002561,M001,ORD003149,Shiprocket,in_transit,1,no,139.99,2,560100,Electronic City,Bangalore
SHP002562,M001,ORD004464,Xpressbees,in_transit,1,no,141.32,1,560037,Marathahalli,Bangalore
SHP002563,M001,ORD003427,Shiprocket,delivered,1,no,76.57,3,560034,Koramangala,Bangalore
SHP002564,M001,ORD001000,BlueDart,in_transit,2,no,52.23,4,560037,Marathahalli,Bangalore
SHP002565,M001,ORD000703,Delhivery,failed_delivery,2,no,91.54,4,560058,Peenya,Bangalore
SHP002566,M001,ORD004982,Delhivery,delivered,1,no,55.63,4,560102,HSR Layout,Bangalore
SHP002567,M001,ORD004905,Delhivery,delivered,2,no,49.59,2,560037,Marathahalli,Bangalore
SHP002568,M001,ORD003599,Xpressbees,in_transit,1,no,71.73,2,560048,Mahadevapura,Bangalore
SHP002569,M001,ORD001149,BlueDart,delivered,1,no,78.93,3,560066,Whitefield,Bangalore
SHP002570,M001,ORD000006,Shiprocket,delivered,1,no,54.6,2,560008,Ulsoor,Bangalore
SHP002571,M001,ORD004884,BlueDart,rto,2,yes,134.9,5,560100,Electronic City,Bangalore
SHP002572,M001,ORD004605,BlueDart,delivered,2,no,129.1,5,560017,Old Airport Road,Bangalore
SHP002573,M001,ORD003283,Shiprocket,in_transit,1,no,144.41,1,560102,HSR Layout,Bangalore
SHP002574,M001,ORD003227,BlueDart,rto,2,yes,149.26,6,560102,HSR Layout,Bangalore
SHP002575,M001,ORD002332,BlueDart,delivered,1,no,65.59,4,560037,Brookefield,Bangalore
SHP002576,M001,ORD004249,BlueDart,delivered,1,no,78.47,3,560008,Ulsoor,Bangalore
SHP002577,M001,ORD001415,Ecom Express,delivered,1,no,82.73,3,560085,Banashankari,Bangalore
SHP002578,M001,ORD000713,Delhivery,delivered,1,no,196.79,2,560100,Electronic City,Bangalore
SHP002579,M001,ORD001887,Delhivery,delivered,1,no,124.88,1,560048,Mahadevapura,Bangalore
SHP002580,M001,ORD001154,Shiprocket,delivered,1,no,158.91,5,560100,Electronic City,Bangalore
SHP002581,M001,ORD001905,Delhivery,delivered,1,no,108.77,2,560060,Kengeri,Bangalore
SHP002582,M001,ORD002353,Ecom Express,rto,1,yes,128.81,8,560064,Jakkur,Bangalore
SHP002583,M001,ORD003967,Xpressbees,delivered,1,no,114.78,5,560100,Electronic City,Bangalore
SHP002584,M001,ORD003591,Shiprocket,delivered,2,no,137.59,2,560102,HSR Layout,Bangalore
SHP002585,M001,ORD001664,BlueDart,in_transit,2,no,52.7,3,560048,Mahadevapura,Bangalore
SHP002586,M001,ORD000200,Ecom Express,delivered,2,no,91.04,1,560064,Yelahanka,Bangalore
SHP002587,M001,ORD001832,Delhivery,delivered,1,no,110.13,1,560103,Bellandur,Bangalore
SHP002588,M001,ORD001984,BlueDart,in_transit,2,no,61.04,3,560066,Whitefield,Bangalore
SHP002589,M001,ORD003865,Shiprocket,failed_delivery,1,no,119.41,7,560017,Old Airport Road,Bangalore
SHP002590,M001,ORD001452,Shiprocket,in_transit,2,no,111.42,2,560100,Electronic City,Bangalore
SHP002591,M001,ORD003959,BlueDart,in_transit,2,no,88.56,2,560036,KR Puram,Bangalore
SHP002592,M001,ORD004359,Shiprocket,delivered,1,no,103.43,4,560034,Koramangala,Bangalore
SHP002593,M001,ORD001345,Delhivery,delivered,1,no,116.15,2,560048,Mahadevapura,Bangalore
SHP002594,M001,ORD002815,Ecom Express,delivered,1,no,136.66,1,560066,Whitefield,Bangalore
SHP002595,M001,ORD002764,Ecom Express,delivered,1,no,79.94,5,560017,Old Airport Road,Bangalore
SHP002596,M001,ORD003969,Shiprocket,delivered,2,no,138.61,4,560103,Bellandur,Bangalore
SHP002597,M001,ORD003558,Shiprocket,rto,1,yes,126.45,8,560066,Whitefield,Bangalore
SHP002598,M001,ORD003695,BlueDart,failed_delivery,3,no,123.41,6,560064,Jakkur,Bangalore
SHP002599,M001,ORD003460,BlueDart,delivered,1,no,122.93,4,560004,Basavanagudi,Bangalore
SHP002600,M001,ORD004126,Shiprocket,delivered,3,no,52.57,1,560102,HSR Layout,Bangalore
SHP002601,M001,ORD003180,Ecom Express,rto,3,yes,174.76,9,560035,Sarjapur Road,Bangalore
SHP002602,M001,ORD003828,BlueDart,delivered,1,no,111.01,4,560034,Koramangala,Bangalore
SHP002603,M001,ORD002640,Shiprocket,failed_delivery,2,no,72.34,6,560008,Ulsoor,Bangalore
SHP002604,M001,ORD004322,Shiprocket,delivered,2,no,119.74,5,560037,Marathahalli,Bangalore
SHP002605,M001,ORD003448,BlueDart,rto,1,yes,125.73,3,560066,Whitefield,Bangalore
SHP002606,M001,ORD004784,Shiprocket,delivered,3,no,141.93,5,560037,Brookefield,Bangalore
SHP002607,M001,ORD004926,BlueDart,delivered,1,no,66.46,2,560103,Bellandur,Bangalore
SHP002608,M001,ORD001594,Shiprocket,in_transit,2,no,96.19,2,560034,Koramangala,Bangalore
SHP002609,M001,ORD003788,Ecom Express,in_transit,1,no,90.32,3,560066,Whitefield,Bangalore
SHP002610,M001,ORD002326,Xpressbees,delivered,1,no,179.63,4,560100,Electronic City,Bangalore
SHP002611,M001,ORD001258,Xpressbees,in_transit,2,no,68.81,2,560017,Old Airport Road,Bangalore
SHP002612,M001,ORD003425,BlueDart,delivered,2,no,113.84,2,560004,Basavanagudi,Bangalore
SHP002613,M001,ORD002214,Shiprocket,delivered,2,no,76.11,3,560066,Whitefield,Bangalore
SHP002614,M001,ORD004411,Shiprocket,in_transit,1,no,61.19,3,560071,Domlur,Bangalore
SHP002615,M001,ORD000118,Delhivery,delivered,2,no,104.33,3,560066,Whitefield,Bangalore
SHP002616,M001,ORD000388,Delhivery,delivered,3,no,122.04,2,560102,HSR Layout,Bangalore
SHP002617,M001,ORD002218,BlueDart,delivered,1,no,135.95,4,560038,Indiranagar,Bangalore
SHP002618,M001,ORD002468,Delhivery,delivered,1,no,46.96,4,560038,Indiranagar,Bangalore
SHP002619,M001,ORD000646,Ecom Express,delivered,3,no,61.6,3,560034,Koramangala,Bangalore
SHP002620,M001,ORD002077,Delhivery,in_transit,2,no,138.45,2,560102,HSR Layout,Bangalore
SHP002621,M001,ORD001841,Delhivery,delivered,3,no,54.55,1,560103,Bellandur,Bangalore
SHP002622,M001,ORD002023,Delhivery,delivered,2,no,67.06,2,560103,Bellandur,Bangalore
SHP002623,M001,ORD002694,Shiprocket,rto,2,yes,141.9,6,560103,Bellandur,Bangalore
SHP002624,M001,ORD001172,Xpressbees,failed_delivery,1,no,124.68,9,560103,Bellandur,Bangalore
SHP002625,M001,ORD001307,Xpressbees,delivered,1,no,73.03,2,560034,Koramangala,Bangalore
SHP002626,M001,ORD003241,Delhivery,delivered,1,no,95.44,5,560038,Indiranagar,Bangalore
SHP002627,M001,ORD004930,Xpressbees,rto,2,yes,74.13,8,560064,Jakkur,Bangalore
SHP002628,M001,ORD002073,BlueDart,delivered,1,no,94.98,2,560037,Marathahalli,Bangalore
SHP002629,M001,ORD004932,Shiprocket,delivered,1,no,138.71,1,560008,Ulsoor,Bangalore
SHP002630,M001,ORD002576,Xpressbees,rto,2,yes,129.69,4,560036,KR Puram,Bangalore
SHP002631,M001,ORD004404,Xpressbees,delivered,2,no,93.14,4,560066,Whitefield,Bangalore
SHP002632,M001,ORD002176,Ecom Express,failed_delivery,2,no,137.33,6,560034,Koramangala,Bangalore
SHP002633,M001,ORD004181,Xpressbees,delivered,1,no,145.14,3,560037,Marathahalli,Bangalore
SHP002634,M001,ORD003709,Xpressbees,delivered,1,no,92.42,4,560066,Whitefield,Bangalore
SHP002635,M001,ORD004747,Delhivery,delivered,1,no,128.48,4,560037,Marathahalli,Bangalore
SHP002636,M001,ORD001107,Delhivery,delivered,3,no,81.25,5,560103,Bellandur,Bangalore
SHP002637,M001,ORD002425,Delhivery,delivered,1,no,103.42,3,560017,Old Airport Road,Bangalore
SHP002638,M001,ORD004151,Ecom Express,delivered,1,no,102.32,1,560037,Marathahalli,Bangalore
SHP002639,M001,ORD002131,Ecom Express,delivered,2,no,107.78,2,560017,Old Airport Road,Bangalore
SHP002640,M001,ORD000321,Ecom Express,delivered,3,no,102.08,5,560103,Bellandur,Bangalore
SHP002641,M001,ORD001770,Xpressbees,delivered,1,no,111.31,5,560024,Hebbal,Bangalore
SHP002642,M001,ORD001639,Ecom Express,delivered,1,no,124.67,1,560102,HSR Layout,Bangalore
SHP002643,M001,ORD002108,Ecom Express,delivered,1,no,94.05,2,560037,Marathahalli,Bangalore
SHP002644,M001,ORD004719,Delhivery,delivered,2,no,72.8,3,560003,Malleshwaram,Bangalore
SHP002645,M001,ORD003464,Delhivery,delivered,2,no,55.48,4,560098,RR Nagar,Bangalore
SHP002646,M001,ORD000544,Shiprocket,delivered,2,no,142.9,5,560076,BTM Layout,Bangalore
SHP002647,M001,ORD000327,Xpressbees,in_transit,1,no,145.64,1,560103,Bellandur,Bangalore
SHP002648,M001,ORD001352,BlueDart,delivered,1,no,70.42,3,560038,Indiranagar,Bangalore
SHP002649,M001,ORD003336,Ecom Express,delivered,3,no,139.63,5,560102,HSR Layout,Bangalore
SHP002650,M001,ORD002654,Shiprocket,delivered,1,no,107.14,3,560102,HSR Layout,Bangalore
SHP002651,M001,ORD002501,Shiprocket,failed_delivery,3,no,119.65,3,560017,Old Airport Road,Bangalore
SHP002652,M001,ORD001301,BlueDart,in_transit,1,no,120.26,4,560066,Whitefield,Bangalore
SHP002653,M001,ORD004786,BlueDart,delivered,1,no,165.16,2,560100,Electronic City,Bangalore
SHP002654,M001,ORD002004,Xpressbees,failed_delivery,2,no,109.76,6,560035,Sarjapur Road,Bangalore
SHP002655,M001,ORD000213,Xpressbees,in_transit,2,no,136.01,2,560037,Marathahalli,Bangalore
SHP002656,M001,ORD003976,BlueDart,delivered,1,no,89.07,5,560037,Marathahalli,Bangalore
SHP002657,M001,ORD000336,Xpressbees,delivered,1,no,130.03,5,560066,Whitefield,Bangalore
SHP002658,M001,ORD001217,BlueDart,in_transit,1,no,56.49,1,560017,Old Airport Road,Bangalore
SHP002659,M001,ORD002096,BlueDart,delivered,1,no,178.75,3,560100,Electronic City,Bangalore
SHP002660,M001,ORD001337,Shiprocket,delivered,1,no,47.86,2,560038,Indiranagar,Bangalore
SHP002661,M001,ORD003187,Ecom Express,failed_delivery,1,no,106.56,6,560066,Whitefield,Bangalore
SHP002662,M001,ORD003855,Xpressbees,delivered,1,no,107.16,3,560017,Old Airport Road,Bangalore
SHP002663,M001,ORD000871,Ecom Express,delivered,1,no,126.81,5,560100,Electronic City,Bangalore
SHP002664,M001,ORD004436,Delhivery,delivered,1,no,141.52,2,560100,Electronic City,Bangalore
SHP002665,M001,ORD000297,BlueDart,delivered,1,no,171.56,1,560035,Sarjapur Road,Bangalore
SHP002666,M001,ORD000579,Ecom Express,delivered,1,no,94.5,1,560017,Old Airport Road,Bangalore
SHP002667,M001,ORD004912,Shiprocket,failed_delivery,1,no,129.33,4,560102,HSR Layout,Bangalore
SHP002668,M001,ORD001326,Xpressbees,delivered,1,no,132.11,3,560010,Rajajinagar,Bangalore
SHP002669,M001,ORD000537,Shiprocket,in_transit,1,no,65.99,4,560024,Hebbal,Bangalore
SHP002670,M001,ORD003867,Ecom Express,delivered,1,no,88.64,5,560037,Marathahalli,Bangalore
SHP002671,M001,ORD000932,Shiprocket,rto,3,yes,53.62,4,560103,Bellandur,Bangalore
SHP002672,M001,ORD003192,Xpressbees,delivered,2,no,118.86,5,560100,Electronic City,Bangalore
SHP002673,M001,ORD000262,Delhivery,delivered,1,no,116.85,2,560035,Sarjapur Road,Bangalore
SHP002674,M001,ORD001003,Ecom Express,delivered,2,no,121.32,4,560035,Sarjapur Road,Bangalore
SHP002675,M001,ORD003449,Ecom Express,delivered,1,no,51.57,2,560008,Ulsoor,Bangalore
SHP002676,M001,ORD002192,Xpressbees,delivered,1,no,70.34,3,560103,Bellandur,Bangalore
SHP002677,M001,ORD001021,BlueDart,delivered,1,no,216.24,1,560100,Electronic City,Bangalore
SHP002678,M001,ORD001055,BlueDart,in_transit,1,no,131.37,1,560004,Basavanagudi,Bangalore
SHP002679,M001,ORD001848,Ecom Express,delivered,2,no,98.52,1,560048,Mahadevapura,Bangalore
SHP002680,M001,ORD003636,Ecom Express,delivered,1,no,148.05,4,560017,Old Airport Road,Bangalore
SHP002681,M001,ORD001316,Xpressbees,failed_delivery,2,no,128.58,9,560058,Peenya,Bangalore
SHP002682,M001,ORD000044,Delhivery,delivered,1,no,67.65,2,560038,Indiranagar,Bangalore
SHP002683,M001,ORD004007,Delhivery,delivered,1,no,46.33,2,560040,Vijayanagar,Bangalore
SHP002684,M001,ORD002256,Delhivery,delivered,1,no,92.74,1,560102,HSR Layout,Bangalore
SHP002685,M001,ORD002841,Delhivery,delivered,2,no,76.58,2,560048,Mahadevapura,Bangalore
SHP002686,M001,ORD001879,Xpressbees,failed_delivery,2,no,95.68,7,560058,Peenya,Bangalore
SHP002687,M001,ORD004251,Ecom Express,rto,3,yes,113.86,9,560100,Electronic City,Bangalore
SHP002688,M001,ORD001246,BlueDart,delivered,1,no,100.14,4,560017,Old Airport Road,Bangalore
SHP002689,M001,ORD003065,Ecom Express,failed_delivery,2,no,116.96,9,560037,Marathahalli,Bangalore
SHP002690,M001,ORD002091,Xpressbees,delivered,1,no,188.78,4,560058,Peenya,Bangalore
SHP002691,M001,ORD002011,Shiprocket,delivered,1,no,143.73,4,560103,Bellandur,Bangalore
SHP002692,M001,ORD002598,BlueDart,in_transit,1,no,54.13,4,560036,KR Puram,Bangalore
SHP002693,M001,ORD003395,Delhivery,in_transit,1,no,100.2,3,560102,HSR Layout,Bangalore
SHP002694,M001,ORD002266,Shiprocket,in_transit,2,no,88.66,1,560066,Whitefield,Bangalore
SHP002695,M001,ORD004647,Shiprocket,delivered,1,no,94.2,4,560008,Ulsoor,Bangalore
SHP002696,M001,ORD002943,BlueDart,delivered,1,no,110.55,3,560034,Koramangala,Bangalore
SHP002697,M001,ORD000530,Xpressbees,rto,3,yes,87.07,8,560037,Marathahalli,Bangalore
SHP002698,M001,ORD003484,Delhivery,failed_delivery,3,no,112.76,8,560076,BTM Layout,Bangalore
SHP002699,M001,ORD004162,BlueDart,delivered,1,no,105.84,4,560066,Whitefield,Bangalore
SHP002700,M001,ORD004085,Ecom Express,failed_delivery,3,no,131.06,9,560017,Old Airport Road,Bangalore
SHP002701,M001,ORD001023,Shiprocket,delivered,1,no,148.78,1,560103,Bellandur,Bangalore
SHP002702,M001,ORD001508,Ecom Express,delivered,1,no,50.65,2,560038,Indiranagar,Bangalore
SHP002703,M001,ORD000780,BlueDart,delivered,2,no,83.5,4,560066,Whitefield,Bangalore
SHP002704,M001,ORD003031,Ecom Express,delivered,1,no,52.59,5,560003,Malleshwaram,Bangalore
SHP002705,M001,ORD002037,BlueDart,delivered,1,no,128.1,3,560038,Indiranagar,Bangalore
SHP002706,M001,ORD001048,Xpressbees,delivered,1,no,85.46,2,560034,Koramangala,Bangalore
SHP002707,M001,ORD003493,Ecom Express,in_transit,1,no,68.58,3,560098,RR Nagar,Bangalore
SHP002708,M001,ORD000362,Shiprocket,failed_delivery,3,no,48.33,4,560064,Jakkur,Bangalore
SHP002709,M001,ORD001283,Ecom Express,failed_delivery,2,no,67.38,3,560064,Jakkur,Bangalore
SHP002710,M001,ORD004163,BlueDart,delivered,1,no,134.59,3,560103,Bellandur,Bangalore
SHP002711,M001,ORD003165,BlueDart,delivered,3,no,123.39,2,560038,Indiranagar,Bangalore
SHP002712,M001,ORD000818,Ecom Express,delivered,1,no,96.24,5,560085,Banashankari,Bangalore
SHP002713,M001,ORD002597,Xpressbees,delivered,1,no,87.28,2,560103,Bellandur,Bangalore
SHP002714,M001,ORD002772,BlueDart,delivered,1,no,142.47,2,560064,Yelahanka,Bangalore
SHP002715,M001,ORD000913,Shiprocket,delivered,1,no,56.83,3,560085,Banashankari,Bangalore
SHP002716,M001,ORD000900,Delhivery,in_transit,1,no,65.12,1,560036,KR Puram,Bangalore
SHP002717,M001,ORD001454,Xpressbees,delivered,2,no,66.4,5,560103,Bellandur,Bangalore
SHP002718,M001,ORD002703,Shiprocket,delivered,1,no,137.25,5,560102,HSR Layout,Bangalore
SHP002719,M001,ORD002751,Ecom Express,delivered,1,no,116.36,1,560037,Marathahalli,Bangalore
SHP002720,M001,ORD004547,BlueDart,delivered,1,no,159.62,5,560060,Kengeri,Bangalore
SHP002721,M001,ORD004609,Shiprocket,rto,1,yes,149.5,8,560085,Banashankari,Bangalore
SHP002722,M001,ORD001548,Shiprocket,delivered,1,no,56.18,1,560034,Koramangala,Bangalore
SHP002723,M001,ORD001518,Xpressbees,delivered,1,no,74.05,3,560103,Bellandur,Bangalore
SHP002724,M001,ORD001522,Xpressbees,delivered,1,no,62.83,4,560078,JP Nagar,Bangalore
SHP002725,M001,ORD003488,BlueDart,in_transit,1,no,67.8,1,560076,Bannerghatta Road,Bangalore
SHP002726,M001,ORD000630,Ecom Express,rto,1,yes,111.13,6,560038,Indiranagar,Bangalore
SHP002727,M001,ORD000946,BlueDart,delivered,1,no,83.38,3,560102,HSR Layout,Bangalore
SHP002728,M001,ORD000254,Xpressbees,delivered,2,no,123.38,3,560066,Whitefield,Bangalore
SHP002729,M001,ORD004689,Ecom Express,delivered,1,no,135.31,4,560048,Mahadevapura,Bangalore
SHP002730,M001,ORD001384,Shiprocket,in_transit,1,no,52.55,4,560078,JP Nagar,Bangalore
SHP002731,M001,ORD004989,Shiprocket,failed_delivery,3,no,109.0,8,560034,Koramangala,Bangalore
SHP002732,M001,ORD002701,BlueDart,delivered,2,no,71.75,5,560076,BTM Layout,Bangalore
SHP002733,M001,ORD001838,Ecom Express,delivered,1,no,62.68,4,560085,Banashankari,Bangalore
SHP002734,M001,ORD003277,Xpressbees,rto,2,yes,71.86,6,560037,Marathahalli,Bangalore
SHP002735,M001,ORD003826,BlueDart,delivered,1,no,84.85,5,560102,HSR Layout,Bangalore
SHP002736,M001,ORD003286,Delhivery,delivered,1,no,45.26,2,560001,MG Road,Bangalore
SHP002737,M001,ORD000488,Shiprocket,delivered,1,no,111.79,3,560010,Rajajinagar,Bangalore
SHP002738,M001,ORD003660,BlueDart,in_transit,2,no,106.18,4,560100,Electronic City,Bangalore
SHP002739,M001,ORD004215,Ecom Express,rto,3,yes,68.81,8,560103,Bellandur,Bangalore
SHP002740,M001,ORD000366,Delhivery,failed_delivery,1,no,49.51,6,560071,Domlur,Bangalore
SHP002741,M001,ORD002466,Delhivery,delivered,1,no,83.95,4,560037,Marathahalli,Bangalore
SHP002742,M001,ORD003659,Shiprocket,delivered,1,no,127.26,1,560035,Sarjapur Road,Bangalore
SHP002743,M001,ORD002934,Ecom Express,delivered,2,no,109.94,2,560066,Whitefield,Bangalore
SHP002744,M001,ORD003622,Shiprocket,rto,2,yes,137.28,6,560036,KR Puram,Bangalore
SHP002745,M001,ORD004528,BlueDart,delivered,2,no,55.15,3,560066,Whitefield,Bangalore
SHP002746,M001,ORD003158,Delhivery,delivered,1,no,139.95,1,560066,Whitefield,Bangalore
SHP002747,M001,ORD004052,Shiprocket,rto,3,yes,137.44,8,560035,Sarjapur Road,Bangalore
SHP002748,M001,ORD003398,Shiprocket,delivered,1,no,140.86,2,560036,KR Puram,Bangalore
SHP002749,M001,ORD000561,Shiprocket,delivered,2,no,46.49,3,560066,Whitefield,Bangalore
SHP002750,M001,ORD001659,Ecom Express,delivered,1,no,119.67,1,560040,Vijayanagar,Bangalore
SHP002751,M001,ORD002707,Xpressbees,failed_delivery,1,no,137.69,3,560066,Whitefield,Bangalore
SHP002752,M001,ORD003486,Shiprocket,in_transit,1,no,47.43,4,560034,Koramangala,Bangalore
SHP002753,M001,ORD000949,Delhivery,delivered,1,no,107.03,1,560102,HSR Layout,Bangalore
SHP002754,M001,ORD002116,Xpressbees,delivered,1,no,141.9,5,560038,Indiranagar,Bangalore
SHP002755,M001,ORD001562,BlueDart,rto,3,yes,88.92,8,560004,Basavanagudi,Bangalore
SHP002756,M001,ORD002721,Shiprocket,delivered,1,no,99.52,2,560102,HSR Layout,Bangalore
SHP002757,M001,ORD002986,Shiprocket,delivered,2,no,93.83,5,560100,Electronic City,Bangalore
SHP002758,M001,ORD001948,Shiprocket,delivered,1,no,73.05,1,560036,KR Puram,Bangalore
SHP002759,M001,ORD000863,Delhivery,failed_delivery,3,no,170.59,8,560100,Electronic City,Bangalore
SHP002760,M001,ORD000360,BlueDart,failed_delivery,3,no,122.83,6,560064,Jakkur,Bangalore
SHP002761,M001,ORD000787,Delhivery,failed_delivery,2,no,52.28,8,560010,Rajajinagar,Bangalore
SHP002762,M001,ORD004247,Shiprocket,in_transit,1,no,133.21,1,560038,Indiranagar,Bangalore
SHP002763,M001,ORD004813,Shiprocket,in_transit,1,no,117.88,1,560066,Whitefield,Bangalore
SHP002764,M001,ORD000582,Shiprocket,delivered,1,no,84.66,4,560038,Indiranagar,Bangalore
SHP002765,M001,ORD003313,Ecom Express,delivered,3,no,105.3,1,560071,Domlur,Bangalore
SHP002766,M001,ORD002638,Ecom Express,in_transit,1,no,116.26,3,560076,Bannerghatta Road,Bangalore
SHP002767,M001,ORD002964,Shiprocket,delivered,1,no,58.78,4,560103,Bellandur,Bangalore
SHP002768,M001,ORD002686,BlueDart,delivered,1,no,66.05,4,560003,Malleshwaram,Bangalore
SHP002769,M001,ORD003559,Ecom Express,delivered,2,no,55.34,4,560071,Domlur,Bangalore
SHP002770,M001,ORD004515,Xpressbees,delivered,1,no,72.02,1,560037,Marathahalli,Bangalore
SHP002771,M001,ORD003263,BlueDart,in_transit,1,no,58.89,3,560102,HSR Layout,Bangalore
SHP002772,M001,ORD002864,Delhivery,delivered,1,no,73.49,3,560066,Whitefield,Bangalore
SHP002773,M001,ORD000729,Xpressbees,delivered,1,no,52.73,1,560037,Marathahalli,Bangalore
SHP002774,M001,ORD004152,Delhivery,delivered,1,no,99.04,5,560066,Whitefield,Bangalore
SHP002775,M001,ORD000442,Ecom Express,in_transit,2,no,105.03,3,560071,Domlur,Bangalore
SHP002776,M001,ORD002862,Shiprocket,delivered,1,no,202.13,1,560064,Yelahanka,Bangalore
SHP002777,M001,ORD001052,Delhivery,delivered,2,no,109.09,5,560035,Sarjapur Road,Bangalore
SHP002778,M001,ORD001814,Delhivery,delivered,1,no,89.67,2,560103,Bellandur,Bangalore
SHP002779,M001,ORD003045,Ecom Express,delivered,1,no,91.72,3,560036,KR Puram,Bangalore
SHP002780,M001,ORD002281,BlueDart,delivered,1,no,119.5,4,560066,Whitefield,Bangalore
SHP002781,M001,ORD002615,Ecom Express,in_transit,2,no,121.73,4,560102,HSR Layout,Bangalore
SHP002782,M001,ORD001294,Xpressbees,delivered,1,no,90.01,4,560102,HSR Layout,Bangalore
SHP002783,M001,ORD002249,BlueDart,delivered,1,no,105.33,4,560066,Whitefield,Bangalore
SHP002784,M001,ORD002235,Shiprocket,in_transit,1,no,71.21,3,560008,Ulsoor,Bangalore
SHP002785,M001,ORD004924,Ecom Express,rto,3,yes,113.58,8,560060,Kengeri,Bangalore
SHP002786,M001,ORD001938,BlueDart,delivered,2,no,95.17,1,560036,KR Puram,Bangalore
SHP002787,M001,ORD001433,Xpressbees,in_transit,2,no,68.88,3,560066,Whitefield,Bangalore
SHP002788,M001,ORD000850,Delhivery,delivered,1,no,52.87,5,560003,Malleshwaram,Bangalore
SHP002789,M001,ORD003190,Ecom Express,delivered,2,no,132.47,2,560004,Basavanagudi,Bangalore
SHP002790,M001,ORD000759,BlueDart,delivered,1,no,143.95,4,560100,Electronic City,Bangalore
SHP002791,M001,ORD002549,Delhivery,delivered,2,no,114.93,2,560037,Brookefield,Bangalore
SHP002792,M001,ORD002997,Shiprocket,delivered,1,no,135.93,3,560103,Bellandur,Bangalore
SHP002793,M001,ORD001185,Delhivery,delivered,1,no,107.5,3,560066,Whitefield,Bangalore
SHP002794,M001,ORD000098,Ecom Express,rto,2,yes,98.8,6,560004,Basavanagudi,Bangalore
SHP002795,M001,ORD004075,Delhivery,in_transit,1,no,147.04,1,560100,Electronic City,Bangalore
SHP002796,M001,ORD003835,Xpressbees,failed_delivery,3,no,59.21,7,560102,HSR Layout,Bangalore
SHP002797,M001,ORD001430,BlueDart,delivered,2,no,145.65,5,560034,Koramangala,Bangalore
SHP002798,M001,ORD002359,Shiprocket,in_transit,2,no,174.76,2,560058,Peenya,Bangalore
SHP002799,M001,ORD002241,Ecom Express,in_transit,1,no,102.17,3,560071,Domlur,Bangalore
SHP002800,M001,ORD004578,Xpressbees,delivered,2,no,129.33,2,560034,Koramangala,Bangalore
SHP002801,M001,ORD002124,BlueDart,rto,2,yes,165.15,4,560100,Electronic City,Bangalore
SHP002802,M001,ORD004544,Ecom Express,delivered,1,no,77.81,1,560076,Bannerghatta Road,Bangalore
SHP002803,M001,ORD004732,Xpressbees,delivered,1,no,60.1,1,560103,Bellandur,Bangalore
SHP002804,M001,ORD002996,Ecom Express,delivered,1,no,87.93,4,560037,Marathahalli,Bangalore
SHP002805,M001,ORD003533,Xpressbees,failed_delivery,3,no,86.8,5,560024,Hebbal,Bangalore
SHP002806,M001,ORD000192,Ecom Express,delivered,2,no,98.62,4,560004,Basavanagudi,Bangalore
SHP002807,M001,ORD001727,Delhivery,delivered,1,no,100.81,5,560066,Whitefield,Bangalore
SHP002808,M001,ORD000711,Shiprocket,delivered,2,no,134.34,4,560037,Brookefield,Bangalore
SHP002809,M001,ORD003822,Shiprocket,in_transit,1,no,89.37,2,560001,MG Road,Bangalore
SHP002810,M001,ORD003120,Delhivery,delivered,1,no,124.37,5,560024,Hebbal,Bangalore
SHP002811,M001,ORD002657,BlueDart,delivered,1,no,82.62,3,560038,Indiranagar,Bangalore
SHP002812,M001,ORD002021,Delhivery,delivered,1,no,48.31,1,560034,Koramangala,Bangalore
SHP002813,M001,ORD002051,Xpressbees,failed_delivery,2,no,176.17,8,560058,Peenya,Bangalore
SHP002814,M001,ORD002464,BlueDart,delivered,1,no,145.94,4,560100,Electronic City,Bangalore
SHP002815,M001,ORD002776,Delhivery,delivered,1,no,91.57,3,560103,Bellandur,Bangalore
SHP002816,M001,ORD001024,Delhivery,delivered,1,no,117.13,1,560036,KR Puram,Bangalore
SHP002817,M001,ORD003477,Shiprocket,in_transit,2,no,139.51,1,560038,Indiranagar,Bangalore
SHP002818,M001,ORD004592,Xpressbees,delivered,2,no,104.69,3,560098,RR Nagar,Bangalore
SHP002819,M001,ORD002538,Delhivery,in_transit,1,no,131.85,3,560037,Brookefield,Bangalore
SHP002820,M001,ORD000008,Shiprocket,failed_delivery,2,no,81.65,6,560066,Whitefield,Bangalore
SHP002821,M001,ORD003931,Delhivery,delivered,1,no,136.46,1,560024,Hebbal,Bangalore
SHP002822,M001,ORD004243,Xpressbees,delivered,1,no,90.42,3,560017,Old Airport Road,Bangalore
SHP002823,M001,ORD004008,Ecom Express,delivered,1,no,108.57,2,560102,HSR Layout,Bangalore
SHP002824,M001,ORD002872,Shiprocket,delivered,1,no,203.0,5,560100,Electronic City,Bangalore
SHP002825,M001,ORD002364,Xpressbees,delivered,2,no,124.88,2,560034,Koramangala,Bangalore
SHP002826,M001,ORD003359,BlueDart,delivered,1,no,113.27,5,560103,Bellandur,Bangalore
SHP002827,M001,ORD003087,Shiprocket,failed_delivery,3,no,101.35,3,560034,Koramangala,Bangalore
SHP002828,M001,ORD003451,Shiprocket,failed_delivery,2,no,150.76,6,560100,Electronic City,Bangalore
SHP002829,M001,ORD003672,Shiprocket,rto,3,yes,62.56,6,560066,Whitefield,Bangalore
SHP002830,M001,ORD003094,Ecom Express,in_transit,1,no,107.12,3,560058,Peenya,Bangalore
SHP002831,M001,ORD003771,BlueDart,delivered,2,no,58.58,4,560103,Bellandur,Bangalore
SHP002832,M001,ORD000551,Xpressbees,in_transit,1,no,82.49,3,560038,Indiranagar,Bangalore
SHP002833,M001,ORD000766,Xpressbees,delivered,1,no,175.77,4,560100,Electronic City,Bangalore
SHP002834,M001,ORD003747,Ecom Express,delivered,1,no,66.18,4,560036,KR Puram,Bangalore
SHP002835,M001,ORD000799,Shiprocket,delivered,1,no,48.91,4,560037,Marathahalli,Bangalore
SHP002836,M001,ORD002002,BlueDart,delivered,1,no,68.07,5,560102,HSR Layout,Bangalore
SHP002837,M001,ORD000450,Xpressbees,in_transit,1,no,124.15,3,560008,Ulsoor,Bangalore
SHP002838,M001,ORD000111,Shiprocket,in_transit,3,no,94.05,4,560036,KR Puram,Bangalore
SHP002839,M001,ORD000705,BlueDart,delivered,1,no,120.17,2,560010,Rajajinagar,Bangalore
SHP002840,M001,ORD001612,Shiprocket,rto,3,yes,52.01,3,560085,Banashankari,Bangalore
SHP002841,M001,ORD002958,Ecom Express,rto,1,yes,110.36,8,560066,Whitefield,Bangalore
SHP002842,M001,ORD004157,Xpressbees,in_transit,3,no,81.77,4,560008,Ulsoor,Bangalore
SHP002843,M001,ORD002146,Xpressbees,delivered,1,no,130.1,1,560066,Whitefield,Bangalore
SHP002844,M001,ORD003232,BlueDart,rto,3,yes,90.65,7,560036,KR Puram,Bangalore
SHP002845,M001,ORD000761,Ecom Express,failed_delivery,1,no,76.05,9,560037,Marathahalli,Bangalore
SHP002846,M001,ORD003269,Ecom Express,delivered,1,no,119.82,2,560024,Hebbal,Bangalore
SHP002847,M001,ORD003935,Delhivery,delivered,1,no,48.0,5,560037,Marathahalli,Bangalore
SHP002848,M001,ORD002926,BlueDart,rto,1,yes,190.81,3,560100,Electronic City,Bangalore
SHP002849,M001,ORD002439,BlueDart,rto,2,yes,99.01,4,560103,Bellandur,Bangalore
SHP002850,M001,ORD003983,Shiprocket,delivered,1,no,115.81,2,560102,HSR Layout,Bangalore
SHP002851,M001,ORD001027,Delhivery,delivered,1,no,91.06,5,560024,Hebbal,Bangalore
SHP002852,M001,ORD000031,Shiprocket,delivered,1,no,154.03,4,560035,Sarjapur Road,Bangalore
SHP002853,M001,ORD001175,Shiprocket,delivered,1,no,99.69,1,560064,Jakkur,Bangalore
SHP002854,M001,ORD004763,Ecom Express,rto,1,yes,97.61,8,560001,MG Road,Bangalore
SHP002855,M001,ORD003719,Delhivery,in_transit,1,no,86.13,2,560102,HSR Layout,Bangalore
SHP002856,M001,ORD001252,BlueDart,delivered,1,no,124.24,5,560058,Peenya,Bangalore
SHP002857,M001,ORD004482,Delhivery,delivered,1,no,81.54,3,560085,Banashankari,Bangalore
SHP002858,M001,ORD003603,Delhivery,failed_delivery,3,no,88.24,9,560038,Indiranagar,Bangalore
SHP002859,M001,ORD004040,Ecom Express,delivered,1,no,47.48,1,560102,HSR Layout,Bangalore
SHP002860,M001,ORD000255,Shiprocket,rto,3,yes,67.1,4,560010,Rajajinagar,Bangalore
SHP002861,M001,ORD000168,Ecom Express,delivered,2,no,49.61,1,560003,Malleshwaram,Bangalore
SHP002862,M001,ORD004420,Ecom Express,delivered,1,no,59.53,5,560017,Old Airport Road,Bangalore
SHP002863,M001,ORD001758,BlueDart,failed_delivery,2,no,73.04,4,560103,Bellandur,Bangalore
SHP002864,M001,ORD000684,Shiprocket,delivered,1,no,64.84,4,560071,Domlur,Bangalore
SHP002865,M001,ORD001745,BlueDart,delivered,3,no,73.11,5,560001,MG Road,Bangalore
SHP002866,M001,ORD001976,BlueDart,delivered,1,no,137.26,4,560038,Indiranagar,Bangalore
SHP002867,M001,ORD002381,BlueDart,delivered,1,no,99.3,3,560066,Whitefield,Bangalore
SHP002868,M001,ORD001448,Ecom Express,delivered,1,no,53.69,3,560103,Bellandur,Bangalore
SHP002869,M001,ORD003906,BlueDart,in_transit,2,no,90.58,4,560102,HSR Layout,Bangalore
SHP002870,M001,ORD003620,Xpressbees,in_transit,1,no,71.91,4,560076,Bannerghatta Road,Bangalore
SHP002871,M001,ORD000184,Xpressbees,failed_delivery,1,no,49.79,8,560103,Bellandur,Bangalore
SHP002872,M001,ORD002447,BlueDart,delivered,1,no,113.33,4,560037,Brookefield,Bangalore
SHP002873,M001,ORD003423,Shiprocket,delivered,1,no,59.62,2,560037,Marathahalli,Bangalore
SHP002874,M001,ORD002655,Ecom Express,delivered,1,no,117.41,3,560040,Vijayanagar,Bangalore
SHP002875,M001,ORD000612,Shiprocket,rto,2,yes,94.2,4,560071,Domlur,Bangalore
SHP002876,M001,ORD004591,Shiprocket,rto,3,yes,119.52,4,560037,Marathahalli,Bangalore
SHP002877,M001,ORD004273,Ecom Express,delivered,1,no,77.93,3,560103,Bellandur,Bangalore
SHP002878,M001,ORD001509,Ecom Express,delivered,2,no,56.0,4,560008,Ulsoor,Bangalore
SHP002879,M001,ORD000779,Xpressbees,delivered,1,no,110.69,3,560103,Bellandur,Bangalore
SHP002880,M001,ORD003698,Delhivery,delivered,1,no,59.67,5,560041,Jayanagar,Bangalore
SHP002881,M001,ORD003687,Delhivery,delivered,1,no,161.14,1,560100,Electronic City,Bangalore
SHP002882,M001,ORD004562,Shiprocket,delivered,2,no,116.41,1,560034,Koramangala,Bangalore
SHP002883,M001,ORD002553,Ecom Express,delivered,1,no,130.59,5,560034,Koramangala,Bangalore
SHP002884,M001,ORD003590,Ecom Express,in_transit,2,no,63.47,2,560066,Whitefield,Bangalore
SHP002885,M001,ORD001574,Shiprocket,delivered,1,no,74.78,2,560038,Indiranagar,Bangalore
SHP002886,M001,ORD004527,Ecom Express,delivered,1,no,59.27,4,560066,Whitefield,Bangalore
SHP002887,M001,ORD001333,Xpressbees,in_transit,1,no,74.14,1,560103,Bellandur,Bangalore
SHP002888,M001,ORD002155,Xpressbees,rto,2,yes,77.74,8,560037,Brookefield,Bangalore
SHP002889,M001,ORD002382,Ecom Express,delivered,1,no,108.86,2,560037,Marathahalli,Bangalore
SHP002890,M001,ORD000472,BlueDart,in_transit,2,no,81.59,2,560037,Marathahalli,Bangalore
SHP002891,M001,ORD000920,Xpressbees,delivered,1,no,87.3,1,560008,Ulsoor,Bangalore
SHP002892,M001,ORD003519,Shiprocket,delivered,1,no,121.2,2,560100,Electronic City,Bangalore
SHP002893,M001,ORD000284,Delhivery,delivered,2,no,88.9,5,560103,Bellandur,Bangalore
SHP002894,M001,ORD002445,Shiprocket,rto,3,yes,70.54,7,560017,Old Airport Road,Bangalore
SHP002895,M001,ORD002402,Xpressbees,delivered,1,no,119.71,5,560034,Koramangala,Bangalore
SHP002896,M001,ORD001450,BlueDart,failed_delivery,3,no,135.19,7,560103,Bellandur,Bangalore
SHP002897,M001,ORD003134,Delhivery,delivered,1,no,135.53,3,560037,Brookefield,Bangalore
SHP002898,M001,ORD003608,BlueDart,delivered,1,no,56.49,1,560071,Domlur,Bangalore
SHP002899,M001,ORD001001,Xpressbees,failed_delivery,1,no,146.0,6,560071,Domlur,Bangalore
SHP002900,M001,ORD000965,BlueDart,rto,2,yes,101.21,3,560103,Bellandur,Bangalore
SHP002901,M001,ORD001892,Shiprocket,delivered,1,no,77.06,2,560078,JP Nagar,Bangalore
SHP002902,M001,ORD003606,Delhivery,in_transit,1,no,55.11,3,560066,Whitefield,Bangalore
SHP002903,M001,ORD001004,Xpressbees,delivered,1,no,80.13,3,560102,HSR Layout,Bangalore
SHP002904,M001,ORD002566,Delhivery,delivered,1,no,141.79,2,560103,Bellandur,Bangalore
SHP002905,M001,ORD004781,BlueDart,delivered,1,no,76.94,3,560037,Marathahalli,Bangalore
SHP002906,M001,ORD001875,BlueDart,delivered,2,no,123.02,5,560008,Ulsoor,Bangalore
SHP002907,M001,ORD004086,Ecom Express,rto,3,yes,136.61,8,560060,Kengeri,Bangalore
SHP002908,M001,ORD003218,Xpressbees,delivered,1,no,105.32,3,560034,Koramangala,Bangalore
SHP002909,M001,ORD003196,Delhivery,delivered,2,no,147.27,1,560037,Marathahalli,Bangalore
SHP002910,M001,ORD001822,Delhivery,in_transit,1,no,127.41,2,560060,Kengeri,Bangalore
SHP002911,M001,ORD002136,Xpressbees,failed_delivery,3,no,98.16,6,560004,Basavanagudi,Bangalore
SHP002912,M001,ORD004401,Ecom Express,delivered,2,no,131.12,2,560038,Indiranagar,Bangalore
SHP002913,M001,ORD003909,Shiprocket,rto,2,yes,46.41,5,560066,Whitefield,Bangalore
SHP002914,M001,ORD000389,Ecom Express,delivered,1,no,149.41,1,560100,Electronic City,Bangalore
SHP002915,M001,ORD001629,Delhivery,failed_delivery,2,no,133.35,6,560066,Whitefield,Bangalore
SHP002916,M001,ORD000691,Delhivery,delivered,1,no,47.87,3,560102,HSR Layout,Bangalore
SHP002917,M001,ORD000651,Shiprocket,in_transit,1,no,167.94,4,560058,Peenya,Bangalore
SHP002918,M001,ORD001828,Delhivery,delivered,2,no,66.44,4,560008,Ulsoor,Bangalore
SHP002919,M001,ORD003610,BlueDart,delivered,1,no,115.44,1,560066,Whitefield,Bangalore
SHP002920,M001,ORD001455,Delhivery,delivered,1,no,85.67,1,560010,Rajajinagar,Bangalore
SHP002921,M001,ORD003784,Delhivery,in_transit,2,no,96.27,1,560034,Koramangala,Bangalore
SHP002922,M001,ORD000216,Ecom Express,delivered,1,no,50.05,5,560036,KR Puram,Bangalore
SHP002923,M001,ORD002537,Delhivery,delivered,2,no,125.85,1,560048,Mahadevapura,Bangalore
SHP002924,M001,ORD000648,Ecom Express,delivered,2,no,127.24,3,560003,Malleshwaram,Bangalore
SHP002925,M001,ORD002079,BlueDart,delivered,2,no,85.54,2,560066,Whitefield,Bangalore
SHP002926,M001,ORD002413,Shiprocket,delivered,1,no,57.51,2,560001,MG Road,Bangalore
SHP002927,M001,ORD004972,Shiprocket,delivered,1,no,67.36,2,560037,Brookefield,Bangalore
SHP002928,M001,ORD004439,Ecom Express,delivered,1,no,134.13,2,560036,KR Puram,Bangalore
SHP002929,M001,ORD003416,Xpressbees,delivered,1,no,87.87,5,560034,Koramangala,Bangalore
SHP002930,M001,ORD002739,Ecom Express,delivered,1,no,60.62,1,560103,Bellandur,Bangalore
SHP002931,M001,ORD002830,Xpressbees,delivered,1,no,87.17,4,560004,Basavanagudi,Bangalore
SHP002932,M001,ORD001079,BlueDart,delivered,1,no,150.73,2,560035,Sarjapur Road,Bangalore
SHP002933,M001,ORD004783,BlueDart,delivered,2,no,119.16,5,560024,Hebbal,Bangalore
SHP002934,M001,ORD000170,Ecom Express,in_transit,3,no,134.97,4,560058,Peenya,Bangalore
SHP002935,M001,ORD001558,Xpressbees,failed_delivery,3,no,193.63,7,560100,Electronic City,Bangalore
SHP002936,M001,ORD001695,Shiprocket,delivered,2,no,138.72,2,560034,Koramangala,Bangalore
SHP002937,M001,ORD003513,Shiprocket,rto,3,yes,71.8,6,560037,Marathahalli,Bangalore
SHP002938,M001,ORD004798,Xpressbees,in_transit,1,no,65.73,4,560034,Koramangala,Bangalore
SHP002939,M001,ORD001732,Xpressbees,delivered,1,no,176.79,5,560100,Electronic City,Bangalore
SHP002940,M001,ORD004107,BlueDart,in_transit,1,no,121.33,3,560103,Bellandur,Bangalore
SHP002941,M001,ORD004509,Xpressbees,in_transit,1,no,59.52,1,560102,HSR Layout,Bangalore
SHP002942,M001,ORD001540,BlueDart,in_transit,2,no,98.98,4,560102,HSR Layout,Bangalore
SHP002943,M001,ORD001290,Shiprocket,delivered,2,no,98.61,3,560038,Indiranagar,Bangalore
SHP002944,M001,ORD001167,Xpressbees,in_transit,2,no,106.86,1,560034,Koramangala,Bangalore
SHP002945,M001,ORD001351,Delhivery,delivered,1,no,124.0,1,560008,Ulsoor,Bangalore
SHP002946,M001,ORD000205,Xpressbees,delivered,2,no,120.05,2,560035,Sarjapur Road,Bangalore
SHP002947,M001,ORD001529,Xpressbees,delivered,2,no,137.87,2,560038,Indiranagar,Bangalore
SHP002948,M001,ORD001899,Shiprocket,delivered,1,no,137.98,4,560038,Indiranagar,Bangalore
SHP002949,M001,ORD002877,Shiprocket,failed_delivery,3,no,116.92,9,560037,Marathahalli,Bangalore
SHP002950,M001,ORD001338,Ecom Express,delivered,1,no,131.46,5,560017,Old Airport Road,Bangalore
SHP002951,M001,ORD003887,Xpressbees,failed_delivery,1,no,135.95,7,560003,Malleshwaram,Bangalore
SHP002952,M001,ORD004190,Ecom Express,delivered,1,no,70.64,2,560037,Brookefield,Bangalore
SHP002953,M001,ORD000962,Delhivery,in_transit,1,no,140.37,3,560048,Mahadevapura,Bangalore
SHP002954,M001,ORD002821,BlueDart,delivered,2,no,71.24,2,560008,Ulsoor,Bangalore
SHP002955,M001,ORD002913,Ecom Express,in_transit,1,no,70.87,1,560048,Mahadevapura,Bangalore
SHP002956,M001,ORD000281,BlueDart,delivered,2,no,71.11,4,560034,Koramangala,Bangalore
SHP002957,M001,ORD000287,BlueDart,delivered,1,no,69.83,4,560066,Whitefield,Bangalore
SHP002958,M001,ORD003778,Ecom Express,delivered,1,no,66.92,5,560102,HSR Layout,Bangalore
SHP002959,M001,ORD002918,BlueDart,rto,3,yes,121.32,4,560037,Marathahalli,Bangalore
SHP002960,M001,ORD004132,Shiprocket,delivered,1,no,85.84,2,560102,HSR Layout,Bangalore
SHP002961,M001,ORD003917,BlueDart,delivered,1,no,141.07,5,560036,KR Puram,Bangalore
SHP002962,M001,ORD002616,Delhivery,delivered,2,no,79.57,3,560034,Koramangala,Bangalore
SHP002963,M001,ORD002087,Shiprocket,failed_delivery,2,no,136.24,6,560102,HSR Layout,Bangalore
SHP002964,M001,ORD000998,Xpressbees,delivered,1,no,146.3,1,560008,Ulsoor,Bangalore
SHP002965,M001,ORD000891,Xpressbees,failed_delivery,2,no,76.98,7,560034,Koramangala,Bangalore
SHP002966,M001,ORD004311,Xpressbees,rto,1,yes,88.4,5,560066,Whitefield,Bangalore
SHP002967,M001,ORD004858,Xpressbees,failed_delivery,1,no,57.89,9,560048,Mahadevapura,Bangalore
SHP002968,M001,ORD001129,Ecom Express,in_transit,1,no,130.52,2,560003,Malleshwaram,Bangalore
SHP002969,M001,ORD004904,Ecom Express,delivered,1,no,52.06,1,560076,BTM Layout,Bangalore
SHP002970,M001,ORD004723,Ecom Express,delivered,1,no,45.28,2,560071,Domlur,Bangalore
SHP002971,M001,ORD002102,Shiprocket,delivered,1,no,141.69,2,560085,Banashankari,Bangalore
SHP002972,M001,ORD004533,Shiprocket,in_transit,1,no,73.94,2,560038,Indiranagar,Bangalore
SHP002973,M001,ORD001045,Ecom Express,delivered,1,no,113.1,4,560064,Jakkur,Bangalore
SHP002974,M001,ORD001498,BlueDart,in_transit,3,no,46.32,3,560102,HSR Layout,Bangalore
SHP002975,M001,ORD001636,Shiprocket,delivered,1,no,48.19,3,560066,Whitefield,Bangalore
SHP002976,M001,ORD004551,BlueDart,delivered,2,no,92.13,1,560071,Domlur,Bangalore
SHP002977,M001,ORD000868,BlueDart,delivered,2,no,128.78,4,560008,Ulsoor,Bangalore
SHP002978,M001,ORD003146,Xpressbees,in_transit,2,no,52.04,1,560071,Domlur,Bangalore
SHP002979,M001,ORD003221,Delhivery,delivered,3,no,77.19,3,560024,Hebbal,Bangalore
SHP002980,M001,ORD003159,Ecom Express,delivered,1,no,67.28,5,560076,BTM Layout,Bangalore
SHP002981,M001,ORD002787,Ecom Express,failed_delivery,2,no,87.61,7,560034,Koramangala,Bangalore
SHP002982,M001,ORD002195,Delhivery,delivered,1,no,76.54,1,560103,Bellandur,Bangalore
SHP002983,M001,ORD002562,BlueDart,delivered,1,no,110.99,3,560035,Sarjapur Road,Bangalore
SHP002984,M001,ORD000275,Xpressbees,delivered,1,no,56.22,1,560034,Koramangala,Bangalore
SHP002985,M001,ORD001915,Delhivery,delivered,1,no,112.05,1,560041,Jayanagar,Bangalore
SHP002986,M001,ORD002746,Delhivery,delivered,1,no,90.18,4,560048,Mahadevapura,Bangalore
SHP002987,M001,ORD002076,Ecom Express,delivered,1,no,89.81,1,560076,BTM Layout,Bangalore
SHP002988,M001,ORD001067,Delhivery,failed_delivery,2,no,45.0,6,560036,KR Puram,Bangalore
SHP002989,M001,ORD002045,Xpressbees,delivered,1,no,116.26,2,560102,HSR Layout,Bangalore
SHP002990,M001,ORD001895,Delhivery,delivered,1,no,48.88,2,560037,Marathahalli,Bangalore
SHP002991,M001,ORD002963,Ecom Express,in_transit,2,no,60.83,4,560038,Indiranagar,Bangalore
SHP002992,M001,ORD002288,Delhivery,delivered,1,no,179.73,4,560100,Electronic City,Bangalore
SHP002993,M001,ORD000462,BlueDart,delivered,2,no,87.4,3,560066,Whitefield,Bangalore
SHP002994,M001,ORD004897,Delhivery,delivered,1,no,71.38,5,560103,Bellandur,Bangalore
SHP002995,M001,ORD003677,Xpressbees,in_transit,2,no,46.62,4,560085,Banashankari,Bangalore
SHP002996,M001,ORD002652,Shiprocket,failed_delivery,1,no,103.64,7,560037,Marathahalli,Bangalore
SHP002997,M001,ORD000952,Shiprocket,failed_delivery,2,no,48.68,6,560103,Bellandur,Bangalore
SHP002998,M001,ORD003306,Ecom Express,delivered,1,no,120.88,2,560103,Bellandur,Bangalore
SHP002999,M001,ORD003551,Ecom Express,delivered,2,no,66.56,1,560064,Jakkur,Bangalore
SHP003000,M001,ORD000830,BlueDart,in_transit,2,no,123.45,3,560034,Koramangala,Bangalore
SHP003001,M001,ORD003044,BlueDart,delivered,1,no,75.15,5,560103,Bellandur,Bangalore
SHP003002,M001,ORD003766,Ecom Express,delivered,1,no,55.43,5,560003,Malleshwaram,Bangalore
SHP003003,M001,ORD004964,Delhivery,rto,2,yes,100.69,8,560102,HSR Layout,Bangalore
SHP003004,M001,ORD004789,Delhivery,delivered,1,no,129.07,4,560103,Bellandur,Bangalore
SHP003005,M001,ORD001126,BlueDart,failed_delivery,3,no,52.09,8,560102,HSR Layout,Bangalore
SHP003006,M001,ORD004230,Delhivery,delivered,1,no,144.25,1,560037,Marathahalli,Bangalore
SHP003007,M001,ORD000384,Xpressbees,rto,3,yes,111.41,5,560100,Electronic City,Bangalore
SHP003008,M001,ORD001786,Delhivery,in_transit,1,no,100.67,1,560034,Koramangala,Bangalore
SHP003009,M001,ORD000225,Ecom Express,in_transit,1,no,102.91,3,560103,Bellandur,Bangalore
SHP003010,M001,ORD003329,Xpressbees,failed_delivery,1,no,182.2,5,560064,Yelahanka,Bangalore
SHP003011,M001,ORD003706,Shiprocket,delivered,1,no,146.87,3,560041,Jayanagar,Bangalore
SHP003012,M001,ORD001236,Ecom Express,delivered,1,no,144.18,5,560040,Vijayanagar,Bangalore
SHP003013,M001,ORD002442,Delhivery,delivered,1,no,124.97,5,560035,Sarjapur Road,Bangalore
SHP003014,M001,ORD004827,Shiprocket,delivered,1,no,79.25,3,560102,HSR Layout,Bangalore
SHP003015,M001,ORD003300,Ecom Express,in_transit,1,no,65.37,2,560041,Jayanagar,Bangalore
SHP003016,M001,ORD000030,BlueDart,failed_delivery,2,no,78.3,7,560017,Old Airport Road,Bangalore
SHP003017,M001,ORD001935,Delhivery,delivered,2,no,117.5,3,560037,Marathahalli,Bangalore
SHP003018,M001,ORD004954,Ecom Express,delivered,1,no,116.13,4,560058,Peenya,Bangalore
SHP003019,M001,ORD003496,Shiprocket,delivered,1,no,137.01,4,560103,Bellandur,Bangalore
SHP003020,M001,ORD003530,Delhivery,delivered,1,no,131.63,2,560100,Electronic City,Bangalore
SHP003021,M001,ORD004520,BlueDart,delivered,1,no,143.96,1,560034,Koramangala,Bangalore
SHP003022,M001,ORD003796,BlueDart,delivered,2,no,146.06,3,560017,Old Airport Road,Bangalore
SHP003023,M001,ORD000750,BlueDart,delivered,1,no,90.48,1,560017,Old Airport Road,Bangalore
SHP003024,M001,ORD001319,Xpressbees,in_transit,1,no,141.12,2,560034,Koramangala,Bangalore
SHP003025,M001,ORD000954,Shiprocket,rto,2,yes,105.2,5,560037,Marathahalli,Bangalore
SHP003026,M001,ORD000536,Delhivery,delivered,1,no,99.51,3,560100,Electronic City,Bangalore
SHP003027,M001,ORD003655,BlueDart,delivered,2,no,53.97,2,560048,Mahadevapura,Bangalore
SHP003028,M001,ORD001835,Delhivery,delivered,1,no,78.87,5,560037,Marathahalli,Bangalore
SHP003029,M001,ORD001514,Ecom Express,in_transit,1,no,137.56,1,560100,Electronic City,Bangalore
SHP003030,M001,ORD002591,BlueDart,delivered,2,no,194.36,1,560100,Electronic City,Bangalore
SHP003031,M001,ORD000413,Shiprocket,rto,3,yes,57.99,7,560037,Brookefield,Bangalore
SHP003032,M001,ORD000807,Delhivery,delivered,1,no,89.71,4,560037,Marathahalli,Bangalore
SHP003033,M001,ORD004944,Delhivery,in_transit,1,no,103.01,2,560066,Whitefield,Bangalore
SHP003034,M001,ORD000948,Shiprocket,delivered,2,no,129.93,5,560102,HSR Layout,Bangalore
SHP003035,M001,ORD001417,Shiprocket,delivered,1,no,80.68,2,560003,Malleshwaram,Bangalore
SHP003036,M001,ORD004408,Ecom Express,delivered,1,no,74.03,4,560066,Whitefield,Bangalore
SHP003037,M001,ORD003823,Shiprocket,in_transit,2,no,144.75,4,560038,Indiranagar,Bangalore
SHP003038,M001,ORD004389,Xpressbees,delivered,1,no,145.42,1,560103,Bellandur,Bangalore
SHP003039,M001,ORD002966,BlueDart,delivered,1,no,60.96,2,560037,Brookefield,Bangalore
SHP003040,M001,ORD003891,Delhivery,delivered,1,no,119.94,3,560037,Brookefield,Bangalore
SHP003041,M001,ORD003623,Ecom Express,failed_delivery,2,no,197.4,5,560100,Electronic City,Bangalore
SHP003042,M001,ORD004103,Ecom Express,failed_delivery,2,no,67.37,4,560064,Jakkur,Bangalore
SHP003043,M001,ORD003334,Delhivery,delivered,1,no,116.93,4,560048,Mahadevapura,Bangalore
SHP003044,M001,ORD000823,Shiprocket,delivered,1,no,131.81,5,560102,HSR Layout,Bangalore
SHP003045,M001,ORD004098,Ecom Express,delivered,3,no,109.21,2,560036,KR Puram,Bangalore
SHP003046,M001,ORD004314,BlueDart,delivered,2,no,138.82,1,560003,Malleshwaram,Bangalore
SHP003047,M001,ORD001989,Delhivery,delivered,1,no,78.74,3,560034,Koramangala,Bangalore
SHP003048,M001,ORD002243,Delhivery,delivered,2,no,92.38,5,560102,HSR Layout,Bangalore
SHP003049,M001,ORD002314,Ecom Express,in_transit,1,no,152.23,4,560100,Electronic City,Bangalore
SHP003050,M001,ORD004729,Delhivery,delivered,1,no,184.91,4,560035,Sarjapur Road,Bangalore
SHP003051,M001,ORD002495,Delhivery,failed_delivery,2,no,91.21,8,560102,HSR Layout,Bangalore
SHP003052,M001,ORD001302,Ecom Express,delivered,1,no,79.17,4,560066,Whitefield,Bangalore
SHP003053,M001,ORD004242,Xpressbees,in_transit,2,no,96.03,1,560001,MG Road,Bangalore
SHP003054,M001,ORD001603,Delhivery,delivered,1,no,80.07,4,560017,Old Airport Road,Bangalore
SHP003055,M001,ORD002217,Delhivery,failed_delivery,1,no,71.54,3,560034,Koramangala,Bangalore
SHP003056,M001,ORD004066,Ecom Express,delivered,2,no,146.81,1,560085,Banashankari,Bangalore
SHP003057,M001,ORD002369,Ecom Express,delivered,1,no,122.55,2,560100,Electronic City,Bangalore
SHP003058,M001,ORD004691,Shiprocket,in_transit,1,no,47.36,1,560036,KR Puram,Bangalore
SHP003059,M001,ORD002498,Xpressbees,delivered,1,no,97.9,3,560003,Malleshwaram,Bangalore
SHP003060,M001,ORD000944,Xpressbees,delivered,1,no,135.64,4,560034,Koramangala,Bangalore
SHP003061,M001,ORD001472,Delhivery,delivered,2,no,66.1,4,560064,Jakkur,Bangalore
SHP003062,M001,ORD001981,Xpressbees,failed_delivery,3,no,49.42,4,560076,Bannerghatta Road,Bangalore
SHP003063,M001,ORD004980,BlueDart,delivered,1,no,90.37,3,560010,Rajajinagar,Bangalore
SHP003064,M001,ORD000558,Ecom Express,delivered,1,no,105.92,1,560100,Electronic City,Bangalore
SHP003065,M001,ORD002852,Ecom Express,delivered,1,no,192.18,1,560060,Kengeri,Bangalore
SHP003066,M001,ORD000939,Xpressbees,failed_delivery,2,no,174.44,5,560100,Electronic City,Bangalore
SHP003067,M001,ORD004100,Xpressbees,failed_delivery,1,no,96.34,9,560037,Brookefield,Bangalore
SHP003068,M001,ORD000171,Ecom Express,delivered,1,no,82.73,4,560040,Vijayanagar,Bangalore
SHP003069,M001,ORD000517,BlueDart,delivered,2,no,143.92,4,560102,HSR Layout,Bangalore
SHP003070,M001,ORD001013,Delhivery,delivered,1,no,66.08,3,560066,Whitefield,Bangalore
SHP003071,M001,ORD001243,Delhivery,rto,2,yes,91.75,6,560103,Bellandur,Bangalore
SHP003072,M001,ORD004413,Ecom Express,delivered,1,no,46.8,4,560103,Bellandur,Bangalore
SHP003073,M001,ORD001707,Shiprocket,delivered,1,no,128.9,5,560035,Sarjapur Road,Bangalore
SHP003074,M001,ORD003577,Xpressbees,delivered,2,no,72.96,5,560102,HSR Layout,Bangalore
SHP003075,M001,ORD001033,Xpressbees,delivered,1,no,147.87,2,560085,Banashankari,Bangalore
SHP003076,M001,ORD000763,Xpressbees,delivered,1,no,123.47,3,560037,Marathahalli,Bangalore
SHP003077,M001,ORD000038,Delhivery,delivered,1,no,121.7,5,560008,Ulsoor,Bangalore
SHP003078,M001,ORD004774,Delhivery,delivered,1,no,101.62,1,560017,Old Airport Road,Bangalore
SHP003079,M001,ORD001211,Delhivery,failed_delivery,1,no,129.51,9,560058,Peenya,Bangalore
SHP003080,M001,ORD001098,Shiprocket,delivered,2,no,77.37,3,560103,Bellandur,Bangalore
SHP003081,M001,ORD001535,Xpressbees,delivered,1,no,110.59,5,560037,Marathahalli,Bangalore
SHP003082,M001,ORD004352,Shiprocket,failed_delivery,1,no,58.19,5,560034,Koramangala,Bangalore
SHP003083,M001,ORD004488,BlueDart,delivered,3,no,106.47,5,560098,RR Nagar,Bangalore
SHP003084,M001,ORD004685,BlueDart,delivered,1,no,135.78,4,560035,Sarjapur Road,Bangalore
SHP003085,M001,ORD003015,BlueDart,delivered,2,no,63.3,5,560034,Koramangala,Bangalore
SHP003086,M001,ORD000229,BlueDart,delivered,1,no,107.98,5,560036,KR Puram,Bangalore
SHP003087,M001,ORD004337,Delhivery,delivered,1,no,76.74,1,560066,Whitefield,Bangalore
SHP003088,M001,ORD002856,Shiprocket,delivered,1,no,123.05,4,560066,Whitefield,Bangalore
SHP003089,M001,ORD004153,BlueDart,rto,2,yes,96.43,5,560102,HSR Layout,Bangalore
SHP003090,M001,ORD000088,Shiprocket,in_transit,1,no,141.0,4,560037,Marathahalli,Bangalore
SHP003091,M001,ORD001530,Xpressbees,failed_delivery,3,no,127.82,6,560037,Brookefield,Bangalore
SHP003092,M001,ORD003053,Xpressbees,delivered,1,no,81.08,5,560034,Koramangala,Bangalore
SHP003093,M001,ORD004374,Ecom Express,delivered,1,no,125.4,3,560071,Domlur,Bangalore
SHP003094,M001,ORD003039,Delhivery,delivered,3,no,203.81,2,560100,Electronic City,Bangalore
SHP003095,M001,ORD004821,Delhivery,delivered,2,no,121.85,2,560035,Sarjapur Road,Bangalore
SHP003096,M001,ORD001153,BlueDart,delivered,2,no,91.76,2,560037,Marathahalli,Bangalore
SHP003097,M001,ORD004969,BlueDart,delivered,2,no,67.69,1,560003,Malleshwaram,Bangalore
SHP003098,M001,ORD001108,Xpressbees,failed_delivery,3,no,130.37,4,560034,Koramangala,Bangalore
SHP003099,M001,ORD000328,Ecom Express,rto,2,yes,144.83,7,560103,Bellandur,Bangalore
SHP003100,M001,ORD000658,Delhivery,in_transit,1,no,69.76,1,560037,Marathahalli,Bangalore
SHP003101,M001,ORD000716,BlueDart,delivered,3,no,107.56,2,560003,Malleshwaram,Bangalore
SHP003102,M001,ORD002261,Xpressbees,delivered,1,no,92.29,1,560066,Whitefield,Bangalore
SHP003103,M001,ORD003208,Xpressbees,in_transit,1,no,123.56,4,560071,Domlur,Bangalore
SHP003104,M001,ORD002677,Xpressbees,in_transit,1,no,146.4,2,560102,HSR Layout,Bangalore
SHP003105,M001,ORD001142,Delhivery,delivered,1,no,111.69,2,560066,Whitefield,Bangalore
SHP003106,M001,ORD002342,BlueDart,delivered,1,no,51.43,3,560102,HSR Layout,Bangalore
SHP003107,M001,ORD004880,Ecom Express,failed_delivery,3,no,54.32,9,560037,Marathahalli,Bangalore
SHP003108,M001,ORD001871,Shiprocket,failed_delivery,3,no,143.81,6,560036,KR Puram,Bangalore
SHP003109,M001,ORD000627,Xpressbees,in_transit,1,no,92.28,3,560100,Electronic City,Bangalore
SHP003110,M001,ORD004540,Ecom Express,delivered,1,no,120.22,2,560100,Electronic City,Bangalore
SHP003111,M001,ORD000300,Shiprocket,in_transit,1,no,199.27,4,560100,Electronic City,Bangalore
SHP003112,M001,ORD002822,Shiprocket,rto,1,yes,189.13,6,560100,Electronic City,Bangalore
SHP003113,M001,ORD003952,Ecom Express,delivered,1,no,130.28,1,560037,Brookefield,Bangalore
SHP003114,M001,ORD002648,BlueDart,delivered,1,no,113.05,1,560048,Mahadevapura,Bangalore
SHP003115,M001,ORD002223,Xpressbees,delivered,1,no,87.44,4,560076,Bannerghatta Road,Bangalore
SHP003116,M001,ORD002692,BlueDart,delivered,1,no,139.93,1,560036,KR Puram,Bangalore
SHP003117,M001,ORD003844,Shiprocket,rto,1,yes,159.63,7,560100,Electronic City,Bangalore
SHP003118,M001,ORD004909,Xpressbees,failed_delivery,1,no,157.95,7,560058,Peenya,Bangalore
SHP003119,M001,ORD000504,Delhivery,delivered,1,no,126.52,4,560066,Whitefield,Bangalore
SHP003120,M001,ORD003775,Xpressbees,in_transit,2,no,70.51,4,560017,Old Airport Road,Bangalore
SHP003121,M001,ORD002508,Xpressbees,delivered,2,no,135.47,1,560048,Mahadevapura,Bangalore
SHP003122,M001,ORD003578,Ecom Express,delivered,1,no,46.73,2,560071,Domlur,Bangalore
SHP003123,M001,ORD000831,Delhivery,delivered,1,no,184.21,3,560100,Electronic City,Bangalore
SHP003124,M001,ORD004539,Delhivery,in_transit,1,no,117.42,1,560037,Marathahalli,Bangalore
SHP003125,M001,ORD000956,Shiprocket,delivered,1,no,145.41,2,560017,Old Airport Road,Bangalore
SHP003126,M001,ORD000977,Xpressbees,failed_delivery,3,no,148.15,8,560036,KR Puram,Bangalore
SHP003127,M001,ORD004405,Delhivery,delivered,1,no,113.75,3,560034,Koramangala,Bangalore
SHP003128,M001,ORD003245,BlueDart,delivered,1,no,130.86,2,560103,Bellandur,Bangalore
SHP003129,M001,ORD003757,Xpressbees,delivered,1,no,118.1,4,560048,Mahadevapura,Bangalore
SHP003130,M001,ORD002759,Xpressbees,delivered,1,no,90.44,3,560037,Marathahalli,Bangalore
SHP003131,M001,ORD002053,Ecom Express,in_transit,1,no,64.41,4,560040,Vijayanagar,Bangalore
SHP003132,M001,ORD002674,Shiprocket,delivered,1,no,61.04,3,560078,JP Nagar,Bangalore
SHP003133,M001,ORD003762,Shiprocket,delivered,3,no,179.34,2,560058,Peenya,Bangalore
SHP003134,M001,ORD002593,Ecom Express,delivered,1,no,174.12,3,560064,Yelahanka,Bangalore
SHP003135,M001,ORD001632,Delhivery,delivered,1,no,90.99,4,560008,Ulsoor,Bangalore
SHP003136,M001,ORD003408,Shiprocket,in_transit,2,no,66.63,1,560038,Indiranagar,Bangalore
SHP003137,M001,ORD001174,Xpressbees,delivered,1,no,159.54,4,560100,Electronic City,Bangalore
SHP003138,M001,ORD000288,Xpressbees,delivered,1,no,136.57,1,560103,Bellandur,Bangalore
SHP003139,M001,ORD002647,BlueDart,delivered,2,no,142.37,4,560037,Marathahalli,Bangalore
SHP003140,M001,ORD001694,Delhivery,failed_delivery,3,no,134.64,6,560037,Brookefield,Bangalore
SHP003141,M001,ORD000908,Shiprocket,delivered,1,no,92.51,3,560071,Domlur,Bangalore
SHP003142,M001,ORD001026,Shiprocket,in_transit,1,no,109.23,1,560103,Bellandur,Bangalore
SHP003143,M001,ORD003728,Shiprocket,failed_delivery,3,no,65.79,3,560066,Whitefield,Bangalore
SHP003144,M001,ORD003546,Shiprocket,delivered,1,no,135.74,2,560102,HSR Layout,Bangalore
SHP003145,M001,ORD002174,Ecom Express,failed_delivery,3,no,128.04,8,560008,Ulsoor,Bangalore
SHP003146,M001,ORD000415,Shiprocket,delivered,1,no,56.92,5,560076,Bannerghatta Road,Bangalore
SHP003147,M001,ORD000967,Delhivery,in_transit,1,no,45.29,3,560038,Indiranagar,Bangalore
SHP003148,M001,ORD000221,Shiprocket,failed_delivery,2,no,127.92,3,560102,HSR Layout,Bangalore
SHP003149,M001,ORD000739,Shiprocket,failed_delivery,1,no,117.41,5,560037,Marathahalli,Bangalore
SHP003150,M001,ORD004125,Shiprocket,delivered,1,no,163.1,5,560100,Electronic City,Bangalore
SHP003151,M001,ORD002325,Shiprocket,in_transit,1,no,164.92,3,560058,Peenya,Bangalore
SHP003152,M001,ORD001641,Shiprocket,rto,1,yes,146.25,6,560034,Koramangala,Bangalore
SHP003153,M001,ORD003773,Delhivery,delivered,1,no,141.64,2,560066,Whitefield,Bangalore
SHP003154,M001,ORD003575,Ecom Express,delivered,1,no,90.25,3,560066,Whitefield,Bangalore
SHP003155,M001,ORD003859,Delhivery,delivered,1,no,145.68,2,560037,Marathahalli,Bangalore
SHP003156,M001,ORD004557,BlueDart,delivered,1,no,174.01,2,560100,Electronic City,Bangalore
SHP003157,M001,ORD000539,Delhivery,in_transit,1,no,79.06,4,560038,Indiranagar,Bangalore
SHP003158,M001,ORD001480,Xpressbees,delivered,3,no,124.57,4,560037,Marathahalli,Bangalore
SHP003159,M001,ORD002781,Delhivery,delivered,1,no,47.98,2,560036,KR Puram,Bangalore
SHP003160,M001,ORD002211,Xpressbees,delivered,2,no,46.8,1,560076,Bannerghatta Road,Bangalore
SHP003161,M001,ORD004179,Xpressbees,failed_delivery,3,no,128.72,3,560038,Indiranagar,Bangalore
SHP003162,M001,ORD001823,Shiprocket,in_transit,1,no,118.02,1,560066,Whitefield,Bangalore
SHP003163,M001,ORD004063,Xpressbees,rto,3,yes,53.9,8,560037,Brookefield,Bangalore
SHP003164,M001,ORD002147,BlueDart,delivered,1,no,99.37,2,560060,Kengeri,Bangalore
SHP003165,M001,ORD001616,Delhivery,delivered,1,no,140.92,1,560100,Electronic City,Bangalore
SHP003166,M001,ORD001011,Delhivery,delivered,1,no,205.46,1,560035,Sarjapur Road,Bangalore
SHP003167,M001,ORD001116,Xpressbees,in_transit,1,no,47.95,2,560037,Marathahalli,Bangalore
SHP003168,M001,ORD000207,Xpressbees,failed_delivery,3,no,119.03,8,560066,Whitefield,Bangalore
SHP003169,M001,ORD000134,Ecom Express,delivered,1,no,99.38,2,560036,KR Puram,Bangalore
SHP003170,M001,ORD000776,Ecom Express,rto,2,yes,53.85,7,560102,HSR Layout,Bangalore
SHP003171,M001,ORD002604,Xpressbees,delivered,1,no,175.59,3,560060,Kengeri,Bangalore
SHP003172,M001,ORD000569,BlueDart,in_transit,2,no,84.12,3,560034,Koramangala,Bangalore
SHP003173,M001,ORD004993,Delhivery,delivered,1,no,169.53,3,560100,Electronic City,Bangalore
SHP003174,M001,ORD000679,BlueDart,delivered,1,no,115.51,3,560078,JP Nagar,Bangalore
SHP003175,M001,ORD003312,Shiprocket,delivered,1,no,97.74,3,560038,Indiranagar,Bangalore
SHP003176,M001,ORD004531,Ecom Express,failed_delivery,2,no,132.37,4,560098,RR Nagar,Bangalore
SHP003177,M001,ORD001436,Ecom Express,delivered,1,no,121.08,5,560066,Whitefield,Bangalore
SHP003178,M001,ORD000086,Delhivery,delivered,1,no,197.54,4,560100,Electronic City,Bangalore
SHP003179,M001,ORD004711,Ecom Express,delivered,3,no,110.85,2,560066,Whitefield,Bangalore
SHP003180,M001,ORD002513,Shiprocket,delivered,1,no,56.02,2,560071,Domlur,Bangalore
SHP003181,M001,ORD000554,BlueDart,failed_delivery,2,no,131.19,4,560037,Brookefield,Bangalore
SHP003182,M001,ORD002866,Ecom Express,delivered,1,no,115.65,1,560066,Whitefield,Bangalore
SHP003183,M001,ORD002870,Xpressbees,rto,2,yes,99.94,3,560037,Brookefield,Bangalore
SHP003184,M001,ORD000075,Ecom Express,in_transit,2,no,141.81,1,560008,Ulsoor,Bangalore
SHP003185,M001,ORD003150,Ecom Express,delivered,2,no,87.4,1,560103,Bellandur,Bangalore
SHP003186,M001,ORD000285,Delhivery,delivered,1,no,69.88,3,560034,Koramangala,Bangalore
SHP003187,M001,ORD004698,Ecom Express,delivered,1,no,54.01,3,560066,Whitefield,Bangalore
SHP003188,M001,ORD001473,Shiprocket,rto,1,yes,144.6,8,560034,Koramangala,Bangalore
SHP003189,M001,ORD001104,Shiprocket,in_transit,2,no,84.28,4,560038,Indiranagar,Bangalore
SHP003190,M001,ORD003528,Ecom Express,delivered,1,no,111.74,2,560017,Old Airport Road,Bangalore
SHP003191,M001,ORD002420,Shiprocket,delivered,1,no,123.59,4,560038,Indiranagar,Bangalore
SHP003192,M001,ORD004333,Shiprocket,rto,3,yes,82.82,7,560048,Mahadevapura,Bangalore
SHP003193,M001,ORD002937,BlueDart,delivered,1,no,139.15,3,560008,Ulsoor,Bangalore
SHP003194,M001,ORD004462,Shiprocket,delivered,1,no,90.52,2,560034,Koramangala,Bangalore
SHP003195,M001,ORD004069,Xpressbees,failed_delivery,2,no,126.71,4,560100,Electronic City,Bangalore
SHP003196,M001,ORD002317,Xpressbees,delivered,1,no,106.46,2,560035,Sarjapur Road,Bangalore
SHP003197,M001,ORD001467,BlueDart,delivered,2,no,65.18,5,560034,Koramangala,Bangalore
SHP003198,M001,ORD004678,Xpressbees,rto,1,yes,114.56,6,560038,Indiranagar,Bangalore
SHP003199,M001,ORD003759,BlueDart,delivered,1,no,87.19,1,560102,HSR Layout,Bangalore
SHP003200,M001,ORD004718,Xpressbees,rto,3,yes,66.08,9,560036,KR Puram,Bangalore
SHP003201,M001,ORD004238,Shiprocket,delivered,1,no,172.59,4,560100,Electronic City,Bangalore
SHP003202,M001,ORD003544,Ecom Express,delivered,3,no,46.53,1,560004,Basavanagudi,Bangalore
SHP003203,M001,ORD000410,Shiprocket,in_transit,2,no,134.59,2,560100,Electronic City,Bangalore
SHP003204,M001,ORD004438,Shiprocket,delivered,3,no,136.56,5,560103,Bellandur,Bangalore
SHP003205,M001,ORD002194,Ecom Express,delivered,1,no,130.81,5,560103,Bellandur,Bangalore
SHP003206,M001,ORD003461,BlueDart,delivered,2,no,143.11,5,560066,Whitefield,Bangalore
SHP003207,M001,ORD003281,BlueDart,delivered,2,no,70.91,1,560037,Marathahalli,Bangalore
SHP003208,M001,ORD000230,Ecom Express,in_transit,1,no,47.0,1,560103,Bellandur,Bangalore
SHP003209,M001,ORD000876,Shiprocket,delivered,2,no,73.94,4,560103,Bellandur,Bangalore
SHP003210,M001,ORD000335,Shiprocket,in_transit,1,no,113.91,4,560103,Bellandur,Bangalore
SHP003211,M001,ORD002606,BlueDart,rto,2,yes,57.09,4,560071,Domlur,Bangalore
SHP003212,M001,ORD004064,Shiprocket,delivered,1,no,144.37,5,560017,Old Airport Road,Bangalore
SHP003213,M001,ORD000757,Ecom Express,delivered,1,no,111.19,1,560048,Mahadevapura,Bangalore
SHP003214,M001,ORD003471,Shiprocket,failed_delivery,2,no,96.33,6,560098,RR Nagar,Bangalore
SHP003215,M001,ORD004554,Shiprocket,delivered,1,no,48.78,4,560098,RR Nagar,Bangalore
SHP003216,M001,ORD004058,Shiprocket,delivered,1,no,77.82,4,560071,Domlur,Bangalore
SHP003217,M001,ORD003386,BlueDart,delivered,1,no,133.82,2,560024,Hebbal,Bangalore
SHP003218,M001,ORD003274,Delhivery,delivered,2,no,101.4,3,560076,Bannerghatta Road,Bangalore
SHP003219,M001,ORD000513,Delhivery,delivered,1,no,137.85,2,560102,HSR Layout,Bangalore
SHP003220,M001,ORD000770,Delhivery,delivered,1,no,130.49,2,560100,Electronic City,Bangalore
SHP003221,M001,ORD003326,BlueDart,delivered,1,no,170.83,2,560100,Electronic City,Bangalore
SHP003222,M001,ORD001366,Delhivery,rto,2,yes,146.74,8,560098,RR Nagar,Bangalore
SHP003223,M001,ORD002825,BlueDart,delivered,1,no,61.46,2,560071,Domlur,Bangalore
SHP003224,M001,ORD002480,Xpressbees,rto,2,yes,112.04,8,560037,Marathahalli,Bangalore
SHP003225,M001,ORD003360,BlueDart,delivered,1,no,114.12,1,560078,JP Nagar,Bangalore
SHP003226,M001,ORD002387,Shiprocket,failed_delivery,1,no,69.28,6,560066,Whitefield,Bangalore
SHP003227,M001,ORD001162,Ecom Express,in_transit,1,no,125.33,4,560035,Sarjapur Road,Bangalore
SHP003228,M001,ORD003562,Xpressbees,delivered,1,no,111.71,2,560034,Koramangala,Bangalore
SHP003229,M001,ORD003376,Shiprocket,delivered,1,no,126.43,5,560102,HSR Layout,Bangalore
SHP003230,M001,ORD000283,Shiprocket,delivered,1,no,147.32,1,560038,Indiranagar,Bangalore
SHP003231,M001,ORD000378,Xpressbees,rto,2,yes,149.47,5,560100,Electronic City,Bangalore
SHP003232,M001,ORD004371,Shiprocket,delivered,2,no,51.58,3,560037,Marathahalli,Bangalore
SHP003233,M001,ORD002753,Xpressbees,delivered,2,no,125.17,4,560102,HSR Layout,Bangalore
SHP003234,M001,ORD002924,Ecom Express,delivered,2,no,73.9,5,560048,Mahadevapura,Bangalore
SHP003235,M001,ORD003344,Shiprocket,rto,3,yes,146.44,8,560038,Indiranagar,Bangalore
SHP003236,M001,ORD000186,Ecom Express,delivered,1,no,167.59,4,560035,Sarjapur Road,Bangalore
SHP003237,M001,ORD003842,Delhivery,delivered,1,no,92.83,3,560066,Whitefield,Bangalore
SHP003238,M001,ORD004586,BlueDart,delivered,3,no,51.12,1,560037,Marathahalli,Bangalore
SHP003239,M001,ORD004804,Ecom Express,in_transit,1,no,149.72,4,560064,Jakkur,Bangalore
SHP003240,M001,ORD003110,Shiprocket,delivered,1,no,45.0,5,560038,Indiranagar,Bangalore
SHP003241,M001,ORD002888,Delhivery,delivered,1,no,131.92,3,560103,Bellandur,Bangalore
SHP003242,M001,ORD003985,Shiprocket,delivered,1,no,72.11,5,560102,HSR Layout,Bangalore
SHP003243,M001,ORD003217,BlueDart,delivered,2,no,84.94,4,560010,Rajajinagar,Bangalore
SHP003244,M001,ORD002637,Shiprocket,delivered,1,no,57.28,1,560048,Mahadevapura,Bangalore
SHP003245,M001,ORD001698,Shiprocket,in_transit,1,no,128.57,2,560001,MG Road,Bangalore
SHP003246,M001,ORD003121,Ecom Express,delivered,1,no,87.84,2,560037,Brookefield,Bangalore
SHP003247,M001,ORD001419,Shiprocket,delivered,1,no,192.97,4,560035,Sarjapur Road,Bangalore
SHP003248,M001,ORD000263,Delhivery,rto,1,yes,67.98,7,560003,Malleshwaram,Bangalore
SHP003249,M001,ORD001757,Xpressbees,delivered,1,no,80.07,1,560034,Koramangala,Bangalore
SHP003250,M001,ORD003907,Delhivery,rto,2,yes,100.26,8,560103,Bellandur,Bangalore
SHP003251,M001,ORD004519,Ecom Express,in_transit,1,no,82.15,1,560010,Rajajinagar,Bangalore
SHP003252,M001,ORD001329,Delhivery,delivered,1,no,59.25,1,560037,Brookefield,Bangalore
SHP003253,M001,ORD002207,Delhivery,delivered,1,no,167.58,4,560058,Peenya,Bangalore
SHP003254,M001,ORD000169,Ecom Express,in_transit,2,no,59.58,4,560024,Hebbal,Bangalore
SHP003255,M001,ORD002278,Delhivery,delivered,1,no,83.38,5,560037,Marathahalli,Bangalore
SHP003256,M001,ORD001434,Ecom Express,delivered,2,no,94.47,1,560024,Hebbal,Bangalore
SHP003257,M001,ORD003884,Ecom Express,delivered,1,no,103.56,1,560034,Koramangala,Bangalore
SHP003258,M001,ORD002660,BlueDart,delivered,1,no,122.2,4,560037,Brookefield,Bangalore
SHP003259,M001,ORD000148,BlueDart,delivered,2,no,57.87,3,560037,Brookefield,Bangalore
SHP003260,M001,ORD004083,Xpressbees,delivered,1,no,84.63,2,560037,Brookefield,Bangalore
SHP003261,M001,ORD001572,BlueDart,failed_delivery,1,no,87.18,3,560037,Brookefield,Bangalore
SHP003262,M001,ORD000855,Delhivery,in_transit,2,no,102.49,4,560017,Old Airport Road,Bangalore
SHP003263,M001,ORD001111,Ecom Express,failed_delivery,3,no,147.93,7,560034,Koramangala,Bangalore
SHP003264,M001,ORD002252,BlueDart,failed_delivery,2,no,91.38,6,560037,Marathahalli,Bangalore
SHP003265,M001,ORD002689,Delhivery,delivered,1,no,57.67,1,560037,Marathahalli,Bangalore
SHP003266,M001,ORD003829,Ecom Express,delivered,1,no,104.66,1,560003,Malleshwaram,Bangalore
SHP003267,M001,ORD001893,Ecom Express,delivered,1,no,67.89,5,560038,Indiranagar,Bangalore
SHP003268,M001,ORD002018,Xpressbees,delivered,1,no,115.4,3,560103,Bellandur,Bangalore
SHP003269,M001,ORD002064,Xpressbees,delivered,1,no,100.79,5,560085,Banashankari,Bangalore
SHP003270,M001,ORD001688,Ecom Express,delivered,1,no,138.98,1,560048,Mahadevapura,Bangalore
SHP003271,M001,ORD004582,Shiprocket,in_transit,1,no,118.05,3,560035,Sarjapur Road,Bangalore
SHP003272,M001,ORD004047,Delhivery,rto,1,yes,127.11,9,560071,Domlur,Bangalore
SHP003273,M001,ORD000079,BlueDart,failed_delivery,2,no,76.4,3,560103,Bellandur,Bangalore
SHP003274,M001,ORD004355,Ecom Express,delivered,1,no,133.88,2,560100,Electronic City,Bangalore
SHP003275,M001,ORD002212,Shiprocket,failed_delivery,2,no,129.87,6,560034,Koramangala,Bangalore
SHP003276,M001,ORD004057,BlueDart,delivered,2,no,125.41,2,560017,Old Airport Road,Bangalore
SHP003277,M001,ORD002177,BlueDart,delivered,1,no,74.91,4,560037,Brookefield,Bangalore
SHP003278,M001,ORD002163,BlueDart,delivered,1,no,125.7,2,560017,Old Airport Road,Bangalore
SHP003279,M001,ORD001851,Delhivery,in_transit,1,no,121.68,2,560048,Mahadevapura,Bangalore
SHP003280,M001,ORD000880,Shiprocket,failed_delivery,3,no,45.2,8,560103,Bellandur,Bangalore
SHP003281,M001,ORD002572,BlueDart,rto,1,yes,109.53,7,560066,Whitefield,Bangalore
SHP003282,M001,ORD000730,Ecom Express,rto,1,yes,128.3,5,560066,Whitefield,Bangalore
SHP003283,M001,ORD003328,Xpressbees,delivered,1,no,114.39,3,560100,Electronic City,Bangalore
SHP003284,M001,ORD003211,Delhivery,delivered,1,no,141.66,4,560100,Electronic City,Bangalore
SHP003285,M001,ORD001406,Shiprocket,delivered,2,no,86.96,5,560078,JP Nagar,Bangalore
SHP003286,M001,ORD000276,Xpressbees,delivered,2,no,73.87,2,560037,Brookefield,Bangalore
SHP003287,M001,ORD002882,BlueDart,delivered,1,no,45.2,5,560037,Marathahalli,Bangalore
SHP003288,M001,ORD001392,BlueDart,delivered,1,no,84.07,2,560064,Jakkur,Bangalore
SHP003289,M001,ORD002316,Ecom Express,delivered,1,no,105.54,5,560034,Koramangala,Bangalore
SHP003290,M001,ORD004280,Shiprocket,delivered,1,no,134.62,1,560103,Bellandur,Bangalore
SHP003291,M001,ORD001208,Shiprocket,in_transit,3,no,107.96,4,560037,Brookefield,Bangalore
SHP003292,M001,ORD001969,Ecom Express,delivered,1,no,57.33,3,560102,HSR Layout,Bangalore
SHP003293,M001,ORD002337,Shiprocket,delivered,1,no,123.19,1,560036,KR Puram,Bangalore
SHP003294,M001,ORD003440,Shiprocket,in_transit,1,no,101.25,4,560103,Bellandur,Bangalore
SHP003295,M001,ORD000135,Xpressbees,in_transit,1,no,69.58,3,560102,HSR Layout,Bangalore
SHP003296,M001,ORD000947,BlueDart,delivered,2,no,88.18,5,560034,Koramangala,Bangalore
SHP003297,M001,ORD001701,BlueDart,delivered,1,no,146.88,4,560100,Electronic City,Bangalore
SHP003298,M001,ORD001957,Delhivery,delivered,1,no,106.34,3,560040,Vijayanagar,Bangalore
SHP003299,M001,ORD002318,BlueDart,delivered,1,no,142.11,3,560060,Kengeri,Bangalore
SHP003300,M001,ORD003889,BlueDart,delivered,2,no,94.43,5,560035,Sarjapur Road,Bangalore
SHP003301,M001,ORD002107,BlueDart,in_transit,2,no,59.89,1,560003,Malleshwaram,Bangalore
SHP003302,M001,ORD003374,Delhivery,in_transit,1,no,148.12,4,560071,Domlur,Bangalore
SHP003303,M001,ORD002944,Delhivery,delivered,2,no,59.41,1,560038,Indiranagar,Bangalore
SHP003304,M001,ORD003064,Xpressbees,delivered,1,no,55.0,2,560017,Old Airport Road,Bangalore
SHP003305,M001,ORD000001,Delhivery,delivered,2,no,59.21,3,560048,Mahadevapura,Bangalore
SHP003306,M001,ORD003557,Shiprocket,in_transit,1,no,48.55,4,560076,Bannerghatta Road,Bangalore
SHP003307,M001,ORD004034,BlueDart,delivered,1,no,147.27,4,560100,Electronic City,Bangalore
SHP003308,M001,ORD003956,Ecom Express,failed_delivery,1,no,140.72,8,560035,Sarjapur Road,Bangalore
SHP003309,M001,ORD000892,BlueDart,delivered,1,no,136.91,3,560098,RR Nagar,Bangalore
SHP003310,M001,ORD002434,BlueDart,delivered,3,no,136.35,2,560100,Electronic City,Bangalore
SHP003311,M001,ORD003016,Delhivery,delivered,2,no,98.89,1,560034,Koramangala,Bangalore
SHP003312,M001,ORD004394,Xpressbees,delivered,2,no,122.27,5,560103,Bellandur,Bangalore
SHP003313,M001,ORD003915,BlueDart,delivered,1,no,57.25,5,560038,Indiranagar,Bangalore
SHP003314,M001,ORD002567,Ecom Express,delivered,1,no,114.55,3,560040,Vijayanagar,Bangalore
SHP003315,M001,ORD002788,Xpressbees,in_transit,1,no,127.31,2,560037,Marathahalli,Bangalore
SHP003316,M001,ORD002496,Xpressbees,delivered,2,no,111.02,5,560064,Jakkur,Bangalore
SHP003317,M001,ORD004002,Ecom Express,delivered,1,no,140.89,3,560066,Whitefield,Bangalore
SHP003318,M001,ORD001038,Xpressbees,delivered,1,no,50.58,5,560034,Koramangala,Bangalore
SHP003319,M001,ORD004545,Xpressbees,delivered,1,no,106.4,5,560098,RR Nagar,Bangalore
SHP003320,M001,ORD000874,Ecom Express,rto,2,yes,67.23,8,560048,Mahadevapura,Bangalore
SHP003321,M001,ORD004487,Ecom Express,delivered,1,no,106.74,3,560103,Bellandur,Bangalore
SHP003322,M001,ORD001156,Delhivery,delivered,1,no,128.55,1,560041,Jayanagar,Bangalore
SHP003323,M001,ORD004928,Shiprocket,in_transit,2,no,149.09,3,560071,Domlur,Bangalore
SHP003324,M001,ORD001405,Shiprocket,rto,3,yes,142.98,6,560008,Ulsoor,Bangalore
SHP003325,M001,ORD001719,BlueDart,delivered,1,no,189.41,5,560100,Electronic City,Bangalore
SHP003326,M001,ORD002546,Delhivery,delivered,2,no,143.75,2,560066,Whitefield,Bangalore
SHP003327,M001,ORD000043,Shiprocket,in_transit,1,no,62.83,4,560040,Vijayanagar,Bangalore
SHP003328,M001,ORD004041,BlueDart,delivered,1,no,142.03,2,560037,Marathahalli,Bangalore
SHP003329,M001,ORD003847,BlueDart,delivered,1,no,143.49,1,560085,Banashankari,Bangalore
SHP003330,M001,ORD002910,Delhivery,delivered,2,no,145.39,5,560060,Kengeri,Bangalore
SHP003331,M001,ORD002811,Shiprocket,in_transit,1,no,91.73,1,560071,Domlur,Bangalore
SHP003332,M001,ORD002517,Xpressbees,delivered,1,no,84.32,5,560017,Old Airport Road,Bangalore
SHP003333,M001,ORD001779,BlueDart,rto,1,yes,96.76,4,560036,KR Puram,Bangalore
SHP003334,M001,ORD002940,Delhivery,rto,1,yes,61.59,3,560071,Domlur,Bangalore
SHP003335,M001,ORD001604,Delhivery,delivered,3,no,57.32,3,560102,HSR Layout,Bangalore
SHP003336,M001,ORD002333,BlueDart,delivered,1,no,66.44,5,560037,Marathahalli,Bangalore
SHP003337,M001,ORD003726,BlueDart,failed_delivery,2,no,122.52,8,560001,MG Road,Bangalore
SHP003338,M001,ORD001860,Ecom Express,rto,1,yes,138.85,5,560034,Koramangala,Bangalore
SHP003339,M001,ORD002697,Delhivery,delivered,3,no,62.26,3,560048,Mahadevapura,Bangalore
SHP003340,M001,ORD002909,Xpressbees,in_transit,1,no,117.7,1,560066,Whitefield,Bangalore
SHP003341,M001,ORD000244,Xpressbees,delivered,2,no,52.64,2,560038,Indiranagar,Bangalore
SHP003342,M001,ORD003085,BlueDart,delivered,1,no,103.31,3,560071,Domlur,Bangalore
SHP003343,M001,ORD004940,Delhivery,delivered,3,no,128.36,3,560071,Domlur,Bangalore
SHP003344,M001,ORD002665,Shiprocket,delivered,2,no,122.34,2,560100,Electronic City,Bangalore
SHP003345,M001,ORD004893,BlueDart,delivered,1,no,60.79,3,560037,Marathahalli,Bangalore
SHP003346,M001,ORD004879,Ecom Express,rto,2,yes,102.5,8,560066,Whitefield,Bangalore
SHP003347,M001,ORD001029,Shiprocket,delivered,2,no,45.82,2,560034,Koramangala,Bangalore
SHP003348,M001,ORD000416,BlueDart,delivered,1,no,113.66,3,560102,HSR Layout,Bangalore
SHP003349,M001,ORD004094,Ecom Express,delivered,1,no,202.31,4,560100,Electronic City,Bangalore
SHP003350,M001,ORD003924,Ecom Express,delivered,1,no,120.35,4,560102,HSR Layout,Bangalore
SHP003351,M001,ORD003675,Delhivery,delivered,3,no,97.03,2,560066,Whitefield,Bangalore
SHP003352,M001,ORD001074,Shiprocket,failed_delivery,2,no,176.51,9,560064,Yelahanka,Bangalore
SHP003353,M001,ORD003137,BlueDart,delivered,1,no,115.75,4,560102,HSR Layout,Bangalore
SHP003354,M001,ORD002845,Shiprocket,in_transit,1,no,49.22,1,560008,Ulsoor,Bangalore
SHP003355,M001,ORD002763,BlueDart,delivered,1,no,128.41,5,560034,Koramangala,Bangalore
SHP003356,M001,ORD004450,Delhivery,delivered,1,no,87.71,4,560085,Banashankari,Bangalore
SHP003357,M001,ORD000745,Delhivery,delivered,1,no,141.79,3,560037,Marathahalli,Bangalore
SHP003358,M001,ORD001864,BlueDart,delivered,1,no,118.77,4,560008,Ulsoor,Bangalore
SHP003359,M001,ORD003571,Shiprocket,failed_delivery,1,no,111.04,7,560064,Jakkur,Bangalore
SHP003360,M001,ORD003871,BlueDart,delivered,3,no,97.11,5,560041,Jayanagar,Bangalore
SHP003361,M001,ORD003238,Ecom Express,rto,1,yes,93.9,3,560010,Rajajinagar,Bangalore
SHP003362,M001,ORD000849,BlueDart,delivered,2,no,181.42,1,560100,Electronic City,Bangalore
SHP003363,M001,ORD000233,Delhivery,delivered,1,no,130.72,3,560103,Bellandur,Bangalore
SHP003364,M001,ORD004913,Xpressbees,delivered,1,no,137.24,3,560064,Jakkur,Bangalore
SHP003365,M001,ORD004680,Delhivery,delivered,2,no,138.96,1,560037,Brookefield,Bangalore
SHP003366,M001,ORD000659,BlueDart,rto,3,yes,89.18,9,560103,Bellandur,Bangalore
SHP003367,M001,ORD004943,Xpressbees,delivered,1,no,105.86,5,560071,Domlur,Bangalore
SHP003368,M001,ORD004324,Xpressbees,rto,3,yes,79.19,6,560066,Whitefield,Bangalore
SHP003369,M001,ORD003453,Delhivery,delivered,1,no,113.25,3,560037,Marathahalli,Bangalore
SHP003370,M001,ORD000552,Xpressbees,delivered,1,no,172.56,4,560100,Electronic City,Bangalore
SHP003371,M001,ORD003387,BlueDart,delivered,1,no,120.67,4,560071,Domlur,Bangalore
SHP003372,M001,ORD000957,Xpressbees,delivered,1,no,79.62,2,560004,Basavanagudi,Bangalore
SHP003373,M001,ORD001850,Shiprocket,delivered,2,no,78.94,5,560064,Jakkur,Bangalore
SHP003374,M001,ORD003668,BlueDart,delivered,3,no,117.5,2,560100,Electronic City,Bangalore
SHP003375,M001,ORD004099,BlueDart,in_transit,1,no,90.65,2,560037,Marathahalli,Bangalore
SHP003376,M001,ORD004535,BlueDart,delivered,1,no,77.99,1,560004,Basavanagudi,Bangalore
SHP003377,M001,ORD004740,Shiprocket,delivered,1,no,126.82,1,560037,Marathahalli,Bangalore
SHP003378,M001,ORD004795,Shiprocket,delivered,1,no,101.12,2,560066,Whitefield,Bangalore
SHP003379,M001,ORD002132,BlueDart,delivered,2,no,99.45,4,560076,Bannerghatta Road,Bangalore
SHP003380,M001,ORD003265,Ecom Express,failed_delivery,3,no,99.66,7,560060,Kengeri,Bangalore
SHP003381,M001,ORD003693,Shiprocket,delivered,1,no,135.94,2,560017,Old Airport Road,Bangalore
SHP003382,M001,ORD002639,Delhivery,delivered,1,no,54.03,3,560102,HSR Layout,Bangalore
SHP003383,M001,ORD001119,Shiprocket,delivered,1,no,125.59,4,560035,Sarjapur Road,Bangalore
SHP003384,M001,ORD003254,Xpressbees,failed_delivery,1,no,51.41,4,560034,Koramangala,Bangalore
SHP003385,M001,ORD003212,BlueDart,delivered,2,no,93.51,2,560098,RR Nagar,Bangalore
SHP003386,M001,ORD001854,Shiprocket,delivered,1,no,117.49,2,560004,Basavanagudi,Bangalore
SHP003387,M001,ORD001348,BlueDart,delivered,1,no,177.62,3,560064,Yelahanka,Bangalore
SHP003388,M001,ORD001264,Ecom Express,in_transit,1,no,103.85,3,560037,Brookefield,Bangalore
SHP003389,M001,ORD001334,Shiprocket,rto,1,yes,82.6,7,560008,Ulsoor,Bangalore
SHP003390,M001,ORD000197,Delhivery,in_transit,1,no,118.29,2,560103,Bellandur,Bangalore
SHP003391,M001,ORD000193,Shiprocket,delivered,1,no,139.52,5,560034,Koramangala,Bangalore
SHP003392,M001,ORD004050,Ecom Express,in_transit,1,no,86.68,2,560064,Jakkur,Bangalore
SHP003393,M001,ORD001257,Shiprocket,delivered,1,no,101.31,5,560034,Koramangala,Bangalore
SHP003394,M001,ORD003128,Shiprocket,delivered,1,no,67.38,2,560048,Mahadevapura,Bangalore
SHP003395,M001,ORD002755,Xpressbees,delivered,1,no,107.48,3,560102,HSR Layout,Bangalore
SHP003396,M001,ORD001399,BlueDart,delivered,2,no,128.16,2,560034,Koramangala,Bangalore
SHP003397,M001,ORD004737,Xpressbees,delivered,2,no,48.72,4,560008,Ulsoor,Bangalore
SHP003398,M001,ORD001686,Ecom Express,delivered,1,no,146.25,1,560085,Banashankari,Bangalore
SHP003399,M001,ORD003432,Delhivery,rto,2,yes,143.26,5,560038,Indiranagar,Bangalore
SHP003400,M001,ORD002947,Xpressbees,delivered,1,no,138.49,5,560078,JP Nagar,Bangalore
SHP003401,M001,ORD001712,Xpressbees,delivered,1,no,57.36,4,560017,Old Airport Road,Bangalore
SHP003402,M001,ORD004941,Delhivery,delivered,1,no,88.26,3,560040,Vijayanagar,Bangalore
SHP003403,M001,ORD000053,Shiprocket,delivered,3,no,99.73,1,560036,KR Puram,Bangalore
SHP003404,M001,ORD000085,BlueDart,in_transit,1,no,45.02,4,560008,Ulsoor,Bangalore
SHP003405,M001,ORD001271,Shiprocket,delivered,1,no,84.02,1,560003,Malleshwaram,Bangalore
SHP003406,M001,ORD004197,Xpressbees,failed_delivery,3,no,143.83,3,560103,Bellandur,Bangalore
SHP003407,M001,ORD000353,Ecom Express,delivered,2,no,62.89,5,560037,Marathahalli,Bangalore
SHP003408,M001,ORD003920,Ecom Express,delivered,1,no,125.84,5,560036,KR Puram,Bangalore
SHP003409,M001,ORD000678,Delhivery,failed_delivery,1,no,75.11,4,560036,KR Puram,Bangalore
SHP003410,M001,ORD004226,Delhivery,delivered,1,no,116.24,4,560100,Electronic City,Bangalore
SHP003411,M001,ORD001427,Shiprocket,in_transit,2,no,85.54,2,560040,Vijayanagar,Bangalore
SHP003412,M001,ORD004552,Shiprocket,delivered,1,no,131.88,4,560066,Whitefield,Bangalore
SHP003413,M001,ORD000621,BlueDart,rto,1,yes,188.24,4,560035,Sarjapur Road,Bangalore
SHP003414,M001,ORD002847,Delhivery,delivered,1,no,137.88,4,560102,HSR Layout,Bangalore
SHP003415,M001,ORD002168,Shiprocket,delivered,1,no,109.55,2,560085,Banashankari,Bangalore
SHP003416,M001,ORD002579,Xpressbees,delivered,1,no,72.87,2,560010,Rajajinagar,Bangalore
SHP003417,M001,ORD002953,Ecom Express,delivered,2,no,121.51,2,560066,Whitefield,Bangalore
SHP003418,M001,ORD000206,Xpressbees,delivered,1,no,140.65,2,560102,HSR Layout,Bangalore
SHP003419,M001,ORD002742,Ecom Express,delivered,3,no,98.4,5,560008,Ulsoor,Bangalore
SHP003420,M001,ORD000303,Ecom Express,delivered,1,no,86.77,2,560078,JP Nagar,Bangalore
SHP003421,M001,ORD004922,Xpressbees,delivered,1,no,132.34,5,560100,Electronic City,Bangalore
SHP003422,M001,ORD001685,Xpressbees,delivered,1,no,125.14,4,560066,Whitefield,Bangalore
SHP003423,M001,ORD000524,BlueDart,delivered,1,no,77.77,2,560038,Indiranagar,Bangalore
SHP003424,M001,ORD002875,Ecom Express,in_transit,1,no,58.76,1,560004,Basavanagudi,Bangalore
SHP003425,M001,ORD000196,Xpressbees,in_transit,1,no,116.97,2,560100,Electronic City,Bangalore
SHP003426,M001,ORD001503,Shiprocket,rto,2,yes,80.11,9,560103,Bellandur,Bangalore
SHP003427,M001,ORD004096,Xpressbees,delivered,1,no,108.29,1,560060,Kengeri,Bangalore
SHP003428,M001,ORD000094,Ecom Express,delivered,1,no,126.98,2,560037,Marathahalli,Bangalore
SHP003429,M001,ORD003011,BlueDart,delivered,1,no,72.08,4,560004,Basavanagudi,Bangalore
SHP003430,M001,ORD003028,BlueDart,delivered,1,no,126.18,4,560040,Vijayanagar,Bangalore
SHP003431,M001,ORD002386,Xpressbees,delivered,1,no,145.32,2,560066,Whitefield,Bangalore
SHP003432,M001,ORD002297,BlueDart,in_transit,2,no,202.47,2,560060,Kengeri,Bangalore
SHP003433,M001,ORD004415,Ecom Express,delivered,2,no,112.61,4,560040,Vijayanagar,Bangalore
SHP003434,M001,ORD001962,Xpressbees,failed_delivery,1,no,69.01,5,560102,HSR Layout,Bangalore
SHP003435,M001,ORD000174,Shiprocket,rto,2,yes,127.76,7,560066,Whitefield,Bangalore
SHP003436,M001,ORD002335,BlueDart,delivered,1,no,57.8,3,560038,Indiranagar,Bangalore
SHP003437,M001,ORD001035,BlueDart,in_transit,1,no,131.79,1,560037,Marathahalli,Bangalore
SHP003438,M001,ORD000304,Ecom Express,delivered,1,no,106.26,4,560035,Sarjapur Road,Bangalore
SHP003439,M001,ORD004080,BlueDart,failed_delivery,3,no,110.34,8,560034,Koramangala,Bangalore
SHP003440,M001,ORD003833,Xpressbees,failed_delivery,1,no,134.1,5,560034,Koramangala,Bangalore
SHP003441,M001,ORD002345,BlueDart,in_transit,1,no,83.83,4,560066,Whitefield,Bangalore
SHP003442,M001,ORD004485,Ecom Express,delivered,1,no,45.22,1,560076,BTM Layout,Bangalore
SHP003443,M001,ORD000587,BlueDart,delivered,1,no,73.92,2,560037,Marathahalli,Bangalore
SHP003444,M001,ORD000993,Xpressbees,failed_delivery,1,no,121.18,4,560034,Koramangala,Bangalore
SHP003445,M001,ORD001275,BlueDart,delivered,1,no,83.42,3,560034,Koramangala,Bangalore
SHP003446,M001,ORD004929,BlueDart,delivered,2,no,211.75,3,560060,Kengeri,Bangalore
SHP003447,M001,ORD003075,Xpressbees,in_transit,1,no,127.88,1,560076,Bannerghatta Road,Bangalore
SHP003448,M001,ORD003341,BlueDart,delivered,1,no,145.99,4,560100,Electronic City,Bangalore
SHP003449,M001,ORD003115,Xpressbees,rto,1,yes,74.41,5,560103,Bellandur,Bangalore
SHP003450,M001,ORD002230,Xpressbees,rto,1,yes,109.0,4,560038,Indiranagar,Bangalore
SHP003451,M001,ORD003569,Shiprocket,delivered,1,no,137.59,5,560103,Bellandur,Bangalore
SHP003452,M001,ORD004513,Shiprocket,delivered,1,no,137.34,3,560103,Bellandur,Bangalore
SHP003453,M001,ORD002179,Shiprocket,in_transit,1,no,117.59,3,560034,Koramangala,Bangalore
SHP003454,M001,ORD003315,Shiprocket,delivered,2,no,65.73,3,560048,Mahadevapura,Bangalore
SHP003455,M001,ORD002715,Ecom Express,failed_delivery,3,no,135.14,6,560048,Mahadevapura,Bangalore
SHP003456,M001,ORD001203,Xpressbees,in_transit,1,no,95.87,2,560102,HSR Layout,Bangalore
SHP003457,M001,ORD001178,Ecom Express,delivered,1,no,76.05,5,560003,Malleshwaram,Bangalore
SHP003458,M001,ORD003633,Delhivery,delivered,1,no,105.64,4,560008,Ulsoor,Bangalore
SHP003459,M001,ORD001059,Shiprocket,delivered,1,no,88.06,5,560064,Yelahanka,Bangalore
SHP003460,M001,ORD003288,Delhivery,delivered,1,no,110.88,5,560037,Brookefield,Bangalore
SHP003461,M001,ORD003279,Delhivery,delivered,1,no,59.74,5,560103,Bellandur,Bangalore
SHP003462,M001,ORD002643,Ecom Express,delivered,1,no,90.84,4,560048,Mahadevapura,Bangalore
SHP003463,M001,ORD000371,Xpressbees,delivered,2,no,175.34,3,560100,Electronic City,Bangalore
SHP003464,M001,ORD002922,BlueDart,delivered,1,no,145.17,5,560103,Bellandur,Bangalore
SHP003465,M001,ORD001161,BlueDart,delivered,2,no,121.15,2,560037,Marathahalli,Bangalore
SHP003466,M001,ORD003459,Delhivery,delivered,1,no,85.83,4,560103,Bellandur,Bangalore
SHP003467,M001,ORD004773,BlueDart,delivered,1,no,110.69,3,560066,Whitefield,Bangalore
SHP003468,M001,ORD004933,Ecom Express,failed_delivery,1,no,113.8,3,560103,Bellandur,Bangalore
SHP003469,M001,ORD000500,Ecom Express,delivered,1,no,136.36,4,560076,Bannerghatta Road,Bangalore
SHP003470,M001,ORD003145,Delhivery,delivered,1,no,148.08,5,560066,Whitefield,Bangalore
SHP003471,M001,ORD003640,Shiprocket,delivered,1,no,119.59,2,560024,Hebbal,Bangalore
SHP003472,M001,ORD001077,Ecom Express,delivered,2,no,75.33,5,560103,Bellandur,Bangalore
SHP003473,M001,ORD002026,BlueDart,delivered,1,no,76.62,1,560071,Domlur,Bangalore
SHP003474,M001,ORD001259,Ecom Express,delivered,1,no,88.59,4,560066,Whitefield,Bangalore
SHP003475,M001,ORD001440,BlueDart,delivered,1,no,69.53,5,560037,Marathahalli,Bangalore
SHP003476,M001,ORD003943,Xpressbees,failed_delivery,3,no,198.88,5,560058,Peenya,Bangalore
SHP003477,M001,ORD003567,Delhivery,delivered,1,no,75.71,1,560008,Ulsoor,Bangalore
SHP003478,M001,ORD001709,Xpressbees,delivered,1,no,147.68,5,560071,Domlur,Bangalore
SHP003479,M001,ORD004824,Ecom Express,failed_delivery,1,no,48.07,4,560008,Ulsoor,Bangalore
SHP003480,M001,ORD003435,Shiprocket,delivered,1,no,71.46,3,560037,Marathahalli,Bangalore
SHP003481,M001,ORD003379,Xpressbees,in_transit,2,no,91.36,3,560048,Mahadevapura,Bangalore
SHP003482,M001,ORD001635,Ecom Express,delivered,1,no,93.63,2,560060,Kengeri,Bangalore
SHP003483,M001,ORD001950,Xpressbees,delivered,2,no,64.96,4,560048,Mahadevapura,Bangalore
SHP003484,M001,ORD002315,Delhivery,rto,3,yes,164.74,4,560100,Electronic City,Bangalore
SHP003485,M001,ORD005000,Xpressbees,failed_delivery,2,no,159.06,5,560060,Kengeri,Bangalore
SHP003486,M001,ORD003502,Shiprocket,delivered,1,no,92.99,4,560102,HSR Layout,Bangalore
SHP003487,M001,ORD004850,Xpressbees,delivered,1,no,69.35,5,560102,HSR Layout,Bangalore
SHP003488,M001,ORD001538,BlueDart,delivered,2,no,103.33,5,560004,Basavanagudi,Bangalore
SHP003489,M001,ORD001821,Delhivery,delivered,1,no,119.03,2,560038,Indiranagar,Bangalore
SHP003490,M001,ORD000329,Ecom Express,delivered,2,no,147.88,1,560034,Koramangala,Bangalore
SHP003491,M001,ORD001194,BlueDart,failed_delivery,3,no,111.1,8,560037,Brookefield,Bangalore
SHP003492,M001,ORD003299,Ecom Express,delivered,2,no,148.94,2,560037,Marathahalli,Bangalore
SHP003493,M001,ORD000545,Shiprocket,delivered,3,no,135.41,5,560037,Brookefield,Bangalore
SHP003494,M001,ORD003905,Delhivery,failed_delivery,2,no,66.93,8,560008,Ulsoor,Bangalore
SHP003495,M001,ORD004074,Xpressbees,rto,2,yes,184.91,5,560035,Sarjapur Road,Bangalore
SHP003496,M001,ORD004601,Xpressbees,rto,2,yes,70.07,5,560102,HSR Layout,Bangalore
SHP003497,M001,ORD003926,Shiprocket,in_transit,2,no,52.93,3,560034,Koramangala,Bangalore
SHP003498,M001,ORD001862,Ecom Express,in_transit,3,no,92.34,2,560008,Ulsoor,Bangalore
SHP003499,M001,ORD004471,BlueDart,in_transit,2,no,60.74,4,560037,Marathahalli,Bangalore
SHP003500,M001,ORD001220,Delhivery,delivered,3,no,147.65,5,560035,Sarjapur Road,Bangalore
SHP003501,M001,ORD000538,BlueDart,delivered,1,no,135.37,1,560037,Marathahalli,Bangalore
SHP003502,M001,ORD000629,Shiprocket,delivered,1,no,138.84,3,560102,HSR Layout,Bangalore
SHP003503,M001,ORD001212,Ecom Express,delivered,1,no,137.88,1,560076,BTM Layout,Bangalore
SHP003504,M001,ORD004936,Xpressbees,delivered,2,no,83.64,3,560071,Domlur,Bangalore
SHP003505,M001,ORD003879,Shiprocket,delivered,1,no,170.36,3,560100,Electronic City,Bangalore
SHP003506,M001,ORD004771,Shiprocket,delivered,1,no,149.78,5,560100,Electronic City,Bangalore
SHP003507,M001,ORD002987,Shiprocket,delivered,3,no,97.67,3,560098,RR Nagar,Bangalore
SHP003508,M001,ORD004727,Shiprocket,delivered,1,no,64.03,3,560038,Indiranagar,Bangalore
SHP003509,M001,ORD000381,Delhivery,delivered,1,no,143.07,4,560064,Jakkur,Bangalore
SHP003510,M001,ORD003275,Ecom Express,delivered,1,no,102.49,2,560071,Domlur,Bangalore
SHP003511,M001,ORD004899,Delhivery,delivered,1,no,142.09,5,560076,Bannerghatta Road,Bangalore
SHP003512,M001,ORD003356,Ecom Express,in_transit,1,no,45.01,3,560078,JP Nagar,Bangalore
SHP003513,M001,ORD003273,Ecom Express,failed_delivery,2,no,50.44,4,560041,Jayanagar,Bangalore
SHP003514,M001,ORD000172,Ecom Express,rto,3,yes,114.27,9,560017,Old Airport Road,Bangalore
SHP003515,M001,ORD003616,BlueDart,in_transit,1,no,105.96,1,560038,Indiranagar,Bangalore
SHP003516,M001,ORD001486,Delhivery,rto,2,yes,45.78,5,560034,Koramangala,Bangalore
SHP003517,M001,ORD003787,Ecom Express,delivered,1,no,104.96,1,560034,Koramangala,Bangalore
SHP003518,M001,ORD004865,Shiprocket,failed_delivery,3,no,88.71,8,560017,Old Airport Road,Bangalore
SHP003519,M001,ORD000459,Xpressbees,delivered,1,no,117.55,4,560037,Brookefield,Bangalore
SHP003520,M001,ORD003291,Ecom Express,delivered,2,no,170.98,5,560064,Yelahanka,Bangalore
SHP003521,M001,ORD001941,Xpressbees,in_transit,2,no,112.92,3,560098,RR Nagar,Bangalore
SHP003522,M001,ORD004265,Delhivery,delivered,1,no,48.52,3,560103,Bellandur,Bangalore
SHP003523,M001,ORD004229,Shiprocket,delivered,1,no,91.46,3,560100,Electronic City,Bangalore
SHP003524,M001,ORD000859,Delhivery,rto,2,yes,51.47,6,560008,Ulsoor,Bangalore
SHP003525,M001,ORD002414,Xpressbees,delivered,1,no,119.18,2,560036,KR Puram,Bangalore
SHP003526,M001,ORD002819,Shiprocket,in_transit,3,no,97.78,3,560008,Ulsoor,Bangalore
SHP003527,M001,ORD001693,Shiprocket,delivered,2,no,118.33,3,560037,Marathahalli,Bangalore
SHP003528,M001,ORD003183,Ecom Express,delivered,1,no,88.1,4,560035,Sarjapur Road,Bangalore
SHP003529,M001,ORD001900,Shiprocket,in_transit,1,no,195.68,2,560100,Electronic City,Bangalore
SHP003530,M001,ORD004366,Shiprocket,failed_delivery,3,no,57.85,5,560024,Hebbal,Bangalore
SHP003531,M001,ORD003666,Delhivery,delivered,1,no,112.12,5,560103,Bellandur,Bangalore
SHP003532,M001,ORD004542,BlueDart,delivered,1,no,141.47,2,560066,Whitefield,Bangalore
SHP003533,M001,ORD000709,Ecom Express,in_transit,1,no,141.51,3,560017,Old Airport Road,Bangalore
SHP003534,M001,ORD000478,Delhivery,failed_delivery,1,no,47.36,3,560103,Bellandur,Bangalore
SHP003535,M001,ORD001378,Xpressbees,delivered,1,no,121.65,5,560103,Bellandur,Bangalore
SHP003536,M001,ORD004104,Delhivery,in_transit,3,no,146.66,3,560100,Electronic City,Bangalore
SHP003537,M001,ORD003893,BlueDart,failed_delivery,3,no,148.46,8,560102,HSR Layout,Bangalore
SHP003538,M001,ORD004794,Ecom Express,failed_delivery,1,no,197.82,9,560100,Electronic City,Bangalore
SHP003539,M001,ORD001722,Delhivery,failed_delivery,3,no,140.4,3,560071,Domlur,Bangalore
SHP003540,M001,ORD003674,Delhivery,rto,3,yes,120.58,3,560017,Old Airport Road,Bangalore
SHP003541,M001,ORD003733,Shiprocket,rto,1,yes,122.74,8,560066,Whitefield,Bangalore
SHP003542,M001,ORD004059,Ecom Express,delivered,1,no,146.49,4,560024,Hebbal,Bangalore
SHP003543,M001,ORD003119,Ecom Express,delivered,1,no,123.42,5,560071,Domlur,Bangalore
SHP003544,M001,ORD000131,Shiprocket,delivered,2,no,65.71,4,560048,Mahadevapura,Bangalore
SHP003545,M001,ORD001516,BlueDart,delivered,2,no,75.02,5,560103,Bellandur,Bangalore
SHP003546,M001,ORD001369,Ecom Express,rto,3,yes,78.26,7,560008,Ulsoor,Bangalore
SHP003547,M001,ORD001556,Shiprocket,rto,1,yes,45.19,9,560036,KR Puram,Bangalore
SHP003548,M001,ORD000565,BlueDart,delivered,1,no,100.05,1,560076,Bannerghatta Road,Bangalore
SHP003549,M001,ORD001314,Delhivery,delivered,2,no,107.2,3,560076,Bannerghatta Road,Bangalore
SHP003550,M001,ORD001409,Ecom Express,in_transit,2,no,81.07,4,560102,HSR Layout,Bangalore
SHP003551,M001,ORD000914,Ecom Express,delivered,1,no,117.49,5,560103,Bellandur,Bangalore
SHP003552,M001,ORD001985,Shiprocket,delivered,1,no,67.54,2,560034,Koramangala,Bangalore
SHP003553,M001,ORD001526,Shiprocket,failed_delivery,2,no,157.53,3,560100,Electronic City,Bangalore
SHP003554,M001,ORD000981,BlueDart,in_transit,1,no,144.5,4,560100,Electronic City,Bangalore
SHP003555,M001,ORD000395,Delhivery,failed_delivery,3,no,148.22,3,560010,Rajajinagar,Bangalore
SHP003556,M001,ORD000013,BlueDart,delivered,3,no,124.75,1,560103,Bellandur,Bangalore
SHP003557,M001,ORD001204,Shiprocket,in_transit,2,no,81.5,4,560102,HSR Layout,Bangalore
SHP003558,M001,ORD001198,Xpressbees,delivered,1,no,75.82,5,560034,Koramangala,Bangalore
SHP003559,M001,ORD001296,Xpressbees,delivered,1,no,143.53,1,560038,Indiranagar,Bangalore
SHP003560,M001,ORD002443,Shiprocket,delivered,2,no,186.52,5,560100,Electronic City,Bangalore
SHP003561,M001,ORD001018,BlueDart,delivered,1,no,61.95,5,560017,Old Airport Road,Bangalore
SHP003562,M001,ORD001737,Ecom Express,delivered,2,no,66.64,4,560034,Koramangala,Bangalore
SHP003563,M001,ORD004837,Shiprocket,delivered,1,no,113.08,1,560066,Whitefield,Bangalore
SHP003564,M001,ORD003755,Xpressbees,delivered,1,no,185.47,1,560035,Sarjapur Road,Bangalore
SHP003565,M001,ORD003912,Xpressbees,delivered,3,no,62.7,1,560003,Malleshwaram,Bangalore
SHP003566,M001,ORD000884,Shiprocket,rto,1,yes,99.62,6,560034,Koramangala,Bangalore
SHP003567,M001,ORD002600,Ecom Express,delivered,1,no,217.34,3,560064,Yelahanka,Bangalore
SHP003568,M001,ORD000680,Shiprocket,delivered,3,no,103.22,1,560008,Ulsoor,Bangalore
SHP003569,M001,ORD004512,Ecom Express,in_transit,2,no,95.74,2,560071,Domlur,Bangalore
SHP003570,M001,ORD002505,Ecom Express,delivered,2,no,130.4,5,560066,Whitefield,Bangalore
SHP003571,M001,ORD000332,Shiprocket,delivered,3,no,101.77,4,560103,Bellandur,Bangalore
SHP003572,M001,ORD001414,Shiprocket,delivered,3,no,56.79,4,560010,Rajajinagar,Bangalore
SHP003573,M001,ORD001146,Xpressbees,failed_delivery,3,no,108.57,3,560100,Electronic City,Bangalore
SHP003574,M001,ORD003539,Delhivery,delivered,1,no,124.11,5,560038,Indiranagar,Bangalore
SHP003575,M001,ORD003197,Delhivery,delivered,3,no,121.91,4,560102,HSR Layout,Bangalore
SHP003576,M001,ORD000258,BlueDart,rto,1,yes,91.13,7,560103,Bellandur,Bangalore
SHP003577,M001,ORD002149,Delhivery,delivered,2,no,111.36,2,560103,Bellandur,Bangalore
SHP003578,M001,ORD003988,Delhivery,delivered,1,no,152.47,5,560058,Peenya,Bangalore
SHP003579,M001,ORD000377,Delhivery,delivered,2,no,46.23,4,560008,Ulsoor,Bangalore
SHP003580,M001,ORD000775,Shiprocket,delivered,1,no,65.6,5,560102,HSR Layout,Bangalore
SHP003581,M001,ORD000598,Ecom Express,failed_delivery,3,no,132.03,6,560037,Marathahalli,Bangalore
SHP003582,M001,ORD003479,Shiprocket,delivered,1,no,145.35,1,560008,Ulsoor,Bangalore
SHP003583,M001,ORD001388,BlueDart,in_transit,2,no,148.57,3,560037,Brookefield,Bangalore
SHP003584,M001,ORD000665,Xpressbees,rto,2,yes,143.97,5,560066,Whitefield,Bangalore
SHP003585,M001,ORD001313,Shiprocket,in_transit,2,no,171.0,4,560100,Electronic City,Bangalore
SHP003586,M001,ORD003521,Shiprocket,delivered,1,no,124.28,3,560102,HSR Layout,Bangalore
SHP003587,M001,ORD004088,Delhivery,delivered,2,no,148.73,4,560066,Whitefield,Bangalore
SHP003588,M001,ORD004580,Ecom Express,rto,3,yes,79.26,9,560024,Hebbal,Bangalore
SHP003589,M001,ORD004815,Shiprocket,failed_delivery,2,no,74.17,3,560066,Whitefield,Bangalore
SHP003590,M001,ORD001125,BlueDart,delivered,1,no,110.88,4,560071,Domlur,Bangalore
SHP003591,M001,ORD000475,Shiprocket,failed_delivery,2,no,118.23,3,560064,Jakkur,Bangalore
SHP003592,M001,ORD002896,BlueDart,delivered,1,no,126.4,5,560066,Whitefield,Bangalore
SHP003593,M001,ORD002380,Delhivery,delivered,2,no,113.04,3,560034,Koramangala,Bangalore
SHP003594,M001,ORD000471,BlueDart,delivered,1,no,72.14,1,560024,Hebbal,Bangalore
SHP003595,M001,ORD000226,Xpressbees,delivered,1,no,108.96,5,560034,Koramangala,Bangalore
SHP003596,M001,ORD000165,Shiprocket,rto,2,yes,198.97,7,560035,Sarjapur Road,Bangalore
SHP003597,M001,ORD003612,Shiprocket,delivered,1,no,52.99,1,560008,Ulsoor,Bangalore
SHP003598,M001,ORD004518,Ecom Express,delivered,2,no,85.97,3,560034,Koramangala,Bangalore
SHP003599,M001,ORD004708,Shiprocket,delivered,2,no,100.64,2,560102,HSR Layout,Bangalore
SHP003600,M001,ORD002612,Ecom Express,failed_delivery,2,no,86.24,3,560103,Bellandur,Bangalore
SHP003601,M001,ORD002395,Ecom Express,delivered,1,no,99.8,2,560041,Jayanagar,Bangalore
SHP003602,M001,ORD003179,Shiprocket,in_transit,1,no,54.44,4,560071,Domlur,Bangalore
SHP003603,M001,ORD001637,Xpressbees,delivered,1,no,67.6,1,560071,Domlur,Bangalore
SHP003604,M001,ORD003346,Xpressbees,failed_delivery,2,no,148.18,8,560100,Electronic City,Bangalore
SHP003605,M001,ORD000464,Xpressbees,delivered,1,no,149.1,5,560034,Koramangala,Bangalore
SHP003606,M001,ORD003304,Xpressbees,delivered,2,no,140.52,1,560071,Domlur,Bangalore
SHP003607,M001,ORD001288,Shiprocket,delivered,1,no,139.64,5,560066,Whitefield,Bangalore
SHP003608,M001,ORD001030,Shiprocket,delivered,1,no,139.31,1,560037,Brookefield,Bangalore
SHP003609,M001,ORD003268,Ecom Express,delivered,1,no,122.74,5,560034,Koramangala,Bangalore
SHP003610,M001,ORD001584,Delhivery,delivered,2,no,206.13,2,560058,Peenya,Bangalore
SHP003611,M001,ORD002436,Shiprocket,failed_delivery,2,no,102.11,7,560037,Brookefield,Bangalore
SHP003612,M001,ORD000573,Shiprocket,delivered,2,no,64.45,4,560103,Bellandur,Bangalore
SHP003613,M001,ORD004516,Xpressbees,failed_delivery,2,no,110.92,8,560024,Hebbal,Bangalore
SHP003614,M001,ORD004484,Delhivery,delivered,2,no,61.76,1,560048,Mahadevapura,Bangalore
SHP003615,M001,ORD003837,Delhivery,delivered,1,no,97.56,5,560102,HSR Layout,Bangalore
SHP003616,M001,ORD001661,Delhivery,delivered,3,no,48.08,4,560071,Domlur,Bangalore
SHP003617,M001,ORD001015,Delhivery,delivered,1,no,139.37,5,560034,Koramangala,Bangalore
SHP003618,M001,ORD001595,Ecom Express,failed_delivery,1,no,106.85,9,560102,HSR Layout,Bangalore
SHP003619,M001,ORD002046,Xpressbees,delivered,1,no,82.94,1,560037,Brookefield,Bangalore
SHP003620,M001,ORD000898,Delhivery,delivered,1,no,51.81,3,560102,HSR Layout,Bangalore
SHP003621,M001,ORD000726,BlueDart,delivered,1,no,66.09,3,560078,JP Nagar,Bangalore
SHP003622,M001,ORD001416,Shiprocket,failed_delivery,2,no,96.91,3,560066,Whitefield,Bangalore
SHP003623,M001,ORD001469,Delhivery,delivered,2,no,141.3,3,560078,JP Nagar,Bangalore
SHP003624,M001,ORD000453,Ecom Express,delivered,3,no,119.96,1,560036,KR Puram,Bangalore
SHP003625,M001,ORD002306,BlueDart,delivered,2,no,161.59,1,560064,Yelahanka,Bangalore
SHP003626,M001,ORD000764,Shiprocket,failed_delivery,2,no,141.07,9,560017,Old Airport Road,Bangalore
SHP003627,M001,ORD004716,Delhivery,delivered,1,no,83.36,3,560071,Domlur,Bangalore
SHP003628,M001,ORD002265,Ecom Express,rto,1,yes,59.8,3,560071,Domlur,Bangalore
SHP003629,M001,ORD003389,Delhivery,delivered,1,no,46.95,2,560024,Hebbal,Bangalore
SHP003630,M001,ORD004715,BlueDart,delivered,1,no,117.5,3,560036,KR Puram,Bangalore
SHP003631,M001,ORD004579,Ecom Express,delivered,2,no,48.85,4,560048,Mahadevapura,Bangalore
SHP003632,M001,ORD001896,Shiprocket,delivered,2,no,122.39,1,560034,Koramangala,Bangalore
SHP003633,M001,ORD003930,Ecom Express,failed_delivery,1,no,103.88,9,560037,Marathahalli,Bangalore
SHP003634,M001,ORD003290,Xpressbees,delivered,3,no,203.36,3,560058,Peenya,Bangalore
SHP003635,M001,ORD000152,Xpressbees,delivered,1,no,74.78,4,560103,Bellandur,Bangalore
SHP003636,M001,ORD002972,Shiprocket,delivered,1,no,83.29,3,560037,Brookefield,Bangalore
SHP003637,M001,ORD004667,Delhivery,delivered,1,no,69.79,1,560102,HSR Layout,Bangalore
SHP003638,M001,ORD004805,Shiprocket,failed_delivery,2,no,51.7,3,560008,Ulsoor,Bangalore
SHP003639,M001,ORD003113,Ecom Express,delivered,1,no,81.83,2,560034,Koramangala,Bangalore
SHP003640,M001,ORD000308,Ecom Express,rto,2,yes,102.34,7,560037,Marathahalli,Bangalore
SHP003641,M001,ORD001560,Xpressbees,delivered,2,no,97.67,3,560103,Bellandur,Bangalore
SHP003642,M001,ORD002481,BlueDart,delivered,1,no,180.48,3,560100,Electronic City,Bangalore
SHP003643,M001,ORD002698,Xpressbees,delivered,1,no,98.11,1,560017,Old Airport Road,Bangalore
SHP003644,M001,ORD002777,Xpressbees,delivered,1,no,92.52,3,560103,Bellandur,Bangalore
SHP003645,M001,ORD001143,Xpressbees,delivered,2,no,107.47,5,560034,Koramangala,Bangalore
SHP003646,M001,ORD002232,Delhivery,delivered,1,no,70.59,4,560076,BTM Layout,Bangalore
SHP003647,M001,ORD003325,Delhivery,delivered,1,no,117.64,3,560103,Bellandur,Bangalore
SHP003648,M001,ORD003079,Delhivery,delivered,1,no,91.62,1,560037,Marathahalli,Bangalore
SHP003649,M001,ORD001991,Shiprocket,delivered,1,no,98.58,4,560103,Bellandur,Bangalore
SHP003650,M001,ORD002754,Shiprocket,delivered,1,no,97.74,5,560034,Koramangala,Bangalore
SHP003651,M001,ORD003972,Shiprocket,failed_delivery,1,no,137.17,3,560048,Mahadevapura,Bangalore
SHP003652,M001,ORD001123,Shiprocket,in_transit,1,no,79.1,4,560103,Bellandur,Bangalore
SHP003653,M001,ORD004425,BlueDart,delivered,1,no,92.3,1,560078,JP Nagar,Bangalore
SHP003654,M001,ORD003298,Delhivery,in_transit,1,no,52.35,2,560038,Indiranagar,Bangalore
SHP003655,M001,ORD001575,Delhivery,delivered,2,no,131.26,1,560100,Electronic City,Bangalore
SHP003656,M001,ORD000973,Shiprocket,in_transit,1,no,77.35,3,560017,Old Airport Road,Bangalore
SHP003657,M001,ORD004390,Delhivery,delivered,1,no,125.1,1,560066,Whitefield,Bangalore
SHP003658,M001,ORD003896,Xpressbees,delivered,2,no,131.3,4,560037,Marathahalli,Bangalore
SHP003659,M001,ORD001171,BlueDart,delivered,1,no,135.99,3,560037,Marathahalli,Bangalore
SHP003660,M001,ORD002740,Ecom Express,failed_delivery,1,no,134.37,3,560008,Ulsoor,Bangalore
SHP003661,M001,ORD001743,Xpressbees,delivered,1,no,128.96,5,560008,Ulsoor,Bangalore
SHP003662,M001,ORD001856,Shiprocket,delivered,1,no,78.15,4,560008,Ulsoor,Bangalore
SHP003663,M001,ORD001297,Ecom Express,rto,1,yes,137.95,7,560037,Marathahalli,Bangalore
SHP003664,M001,ORD002621,BlueDart,rto,2,yes,85.49,4,560036,KR Puram,Bangalore
SHP003665,M001,ORD003866,Delhivery,delivered,2,no,137.7,2,560003,Malleshwaram,Bangalore
SHP003666,M001,ORD004963,Xpressbees,failed_delivery,2,no,142.51,8,560076,Bannerghatta Road,Bangalore
SHP003667,M001,ORD004112,Ecom Express,delivered,1,no,140.43,3,560102,HSR Layout,Bangalore
SHP003668,M001,ORD001644,Shiprocket,delivered,1,no,105.21,5,560103,Bellandur,Bangalore
SHP003669,M001,ORD004188,Shiprocket,delivered,1,no,90.6,1,560037,Brookefield,Bangalore
SHP003670,M001,ORD002730,BlueDart,failed_delivery,3,no,127.34,7,560036,KR Puram,Bangalore
SHP003671,M001,ORD000027,Delhivery,delivered,2,no,134.13,1,560008,Ulsoor,Bangalore
SHP003672,M001,ORD001939,BlueDart,rto,3,yes,45.43,8,560017,Old Airport Road,Bangalore
SHP003673,M001,ORD001544,Ecom Express,in_transit,1,no,149.35,1,560100,Electronic City,Bangalore
SHP003674,M001,ORD000937,Delhivery,delivered,2,no,89.65,4,560008,Ulsoor,Bangalore
SHP003675,M001,ORD000092,Shiprocket,rto,2,yes,84.02,5,560034,Koramangala,Bangalore
SHP003676,M001,ORD000495,Shiprocket,delivered,1,no,85.22,4,560017,Old Airport Road,Bangalore
SHP003677,M001,ORD002375,BlueDart,in_transit,1,no,165.62,4,560035,Sarjapur Road,Bangalore
SHP003678,M001,ORD003046,Delhivery,delivered,2,no,145.41,3,560071,Domlur,Bangalore
SHP003679,M001,ORD002511,Xpressbees,delivered,1,no,153.44,4,560100,Electronic City,Bangalore
SHP003680,M001,ORD000356,Ecom Express,delivered,1,no,138.63,4,560103,Bellandur,Bangalore
SHP003681,M001,ORD000128,Delhivery,delivered,1,no,112.36,5,560037,Marathahalli,Bangalore
SHP003682,M001,ORD000774,Delhivery,delivered,1,no,73.35,5,560103,Bellandur,Bangalore
SHP003683,M001,ORD004948,Xpressbees,delivered,1,no,57.42,3,560103,Bellandur,Bangalore
SHP003684,M001,ORD002274,Delhivery,failed_delivery,2,no,133.76,9,560017,Old Airport Road,Bangalore
SHP003685,M001,ORD003251,Delhivery,delivered,1,no,141.44,5,560035,Sarjapur Road,Bangalore
SHP003686,M001,ORD001138,Delhivery,delivered,1,no,53.15,3,560017,Old Airport Road,Bangalore
SHP003687,M001,ORD004457,Delhivery,delivered,1,no,59.62,3,560076,Bannerghatta Road,Bangalore
SHP003688,M001,ORD000589,Shiprocket,in_transit,1,no,49.63,1,560071,Domlur,Bangalore
SHP003689,M001,ORD001085,Xpressbees,in_transit,2,no,129.47,4,560034,Koramangala,Bangalore
SHP003690,M001,ORD001697,Xpressbees,delivered,1,no,114.49,2,560048,Mahadevapura,Bangalore
SHP003691,M001,ORD000316,Xpressbees,failed_delivery,2,no,63.8,4,560037,Brookefield,Bangalore
SHP003692,M001,ORD000636,Xpressbees,delivered,1,no,112.5,1,560071,Domlur,Bangalore
SHP003693,M001,ORD003700,Xpressbees,delivered,1,no,89.26,4,560017,Old Airport Road,Bangalore
SHP003694,M001,ORD001239,Xpressbees,delivered,1,no,78.71,5,560017,Old Airport Road,Bangalore
SHP003695,M001,ORD004101,BlueDart,in_transit,1,no,59.78,1,560102,HSR Layout,Bangalore
SHP003696,M001,ORD000367,BlueDart,delivered,2,no,100.97,1,560036,KR Puram,Bangalore
SHP003697,M001,ORD003707,Ecom Express,delivered,2,no,83.02,1,560034,Koramangala,Bangalore
SHP003698,M001,ORD004777,Delhivery,in_transit,2,no,108.97,4,560100,Electronic City,Bangalore
SHP003699,M001,ORD004385,Delhivery,delivered,1,no,75.97,3,560038,Indiranagar,Bangalore
SHP003700,M001,ORD002385,Ecom Express,delivered,2,no,93.97,4,560024,Hebbal,Bangalore
SHP003701,M001,ORD000683,Xpressbees,delivered,1,no,66.49,4,560071,Domlur,Bangalore
SHP003702,M001,ORD001947,Ecom Express,delivered,1,no,89.76,2,560008,Ulsoor,Bangalore
SHP003703,M001,ORD003366,Delhivery,delivered,1,no,139.69,1,560037,Marathahalli,Bangalore
SHP003704,M001,ORD004084,Delhivery,failed_delivery,2,no,143.16,9,560034,Koramangala,Bangalore
SHP003705,M001,ORD003021,BlueDart,delivered,1,no,69.36,2,560102,HSR Layout,Bangalore
SHP003706,M001,ORD000077,Ecom Express,delivered,1,no,124.19,2,560037,Brookefield,Bangalore
SHP003707,M001,ORD001691,Shiprocket,rto,3,yes,170.94,3,560035,Sarjapur Road,Bangalore
SHP003708,M001,ORD002672,Ecom Express,in_transit,1,no,195.95,2,560060,Kengeri,Bangalore
SHP003709,M001,ORD003780,Delhivery,delivered,2,no,77.68,5,560103,Bellandur,Bangalore
SHP003710,M001,ORD002594,Xpressbees,delivered,1,no,145.74,1,560034,Koramangala,Bangalore
SHP003711,M001,ORD002558,Delhivery,delivered,1,no,141.44,4,560103,Bellandur,Bangalore
SHP003712,M001,ORD000881,Shiprocket,delivered,1,no,81.41,5,560076,BTM Layout,Bangalore
SHP003713,M001,ORD003332,Delhivery,delivered,1,no,107.69,4,560103,Bellandur,Bangalore
SHP003714,M001,ORD002945,Ecom Express,delivered,2,no,113.74,3,560103,Bellandur,Bangalore
SHP003715,M001,ORD000080,Ecom Express,delivered,2,no,133.22,3,560102,HSR Layout,Bangalore
SHP003716,M001,ORD002502,Shiprocket,rto,3,yes,71.52,7,560038,Indiranagar,Bangalore
SHP003717,M001,ORD003516,Shiprocket,delivered,1,no,53.73,3,560103,Bellandur,Bangalore
SHP003718,M001,ORD003266,Xpressbees,rto,2,yes,108.24,5,560008,Ulsoor,Bangalore
SHP003719,M001,ORD000669,Xpressbees,failed_delivery,2,no,87.81,9,560003,Malleshwaram,Bangalore
SHP003720,M001,ORD001105,Shiprocket,delivered,1,no,136.8,3,560064,Yelahanka,Bangalore
SHP003721,M001,ORD003191,BlueDart,delivered,1,no,109.48,2,560036,KR Puram,Bangalore
SHP003722,M001,ORD002017,Shiprocket,delivered,2,no,70.67,4,560034,Koramangala,Bangalore
SHP003723,M001,ORD003152,BlueDart,delivered,1,no,128.37,5,560037,Marathahalli,Bangalore
SHP003724,M001,ORD004292,Ecom Express,delivered,1,no,75.55,4,560076,BTM Layout,Bangalore
SHP003725,M001,ORD000875,Ecom Express,delivered,1,no,45.06,1,560036,KR Puram,Bangalore
SHP003726,M001,ORD004843,Ecom Express,delivered,1,no,139.2,5,560098,RR Nagar,Bangalore
SHP003727,M001,ORD003966,Delhivery,delivered,2,no,81.17,1,560071,Domlur,Bangalore
SHP003728,M001,ORD002080,Xpressbees,delivered,1,no,138.76,1,560035,Sarjapur Road,Bangalore
SHP003729,M001,ORD002226,Shiprocket,delivered,1,no,81.99,2,560008,Ulsoor,Bangalore
SHP003730,M001,ORD000522,Ecom Express,in_transit,1,no,106.18,3,560102,HSR Layout,Bangalore
SHP003731,M001,ORD001354,Delhivery,in_transit,1,no,118.9,1,560003,Malleshwaram,Bangalore
SHP003732,M001,ORD000268,Ecom Express,in_transit,1,no,50.65,2,560103,Bellandur,Bangalore
SHP003733,M001,ORD004612,Shiprocket,delivered,2,no,48.28,1,560071,Domlur,Bangalore
SHP003734,M001,ORD003882,Xpressbees,delivered,3,no,87.18,3,560102,HSR Layout,Bangalore
SHP003735,M001,ORD003193,Delhivery,delivered,2,no,106.67,4,560066,Whitefield,Bangalore
SHP003736,M001,ORD004673,Shiprocket,delivered,1,no,133.2,5,560103,Bellandur,Bangalore
SHP003737,M001,ORD003625,Ecom Express,in_transit,2,no,140.59,3,560048,Mahadevapura,Bangalore
SHP003738,M001,ORD004772,Xpressbees,delivered,3,no,75.08,5,560071,Domlur,Bangalore
SHP003739,M001,ORD001343,Delhivery,rto,2,yes,99.39,6,560008,Ulsoor,Bangalore
SHP003740,M001,ORD001050,Shiprocket,delivered,2,no,149.35,3,560102,HSR Layout,Bangalore
SHP003741,M001,ORD002334,Delhivery,in_transit,2,no,60.56,2,560040,Vijayanagar,Bangalore
SHP003742,M001,ORD001773,Ecom Express,delivered,1,no,98.54,5,560037,Brookefield,Bangalore
SHP003743,M001,ORD000438,Ecom Express,rto,1,yes,54.72,7,560034,Koramangala,Bangalore
SHP003744,M001,ORD002349,Xpressbees,rto,2,yes,56.07,9,560066,Whitefield,Bangalore
SHP003745,M001,ORD004638,BlueDart,delivered,2,no,52.3,3,560034,Koramangala,Bangalore
SHP003746,M001,ORD002509,Shiprocket,delivered,1,no,121.46,3,560102,HSR Layout,Bangalore
SHP003747,M001,ORD002906,Shiprocket,delivered,3,no,115.73,1,560004,Basavanagudi,Bangalore
SHP003748,M001,ORD004402,Ecom Express,in_transit,1,no,125.93,1,560064,Yelahanka,Bangalore
SHP003749,M001,ORD004494,Ecom Express,failed_delivery,3,no,159.23,3,560035,Sarjapur Road,Bangalore
SHP003750,M001,ORD001097,Xpressbees,delivered,1,no,119.23,3,560037,Marathahalli,Bangalore
SHP003751,M001,ORD004942,Ecom Express,delivered,1,no,143.17,4,560037,Marathahalli,Bangalore
SHP003752,M001,ORD003239,Xpressbees,delivered,1,no,139.78,3,560066,Whitefield,Bangalore
SHP003753,M001,ORD001742,Shiprocket,delivered,1,no,92.41,3,560103,Bellandur,Bangalore
SHP003754,M001,ORD002219,Xpressbees,delivered,1,no,114.36,2,560037,Marathahalli,Bangalore
SHP003755,M001,ORD004742,BlueDart,rto,3,yes,121.85,3,560037,Marathahalli,Bangalore
SHP003756,M001,ORD002015,BlueDart,in_transit,1,no,158.77,3,560100,Electronic City,Bangalore
SHP003757,M001,ORD000352,Xpressbees,rto,1,yes,139.51,3,560066,Whitefield,Bangalore
SHP003758,M001,ORD001794,Delhivery,delivered,1,no,84.16,4,560037,Marathahalli,Bangalore
SHP003759,M001,ORD003721,Shiprocket,in_transit,1,no,118.03,2,560001,MG Road,Bangalore
SHP003760,M001,ORD002992,Ecom Express,delivered,1,no,118.39,2,560064,Yelahanka,Bangalore
SHP003761,M001,ORD004788,Delhivery,delivered,1,no,46.16,2,560066,Whitefield,Bangalore
SHP003762,M001,ORD003010,BlueDart,in_transit,1,no,58.77,2,560102,HSR Layout,Bangalore
SHP003763,M001,ORD000003,Ecom Express,delivered,1,no,113.3,2,560071,Domlur,Bangalore
SHP003764,M001,ORD002691,Ecom Express,delivered,1,no,71.16,1,560076,Bannerghatta Road,Bangalore
SHP003765,M001,ORD003825,Delhivery,in_transit,1,no,46.56,3,560076,Bannerghatta Road,Bangalore
SHP003766,M001,ORD001890,Xpressbees,in_transit,1,no,77.85,3,560078,JP Nagar,Bangalore
SHP003767,M001,ORD002262,BlueDart,delivered,1,no,127.38,1,560100,Electronic City,Bangalore
SHP003768,M001,ORD003758,Ecom Express,delivered,1,no,71.59,3,560037,Brookefield,Bangalore
SHP003769,M001,ORD004891,Ecom Express,delivered,1,no,61.23,5,560071,Domlur,Bangalore
SHP003770,M001,ORD003000,BlueDart,in_transit,2,no,119.0,3,560066,Whitefield,Bangalore
SHP003771,M001,ORD003910,Xpressbees,delivered,1,no,51.6,2,560103,Bellandur,Bangalore
SHP003772,M001,ORD000250,Xpressbees,in_transit,2,no,52.78,3,560071,Domlur,Bangalore
SHP003773,M001,ORD004907,Delhivery,delivered,1,no,117.66,4,560071,Domlur,Bangalore
SHP003774,M001,ORD002871,BlueDart,delivered,3,no,53.39,3,560102,HSR Layout,Bangalore
SHP003775,M001,ORD002998,Shiprocket,failed_delivery,2,no,100.29,8,560048,Mahadevapura,Bangalore
SHP003776,M001,ORD002248,Ecom Express,in_transit,2,no,121.4,3,560035,Sarjapur Road,Bangalore
SHP003777,M001,ORD001903,BlueDart,delivered,1,no,159.34,2,560064,Yelahanka,Bangalore
SHP003778,M001,ORD002499,BlueDart,rto,3,yes,87.09,3,560008,Ulsoor,Bangalore
SHP003779,M001,ORD004203,Shiprocket,delivered,3,no,102.93,5,560036,KR Puram,Bangalore
SHP003780,M001,ORD003365,Ecom Express,failed_delivery,2,no,124.07,3,560008,Ulsoor,Bangalore
SHP003781,M001,ORD002121,BlueDart,delivered,1,no,79.98,2,560102,HSR Layout,Bangalore
SHP003782,M001,ORD001588,Shiprocket,in_transit,1,no,124.01,4,560100,Electronic City,Bangalore
SHP003783,M001,ORD001403,Xpressbees,delivered,1,no,97.08,5,560048,Mahadevapura,Bangalore
SHP003784,M001,ORD002348,Delhivery,delivered,1,no,75.59,3,560098,RR Nagar,Bangalore
SHP003785,M001,ORD004908,Ecom Express,delivered,2,no,50.61,2,560034,Koramangala,Bangalore
SHP003786,M001,ORD003783,BlueDart,delivered,1,no,74.31,3,560103,Bellandur,Bangalore
SHP003787,M001,ORD003731,Shiprocket,delivered,2,no,62.6,5,560017,Old Airport Road,Bangalore
SHP003788,M001,ORD000107,Ecom Express,delivered,1,no,114.09,5,560004,Basavanagudi,Bangalore
SHP003789,M001,ORD001610,Delhivery,delivered,1,no,83.7,4,560004,Basavanagudi,Bangalore
SHP003790,M001,ORD003111,BlueDart,rto,2,yes,52.03,5,560037,Brookefield,Bangalore
SHP003791,M001,ORD000999,Ecom Express,failed_delivery,1,no,167.68,5,560035,Sarjapur Road,Bangalore
SHP003792,M001,ORD004736,Delhivery,failed_delivery,2,no,111.51,4,560060,Kengeri,Bangalore
SHP003793,M001,ORD002410,Delhivery,delivered,1,no,52.23,5,560034,Koramangala,Bangalore
SHP003794,M001,ORD002033,Ecom Express,delivered,1,no,55.86,2,560037,Brookefield,Bangalore
SHP003795,M001,ORD002550,Ecom Express,rto,3,yes,123.81,7,560038,Indiranagar,Bangalore
SHP003796,M001,ORD003836,Shiprocket,delivered,1,no,87.33,3,560037,Marathahalli,Bangalore
SHP003797,M001,ORD001180,BlueDart,delivered,2,no,125.82,3,560024,Hebbal,Bangalore
SHP003798,M001,ORD001999,Delhivery,delivered,2,no,135.79,2,560037,Brookefield,Bangalore
SHP003799,M001,ORD002565,Shiprocket,delivered,1,no,130.52,2,560060,Kengeri,Bangalore
SHP003800,M001,ORD002500,Shiprocket,delivered,1,no,168.43,3,560060,Kengeri,Bangalore
SHP003801,M001,ORD001831,Delhivery,delivered,1,no,127.42,2,560102,HSR Layout,Bangalore
SHP003802,M001,ORD000841,Ecom Express,in_transit,1,no,109.7,4,560034,Koramangala,Bangalore
SHP003803,M001,ORD002036,Shiprocket,delivered,2,no,155.31,1,560100,Electronic City,Bangalore
SHP003804,M001,ORD004398,Xpressbees,rto,2,yes,62.54,9,560098,RR Nagar,Bangalore
SHP003805,M001,ORD001007,Shiprocket,in_transit,3,no,68.59,3,560048,Mahadevapura,Bangalore
SHP003806,M001,ORD004250,BlueDart,delivered,1,no,84.63,3,560037,Marathahalli,Bangalore
SHP003807,M001,ORD000672,Delhivery,in_transit,1,no,49.27,2,560048,Mahadevapura,Bangalore
SHP003808,M001,ORD003936,Shiprocket,rto,3,yes,66.77,9,560017,Old Airport Road,Bangalore
SHP003809,M001,ORD003350,Ecom Express,delivered,1,no,127.65,2,560034,Koramangala,Bangalore
SHP003810,M001,ORD002771,Xpressbees,in_transit,2,no,63.3,2,560017,Old Airport Road,Bangalore
SHP003811,M001,ORD003537,Delhivery,delivered,3,no,137.17,4,560004,Basavanagudi,Bangalore
SHP003812,M001,ORD002409,Shiprocket,delivered,1,no,78.55,5,560100,Electronic City,Bangalore
SHP003813,M001,ORD003561,Xpressbees,delivered,1,no,86.71,3,560066,Whitefield,Bangalore
SHP003814,M001,ORD004829,Shiprocket,delivered,1,no,110.12,3,560100,Electronic City,Bangalore
SHP003815,M001,ORD003821,Delhivery,delivered,2,no,99.54,5,560008,Ulsoor,Bangalore
SHP003816,M001,ORD000812,Shiprocket,delivered,3,no,139.74,4,560040,Vijayanagar,Bangalore
SHP003817,M001,ORD003358,Shiprocket,delivered,2,no,107.84,4,560102,HSR Layout,Bangalore
SHP003818,M001,ORD002666,Xpressbees,delivered,1,no,138.96,2,560040,Vijayanagar,Bangalore
SHP003819,M001,ORD000286,Delhivery,failed_delivery,1,no,88.26,9,560060,Kengeri,Bangalore
SHP003820,M001,ORD002770,Ecom Express,delivered,2,no,141.54,2,560102,HSR Layout,Bangalore
SHP003821,M001,ORD002191,Xpressbees,rto,2,yes,123.65,5,560035,Sarjapur Road,Bangalore
SHP003822,M001,ORD004448,Xpressbees,delivered,1,no,116.86,2,560017,Old Airport Road,Bangalore
SHP003823,M001,ORD001922,Delhivery,failed_delivery,3,no,107.07,4,560076,Bannerghatta Road,Bangalore
SHP003824,M001,ORD002959,Xpressbees,delivered,3,no,148.17,5,560017,Old Airport Road,Bangalore
SHP003825,M001,ORD003396,Xpressbees,delivered,1,no,123.69,3,560034,Koramangala,Bangalore
SHP003826,M001,ORD001725,Xpressbees,delivered,1,no,189.34,2,560100,Electronic City,Bangalore
SHP003827,M001,ORD001248,Delhivery,in_transit,2,no,86.71,1,560103,Bellandur,Bangalore
SHP003828,M001,ORD004885,Shiprocket,delivered,2,no,70.59,2,560102,HSR Layout,Bangalore
SHP003829,M001,ORD002005,Delhivery,delivered,2,no,46.58,5,560103,Bellandur,Bangalore
SHP003830,M001,ORD002092,Xpressbees,delivered,1,no,60.08,2,560017,Old Airport Road,Bangalore
SHP003831,M001,ORD001063,Shiprocket,in_transit,2,no,97.66,4,560034,Koramangala,Bangalore
SHP003832,M001,ORD000264,Xpressbees,delivered,1,no,59.79,1,560102,HSR Layout,Bangalore
SHP003833,M001,ORD001205,BlueDart,failed_delivery,3,no,116.2,5,560037,Marathahalli,Bangalore
SHP003834,M001,ORD001551,Ecom Express,delivered,1,no,126.91,2,560037,Marathahalli,Bangalore
SHP003835,M001,ORD002109,Shiprocket,in_transit,1,no,118.94,1,560066,Whitefield,Bangalore
SHP003836,M001,ORD001379,Xpressbees,delivered,1,no,167.67,5,560100,Electronic City,Bangalore
SHP003837,M001,ORD003635,Shiprocket,failed_delivery,2,no,102.19,4,560103,Bellandur,Bangalore
SHP003838,M001,ORD004177,Xpressbees,delivered,1,no,185.63,2,560035,Sarjapur Road,Bangalore
SHP003839,M001,ORD003491,BlueDart,delivered,2,no,87.79,1,560071,Domlur,Bangalore
SHP003840,M001,ORD001325,BlueDart,delivered,2,no,53.38,3,560024,Hebbal,Bangalore
SHP003841,M001,ORD000311,Delhivery,delivered,1,no,113.28,4,560008,Ulsoor,Bangalore
SHP003842,M001,ORD003812,Ecom Express,delivered,3,no,149.6,5,560102,HSR Layout,Bangalore
SHP003843,M001,ORD000187,Delhivery,delivered,2,no,66.32,1,560001,MG Road,Bangalore
SHP003844,M001,ORD002716,Xpressbees,in_transit,1,no,70.19,2,560098,RR Nagar,Bangalore
SHP003845,M001,ORD003992,BlueDart,delivered,1,no,108.89,2,560098,RR Nagar,Bangalore
SHP003846,M001,ORD000070,Ecom Express,rto,3,yes,59.11,9,560102,HSR Layout,Bangalore
SHP003847,M001,ORD000004,Xpressbees,rto,3,yes,51.25,3,560103,Bellandur,Bangalore
SHP003848,M001,ORD000599,BlueDart,rto,2,yes,90.88,5,560037,Marathahalli,Bangalore
SHP003849,M001,ORD002561,Delhivery,delivered,1,no,127.74,4,560034,Koramangala,Bangalore
SHP003850,M001,ORD004546,Shiprocket,delivered,1,no,77.01,4,560102,HSR Layout,Bangalore
SHP003851,M001,ORD002531,BlueDart,delivered,1,no,146.61,4,560034,Koramangala,Bangalore
SHP003852,M001,ORD004709,Xpressbees,delivered,1,no,62.43,4,560017,Old Airport Road,Bangalore
SHP003853,M001,ORD004593,Delhivery,delivered,1,no,100.16,1,560048,Mahadevapura,Bangalore
SHP003854,M001,ORD004646,BlueDart,delivered,1,no,141.85,3,560010,Rajajinagar,Bangalore
SHP003855,M001,ORD003735,BlueDart,delivered,1,no,133.01,3,560017,Old Airport Road,Bangalore
SHP003856,M001,ORD001800,Ecom Express,in_transit,1,no,45.37,1,560098,RR Nagar,Bangalore
SHP003857,M001,ORD001647,BlueDart,delivered,1,no,93.89,5,560035,Sarjapur Road,Bangalore
SHP003858,M001,ORD001802,BlueDart,delivered,1,no,64.14,1,560102,HSR Layout,Bangalore
SHP003859,M001,ORD002178,BlueDart,delivered,1,no,65.35,2,560038,Indiranagar,Bangalore
SHP003860,M001,ORD002341,Delhivery,delivered,1,no,72.11,4,560071,Domlur,Bangalore
SHP003861,M001,ORD003795,Delhivery,delivered,1,no,51.74,1,560037,Marathahalli,Bangalore
SHP003862,M001,ORD000887,Shiprocket,failed_delivery,2,no,77.61,8,560066,Whitefield,Bangalore
SHP003863,M001,ORD001370,BlueDart,rto,2,yes,102.23,5,560102,HSR Layout,Bangalore
SHP003864,M001,ORD001549,BlueDart,failed_delivery,2,no,82.75,6,560064,Jakkur,Bangalore
SHP003865,M001,ORD001089,Xpressbees,in_transit,1,no,136.82,3,560048,Mahadevapura,Bangalore
SHP003866,M001,ORD000526,Ecom Express,delivered,2,no,137.39,4,560003,Malleshwaram,Bangalore
SHP003867,M001,ORD002373,Xpressbees,rto,2,yes,146.88,3,560103,Bellandur,Bangalore
SHP003868,M001,ORD004422,Delhivery,delivered,1,no,114.61,4,560037,Marathahalli,Bangalore
SHP003869,M001,ORD002833,Ecom Express,delivered,1,no,135.7,5,560100,Electronic City,Bangalore
SHP003870,M001,ORD001784,Shiprocket,delivered,2,no,108.71,3,560100,Electronic City,Bangalore
SHP003871,M001,ORD001159,Xpressbees,delivered,1,no,98.15,1,560037,Marathahalli,Bangalore
SHP003872,M001,ORD000219,BlueDart,delivered,1,no,97.62,3,560066,Whitefield,Bangalore
SHP003873,M001,ORD001053,Shiprocket,failed_delivery,1,no,107.99,7,560048,Mahadevapura,Bangalore
SHP003874,M001,ORD002512,Shiprocket,failed_delivery,2,no,133.8,7,560100,Electronic City,Bangalore
SHP003875,M001,ORD001095,Shiprocket,delivered,2,no,97.48,3,560102,HSR Layout,Bangalore
SHP003876,M001,ORD000576,Xpressbees,delivered,1,no,99.25,1,560102,HSR Layout,Bangalore
SHP003877,M001,ORD001713,BlueDart,in_transit,1,no,104.53,3,560017,Old Airport Road,Bangalore
SHP003878,M001,ORD001911,Shiprocket,failed_delivery,1,no,104.66,3,560034,Koramangala,Bangalore
SHP003879,M001,ORD002993,Delhivery,delivered,2,no,62.62,2,560076,BTM Layout,Bangalore
SHP003880,M001,ORD004018,Ecom Express,delivered,1,no,60.78,2,560034,Koramangala,Bangalore
SHP003881,M001,ORD001229,Ecom Express,failed_delivery,3,no,111.71,4,560037,Brookefield,Bangalore
SHP003882,M001,ORD002200,BlueDart,delivered,3,no,166.66,3,560035,Sarjapur Road,Bangalore
SHP003883,M001,ORD000702,Shiprocket,delivered,1,no,80.32,5,560008,Ulsoor,Bangalore
SHP003884,M001,ORD004345,BlueDart,delivered,2,no,56.48,5,560098,RR Nagar,Bangalore
SHP003885,M001,ORD004962,Delhivery,delivered,1,no,59.96,5,560085,Banashankari,Bangalore
SHP003886,M001,ORD003986,BlueDart,in_transit,1,no,208.25,3,560064,Yelahanka,Bangalore
SHP003887,M001,ORD000788,Xpressbees,failed_delivery,1,no,118.89,3,560066,Whitefield,Bangalore
SHP003888,M001,ORD003596,Ecom Express,in_transit,2,no,132.44,1,560100,Electronic City,Bangalore
SHP003889,M001,ORD002894,Delhivery,delivered,2,no,85.49,5,560017,Old Airport Road,Bangalore
SHP003890,M001,ORD004883,Ecom Express,in_transit,2,no,146.69,4,560036,KR Puram,Bangalore
SHP003891,M001,ORD003933,Shiprocket,delivered,1,no,68.75,2,560017,Old Airport Road,Bangalore
SHP003892,M001,ORD003657,Delhivery,delivered,1,no,94.01,3,560037,Marathahalli,Bangalore
SHP003893,M001,ORD002122,Shiprocket,in_transit,1,no,153.09,4,560058,Peenya,Bangalore
SHP003894,M001,ORD002229,Ecom Express,delivered,2,no,172.38,5,560100,Electronic City,Bangalore
SHP003895,M001,ORD003803,Xpressbees,delivered,2,no,122.37,1,560100,Electronic City,Bangalore
SHP003896,M001,ORD001974,Ecom Express,delivered,2,no,128.03,5,560098,RR Nagar,Bangalore
SHP003897,M001,ORD000167,Shiprocket,delivered,1,no,125.19,2,560066,Whitefield,Bangalore
SHP003898,M001,ORD004216,Ecom Express,failed_delivery,1,no,69.2,7,560102,HSR Layout,Bangalore
SHP003899,M001,ORD003203,Xpressbees,failed_delivery,2,no,102.38,4,560066,Whitefield,Bangalore
SHP003900,M001,ORD000980,BlueDart,delivered,2,no,55.54,1,560037,Marathahalli,Bangalore
SHP003901,M001,ORD003383,Delhivery,delivered,1,no,106.93,5,560037,Marathahalli,Bangalore
SHP003902,M001,ORD001789,Delhivery,in_transit,3,no,127.73,4,560038,Indiranagar,Bangalore
SHP003903,M001,ORD000090,Xpressbees,delivered,1,no,112.01,2,560060,Kengeri,Bangalore
SHP003904,M001,ORD002982,Ecom Express,failed_delivery,2,no,127.7,9,560098,RR Nagar,Bangalore
SHP003905,M001,ORD000813,BlueDart,delivered,1,no,149.71,3,560008,Ulsoor,Bangalore
SHP003906,M001,ORD000548,Ecom Express,delivered,1,no,80.5,4,560037,Brookefield,Bangalore
SHP003907,M001,ORD000836,Delhivery,delivered,1,no,128.98,3,560001,MG Road,Bangalore
SHP003908,M001,ORD001642,BlueDart,in_transit,3,no,149.98,4,560085,Banashankari,Bangalore
SHP003909,M001,ORD001441,Ecom Express,delivered,1,no,52.0,2,560078,JP Nagar,Bangalore
SHP003910,M001,ORD004109,Shiprocket,delivered,2,no,81.77,1,560076,Bannerghatta Road,Bangalore
SHP003911,M001,ORD001993,BlueDart,rto,2,yes,96.82,5,560102,HSR Layout,Bangalore
SHP003912,M001,ORD001483,BlueDart,delivered,1,no,52.21,4,560004,Basavanagudi,Bangalore
SHP003913,M001,ORD001525,Ecom Express,delivered,1,no,55.65,3,560034,Koramangala,Bangalore
SHP003914,M001,ORD002524,Xpressbees,rto,1,yes,142.8,9,560037,Marathahalli,Bangalore
SHP003915,M001,ORD004378,Delhivery,delivered,1,no,90.27,1,560036,KR Puram,Bangalore
SHP003916,M001,ORD003948,BlueDart,delivered,1,no,88.18,3,560037,Marathahalli,Bangalore
SHP003917,M001,ORD000265,Ecom Express,rto,1,yes,75.17,8,560103,Bellandur,Bangalore
SHP003918,M001,ORD004818,Ecom Express,delivered,2,no,73.74,1,560103,Bellandur,Bangalore
SHP003919,M001,ORD004506,BlueDart,delivered,1,no,113.94,4,560034,Koramangala,Bangalore
SHP003920,M001,ORD002853,Delhivery,rto,2,yes,84.33,8,560103,Bellandur,Bangalore
SHP003921,M001,ORD003415,Xpressbees,delivered,1,no,131.07,5,560102,HSR Layout,Bangalore
SHP003922,M001,ORD003545,Shiprocket,in_transit,1,no,109.08,3,560037,Brookefield,Bangalore
SHP003923,M001,ORD002099,Shiprocket,delivered,1,no,96.03,5,560102,HSR Layout,Bangalore
SHP003924,M001,ORD002431,Shiprocket,in_transit,2,no,90.2,3,560003,Malleshwaram,Bangalore
SHP003925,M001,ORD004807,Delhivery,delivered,3,no,96.17,1,560102,HSR Layout,Bangalore
SHP003926,M001,ORD001247,Delhivery,delivered,1,no,131.04,5,560034,Koramangala,Bangalore
SHP003927,M001,ORD004460,BlueDart,delivered,1,no,51.13,2,560034,Koramangala,Bangalore
SHP003928,M001,ORD003945,BlueDart,delivered,1,no,178.32,4,560100,Electronic City,Bangalore
SHP003929,M001,ORD003367,Xpressbees,delivered,2,no,133.6,2,560037,Marathahalli,Bangalore
SHP003930,M001,ORD002350,BlueDart,delivered,1,no,97.41,2,560048,Mahadevapura,Bangalore
SHP003931,M001,ORD004604,Xpressbees,delivered,2,no,92.72,4,560066,Whitefield,Bangalore
SHP003932,M001,ORD002331,Xpressbees,delivered,2,no,120.26,5,560037,Brookefield,Bangalore
SHP003933,M001,ORD004659,Ecom Express,delivered,1,no,145.64,4,560001,MG Road,Bangalore
SHP003934,M001,ORD002084,Shiprocket,in_transit,1,no,108.72,2,560004,Basavanagudi,Bangalore
SHP003935,M001,ORD001678,Delhivery,in_transit,2,no,144.32,4,560066,Whitefield,Bangalore
SHP003936,M001,ORD001706,Ecom Express,failed_delivery,3,no,63.23,6,560048,Mahadevapura,Bangalore
SHP003937,M001,ORD004598,Ecom Express,failed_delivery,1,no,61.77,9,560034,Koramangala,Bangalore
SHP003938,M001,ORD002165,Delhivery,in_transit,2,no,186.38,4,560100,Electronic City,Bangalore
SHP003939,M001,ORD000159,Xpressbees,delivered,2,no,125.29,5,560102,HSR Layout,Bangalore
SHP003940,M001,ORD001646,BlueDart,delivered,1,no,74.62,3,560102,HSR Layout,Bangalore
SHP003941,M001,ORD002580,Ecom Express,delivered,1,no,55.58,5,560037,Marathahalli,Bangalore
SHP003942,M001,ORD000595,Shiprocket,delivered,1,no,135.77,1,560034,Koramangala,Bangalore
SHP003943,M001,ORD002983,Xpressbees,in_transit,1,no,143.75,1,560098,RR Nagar,Bangalore
SHP003944,M001,ORD001291,Xpressbees,failed_delivery,1,no,143.59,3,560071,Domlur,Bangalore
SHP003945,M001,ORD004426,Shiprocket,delivered,1,no,95.97,1,560078,JP Nagar,Bangalore
SHP003946,M001,ORD004826,Xpressbees,delivered,1,no,55.42,2,560102,HSR Layout,Bangalore
SHP003947,M001,ORD004111,Delhivery,delivered,2,no,50.63,2,560037,Marathahalli,Bangalore
SHP003948,M001,ORD000052,Ecom Express,delivered,1,no,81.85,3,560103,Bellandur,Bangalore
SHP003949,M001,ORD003662,Delhivery,delivered,1,no,120.3,3,560076,BTM Layout,Bangalore
SHP003950,M001,ORD000814,Ecom Express,delivered,2,no,136.55,3,560103,Bellandur,Bangalore
SHP003951,M001,ORD003117,Shiprocket,delivered,1,no,63.78,5,560001,MG Road,Bangalore
SHP003952,M001,ORD002838,Xpressbees,failed_delivery,2,no,98.93,4,560037,Brookefield,Bangalore
SHP003953,M001,ORD002435,Shiprocket,rto,2,yes,68.52,6,560048,Mahadevapura,Bangalore
SHP003954,M001,ORD004550,Ecom Express,in_transit,2,no,186.28,3,560100,Electronic City,Bangalore
SHP003955,M001,ORD003267,Shiprocket,failed_delivery,3,no,85.93,6,560037,Marathahalli,Bangalore
SHP003956,M001,ORD003112,Ecom Express,failed_delivery,2,no,126.47,6,560066,Whitefield,Bangalore
SHP003957,M001,ORD004770,BlueDart,delivered,1,no,190.86,2,560100,Electronic City,Bangalore
SHP003958,M001,ORD003684,BlueDart,delivered,1,no,115.02,1,560066,Whitefield,Bangalore
SHP003959,M001,ORD002645,Shiprocket,rto,3,yes,111.02,9,560017,Old Airport Road,Bangalore
SHP003960,M001,ORD002807,Delhivery,delivered,1,no,49.42,3,560008,Ulsoor,Bangalore
SHP003961,M001,ORD001368,BlueDart,delivered,2,no,56.93,4,560066,Whitefield,Bangalore
SHP003962,M001,ORD001385,Ecom Express,rto,1,yes,51.05,9,560037,Brookefield,Bangalore
SHP003963,M001,ORD000848,Delhivery,delivered,2,no,48.32,4,560102,HSR Layout,Bangalore
SHP003964,M001,ORD004129,BlueDart,delivered,1,no,116.37,5,560010,Rajajinagar,Bangalore
SHP003965,M001,ORD001750,Delhivery,delivered,2,no,134.48,2,560037,Marathahalli,Bangalore
SHP003966,M001,ORD001573,Ecom Express,delivered,1,no,66.04,1,560103,Bellandur,Bangalore
SHP003967,M001,ORD001315,Ecom Express,failed_delivery,2,no,110.56,6,560034,Koramangala,Bangalore
SHP003968,M001,ORD004536,Delhivery,delivered,2,no,84.38,2,560037,Marathahalli,Bangalore
SHP003969,M001,ORD004875,Xpressbees,failed_delivery,3,no,77.61,7,560040,Vijayanagar,Bangalore
SHP003970,M001,ORD004134,Delhivery,delivered,2,no,69.38,1,560024,Hebbal,Bangalore
SHP003971,M001,ORD004122,Ecom Express,failed_delivery,3,no,138.28,7,560037,Brookefield,Bangalore
SHP003972,M001,ORD004228,Xpressbees,failed_delivery,2,no,98.99,3,560024,Hebbal,Bangalore
SHP003973,M001,ORD002104,BlueDart,delivered,1,no,65.91,2,560103,Bellandur,Bangalore
SHP003974,M001,ORD000516,BlueDart,delivered,1,no,130.74,4,560071,Domlur,Bangalore
SHP003975,M001,ORD004300,Ecom Express,rto,2,yes,74.77,4,560010,Rajajinagar,Bangalore
SHP003976,M001,ORD003139,BlueDart,in_transit,1,no,59.97,3,560034,Koramangala,Bangalore
SHP003977,M001,ORD001442,BlueDart,delivered,1,no,128.16,5,560066,Whitefield,Bangalore
SHP003978,M001,ORD003385,BlueDart,rto,1,yes,186.72,6,560064,Yelahanka,Bangalore
SHP003979,M001,ORD001463,Ecom Express,delivered,2,no,84.2,2,560048,Mahadevapura,Bangalore
SHP003980,M001,ORD004728,BlueDart,delivered,1,no,55.2,5,560102,HSR Layout,Bangalore
SHP003981,M001,ORD003808,BlueDart,delivered,1,no,86.01,1,560017,Old Airport Road,Bangalore
SHP003982,M001,ORD001781,BlueDart,rto,2,yes,124.24,4,560100,Electronic City,Bangalore
SHP003983,M001,ORD001645,Xpressbees,delivered,1,no,146.79,1,560100,Electronic City,Bangalore
SHP003984,M001,ORD003919,Ecom Express,delivered,1,no,133.06,3,560085,Banashankari,Bangalore
SHP003985,M001,ORD003868,Ecom Express,delivered,2,no,84.04,5,560034,Koramangala,Bangalore
SHP003986,M001,ORD001233,Xpressbees,delivered,1,no,113.2,3,560003,Malleshwaram,Bangalore
SHP003987,M001,ORD003151,Delhivery,rto,2,yes,116.76,7,560035,Sarjapur Road,Bangalore
SHP003988,M001,ORD004842,Ecom Express,failed_delivery,1,no,106.52,3,560038,Indiranagar,Bangalore
SHP003989,M001,ORD000994,Xpressbees,delivered,2,no,65.33,5,560066,Whitefield,Bangalore
SHP003990,M001,ORD001949,Shiprocket,delivered,1,no,115.76,2,560037,Brookefield,Bangalore
SHP003991,M001,ORD002650,Delhivery,delivered,1,no,142.18,3,560100,Electronic City,Bangalore
SHP003992,M001,ORD004417,Delhivery,delivered,2,no,121.56,5,560103,Bellandur,Bangalore
SHP003993,M001,ORD003678,Delhivery,rto,1,yes,109.95,8,560103,Bellandur,Bangalore
SHP003994,M001,ORD001930,Delhivery,in_transit,1,no,187.77,4,560100,Electronic City,Bangalore
SHP003995,M001,ORD000133,BlueDart,delivered,1,no,81.48,4,560066,Whitefield,Bangalore
SHP003996,M001,ORD001133,Xpressbees,rto,1,yes,54.21,8,560048,Mahadevapura,Bangalore
SHP003997,M001,ORD001080,Xpressbees,failed_delivery,1,no,125.62,6,560064,Yelahanka,Bangalore
SHP003998,M001,ORD004114,BlueDart,failed_delivery,1,no,127.95,8,560100,Electronic City,Bangalore
SHP003999,M001,ORD004174,Ecom Express,delivered,1,no,141.28,5,560041,Jayanagar,Bangalore
SHP004000,M001,ORD001459,Shiprocket,failed_delivery,1,no,53.29,4,560010,Rajajinagar,Bangalore
SHP004001,M001,ORD009423,Ecom Express,failed_delivery,1,no,129.44,4,560017,Old Airport Road,Bangalore
SHP004002,M001,ORD008296,Ecom Express,delivered,1,no,68.92,4,560004,Basavanagudi,Bangalore
SHP004003,M001,ORD007729,Delhivery,in_transit,1,no,53.16,4,560071,Domlur,Bangalore
SHP004004,M001,ORD009154,Ecom Express,delivered,1,no,53.6,4,560010,Rajajinagar,Bangalore
SHP004005,M001,ORD007363,Xpressbees,delivered,1,no,58.8,1,560102,HSR Layout,Bangalore
SHP004006,M001,ORD006109,Shiprocket,delivered,3,no,57.54,3,560078,JP Nagar,Bangalore
SHP004007,M001,ORD006925,BlueDart,delivered,3,no,68.09,4,560036,KR Puram,Bangalore
SHP004008,M001,ORD007076,Delhivery,delivered,2,no,109.69,2,560001,MG Road,Bangalore
SHP004009,M001,ORD007459,Shiprocket,failed_delivery,2,no,128.25,3,560048,Mahadevapura,Bangalore
SHP004010,M001,ORD008338,Xpressbees,delivered,1,no,180.99,2,560064,Yelahanka,Bangalore
SHP004011,M001,ORD008632,BlueDart,delivered,2,no,134.34,3,560035,Sarjapur Road,Bangalore
SHP004012,M001,ORD006022,BlueDart,rto,1,yes,88.02,9,560037,Marathahalli,Bangalore
SHP004013,M001,ORD006987,BlueDart,rto,3,yes,128.87,3,560008,Ulsoor,Bangalore
SHP004014,M001,ORD005997,Ecom Express,delivered,1,no,137.32,4,560037,Marathahalli,Bangalore
SHP004015,M001,ORD008642,Ecom Express,delivered,3,no,197.27,4,560100,Electronic City,Bangalore
SHP004016,M001,ORD008252,Xpressbees,in_transit,3,no,124.25,3,560100,Electronic City,Bangalore
SHP004017,M001,ORD008929,BlueDart,in_transit,1,no,88.48,2,560017,Old Airport Road,Bangalore
SHP004018,M001,ORD006501,Delhivery,delivered,2,no,63.85,2,560008,Ulsoor,Bangalore
SHP004019,M001,ORD007237,Shiprocket,delivered,1,no,133.24,3,560064,Jakkur,Bangalore
SHP004020,M001,ORD005313,Xpressbees,delivered,1,no,130.36,2,560035,Sarjapur Road,Bangalore
SHP004021,M001,ORD005982,Shiprocket,rto,3,yes,58.78,9,560037,Marathahalli,Bangalore
SHP004022,M001,ORD005105,Ecom Express,in_transit,1,no,128.01,1,560071,Domlur,Bangalore
SHP004023,M001,ORD007069,Delhivery,delivered,1,no,91.51,1,560102,HSR Layout,Bangalore
SHP004024,M001,ORD009016,Ecom Express,delivered,1,no,200.0,2,560100,Electronic City,Bangalore
SHP004025,M001,ORD008096,Xpressbees,delivered,1,no,138.38,2,560071,Domlur,Bangalore
SHP004026,M001,ORD007483,Ecom Express,delivered,1,no,85.87,4,560036,KR Puram,Bangalore
SHP004027,M001,ORD005746,Xpressbees,delivered,1,no,132.87,1,560066,Whitefield,Bangalore
SHP004028,M001,ORD006047,Shiprocket,delivered,2,no,133.42,5,560100,Electronic City,Bangalore
SHP004029,M001,ORD005217,Xpressbees,delivered,1,no,46.15,4,560103,Bellandur,Bangalore
SHP004030,M001,ORD007495,Ecom Express,delivered,1,no,128.16,2,560034,Koramangala,Bangalore
SHP004031,M001,ORD007935,Shiprocket,in_transit,1,no,183.3,1,560035,Sarjapur Road,Bangalore
SHP004032,M001,ORD006805,Xpressbees,delivered,1,no,68.43,3,560066,Whitefield,Bangalore
SHP004033,M001,ORD008210,Xpressbees,failed_delivery,3,no,122.74,9,560103,Bellandur,Bangalore
SHP004034,M001,ORD009771,Delhivery,delivered,2,no,56.47,1,560034,Koramangala,Bangalore
SHP004035,M001,ORD005429,BlueDart,delivered,1,no,57.44,3,560017,Old Airport Road,Bangalore
SHP004036,M001,ORD006658,Ecom Express,rto,2,yes,93.64,7,560038,Indiranagar,Bangalore
SHP004037,M001,ORD007439,Delhivery,delivered,1,no,99.11,2,560035,Sarjapur Road,Bangalore
SHP004038,M001,ORD006019,Delhivery,delivered,1,no,86.49,5,560103,Bellandur,Bangalore
SHP004039,M001,ORD005778,Xpressbees,delivered,2,no,80.72,3,560037,Marathahalli,Bangalore
SHP004040,M001,ORD006785,Ecom Express,delivered,1,no,110.04,3,560037,Marathahalli,Bangalore
SHP004041,M001,ORD008289,Ecom Express,delivered,1,no,101.15,2,560103,Bellandur,Bangalore
SHP004042,M001,ORD008769,Ecom Express,delivered,1,no,132.4,2,560060,Kengeri,Bangalore
SHP004043,M001,ORD005930,Xpressbees,delivered,1,no,94.79,2,560048,Mahadevapura,Bangalore
SHP004044,M001,ORD007947,BlueDart,delivered,2,no,57.29,1,560037,Brookefield,Bangalore
SHP004045,M001,ORD005038,Delhivery,delivered,1,no,59.04,2,560017,Old Airport Road,Bangalore
SHP004046,M001,ORD008137,BlueDart,delivered,1,no,113.12,5,560076,Bannerghatta Road,Bangalore
SHP004047,M001,ORD005221,Ecom Express,rto,3,yes,100.09,5,560102,HSR Layout,Bangalore
SHP004048,M001,ORD008458,BlueDart,delivered,1,no,147.67,1,560034,Koramangala,Bangalore
SHP004049,M001,ORD009715,BlueDart,delivered,1,no,45.9,2,560103,Bellandur,Bangalore
SHP004050,M001,ORD008118,Ecom Express,delivered,2,no,117.56,5,560102,HSR Layout,Bangalore
SHP004051,M001,ORD007856,Delhivery,rto,2,yes,78.07,7,560064,Jakkur,Bangalore
SHP004052,M001,ORD006548,Shiprocket,failed_delivery,3,no,130.54,7,560100,Electronic City,Bangalore
SHP004053,M001,ORD008803,Ecom Express,delivered,1,no,122.65,3,560048,Mahadevapura,Bangalore
SHP004054,M001,ORD005581,Ecom Express,delivered,1,no,47.27,1,560102,HSR Layout,Bangalore
SHP004055,M001,ORD008540,BlueDart,in_transit,1,no,143.44,2,560071,Domlur,Bangalore
SHP004056,M001,ORD009882,Delhivery,failed_delivery,3,no,82.92,5,560034,Koramangala,Bangalore
SHP004057,M001,ORD009877,Delhivery,delivered,1,no,92.68,5,560071,Domlur,Bangalore
SHP004058,M001,ORD005586,BlueDart,rto,2,yes,171.02,6,560100,Electronic City,Bangalore
SHP004059,M001,ORD009282,Delhivery,failed_delivery,2,no,191.05,5,560100,Electronic City,Bangalore
SHP004060,M001,ORD007796,Shiprocket,delivered,1,no,75.07,2,560036,KR Puram,Bangalore
SHP004061,M001,ORD009899,Ecom Express,failed_delivery,2,no,116.43,3,560102,HSR Layout,Bangalore
SHP004062,M001,ORD007088,Delhivery,delivered,2,no,90.62,2,560035,Sarjapur Road,Bangalore
SHP004063,M001,ORD009427,Ecom Express,delivered,2,no,89.73,3,560034,Koramangala,Bangalore
SHP004064,M001,ORD006740,BlueDart,delivered,2,no,132.73,2,560036,KR Puram,Bangalore
SHP004065,M001,ORD009698,BlueDart,in_transit,2,no,55.33,1,560066,Whitefield,Bangalore
SHP004066,M001,ORD008835,Ecom Express,rto,2,yes,122.28,5,560034,Koramangala,Bangalore
SHP004067,M001,ORD005144,Delhivery,delivered,2,no,139.68,3,560103,Bellandur,Bangalore
SHP004068,M001,ORD005599,BlueDart,rto,2,yes,134.47,6,560035,Sarjapur Road,Bangalore
SHP004069,M001,ORD007537,BlueDart,delivered,1,no,50.2,5,560037,Marathahalli,Bangalore
SHP004070,M001,ORD009938,BlueDart,delivered,1,no,109.24,2,560037,Brookefield,Bangalore
SHP004071,M001,ORD005751,Ecom Express,failed_delivery,2,no,85.39,5,560034,Koramangala,Bangalore
SHP004072,M001,ORD007837,BlueDart,delivered,1,no,131.08,1,560066,Whitefield,Bangalore
SHP004073,M001,ORD008994,Delhivery,delivered,2,no,83.25,5,560036,KR Puram,Bangalore
SHP004074,M001,ORD005218,Shiprocket,delivered,1,no,133.97,5,560037,Brookefield,Bangalore
SHP004075,M001,ORD007330,Ecom Express,delivered,1,no,50.03,3,560038,Indiranagar,Bangalore
SHP004076,M001,ORD006541,BlueDart,delivered,2,no,120.1,5,560008,Ulsoor,Bangalore
SHP004077,M001,ORD007109,Delhivery,delivered,1,no,123.62,1,560100,Electronic City,Bangalore
SHP004078,M001,ORD008747,BlueDart,delivered,1,no,138.7,5,560036,KR Puram,Bangalore
SHP004079,M001,ORD008272,Delhivery,delivered,1,no,128.13,3,560071,Domlur,Bangalore
SHP004080,M001,ORD006378,BlueDart,rto,3,yes,134.99,6,560038,Indiranagar,Bangalore
SHP004081,M001,ORD007661,Delhivery,delivered,1,no,189.7,4,560100,Electronic City,Bangalore
SHP004082,M001,ORD007320,Ecom Express,delivered,1,no,97.81,5,560003,Malleshwaram,Bangalore
SHP004083,M001,ORD009268,BlueDart,delivered,1,no,130.3,4,560034,Koramangala,Bangalore
SHP004084,M001,ORD006838,Xpressbees,failed_delivery,2,no,51.32,9,560066,Whitefield,Bangalore
SHP004085,M001,ORD006086,Xpressbees,delivered,1,no,100.37,1,560008,Ulsoor,Bangalore
SHP004086,M001,ORD007676,Xpressbees,delivered,1,no,121.21,3,560037,Marathahalli,Bangalore
SHP004087,M001,ORD008539,Ecom Express,delivered,1,no,88.38,4,560102,HSR Layout,Bangalore
SHP004088,M001,ORD007054,Xpressbees,delivered,1,no,129.57,2,560071,Domlur,Bangalore
SHP004089,M001,ORD007971,Shiprocket,delivered,1,no,112.56,5,560102,HSR Layout,Bangalore
SHP004090,M001,ORD006323,Delhivery,delivered,1,no,118.8,5,560071,Domlur,Bangalore
SHP004091,M001,ORD005616,Shiprocket,delivered,2,no,77.48,2,560076,BTM Layout,Bangalore
SHP004092,M001,ORD006195,Xpressbees,delivered,1,no,60.35,1,560102,HSR Layout,Bangalore
SHP004093,M001,ORD008972,Ecom Express,delivered,1,no,136.56,4,560078,JP Nagar,Bangalore
SHP004094,M001,ORD006033,Ecom Express,in_transit,1,no,58.05,4,560037,Brookefield,Bangalore
SHP004095,M001,ORD007432,Shiprocket,failed_delivery,1,no,78.66,3,560034,Koramangala,Bangalore
SHP004096,M001,ORD008412,Delhivery,delivered,2,no,144.84,5,560102,HSR Layout,Bangalore
SHP004097,M001,ORD007658,Shiprocket,delivered,2,no,139.44,1,560004,Basavanagudi,Bangalore
SHP004098,M001,ORD009591,Xpressbees,delivered,2,no,79.06,3,560017,Old Airport Road,Bangalore
SHP004099,M001,ORD006826,Shiprocket,delivered,1,no,83.63,1,560048,Mahadevapura,Bangalore
SHP004100,M001,ORD005823,BlueDart,delivered,2,no,119.89,1,560071,Domlur,Bangalore
SHP004101,M001,ORD007940,Ecom Express,delivered,1,no,93.77,3,560037,Brookefield,Bangalore
SHP004102,M001,ORD006283,Shiprocket,delivered,1,no,101.17,2,560102,HSR Layout,Bangalore
SHP004103,M001,ORD005658,BlueDart,delivered,3,no,93.05,3,560103,Bellandur,Bangalore
SHP004104,M001,ORD009528,Ecom Express,delivered,2,no,69.44,4,560048,Mahadevapura,Bangalore
SHP004105,M001,ORD009188,Xpressbees,delivered,1,no,49.05,3,560037,Marathahalli,Bangalore
SHP004106,M001,ORD008142,Ecom Express,delivered,3,no,82.47,1,560037,Brookefield,Bangalore
SHP004107,M001,ORD007786,Shiprocket,delivered,1,no,115.64,4,560100,Electronic City,Bangalore
SHP004108,M001,ORD007538,BlueDart,delivered,1,no,63.68,2,560010,Rajajinagar,Bangalore
SHP004109,M001,ORD007430,Ecom Express,delivered,1,no,118.92,2,560103,Bellandur,Bangalore
SHP004110,M001,ORD006800,Delhivery,delivered,1,no,88.84,5,560102,HSR Layout,Bangalore
SHP004111,M001,ORD009608,Xpressbees,failed_delivery,1,no,139.67,4,560038,Indiranagar,Bangalore
SHP004112,M001,ORD005537,Delhivery,delivered,1,no,86.94,5,560041,Jayanagar,Bangalore
SHP004113,M001,ORD007134,BlueDart,delivered,1,no,59.61,1,560037,Brookefield,Bangalore
SHP004114,M001,ORD006655,Ecom Express,failed_delivery,1,no,146.62,8,560102,HSR Layout,Bangalore
SHP004115,M001,ORD009830,Xpressbees,rto,2,yes,119.39,4,560037,Marathahalli,Bangalore
SHP004116,M001,ORD005682,Xpressbees,failed_delivery,2,no,85.75,9,560034,Koramangala,Bangalore
SHP004117,M001,ORD009628,BlueDart,delivered,1,no,122.84,2,560103,Bellandur,Bangalore
SHP004118,M001,ORD008265,Xpressbees,delivered,1,no,141.3,1,560038,Indiranagar,Bangalore
SHP004119,M001,ORD006452,Ecom Express,delivered,2,no,128.93,3,560041,Jayanagar,Bangalore
SHP004120,M001,ORD009199,Ecom Express,failed_delivery,2,no,117.57,9,560103,Bellandur,Bangalore
SHP004121,M001,ORD006563,BlueDart,failed_delivery,2,no,105.07,4,560037,Brookefield,Bangalore
SHP004122,M001,ORD009854,Delhivery,delivered,1,no,72.09,5,560017,Old Airport Road,Bangalore
SHP004123,M001,ORD006593,Delhivery,rto,2,yes,129.42,3,560100,Electronic City,Bangalore
SHP004124,M001,ORD009389,Ecom Express,rto,2,yes,177.16,8,560060,Kengeri,Bangalore
SHP004125,M001,ORD009023,Delhivery,in_transit,1,no,144.25,3,560008,Ulsoor,Bangalore
SHP004126,M001,ORD007497,Xpressbees,in_transit,1,no,79.6,1,560037,Brookefield,Bangalore
SHP004127,M001,ORD009265,Shiprocket,delivered,1,no,112.35,1,560037,Marathahalli,Bangalore
SHP004128,M001,ORD005550,Shiprocket,delivered,1,no,94.25,4,560024,Hebbal,Bangalore
SHP004129,M001,ORD008170,Delhivery,delivered,1,no,46.08,4,560066,Whitefield,Bangalore
SHP004130,M001,ORD007811,BlueDart,delivered,1,no,141.39,5,560098,RR Nagar,Bangalore
SHP004131,M001,ORD007285,BlueDart,delivered,1,no,95.38,1,560035,Sarjapur Road,Bangalore
SHP004132,M001,ORD006531,BlueDart,delivered,1,no,49.19,3,560037,Brookefield,Bangalore
SHP004133,M001,ORD009416,Xpressbees,in_transit,1,no,97.95,4,560064,Jakkur,Bangalore
SHP004134,M001,ORD005686,Shiprocket,rto,1,yes,94.99,7,560004,Basavanagudi,Bangalore
SHP004135,M001,ORD007387,Xpressbees,delivered,1,no,100.13,5,560037,Brookefield,Bangalore
SHP004136,M001,ORD005747,Ecom Express,delivered,1,no,111.19,1,560024,Hebbal,Bangalore
SHP004137,M001,ORD008255,Ecom Express,failed_delivery,1,no,118.48,7,560034,Koramangala,Bangalore
SHP004138,M001,ORD008777,Ecom Express,in_transit,1,no,93.79,2,560037,Brookefield,Bangalore
SHP004139,M001,ORD007472,BlueDart,delivered,1,no,61.62,2,560103,Bellandur,Bangalore
SHP004140,M001,ORD009277,Xpressbees,delivered,2,no,136.47,3,560066,Whitefield,Bangalore
SHP004141,M001,ORD008841,Shiprocket,delivered,1,no,68.09,5,560066,Whitefield,Bangalore
SHP004142,M001,ORD008779,BlueDart,in_transit,1,no,72.54,2,560098,RR Nagar,Bangalore
SHP004143,M001,ORD006151,BlueDart,delivered,2,no,162.64,3,560035,Sarjapur Road,Bangalore
SHP004144,M001,ORD005606,Delhivery,delivered,1,no,126.39,2,560076,Bannerghatta Road,Bangalore
SHP004145,M001,ORD008580,Ecom Express,delivered,1,no,196.13,3,560064,Yelahanka,Bangalore
SHP004146,M001,ORD006377,Ecom Express,rto,2,yes,145.99,9,560103,Bellandur,Bangalore
SHP004147,M001,ORD007319,Delhivery,delivered,1,no,86.65,3,560008,Ulsoor,Bangalore
SHP004148,M001,ORD007143,Delhivery,delivered,2,no,133.7,4,560100,Electronic City,Bangalore
SHP004149,M001,ORD008438,BlueDart,delivered,1,no,51.13,5,560102,HSR Layout,Bangalore
SHP004150,M001,ORD007511,Delhivery,delivered,1,no,174.88,4,560058,Peenya,Bangalore
SHP004151,M001,ORD009293,Xpressbees,failed_delivery,3,no,122.71,7,560037,Marathahalli,Bangalore
SHP004152,M001,ORD007153,BlueDart,delivered,1,no,189.36,3,560035,Sarjapur Road,Bangalore
SHP004153,M001,ORD005081,Ecom Express,delivered,1,no,71.62,3,560017,Old Airport Road,Bangalore
SHP004154,M001,ORD005310,BlueDart,delivered,1,no,126.06,5,560071,Domlur,Bangalore
SHP004155,M001,ORD006122,Ecom Express,rto,3,yes,50.85,3,560037,Marathahalli,Bangalore
SHP004156,M001,ORD007351,Ecom Express,rto,1,yes,135.49,8,560035,Sarjapur Road,Bangalore
SHP004157,M001,ORD005357,BlueDart,delivered,1,no,78.06,4,560103,Bellandur,Bangalore
SHP004158,M001,ORD008431,BlueDart,delivered,1,no,55.54,2,560103,Bellandur,Bangalore
SHP004159,M001,ORD008932,Xpressbees,delivered,3,no,58.63,2,560036,KR Puram,Bangalore
SHP004160,M001,ORD005494,Shiprocket,delivered,1,no,118.7,1,560066,Whitefield,Bangalore
SHP004161,M001,ORD009162,BlueDart,delivered,1,no,180.24,4,560100,Electronic City,Bangalore
SHP004162,M001,ORD009908,Delhivery,in_transit,1,no,47.26,3,560037,Brookefield,Bangalore
SHP004163,M001,ORD009104,BlueDart,failed_delivery,3,no,131.31,5,560076,BTM Layout,Bangalore
SHP004164,M001,ORD006648,Delhivery,delivered,1,no,96.71,4,560034,Koramangala,Bangalore
SHP004165,M001,ORD006963,Ecom Express,in_transit,1,no,103.23,3,560035,Sarjapur Road,Bangalore
SHP004166,M001,ORD007338,Delhivery,delivered,3,no,97.32,4,560048,Mahadevapura,Bangalore
SHP004167,M001,ORD009624,Ecom Express,failed_delivery,2,no,94.62,4,560100,Electronic City,Bangalore
SHP004168,M001,ORD005547,Ecom Express,failed_delivery,2,no,86.68,7,560066,Whitefield,Bangalore
SHP004169,M001,ORD006242,Ecom Express,delivered,1,no,141.35,4,560035,Sarjapur Road,Bangalore
SHP004170,M001,ORD006707,Ecom Express,delivered,2,no,104.06,3,560036,KR Puram,Bangalore
SHP004171,M001,ORD008906,Ecom Express,rto,3,yes,200.03,5,560060,Kengeri,Bangalore
SHP004172,M001,ORD007693,Delhivery,delivered,3,no,64.77,4,560037,Brookefield,Bangalore
SHP004173,M001,ORD008579,Delhivery,delivered,1,no,139.7,2,560064,Jakkur,Bangalore
SHP004174,M001,ORD007489,Ecom Express,delivered,1,no,52.05,4,560103,Bellandur,Bangalore
SHP004175,M001,ORD005773,Xpressbees,delivered,1,no,75.93,2,560076,BTM Layout,Bangalore
SHP004176,M001,ORD006373,Ecom Express,delivered,1,no,120.21,4,560100,Electronic City,Bangalore
SHP004177,M001,ORD005588,BlueDart,delivered,1,no,60.61,4,560037,Marathahalli,Bangalore
SHP004178,M001,ORD005247,BlueDart,delivered,1,no,127.77,3,560100,Electronic City,Bangalore
SHP004179,M001,ORD009635,BlueDart,rto,3,yes,137.58,9,560034,Koramangala,Bangalore
SHP004180,M001,ORD006105,BlueDart,failed_delivery,3,no,100.26,4,560034,Koramangala,Bangalore
SHP004181,M001,ORD007775,Delhivery,delivered,2,no,69.71,2,560037,Marathahalli,Bangalore
SHP004182,M001,ORD008559,Ecom Express,delivered,1,no,64.28,4,560017,Old Airport Road,Bangalore
SHP004183,M001,ORD005801,Delhivery,failed_delivery,3,no,140.66,8,560100,Electronic City,Bangalore
SHP004184,M001,ORD008067,Delhivery,delivered,1,no,125.23,5,560100,Electronic City,Bangalore
SHP004185,M001,ORD006176,Xpressbees,failed_delivery,3,no,160.79,5,560064,Yelahanka,Bangalore
SHP004186,M001,ORD005992,Ecom Express,delivered,2,no,147.29,4,560103,Bellandur,Bangalore
SHP004187,M001,ORD009395,Xpressbees,delivered,2,no,110.44,1,560066,Whitefield,Bangalore
SHP004188,M001,ORD006887,Xpressbees,in_transit,2,no,58.1,2,560048,Mahadevapura,Bangalore
SHP004189,M001,ORD007719,Ecom Express,delivered,2,no,87.26,4,560085,Banashankari,Bangalore
SHP004190,M001,ORD007524,Delhivery,delivered,1,no,70.2,2,560037,Marathahalli,Bangalore
SHP004191,M001,ORD008071,Shiprocket,delivered,1,no,133.41,4,560008,Ulsoor,Bangalore
SHP004192,M001,ORD005488,Delhivery,failed_delivery,3,no,128.44,3,560017,Old Airport Road,Bangalore
SHP004193,M001,ORD007401,Ecom Express,failed_delivery,3,no,114.87,9,560100,Electronic City,Bangalore
SHP004194,M001,ORD006787,Delhivery,failed_delivery,2,no,81.8,8,560102,HSR Layout,Bangalore
SHP004195,M001,ORD005219,Delhivery,failed_delivery,1,no,153.43,6,560100,Electronic City,Bangalore
SHP004196,M001,ORD006054,Xpressbees,in_transit,1,no,141.29,1,560040,Vijayanagar,Bangalore
SHP004197,M001,ORD006654,Xpressbees,delivered,1,no,128.52,3,560048,Mahadevapura,Bangalore
SHP004198,M001,ORD007029,Xpressbees,delivered,1,no,96.24,3,560066,Whitefield,Bangalore
SHP004199,M001,ORD005206,BlueDart,delivered,1,no,56.48,5,560010,Rajajinagar,Bangalore
SHP004200,M001,ORD007609,Ecom Express,failed_delivery,1,no,93.53,6,560038,Indiranagar,Bangalore
SHP004201,M001,ORD007502,Xpressbees,delivered,2,no,143.1,5,560037,Brookefield,Bangalore
SHP004202,M001,ORD007528,Xpressbees,delivered,1,no,121.1,2,560037,Marathahalli,Bangalore
SHP004203,M001,ORD007394,Shiprocket,delivered,1,no,119.17,1,560048,Mahadevapura,Bangalore
SHP004204,M001,ORD008697,Xpressbees,failed_delivery,3,no,130.85,3,560035,Sarjapur Road,Bangalore
SHP004205,M001,ORD008792,Ecom Express,in_transit,1,no,131.84,2,560103,Bellandur,Bangalore
SHP004206,M001,ORD009739,Xpressbees,failed_delivery,3,no,116.83,4,560001,MG Road,Bangalore
SHP004207,M001,ORD008274,Delhivery,delivered,1,no,57.39,2,560041,Jayanagar,Bangalore
SHP004208,M001,ORD005743,BlueDart,in_transit,1,no,116.85,3,560034,Koramangala,Bangalore
SHP004209,M001,ORD006981,Ecom Express,delivered,1,no,102.35,1,560003,Malleshwaram,Bangalore
SHP004210,M001,ORD006574,Xpressbees,delivered,1,no,137.58,3,560017,Old Airport Road,Bangalore
SHP004211,M001,ORD005939,Shiprocket,delivered,1,no,192.5,2,560100,Electronic City,Bangalore
SHP004212,M001,ORD009081,Delhivery,rto,3,yes,46.05,5,560078,JP Nagar,Bangalore
SHP004213,M001,ORD009896,Xpressbees,delivered,1,no,143.07,2,560001,MG Road,Bangalore
SHP004214,M001,ORD009663,Delhivery,delivered,3,no,206.08,2,560100,Electronic City,Bangalore
SHP004215,M001,ORD005384,Shiprocket,delivered,1,no,99.31,4,560048,Mahadevapura,Bangalore
SHP004216,M001,ORD005563,Xpressbees,delivered,2,no,68.1,1,560010,Rajajinagar,Bangalore
SHP004217,M001,ORD008024,BlueDart,delivered,1,no,168.07,2,560100,Electronic City,Bangalore
SHP004218,M001,ORD005090,Xpressbees,delivered,1,no,120.9,5,560103,Bellandur,Bangalore
SHP004219,M001,ORD006108,Ecom Express,delivered,1,no,140.04,2,560066,Whitefield,Bangalore
SHP004220,M001,ORD008337,Xpressbees,delivered,1,no,94.74,3,560034,Koramangala,Bangalore
SHP004221,M001,ORD006246,BlueDart,rto,1,yes,50.88,8,560037,Marathahalli,Bangalore
SHP004222,M001,ORD007975,Xpressbees,delivered,1,no,143.18,5,560038,Indiranagar,Bangalore
SHP004223,M001,ORD006219,Ecom Express,delivered,1,no,101.94,4,560066,Whitefield,Bangalore
SHP004224,M001,ORD007540,Shiprocket,delivered,1,no,137.68,3,560035,Sarjapur Road,Bangalore
SHP004225,M001,ORD007450,Xpressbees,failed_delivery,2,no,108.86,4,560102,HSR Layout,Bangalore
SHP004226,M001,ORD005637,Xpressbees,failed_delivery,1,no,67.9,6,560066,Whitefield,Bangalore
SHP004227,M001,ORD006021,Shiprocket,delivered,3,no,108.19,5,560076,BTM Layout,Bangalore
SHP004228,M001,ORD008222,Delhivery,rto,3,yes,55.38,3,560001,MG Road,Bangalore
SHP004229,M001,ORD008480,Ecom Express,in_transit,1,no,89.4,2,560003,Malleshwaram,Bangalore
SHP004230,M001,ORD008347,Shiprocket,in_transit,1,no,141.6,3,560048,Mahadevapura,Bangalore
SHP004231,M001,ORD009094,Xpressbees,delivered,2,no,98.11,4,560103,Bellandur,Bangalore
SHP004232,M001,ORD006685,BlueDart,in_transit,2,no,132.22,1,560100,Electronic City,Bangalore
SHP004233,M001,ORD009687,BlueDart,delivered,1,no,199.47,4,560035,Sarjapur Road,Bangalore
SHP004234,M001,ORD007199,BlueDart,delivered,1,no,65.17,1,560071,Domlur,Bangalore
SHP004235,M001,ORD009262,Xpressbees,rto,3,yes,79.36,3,560078,JP Nagar,Bangalore
SHP004236,M001,ORD009881,Shiprocket,delivered,3,no,115.57,1,560076,Bannerghatta Road,Bangalore
SHP004237,M001,ORD005760,Delhivery,rto,3,yes,138.92,5,560035,Sarjapur Road,Bangalore
SHP004238,M001,ORD008277,Ecom Express,failed_delivery,3,no,55.77,8,560048,Mahadevapura,Bangalore
SHP004239,M001,ORD009397,Shiprocket,delivered,1,no,120.17,4,560076,Bannerghatta Road,Bangalore
SHP004240,M001,ORD009130,Ecom Express,delivered,1,no,52.29,1,560034,Koramangala,Bangalore
SHP004241,M001,ORD006212,Xpressbees,delivered,2,no,110.61,3,560037,Brookefield,Bangalore
SHP004242,M001,ORD008177,Ecom Express,delivered,1,no,127.61,1,560066,Whitefield,Bangalore
SHP004243,M001,ORD005651,Delhivery,delivered,2,no,101.16,1,560071,Domlur,Bangalore
SHP004244,M001,ORD007866,Ecom Express,rto,1,yes,151.33,3,560035,Sarjapur Road,Bangalore
SHP004245,M001,ORD008250,BlueDart,in_transit,1,no,51.91,3,560076,BTM Layout,Bangalore
SHP004246,M001,ORD009439,Xpressbees,delivered,1,no,75.83,4,560024,Hebbal,Bangalore
SHP004247,M001,ORD008833,BlueDart,rto,3,yes,104.13,7,560034,Koramangala,Bangalore
SHP004248,M001,ORD009524,Ecom Express,delivered,1,no,61.61,2,560008,Ulsoor,Bangalore
SHP004249,M001,ORD006916,Delhivery,delivered,2,no,67.92,1,560066,Whitefield,Bangalore
SHP004250,M001,ORD006394,BlueDart,delivered,2,no,79.99,2,560066,Whitefield,Bangalore
SHP004251,M001,ORD005115,Ecom Express,in_transit,2,no,98.72,3,560103,Bellandur,Bangalore
SHP004252,M001,ORD009111,Xpressbees,rto,3,yes,135.36,4,560035,Sarjapur Road,Bangalore
SHP004253,M001,ORD006288,Shiprocket,delivered,1,no,83.33,1,560066,Whitefield,Bangalore
SHP004254,M001,ORD006136,Shiprocket,in_transit,1,no,148.2,1,560100,Electronic City,Bangalore
SHP004255,M001,ORD005446,Shiprocket,delivered,1,no,46.14,3,560071,Domlur,Bangalore
SHP004256,M001,ORD006010,Ecom Express,delivered,1,no,119.56,1,560098,RR Nagar,Bangalore
SHP004257,M001,ORD008322,Xpressbees,rto,1,yes,103.0,3,560066,Whitefield,Bangalore
SHP004258,M001,ORD006986,BlueDart,delivered,2,no,81.42,2,560066,Whitefield,Bangalore
SHP004259,M001,ORD009119,Delhivery,delivered,1,no,66.8,5,560017,Old Airport Road,Bangalore
SHP004260,M001,ORD009718,Shiprocket,in_transit,1,no,67.79,3,560036,KR Puram,Bangalore
SHP004261,M001,ORD008854,Ecom Express,in_transit,2,no,95.28,2,560100,Electronic City,Bangalore
SHP004262,M001,ORD008601,Ecom Express,delivered,1,no,139.08,2,560037,Brookefield,Bangalore
SHP004263,M001,ORD008426,Shiprocket,delivered,1,no,112.07,4,560100,Electronic City,Bangalore
SHP004264,M001,ORD006949,Shiprocket,in_transit,2,no,131.79,4,560100,Electronic City,Bangalore
SHP004265,M001,ORD007050,Delhivery,delivered,1,no,80.33,1,560064,Jakkur,Bangalore
SHP004266,M001,ORD006467,Shiprocket,failed_delivery,1,no,115.82,5,560100,Electronic City,Bangalore
SHP004267,M001,ORD006686,BlueDart,in_transit,2,no,108.39,2,560085,Banashankari,Bangalore
SHP004268,M001,ORD009087,Ecom Express,delivered,1,no,64.51,3,560066,Whitefield,Bangalore
SHP004269,M001,ORD008214,Delhivery,rto,2,yes,107.43,7,560078,JP Nagar,Bangalore
SHP004270,M001,ORD008182,Xpressbees,failed_delivery,2,no,141.17,7,560040,Vijayanagar,Bangalore
SHP004271,M001,ORD006192,Xpressbees,delivered,1,no,160.46,3,560035,Sarjapur Road,Bangalore
SHP004272,M001,ORD005505,Delhivery,delivered,2,no,181.89,2,560035,Sarjapur Road,Bangalore
SHP004273,M001,ORD008161,BlueDart,delivered,1,no,97.63,4,560036,KR Puram,Bangalore
SHP004274,M001,ORD008759,BlueDart,delivered,1,no,47.22,2,560017,Old Airport Road,Bangalore
SHP004275,M001,ORD007560,Xpressbees,delivered,1,no,94.25,1,560078,JP Nagar,Bangalore
SHP004276,M001,ORD005641,Ecom Express,delivered,1,no,96.56,2,560017,Old Airport Road,Bangalore
SHP004277,M001,ORD007722,BlueDart,delivered,1,no,69.2,1,560037,Marathahalli,Bangalore
SHP004278,M001,ORD007012,Shiprocket,failed_delivery,3,no,70.73,6,560037,Marathahalli,Bangalore
SHP004279,M001,ORD008963,BlueDart,delivered,1,no,49.58,1,560037,Marathahalli,Bangalore
SHP004280,M001,ORD005196,Delhivery,delivered,2,no,96.42,1,560038,Indiranagar,Bangalore
SHP004281,M001,ORD009726,BlueDart,delivered,1,no,143.05,2,560078,JP Nagar,Bangalore
SHP004282,M001,ORD009925,Shiprocket,delivered,2,no,131.45,1,560102,HSR Layout,Bangalore
SHP004283,M001,ORD008839,Xpressbees,delivered,1,no,122.71,1,560035,Sarjapur Road,Bangalore
SHP004284,M001,ORD007860,Ecom Express,delivered,2,no,90.57,4,560071,Domlur,Bangalore
SHP004285,M001,ORD007062,Xpressbees,delivered,2,no,68.43,3,560038,Indiranagar,Bangalore
SHP004286,M001,ORD005003,Delhivery,delivered,1,no,112.93,5,560103,Bellandur,Bangalore
SHP004287,M001,ORD005399,Ecom Express,delivered,1,no,147.96,5,560035,Sarjapur Road,Bangalore
SHP004288,M001,ORD007140,Shiprocket,delivered,2,no,57.59,1,560103,Bellandur,Bangalore
SHP004289,M001,ORD009091,Delhivery,delivered,1,no,188.15,3,560060,Kengeri,Bangalore
SHP004290,M001,ORD007887,Xpressbees,delivered,1,no,117.25,5,560102,HSR Layout,Bangalore
SHP004291,M001,ORD007121,BlueDart,delivered,2,no,91.33,3,560038,Indiranagar,Bangalore
SHP004292,M001,ORD008378,Ecom Express,delivered,2,no,103.29,3,560038,Indiranagar,Bangalore
SHP004293,M001,ORD006405,BlueDart,delivered,1,no,86.53,4,560034,Koramangala,Bangalore
SHP004294,M001,ORD006653,Xpressbees,delivered,1,no,124.65,1,560066,Whitefield,Bangalore
SHP004295,M001,ORD006930,Delhivery,delivered,1,no,114.09,2,560102,HSR Layout,Bangalore
SHP004296,M001,ORD008684,Shiprocket,delivered,1,no,96.72,3,560085,Banashankari,Bangalore
SHP004297,M001,ORD008936,BlueDart,delivered,1,no,127.18,1,560102,HSR Layout,Bangalore
SHP004298,M001,ORD008039,Shiprocket,delivered,2,no,124.98,5,560103,Bellandur,Bangalore
SHP004299,M001,ORD008319,Delhivery,delivered,1,no,155.96,3,560100,Electronic City,Bangalore
SHP004300,M001,ORD006353,Delhivery,delivered,1,no,152.93,1,560035,Sarjapur Road,Bangalore
SHP004301,M001,ORD009155,BlueDart,delivered,1,no,128.75,1,560066,Whitefield,Bangalore
SHP004302,M001,ORD007582,Ecom Express,delivered,1,no,81.06,3,560034,Koramangala,Bangalore
SHP004303,M001,ORD009402,Ecom Express,rto,3,yes,56.56,7,560037,Marathahalli,Bangalore
SHP004304,M001,ORD005934,Delhivery,rto,1,yes,149.86,7,560100,Electronic City,Bangalore
SHP004305,M001,ORD005504,Shiprocket,in_transit,1,no,88.42,1,560040,Vijayanagar,Bangalore
SHP004306,M001,ORD007343,Xpressbees,in_transit,1,no,122.62,2,560102,HSR Layout,Bangalore
SHP004307,M001,ORD005587,Ecom Express,delivered,1,no,81.82,5,560085,Banashankari,Bangalore
SHP004308,M001,ORD009682,Ecom Express,delivered,1,no,96.03,5,560060,Kengeri,Bangalore
SHP004309,M001,ORD007563,Xpressbees,delivered,2,no,130.5,2,560035,Sarjapur Road,Bangalore
SHP004310,M001,ORD008563,Shiprocket,delivered,3,no,121.09,1,560037,Marathahalli,Bangalore
SHP004311,M001,ORD005294,BlueDart,delivered,1,no,94.23,2,560037,Brookefield,Bangalore
SHP004312,M001,ORD009971,Shiprocket,delivered,1,no,49.16,1,560103,Bellandur,Bangalore
SHP004313,M001,ORD005674,Delhivery,delivered,1,no,64.91,1,560102,HSR Layout,Bangalore
SHP004314,M001,ORD006521,Xpressbees,delivered,1,no,121.26,2,560024,Hebbal,Bangalore
SHP004315,M001,ORD008583,Ecom Express,delivered,1,no,121.32,4,560017,Old Airport Road,Bangalore
SHP004316,M001,ORD007638,BlueDart,delivered,1,no,96.32,3,560037,Brookefield,Bangalore
SHP004317,M001,ORD008975,Ecom Express,delivered,1,no,75.31,2,560037,Marathahalli,Bangalore
SHP004318,M001,ORD007568,Xpressbees,delivered,1,no,142.17,4,560036,KR Puram,Bangalore
SHP004319,M001,ORD006188,Xpressbees,failed_delivery,2,no,201.99,8,560100,Electronic City,Bangalore
SHP004320,M001,ORD009928,Ecom Express,delivered,2,no,155.88,3,560100,Electronic City,Bangalore
SHP004321,M001,ORD009845,BlueDart,delivered,2,no,54.03,3,560102,HSR Layout,Bangalore
SHP004322,M001,ORD006503,BlueDart,failed_delivery,3,no,53.05,7,560103,Bellandur,Bangalore
SHP004323,M001,ORD005148,BlueDart,delivered,2,no,66.51,1,560102,HSR Layout,Bangalore
SHP004324,M001,ORD007539,BlueDart,delivered,3,no,68.72,1,560085,Banashankari,Bangalore
SHP004325,M001,ORD005872,Xpressbees,delivered,1,no,65.38,2,560037,Brookefield,Bangalore
SHP004326,M001,ORD007275,Xpressbees,delivered,1,no,67.04,3,560017,Old Airport Road,Bangalore
SHP004327,M001,ORD006713,Xpressbees,delivered,1,no,117.65,1,560103,Bellandur,Bangalore
SHP004328,M001,ORD006953,BlueDart,delivered,1,no,114.08,3,560103,Bellandur,Bangalore
SHP004329,M001,ORD009609,Shiprocket,delivered,1,no,91.02,1,560103,Bellandur,Bangalore
SHP004330,M001,ORD005890,Xpressbees,delivered,1,no,74.0,4,560037,Marathahalli,Bangalore
SHP004331,M001,ORD007915,Shiprocket,delivered,2,no,75.26,2,560071,Domlur,Bangalore
SHP004332,M001,ORD006307,Delhivery,delivered,1,no,83.15,2,560037,Brookefield,Bangalore
SHP004333,M001,ORD008281,BlueDart,delivered,1,no,113.82,2,560038,Indiranagar,Bangalore
SHP004334,M001,ORD006428,Xpressbees,delivered,1,no,82.16,2,560038,Indiranagar,Bangalore
SHP004335,M001,ORD007685,Xpressbees,delivered,1,no,76.39,1,560102,HSR Layout,Bangalore
SHP004336,M001,ORD009611,Ecom Express,delivered,1,no,113.02,4,560034,Koramangala,Bangalore
SHP004337,M001,ORD005151,Xpressbees,delivered,1,no,59.02,5,560008,Ulsoor,Bangalore
SHP004338,M001,ORD009538,Ecom Express,delivered,1,no,127.6,3,560001,MG Road,Bangalore
SHP004339,M001,ORD006455,Ecom Express,delivered,1,no,65.11,1,560103,Bellandur,Bangalore
SHP004340,M001,ORD008708,Ecom Express,delivered,2,no,142.3,4,560038,Indiranagar,Bangalore
SHP004341,M001,ORD006412,Xpressbees,delivered,1,no,120.25,1,560037,Marathahalli,Bangalore
SHP004342,M001,ORD007763,Ecom Express,rto,2,yes,101.83,8,560071,Domlur,Bangalore
SHP004343,M001,ORD006127,BlueDart,delivered,1,no,119.46,2,560037,Marathahalli,Bangalore
SHP004344,M001,ORD008154,BlueDart,delivered,1,no,77.6,4,560102,HSR Layout,Bangalore
SHP004345,M001,ORD008481,Delhivery,in_transit,1,no,144.23,3,560037,Brookefield,Bangalore
SHP004346,M001,ORD005376,BlueDart,delivered,1,no,93.78,2,560003,Malleshwaram,Bangalore
SHP004347,M001,ORD005755,Xpressbees,delivered,1,no,122.86,3,560004,Basavanagudi,Bangalore
SHP004348,M001,ORD009289,Shiprocket,delivered,2,no,55.1,4,560036,KR Puram,Bangalore
SHP004349,M001,ORD007930,Xpressbees,delivered,1,no,76.46,4,560037,Marathahalli,Bangalore
SHP004350,M001,ORD006482,Shiprocket,delivered,1,no,95.53,5,560103,Bellandur,Bangalore
SHP004351,M001,ORD009109,Ecom Express,delivered,1,no,109.25,3,560034,Koramangala,Bangalore
SHP004352,M001,ORD005940,Ecom Express,delivered,1,no,68.06,4,560048,Mahadevapura,Bangalore
SHP004353,M001,ORD006691,BlueDart,failed_delivery,2,no,93.95,9,560036,KR Puram,Bangalore
SHP004354,M001,ORD006210,Ecom Express,delivered,1,no,110.6,5,560102,HSR Layout,Bangalore
SHP004355,M001,ORD007542,Delhivery,delivered,2,no,47.06,4,560078,JP Nagar,Bangalore
SHP004356,M001,ORD008868,Delhivery,rto,1,yes,93.51,8,560085,Banashankari,Bangalore
SHP004357,M001,ORD005506,Delhivery,delivered,2,no,65.65,5,560010,Rajajinagar,Bangalore
SHP004358,M001,ORD007163,Shiprocket,delivered,1,no,99.12,3,560008,Ulsoor,Bangalore
SHP004359,M001,ORD005309,BlueDart,delivered,1,no,112.91,5,560102,HSR Layout,Bangalore
SHP004360,M001,ORD005671,BlueDart,delivered,1,no,110.56,5,560008,Ulsoor,Bangalore
SHP004361,M001,ORD007841,Xpressbees,delivered,2,no,97.41,1,560048,Mahadevapura,Bangalore
SHP004362,M001,ORD006678,BlueDart,delivered,1,no,112.04,4,560017,Old Airport Road,Bangalore
SHP004363,M001,ORD009316,Xpressbees,delivered,3,no,119.23,3,560064,Yelahanka,Bangalore
SHP004364,M001,ORD009733,Delhivery,delivered,1,no,136.21,5,560037,Brookefield,Bangalore
SHP004365,M001,ORD006551,Shiprocket,delivered,1,no,64.61,2,560064,Jakkur,Bangalore
SHP004366,M001,ORD005688,Xpressbees,delivered,3,no,148.63,2,560041,Jayanagar,Bangalore
SHP004367,M001,ORD008273,Shiprocket,delivered,2,no,73.19,5,560102,HSR Layout,Bangalore
SHP004368,M001,ORD005983,Delhivery,delivered,1,no,84.19,5,560037,Marathahalli,Bangalore
SHP004369,M001,ORD005207,Xpressbees,delivered,1,no,62.81,3,560048,Mahadevapura,Bangalore
SHP004370,M001,ORD007165,BlueDart,delivered,1,no,108.66,2,560066,Whitefield,Bangalore
SHP004371,M001,ORD009306,Shiprocket,failed_delivery,1,no,133.65,3,560100,Electronic City,Bangalore
SHP004372,M001,ORD006889,Shiprocket,delivered,2,no,126.64,3,560038,Indiranagar,Bangalore
SHP004373,M001,ORD008901,Delhivery,in_transit,1,no,112.29,1,560102,HSR Layout,Bangalore
SHP004374,M001,ORD007337,Xpressbees,delivered,1,no,67.83,3,560008,Ulsoor,Bangalore
SHP004375,M001,ORD008984,Delhivery,delivered,1,no,113.89,4,560003,Malleshwaram,Bangalore
SHP004376,M001,ORD009691,Xpressbees,delivered,2,no,131.39,2,560008,Ulsoor,Bangalore
SHP004377,M001,ORD007381,Xpressbees,delivered,1,no,47.63,2,560008,Ulsoor,Bangalore
SHP004378,M001,ORD006345,Xpressbees,delivered,2,no,51.41,5,560037,Brookefield,Bangalore
SHP004379,M001,ORD008920,Ecom Express,delivered,1,no,61.78,5,560076,Bannerghatta Road,Bangalore
SHP004380,M001,ORD009998,Delhivery,delivered,1,no,141.57,3,560038,Indiranagar,Bangalore
SHP004381,M001,ORD009923,Ecom Express,delivered,2,no,55.96,5,560037,Brookefield,Bangalore
SHP004382,M001,ORD009904,BlueDart,delivered,2,no,136.46,1,560017,Old Airport Road,Bangalore
SHP004383,M001,ORD007874,Xpressbees,delivered,1,no,109.05,2,560048,Mahadevapura,Bangalore
SHP004384,M001,ORD009274,Shiprocket,delivered,2,no,48.54,1,560103,Bellandur,Bangalore
SHP004385,M001,ORD006130,Xpressbees,delivered,1,no,113.48,2,560037,Marathahalli,Bangalore
SHP004386,M001,ORD006298,Shiprocket,failed_delivery,3,no,201.61,8,560100,Electronic City,Bangalore
SHP004387,M001,ORD006234,Ecom Express,delivered,2,no,94.81,5,560103,Bellandur,Bangalore
SHP004388,M001,ORD005530,Xpressbees,delivered,1,no,142.32,4,560100,Electronic City,Bangalore
SHP004389,M001,ORD007670,Ecom Express,delivered,3,no,66.43,1,560078,JP Nagar,Bangalore
SHP004390,M001,ORD009106,Ecom Express,in_transit,1,no,70.01,2,560024,Hebbal,Bangalore
SHP004391,M001,ORD007229,Ecom Express,delivered,1,no,111.58,4,560102,HSR Layout,Bangalore
SHP004392,M001,ORD007822,Delhivery,delivered,3,no,99.84,1,560100,Electronic City,Bangalore
SHP004393,M001,ORD008430,Shiprocket,in_transit,1,no,177.86,2,560100,Electronic City,Bangalore
SHP004394,M001,ORD008980,Ecom Express,failed_delivery,2,no,111.23,4,560066,Whitefield,Bangalore
SHP004395,M001,ORD006395,Ecom Express,failed_delivery,2,no,87.32,7,560102,HSR Layout,Bangalore
SHP004396,M001,ORD007341,Shiprocket,rto,2,yes,122.33,5,560098,RR Nagar,Bangalore
SHP004397,M001,ORD006970,Delhivery,delivered,1,no,69.13,3,560038,Indiranagar,Bangalore
SHP004398,M001,ORD008855,Delhivery,delivered,2,no,100.78,4,560060,Kengeri,Bangalore
SHP004399,M001,ORD005459,Xpressbees,delivered,1,no,136.54,5,560048,Mahadevapura,Bangalore
SHP004400,M001,ORD007197,BlueDart,delivered,2,no,128.59,2,560066,Whitefield,Bangalore
SHP004401,M001,ORD009621,Delhivery,in_transit,1,no,57.35,3,560076,BTM Layout,Bangalore
SHP004402,M001,ORD008951,Delhivery,delivered,2,no,95.77,5,560024,Hebbal,Bangalore
SHP004403,M001,ORD009364,Delhivery,delivered,2,no,61.93,5,560071,Domlur,Bangalore
SHP004404,M001,ORD009127,Shiprocket,rto,2,yes,146.61,5,560008,Ulsoor,Bangalore
SHP004405,M001,ORD006975,Xpressbees,rto,1,yes,105.96,8,560066,Whitefield,Bangalore
SHP004406,M001,ORD006385,BlueDart,in_transit,1,no,143.85,2,560038,Indiranagar,Bangalore
SHP004407,M001,ORD007636,Xpressbees,delivered,2,no,52.58,2,560102,HSR Layout,Bangalore
SHP004408,M001,ORD008545,Ecom Express,delivered,1,no,111.44,5,560010,Rajajinagar,Bangalore
SHP004409,M001,ORD007240,Xpressbees,delivered,2,no,100.7,2,560041,Jayanagar,Bangalore
SHP004410,M001,ORD006804,Delhivery,delivered,1,no,84.33,1,560064,Jakkur,Bangalore
SHP004411,M001,ORD009673,Delhivery,in_transit,1,no,91.2,3,560102,HSR Layout,Bangalore
SHP004412,M001,ORD005938,Delhivery,delivered,1,no,120.89,5,560085,Banashankari,Bangalore
SHP004413,M001,ORD006534,Xpressbees,delivered,1,no,58.02,1,560034,Koramangala,Bangalore
SHP004414,M001,ORD008353,Xpressbees,delivered,2,no,140.25,1,560034,Koramangala,Bangalore
SHP004415,M001,ORD007290,Xpressbees,rto,1,yes,89.98,7,560038,Indiranagar,Bangalore
SHP004416,M001,ORD008300,Ecom Express,delivered,1,no,79.45,4,560003,Malleshwaram,Bangalore
SHP004417,M001,ORD007769,BlueDart,rto,2,yes,85.93,5,560048,Mahadevapura,Bangalore
SHP004418,M001,ORD005101,Shiprocket,failed_delivery,2,no,98.15,7,560103,Bellandur,Bangalore
SHP004419,M001,ORD006861,Delhivery,rto,2,yes,83.52,7,560034,Koramangala,Bangalore
SHP004420,M001,ORD005282,BlueDart,in_transit,1,no,191.02,2,560100,Electronic City,Bangalore
SHP004421,M001,ORD007168,Xpressbees,in_transit,1,no,119.17,3,560100,Electronic City,Bangalore
SHP004422,M001,ORD008089,Xpressbees,failed_delivery,1,no,178.46,7,560035,Sarjapur Road,Bangalore
SHP004423,M001,ORD006587,Xpressbees,rto,2,yes,194.62,5,560035,Sarjapur Road,Bangalore
SHP004424,M001,ORD006243,Delhivery,delivered,1,no,51.01,1,560036,KR Puram,Bangalore
SHP004425,M001,ORD009339,Ecom Express,delivered,3,no,46.92,3,560001,MG Road,Bangalore
SHP004426,M001,ORD007781,Xpressbees,delivered,1,no,73.2,4,560041,Jayanagar,Bangalore
SHP004427,M001,ORD009349,Shiprocket,delivered,1,no,93.04,2,560001,MG Road,Bangalore
SHP004428,M001,ORD007805,Xpressbees,delivered,1,no,137.89,4,560071,Domlur,Bangalore
SHP004429,M001,ORD005850,Delhivery,failed_delivery,1,no,101.85,4,560037,Brookefield,Bangalore
SHP004430,M001,ORD006005,Xpressbees,delivered,2,no,89.56,1,560036,KR Puram,Bangalore
SHP004431,M001,ORD006931,Delhivery,delivered,1,no,141.97,3,560036,KR Puram,Bangalore
SHP004432,M001,ORD008949,BlueDart,failed_delivery,1,no,141.5,7,560066,Whitefield,Bangalore
SHP004433,M001,ORD006860,Delhivery,failed_delivery,2,no,141.0,5,560037,Marathahalli,Bangalore
SHP004434,M001,ORD009213,Ecom Express,delivered,1,no,135.34,5,560017,Old Airport Road,Bangalore
SHP004435,M001,ORD009491,BlueDart,delivered,1,no,58.34,4,560103,Bellandur,Bangalore
SHP004436,M001,ORD005436,BlueDart,delivered,1,no,123.24,4,560035,Sarjapur Road,Bangalore
SHP004437,M001,ORD006619,Shiprocket,delivered,1,no,54.23,5,560038,Indiranagar,Bangalore
SHP004438,M001,ORD006142,BlueDart,delivered,2,no,57.97,3,560037,Brookefield,Bangalore
SHP004439,M001,ORD005089,BlueDart,delivered,1,no,127.44,2,560064,Jakkur,Bangalore
SHP004440,M001,ORD009325,Shiprocket,delivered,1,no,81.95,3,560037,Marathahalli,Bangalore
SHP004441,M001,ORD007549,Ecom Express,delivered,2,no,138.19,3,560076,Bannerghatta Road,Bangalore
SHP004442,M001,ORD006137,Delhivery,delivered,1,no,69.54,1,560103,Bellandur,Bangalore
SHP004443,M001,ORD008413,Ecom Express,delivered,1,no,101.39,3,560040,Vijayanagar,Bangalore
SHP004444,M001,ORD006606,Xpressbees,delivered,1,no,57.03,3,560103,Bellandur,Bangalore
SHP004445,M001,ORD007869,Shiprocket,in_transit,1,no,55.92,2,560038,Indiranagar,Bangalore
SHP004446,M001,ORD006921,Delhivery,delivered,1,no,114.36,5,560017,Old Airport Road,Bangalore
SHP004447,M001,ORD007300,Xpressbees,delivered,1,no,111.41,2,560008,Ulsoor,Bangalore
SHP004448,M001,ORD005333,Shiprocket,delivered,1,no,75.08,4,560037,Marathahalli,Bangalore
SHP004449,M001,ORD005906,BlueDart,rto,1,yes,123.83,7,560048,Mahadevapura,Bangalore
SHP004450,M001,ORD005322,Xpressbees,delivered,1,no,96.4,4,560038,Indiranagar,Bangalore
SHP004451,M001,ORD007587,Ecom Express,delivered,2,no,100.62,1,560102,HSR Layout,Bangalore
SHP004452,M001,ORD005971,Ecom Express,in_transit,1,no,110.59,3,560037,Marathahalli,Bangalore
SHP004453,M001,ORD006592,Ecom Express,delivered,1,no,70.93,4,560103,Bellandur,Bangalore
SHP004454,M001,ORD005175,Shiprocket,delivered,1,no,47.31,4,560064,Jakkur,Bangalore
SHP004455,M001,ORD009177,Ecom Express,in_transit,2,no,45.2,4,560003,Malleshwaram,Bangalore
SHP004456,M001,ORD006090,Delhivery,rto,3,yes,103.09,7,560085,Banashankari,Bangalore
SHP004457,M001,ORD008814,Shiprocket,rto,1,yes,117.52,3,560076,BTM Layout,Bangalore
SHP004458,M001,ORD009190,Xpressbees,in_transit,1,no,76.37,1,560071,Domlur,Bangalore
SHP004459,M001,ORD008549,Delhivery,delivered,1,no,138.4,2,560060,Kengeri,Bangalore
SHP004460,M001,ORD005842,Delhivery,delivered,2,no,66.27,3,560038,Indiranagar,Bangalore
SHP004461,M001,ORD005700,Delhivery,delivered,2,no,119.88,2,560066,Whitefield,Bangalore
SHP004462,M001,ORD008148,Ecom Express,delivered,1,no,102.73,4,560103,Bellandur,Bangalore
SHP004463,M001,ORD008018,Delhivery,delivered,2,no,119.12,5,560102,HSR Layout,Bangalore
SHP004464,M001,ORD008486,Delhivery,in_transit,1,no,83.42,1,560103,Bellandur,Bangalore
SHP004465,M001,ORD008329,Shiprocket,delivered,2,no,110.29,4,560037,Marathahalli,Bangalore
SHP004466,M001,ORD008533,Xpressbees,delivered,2,no,132.35,1,560017,Old Airport Road,Bangalore
SHP004467,M001,ORD007466,BlueDart,delivered,1,no,65.54,1,560071,Domlur,Bangalore
SHP004468,M001,ORD008202,BlueDart,in_transit,1,no,141.86,1,560037,Marathahalli,Bangalore
SHP004469,M001,ORD006576,Shiprocket,rto,3,yes,97.64,4,560048,Mahadevapura,Bangalore
SHP004470,M001,ORD006032,Shiprocket,rto,1,yes,81.37,7,560102,HSR Layout,Bangalore
SHP004471,M001,ORD006560,Ecom Express,in_transit,1,no,134.14,4,560038,Indiranagar,Bangalore
SHP004472,M001,ORD006392,Shiprocket,delivered,1,no,121.05,2,560100,Electronic City,Bangalore
SHP004473,M001,ORD005650,Shiprocket,delivered,1,no,95.48,5,560010,Rajajinagar,Bangalore
SHP004474,M001,ORD008643,Ecom Express,in_transit,1,no,88.07,4,560102,HSR Layout,Bangalore
SHP004475,M001,ORD009488,Delhivery,delivered,1,no,111.78,4,560100,Electronic City,Bangalore
SHP004476,M001,ORD008914,Shiprocket,failed_delivery,2,no,52.38,4,560037,Marathahalli,Bangalore
SHP004477,M001,ORD008686,Xpressbees,delivered,1,no,136.44,2,560037,Marathahalli,Bangalore
SHP004478,M001,ORD006300,BlueDart,delivered,2,no,139.23,2,560103,Bellandur,Bangalore
SHP004479,M001,ORD009659,Shiprocket,delivered,1,no,123.33,2,560100,Electronic City,Bangalore
SHP004480,M001,ORD006280,Xpressbees,rto,2,yes,146.4,8,560035,Sarjapur Road,Bangalore
SHP004481,M001,ORD006304,Ecom Express,rto,3,yes,134.61,3,560100,Electronic City,Bangalore
SHP004482,M001,ORD009205,Xpressbees,in_transit,2,no,91.37,4,560034,Koramangala,Bangalore
SHP004483,M001,ORD009411,Shiprocket,in_transit,2,no,106.96,2,560103,Bellandur,Bangalore
SHP004484,M001,ORD006885,Shiprocket,delivered,2,no,102.99,1,560102,HSR Layout,Bangalore
SHP004485,M001,ORD009972,Delhivery,delivered,1,no,47.44,4,560004,Basavanagudi,Bangalore
SHP004486,M001,ORD009716,Delhivery,delivered,1,no,184.36,4,560100,Electronic City,Bangalore
SHP004487,M001,ORD009655,Delhivery,delivered,2,no,81.62,2,560066,Whitefield,Bangalore
SHP004488,M001,ORD006862,Delhivery,delivered,2,no,142.77,1,560103,Bellandur,Bangalore
SHP004489,M001,ORD008740,BlueDart,delivered,2,no,114.3,4,560064,Jakkur,Bangalore
SHP004490,M001,ORD007907,Delhivery,delivered,1,no,109.51,1,560066,Whitefield,Bangalore
SHP004491,M001,ORD009286,Shiprocket,delivered,1,no,78.93,4,560066,Whitefield,Bangalore
SHP004492,M001,ORD007184,Ecom Express,in_transit,1,no,145.12,2,560038,Indiranagar,Bangalore
SHP004493,M001,ORD008881,BlueDart,delivered,2,no,141.9,2,560038,Indiranagar,Bangalore
SHP004494,M001,ORD006639,Xpressbees,rto,1,yes,82.88,7,560103,Bellandur,Bangalore
SHP004495,M001,ORD007675,Delhivery,delivered,1,no,98.69,3,560010,Rajajinagar,Bangalore
SHP004496,M001,ORD006462,BlueDart,delivered,2,no,79.0,5,560008,Ulsoor,Bangalore
SHP004497,M001,ORD008423,Ecom Express,delivered,1,no,120.97,1,560037,Marathahalli,Bangalore
SHP004498,M001,ORD007226,BlueDart,delivered,2,no,127.01,3,560034,Koramangala,Bangalore
SHP004499,M001,ORD008687,Ecom Express,delivered,1,no,130.4,3,560034,Koramangala,Bangalore
SHP004500,M001,ORD009753,Ecom Express,delivered,1,no,84.79,1,560048,Mahadevapura,Bangalore
SHP004501,M001,ORD005232,Xpressbees,delivered,1,no,68.6,2,560037,Brookefield,Bangalore
SHP004502,M001,ORD008475,Xpressbees,delivered,2,no,133.35,1,560103,Bellandur,Bangalore
SHP004503,M001,ORD006720,Ecom Express,delivered,1,no,74.6,4,560010,Rajajinagar,Bangalore
SHP004504,M001,ORD008589,Xpressbees,failed_delivery,1,no,87.24,6,560103,Bellandur,Bangalore
SHP004505,M001,ORD007389,Xpressbees,delivered,1,no,106.36,5,560103,Bellandur,Bangalore
SHP004506,M001,ORD009965,Shiprocket,delivered,1,no,49.0,1,560038,Indiranagar,Bangalore
SHP004507,M001,ORD006679,Ecom Express,delivered,1,no,124.66,1,560017,Old Airport Road,Bangalore
SHP004508,M001,ORD008883,Delhivery,failed_delivery,1,no,127.66,4,560066,Whitefield,Bangalore
SHP004509,M001,ORD007105,Delhivery,delivered,1,no,107.73,2,560102,HSR Layout,Bangalore
SHP004510,M001,ORD005623,Ecom Express,rto,3,yes,88.87,4,560038,Indiranagar,Bangalore
SHP004511,M001,ORD008523,Shiprocket,rto,2,yes,130.65,3,560066,Whitefield,Bangalore
SHP004512,M001,ORD008869,Shiprocket,delivered,1,no,102.8,1,560100,Electronic City,Bangalore
SHP004513,M001,ORD005536,BlueDart,delivered,3,no,62.9,2,560103,Bellandur,Bangalore
SHP004514,M001,ORD009757,BlueDart,delivered,1,no,69.6,1,560066,Whitefield,Bangalore
SHP004515,M001,ORD007572,Ecom Express,delivered,1,no,52.17,1,560038,Indiranagar,Bangalore
SHP004516,M001,ORD005879,Delhivery,delivered,1,no,51.16,3,560004,Basavanagudi,Bangalore
SHP004517,M001,ORD008122,BlueDart,delivered,1,no,133.05,1,560038,Indiranagar,Bangalore
SHP004518,M001,ORD007455,Delhivery,in_transit,3,no,86.79,3,560058,Peenya,Bangalore
SHP004519,M001,ORD007979,BlueDart,in_transit,1,no,122.9,2,560103,Bellandur,Bangalore
SHP004520,M001,ORD009712,BlueDart,delivered,2,no,65.83,5,560102,HSR Layout,Bangalore
SHP004521,M001,ORD008198,Ecom Express,in_transit,1,no,105.27,2,560100,Electronic City,Bangalore
SHP004522,M001,ORD005665,Ecom Express,rto,2,yes,134.16,6,560103,Bellandur,Bangalore
SHP004523,M001,ORD005123,Shiprocket,delivered,1,no,130.97,2,560066,Whitefield,Bangalore
SHP004524,M001,ORD007720,Delhivery,failed_delivery,1,no,53.99,7,560103,Bellandur,Bangalore
SHP004525,M001,ORD006956,Xpressbees,delivered,1,no,57.96,5,560103,Bellandur,Bangalore
SHP004526,M001,ORD007216,Ecom Express,in_transit,1,no,123.64,4,560038,Indiranagar,Bangalore
SHP004527,M001,ORD008826,Delhivery,delivered,1,no,132.77,2,560037,Marathahalli,Bangalore
SHP004528,M001,ORD006135,BlueDart,delivered,2,no,132.64,1,560037,Brookefield,Bangalore
SHP004529,M001,ORD007082,Delhivery,delivered,2,no,148.88,3,560076,BTM Layout,Bangalore
SHP004530,M001,ORD006790,BlueDart,in_transit,2,no,120.86,4,560100,Electronic City,Bangalore
SHP004531,M001,ORD007758,Delhivery,delivered,2,no,51.84,2,560040,Vijayanagar,Bangalore
SHP004532,M001,ORD007144,Shiprocket,rto,1,yes,77.29,3,560037,Brookefield,Bangalore
SHP004533,M001,ORD008270,Xpressbees,delivered,1,no,48.27,3,560036,KR Puram,Bangalore
SHP004534,M001,ORD008656,Delhivery,in_transit,2,no,128.87,1,560008,Ulsoor,Bangalore
SHP004535,M001,ORD006664,BlueDart,delivered,1,no,121.11,3,560041,Jayanagar,Bangalore
SHP004536,M001,ORD009645,Xpressbees,delivered,1,no,63.11,2,560102,HSR Layout,Bangalore
SHP004537,M001,ORD007390,Delhivery,in_transit,1,no,141.07,3,560103,Bellandur,Bangalore
SHP004538,M001,ORD005030,Xpressbees,delivered,1,no,145.63,3,560102,HSR Layout,Bangalore
SHP004539,M001,ORD008050,Shiprocket,delivered,1,no,121.18,2,560066,Whitefield,Bangalore
SHP004540,M001,ORD005016,Ecom Express,in_transit,2,no,140.92,4,560035,Sarjapur Road,Bangalore
SHP004541,M001,ORD007189,Ecom Express,delivered,3,no,83.61,1,560076,Bannerghatta Road,Bangalore
SHP004542,M001,ORD008180,Delhivery,delivered,3,no,143.65,5,560034,Koramangala,Bangalore
SHP004543,M001,ORD009108,Xpressbees,rto,1,yes,103.8,9,560048,Mahadevapura,Bangalore
SHP004544,M001,ORD007058,Delhivery,delivered,1,no,71.9,2,560017,Old Airport Road,Bangalore
SHP004545,M001,ORD006184,Ecom Express,delivered,1,no,77.26,4,560037,Marathahalli,Bangalore
SHP004546,M001,ORD009797,Ecom Express,rto,1,yes,145.88,3,560066,Whitefield,Bangalore
SHP004547,M001,ORD007085,Delhivery,rto,2,yes,136.96,8,560100,Electronic City,Bangalore
SHP004548,M001,ORD006749,Ecom Express,delivered,1,no,134.76,3,560034,Koramangala,Bangalore
SHP004549,M001,ORD005173,BlueDart,delivered,1,no,127.26,4,560010,Rajajinagar,Bangalore
SHP004550,M001,ORD009186,Shiprocket,delivered,1,no,124.33,1,560017,Old Airport Road,Bangalore
SHP004551,M001,ORD005985,Xpressbees,rto,2,yes,76.26,8,560003,Malleshwaram,Bangalore
SHP004552,M001,ORD007883,Delhivery,delivered,1,no,189.84,3,560035,Sarjapur Road,Bangalore
SHP004553,M001,ORD006057,Delhivery,delivered,3,no,66.53,2,560034,Koramangala,Bangalore
SHP004554,M001,ORD008016,Delhivery,delivered,3,no,148.87,1,560066,Whitefield,Bangalore
SHP004555,M001,ORD009648,Ecom Express,in_transit,2,no,120.9,2,560098,RR Nagar,Bangalore
SHP004556,M001,ORD007318,Ecom Express,in_transit,1,no,113.43,4,560071,Domlur,Bangalore
SHP004557,M001,ORD008956,Ecom Express,delivered,1,no,124.85,1,560076,Bannerghatta Road,Bangalore
SHP004558,M001,ORD009478,Shiprocket,delivered,2,no,107.14,1,560038,Indiranagar,Bangalore
SHP004559,M001,ORD005464,Ecom Express,failed_delivery,1,no,143.32,3,560037,Marathahalli,Bangalore
SHP004560,M001,ORD005908,Shiprocket,delivered,3,no,62.81,1,560048,Mahadevapura,Bangalore
SHP004561,M001,ORD009498,Xpressbees,delivered,2,no,87.82,1,560102,HSR Layout,Bangalore
SHP004562,M001,ORD007284,Delhivery,failed_delivery,1,no,84.82,9,560102,HSR Layout,Bangalore
SHP004563,M001,ORD007293,BlueDart,delivered,1,no,78.22,5,560037,Marathahalli,Bangalore
SHP004564,M001,ORD007812,Xpressbees,failed_delivery,2,no,140.3,7,560008,Ulsoor,Bangalore
SHP004565,M001,ORD007854,Shiprocket,delivered,1,no,56.73,2,560066,Whitefield,Bangalore
SHP004566,M001,ORD007193,Delhivery,delivered,1,no,178.2,3,560100,Electronic City,Bangalore
SHP004567,M001,ORD006843,Shiprocket,delivered,1,no,137.31,2,560008,Ulsoor,Bangalore
SHP004568,M001,ORD005590,Ecom Express,delivered,1,no,93.98,3,560102,HSR Layout,Bangalore
SHP004569,M001,ORD009426,Xpressbees,delivered,1,no,63.78,1,560102,HSR Layout,Bangalore
SHP004570,M001,ORD008973,BlueDart,delivered,1,no,93.3,4,560040,Vijayanagar,Bangalore
SHP004571,M001,ORD007682,Ecom Express,delivered,1,no,143.54,2,560048,Mahadevapura,Bangalore
SHP004572,M001,ORD007810,Shiprocket,failed_delivery,2,no,58.47,7,560103,Bellandur,Bangalore
SHP004573,M001,ORD007639,BlueDart,delivered,1,no,60.37,1,560037,Marathahalli,Bangalore
SHP004574,M001,ORD006533,Shiprocket,failed_delivery,1,no,117.08,3,560008,Ulsoor,Bangalore
SHP004575,M001,ORD006847,Shiprocket,delivered,1,no,45.57,1,560037,Brookefield,Bangalore
SHP004576,M001,ORD008402,Delhivery,delivered,3,no,96.84,3,560102,HSR Layout,Bangalore
SHP004577,M001,ORD005481,Delhivery,delivered,1,no,54.05,2,560085,Banashankari,Bangalore
SHP004578,M001,ORD006011,Shiprocket,rto,3,yes,98.44,8,560078,JP Nagar,Bangalore
SHP004579,M001,ORD006077,Xpressbees,delivered,1,no,51.83,3,560103,Bellandur,Bangalore
SHP004580,M001,ORD007747,BlueDart,rto,1,yes,171.5,7,560035,Sarjapur Road,Bangalore
SHP004581,M001,ORD006736,Shiprocket,delivered,1,no,190.71,2,560058,Peenya,Bangalore
SHP004582,M001,ORD008090,Xpressbees,delivered,2,no,100.19,4,560010,Rajajinagar,Bangalore
SHP004583,M001,ORD006000,Shiprocket,in_transit,1,no,138.64,4,560037,Brookefield,Bangalore
SHP004584,M001,ORD009176,Ecom Express,failed_delivery,2,no,133.17,4,560100,Electronic City,Bangalore
SHP004585,M001,ORD009310,Ecom Express,delivered,3,no,79.29,2,560017,Old Airport Road,Bangalore
SHP004586,M001,ORD007084,Xpressbees,in_transit,2,no,110.97,4,560038,Indiranagar,Bangalore
SHP004587,M001,ORD009513,Shiprocket,rto,3,yes,102.33,6,560040,Vijayanagar,Bangalore
SHP004588,M001,ORD008225,BlueDart,failed_delivery,1,no,117.32,8,560037,Brookefield,Bangalore
SHP004589,M001,ORD007003,Delhivery,delivered,1,no,109.54,4,560066,Whitefield,Bangalore
SHP004590,M001,ORD006221,Delhivery,failed_delivery,1,no,65.98,9,560034,Koramangala,Bangalore
SHP004591,M001,ORD007263,BlueDart,in_transit,1,no,116.86,3,560102,HSR Layout,Bangalore
SHP004592,M001,ORD006133,BlueDart,delivered,1,no,114.07,5,560103,Bellandur,Bangalore
SHP004593,M001,ORD005544,BlueDart,rto,2,yes,102.11,9,560102,HSR Layout,Bangalore
SHP004594,M001,ORD009414,Delhivery,in_transit,1,no,88.3,3,560008,Ulsoor,Bangalore
SHP004595,M001,ORD006622,Xpressbees,delivered,2,no,80.22,4,560064,Jakkur,Bangalore
SHP004596,M001,ORD006491,Delhivery,delivered,1,no,95.54,2,560100,Electronic City,Bangalore
SHP004597,M001,ORD009616,Delhivery,delivered,3,no,115.65,2,560036,KR Puram,Bangalore
SHP004598,M001,ORD005827,Delhivery,delivered,1,no,54.32,1,560103,Bellandur,Bangalore
SHP004599,M001,ORD009597,BlueDart,delivered,1,no,208.06,5,560035,Sarjapur Road,Bangalore
SHP004600,M001,ORD007663,Ecom Express,failed_delivery,2,no,71.01,4,560010,Rajajinagar,Bangalore
SHP004601,M001,ORD008902,Xpressbees,delivered,1,no,92.89,1,560076,BTM Layout,Bangalore
SHP004602,M001,ORD008527,Ecom Express,delivered,1,no,131.66,5,560066,Whitefield,Bangalore
SHP004603,M001,ORD009880,Shiprocket,delivered,1,no,181.81,1,560100,Electronic City,Bangalore
SHP004604,M001,ORD005716,Delhivery,delivered,2,no,138.3,3,560098,RR Nagar,Bangalore
SHP004605,M001,ORD006216,Ecom Express,delivered,1,no,156.78,5,560100,Electronic City,Bangalore
SHP004606,M001,ORD007946,BlueDart,delivered,2,no,164.11,5,560035,Sarjapur Road,Bangalore
SHP004607,M001,ORD007642,Ecom Express,in_transit,2,no,96.42,4,560066,Whitefield,Bangalore
SHP004608,M001,ORD009709,Ecom Express,failed_delivery,3,no,62.84,3,560037,Brookefield,Bangalore
SHP004609,M001,ORD007252,Shiprocket,delivered,1,no,151.26,3,560035,Sarjapur Road,Bangalore
SHP004610,M001,ORD008546,Shiprocket,delivered,3,no,125.77,4,560017,Old Airport Road,Bangalore
SHP004611,M001,ORD008242,Xpressbees,delivered,1,no,118.96,2,560037,Marathahalli,Bangalore
SHP004612,M001,ORD007399,Xpressbees,delivered,1,no,132.04,1,560035,Sarjapur Road,Bangalore
SHP004613,M001,ORD008504,Xpressbees,delivered,2,no,77.13,2,560066,Whitefield,Bangalore
SHP004614,M001,ORD008808,Shiprocket,delivered,1,no,136.18,4,560066,Whitefield,Bangalore
SHP004615,M001,ORD009058,Delhivery,delivered,2,no,82.6,1,560037,Marathahalli,Bangalore
SHP004616,M001,ORD008895,BlueDart,in_transit,1,no,138.08,4,560038,Indiranagar,Bangalore
SHP004617,M001,ORD009039,Delhivery,rto,1,yes,155.08,8,560058,Peenya,Bangalore
SHP004618,M001,ORD005860,Xpressbees,failed_delivery,2,no,90.6,5,560017,Old Airport Road,Bangalore
SHP004619,M001,ORD007207,Delhivery,delivered,2,no,56.23,1,560024,Hebbal,Bangalore
SHP004620,M001,ORD005158,BlueDart,in_transit,2,no,81.33,2,560017,Old Airport Road,Bangalore
SHP004621,M001,ORD009085,Ecom Express,rto,2,yes,160.98,7,560058,Peenya,Bangalore
SHP004622,M001,ORD008463,Shiprocket,delivered,1,no,94.83,3,560034,Koramangala,Bangalore
SHP004623,M001,ORD006163,Shiprocket,delivered,1,no,91.39,5,560036,KR Puram,Bangalore
SHP004624,M001,ORD007242,BlueDart,in_transit,2,no,162.97,1,560035,Sarjapur Road,Bangalore
SHP004625,M001,ORD008730,Delhivery,in_transit,1,no,103.48,2,560003,Malleshwaram,Bangalore
SHP004626,M001,ORD008917,Xpressbees,delivered,2,no,48.83,1,560034,Koramangala,Bangalore
SHP004627,M001,ORD006167,Shiprocket,in_transit,1,no,97.31,4,560066,Whitefield,Bangalore
SHP004628,M001,ORD009790,Shiprocket,delivered,1,no,84.74,5,560036,KR Puram,Bangalore
SHP004629,M001,ORD006746,BlueDart,rto,1,yes,59.81,7,560066,Whitefield,Bangalore
SHP004630,M001,ORD006267,Xpressbees,delivered,1,no,141.62,3,560085,Banashankari,Bangalore
SHP004631,M001,ORD007232,Ecom Express,delivered,1,no,73.72,3,560038,Indiranagar,Bangalore
SHP004632,M001,ORD005349,Xpressbees,in_transit,2,no,121.15,3,560036,KR Puram,Bangalore
SHP004633,M001,ORD006872,Delhivery,delivered,1,no,110.98,3,560066,Whitefield,Bangalore
SHP004634,M001,ORD007913,Delhivery,delivered,2,no,76.94,2,560048,Mahadevapura,Bangalore
SHP004635,M001,ORD009279,Xpressbees,delivered,1,no,131.23,5,560100,Electronic City,Bangalore
SHP004636,M001,ORD006870,Shiprocket,delivered,1,no,95.89,5,560060,Kengeri,Bangalore
SHP004637,M001,ORD006766,Shiprocket,failed_delivery,1,no,191.81,3,560100,Electronic City,Bangalore
SHP004638,M001,ORD007124,BlueDart,failed_delivery,3,no,108.31,8,560100,Electronic City,Bangalore
SHP004639,M001,ORD008647,Xpressbees,in_transit,2,no,70.81,2,560034,Koramangala,Bangalore
SHP004640,M001,ORD009328,BlueDart,delivered,2,no,83.42,4,560085,Banashankari,Bangalore
SHP004641,M001,ORD005467,Shiprocket,delivered,1,no,128.69,3,560034,Koramangala,Bangalore
SHP004642,M001,ORD005738,Delhivery,delivered,1,no,60.38,4,560036,KR Puram,Bangalore
SHP004643,M001,ORD007695,BlueDart,delivered,1,no,90.53,1,560064,Jakkur,Bangalore
SHP004644,M001,ORD006518,Shiprocket,failed_delivery,1,no,134.07,8,560100,Electronic City,Bangalore
SHP004645,M001,ORD008573,Xpressbees,failed_delivery,2,no,114.97,8,560066,Whitefield,Bangalore
SHP004646,M001,ORD007531,Ecom Express,rto,3,yes,146.02,8,560066,Whitefield,Bangalore
SHP004647,M001,ORD006762,BlueDart,rto,2,yes,141.17,8,560035,Sarjapur Road,Bangalore
SHP004648,M001,ORD007315,BlueDart,delivered,1,no,120.1,2,560064,Jakkur,Bangalore
SHP004649,M001,ORD009187,BlueDart,delivered,2,no,141.67,2,560040,Vijayanagar,Bangalore
SHP004650,M001,ORD008718,BlueDart,delivered,1,no,90.05,1,560037,Brookefield,Bangalore
SHP004651,M001,ORD006239,BlueDart,in_transit,1,no,115.18,3,560037,Marathahalli,Bangalore
SHP004652,M001,ORD005706,Xpressbees,delivered,2,no,69.13,4,560103,Bellandur,Bangalore
SHP004653,M001,ORD009921,Shiprocket,delivered,1,no,62.93,5,560038,Indiranagar,Bangalore
SHP004654,M001,ORD005806,BlueDart,delivered,1,no,102.23,1,560100,Electronic City,Bangalore
SHP004655,M001,ORD008689,BlueDart,delivered,1,no,83.54,4,560004,Basavanagudi,Bangalore
SHP004656,M001,ORD007329,Ecom Express,delivered,1,no,139.33,3,560041,Jayanagar,Bangalore
SHP004657,M001,ORD008751,Delhivery,failed_delivery,2,no,96.13,8,560071,Domlur,Bangalore
SHP004658,M001,ORD008602,BlueDart,in_transit,1,no,100.95,4,560034,Koramangala,Bangalore
SHP004659,M001,ORD009206,Delhivery,in_transit,1,no,69.79,1,560008,Ulsoor,Bangalore
SHP004660,M001,ORD009872,BlueDart,delivered,3,no,128.26,4,560035,Sarjapur Road,Bangalore
SHP004661,M001,ORD008043,BlueDart,delivered,1,no,81.53,1,560017,Old Airport Road,Bangalore
SHP004662,M001,ORD008665,BlueDart,delivered,1,no,129.7,1,560100,Electronic City,Bangalore
SHP004663,M001,ORD009851,BlueDart,delivered,1,no,106.74,1,560076,Bannerghatta Road,Bangalore
SHP004664,M001,ORD007377,Delhivery,rto,1,yes,146.07,4,560017,Old Airport Road,Bangalore
SHP004665,M001,ORD007261,Delhivery,in_transit,2,no,109.21,3,560100,Electronic City,Bangalore
SHP004666,M001,ORD007892,Xpressbees,delivered,1,no,176.98,4,560035,Sarjapur Road,Bangalore
SHP004667,M001,ORD008828,BlueDart,in_transit,1,no,59.64,4,560034,Koramangala,Bangalore
SHP004668,M001,ORD006669,Delhivery,delivered,2,no,145.83,4,560036,KR Puram,Bangalore
SHP004669,M001,ORD006896,Xpressbees,delivered,2,no,113.49,5,560040,Vijayanagar,Bangalore
SHP004670,M001,ORD006566,Shiprocket,in_transit,1,no,55.16,4,560102,HSR Layout,Bangalore
SHP004671,M001,ORD008501,Shiprocket,delivered,2,no,146.37,2,560103,Bellandur,Bangalore
SHP004672,M001,ORD005319,Ecom Express,failed_delivery,1,no,153.58,4,560100,Electronic City,Bangalore
SHP004673,M001,ORD006290,BlueDart,delivered,1,no,151.47,3,560100,Electronic City,Bangalore
SHP004674,M001,ORD007278,Shiprocket,failed_delivery,3,no,46.03,3,560102,HSR Layout,Bangalore
SHP004675,M001,ORD005694,Ecom Express,failed_delivery,2,no,112.58,3,560036,KR Puram,Bangalore
SHP004676,M001,ORD009801,Delhivery,delivered,1,no,178.08,4,560100,Electronic City,Bangalore
SHP004677,M001,ORD009089,Ecom Express,delivered,1,no,72.14,5,560066,Whitefield,Bangalore
SHP004678,M001,ORD008843,BlueDart,delivered,2,no,120.95,5,560078,JP Nagar,Bangalore
SHP004679,M001,ORD008053,Shiprocket,delivered,1,no,74.01,4,560034,Koramangala,Bangalore
SHP004680,M001,ORD007817,Delhivery,delivered,1,no,55.86,1,560103,Bellandur,Bangalore
SHP004681,M001,ORD008910,BlueDart,delivered,1,no,146.78,3,560048,Mahadevapura,Bangalore
SHP004682,M001,ORD008960,BlueDart,delivered,1,no,59.22,3,560037,Brookefield,Bangalore
SHP004683,M001,ORD005381,Xpressbees,delivered,1,no,114.57,4,560036,KR Puram,Bangalore
SHP004684,M001,ORD007419,Delhivery,delivered,2,no,91.77,1,560038,Indiranagar,Bangalore
SHP004685,M001,ORD008232,Xpressbees,delivered,2,no,59.53,2,560048,Mahadevapura,Bangalore
SHP004686,M001,ORD005807,Delhivery,in_transit,1,no,99.14,4,560036,KR Puram,Bangalore
SHP004687,M001,ORD005142,Shiprocket,delivered,1,no,110.03,3,560071,Domlur,Bangalore
SHP004688,M001,ORD005923,Xpressbees,delivered,1,no,107.77,2,560037,Marathahalli,Bangalore
SHP004689,M001,ORD005554,Xpressbees,delivered,2,no,126.38,5,560103,Bellandur,Bangalore
SHP004690,M001,ORD006784,Delhivery,delivered,1,no,49.17,2,560036,KR Puram,Bangalore
SHP004691,M001,ORD005597,Delhivery,delivered,2,no,62.52,4,560037,Marathahalli,Bangalore
SHP004692,M001,ORD006067,Shiprocket,delivered,1,no,146.46,5,560035,Sarjapur Road,Bangalore
SHP004693,M001,ORD009320,Xpressbees,delivered,2,no,103.41,5,560010,Rajajinagar,Bangalore
SHP004694,M001,ORD009770,Delhivery,failed_delivery,3,no,67.02,3,560034,Koramangala,Bangalore
SHP004695,M001,ORD008121,Xpressbees,delivered,2,no,63.56,4,560066,Whitefield,Bangalore
SHP004696,M001,ORD007879,BlueDart,delivered,2,no,101.96,1,560037,Brookefield,Bangalore
SHP004697,M001,ORD008420,BlueDart,delivered,1,no,193.55,2,560100,Electronic City,Bangalore
SHP004698,M001,ORD009951,Xpressbees,in_transit,2,no,107.73,1,560040,Vijayanagar,Bangalore
SHP004699,M001,ORD008720,Ecom Express,delivered,2,no,101.8,4,560036,KR Puram,Bangalore
SHP004700,M001,ORD005095,Ecom Express,delivered,1,no,51.65,5,560038,Indiranagar,Bangalore
SHP004701,M001,ORD005004,Xpressbees,in_transit,1,no,67.92,1,560048,Mahadevapura,Bangalore
SHP004702,M001,ORD007543,Shiprocket,delivered,2,no,88.99,1,560038,Indiranagar,Bangalore
SHP004703,M001,ORD007334,Ecom Express,delivered,1,no,105.0,1,560064,Jakkur,Bangalore
SHP004704,M001,ORD008216,Ecom Express,delivered,1,no,50.15,2,560037,Marathahalli,Bangalore
SHP004705,M001,ORD008451,BlueDart,delivered,1,no,80.73,2,560078,JP Nagar,Bangalore
SHP004706,M001,ORD009775,Ecom Express,delivered,2,no,99.69,3,560037,Brookefield,Bangalore
SHP004707,M001,ORD006890,Xpressbees,delivered,1,no,80.28,2,560017,Old Airport Road,Bangalore
SHP004708,M001,ORD006985,Shiprocket,in_transit,1,no,47.66,4,560103,Bellandur,Bangalore
SHP004709,M001,ORD006365,BlueDart,delivered,1,no,48.34,3,560037,Marathahalli,Bangalore
SHP004710,M001,ORD007662,BlueDart,delivered,1,no,57.92,3,560076,Bannerghatta Road,Bangalore
SHP004711,M001,ORD007709,Xpressbees,delivered,2,no,102.45,4,560066,Whitefield,Bangalore
SHP004712,M001,ORD006943,Xpressbees,failed_delivery,1,no,92.33,3,560064,Yelahanka,Bangalore
SHP004713,M001,ORD009252,Ecom Express,failed_delivery,1,no,79.3,3,560071,Domlur,Bangalore
SHP004714,M001,ORD007398,Delhivery,delivered,1,no,120.86,2,560034,Koramangala,Bangalore
SHP004715,M001,ORD005080,Shiprocket,rto,1,yes,101.7,8,560034,Koramangala,Bangalore
SHP004716,M001,ORD007634,Xpressbees,delivered,1,no,130.04,1,560037,Marathahalli,Bangalore
SHP004717,M001,ORD006120,Xpressbees,delivered,2,no,117.47,3,560066,Whitefield,Bangalore
SHP004718,M001,ORD009437,BlueDart,delivered,1,no,140.77,2,560048,Mahadevapura,Bangalore
SHP004719,M001,ORD009809,Delhivery,delivered,1,no,145.96,1,560103,Bellandur,Bangalore
SHP004720,M001,ORD008586,Shiprocket,delivered,2,no,55.53,5,560001,MG Road,Bangalore
SHP004721,M001,ORD007160,Ecom Express,in_transit,1,no,128.55,1,560034,Koramangala,Bangalore
SHP004722,M001,ORD008702,Shiprocket,in_transit,2,no,110.37,3,560076,Bannerghatta Road,Bangalore
SHP004723,M001,ORD008276,Ecom Express,rto,2,yes,69.12,4,560102,HSR Layout,Bangalore
SHP004724,M001,ORD008457,Ecom Express,delivered,1,no,179.55,1,560064,Yelahanka,Bangalore
SHP004725,M001,ORD008094,Delhivery,delivered,1,no,149.76,3,560066,Whitefield,Bangalore
SHP004726,M001,ORD006361,Ecom Express,delivered,1,no,100.16,1,560035,Sarjapur Road,Bangalore
SHP004727,M001,ORD007485,Ecom Express,delivered,2,no,83.67,5,560036,KR Puram,Bangalore
SHP004728,M001,ORD008007,Xpressbees,rto,1,yes,128.74,5,560036,KR Puram,Bangalore
SHP004729,M001,ORD005295,BlueDart,delivered,1,no,65.82,1,560008,Ulsoor,Bangalore
SHP004730,M001,ORD006837,Delhivery,delivered,1,no,110.22,1,560076,BTM Layout,Bangalore
SHP004731,M001,ORD009172,Ecom Express,rto,3,yes,149.62,6,560017,Old Airport Road,Bangalore
SHP004732,M001,ORD006264,BlueDart,delivered,2,no,116.56,1,560103,Bellandur,Bangalore
SHP004733,M001,ORD009352,Shiprocket,rto,3,yes,73.59,7,560017,Old Airport Road,Bangalore
SHP004734,M001,ORD006291,Delhivery,failed_delivery,1,no,81.63,7,560034,Koramangala,Bangalore
SHP004735,M001,ORD007914,BlueDart,delivered,1,no,116.67,1,560024,Hebbal,Bangalore
SHP004736,M001,ORD005228,Shiprocket,delivered,1,no,88.95,4,560064,Yelahanka,Bangalore
SHP004737,M001,ORD006220,Xpressbees,rto,1,yes,129.52,8,560034,Koramangala,Bangalore
SHP004738,M001,ORD008887,Ecom Express,in_transit,1,no,143.38,2,560038,Indiranagar,Bangalore
SHP004739,M001,ORD007859,BlueDart,rto,2,yes,142.85,8,560102,HSR Layout,Bangalore
SHP004740,M001,ORD006015,Xpressbees,delivered,1,no,68.82,2,560004,Basavanagudi,Bangalore
SHP004741,M001,ORD006001,Shiprocket,in_transit,2,no,148.02,3,560036,KR Puram,Bangalore
SHP004742,M001,ORD008757,Shiprocket,failed_delivery,2,no,109.51,5,560071,Domlur,Bangalore
SHP004743,M001,ORD007017,Shiprocket,failed_delivery,2,no,140.98,3,560048,Mahadevapura,Bangalore
SHP004744,M001,ORD006367,BlueDart,delivered,1,no,118.7,5,560040,Vijayanagar,Bangalore
SHP004745,M001,ORD009679,Delhivery,rto,3,yes,58.03,3,560037,Marathahalli,Bangalore
SHP004746,M001,ORD007445,BlueDart,delivered,1,no,146.42,5,560066,Whitefield,Bangalore
SHP004747,M001,ORD006680,Ecom Express,delivered,2,no,118.3,4,560066,Whitefield,Bangalore
SHP004748,M001,ORD008275,Shiprocket,rto,2,yes,52.65,4,560037,Marathahalli,Bangalore
SHP004749,M001,ORD005556,BlueDart,delivered,2,no,114.88,3,560102,HSR Layout,Bangalore
SHP004750,M001,ORD009037,Ecom Express,failed_delivery,1,no,149.79,7,560102,HSR Layout,Bangalore
SHP004751,M001,ORD007013,Ecom Express,delivered,1,no,103.77,2,560038,Indiranagar,Bangalore
SHP004752,M001,ORD006623,Ecom Express,delivered,1,no,81.48,2,560102,HSR Layout,Bangalore
SHP004753,M001,ORD006562,BlueDart,delivered,2,no,114.66,3,560103,Bellandur,Bangalore
SHP004754,M001,ORD007046,BlueDart,delivered,1,no,85.44,5,560038,Indiranagar,Bangalore
SHP004755,M001,ORD006556,Delhivery,delivered,1,no,109.91,4,560076,Bannerghatta Road,Bangalore
SHP004756,M001,ORD007123,Shiprocket,failed_delivery,2,no,70.36,8,560041,Jayanagar,Bangalore
SHP004757,M001,ORD009114,Xpressbees,delivered,1,no,142.84,1,560036,KR Puram,Bangalore
SHP004758,M001,ORD008629,Xpressbees,delivered,1,no,46.26,4,560038,Indiranagar,Bangalore
SHP004759,M001,ORD005683,Shiprocket,delivered,2,no,133.56,2,560071,Domlur,Bangalore
SHP004760,M001,ORD005708,Ecom Express,rto,3,yes,84.46,5,560103,Bellandur,Bangalore
SHP004761,M001,ORD009556,Ecom Express,failed_delivery,3,no,127.85,9,560008,Ulsoor,Bangalore
SHP004762,M001,ORD008678,Delhivery,delivered,1,no,142.56,4,560037,Marathahalli,Bangalore
SHP004763,M001,ORD009860,Xpressbees,in_transit,2,no,59.58,3,560066,Whitefield,Bangalore
SHP004764,M001,ORD006132,Ecom Express,delivered,1,no,108.2,5,560037,Marathahalli,Bangalore
SHP004765,M001,ORD009051,BlueDart,failed_delivery,1,no,78.62,9,560037,Brookefield,Bangalore
SHP004766,M001,ORD006338,Ecom Express,in_transit,3,no,118.27,2,560037,Marathahalli,Bangalore
SHP004767,M001,ORD009269,Shiprocket,delivered,1,no,68.18,1,560102,HSR Layout,Bangalore
SHP004768,M001,ORD009129,Ecom Express,failed_delivery,1,no,148.63,6,560037,Brookefield,Bangalore
SHP004769,M001,ORD009300,BlueDart,delivered,1,no,111.27,4,560103,Bellandur,Bangalore
SHP004770,M001,ORD007840,BlueDart,delivered,1,no,70.54,5,560102,HSR Layout,Bangalore
SHP004771,M001,ORD005476,Xpressbees,failed_delivery,3,no,45.05,5,560071,Domlur,Bangalore
SHP004772,M001,ORD007230,Delhivery,delivered,2,no,75.15,5,560037,Marathahalli,Bangalore
SHP004773,M001,ORD008207,Ecom Express,failed_delivery,2,no,52.62,3,560008,Ulsoor,Bangalore
SHP004774,M001,ORD005513,Ecom Express,delivered,1,no,75.56,3,560085,Banashankari,Bangalore
SHP004775,M001,ORD006053,Delhivery,delivered,1,no,68.41,4,560037,Brookefield,Bangalore
SHP004776,M001,ORD008046,Ecom Express,delivered,1,no,87.17,4,560048,Mahadevapura,Bangalore
SHP004777,M001,ORD007863,Delhivery,delivered,1,no,47.0,5,560103,Bellandur,Bangalore
SHP004778,M001,ORD007258,Xpressbees,delivered,1,no,102.09,4,560037,Marathahalli,Bangalore
SHP004779,M001,ORD006469,Ecom Express,in_transit,3,no,167.66,1,560035,Sarjapur Road,Bangalore
SHP004780,M001,ORD009927,Ecom Express,delivered,1,no,55.19,1,560017,Old Airport Road,Bangalore
SHP004781,M001,ORD008886,Ecom Express,delivered,1,no,86.28,4,560003,Malleshwaram,Bangalore
SHP004782,M001,ORD009518,Ecom Express,delivered,1,no,146.67,4,560098,RR Nagar,Bangalore
SHP004783,M001,ORD009622,Delhivery,delivered,2,no,110.68,2,560103,Bellandur,Bangalore
SHP004784,M001,ORD007101,Ecom Express,delivered,1,no,91.97,4,560071,Domlur,Bangalore
SHP004785,M001,ORD007689,Xpressbees,delivered,2,no,102.41,4,560100,Electronic City,Bangalore
SHP004786,M001,ORD009725,Delhivery,rto,3,yes,48.82,9,560037,Marathahalli,Bangalore
SHP004787,M001,ORD009816,Ecom Express,delivered,2,no,139.64,5,560017,Old Airport Road,Bangalore
SHP004788,M001,ORD006240,Ecom Express,in_transit,1,no,149.34,2,560034,Koramangala,Bangalore
SHP004789,M001,ORD009661,Shiprocket,in_transit,1,no,83.87,4,560103,Bellandur,Bangalore
SHP004790,M001,ORD008221,Delhivery,delivered,1,no,50.93,1,560036,KR Puram,Bangalore
SHP004791,M001,ORD009711,Shiprocket,in_transit,1,no,121.51,3,560035,Sarjapur Road,Bangalore
SHP004792,M001,ORD005886,Shiprocket,in_transit,1,no,148.29,4,560100,Electronic City,Bangalore
SHP004793,M001,ORD008703,BlueDart,delivered,1,no,128.33,3,560102,HSR Layout,Bangalore
SHP004794,M001,ORD006794,Ecom Express,rto,1,yes,174.8,8,560035,Sarjapur Road,Bangalore
SHP004795,M001,ORD006608,Delhivery,delivered,1,no,141.69,2,560004,Basavanagudi,Bangalore
SHP004796,M001,ORD007264,Shiprocket,delivered,2,no,184.27,3,560100,Electronic City,Bangalore
SHP004797,M001,ORD009138,Xpressbees,in_transit,2,no,137.55,2,560034,Koramangala,Bangalore
SHP004798,M001,ORD005179,Shiprocket,delivered,1,no,108.87,2,560066,Whitefield,Bangalore
SHP004799,M001,ORD008238,BlueDart,delivered,2,no,76.5,2,560103,Bellandur,Bangalore
SHP004800,M001,ORD005085,BlueDart,rto,2,yes,104.83,8,560036,KR Puram,Bangalore
SHP004801,M001,ORD008644,Ecom Express,rto,3,yes,109.15,7,560048,Mahadevapura,Bangalore
SHP004802,M001,ORD007648,Shiprocket,delivered,1,no,113.9,4,560010,Rajajinagar,Bangalore
SHP004803,M001,ORD009403,Shiprocket,failed_delivery,1,no,77.36,6,560048,Mahadevapura,Bangalore
SHP004804,M001,ORD005245,BlueDart,failed_delivery,1,no,107.02,7,560017,Old Airport Road,Bangalore
SHP004805,M001,ORD006776,BlueDart,delivered,1,no,134.43,2,560041,Jayanagar,Bangalore
SHP004806,M001,ORD005978,Xpressbees,in_transit,2,no,121.15,4,560037,Marathahalli,Bangalore
SHP004807,M001,ORD005894,Shiprocket,delivered,1,no,109.6,4,560066,Whitefield,Bangalore
SHP004808,M001,ORD009330,BlueDart,rto,3,yes,109.56,5,560064,Yelahanka,Bangalore
SHP004809,M001,ORD008634,Ecom Express,failed_delivery,2,no,104.77,9,560103,Bellandur,Bangalore
SHP004810,M001,ORD009337,Delhivery,in_transit,1,no,48.98,2,560017,Old Airport Road,Bangalore
SHP004811,M001,ORD005883,Ecom Express,in_transit,1,no,111.33,1,560064,Yelahanka,Bangalore
SHP004812,M001,ORD009145,Shiprocket,delivered,1,no,110.18,5,560048,Mahadevapura,Bangalore
SHP004813,M001,ORD009637,BlueDart,in_transit,1,no,148.93,1,560103,Bellandur,Bangalore
SHP004814,M001,ORD008547,Xpressbees,delivered,1,no,138.33,3,560066,Whitefield,Bangalore
SHP004815,M001,ORD006200,Delhivery,delivered,2,no,46.55,5,560048,Mahadevapura,Bangalore
SHP004816,M001,ORD006231,BlueDart,failed_delivery,1,no,113.15,3,560017,Old Airport Road,Bangalore
SHP004817,M001,ORD009619,Xpressbees,delivered,1,no,116.13,3,560064,Yelahanka,Bangalore
SHP004818,M001,ORD007876,BlueDart,rto,2,yes,153.5,4,560060,Kengeri,Bangalore
SHP004819,M001,ORD006782,Shiprocket,failed_delivery,1,no,61.05,8,560102,HSR Layout,Bangalore
SHP004820,M001,ORD009209,Ecom Express,delivered,2,no,170.64,5,560100,Electronic City,Bangalore
SHP004821,M001,ORD005074,Ecom Express,failed_delivery,1,no,54.56,9,560102,HSR Layout,Bangalore
SHP004822,M001,ORD006571,Shiprocket,delivered,1,no,65.24,5,560102,HSR Layout,Bangalore
SHP004823,M001,ORD005539,BlueDart,delivered,3,no,45.95,2,560036,KR Puram,Bangalore
SHP004824,M001,ORD007706,BlueDart,delivered,1,no,149.0,5,560035,Sarjapur Road,Bangalore
SHP004825,M001,ORD009521,Xpressbees,failed_delivery,2,no,89.52,4,560010,Rajajinagar,Bangalore
SHP004826,M001,ORD006538,Shiprocket,in_transit,1,no,62.96,4,560036,KR Puram,Bangalore
SHP004827,M001,ORD007804,Ecom Express,failed_delivery,3,no,85.69,4,560103,Bellandur,Bangalore
SHP004828,M001,ORD009453,BlueDart,delivered,3,no,127.29,1,560076,Bannerghatta Road,Bangalore
SHP004829,M001,ORD005324,Shiprocket,failed_delivery,1,no,122.98,7,560076,Bannerghatta Road,Bangalore
SHP004830,M001,ORD005273,BlueDart,in_transit,2,no,73.01,3,560102,HSR Layout,Bangalore
SHP004831,M001,ORD007702,Xpressbees,delivered,2,no,142.38,2,560102,HSR Layout,Bangalore
SHP004832,M001,ORD005699,Delhivery,delivered,2,no,135.69,2,560100,Electronic City,Bangalore
SHP004833,M001,ORD006450,Ecom Express,delivered,1,no,78.16,2,560071,Domlur,Bangalore
SHP004834,M001,ORD006756,Shiprocket,in_transit,2,no,129.53,4,560100,Electronic City,Bangalore
SHP004835,M001,ORD005945,Shiprocket,delivered,1,no,47.79,2,560102,HSR Layout,Bangalore
SHP004836,M001,ORD007697,Shiprocket,delivered,2,no,56.18,3,560037,Brookefield,Bangalore
SHP004837,M001,ORD008297,Shiprocket,in_transit,1,no,102.89,4,560103,Bellandur,Bangalore
SHP004838,M001,ORD007666,Shiprocket,delivered,1,no,86.94,3,560037,Marathahalli,Bangalore
SHP004839,M001,ORD006107,Shiprocket,delivered,1,no,69.97,3,560037,Brookefield,Bangalore
SHP004840,M001,ORD009113,Delhivery,delivered,2,no,102.17,5,560037,Marathahalli,Bangalore
SHP004841,M001,ORD007832,Delhivery,delivered,1,no,73.2,5,560003,Malleshwaram,Bangalore
SHP004842,M001,ORD009370,BlueDart,delivered,1,no,92.17,4,560037,Marathahalli,Bangalore
SHP004843,M001,ORD009371,BlueDart,in_transit,2,no,52.79,2,560066,Whitefield,Bangalore
SHP004844,M001,ORD006598,Xpressbees,delivered,1,no,110.51,2,560066,Whitefield,Bangalore
SHP004845,M001,ORD008102,Shiprocket,in_transit,1,no,103.5,3,560037,Brookefield,Bangalore
SHP004846,M001,ORD008717,Ecom Express,delivered,2,no,66.94,5,560066,Whitefield,Bangalore
SHP004847,M001,ORD006483,Shiprocket,delivered,1,no,71.27,4,560103,Bellandur,Bangalore
SHP004848,M001,ORD009083,Xpressbees,failed_delivery,3,no,206.96,3,560100,Electronic City,Bangalore
SHP004849,M001,ORD005820,Shiprocket,delivered,1,no,133.9,1,560071,Domlur,Bangalore
SHP004850,M001,ORD006318,BlueDart,failed_delivery,2,no,58.93,9,560041,Jayanagar,Bangalore
SHP004851,M001,ORD005127,BlueDart,delivered,1,no,69.68,2,560041,Jayanagar,Bangalore
SHP004852,M001,ORD009053,Shiprocket,in_transit,1,no,138.24,4,560037,Marathahalli,Bangalore
SHP004853,M001,ORD008019,Xpressbees,delivered,1,no,146.79,2,560103,Bellandur,Bangalore
SHP004854,M001,ORD005031,BlueDart,rto,2,yes,92.48,5,560003,Malleshwaram,Bangalore
SHP004855,M001,ORD009159,Delhivery,delivered,1,no,134.42,1,560100,Electronic City,Bangalore
SHP004856,M001,ORD006738,Xpressbees,failed_delivery,1,no,130.56,7,560064,Yelahanka,Bangalore
SHP004857,M001,ORD006408,Ecom Express,delivered,3,no,81.87,3,560066,Whitefield,Bangalore
SHP004858,M001,ORD009922,Xpressbees,delivered,1,no,93.77,4,560034,Koramangala,Bangalore
SHP004859,M001,ORD009995,Shiprocket,failed_delivery,2,no,117.83,6,560060,Kengeri,Bangalore
SHP004860,M001,ORD009690,BlueDart,delivered,1,no,121.05,4,560103,Bellandur,Bangalore
SHP004861,M001,ORD008560,Ecom Express,delivered,1,no,143.41,1,560037,Marathahalli,Bangalore
SHP004862,M001,ORD006542,Ecom Express,delivered,2,no,172.09,5,560100,Electronic City,Bangalore
SHP004863,M001,ORD008015,Ecom Express,delivered,1,no,81.45,4,560003,Malleshwaram,Bangalore
SHP004864,M001,ORD005579,Delhivery,delivered,1,no,166.98,1,560100,Electronic City,Bangalore
SHP004865,M001,ORD009454,Ecom Express,in_transit,2,no,127.8,3,560035,Sarjapur Road,Bangalore
SHP004866,M001,ORD008268,Ecom Express,rto,1,yes,91.79,3,560066,Whitefield,Bangalore
SHP004867,M001,ORD008466,BlueDart,delivered,1,no,97.99,2,560038,Indiranagar,Bangalore
SHP004868,M001,ORD009009,BlueDart,failed_delivery,3,no,146.88,5,560066,Whitefield,Bangalore
SHP004869,M001,ORD005663,Shiprocket,failed_delivery,2,no,88.08,4,560078,JP Nagar,Bangalore
SHP004870,M001,ORD009654,Xpressbees,in_transit,1,no,84.65,1,560066,Whitefield,Bangalore
SHP004871,M001,ORD008962,Delhivery,in_transit,1,no,88.6,3,560085,Banashankari,Bangalore
SHP004872,M001,ORD009653,Ecom Express,delivered,1,no,149.66,3,560037,Brookefield,Bangalore
SHP004873,M001,ORD006027,Ecom Express,in_transit,1,no,63.84,4,560048,Mahadevapura,Bangalore
SHP004874,M001,ORD007802,Shiprocket,rto,2,yes,182.08,5,560100,Electronic City,Bangalore
SHP004875,M001,ORD007367,Xpressbees,in_transit,1,no,93.4,2,560038,Indiranagar,Bangalore
SHP004876,M001,ORD009555,Ecom Express,failed_delivery,3,no,59.8,9,560034,Koramangala,Bangalore
SHP004877,M001,ORD006646,Shiprocket,delivered,1,no,69.34,5,560103,Bellandur,Bangalore
SHP004878,M001,ORD008135,Ecom Express,delivered,1,no,51.44,2,560037,Brookefield,Bangalore
SHP004879,M001,ORD007976,BlueDart,delivered,1,no,112.63,1,560035,Sarjapur Road,Bangalore
SHP004880,M001,ORD005809,Shiprocket,in_transit,1,no,66.73,2,560066,Whitefield,Bangalore
SHP004881,M001,ORD008247,Ecom Express,delivered,1,no,112.52,3,560037,Marathahalli,Bangalore
SHP004882,M001,ORD005482,BlueDart,delivered,1,no,78.98,1,560076,BTM Layout,Bangalore
SHP004883,M001,ORD009542,Ecom Express,delivered,1,no,101.85,2,560008,Ulsoor,Bangalore
SHP004884,M001,ORD005916,Xpressbees,delivered,1,no,105.86,5,560034,Koramangala,Bangalore
SHP004885,M001,ORD009800,Shiprocket,delivered,1,no,63.5,1,560038,Indiranagar,Bangalore
SHP004886,M001,ORD008964,BlueDart,delivered,1,no,147.85,1,560103,Bellandur,Bangalore
SHP004887,M001,ORD008398,BlueDart,failed_delivery,1,no,77.17,8,560003,Malleshwaram,Bangalore
SHP004888,M001,ORD006924,Delhivery,in_transit,2,no,100.8,3,560017,Old Airport Road,Bangalore
SHP004889,M001,ORD006895,Shiprocket,delivered,2,no,97.44,1,560008,Ulsoor,Bangalore
SHP004890,M001,ORD005475,Delhivery,delivered,1,no,117.75,1,560100,Electronic City,Bangalore
SHP004891,M001,ORD006403,Ecom Express,delivered,1,no,139.96,3,560017,Old Airport Road,Bangalore
SHP004892,M001,ORD008085,Delhivery,rto,2,yes,71.32,3,560103,Bellandur,Bangalore
SHP004893,M001,ORD005451,Ecom Express,delivered,2,no,76.84,1,560008,Ulsoor,Bangalore
SHP004894,M001,ORD006198,Xpressbees,in_transit,1,no,125.81,2,560008,Ulsoor,Bangalore
SHP004895,M001,ORD005847,Ecom Express,delivered,1,no,107.13,3,560100,Electronic City,Bangalore
SHP004896,M001,ORD005831,Shiprocket,delivered,1,no,178.74,4,560100,Electronic City,Bangalore
SHP004897,M001,ORD008439,Ecom Express,delivered,1,no,82.47,5,560071,Domlur,Bangalore
SHP004898,M001,ORD005335,Delhivery,delivered,2,no,61.23,4,560066,Whitefield,Bangalore
SHP004899,M001,ORD006729,Xpressbees,rto,2,yes,118.36,3,560066,Whitefield,Bangalore
SHP004900,M001,ORD008361,Shiprocket,in_transit,1,no,53.17,4,560066,Whitefield,Bangalore
SHP004901,M001,ORD008033,Ecom Express,delivered,1,no,118.92,5,560076,BTM Layout,Bangalore
SHP004902,M001,ORD005679,BlueDart,delivered,1,no,124.47,4,560066,Whitefield,Bangalore
SHP004903,M001,ORD005330,Delhivery,delivered,1,no,111.67,2,560103,Bellandur,Bangalore
SHP004904,M001,ORD008749,Ecom Express,in_transit,1,no,115.85,3,560066,Whitefield,Bangalore
SHP004905,M001,ORD009511,BlueDart,delivered,2,no,137.13,4,560100,Electronic City,Bangalore
SHP004906,M001,ORD006191,Delhivery,delivered,2,no,80.81,3,560017,Old Airport Road,Bangalore
SHP004907,M001,ORD007789,Ecom Express,delivered,1,no,127.43,3,560017,Old Airport Road,Bangalore
SHP004908,M001,ORD007414,Shiprocket,delivered,2,no,201.84,5,560035,Sarjapur Road,Bangalore
SHP004909,M001,ORD007025,BlueDart,delivered,1,no,122.62,5,560102,HSR Layout,Bangalore
SHP004910,M001,ORD006149,Xpressbees,delivered,2,no,125.57,3,560071,Domlur,Bangalore
SHP004911,M001,ORD007265,Shiprocket,delivered,1,no,98.43,4,560102,HSR Layout,Bangalore
SHP004912,M001,ORD007684,Shiprocket,in_transit,2,no,66.49,1,560102,HSR Layout,Bangalore
SHP004913,M001,ORD005759,BlueDart,in_transit,1,no,109.03,1,560100,Electronic City,Bangalore
SHP004914,M001,ORD008267,Ecom Express,delivered,1,no,102.62,4,560048,Mahadevapura,Bangalore
SHP004915,M001,ORD006757,BlueDart,delivered,1,no,49.54,4,560038,Indiranagar,Bangalore
SHP004916,M001,ORD006141,Delhivery,delivered,3,no,168.62,5,560100,Electronic City,Bangalore
SHP004917,M001,ORD008561,Ecom Express,in_transit,1,no,57.18,2,560017,Old Airport Road,Bangalore
SHP004918,M001,ORD005622,BlueDart,delivered,1,no,126.97,5,560103,Bellandur,Bangalore
SHP004919,M001,ORD006527,Xpressbees,delivered,1,no,60.76,2,560017,Old Airport Road,Bangalore
SHP004920,M001,ORD006494,Ecom Express,delivered,1,no,141.0,5,560103,Bellandur,Bangalore
SHP004921,M001,ORD007534,BlueDart,delivered,1,no,99.79,2,560066,Whitefield,Bangalore
SHP004922,M001,ORD009485,Xpressbees,delivered,2,no,191.55,2,560035,Sarjapur Road,Bangalore
SHP004923,M001,ORD006698,Delhivery,delivered,1,no,106.96,3,560041,Jayanagar,Bangalore
SHP004924,M001,ORD009296,BlueDart,in_transit,1,no,69.83,2,560004,Basavanagudi,Bangalore
SHP004925,M001,ORD005652,Ecom Express,delivered,1,no,141.05,3,560048,Mahadevapura,Bangalore
SHP004926,M001,ORD009701,Ecom Express,delivered,2,no,65.15,5,560071,Domlur,Bangalore
SHP004927,M001,ORD007535,Ecom Express,delivered,1,no,113.3,5,560102,HSR Layout,Bangalore
SHP004928,M001,ORD007601,BlueDart,delivered,1,no,102.79,1,560041,Jayanagar,Bangalore
SHP004929,M001,ORD009246,Shiprocket,delivered,2,no,61.12,4,560048,Mahadevapura,Bangalore
SHP004930,M001,ORD009598,Shiprocket,in_transit,2,no,60.05,2,560066,Whitefield,Bangalore
SHP004931,M001,ORD005957,BlueDart,delivered,1,no,95.34,1,560102,HSR Layout,Bangalore
SHP004932,M001,ORD009543,Delhivery,delivered,1,no,82.24,1,560038,Indiranagar,Bangalore
SHP004933,M001,ORD009421,Ecom Express,in_transit,2,no,158.95,3,560035,Sarjapur Road,Bangalore
SHP004934,M001,ORD009666,Delhivery,delivered,2,no,95.51,2,560102,HSR Layout,Bangalore
SHP004935,M001,ORD007310,Xpressbees,failed_delivery,1,no,90.83,7,560103,Bellandur,Bangalore
SHP004936,M001,ORD008119,BlueDart,rto,1,yes,102.59,7,560098,RR Nagar,Bangalore
SHP004937,M001,ORD009407,Delhivery,delivered,1,no,97.03,4,560048,Mahadevapura,Bangalore
SHP004938,M001,ORD008219,Shiprocket,delivered,1,no,93.87,5,560078,JP Nagar,Bangalore
SHP004939,M001,ORD005362,Delhivery,delivered,2,no,86.36,5,560103,Bellandur,Bangalore
SHP004940,M001,ORD006508,BlueDart,delivered,1,no,55.02,3,560103,Bellandur,Bangalore
SHP004941,M001,ORD009489,Delhivery,delivered,2,no,46.87,1,560102,HSR Layout,Bangalore
SHP004942,M001,ORD008217,Ecom Express,in_transit,2,no,46.74,3,560066,Whitefield,Bangalore
SHP004943,M001,ORD006145,Ecom Express,delivered,1,no,104.33,5,560034,Koramangala,Bangalore
SHP004944,M001,ORD007073,Ecom Express,delivered,2,no,63.03,3,560066,Whitefield,Bangalore
SHP004945,M001,ORD009786,Ecom Express,delivered,2,no,62.82,3,560004,Basavanagudi,Bangalore
SHP004946,M001,ORD005633,Xpressbees,in_transit,3,no,52.13,2,560034,Koramangala,Bangalore
SHP004947,M001,ORD009061,Shiprocket,delivered,1,no,110.84,5,560066,Whitefield,Bangalore
SHP004948,M001,ORD007236,Shiprocket,delivered,1,no,96.61,1,560066,Whitefield,Bangalore
SHP004949,M001,ORD008432,Shiprocket,rto,1,yes,69.12,5,560037,Marathahalli,Bangalore
SHP004950,M001,ORD005229,Delhivery,delivered,1,no,118.65,4,560036,KR Puram,Bangalore
SHP004951,M001,ORD005493,Delhivery,delivered,1,no,79.74,3,560066,Whitefield,Bangalore
SHP004952,M001,ORD008070,Shiprocket,delivered,1,no,57.78,1,560008,Ulsoor,Bangalore
SHP004953,M001,ORD007728,Ecom Express,delivered,2,no,189.99,4,560100,Electronic City,Bangalore
SHP004954,M001,ORD005765,BlueDart,in_transit,1,no,53.95,1,560037,Marathahalli,Bangalore
SHP004955,M001,ORD006779,Delhivery,failed_delivery,2,no,135.2,9,560036,KR Puram,Bangalore
SHP004956,M001,ORD006321,Delhivery,delivered,1,no,109.12,3,560066,Whitefield,Bangalore
SHP004957,M001,ORD007080,Delhivery,in_transit,1,no,49.8,4,560078,JP Nagar,Bangalore
SHP004958,M001,ORD008907,Ecom Express,delivered,1,no,174.45,5,560100,Electronic City,Bangalore
SHP004959,M001,ORD005012,BlueDart,delivered,1,no,138.57,1,560037,Marathahalli,Bangalore
SHP004960,M001,ORD005795,Delhivery,delivered,1,no,87.2,1,560004,Basavanagudi,Bangalore
SHP004961,M001,ORD009022,Ecom Express,delivered,1,no,142.5,4,560071,Domlur,Bangalore
SHP004962,M001,ORD007790,Xpressbees,in_transit,1,no,184.71,4,560035,Sarjapur Road,Bangalore
SHP004963,M001,ORD006498,Xpressbees,rto,2,yes,149.63,4,560034,Koramangala,Bangalore
SHP004964,M001,ORD009331,Ecom Express,delivered,1,no,174.98,2,560060,Kengeri,Bangalore
SHP004965,M001,ORD007738,Shiprocket,delivered,1,no,73.37,1,560102,HSR Layout,Bangalore
SHP004966,M001,ORD007873,Shiprocket,delivered,1,no,99.38,4,560078,JP Nagar,Bangalore
SHP004967,M001,ORD006617,BlueDart,delivered,1,no,125.11,5,560100,Electronic City,Bangalore
SHP004968,M001,ORD009783,Xpressbees,delivered,1,no,98.92,2,560102,HSR Layout,Bangalore
SHP004969,M001,ORD007296,BlueDart,rto,3,yes,146.92,5,560066,Whitefield,Bangalore
SHP004970,M001,ORD009946,Xpressbees,failed_delivery,1,no,75.81,7,560102,HSR Layout,Bangalore
SHP004971,M001,ORD005705,Xpressbees,delivered,2,no,72.55,3,560066,Whitefield,Bangalore
SHP004972,M001,ORD008909,Xpressbees,in_transit,1,no,109.22,3,560035,Sarjapur Road,Bangalore
SHP004973,M001,ORD007880,Delhivery,delivered,1,no,71.3,4,560040,Vijayanagar,Bangalore
SHP004974,M001,ORD009456,Xpressbees,delivered,2,no,121.09,2,560100,Electronic City,Bangalore
SHP004975,M001,ORD005199,BlueDart,delivered,2,no,154.98,4,560035,Sarjapur Road,Bangalore
SHP004976,M001,ORD008306,Xpressbees,delivered,1,no,134.36,5,560037,Marathahalli,Bangalore
SHP004977,M001,ORD005649,Ecom Express,delivered,2,no,47.09,3,560048,Mahadevapura,Bangalore
SHP004978,M001,ORD006882,Shiprocket,in_transit,1,no,57.06,2,560066,Whitefield,Bangalore
SHP004979,M001,ORD005993,Ecom Express,delivered,1,no,139.56,1,560102,HSR Layout,Bangalore
SHP004980,M001,ORD009612,Shiprocket,in_transit,1,no,73.35,4,560036,KR Puram,Bangalore
SHP004981,M001,ORD009452,Xpressbees,rto,1,yes,108.31,3,560035,Sarjapur Road,Bangalore
SHP004982,M001,ORD006741,Shiprocket,delivered,1,no,144.49,4,560076,BTM Layout,Bangalore
SHP004983,M001,ORD008770,Xpressbees,delivered,1,no,177.36,1,560100,Electronic City,Bangalore
SHP004984,M001,ORD007912,Xpressbees,delivered,1,no,65.7,1,560076,BTM Layout,Bangalore
SHP004985,M001,ORD008693,Xpressbees,delivered,1,no,84.11,2,560102,HSR Layout,Bangalore
SHP004986,M001,ORD005527,Delhivery,delivered,1,no,126.84,4,560076,Bannerghatta Road,Bangalore
SHP004987,M001,ORD008950,Delhivery,delivered,2,no,90.43,4,560103,Bellandur,Bangalore
SHP004988,M001,ORD008639,Xpressbees,in_transit,1,no,58.73,4,560066,Whitefield,Bangalore
SHP004989,M001,ORD005243,Delhivery,rto,3,yes,168.65,3,560100,Electronic City,Bangalore
SHP004990,M001,ORD009068,BlueDart,delivered,1,no,75.04,3,560037,Marathahalli,Bangalore
SHP004991,M001,ORD006481,Delhivery,rto,1,yes,60.57,5,560017,Old Airport Road,Bangalore
SHP004992,M001,ORD008258,Shiprocket,delivered,1,no,114.0,1,560048,Mahadevapura,Bangalore
SHP004993,M001,ORD005979,Shiprocket,delivered,1,no,75.72,1,560066,Whitefield,Bangalore
SHP004994,M001,ORD005236,Ecom Express,delivered,1,no,90.05,5,560102,HSR Layout,Bangalore
SHP004995,M001,ORD005258,Delhivery,delivered,1,no,94.03,5,560076,BTM Layout,Bangalore
SHP004996,M001,ORD006881,Xpressbees,failed_delivery,3,no,100.54,6,560066,Whitefield,Bangalore
SHP004997,M001,ORD007336,BlueDart,delivered,2,no,129.1,2,560048,Mahadevapura,Bangalore
SHP004998,M001,ORD008992,Shiprocket,rto,2,yes,94.72,4,560037,Brookefield,Bangalore
SHP004999,M001,ORD008488,Shiprocket,in_transit,1,no,52.7,3,560103,Bellandur,Bangalore
SHP005000,M001,ORD005840,Delhivery,delivered,1,no,106.17,1,560064,Jakkur,Bangalore
SHP005001,M001,ORD008872,BlueDart,delivered,1,no,55.71,3,560003,Malleshwaram,Bangalore
SHP005002,M001,ORD006024,BlueDart,in_transit,1,no,72.8,1,560034,Koramangala,Bangalore
SHP005003,M001,ORD007761,Ecom Express,delivered,1,no,57.76,5,560008,Ulsoor,Bangalore
SHP005004,M001,ORD008913,Delhivery,rto,2,yes,133.34,9,560100,Electronic City,Bangalore
SHP005005,M001,ORD009826,Shiprocket,rto,1,yes,172.84,7,560100,Electronic City,Bangalore
SHP005006,M001,ORD009991,Ecom Express,failed_delivery,1,no,168.01,5,560100,Electronic City,Bangalore
SHP005007,M001,ORD006129,Delhivery,delivered,1,no,112.52,5,560103,Bellandur,Bangalore
SHP005008,M001,ORD007371,Ecom Express,delivered,3,no,95.97,2,560071,Domlur,Bangalore
SHP005009,M001,ORD007269,Delhivery,delivered,1,no,96.76,2,560066,Whitefield,Bangalore
SHP005010,M001,ORD008926,Ecom Express,delivered,1,no,74.06,3,560034,Koramangala,Bangalore
SHP005011,M001,ORD006250,Ecom Express,delivered,1,no,66.75,2,560066,Whitefield,Bangalore
SHP005012,M001,ORD006786,Delhivery,delivered,1,no,99.02,3,560040,Vijayanagar,Bangalore
SHP005013,M001,ORD008415,BlueDart,failed_delivery,2,no,96.52,3,560038,Indiranagar,Bangalore
SHP005014,M001,ORD007896,Delhivery,delivered,1,no,115.13,3,560103,Bellandur,Bangalore
SHP005015,M001,ORD008784,Xpressbees,delivered,2,no,102.14,3,560076,BTM Layout,Bangalore
SHP005016,M001,ORD009863,Shiprocket,delivered,3,no,94.14,4,560076,BTM Layout,Bangalore
SHP005017,M001,ORD006513,Shiprocket,delivered,2,no,118.78,5,560035,Sarjapur Road,Bangalore
SHP005018,M001,ORD006084,Xpressbees,delivered,2,no,67.97,5,560008,Ulsoor,Bangalore
SHP005019,M001,ORD008760,Xpressbees,delivered,1,no,111.33,5,560060,Kengeri,Bangalore
SHP005020,M001,ORD009406,Delhivery,delivered,1,no,130.54,5,560034,Koramangala,Bangalore
SHP005021,M001,ORD007704,Shiprocket,delivered,2,no,108.25,2,560100,Electronic City,Bangalore
SHP005022,M001,ORD009735,Xpressbees,in_transit,2,no,50.88,2,560037,Marathahalli,Bangalore
SHP005023,M001,ORD008946,BlueDart,delivered,1,no,88.7,5,560017,Old Airport Road,Bangalore
SHP005024,M001,ORD005761,Xpressbees,delivered,1,no,56.29,4,560071,Domlur,Bangalore
SHP005025,M001,ORD005977,Delhivery,delivered,1,no,85.61,1,560102,HSR Layout,Bangalore
SHP005026,M001,ORD005458,Xpressbees,delivered,2,no,65.55,5,560103,Bellandur,Bangalore
SHP005027,M001,ORD005875,Xpressbees,delivered,2,no,77.55,3,560078,JP Nagar,Bangalore
SHP005028,M001,ORD006327,Ecom Express,rto,2,yes,102.25,7,560017,Old Airport Road,Bangalore
SHP005029,M001,ORD008472,Ecom Express,delivered,1,no,72.42,4,560048,Mahadevapura,Bangalore
SHP005030,M001,ORD005876,Delhivery,delivered,1,no,117.95,2,560103,Bellandur,Bangalore
SHP005031,M001,ORD005836,Shiprocket,in_transit,1,no,131.86,3,560034,Koramangala,Bangalore
SHP005032,M001,ORD009824,Xpressbees,delivered,1,no,150.74,1,560035,Sarjapur Road,Bangalore
SHP005033,M001,ORD009350,Shiprocket,failed_delivery,3,no,126.19,5,560071,Domlur,Bangalore
SHP005034,M001,ORD005083,Ecom Express,delivered,1,no,128.65,1,560076,BTM Layout,Bangalore
SHP005035,M001,ORD008801,Delhivery,delivered,2,no,116.93,3,560034,Koramangala,Bangalore
SHP005036,M001,ORD009870,Shiprocket,delivered,2,no,160.87,5,560100,Electronic City,Bangalore
SHP005037,M001,ORD007760,BlueDart,delivered,2,no,102.02,3,560078,JP Nagar,Bangalore
SHP005038,M001,ORD007974,Delhivery,delivered,1,no,103.85,4,560066,Whitefield,Bangalore
SHP005039,M001,ORD007939,BlueDart,rto,3,yes,93.92,7,560103,Bellandur,Bangalore
SHP005040,M001,ORD005077,Xpressbees,delivered,1,no,56.69,4,560066,Whitefield,Bangalore
SHP005041,M001,ORD007234,BlueDart,delivered,1,no,148.2,3,560048,Mahadevapura,Bangalore
SHP005042,M001,ORD007233,Shiprocket,rto,3,yes,84.52,7,560036,KR Puram,Bangalore
SHP005043,M001,ORD006758,Ecom Express,failed_delivery,3,no,138.07,6,560102,HSR Layout,Bangalore
SHP005044,M001,ORD007730,Xpressbees,in_transit,2,no,97.98,1,560076,BTM Layout,Bangalore
SHP005045,M001,ORD009952,Delhivery,delivered,1,no,123.5,2,560003,Malleshwaram,Bangalore
SHP005046,M001,ORD007851,Ecom Express,delivered,1,no,51.0,4,560040,Vijayanagar,Bangalore
SHP005047,M001,ORD005297,Xpressbees,rto,1,yes,121.49,3,560103,Bellandur,Bangalore
SHP005048,M001,ORD009961,Delhivery,delivered,2,no,50.44,5,560036,KR Puram,Bangalore
SHP005049,M001,ORD007213,Ecom Express,in_transit,2,no,104.21,2,560034,Koramangala,Bangalore
SHP005050,M001,ORD009420,Xpressbees,delivered,1,no,145.93,4,560037,Marathahalli,Bangalore
SHP005051,M001,ORD007220,BlueDart,delivered,1,no,123.91,3,560100,Electronic City,Bangalore
SHP005052,M001,ORD006496,Shiprocket,delivered,1,no,126.24,2,560071,Domlur,Bangalore
SHP005053,M001,ORD006331,Ecom Express,failed_delivery,3,no,169.02,7,560100,Electronic City,Bangalore
SHP005054,M001,ORD008521,Xpressbees,delivered,1,no,97.55,4,560071,Domlur,Bangalore
SHP005055,M001,ORD006289,Xpressbees,in_transit,1,no,80.67,4,560103,Bellandur,Bangalore
SHP005056,M001,ORD008845,Xpressbees,failed_delivery,2,no,84.66,8,560008,Ulsoor,Bangalore
SHP005057,M001,ORD005019,Delhivery,delivered,1,no,68.45,4,560034,Koramangala,Bangalore
SHP005058,M001,ORD007505,BlueDart,failed_delivery,3,no,59.06,8,560038,Indiranagar,Bangalore
SHP005059,M001,ORD005963,Ecom Express,delivered,2,no,65.11,2,560001,MG Road,Bangalore
SHP005060,M001,ORD008406,Delhivery,delivered,2,no,127.72,5,560034,Koramangala,Bangalore
SHP005061,M001,ORD005388,Shiprocket,in_transit,1,no,106.96,1,560003,Malleshwaram,Bangalore
SHP005062,M001,ORD009736,Shiprocket,delivered,1,no,87.04,3,560034,Koramangala,Bangalore
SHP005063,M001,ORD005026,Delhivery,delivered,1,no,198.42,3,560100,Electronic City,Bangalore
SHP005064,M001,ORD006601,Ecom Express,in_transit,1,no,55.38,4,560001,MG Road,Bangalore
SHP005065,M001,ORD008212,BlueDart,in_transit,1,no,154.34,1,560100,Electronic City,Bangalore
SHP005066,M001,ORD006645,Delhivery,delivered,2,no,122.23,1,560076,BTM Layout,Bangalore
SHP005067,M001,ORD006630,Ecom Express,delivered,1,no,110.17,4,560066,Whitefield,Bangalore
SHP005068,M001,ORD008672,Xpressbees,delivered,2,no,75.86,2,560034,Koramangala,Bangalore
SHP005069,M001,ORD005897,Shiprocket,failed_delivery,3,no,101.54,7,560100,Electronic City,Bangalore
SHP005070,M001,ORD005815,Delhivery,delivered,1,no,54.42,1,560102,HSR Layout,Bangalore
SHP005071,M001,ORD005223,Xpressbees,delivered,2,no,67.29,4,560071,Domlur,Bangalore
SHP005072,M001,ORD005049,Shiprocket,delivered,1,no,124.17,4,560066,Whitefield,Bangalore
SHP005073,M001,ORD008502,Shiprocket,in_transit,1,no,72.45,2,560036,KR Puram,Bangalore
SHP005074,M001,ORD008660,Xpressbees,delivered,1,no,50.67,2,560103,Bellandur,Bangalore
SHP005075,M001,ORD009409,BlueDart,failed_delivery,2,no,189.66,4,560060,Kengeri,Bangalore
SHP005076,M001,ORD006308,Delhivery,delivered,1,no,126.51,3,560102,HSR Layout,Bangalore
SHP005077,M001,ORD007525,BlueDart,delivered,1,no,57.94,2,560017,Old Airport Road,Bangalore
SHP005078,M001,ORD009632,Ecom Express,delivered,1,no,97.65,5,560066,Whitefield,Bangalore
SHP005079,M001,ORD007089,Xpressbees,delivered,1,no,62.94,3,560037,Marathahalli,Bangalore
SHP005080,M001,ORD005025,Ecom Express,delivered,1,no,168.13,4,560100,Electronic City,Bangalore
SHP005081,M001,ORD008569,Shiprocket,delivered,1,no,146.11,3,560100,Electronic City,Bangalore
SHP005082,M001,ORD009907,Ecom Express,delivered,1,no,76.07,3,560103,Bellandur,Bangalore
SHP005083,M001,ORD005073,Xpressbees,delivered,2,no,69.39,5,560036,KR Puram,Bangalore
SHP005084,M001,ORD006222,Ecom Express,delivered,1,no,81.85,4,560102,HSR Layout,Bangalore
SHP005085,M001,ORD007087,Shiprocket,rto,1,yes,118.79,6,560103,Bellandur,Bangalore
SHP005086,M001,ORD007314,Delhivery,delivered,1,no,100.72,2,560102,HSR Layout,Bangalore
SHP005087,M001,ORD009471,Delhivery,in_transit,1,no,136.69,3,560060,Kengeri,Bangalore
SHP005088,M001,ORD007342,Ecom Express,delivered,1,no,46.67,4,560036,KR Puram,Bangalore
SHP005089,M001,ORD005541,Ecom Express,rto,1,yes,51.72,7,560003,Malleshwaram,Bangalore
SHP005090,M001,ORD006059,Ecom Express,failed_delivery,3,no,46.9,8,560038,Indiranagar,Bangalore
SHP005091,M001,ORD006817,Delhivery,in_transit,2,no,50.15,1,560066,Whitefield,Bangalore
SHP005092,M001,ORD005770,BlueDart,delivered,2,no,117.67,2,560004,Basavanagudi,Bangalore
SHP005093,M001,ORD008649,Shiprocket,rto,2,yes,90.61,9,560024,Hebbal,Bangalore
SHP005094,M001,ORD008683,BlueDart,delivered,2,no,116.21,2,560034,Koramangala,Bangalore
SHP005095,M001,ORD006714,BlueDart,in_transit,1,no,96.8,3,560037,Marathahalli,Bangalore
SHP005096,M001,ORD009730,Shiprocket,failed_delivery,1,no,120.23,7,560100,Electronic City,Bangalore
SHP005097,M001,ORD006344,Shiprocket,in_transit,1,no,48.92,3,560048,Mahadevapura,Bangalore
SHP005098,M001,ORD008450,BlueDart,delivered,1,no,124.67,2,560060,Kengeri,Bangalore
SHP005099,M001,ORD008428,BlueDart,delivered,1,no,102.23,5,560001,MG Road,Bangalore
SHP005100,M001,ORD008260,Ecom Express,delivered,1,no,106.73,4,560076,BTM Layout,Bangalore
SHP005101,M001,ORD009258,Shiprocket,delivered,1,no,130.43,2,560085,Banashankari,Bangalore
SHP005102,M001,ORD005120,Delhivery,delivered,1,no,47.84,3,560066,Whitefield,Bangalore
SHP005103,M001,ORD008566,BlueDart,delivered,1,no,136.86,5,560100,Electronic City,Bangalore
SHP005104,M001,ORD006272,Delhivery,failed_delivery,1,no,108.86,3,560034,Koramangala,Bangalore
SHP005105,M001,ORD008112,Shiprocket,delivered,1,no,104.18,1,560034,Koramangala,Bangalore
SHP005106,M001,ORD007276,BlueDart,delivered,1,no,135.94,2,560100,Electronic City,Bangalore
SHP005107,M001,ORD006977,Shiprocket,failed_delivery,1,no,106.49,9,560017,Old Airport Road,Bangalore
SHP005108,M001,ORD005990,Xpressbees,delivered,2,no,100.95,3,560102,HSR Layout,Bangalore
SHP005109,M001,ORD009582,Delhivery,failed_delivery,2,no,94.14,8,560037,Brookefield,Bangalore
SHP005110,M001,ORD006504,Ecom Express,delivered,1,no,115.15,5,560103,Bellandur,Bangalore
SHP005111,M001,ORD007457,Delhivery,delivered,1,no,114.41,2,560076,Bannerghatta Road,Bangalore
SHP005112,M001,ORD009581,Xpressbees,in_transit,1,no,127.1,4,560038,Indiranagar,Bangalore
SHP005113,M001,ORD009175,BlueDart,delivered,1,no,148.94,3,560003,Malleshwaram,Bangalore
SHP005114,M001,ORD005428,BlueDart,rto,1,yes,175.6,6,560100,Electronic City,Bangalore
SHP005115,M001,ORD009759,Delhivery,delivered,2,no,96.49,4,560103,Bellandur,Bangalore
SHP005116,M001,ORD006457,Xpressbees,rto,3,yes,106.76,8,560102,HSR Layout,Bangalore
SHP005117,M001,ORD009486,Shiprocket,delivered,2,no,148.08,2,560034,Koramangala,Bangalore
SHP005118,M001,ORD005672,Delhivery,rto,2,yes,82.26,3,560102,HSR Layout,Bangalore
SHP005119,M001,ORD009079,Delhivery,in_transit,1,no,146.72,4,560058,Peenya,Bangalore
SHP005120,M001,ORD009815,Delhivery,delivered,1,no,142.87,4,560103,Bellandur,Bangalore
SHP005121,M001,ORD005010,BlueDart,in_transit,1,no,72.38,2,560034,Koramangala,Bangalore
SHP005122,M001,ORD008788,BlueDart,delivered,1,no,126.65,3,560066,Whitefield,Bangalore
SHP005123,M001,ORD008587,Delhivery,delivered,1,no,119.84,1,560103,Bellandur,Bangalore
SHP005124,M001,ORD005141,Shiprocket,delivered,1,no,81.4,2,560066,Whitefield,Bangalore
SHP005125,M001,ORD007624,Ecom Express,delivered,1,no,128.03,3,560066,Whitefield,Bangalore
SHP005126,M001,ORD009299,Ecom Express,delivered,2,no,121.6,1,560008,Ulsoor,Bangalore
SHP005127,M001,ORD005045,Shiprocket,in_transit,1,no,52.08,2,560003,Malleshwaram,Bangalore
SHP005128,M001,ORD006116,Xpressbees,delivered,1,no,181.62,4,560100,Electronic City,Bangalore
SHP005129,M001,ORD006169,BlueDart,delivered,1,no,100.71,3,560103,Bellandur,Bangalore
SHP005130,M001,ORD009596,Ecom Express,delivered,1,no,78.23,4,560003,Malleshwaram,Bangalore
SHP005131,M001,ORD009789,Delhivery,delivered,2,no,47.72,5,560004,Basavanagudi,Bangalore
SHP005132,M001,ORD008995,BlueDart,delivered,1,no,139.53,2,560102,HSR Layout,Bangalore
SHP005133,M001,ORD009941,Ecom Express,delivered,2,no,199.25,5,560100,Electronic City,Bangalore
SHP005134,M001,ORD009139,Shiprocket,delivered,1,no,79.06,4,560103,Bellandur,Bangalore
SHP005135,M001,ORD005798,Xpressbees,in_transit,1,no,182.22,3,560035,Sarjapur Road,Bangalore
SHP005136,M001,ORD009708,BlueDart,delivered,1,no,168.62,2,560100,Electronic City,Bangalore
SHP005137,M001,ORD006754,Shiprocket,delivered,1,no,90.23,2,560024,Hebbal,Bangalore
SHP005138,M001,ORD005950,Delhivery,delivered,2,no,75.37,3,560103,Bellandur,Bangalore
SHP005139,M001,ORD009006,Shiprocket,failed_delivery,1,no,204.43,5,560100,Electronic City,Bangalore
SHP005140,M001,ORD008890,Delhivery,failed_delivery,1,no,124.13,6,560017,Old Airport Road,Bangalore
SHP005141,M001,ORD007918,Ecom Express,delivered,1,no,103.63,4,560098,RR Nagar,Bangalore
SHP005142,M001,ORD005813,Ecom Express,delivered,1,no,144.3,2,560034,Koramangala,Bangalore
SHP005143,M001,ORD007429,BlueDart,delivered,1,no,104.81,5,560076,BTM Layout,Bangalore
SHP005144,M001,ORD006006,BlueDart,delivered,3,no,70.78,4,560102,HSR Layout,Bangalore
SHP005145,M001,ORD008251,Ecom Express,delivered,2,no,138.33,4,560036,KR Puram,Bangalore
SHP005146,M001,ORD007612,Ecom Express,delivered,3,no,73.98,3,560066,Whitefield,Bangalore
SHP005147,M001,ORD006936,BlueDart,rto,1,yes,144.82,9,560071,Domlur,Bangalore
SHP005148,M001,ORD007267,Shiprocket,failed_delivery,2,no,52.73,9,560102,HSR Layout,Bangalore
SHP005149,M001,ORD006260,BlueDart,in_transit,1,no,120.87,3,560017,Old Airport Road,Bangalore
SHP005150,M001,ORD007518,Delhivery,delivered,2,no,52.28,1,560064,Jakkur,Bangalore
SHP005151,M001,ORD005044,BlueDart,delivered,1,no,156.34,4,560100,Electronic City,Bangalore
SHP005152,M001,ORD005596,Xpressbees,failed_delivery,1,no,60.09,5,560003,Malleshwaram,Bangalore
SHP005153,M001,ORD009385,Shiprocket,failed_delivery,2,no,73.51,3,560037,Marathahalli,Bangalore
SHP005154,M001,ORD005644,BlueDart,delivered,3,no,123.94,1,560036,KR Puram,Bangalore
SHP005155,M001,ORD009144,Ecom Express,delivered,1,no,57.43,3,560037,Marathahalli,Bangalore
SHP005156,M001,ORD006764,BlueDart,in_transit,1,no,94.75,4,560076,BTM Layout,Bangalore
SHP005157,M001,ORD006098,BlueDart,delivered,2,no,59.94,4,560037,Marathahalli,Bangalore
SHP005158,M001,ORD007404,Ecom Express,delivered,2,no,132.25,3,560034,Koramangala,Bangalore
SHP005159,M001,ORD006797,BlueDart,delivered,2,no,147.57,4,560001,MG Road,Bangalore
SHP005160,M001,ORD005007,Delhivery,delivered,1,no,104.89,4,560100,Electronic City,Bangalore
SHP005161,M001,ORD009990,Ecom Express,delivered,2,no,134.28,4,560036,KR Puram,Bangalore
SHP005162,M001,ORD009575,Ecom Express,delivered,1,no,90.56,3,560037,Brookefield,Bangalore
SHP005163,M001,ORD009580,BlueDart,rto,2,yes,54.6,8,560048,Mahadevapura,Bangalore
SHP005164,M001,ORD006248,Ecom Express,in_transit,1,no,144.54,2,560076,Bannerghatta Road,Bangalore
SHP005165,M001,ORD006476,Shiprocket,delivered,2,no,132.62,1,560071,Domlur,Bangalore
SHP005166,M001,ORD005962,Xpressbees,delivered,2,no,87.04,2,560048,Mahadevapura,Bangalore
SHP005167,M001,ORD007424,BlueDart,delivered,1,no,72.64,1,560038,Indiranagar,Bangalore
SHP005168,M001,ORD007652,Shiprocket,delivered,1,no,119.66,4,560076,BTM Layout,Bangalore
SHP005169,M001,ORD009366,BlueDart,delivered,1,no,87.99,3,560102,HSR Layout,Bangalore
SHP005170,M001,ORD005154,BlueDart,delivered,1,no,120.0,3,560100,Electronic City,Bangalore
SHP005171,M001,ORD006175,BlueDart,delivered,1,no,56.98,2,560034,Koramangala,Bangalore
SHP005172,M001,ORD009569,Xpressbees,delivered,2,no,92.22,2,560034,Koramangala,Bangalore
SHP005173,M001,ORD005053,Delhivery,delivered,1,no,58.96,3,560017,Old Airport Road,Bangalore
SHP005174,M001,ORD009401,Xpressbees,in_transit,1,no,53.11,4,560037,Brookefield,Bangalore
SHP005175,M001,ORD005373,Delhivery,delivered,1,no,106.88,4,560036,KR Puram,Bangalore
SHP005176,M001,ORD009157,Xpressbees,delivered,1,no,166.39,5,560035,Sarjapur Road,Bangalore
SHP005177,M001,ORD008313,Delhivery,rto,3,yes,175.91,8,560100,Electronic City,Bangalore
SHP005178,M001,ORD008505,BlueDart,delivered,1,no,50.08,4,560102,HSR Layout,Bangalore
SHP005179,M001,ORD005732,Ecom Express,delivered,1,no,77.69,1,560071,Domlur,Bangalore
SHP005180,M001,ORD005730,Ecom Express,rto,2,yes,129.89,4,560008,Ulsoor,Bangalore
SHP005181,M001,ORD007855,Xpressbees,in_transit,2,no,130.88,3,560102,HSR Layout,Bangalore
SHP005182,M001,ORD006511,Delhivery,in_transit,1,no,110.61,3,560034,Koramangala,Bangalore
SHP005183,M001,ORD007295,Delhivery,in_transit,1,no,48.7,2,560038,Indiranagar,Bangalore
SHP005184,M001,ORD006868,BlueDart,in_transit,1,no,163.25,1,560035,Sarjapur Road,Bangalore
SHP005185,M001,ORD006939,Delhivery,delivered,1,no,121.58,3,560017,Old Airport Road,Bangalore
SHP005186,M001,ORD006528,Delhivery,delivered,1,no,73.71,3,560085,Banashankari,Bangalore
SHP005187,M001,ORD006962,Xpressbees,delivered,1,no,141.47,3,560102,HSR Layout,Bangalore
SHP005188,M001,ORD007906,Delhivery,rto,2,yes,167.28,8,560100,Electronic City,Bangalore
SHP005189,M001,ORD005029,Ecom Express,in_transit,2,no,120.8,1,560060,Kengeri,Bangalore
SHP005190,M001,ORD009388,Ecom Express,in_transit,1,no,56.15,2,560103,Bellandur,Bangalore
SHP005191,M001,ORD008153,Xpressbees,in_transit,1,no,113.96,4,560004,Basavanagudi,Bangalore
SHP005192,M001,ORD007198,Xpressbees,delivered,1,no,153.9,4,560035,Sarjapur Road,Bangalore
SHP005193,M001,ORD008680,Delhivery,in_transit,1,no,58.57,2,560024,Hebbal,Bangalore
SHP005194,M001,ORD009574,Shiprocket,delivered,1,no,179.17,1,560060,Kengeri,Bangalore
SHP005195,M001,ORD005496,Xpressbees,delivered,1,no,89.49,4,560048,Mahadevapura,Bangalore
SHP005196,M001,ORD009693,Xpressbees,delivered,1,no,110.26,2,560066,Whitefield,Bangalore
SHP005197,M001,ORD009527,Delhivery,delivered,1,no,84.95,4,560103,Bellandur,Bangalore
SHP005198,M001,ORD009984,Shiprocket,delivered,2,no,127.66,1,560066,Whitefield,Bangalore
SHP005199,M001,ORD006128,Delhivery,delivered,1,no,75.79,4,560078,JP Nagar,Bangalore
SHP005200,M001,ORD008473,BlueDart,delivered,1,no,127.74,2,560103,Bellandur,Bangalore
SHP005201,M001,ORD006517,Ecom Express,in_transit,1,no,123.6,4,560048,Mahadevapura,Bangalore
SHP005202,M001,ORD009319,Delhivery,delivered,3,no,142.68,1,560102,HSR Layout,Bangalore
SHP005203,M001,ORD006841,Ecom Express,delivered,2,no,52.75,5,560066,Whitefield,Bangalore
SHP005204,M001,ORD008836,Shiprocket,delivered,1,no,108.76,4,560102,HSR Layout,Bangalore
SHP005205,M001,ORD007668,Delhivery,failed_delivery,2,no,52.1,5,560102,HSR Layout,Bangalore
SHP005206,M001,ORD005600,Delhivery,delivered,1,no,147.4,2,560064,Yelahanka,Bangalore
SHP005207,M001,ORD009226,BlueDart,delivered,2,no,128.89,3,560100,Electronic City,Bangalore
SHP005208,M001,ORD007155,Shiprocket,delivered,1,no,138.45,1,560078,JP Nagar,Bangalore
SHP005209,M001,ORD009810,Ecom Express,delivered,1,no,75.36,2,560102,HSR Layout,Bangalore
SHP005210,M001,ORD007027,BlueDart,delivered,1,no,66.94,5,560037,Marathahalli,Bangalore
SHP005211,M001,ORD005943,Ecom Express,delivered,1,no,74.5,5,560017,Old Airport Road,Bangalore
SHP005212,M001,ORD007178,Xpressbees,delivered,1,no,86.86,3,560102,HSR Layout,Bangalore
SHP005213,M001,ORD007068,Ecom Express,delivered,1,no,106.19,2,560066,Whitefield,Bangalore
SHP005214,M001,ORD007933,Delhivery,in_transit,1,no,82.8,4,560035,Sarjapur Road,Bangalore
SHP005215,M001,ORD009103,Shiprocket,delivered,1,no,104.28,3,560003,Malleshwaram,Bangalore
SHP005216,M001,ORD009554,Shiprocket,rto,3,yes,82.2,3,560100,Electronic City,Bangalore
SHP005217,M001,ORD006241,Delhivery,delivered,1,no,78.83,4,560076,Bannerghatta Road,Bangalore
SHP005218,M001,ORD007019,Shiprocket,delivered,1,no,53.41,1,560036,KR Puram,Bangalore
SHP005219,M001,ORD005360,BlueDart,delivered,1,no,96.65,4,560037,Marathahalli,Bangalore
SHP005220,M001,ORD009345,BlueDart,delivered,1,no,45.71,2,560066,Whitefield,Bangalore
SHP005221,M001,ORD006157,Shiprocket,rto,3,yes,108.27,7,560017,Old Airport Road,Bangalore
SHP005222,M001,ORD008011,Shiprocket,delivered,1,no,71.03,4,560085,Banashankari,Bangalore
SHP005223,M001,ORD005767,Delhivery,failed_delivery,2,no,132.09,5,560066,Whitefield,Bangalore
SHP005224,M001,ORD009505,Ecom Express,in_transit,3,no,63.95,1,560102,HSR Layout,Bangalore
SHP005225,M001,ORD009811,Ecom Express,delivered,1,no,51.2,4,560103,Bellandur,Bangalore
SHP005226,M001,ORD005165,Xpressbees,delivered,2,no,124.5,5,560038,Indiranagar,Bangalore
SHP005227,M001,ORD007496,Ecom Express,delivered,1,no,75.47,2,560102,HSR Layout,Bangalore
SHP005228,M001,ORD009918,Shiprocket,delivered,2,no,74.26,3,560008,Ulsoor,Bangalore
SHP005229,M001,ORD005146,BlueDart,delivered,1,no,137.51,1,560060,Kengeri,Bangalore
SHP005230,M001,ORD005575,Xpressbees,delivered,1,no,146.76,4,560017,Old Airport Road,Bangalore
SHP005231,M001,ORD008253,Xpressbees,in_transit,2,no,73.77,1,560037,Brookefield,Bangalore
SHP005232,M001,ORD006523,BlueDart,rto,3,yes,52.82,5,560048,Mahadevapura,Bangalore
SHP005233,M001,ORD006495,Xpressbees,delivered,2,no,143.14,2,560076,Bannerghatta Road,Bangalore
SHP005234,M001,ORD007169,Ecom Express,delivered,1,no,114.09,2,560066,Whitefield,Bangalore
SHP005235,M001,ORD005486,Ecom Express,delivered,1,no,187.21,5,560058,Peenya,Bangalore
SHP005236,M001,ORD007283,Xpressbees,delivered,1,no,129.23,2,560103,Bellandur,Bangalore
SHP005237,M001,ORD008321,Shiprocket,delivered,2,no,45.67,2,560017,Old Airport Road,Bangalore
SHP005238,M001,ORD008442,Ecom Express,delivered,2,no,54.97,1,560038,Indiranagar,Bangalore
SHP005239,M001,ORD006863,BlueDart,delivered,3,no,103.9,4,560103,Bellandur,Bangalore
SHP005240,M001,ORD008891,Delhivery,failed_delivery,1,no,95.27,8,560037,Marathahalli,Bangalore
SHP005241,M001,ORD005670,Xpressbees,in_transit,1,no,93.91,3,560037,Brookefield,Bangalore
SHP005242,M001,ORD005413,Delhivery,delivered,1,no,46.67,1,560078,JP Nagar,Bangalore
SHP005243,M001,ORD006277,Xpressbees,delivered,1,no,86.44,4,560066,Whitefield,Bangalore
SHP005244,M001,ORD008608,Xpressbees,rto,2,yes,113.08,5,560017,Old Airport Road,Bangalore
SHP005245,M001,ORD008178,Ecom Express,failed_delivery,2,no,131.07,8,560100,Electronic City,Bangalore
SHP005246,M001,ORD007955,Shiprocket,in_transit,1,no,117.62,4,560035,Sarjapur Road,Bangalore
SHP005247,M001,ORD009404,Ecom Express,delivered,1,no,77.49,2,560066,Whitefield,Bangalore
SHP005248,M001,ORD006516,BlueDart,delivered,1,no,62.77,3,560066,Whitefield,Bangalore
SHP005249,M001,ORD005401,Delhivery,delivered,2,no,143.2,2,560035,Sarjapur Road,Bangalore
SHP005250,M001,ORD008307,BlueDart,delivered,1,no,199.59,4,560064,Yelahanka,Bangalore
SHP005251,M001,ORD008552,Ecom Express,delivered,1,no,78.01,1,560066,Whitefield,Bangalore
SHP005252,M001,ORD008762,Delhivery,delivered,1,no,83.31,1,560066,Whitefield,Bangalore
SHP005253,M001,ORD009011,Delhivery,in_transit,2,no,82.63,4,560035,Sarjapur Road,Bangalore
SHP005254,M001,ORD005068,Xpressbees,in_transit,3,no,111.64,1,560034,Koramangala,Bangalore
SHP005255,M001,ORD008185,Ecom Express,in_transit,1,no,140.29,3,560103,Bellandur,Bangalore
SHP005256,M001,ORD005645,BlueDart,delivered,1,no,102.15,5,560040,Vijayanagar,Bangalore
SHP005257,M001,ORD007715,Shiprocket,delivered,1,no,194.65,2,560100,Electronic City,Bangalore
SHP005258,M001,ORD008667,Delhivery,delivered,1,no,129.28,1,560078,JP Nagar,Bangalore
SHP005259,M001,ORD005150,Delhivery,delivered,1,no,74.61,5,560085,Banashankari,Bangalore
SHP005260,M001,ORD006444,Xpressbees,delivered,1,no,57.26,2,560102,HSR Layout,Bangalore
SHP005261,M001,ORD008657,Delhivery,delivered,1,no,102.38,1,560103,Bellandur,Bangalore
SHP005262,M001,ORD006795,Xpressbees,delivered,2,no,60.33,4,560103,Bellandur,Bangalore
SHP005263,M001,ORD007154,Ecom Express,delivered,1,no,99.38,3,560048,Mahadevapura,Bangalore
SHP005264,M001,ORD005124,BlueDart,delivered,1,no,70.04,1,560008,Ulsoor,Bangalore
SHP005265,M001,ORD006470,Shiprocket,delivered,2,no,124.97,4,560017,Old Airport Road,Bangalore
SHP005266,M001,ORD009503,Shiprocket,failed_delivery,3,no,99.75,5,560036,KR Puram,Bangalore
SHP005267,M001,ORD009684,Delhivery,delivered,1,no,98.87,5,560037,Marathahalli,Bangalore
SHP005268,M001,ORD006315,BlueDart,delivered,1,no,108.27,1,560037,Marathahalli,Bangalore
SHP005269,M001,ORD007919,Delhivery,delivered,3,no,50.52,2,560008,Ulsoor,Bangalore
SHP005270,M001,ORD005861,Ecom Express,rto,2,yes,213.79,4,560100,Electronic City,Bangalore
SHP005271,M001,ORD006549,Xpressbees,rto,2,yes,126.47,8,560036,KR Puram,Bangalore
SHP005272,M001,ORD009966,Shiprocket,delivered,1,no,105.39,2,560037,Marathahalli,Bangalore
SHP005273,M001,ORD008688,Shiprocket,rto,1,yes,148.52,9,560100,Electronic City,Bangalore
SHP005274,M001,ORD009373,Shiprocket,in_transit,1,no,143.52,4,560037,Brookefield,Bangalore
SHP005275,M001,ORD007259,BlueDart,delivered,2,no,64.72,1,560048,Mahadevapura,Bangalore
SHP005276,M001,ORD009827,BlueDart,in_transit,1,no,103.68,4,560100,Electronic City,Bangalore
SHP005277,M001,ORD009221,Delhivery,in_transit,1,no,127.62,3,560037,Brookefield,Bangalore
SHP005278,M001,ORD009448,Delhivery,delivered,1,no,51.05,4,560066,Whitefield,Bangalore
SHP005279,M001,ORD005050,Ecom Express,delivered,1,no,57.26,1,560034,Koramangala,Bangalore
SHP005280,M001,ORD008159,Xpressbees,rto,3,yes,78.25,9,560038,Indiranagar,Bangalore
SHP005281,M001,ORD008157,Xpressbees,delivered,1,no,160.23,1,560100,Electronic City,Bangalore
SHP005282,M001,ORD006997,BlueDart,rto,2,yes,58.54,6,560037,Marathahalli,Bangalore
SHP005283,M001,ORD009284,BlueDart,delivered,1,no,139.07,1,560066,Whitefield,Bangalore
SHP005284,M001,ORD006401,BlueDart,failed_delivery,2,no,109.08,6,560048,Mahadevapura,Bangalore
SHP005285,M001,ORD007118,Delhivery,in_transit,1,no,49.43,4,560034,Koramangala,Bangalore
SHP005286,M001,ORD007893,Delhivery,delivered,1,no,92.86,5,560036,KR Puram,Bangalore
SHP005287,M001,ORD007819,Xpressbees,delivered,2,no,55.26,1,560066,Whitefield,Bangalore
SHP005288,M001,ORD005811,BlueDart,delivered,2,no,130.15,4,560038,Indiranagar,Bangalore
SHP005289,M001,ORD007602,Delhivery,in_transit,1,no,96.69,2,560008,Ulsoor,Bangalore
SHP005290,M001,ORD009263,Shiprocket,in_transit,2,no,79.51,4,560037,Marathahalli,Bangalore
SHP005291,M001,ORD008151,BlueDart,in_transit,1,no,84.92,2,560038,Indiranagar,Bangalore
SHP005292,M001,ORD006636,Ecom Express,delivered,1,no,93.15,4,560102,HSR Layout,Bangalore
SHP005293,M001,ORD008849,Xpressbees,rto,2,yes,133.38,4,560037,Marathahalli,Bangalore
SHP005294,M001,ORD008738,BlueDart,delivered,1,no,58.14,5,560066,Whitefield,Bangalore
SHP005295,M001,ORD005921,Shiprocket,failed_delivery,2,no,57.22,8,560036,KR Puram,Bangalore
SHP005296,M001,ORD006314,Shiprocket,failed_delivery,1,no,189.29,8,560100,Electronic City,Bangalore
SHP005297,M001,ORD008844,Xpressbees,rto,3,yes,124.45,9,560071,Domlur,Bangalore
SHP005298,M001,ORD005340,Delhivery,rto,1,yes,59.76,4,560085,Banashankari,Bangalore
SHP005299,M001,ORD007026,Ecom Express,failed_delivery,1,no,114.29,8,560060,Kengeri,Bangalore
SHP005300,M001,ORD005208,Delhivery,rto,1,yes,86.05,8,560076,BTM Layout,Bangalore
SHP005301,M001,ORD009140,Shiprocket,delivered,1,no,51.47,5,560017,Old Airport Road,Bangalore
SHP005302,M001,ORD007508,Delhivery,delivered,1,no,147.4,1,560076,Bannerghatta Road,Bangalore
SHP005303,M001,ORD009903,Delhivery,in_transit,1,no,45.25,3,560037,Marathahalli,Bangalore
SHP005304,M001,ORD005612,Shiprocket,delivered,1,no,104.53,3,560037,Marathahalli,Bangalore
SHP005305,M001,ORD005980,Delhivery,failed_delivery,3,no,92.01,8,560103,Bellandur,Bangalore
SHP005306,M001,ORD008075,Delhivery,delivered,2,no,59.59,4,560071,Domlur,Bangalore
SHP005307,M001,ORD005244,Shiprocket,delivered,2,no,66.16,1,560034,Koramangala,Bangalore
SHP005308,M001,ORD008354,BlueDart,delivered,1,no,63.12,4,560076,BTM Layout,Bangalore
SHP005309,M001,ORD005794,BlueDart,delivered,1,no,192.11,1,560100,Electronic City,Bangalore
SHP005310,M001,ORD007523,Ecom Express,failed_delivery,2,no,71.24,6,560036,KR Puram,Bangalore
SHP005311,M001,ORD006599,BlueDart,in_transit,1,no,119.91,2,560102,HSR Layout,Bangalore
SHP005312,M001,ORD008699,Shiprocket,delivered,3,no,93.54,1,560041,Jayanagar,Bangalore
SHP005313,M001,ORD005474,Ecom Express,in_transit,2,no,108.97,1,560085,Banashankari,Bangalore
SHP005314,M001,ORD008045,Shiprocket,delivered,1,no,145.78,2,560037,Brookefield,Bangalore
SHP005315,M001,ORD007417,Shiprocket,delivered,1,no,147.01,3,560103,Bellandur,Bangalore
SHP005316,M001,ORD007669,Xpressbees,failed_delivery,2,no,124.9,7,560100,Electronic City,Bangalore
SHP005317,M001,ORD008691,Xpressbees,delivered,1,no,51.3,4,560066,Whitefield,Bangalore
SHP005318,M001,ORD008908,Delhivery,delivered,1,no,74.8,5,560064,Jakkur,Bangalore
SHP005319,M001,ORD008312,Ecom Express,delivered,1,no,85.76,3,560048,Mahadevapura,Bangalore
SHP005320,M001,ORD008794,Shiprocket,delivered,1,no,72.34,4,560064,Jakkur,Bangalore
SHP005321,M001,ORD005094,Xpressbees,delivered,1,no,134.69,4,560064,Yelahanka,Bangalore
SHP005322,M001,ORD005113,Delhivery,rto,3,yes,51.62,8,560008,Ulsoor,Bangalore
SHP005323,M001,ORD009247,BlueDart,rto,2,yes,63.25,9,560103,Bellandur,Bangalore
SHP005324,M001,ORD005772,Shiprocket,in_transit,1,no,46.38,3,560066,Whitefield,Bangalore
SHP005325,M001,ORD007306,Ecom Express,failed_delivery,1,no,97.3,4,560037,Brookefield,Bangalore
SHP005326,M001,ORD008860,Ecom Express,delivered,1,no,147.36,4,560071,Domlur,Bangalore
SHP005327,M001,ORD009433,BlueDart,delivered,1,no,125.73,2,560017,Old Airport Road,Bangalore
SHP005328,M001,ORD006914,Ecom Express,failed_delivery,1,no,176.0,6,560100,Electronic City,Bangalore
SHP005329,M001,ORD006056,Xpressbees,delivered,1,no,70.05,3,560036,KR Puram,Bangalore
SHP005330,M001,ORD008809,Ecom Express,rto,1,yes,138.68,9,560100,Electronic City,Bangalore
SHP005331,M001,ORD008092,Shiprocket,in_transit,2,no,82.8,1,560034,Koramangala,Bangalore
SHP005332,M001,ORD006594,Ecom Express,delivered,3,no,186.47,1,560035,Sarjapur Road,Bangalore
SHP005333,M001,ORD007737,Xpressbees,delivered,1,no,69.4,2,560037,Brookefield,Bangalore
SHP005334,M001,ORD008192,BlueDart,failed_delivery,2,no,96.64,4,560076,BTM Layout,Bangalore
SHP005335,M001,ORD006577,BlueDart,in_transit,1,no,102.33,3,560034,Koramangala,Bangalore
SHP005336,M001,ORD009032,BlueDart,delivered,2,no,45.8,3,560004,Basavanagudi,Bangalore
SHP005337,M001,ORD009067,Delhivery,delivered,2,no,78.38,3,560037,Brookefield,Bangalore
SHP005338,M001,ORD006661,BlueDart,in_transit,1,no,149.69,2,560034,Koramangala,Bangalore
SHP005339,M001,ORD005444,BlueDart,failed_delivery,1,no,62.51,4,560038,Indiranagar,Bangalore
SHP005340,M001,ORD005826,BlueDart,failed_delivery,1,no,111.58,5,560048,Mahadevapura,Bangalore
SHP005341,M001,ORD005419,Ecom Express,delivered,3,no,109.81,5,560040,Vijayanagar,Bangalore
SHP005342,M001,ORD005454,BlueDart,delivered,1,no,59.92,4,560037,Marathahalli,Bangalore
SHP005343,M001,ORD006088,BlueDart,delivered,1,no,138.33,4,560037,Brookefield,Bangalore
SHP005344,M001,ORD007868,Xpressbees,delivered,1,no,97.74,3,560008,Ulsoor,Bangalore
SHP005345,M001,ORD007422,Ecom Express,delivered,1,no,99.73,4,560034,Koramangala,Bangalore
SHP005346,M001,ORD006688,Ecom Express,in_transit,2,no,94.34,4,560076,Bannerghatta Road,Bangalore
SHP005347,M001,ORD008226,Shiprocket,failed_delivery,3,no,74.56,4,560041,Jayanagar,Bangalore
SHP005348,M001,ORD006621,Delhivery,delivered,1,no,57.81,5,560036,KR Puram,Bangalore
SHP005349,M001,ORD008981,Shiprocket,delivered,1,no,142.66,2,560036,KR Puram,Bangalore
SHP005350,M001,ORD009864,BlueDart,delivered,1,no,149.12,5,560034,Koramangala,Bangalore
SHP005351,M001,ORD006358,BlueDart,delivered,1,no,66.67,1,560103,Bellandur,Bangalore
SHP005352,M001,ORD008455,Shiprocket,delivered,1,no,148.95,1,560102,HSR Layout,Bangalore
SHP005353,M001,ORD005409,Delhivery,delivered,1,no,69.78,1,560008,Ulsoor,Bangalore
SHP005354,M001,ORD005041,Ecom Express,delivered,1,no,58.23,1,560008,Ulsoor,Bangalore
SHP005355,M001,ORD007632,BlueDart,in_transit,1,no,132.67,4,560102,HSR Layout,Bangalore
SHP005356,M001,ORD009728,Ecom Express,delivered,2,no,101.49,5,560098,RR Nagar,Bangalore
SHP005357,M001,ORD006456,BlueDart,in_transit,1,no,101.1,1,560085,Banashankari,Bangalore
SHP005358,M001,ORD009390,Xpressbees,delivered,1,no,90.56,2,560103,Bellandur,Bangalore
SHP005359,M001,ORD006884,Xpressbees,in_transit,1,no,169.18,3,560100,Electronic City,Bangalore
SHP005360,M001,ORD005781,Delhivery,delivered,1,no,128.18,5,560103,Bellandur,Bangalore
SHP005361,M001,ORD008795,Ecom Express,delivered,1,no,112.27,3,560076,Bannerghatta Road,Bangalore
SHP005362,M001,ORD009630,BlueDart,delivered,3,no,49.67,1,560017,Old Airport Road,Bangalore
SHP005363,M001,ORD007772,Ecom Express,in_transit,2,no,68.24,1,560034,Koramangala,Bangalore
SHP005364,M001,ORD007369,Shiprocket,in_transit,1,no,116.66,4,560048,Mahadevapura,Bangalore
SHP005365,M001,ORD009216,Delhivery,delivered,2,no,83.04,2,560085,Banashankari,Bangalore
SHP005366,M001,ORD009754,Shiprocket,delivered,1,no,106.66,4,560100,Electronic City,Bangalore
SHP005367,M001,ORD008750,Shiprocket,delivered,1,no,69.73,1,560037,Marathahalli,Bangalore
SHP005368,M001,ORD007167,BlueDart,delivered,2,no,53.57,4,560037,Marathahalli,Bangalore
SHP005369,M001,ORD005734,Shiprocket,delivered,1,no,57.79,3,560103,Bellandur,Bangalore
SHP005370,M001,ORD007665,Shiprocket,delivered,1,no,100.38,2,560038,Indiranagar,Bangalore
SHP005371,M001,ORD009253,Shiprocket,delivered,1,no,120.34,4,560071,Domlur,Bangalore
SHP005372,M001,ORD005828,Xpressbees,delivered,2,no,119.83,4,560040,Vijayanagar,Bangalore
SHP005373,M001,ORD006048,Delhivery,delivered,2,no,52.29,2,560034,Koramangala,Bangalore
SHP005374,M001,ORD007279,BlueDart,delivered,1,no,66.61,4,560037,Marathahalli,Bangalore
SHP005375,M001,ORD006249,Xpressbees,rto,3,yes,65.33,5,560098,RR Nagar,Bangalore
SHP005376,M001,ORD009614,Delhivery,in_transit,1,no,141.76,2,560100,Electronic City,Bangalore
SHP005377,M001,ORD006044,Ecom Express,delivered,1,no,144.51,1,560103,Bellandur,Bangalore
SHP005378,M001,ORD007998,Shiprocket,delivered,1,no,56.22,1,560102,HSR Layout,Bangalore
SHP005379,M001,ORD006147,Delhivery,delivered,3,no,133.19,4,560040,Vijayanagar,Bangalore
SHP005380,M001,ORD005013,Xpressbees,delivered,1,no,136.51,2,560066,Whitefield,Bangalore
SHP005381,M001,ORD006572,Ecom Express,in_transit,1,no,71.46,1,560037,Marathahalli,Bangalore
SHP005382,M001,ORD009838,BlueDart,delivered,1,no,56.93,1,560037,Marathahalli,Bangalore
SHP005383,M001,ORD007091,Delhivery,delivered,1,no,142.12,2,560102,HSR Layout,Bangalore
SHP005384,M001,ORD006725,Ecom Express,delivered,1,no,119.63,5,560066,Whitefield,Bangalore
SHP005385,M001,ORD009751,Ecom Express,delivered,2,no,136.34,4,560001,MG Road,Bangalore
SHP005386,M001,ORD009829,Shiprocket,delivered,2,no,112.48,4,560103,Bellandur,Bangalore
SHP005387,M001,ORD005354,Shiprocket,delivered,1,no,45.08,1,560076,BTM Layout,Bangalore
SHP005388,M001,ORD008787,BlueDart,in_transit,1,no,126.07,1,560008,Ulsoor,Bangalore
SHP005389,M001,ORD007671,Delhivery,delivered,1,no,79.0,3,560102,HSR Layout,Bangalore
SHP005390,M001,ORD005764,Shiprocket,delivered,2,no,46.81,4,560017,Old Airport Road,Bangalore
SHP005391,M001,ORD007611,Shiprocket,delivered,1,no,74.93,4,560010,Rajajinagar,Bangalore
SHP005392,M001,ORD007931,Shiprocket,delivered,1,no,62.58,4,560024,Hebbal,Bangalore
SHP005393,M001,ORD005182,BlueDart,delivered,2,no,188.9,1,560060,Kengeri,Bangalore
SHP005394,M001,ORD008064,Delhivery,delivered,2,no,122.44,3,560064,Yelahanka,Bangalore
SHP005395,M001,ORD008028,Ecom Express,in_transit,1,no,130.42,3,560071,Domlur,Bangalore
SHP005396,M001,ORD006883,Shiprocket,delivered,3,no,91.53,1,560037,Marathahalli,Bangalore
SHP005397,M001,ORD006209,BlueDart,delivered,1,no,90.41,1,560066,Whitefield,Bangalore
SHP005398,M001,ORD007734,Xpressbees,delivered,1,no,99.67,4,560058,Peenya,Bangalore
SHP005399,M001,ORD006286,BlueDart,in_transit,1,no,87.36,3,560004,Basavanagudi,Bangalore
SHP005400,M001,ORD008681,Shiprocket,delivered,1,no,132.26,3,560017,Old Airport Road,Bangalore
SHP005401,M001,ORD005396,Shiprocket,delivered,1,no,126.94,1,560008,Ulsoor,Bangalore
SHP005402,M001,ORD005422,BlueDart,in_transit,1,no,90.72,4,560048,Mahadevapura,Bangalore
SHP005403,M001,ORD006214,BlueDart,in_transit,2,no,109.03,2,560038,Indiranagar,Bangalore
SHP005404,M001,ORD007829,Ecom Express,delivered,1,no,117.18,1,560100,Electronic City,Bangalore
SHP005405,M001,ORD008485,Ecom Express,delivered,2,no,136.38,5,560103,Bellandur,Bangalore
SHP005406,M001,ORD008055,Ecom Express,rto,2,yes,70.75,3,560076,Bannerghatta Road,Bangalore
SHP005407,M001,ORD009343,Shiprocket,in_transit,1,no,96.43,2,560008,Ulsoor,Bangalore
SHP005408,M001,ORD007647,Shiprocket,in_transit,1,no,96.0,4,560037,Marathahalli,Bangalore
SHP005409,M001,ORD007128,Shiprocket,delivered,3,no,103.11,2,560066,Whitefield,Bangalore
SHP005410,M001,ORD008471,Shiprocket,delivered,1,no,63.15,5,560034,Koramangala,Bangalore
SHP005411,M001,ORD005220,Delhivery,rto,3,yes,56.14,5,560017,Old Airport Road,Bangalore
SHP005412,M001,ORD009270,Delhivery,in_transit,1,no,102.42,1,560035,Sarjapur Road,Bangalore
SHP005413,M001,ORD008873,BlueDart,delivered,1,no,97.79,5,560048,Mahadevapura,Bangalore
SHP005414,M001,ORD008503,Xpressbees,rto,1,yes,49.51,3,560071,Domlur,Bangalore
SHP005415,M001,ORD006700,Delhivery,delivered,2,no,177.11,4,560100,Electronic City,Bangalore
SHP005416,M001,ORD007586,Xpressbees,delivered,2,no,110.23,4,560102,HSR Layout,Bangalore
SHP005417,M001,ORD007945,Ecom Express,delivered,3,no,108.39,2,560008,Ulsoor,Bangalore
SHP005418,M001,ORD008727,Ecom Express,failed_delivery,2,no,78.2,8,560103,Bellandur,Bangalore
SHP005419,M001,ORD009729,Delhivery,delivered,1,no,120.47,4,560100,Electronic City,Bangalore
SHP005420,M001,ORD009567,Xpressbees,delivered,1,no,55.82,1,560066,Whitefield,Bangalore
SHP005421,M001,ORD005668,Ecom Express,delivered,2,no,100.4,5,560034,Koramangala,Bangalore
SHP005422,M001,ORD006346,Shiprocket,delivered,1,no,133.51,1,560048,Mahadevapura,Bangalore
SHP005423,M001,ORD005296,Ecom Express,delivered,1,no,128.57,4,560103,Bellandur,Bangalore
SHP005424,M001,ORD005659,BlueDart,delivered,1,no,60.74,2,560036,KR Puram,Bangalore
SHP005425,M001,ORD007834,Delhivery,failed_delivery,2,no,83.54,7,560037,Marathahalli,Bangalore
SHP005426,M001,ORD005114,BlueDart,in_transit,1,no,114.92,3,560034,Koramangala,Bangalore
SHP005427,M001,ORD008755,Shiprocket,delivered,1,no,188.51,5,560064,Yelahanka,Bangalore
SHP005428,M001,ORD009590,Delhivery,in_transit,2,no,85.27,2,560037,Brookefield,Bangalore
SHP005429,M001,ORD007716,Xpressbees,rto,3,yes,96.27,8,560100,Electronic City,Bangalore
SHP005430,M001,ORD008389,Ecom Express,delivered,1,no,47.73,1,560036,KR Puram,Bangalore
SHP005431,M001,ORD009664,Xpressbees,in_transit,1,no,107.02,3,560100,Electronic City,Bangalore
SHP005432,M001,ORD005782,BlueDart,delivered,2,no,64.49,5,560102,HSR Layout,Bangalore
SHP005433,M001,ORD008982,Xpressbees,failed_delivery,2,no,95.29,4,560102,HSR Layout,Bangalore
SHP005434,M001,ORD008996,Delhivery,delivered,3,no,68.74,4,560076,BTM Layout,Bangalore
SHP005435,M001,ORD007843,Delhivery,failed_delivery,1,no,63.19,3,560048,Mahadevapura,Bangalore
SHP005436,M001,ORD006923,Delhivery,delivered,1,no,119.65,1,560103,Bellandur,Bangalore
SHP005437,M001,ORD005768,Delhivery,delivered,1,no,151.57,5,560064,Yelahanka,Bangalore
SHP005438,M001,ORD009348,BlueDart,rto,3,yes,112.86,5,560034,Koramangala,Bangalore
SHP005439,M001,ORD006273,Xpressbees,delivered,1,no,88.73,1,560034,Koramangala,Bangalore
SHP005440,M001,ORD005812,Xpressbees,delivered,2,no,93.09,4,560034,Koramangala,Bangalore
SHP005441,M001,ORD005833,Ecom Express,delivered,2,no,120.58,2,560103,Bellandur,Bangalore
SHP005442,M001,ORD009156,Xpressbees,rto,1,yes,136.66,7,560048,Mahadevapura,Bangalore
SHP005443,M001,ORD006124,Delhivery,in_transit,1,no,110.67,2,560103,Bellandur,Bangalore
SHP005444,M001,ORD006270,Xpressbees,in_transit,2,no,109.75,2,560064,Jakkur,Bangalore
SHP005445,M001,ORD009977,Xpressbees,delivered,1,no,75.61,1,560037,Brookefield,Bangalore
SHP005446,M001,ORD009769,BlueDart,delivered,1,no,99.0,3,560034,Koramangala,Bangalore
SHP005447,M001,ORD007190,Ecom Express,delivered,1,no,77.89,1,560017,Old Airport Road,Bangalore
SHP005448,M001,ORD005365,Xpressbees,failed_delivery,2,no,94.86,4,560034,Koramangala,Bangalore
SHP005449,M001,ORD008143,Delhivery,delivered,1,no,145.85,4,560034,Koramangala,Bangalore
SHP005450,M001,ORD008199,Ecom Express,delivered,1,no,131.86,2,560103,Bellandur,Bangalore
SHP005451,M001,ORD009840,BlueDart,delivered,3,no,45.35,5,560037,Brookefield,Bangalore
SHP005452,M001,ORD005380,Delhivery,in_transit,1,no,106.75,3,560100,Electronic City,Bangalore
SHP005453,M001,ORD005862,BlueDart,delivered,2,no,118.8,1,560102,HSR Layout,Bangalore
SHP005454,M001,ORD008108,BlueDart,delivered,1,no,95.48,3,560102,HSR Layout,Bangalore
SHP005455,M001,ORD007909,BlueDart,delivered,1,no,113.37,5,560078,JP Nagar,Bangalore
SHP005456,M001,ORD009431,Ecom Express,delivered,3,no,150.75,3,560058,Peenya,Bangalore
SHP005457,M001,ORD008668,Shiprocket,in_transit,2,no,67.2,3,560048,Mahadevapura,Bangalore
SHP005458,M001,ORD005771,Ecom Express,rto,1,yes,117.71,8,560058,Peenya,Bangalore
SHP005459,M001,ORD007599,Shiprocket,in_transit,1,no,149.55,2,560017,Old Airport Road,Bangalore
SHP005460,M001,ORD009641,Ecom Express,failed_delivery,3,no,104.1,9,560100,Electronic City,Bangalore
SHP005461,M001,ORD010000,Delhivery,delivered,1,no,81.61,3,560037,Brookefield,Bangalore
SHP005462,M001,ORD007072,Shiprocket,delivered,1,no,186.48,4,560035,Sarjapur Road,Bangalore
SHP005463,M001,ORD006413,Shiprocket,rto,2,yes,64.34,7,560001,MG Road,Bangalore
SHP005464,M001,ORD007188,Xpressbees,delivered,3,no,109.11,2,560036,KR Puram,Bangalore
SHP005465,M001,ORD008299,Ecom Express,delivered,1,no,78.7,3,560103,Bellandur,Bangalore
SHP005466,M001,ORD009710,Shiprocket,in_transit,1,no,176.67,4,560100,Electronic City,Bangalore
SHP005467,M001,ORD009850,BlueDart,delivered,3,no,69.95,1,560066,Whitefield,Bangalore
SHP005468,M001,ORD007112,Shiprocket,in_transit,1,no,110.94,1,560024,Hebbal,Bangalore
SHP005469,M001,ORD005134,Delhivery,delivered,1,no,93.71,5,560038,Indiranagar,Bangalore
SHP005470,M001,ORD007446,Xpressbees,delivered,1,no,67.52,5,560066,Whitefield,Bangalore
SHP005471,M001,ORD008722,Delhivery,delivered,1,no,67.58,4,560066,Whitefield,Bangalore
SHP005472,M001,ORD009861,Xpressbees,delivered,1,no,118.59,1,560064,Jakkur,Bangalore
SHP005473,M001,ORD007383,Delhivery,delivered,1,no,109.79,3,560071,Domlur,Bangalore
SHP005474,M001,ORD005951,Shiprocket,in_transit,2,no,105.02,3,560037,Marathahalli,Bangalore
SHP005475,M001,ORD005904,Shiprocket,delivered,3,no,176.2,3,560035,Sarjapur Road,Bangalore
SHP005476,M001,ORD007447,Ecom Express,failed_delivery,2,no,148.0,5,560034,Koramangala,Bangalore
SHP005477,M001,ORD005284,Xpressbees,failed_delivery,2,no,77.36,7,560098,RR Nagar,Bangalore
SHP005478,M001,ORD005212,Delhivery,delivered,1,no,108.88,4,560100,Electronic City,Bangalore
SHP005479,M001,ORD005275,Delhivery,delivered,1,no,84.64,5,560048,Mahadevapura,Bangalore
SHP005480,M001,ORD007051,Delhivery,delivered,1,no,161.86,2,560035,Sarjapur Road,Bangalore
SHP005481,M001,ORD007707,Ecom Express,rto,2,yes,47.24,9,560048,Mahadevapura,Bangalore
SHP005482,M001,ORD008658,BlueDart,in_transit,2,no,91.43,2,560048,Mahadevapura,Bangalore
SHP005483,M001,ORD007206,Xpressbees,in_transit,2,no,108.42,4,560071,Domlur,Bangalore
SHP005484,M001,ORD008236,Shiprocket,delivered,2,no,92.85,3,560008,Ulsoor,Bangalore
SHP005485,M001,ORD009359,Shiprocket,delivered,3,no,90.77,1,560103,Bellandur,Bangalore
SHP005486,M001,ORD007617,Shiprocket,delivered,1,no,49.49,5,560102,HSR Layout,Bangalore
SHP005487,M001,ORD007816,BlueDart,in_transit,1,no,127.25,3,560071,Domlur,Bangalore
SHP005488,M001,ORD007646,Ecom Express,delivered,1,no,138.01,5,560103,Bellandur,Bangalore
SHP005489,M001,ORD007660,Delhivery,delivered,2,no,181.41,1,560100,Electronic City,Bangalore
SHP005490,M001,ORD008704,BlueDart,delivered,1,no,149.7,5,560038,Indiranagar,Bangalore
SHP005491,M001,ORD006185,Shiprocket,delivered,2,no,141.17,5,560103,Bellandur,Bangalore
SHP005492,M001,ORD008397,Ecom Express,delivered,2,no,125.88,5,560037,Marathahalli,Bangalore
SHP005493,M001,ORD007960,Ecom Express,rto,1,yes,101.12,7,560008,Ulsoor,Bangalore
SHP005494,M001,ORD006864,Delhivery,delivered,1,no,132.16,2,560036,KR Puram,Bangalore
SHP005495,M001,ORD005242,Shiprocket,delivered,2,no,95.77,1,560037,Marathahalli,Bangalore
SHP005496,M001,ORD005974,Delhivery,in_transit,1,no,63.0,1,560066,Whitefield,Bangalore
SHP005497,M001,ORD006479,Shiprocket,delivered,2,no,133.28,1,560102,HSR Layout,Bangalore
SHP005498,M001,ORD006310,Delhivery,delivered,1,no,142.55,1,560004,Basavanagudi,Bangalore
SHP005499,M001,ORD006693,Ecom Express,delivered,1,no,87.06,3,560008,Ulsoor,Bangalore
SHP005500,M001,ORD007219,Xpressbees,delivered,1,no,176.35,3,560035,Sarjapur Road,Bangalore
SHP005501,M001,ORD007622,Delhivery,in_transit,1,no,100.05,2,560066,Whitefield,Bangalore
SHP005502,M001,ORD007335,Delhivery,failed_delivery,3,no,65.17,8,560103,Bellandur,Bangalore
SHP005503,M001,ORD006287,Shiprocket,delivered,2,no,81.11,3,560034,Koramangala,Bangalore
SHP005504,M001,ORD009200,Xpressbees,delivered,1,no,66.21,5,560034,Koramangala,Bangalore
SHP005505,M001,ORD009842,Ecom Express,delivered,1,no,117.31,2,560098,RR Nagar,Bangalore
SHP005506,M001,ORD005292,Shiprocket,in_transit,1,no,112.47,2,560038,Indiranagar,Bangalore
SHP005507,M001,ORD006821,BlueDart,delivered,1,no,122.82,1,560103,Bellandur,Bangalore
SHP005508,M001,ORD005529,Ecom Express,failed_delivery,3,no,145.83,3,560100,Electronic City,Bangalore
SHP005509,M001,ORD006998,Shiprocket,rto,1,yes,133.49,6,560038,Indiranagar,Bangalore
SHP005510,M001,ORD005900,Ecom Express,in_transit,1,no,124.33,4,560017,Old Airport Road,Bangalore
SHP005511,M001,ORD006886,Delhivery,delivered,2,no,98.21,3,560066,Whitefield,Bangalore
SHP005512,M001,ORD008278,Xpressbees,in_transit,2,no,136.81,4,560100,Electronic City,Bangalore
SHP005513,M001,ORD007203,BlueDart,rto,2,yes,130.34,9,560001,MG Road,Bangalore
SHP005514,M001,ORD006709,Shiprocket,delivered,1,no,84.75,4,560100,Electronic City,Bangalore
SHP005515,M001,ORD007415,BlueDart,failed_delivery,1,no,133.02,5,560078,JP Nagar,Bangalore
SHP005516,M001,ORD005048,Xpressbees,failed_delivery,2,no,105.5,8,560100,Electronic City,Bangalore
SHP005517,M001,ORD008628,Delhivery,delivered,1,no,65.64,3,560036,KR Puram,Bangalore
SHP005518,M001,ORD007774,Ecom Express,delivered,1,no,126.74,5,560003,Malleshwaram,Bangalore
SHP005519,M001,ORD007067,Ecom Express,delivered,1,no,169.64,5,560035,Sarjapur Road,Bangalore
SHP005520,M001,ORD005320,BlueDart,in_transit,2,no,111.15,3,560103,Bellandur,Bangalore
SHP005521,M001,ORD009835,Delhivery,in_transit,1,no,190.29,3,560064,Yelahanka,Bangalore
SHP005522,M001,ORD009764,Xpressbees,failed_delivery,1,no,147.67,7,560100,Electronic City,Bangalore
SHP005523,M001,ORD006917,Ecom Express,delivered,2,no,53.88,3,560048,Mahadevapura,Bangalore
SHP005524,M001,ORD006836,BlueDart,delivered,1,no,91.57,3,560102,HSR Layout,Bangalore
SHP005525,M001,ORD005954,Xpressbees,delivered,2,no,137.5,3,560037,Brookefield,Bangalore
SHP005526,M001,ORD006524,Shiprocket,in_transit,2,no,57.52,3,560008,Ulsoor,Bangalore
SHP005527,M001,ORD005822,Delhivery,delivered,3,no,82.11,4,560064,Yelahanka,Bangalore
SHP005528,M001,ORD008380,Shiprocket,delivered,1,no,153.68,3,560058,Peenya,Bangalore
SHP005529,M001,ORD008056,Shiprocket,in_transit,1,no,79.37,4,560103,Bellandur,Bangalore
SHP005530,M001,ORD008009,Delhivery,delivered,1,no,134.38,5,560048,Mahadevapura,Bangalore
SHP005531,M001,ORD008355,Ecom Express,delivered,1,no,142.7,1,560040,Vijayanagar,Bangalore
SHP005532,M001,ORD005914,Shiprocket,rto,3,yes,149.43,3,560036,KR Puram,Bangalore
SHP005533,M001,ORD005933,Delhivery,failed_delivery,1,no,125.14,9,560102,HSR Layout,Bangalore
SHP005534,M001,ORD007564,Delhivery,delivered,1,no,46.39,4,560076,BTM Layout,Bangalore
SHP005535,M001,ORD005076,Shiprocket,rto,3,yes,122.7,4,560048,Mahadevapura,Bangalore
SHP005536,M001,ORD009054,Shiprocket,delivered,1,no,111.23,5,560017,Old Airport Road,Bangalore
SHP005537,M001,ORD008152,Shiprocket,rto,3,yes,148.46,3,560017,Old Airport Road,Bangalore
SHP005538,M001,ORD007958,BlueDart,delivered,1,no,123.98,4,560034,Koramangala,Bangalore
SHP005539,M001,ORD009732,BlueDart,delivered,1,no,147.1,3,560071,Domlur,Bangalore
SHP005540,M001,ORD009968,BlueDart,delivered,1,no,143.98,2,560102,HSR Layout,Bangalore
SHP005541,M001,ORD005424,BlueDart,delivered,1,no,132.27,3,560041,Jayanagar,Bangalore
SHP005542,M001,ORD006140,Shiprocket,in_transit,1,no,112.64,4,560071,Domlur,Bangalore
SHP005543,M001,ORD007686,Ecom Express,delivered,1,no,140.33,3,560103,Bellandur,Bangalore
SHP005544,M001,ORD005941,Ecom Express,rto,2,yes,144.33,3,560037,Brookefield,Bangalore
SHP005545,M001,ORD006179,Delhivery,delivered,2,no,140.7,4,560017,Old Airport Road,Bangalore
SHP005546,M001,ORD006423,Xpressbees,delivered,1,no,113.39,1,560036,KR Puram,Bangalore
SHP005547,M001,ORD005054,Delhivery,delivered,2,no,87.12,1,560037,Marathahalli,Bangalore
SHP005548,M001,ORD009323,Shiprocket,delivered,1,no,117.38,2,560100,Electronic City,Bangalore
SHP005549,M001,ORD007783,BlueDart,delivered,1,no,213.94,5,560100,Electronic City,Bangalore
SHP005550,M001,ORD006296,Xpressbees,in_transit,1,no,172.49,2,560100,Electronic City,Bangalore
SHP005551,M001,ORD007108,Delhivery,delivered,2,no,189.02,3,560100,Electronic City,Bangalore
SHP005552,M001,ORD008098,Xpressbees,delivered,1,no,123.6,3,560078,JP Nagar,Bangalore
SHP005553,M001,ORD009934,Delhivery,delivered,1,no,200.14,4,560035,Sarjapur Road,Bangalore
SHP005554,M001,ORD006158,Xpressbees,failed_delivery,2,no,119.84,9,560066,Whitefield,Bangalore
SHP005555,M001,ORD009776,Ecom Express,delivered,1,no,127.48,1,560038,Indiranagar,Bangalore
SHP005556,M001,ORD005118,Ecom Express,delivered,3,no,78.46,3,560034,Koramangala,Bangalore
SHP005557,M001,ORD009449,BlueDart,failed_delivery,1,no,135.24,8,560034,Koramangala,Bangalore
SHP005558,M001,ORD006123,Xpressbees,failed_delivery,1,no,78.15,3,560040,Vijayanagar,Bangalore
SHP005559,M001,ORD005595,Delhivery,delivered,1,no,94.81,5,560076,BTM Layout,Bangalore
SHP005560,M001,ORD008492,BlueDart,delivered,2,no,118.68,5,560038,Indiranagar,Bangalore
SHP005561,M001,ORD006187,Shiprocket,failed_delivery,1,no,112.85,7,560017,Old Airport Road,Bangalore
SHP005562,M001,ORD005723,Ecom Express,in_transit,1,no,50.62,2,560102,HSR Layout,Bangalore
SHP005563,M001,ORD009886,Delhivery,rto,1,yes,137.28,8,560076,BTM Layout,Bangalore
SHP005564,M001,ORD007346,BlueDart,failed_delivery,2,no,73.47,4,560071,Domlur,Bangalore
SHP005565,M001,ORD009808,Ecom Express,in_transit,1,no,107.61,1,560001,MG Road,Bangalore
SHP005566,M001,ORD006807,Xpressbees,delivered,1,no,111.16,3,560010,Rajajinagar,Bangalore
SHP005567,M001,ORD008627,Shiprocket,rto,2,yes,93.27,4,560037,Marathahalli,Bangalore
SHP005568,M001,ORD006237,Xpressbees,rto,2,yes,198.55,7,560100,Electronic City,Bangalore
SHP005569,M001,ORD008974,Ecom Express,in_transit,1,no,66.04,1,560038,Indiranagar,Bangalore
SHP005570,M001,ORD007871,Shiprocket,in_transit,1,no,125.84,3,560100,Electronic City,Bangalore
SHP005571,M001,ORD009273,Delhivery,delivered,2,no,72.9,3,560037,Brookefield,Bangalore
SHP005572,M001,ORD006490,Delhivery,delivered,2,no,51.95,1,560010,Rajajinagar,Bangalore
SHP005573,M001,ORD005520,Shiprocket,delivered,1,no,175.04,2,560058,Peenya,Bangalore
SHP005574,M001,ORD005326,BlueDart,delivered,1,no,142.91,4,560036,KR Puram,Bangalore
SHP005575,M001,ORD007249,Delhivery,delivered,1,no,48.49,2,560037,Marathahalli,Bangalore
SHP005576,M001,ORD005531,Xpressbees,delivered,1,no,74.76,4,560037,Marathahalli,Bangalore
SHP005577,M001,ORD005407,BlueDart,delivered,1,no,104.26,2,560103,Bellandur,Bangalore
SHP005578,M001,ORD009856,Xpressbees,failed_delivery,3,no,74.15,9,560066,Whitefield,Bangalore
SHP005579,M001,ORD009458,Delhivery,delivered,1,no,133.26,5,560064,Yelahanka,Bangalore
SHP005580,M001,ORD005203,Ecom Express,delivered,1,no,47.76,4,560103,Bellandur,Bangalore
SHP005581,M001,ORD005965,BlueDart,delivered,2,no,120.78,4,560035,Sarjapur Road,Bangalore
SHP005582,M001,ORD006734,Xpressbees,in_transit,1,no,113.54,2,560037,Marathahalli,Bangalore
SHP005583,M001,ORD005736,Xpressbees,delivered,1,no,116.99,4,560100,Electronic City,Bangalore
SHP005584,M001,ORD009802,Shiprocket,delivered,2,no,127.86,5,560048,Mahadevapura,Bangalore
SHP005585,M001,ORD006416,Xpressbees,in_transit,2,no,56.63,1,560017,Old Airport Road,Bangalore
SHP005586,M001,ORD009950,BlueDart,delivered,1,no,140.06,1,560038,Indiranagar,Bangalore
SHP005587,M001,ORD005418,BlueDart,in_transit,1,no,147.14,3,560071,Domlur,Bangalore
SHP005588,M001,ORD007606,Shiprocket,delivered,1,no,89.8,3,560041,Jayanagar,Bangalore
SHP005589,M001,ORD009148,Shiprocket,delivered,1,no,49.46,2,560034,Koramangala,Bangalore
SHP005590,M001,ORD007705,Xpressbees,failed_delivery,2,no,197.37,6,560035,Sarjapur Road,Bangalore
SHP005591,M001,ORD005378,Ecom Express,delivered,1,no,145.35,5,560048,Mahadevapura,Bangalore
SHP005592,M001,ORD009937,BlueDart,delivered,1,no,73.47,3,560066,Whitefield,Bangalore
SHP005593,M001,ORD006733,Delhivery,delivered,1,no,63.97,2,560071,Domlur,Bangalore
SHP005594,M001,ORD007423,Delhivery,in_transit,2,no,86.14,1,560048,Mahadevapura,Bangalore
SHP005595,M001,ORD008435,Delhivery,failed_delivery,3,no,125.48,9,560034,Koramangala,Bangalore
SHP005596,M001,ORD009633,Delhivery,delivered,1,no,140.63,3,560098,RR Nagar,Bangalore
SHP005597,M001,ORD008005,Ecom Express,delivered,1,no,115.73,3,560103,Bellandur,Bangalore
SHP005598,M001,ORD006463,Xpressbees,delivered,1,no,188.4,1,560100,Electronic City,Bangalore
SHP005599,M001,ORD006770,Xpressbees,in_transit,1,no,66.81,2,560037,Marathahalli,Bangalore
SHP005600,M001,ORD008482,Delhivery,delivered,2,no,114.33,5,560066,Whitefield,Bangalore
SHP005601,M001,ORD006159,Shiprocket,delivered,1,no,70.27,4,560040,Vijayanagar,Bangalore
SHP005602,M001,ORD005678,Ecom Express,delivered,1,no,122.52,5,560010,Rajajinagar,Bangalore
SHP005603,M001,ORD009697,Ecom Express,delivered,1,no,141.32,3,560100,Electronic City,Bangalore
SHP005604,M001,ORD009098,Delhivery,delivered,1,no,67.8,1,560017,Old Airport Road,Bangalore
SHP005605,M001,ORD005367,Xpressbees,failed_delivery,1,no,98.02,9,560035,Sarjapur Road,Bangalore
SHP005606,M001,ORD005283,BlueDart,delivered,1,no,177.07,5,560100,Electronic City,Bangalore
SHP005607,M001,ORD008220,Xpressbees,failed_delivery,3,no,61.4,5,560103,Bellandur,Bangalore
SHP005608,M001,ORD008336,Shiprocket,delivered,1,no,66.47,4,560102,HSR Layout,Bangalore
SHP005609,M001,ORD005121,Ecom Express,delivered,3,no,59.19,4,560024,Hebbal,Bangalore
SHP005610,M001,ORD005889,Shiprocket,rto,1,yes,93.64,4,560036,KR Puram,Bangalore
SHP005611,M001,ORD006271,BlueDart,delivered,1,no,106.46,2,560034,Koramangala,Bangalore
SHP005612,M001,ORD005839,Shiprocket,rto,3,yes,101.66,8,560017,Old Airport Road,Bangalore
SHP005613,M001,ORD005394,Xpressbees,delivered,1,no,201.81,2,560060,Kengeri,Bangalore
SHP005614,M001,ORD007254,Xpressbees,delivered,1,no,126.64,3,560040,Vijayanagar,Bangalore
SHP005615,M001,ORD005209,Shiprocket,delivered,1,no,69.6,2,560037,Marathahalli,Bangalore
SHP005616,M001,ORD007703,Ecom Express,failed_delivery,2,no,158.74,9,560058,Peenya,Bangalore
SHP005617,M001,ORD006257,Shiprocket,delivered,2,no,76.8,1,560103,Bellandur,Bangalore
SHP005618,M001,ORD006880,Xpressbees,delivered,1,no,105.88,5,560035,Sarjapur Road,Bangalore
SHP005619,M001,ORD007473,Delhivery,delivered,1,no,129.5,3,560035,Sarjapur Road,Bangalore
SHP005620,M001,ORD008173,Shiprocket,delivered,2,no,178.64,4,560060,Kengeri,Bangalore
SHP005621,M001,ORD008168,Xpressbees,delivered,1,no,133.88,5,560036,KR Puram,Bangalore
SHP005622,M001,ORD007161,Shiprocket,delivered,1,no,118.91,5,560102,HSR Layout,Bangalore
SHP005623,M001,ORD007405,Delhivery,delivered,1,no,134.16,4,560008,Ulsoor,Bangalore
SHP005624,M001,ORD008534,BlueDart,delivered,1,no,92.5,4,560037,Marathahalli,Bangalore
SHP005625,M001,ORD009960,Delhivery,delivered,1,no,148.26,3,560058,Peenya,Bangalore
SHP005626,M001,ORD006247,Delhivery,delivered,1,no,72.83,2,560038,Indiranagar,Bangalore
SHP005627,M001,ORD005786,Ecom Express,in_transit,2,no,119.01,2,560008,Ulsoor,Bangalore
SHP005628,M001,ORD009740,BlueDart,in_transit,1,no,57.97,4,560085,Banashankari,Bangalore
SHP005629,M001,ORD007083,Ecom Express,rto,3,yes,71.68,8,560034,Koramangala,Bangalore
SHP005630,M001,ORD007260,Ecom Express,in_transit,1,no,146.72,4,560036,KR Puram,Bangalore
SHP005631,M001,ORD005033,Xpressbees,delivered,1,no,133.34,2,560008,Ulsoor,Bangalore
SHP005632,M001,ORD006474,Delhivery,delivered,3,no,158.8,4,560100,Electronic City,Bangalore
SHP005633,M001,ORD009559,Delhivery,delivered,1,no,91.15,3,560066,Whitefield,Bangalore
SHP005634,M001,ORD006487,Shiprocket,delivered,1,no,45.69,3,560085,Banashankari,Bangalore
SHP005635,M001,ORD005263,BlueDart,in_transit,2,no,146.58,3,560076,Bannerghatta Road,Bangalore
SHP005636,M001,ORD008556,Shiprocket,rto,2,yes,145.22,5,560102,HSR Layout,Bangalore
SHP005637,M001,ORD005920,Shiprocket,delivered,1,no,142.54,5,560103,Bellandur,Bangalore
SHP005638,M001,ORD008508,Ecom Express,delivered,1,no,141.71,1,560071,Domlur,Bangalore
SHP005639,M001,ORD005002,Delhivery,failed_delivery,2,no,63.9,8,560036,KR Puram,Bangalore
SHP005640,M001,ORD008879,Delhivery,in_transit,1,no,200.5,4,560064,Yelahanka,Bangalore
SHP005641,M001,ORD007476,Ecom Express,delivered,2,no,101.65,5,560001,MG Road,Bangalore
SHP005642,M001,ORD007895,Delhivery,in_transit,1,no,88.33,2,560017,Old Airport Road,Bangalore
SHP005643,M001,ORD007962,Ecom Express,in_transit,2,no,135.71,2,560076,Bannerghatta Road,Bangalore
SHP005644,M001,ORD007894,Delhivery,delivered,1,no,193.78,2,560064,Yelahanka,Bangalore
SHP005645,M001,ORD009617,Delhivery,rto,1,yes,89.53,9,560066,Whitefield,Bangalore
SHP005646,M001,ORD009943,Shiprocket,delivered,1,no,135.85,2,560001,MG Road,Bangalore
SHP005647,M001,ORD008254,BlueDart,delivered,1,no,134.56,4,560035,Sarjapur Road,Bangalore
SHP005648,M001,ORD005370,Xpressbees,delivered,1,no,193.61,2,560100,Electronic City,Bangalore
SHP005649,M001,ORD005871,Shiprocket,delivered,2,no,117.11,1,560071,Domlur,Bangalore
SHP005650,M001,ORD006539,Shiprocket,delivered,1,no,107.68,4,560008,Ulsoor,Bangalore
SHP005651,M001,ORD006154,Ecom Express,delivered,2,no,135.36,2,560085,Banashankari,Bangalore
SHP005652,M001,ORD006750,BlueDart,delivered,1,no,101.88,5,560035,Sarjapur Road,Bangalore
SHP005653,M001,ORD009613,Ecom Express,rto,1,yes,146.52,7,560058,Peenya,Bangalore
SHP005654,M001,ORD009765,Ecom Express,delivered,2,no,104.6,3,560100,Electronic City,Bangalore
SHP005655,M001,ORD008745,BlueDart,delivered,1,no,60.89,5,560017,Old Airport Road,Bangalore
SHP005656,M001,ORD005341,Ecom Express,rto,2,yes,91.84,8,560034,Koramangala,Bangalore
SHP005657,M001,ORD006947,Delhivery,delivered,1,no,99.87,5,560066,Whitefield,Bangalore
SHP005658,M001,ORD005518,BlueDart,delivered,1,no,165.87,3,560035,Sarjapur Road,Bangalore
SHP005659,M001,ORD009681,Ecom Express,delivered,1,no,110.4,5,560066,Whitefield,Bangalore
SHP005660,M001,ORD005344,Ecom Express,delivered,3,no,122.95,2,560064,Jakkur,Bangalore
SHP005661,M001,ORD007145,BlueDart,delivered,2,no,126.02,4,560100,Electronic City,Bangalore
SHP005662,M001,ORD006722,Shiprocket,delivered,2,no,142.17,3,560102,HSR Layout,Bangalore
SHP005663,M001,ORD005592,Ecom Express,delivered,1,no,76.15,3,560103,Bellandur,Bangalore
SHP005664,M001,ORD006514,Ecom Express,failed_delivery,3,no,135.74,9,560034,Koramangala,Bangalore
SHP005665,M001,ORD006958,Delhivery,failed_delivery,1,no,107.29,5,560037,Marathahalli,Bangalore
SHP005666,M001,ORD008921,BlueDart,delivered,1,no,94.01,3,560037,Marathahalli,Bangalore
SHP005667,M001,ORD006660,Ecom Express,failed_delivery,2,no,85.17,7,560066,Whitefield,Bangalore
SHP005668,M001,ORD006748,Delhivery,delivered,1,no,135.78,1,560066,Whitefield,Bangalore
SHP005669,M001,ORD009464,Shiprocket,delivered,1,no,130.18,3,560103,Bellandur,Bangalore
SHP005670,M001,ORD008551,Xpressbees,rto,3,yes,74.75,7,560034,Koramangala,Bangalore
SHP005671,M001,ORD005989,BlueDart,delivered,2,no,50.42,1,560036,KR Puram,Bangalore
SHP005672,M001,ORD007977,Xpressbees,in_transit,2,no,53.85,2,560038,Indiranagar,Bangalore
SHP005673,M001,ORD009443,Delhivery,delivered,1,no,79.13,5,560008,Ulsoor,Bangalore
SHP005674,M001,ORD009644,Xpressbees,delivered,1,no,96.67,3,560037,Brookefield,Bangalore
SHP005675,M001,ORD006695,Shiprocket,delivered,1,no,68.4,2,560103,Bellandur,Bangalore
SHP005676,M001,ORD006823,Xpressbees,in_transit,1,no,110.04,2,560004,Basavanagudi,Bangalore
SHP005677,M001,ORD005312,BlueDart,delivered,3,no,119.91,4,560078,JP Nagar,Bangalore
SHP005678,M001,ORD008976,Ecom Express,in_transit,2,no,101.72,2,560064,Yelahanka,Bangalore
SHP005679,M001,ORD007885,BlueDart,delivered,1,no,82.37,3,560048,Mahadevapura,Bangalore
SHP005680,M001,ORD007037,BlueDart,delivered,2,no,113.12,1,560078,JP Nagar,Bangalore
SHP005681,M001,ORD006438,Ecom Express,delivered,2,no,119.16,4,560048,Mahadevapura,Bangalore
SHP005682,M001,ORD008400,Delhivery,delivered,1,no,114.22,3,560017,Old Airport Road,Bangalore
SHP005683,M001,ORD008351,Delhivery,delivered,1,no,97.78,1,560103,Bellandur,Bangalore
SHP005684,M001,ORD007787,Ecom Express,rto,3,yes,73.61,3,560048,Mahadevapura,Bangalore
SHP005685,M001,ORD009237,Delhivery,delivered,1,no,100.55,1,560066,Whitefield,Bangalore
SHP005686,M001,ORD007801,BlueDart,delivered,3,no,98.22,3,560085,Banashankari,Bangalore
SHP005687,M001,ORD006553,Ecom Express,delivered,2,no,85.8,5,560040,Vijayanagar,Bangalore
SHP005688,M001,ORD008513,Xpressbees,delivered,1,no,51.64,4,560037,Marathahalli,Bangalore
SHP005689,M001,ORD006951,Shiprocket,delivered,2,no,53.24,5,560034,Koramangala,Bangalore
SHP005690,M001,ORD008291,Ecom Express,rto,2,yes,67.22,6,560003,Malleshwaram,Bangalore
SHP005691,M001,ORD006809,Delhivery,in_transit,1,no,79.13,2,560036,KR Puram,Bangalore
SHP005692,M001,ORD007043,Xpressbees,delivered,1,no,91.65,1,560037,Marathahalli,Bangalore
SHP005693,M001,ORD006857,Shiprocket,delivered,1,no,48.77,2,560038,Indiranagar,Bangalore
SHP005694,M001,ORD005589,Shiprocket,delivered,2,no,75.54,5,560008,Ulsoor,Bangalore
SHP005695,M001,ORD007250,Ecom Express,delivered,2,no,142.19,2,560034,Koramangala,Bangalore
SHP005696,M001,ORD005122,Shiprocket,delivered,1,no,141.66,4,560038,Indiranagar,Bangalore
SHP005697,M001,ORD005021,Ecom Express,in_transit,1,no,146.9,3,560038,Indiranagar,Bangalore
SHP005698,M001,ORD008544,BlueDart,in_transit,2,no,81.85,2,560034,Koramangala,Bangalore
SHP005699,M001,ORD007746,Delhivery,in_transit,2,no,120.8,4,560076,Bannerghatta Road,Bangalore
SHP005700,M001,ORD009123,Shiprocket,delivered,1,no,119.83,5,560001,MG Road,Bangalore
SHP005701,M001,ORD005567,BlueDart,delivered,1,no,119.59,3,560048,Mahadevapura,Bangalore
SHP005702,M001,ORD005703,BlueDart,delivered,1,no,71.47,2,560040,Vijayanagar,Bangalore
SHP005703,M001,ORD006829,Xpressbees,failed_delivery,2,no,133.16,9,560008,Ulsoor,Bangalore
SHP005704,M001,ORD009198,Delhivery,failed_delivery,2,no,77.38,9,560034,Koramangala,Bangalore
SHP005705,M001,ORD009309,BlueDart,failed_delivery,2,no,95.43,8,560040,Vijayanagar,Bangalore
SHP005706,M001,ORD008230,Xpressbees,rto,2,yes,75.83,7,560034,Koramangala,Bangalore
SHP005707,M001,ORD008495,Ecom Express,delivered,2,no,73.28,3,560034,Koramangala,Bangalore
SHP005708,M001,ORD007120,Shiprocket,failed_delivery,2,no,124.93,8,560037,Marathahalli,Bangalore
SHP005709,M001,ORD007266,Shiprocket,delivered,2,no,96.17,4,560100,Electronic City,Bangalore
SHP005710,M001,ORD009973,BlueDart,delivered,2,no,132.93,4,560048,Mahadevapura,Bangalore
SHP005711,M001,ORD008598,Delhivery,failed_delivery,2,no,46.87,7,560071,Domlur,Bangalore
SHP005712,M001,ORD008384,Ecom Express,delivered,1,no,177.1,3,560100,Electronic City,Bangalore
SHP005713,M001,ORD007125,Ecom Express,in_transit,1,no,139.36,2,560034,Koramangala,Bangalore
SHP005714,M001,ORD007498,Shiprocket,delivered,1,no,77.06,2,560071,Domlur,Bangalore
SHP005715,M001,ORD008031,Xpressbees,delivered,3,no,60.24,2,560037,Marathahalli,Bangalore
SHP005716,M001,ORD008819,Xpressbees,in_transit,1,no,79.2,2,560066,Whitefield,Bangalore
SHP005717,M001,ORD005540,Ecom Express,in_transit,1,no,103.79,2,560017,Old Airport Road,Bangalore
SHP005718,M001,ORD007900,BlueDart,in_transit,1,no,132.0,2,560038,Indiranagar,Bangalore
SHP005719,M001,ORD007352,Delhivery,delivered,1,no,97.63,1,560003,Malleshwaram,Bangalore
SHP005720,M001,ORD008341,Ecom Express,delivered,1,no,106.86,1,560066,Whitefield,Bangalore
SHP005721,M001,ORD005851,Xpressbees,delivered,1,no,47.92,5,560038,Indiranagar,Bangalore
SHP005722,M001,ORD009045,Shiprocket,in_transit,2,no,145.71,4,560102,HSR Layout,Bangalore
SHP005723,M001,ORD008942,Xpressbees,failed_delivery,3,no,55.25,8,560036,KR Puram,Bangalore
SHP005724,M001,ORD009875,Shiprocket,delivered,1,no,99.71,2,560038,Indiranagar,Bangalore
SHP005725,M001,ORD005968,Ecom Express,delivered,2,no,70.45,2,560010,Rajajinagar,Bangalore
SHP005726,M001,ORD007002,Ecom Express,delivered,1,no,61.43,3,560034,Koramangala,Bangalore
SHP005727,M001,ORD008924,Xpressbees,in_transit,1,no,71.5,4,560102,HSR Layout,Bangalore
SHP005728,M001,ORD007272,BlueDart,rto,3,yes,101.93,8,560034,Koramangala,Bangalore
SHP005729,M001,ORD007548,BlueDart,delivered,1,no,105.76,4,560066,Whitefield,Bangalore
SHP005730,M001,ORD009410,Xpressbees,in_transit,3,no,89.19,4,560037,Marathahalli,Bangalore
SHP005731,M001,ORD009379,Shiprocket,rto,2,yes,146.58,6,560066,Whitefield,Bangalore
SHP005732,M001,ORD008706,Xpressbees,delivered,1,no,123.42,5,560041,Jayanagar,Bangalore
SHP005733,M001,ORD009215,Delhivery,failed_delivery,2,no,65.74,8,560036,KR Puram,Bangalore
SHP005734,M001,ORD009475,BlueDart,delivered,1,no,85.94,3,560041,Jayanagar,Bangalore
SHP005735,M001,ORD007727,Shiprocket,delivered,1,no,132.85,1,560017,Old Airport Road,Bangalore
SHP005736,M001,ORD007071,Xpressbees,delivered,2,no,132.02,3,560066,Whitefield,Bangalore
SHP005737,M001,ORD008310,Shiprocket,failed_delivery,2,no,141.7,8,560103,Bellandur,Bangalore
SHP005738,M001,ORD005594,Delhivery,in_transit,1,no,109.69,2,560103,Bellandur,Bangalore
SHP005739,M001,ORD005726,Delhivery,delivered,1,no,102.25,5,560004,Basavanagudi,Bangalore
SHP005740,M001,ORD005215,Xpressbees,delivered,1,no,81.33,5,560048,Mahadevapura,Bangalore
SHP005741,M001,ORD009050,Delhivery,delivered,1,no,122.85,2,560066,Whitefield,Bangalore
SHP005742,M001,ORD009999,Ecom Express,delivered,1,no,145.39,1,560064,Yelahanka,Bangalore
SHP005743,M001,ORD007853,BlueDart,delivered,1,no,131.15,4,560038,Indiranagar,Bangalore
SHP005744,M001,ORD006892,Delhivery,delivered,1,no,79.63,1,560037,Marathahalli,Bangalore
SHP005745,M001,ORD007113,Xpressbees,rto,1,yes,63.92,4,560041,Jayanagar,Bangalore
SHP005746,M001,ORD006684,Shiprocket,delivered,2,no,72.57,4,560034,Koramangala,Bangalore
SHP005747,M001,ORD005189,Shiprocket,delivered,2,no,95.36,4,560037,Marathahalli,Bangalore
SHP005748,M001,ORD009600,BlueDart,delivered,1,no,90.27,2,560034,Koramangala,Bangalore
SHP005749,M001,ORD006085,BlueDart,delivered,3,no,140.81,5,560060,Kengeri,Bangalore
SHP005750,M001,ORD005128,Ecom Express,delivered,2,no,85.07,5,560037,Marathahalli,Bangalore
SHP005751,M001,ORD007309,BlueDart,delivered,1,no,120.04,1,560037,Marathahalli,Bangalore
SHP005752,M001,ORD009028,Delhivery,delivered,2,no,90.96,3,560037,Marathahalli,Bangalore
SHP005753,M001,ORD005717,Shiprocket,in_transit,1,no,118.35,3,560102,HSR Layout,Bangalore
SHP005754,M001,ORD007766,Ecom Express,delivered,1,no,142.62,4,560036,KR Puram,Bangalore
SHP005755,M001,ORD009231,Xpressbees,delivered,1,no,145.26,3,560041,Jayanagar,Bangalore
SHP005756,M001,ORD007349,BlueDart,delivered,1,no,57.06,1,560010,Rajajinagar,Bangalore
SHP005757,M001,ORD005336,Xpressbees,delivered,1,no,144.81,2,560004,Basavanagudi,Bangalore
SHP005758,M001,ORD009601,Delhivery,delivered,1,no,114.96,4,560034,Koramangala,Bangalore
SHP005759,M001,ORD007186,Ecom Express,in_transit,1,no,180.85,1,560060,Kengeri,Bangalore
SHP005760,M001,ORD006146,BlueDart,delivered,1,no,81.73,1,560066,Whitefield,Bangalore
SHP005761,M001,ORD008279,Ecom Express,delivered,1,no,148.05,1,560038,Indiranagar,Bangalore
SHP005762,M001,ORD006294,Delhivery,delivered,2,no,103.91,4,560064,Yelahanka,Bangalore
SHP005763,M001,ORD008623,Shiprocket,delivered,1,no,124.07,2,560076,BTM Layout,Bangalore
SHP005764,M001,ORD008581,Ecom Express,delivered,1,no,76.49,3,560004,Basavanagudi,Bangalore
SHP005765,M001,ORD007493,Ecom Express,delivered,1,no,89.77,2,560036,KR Puram,Bangalore
SHP005766,M001,ORD006728,Xpressbees,delivered,1,no,112.4,1,560040,Vijayanagar,Bangalore
SHP005767,M001,ORD007407,Shiprocket,in_transit,2,no,137.77,4,560064,Jakkur,Bangalore
SHP005768,M001,ORD007529,Xpressbees,failed_delivery,3,no,58.36,7,560037,Brookefield,Bangalore
SHP005769,M001,ORD008497,BlueDart,delivered,2,no,140.62,3,560071,Domlur,Bangalore
SHP005770,M001,ORD008648,Xpressbees,delivered,1,no,77.26,2,560071,Domlur,Bangalore
SHP005771,M001,ORD006262,Delhivery,delivered,1,no,115.84,2,560066,Whitefield,Bangalore
SHP005772,M001,ORD007271,Shiprocket,delivered,1,no,79.08,2,560064,Jakkur,Bangalore
SHP005773,M001,ORD006558,Shiprocket,delivered,1,no,117.29,4,560034,Koramangala,Bangalore
SHP005774,M001,ORD006791,Ecom Express,in_transit,1,no,60.33,2,560066,Whitefield,Bangalore
SHP005775,M001,ORD005994,Delhivery,delivered,1,no,141.92,2,560100,Electronic City,Bangalore
SHP005776,M001,ORD005907,Xpressbees,delivered,1,no,61.52,5,560066,Whitefield,Bangalore
SHP005777,M001,ORD005927,BlueDart,in_transit,2,no,186.08,3,560100,Electronic City,Bangalore
SHP005778,M001,ORD009889,BlueDart,delivered,3,no,56.09,5,560064,Jakkur,Bangalore
SHP005779,M001,ORD009450,Shiprocket,delivered,1,no,76.03,5,560103,Bellandur,Bangalore
SHP005780,M001,ORD009386,Shiprocket,delivered,1,no,101.01,2,560003,Malleshwaram,Bangalore
SHP005781,M001,ORD009281,BlueDart,delivered,1,no,127.48,1,560034,Koramangala,Bangalore
SHP005782,M001,ORD007382,BlueDart,in_transit,1,no,108.68,1,560064,Yelahanka,Bangalore
SHP005783,M001,ORD006215,Ecom Express,delivered,1,no,71.33,2,560085,Banashankari,Bangalore
SHP005784,M001,ORD005246,Delhivery,rto,2,yes,125.46,5,560085,Banashankari,Bangalore
SHP005785,M001,ORD008344,Shiprocket,delivered,1,no,53.79,2,560037,Marathahalli,Bangalore
SHP005786,M001,ORD006227,Ecom Express,delivered,1,no,85.81,5,560008,Ulsoor,Bangalore
SHP005787,M001,ORD009088,Ecom Express,delivered,2,no,57.24,1,560064,Jakkur,Bangalore
SHP005788,M001,ORD009394,Shiprocket,rto,2,yes,105.58,8,560037,Marathahalli,Bangalore
SHP005789,M001,ORD006901,Ecom Express,delivered,1,no,46.89,1,560066,Whitefield,Bangalore
SHP005790,M001,ORD007562,Xpressbees,delivered,1,no,89.89,4,560036,KR Puram,Bangalore
SHP005791,M001,ORD007056,BlueDart,delivered,1,no,141.02,5,560034,Koramangala,Bangalore
SHP005792,M001,ORD007551,Ecom Express,rto,3,yes,109.78,4,560034,Koramangala,Bangalore
SHP005793,M001,ORD006418,Delhivery,delivered,1,no,112.82,4,560037,Brookefield,Bangalore
SHP005794,M001,ORD005024,BlueDart,delivered,1,no,49.02,3,560078,JP Nagar,Bangalore
SHP005795,M001,ORD009678,BlueDart,delivered,1,no,65.02,3,560038,Indiranagar,Bangalore
SHP005796,M001,ORD009168,BlueDart,delivered,1,no,135.69,3,560034,Koramangala,Bangalore
SHP005797,M001,ORD005051,Xpressbees,delivered,1,no,130.57,3,560066,Whitefield,Bangalore
SHP005798,M001,ORD007097,Shiprocket,delivered,1,no,86.36,2,560066,Whitefield,Bangalore
SHP005799,M001,ORD007408,Shiprocket,delivered,1,no,60.8,1,560066,Whitefield,Bangalore
SHP005800,M001,ORD008555,BlueDart,delivered,2,no,56.9,2,560048,Mahadevapura,Bangalore
SHP005801,M001,ORD009062,Xpressbees,delivered,2,no,45.58,2,560017,Old Airport Road,Bangalore
SHP005802,M001,ORD006569,Ecom Express,delivered,1,no,118.1,4,560102,HSR Layout,Bangalore
SHP005803,M001,ORD009499,BlueDart,delivered,1,no,57.84,5,560036,KR Puram,Bangalore
SHP005804,M001,ORD008020,BlueDart,delivered,2,no,123.6,5,560071,Domlur,Bangalore
SHP005805,M001,ORD008766,Delhivery,delivered,1,no,148.1,2,560066,Whitefield,Bangalore
SHP005806,M001,ORD008931,Xpressbees,rto,2,yes,71.66,6,560085,Banashankari,Bangalore
SHP005807,M001,ORD008022,Ecom Express,delivered,1,no,65.47,3,560017,Old Airport Road,Bangalore
SHP005808,M001,ORD008653,Shiprocket,in_transit,1,no,104.5,3,560076,Bannerghatta Road,Bangalore
SHP005809,M001,ORD008095,Shiprocket,in_transit,1,no,58.75,4,560024,Hebbal,Bangalore
SHP005810,M001,ORD009014,Xpressbees,delivered,1,no,98.27,5,560102,HSR Layout,Bangalore
SHP005811,M001,ORD008870,BlueDart,rto,1,yes,125.29,8,560037,Brookefield,Bangalore
SHP005812,M001,ORD005996,BlueDart,delivered,1,no,75.6,5,560098,RR Nagar,Bangalore
SHP005813,M001,ORD006170,Xpressbees,delivered,1,no,124.32,3,560103,Bellandur,Bangalore
SHP005814,M001,ORD009603,Shiprocket,delivered,2,no,69.73,4,560085,Banashankari,Bangalore
SHP005815,M001,ORD008594,Delhivery,delivered,2,no,86.54,4,560024,Hebbal,Bangalore
SHP005816,M001,ORD008138,Delhivery,rto,3,yes,70.51,8,560103,Bellandur,Bangalore
SHP005817,M001,ORD006505,BlueDart,delivered,1,no,113.0,3,560102,HSR Layout,Bangalore
SHP005818,M001,ORD007412,BlueDart,delivered,1,no,94.02,2,560036,KR Puram,Bangalore
SHP005819,M001,ORD005937,BlueDart,rto,3,yes,169.23,7,560035,Sarjapur Road,Bangalore
SHP005820,M001,ORD009391,Ecom Express,failed_delivery,2,no,136.27,7,560035,Sarjapur Road,Bangalore
SHP005821,M001,ORD007231,Ecom Express,delivered,1,no,141.23,2,560103,Bellandur,Bangalore
SHP005822,M001,ORD009507,Shiprocket,failed_delivery,3,no,85.27,7,560036,KR Puram,Bangalore
SHP005823,M001,ORD006332,Shiprocket,delivered,1,no,92.47,4,560071,Domlur,Bangalore
SHP005824,M001,ORD007494,Shiprocket,delivered,1,no,115.76,1,560102,HSR Layout,Bangalore
SHP005825,M001,ORD006848,BlueDart,delivered,2,no,138.95,5,560040,Vijayanagar,Bangalore
SHP005826,M001,ORD006369,Delhivery,delivered,1,no,107.61,4,560066,Whitefield,Bangalore
SHP005827,M001,ORD006992,Ecom Express,delivered,1,no,192.1,1,560060,Kengeri,Bangalore
SHP005828,M001,ORD007749,BlueDart,rto,1,yes,148.78,5,560038,Indiranagar,Bangalore
SHP005829,M001,ORD005662,BlueDart,in_transit,1,no,127.53,4,560038,Indiranagar,Bangalore
SHP005830,M001,ORD008954,BlueDart,delivered,1,no,136.82,5,560035,Sarjapur Road,Bangalore
SHP005831,M001,ORD008334,Delhivery,in_transit,1,no,86.24,3,560037,Marathahalli,Bangalore
SHP005832,M001,ORD006172,Ecom Express,delivered,1,no,123.99,5,560085,Banashankari,Bangalore
SHP005833,M001,ORD008184,Delhivery,delivered,1,no,121.07,2,560064,Yelahanka,Bangalore
SHP005834,M001,ORD007137,Delhivery,delivered,1,no,139.04,4,560008,Ulsoor,Bangalore
SHP005835,M001,ORD009461,Shiprocket,delivered,1,no,78.13,4,560066,Whitefield,Bangalore
SHP005836,M001,ORD009244,BlueDart,in_transit,1,no,78.51,2,560066,Whitefield,Bangalore
SHP005837,M001,ORD005264,Shiprocket,delivered,1,no,111.7,5,560008,Ulsoor,Bangalore
SHP005838,M001,ORD005008,Shiprocket,delivered,1,no,129.8,3,560037,Brookefield,Bangalore
SHP005839,M001,ORD007806,BlueDart,failed_delivery,1,no,57.43,9,560048,Mahadevapura,Bangalore
SHP005840,M001,ORD005116,Ecom Express,failed_delivery,3,no,63.45,3,560037,Marathahalli,Bangalore
SHP005841,M001,ORD005559,Shiprocket,delivered,1,no,52.84,1,560034,Koramangala,Bangalore
SHP005842,M001,ORD006396,Delhivery,failed_delivery,3,no,93.46,4,560036,KR Puram,Bangalore
SHP005843,M001,ORD008316,Delhivery,delivered,1,no,121.77,5,560098,RR Nagar,Bangalore
SHP005844,M001,ORD006765,Delhivery,rto,3,yes,77.15,8,560034,Koramangala,Bangalore
SHP005845,M001,ORD005070,Delhivery,delivered,1,no,133.51,1,560076,Bannerghatta Road,Bangalore
SHP005846,M001,ORD007438,Ecom Express,failed_delivery,2,no,133.35,5,560036,KR Puram,Bangalore
SHP005847,M001,ORD008037,Shiprocket,delivered,2,no,121.45,2,560040,Vijayanagar,Bangalore
SHP005848,M001,ORD009572,Xpressbees,rto,1,yes,81.66,7,560010,Rajajinagar,Bangalore
SHP005849,M001,ORD005779,Xpressbees,rto,2,yes,58.38,9,560102,HSR Layout,Bangalore
SHP005850,M001,ORD008264,Ecom Express,rto,2,yes,55.61,9,560037,Brookefield,Bangalore
SHP005851,M001,ORD007712,Shiprocket,delivered,1,no,87.64,4,560024,Hebbal,Bangalore
SHP005852,M001,ORD005696,Delhivery,delivered,2,no,105.07,5,560034,Koramangala,Bangalore
SHP005853,M001,ORD008266,Xpressbees,in_transit,1,no,111.67,4,560048,Mahadevapura,Bangalore
SHP005854,M001,ORD007640,Xpressbees,delivered,1,no,105.36,2,560076,Bannerghatta Road,Bangalore
SHP005855,M001,ORD007527,Ecom Express,in_transit,1,no,114.22,4,560024,Hebbal,Bangalore
SHP005856,M001,ORD006950,Xpressbees,failed_delivery,2,no,93.46,6,560060,Kengeri,Bangalore
SHP005857,M001,ORD009676,Shiprocket,delivered,1,no,83.3,3,560103,Bellandur,Bangalore
SHP005858,M001,ORD009953,BlueDart,delivered,1,no,57.36,1,560102,HSR Layout,Bangalore
SHP005859,M001,ORD005241,Xpressbees,rto,1,yes,95.49,9,560004,Basavanagudi,Bangalore
SHP005860,M001,ORD009849,Xpressbees,in_transit,1,no,65.82,1,560017,Old Airport Road,Bangalore
SHP005861,M001,ORD005888,Shiprocket,delivered,1,no,132.49,3,560034,Koramangala,Bangalore
SHP005862,M001,ORD008150,Ecom Express,delivered,1,no,94.39,5,560048,Mahadevapura,Bangalore
SHP005863,M001,ORD005350,Xpressbees,delivered,1,no,75.94,5,560102,HSR Layout,Bangalore
SHP005864,M001,ORD009101,Shiprocket,rto,2,yes,45.6,6,560037,Brookefield,Bangalore
SHP005865,M001,ORD005389,Ecom Express,delivered,2,no,64.11,5,560103,Bellandur,Bangalore
SHP005866,M001,ORD005676,Xpressbees,failed_delivery,1,no,105.1,6,560066,Whitefield,Bangalore
SHP005867,M001,ORD009583,BlueDart,delivered,1,no,112.12,4,560085,Banashankari,Bangalore
SHP005868,M001,ORD009396,BlueDart,delivered,1,no,94.47,1,560071,Domlur,Bangalore
SHP005869,M001,ORD009363,Ecom Express,in_transit,1,no,175.98,2,560100,Electronic City,Bangalore
SHP005870,M001,ORD005704,BlueDart,delivered,1,no,72.54,4,560102,HSR Layout,Bangalore
SHP005871,M001,ORD007968,Delhivery,delivered,1,no,96.21,3,560071,Domlur,Bangalore
SHP005872,M001,ORD009516,BlueDart,in_transit,1,no,142.51,3,560064,Yelahanka,Bangalore
SHP005873,M001,ORD005099,Ecom Express,rto,2,yes,70.22,6,560085,Banashankari,Bangalore
SHP005874,M001,ORD005230,Delhivery,delivered,1,no,76.83,5,560103,Bellandur,Bangalore
SHP005875,M001,ORD006064,Shiprocket,delivered,2,no,138.0,3,560036,KR Puram,Bangalore
SHP005876,M001,ORD009383,Delhivery,rto,3,yes,146.82,3,560066,Whitefield,Bangalore
SHP005877,M001,ORD006929,Xpressbees,delivered,1,no,132.24,2,560103,Bellandur,Bangalore
SHP005878,M001,ORD005442,Shiprocket,delivered,1,no,110.33,1,560066,Whitefield,Bangalore
SHP005879,M001,ORD005880,Shiprocket,delivered,2,no,117.61,2,560066,Whitefield,Bangalore
SHP005880,M001,ORD005932,BlueDart,delivered,1,no,147.44,1,560103,Bellandur,Bangalore
SHP005881,M001,ORD007116,Delhivery,delivered,2,no,141.09,4,560008,Ulsoor,Bangalore
SHP005882,M001,ORD007500,Delhivery,delivered,2,no,136.08,4,560034,Koramangala,Bangalore
SHP005883,M001,ORD007221,Shiprocket,failed_delivery,3,no,208.55,3,560100,Electronic City,Bangalore
SHP005884,M001,ORD007566,BlueDart,delivered,1,no,83.27,1,560037,Marathahalli,Bangalore
SHP005885,M001,ORD005928,Shiprocket,delivered,1,no,108.16,4,560008,Ulsoor,Bangalore
SHP005886,M001,ORD007201,BlueDart,delivered,1,no,112.62,5,560040,Vijayanagar,Bangalore
SHP005887,M001,ORD005627,Delhivery,delivered,1,no,72.82,2,560037,Marathahalli,Bangalore
SHP005888,M001,ORD006522,BlueDart,delivered,3,no,62.31,1,560037,Marathahalli,Bangalore
SHP005889,M001,ORD008241,BlueDart,delivered,1,no,116.97,1,560036,KR Puram,Bangalore
SHP005890,M001,ORD006448,Delhivery,delivered,1,no,92.55,4,560037,Marathahalli,Bangalore
SHP005891,M001,ORD005725,Delhivery,delivered,1,no,175.11,5,560060,Kengeri,Bangalore
SHP005892,M001,ORD005981,Xpressbees,failed_delivery,2,no,152.14,4,560100,Electronic City,Bangalore
SHP005893,M001,ORD008765,Xpressbees,in_transit,1,no,69.31,1,560003,Malleshwaram,Bangalore
SHP005894,M001,ORD006458,Shiprocket,failed_delivery,1,no,109.53,5,560017,Old Airport Road,Bangalore
SHP005895,M001,ORD005071,Shiprocket,rto,2,yes,72.33,6,560038,Indiranagar,Bangalore
SHP005896,M001,ORD006869,BlueDart,delivered,1,no,89.31,1,560040,Vijayanagar,Bangalore
SHP005897,M001,ORD006682,Ecom Express,delivered,1,no,80.58,3,560066,Whitefield,Bangalore
SHP005898,M001,ORD008179,Delhivery,delivered,1,no,129.96,1,560048,Mahadevapura,Bangalore
SHP005899,M001,ORD008084,Ecom Express,delivered,1,no,89.92,2,560048,Mahadevapura,Bangalore
SHP005900,M001,ORD005791,BlueDart,delivered,2,no,89.71,4,560085,Banashankari,Bangalore
SHP005901,M001,ORD009784,Delhivery,delivered,1,no,85.35,5,560066,Whitefield,Bangalore
SHP005902,M001,ORD009291,Delhivery,delivered,1,no,96.88,5,560102,HSR Layout,Bangalore
SHP005903,M001,ORD005533,Ecom Express,failed_delivery,1,no,142.89,4,560103,Bellandur,Bangalore
SHP005904,M001,ORD007517,Shiprocket,failed_delivery,2,no,62.46,9,560036,KR Puram,Bangalore
SHP005905,M001,ORD005325,Ecom Express,delivered,1,no,65.19,1,560102,HSR Layout,Bangalore
SHP005906,M001,ORD008465,Delhivery,in_transit,1,no,130.86,3,560103,Bellandur,Bangalore
SHP005907,M001,ORD005893,Xpressbees,delivered,1,no,65.25,5,560024,Hebbal,Bangalore
SHP005908,M001,ORD007732,Delhivery,delivered,1,no,143.7,1,560100,Electronic City,Bangalore
SHP005909,M001,ORD005277,Delhivery,delivered,1,no,142.04,5,560100,Electronic City,Bangalore
SHP005910,M001,ORD005052,BlueDart,delivered,1,no,81.92,3,560003,Malleshwaram,Bangalore
SHP005911,M001,ORD007009,Delhivery,delivered,2,no,179.68,3,560100,Electronic City,Bangalore
SHP005912,M001,ORD005390,Shiprocket,delivered,1,no,137.26,4,560066,Whitefield,Bangalore
SHP005913,M001,ORD005864,Ecom Express,failed_delivery,3,no,127.26,7,560048,Mahadevapura,Bangalore
SHP005914,M001,ORD008923,Delhivery,delivered,2,no,177.98,1,560060,Kengeri,Bangalore
SHP005915,M001,ORD006020,Delhivery,delivered,1,no,117.66,1,560037,Marathahalli,Bangalore
SHP005916,M001,ORD005170,Shiprocket,failed_delivery,2,no,176.23,8,560035,Sarjapur Road,Bangalore
SHP005917,M001,ORD005635,Ecom Express,in_transit,1,no,122.23,2,560102,HSR Layout,Bangalore
SHP005918,M001,ORD006735,Ecom Express,delivered,1,no,66.61,3,560034,Koramangala,Bangalore
SHP005919,M001,ORD008818,Xpressbees,delivered,2,no,52.55,5,560037,Marathahalli,Bangalore
SHP005920,M001,ORD008155,Shiprocket,rto,1,yes,183.84,8,560060,Kengeri,Bangalore
SHP005921,M001,ORD009066,Ecom Express,delivered,1,no,140.41,1,560102,HSR Layout,Bangalore
SHP005922,M001,ORD007111,Xpressbees,delivered,2,no,124.33,5,560066,Whitefield,Bangalore
SHP005923,M001,ORD006113,BlueDart,delivered,1,no,178.51,3,560064,Yelahanka,Bangalore
SHP005924,M001,ORD009346,Ecom Express,delivered,2,no,123.86,4,560078,JP Nagar,Bangalore
SHP005925,M001,ORD007451,Xpressbees,delivered,1,no,51.4,4,560008,Ulsoor,Bangalore
SHP005926,M001,ORD009530,Xpressbees,rto,1,yes,54.56,6,560098,RR Nagar,Bangalore
SHP005927,M001,ORD006422,Ecom Express,delivered,1,no,99.67,1,560008,Ulsoor,Bangalore
SHP005928,M001,ORD005447,Shiprocket,delivered,1,no,93.27,3,560008,Ulsoor,Bangalore
SHP005929,M001,ORD007516,Xpressbees,delivered,1,no,98.7,4,560085,Banashankari,Bangalore
SHP005930,M001,ORD008631,Ecom Express,failed_delivery,2,no,105.59,4,560064,Yelahanka,Bangalore
SHP005931,M001,ORD009955,Xpressbees,delivered,2,no,108.71,4,560024,Hebbal,Bangalore
SHP005932,M001,ORD005300,Ecom Express,in_transit,3,no,121.36,3,560102,HSR Layout,Bangalore
SHP005933,M001,ORD009185,Shiprocket,in_transit,1,no,66.25,1,560037,Marathahalli,Bangalore
SHP005934,M001,ORD007393,Shiprocket,delivered,2,no,48.31,1,560048,Mahadevapura,Bangalore
SHP005935,M001,ORD009447,BlueDart,delivered,1,no,65.42,4,560098,RR Nagar,Bangalore
SHP005936,M001,ORD006480,Shiprocket,in_transit,1,no,142.81,1,560008,Ulsoor,Bangalore
SHP005937,M001,ORD005108,Ecom Express,failed_delivery,2,no,185.34,7,560100,Electronic City,Bangalore
SHP005938,M001,ORD006164,Delhivery,delivered,1,no,98.92,5,560048,Mahadevapura,Bangalore
SHP005939,M001,ORD009308,BlueDart,in_transit,1,no,84.1,4,560066,Whitefield,Bangalore
SHP005940,M001,ORD007150,Shiprocket,rto,2,yes,149.23,4,560003,Malleshwaram,Bangalore
SHP005941,M001,ORD009362,BlueDart,failed_delivery,2,no,128.68,5,560102,HSR Layout,Bangalore
SHP005942,M001,ORD006306,Ecom Express,delivered,2,no,85.55,3,560102,HSR Layout,Bangalore
SHP005943,M001,ORD009832,Shiprocket,rto,3,yes,142.44,5,560037,Marathahalli,Bangalore
SHP005944,M001,ORD009615,Shiprocket,delivered,2,no,133.29,3,560102,HSR Layout,Bangalore
SHP005945,M001,ORD009250,Delhivery,delivered,1,no,96.4,4,560034,Koramangala,Bangalore
SHP005946,M001,ORD005574,Delhivery,delivered,2,no,136.93,1,560017,Old Airport Road,Bangalore
SHP005947,M001,ORD005036,BlueDart,delivered,1,no,108.77,2,560066,Whitefield,Bangalore
SHP005948,M001,ORD007081,BlueDart,delivered,1,no,66.46,1,560037,Marathahalli,Bangalore
SHP005949,M001,ORD005881,BlueDart,delivered,1,no,105.36,5,560034,Koramangala,Bangalore
SHP005950,M001,ORD006434,Shiprocket,delivered,1,no,47.19,5,560034,Koramangala,Bangalore
SHP005951,M001,ORD006726,Ecom Express,delivered,2,no,50.11,5,560066,Whitefield,Bangalore
SHP005952,M001,ORD006910,Ecom Express,delivered,1,no,69.19,4,560102,HSR Layout,Bangalore
SHP005953,M001,ORD005552,Shiprocket,delivered,2,no,69.71,2,560041,Jayanagar,Bangalore
SHP005954,M001,ORD005958,Xpressbees,delivered,3,no,56.2,1,560102,HSR Layout,Bangalore
SHP005955,M001,ORD005079,Delhivery,delivered,1,no,75.5,3,560037,Marathahalli,Bangalore
SHP005956,M001,ORD008758,BlueDart,delivered,1,no,46.59,5,560017,Old Airport Road,Bangalore
SHP005957,M001,ORD008776,Ecom Express,delivered,2,no,126.59,4,560037,Marathahalli,Bangalore
SHP005958,M001,ORD008174,Xpressbees,delivered,2,no,66.58,5,560040,Vijayanagar,Bangalore
SHP005959,M001,ORD005104,BlueDart,delivered,1,no,45.28,5,560102,HSR Layout,Bangalore
SHP005960,M001,ORD008944,BlueDart,delivered,1,no,56.4,3,560102,HSR Layout,Bangalore
SHP005961,M001,ORD008652,Shiprocket,delivered,1,no,143.74,4,560037,Marathahalli,Bangalore
SHP005962,M001,ORD009484,Ecom Express,rto,2,yes,187.8,6,560035,Sarjapur Road,Bangalore
SHP005963,M001,ORD009933,BlueDart,in_transit,1,no,78.87,1,560078,JP Nagar,Bangalore
SHP005964,M001,ORD009313,Shiprocket,delivered,1,no,58.81,3,560037,Marathahalli,Bangalore
SHP005965,M001,ORD007008,BlueDart,delivered,1,no,84.94,5,560066,Whitefield,Bangalore
SHP005966,M001,ORD006466,BlueDart,delivered,1,no,116.94,1,560034,Koramangala,Bangalore
SHP005967,M001,ORD007923,Ecom Express,delivered,1,no,114.49,3,560103,Bellandur,Bangalore
SHP005968,M001,ORD005991,Shiprocket,delivered,1,no,149.83,1,560038,Indiranagar,Bangalore
SHP005969,M001,ORD005239,Ecom Express,delivered,1,no,87.35,1,560066,Whitefield,Bangalore
SHP005970,M001,ORD007321,Xpressbees,in_transit,2,no,200.89,1,560035,Sarjapur Road,Bangalore
SHP005971,M001,ORD007953,Ecom Express,delivered,1,no,133.84,3,560037,Brookefield,Bangalore
SHP005972,M001,ORD005802,Ecom Express,delivered,1,no,67.79,4,560103,Bellandur,Bangalore
SHP005973,M001,ORD006383,Shiprocket,delivered,1,no,106.03,4,560017,Old Airport Road,Bangalore
SHP005974,M001,ORD009605,BlueDart,delivered,1,no,55.28,4,560103,Bellandur,Bangalore
SHP005975,M001,ORD008674,Shiprocket,in_transit,2,no,177.73,2,560035,Sarjapur Road,Bangalore
SHP005976,M001,ORD007507,BlueDart,delivered,1,no,140.23,5,560066,Whitefield,Bangalore
SHP005977,M001,ORD007929,Ecom Express,delivered,1,no,122.95,1,560017,Old Airport Road,Bangalore
SHP005978,M001,ORD008386,Shiprocket,rto,1,yes,196.07,6,560058,Peenya,Bangalore
SHP005979,M001,ORD009090,Xpressbees,failed_delivery,2,no,136.45,9,560058,Peenya,Bangalore
SHP005980,M001,ORD006671,Delhivery,delivered,2,no,170.21,4,560064,Yelahanka,Bangalore
SHP005981,M001,ORD007600,BlueDart,delivered,2,no,142.16,1,560071,Domlur,Bangalore
SHP005982,M001,ORD008149,Xpressbees,delivered,3,no,120.05,3,560066,Whitefield,Bangalore
SHP005983,M001,ORD008715,Xpressbees,rto,1,yes,115.83,9,560048,Mahadevapura,Bangalore
SHP005984,M001,ORD008494,Xpressbees,delivered,1,no,120.36,4,560034,Koramangala,Bangalore
SHP005985,M001,ORD005136,Xpressbees,rto,1,yes,184.36,3,560100,Electronic City,Bangalore
SHP005986,M001,ORD005913,Xpressbees,delivered,1,no,55.87,4,560034,Koramangala,Bangalore
SHP005987,M001,ORD008541,Delhivery,failed_delivery,1,no,126.11,4,560102,HSR Layout,Bangalore
SHP005988,M001,ORD006650,Ecom Express,in_transit,1,no,51.68,4,560066,Whitefield,Bangalore
SHP005989,M001,ORD005698,BlueDart,delivered,1,no,132.81,1,560102,HSR Layout,Bangalore
SHP005990,M001,ORD007509,Xpressbees,failed_delivery,3,no,130.59,5,560048,Mahadevapura,Bangalore
SHP005991,M001,ORD008447,Ecom Express,delivered,1,no,76.33,5,560102,HSR Layout,Bangalore
SHP005992,M001,ORD006340,Delhivery,delivered,1,no,47.8,2,560102,HSR Layout,Bangalore
SHP005993,M001,ORD007139,Xpressbees,delivered,2,no,97.89,1,560037,Marathahalli,Bangalore
SHP005994,M001,ORD009042,Delhivery,delivered,1,no,98.54,2,560103,Bellandur,Bangalore
SHP005995,M001,ORD009772,Ecom Express,in_transit,1,no,127.37,2,560037,Marathahalli,Bangalore
SHP005996,M001,ORD008393,Delhivery,delivered,1,no,111.22,2,560103,Bellandur,Bangalore
SHP005997,M001,ORD008342,Ecom Express,delivered,1,no,90.91,4,560103,Bellandur,Bangalore
SHP005998,M001,ORD006842,BlueDart,delivered,2,no,107.97,5,560071,Domlur,Bangalore
SHP005999,M001,ORD007798,Ecom Express,in_transit,1,no,54.16,2,560037,Brookefield,Bangalore
SHP006000,M001,ORD008115,Delhivery,delivered,2,no,65.87,3,560024,Hebbal,Bangalore
SHP006001,M001,ORD005522,BlueDart,delivered,2,no,110.67,3,560008,Ulsoor,Bangalore
SHP006002,M001,ORD006567,Ecom Express,rto,2,yes,45.96,8,560034,Koramangala,Bangalore
SHP006003,M001,ORD007872,Shiprocket,delivered,1,no,105.52,5,560034,Koramangala,Bangalore
SHP006004,M001,ORD009311,Xpressbees,delivered,1,no,47.01,1,560003,Malleshwaram,Bangalore
SHP006005,M001,ORD007950,Delhivery,delivered,3,no,60.53,1,560040,Vijayanagar,Bangalore
SHP006006,M001,ORD005626,Ecom Express,delivered,1,no,83.85,3,560034,Koramangala,Bangalore
SHP006007,M001,ORD005931,Shiprocket,rto,3,yes,204.83,7,560058,Peenya,Bangalore
SHP006008,M001,ORD009351,BlueDart,delivered,1,no,122.94,5,560038,Indiranagar,Bangalore
SHP006009,M001,ORD005711,Xpressbees,in_transit,1,no,58.34,1,560102,HSR Layout,Bangalore
SHP006010,M001,ORD009818,Delhivery,delivered,1,no,99.69,4,560017,Old Airport Road,Bangalore
SHP006011,M001,ORD006585,Ecom Express,delivered,1,no,52.69,3,560066,Whitefield,Bangalore
SHP006012,M001,ORD006806,Ecom Express,delivered,1,no,72.01,2,560003,Malleshwaram,Bangalore
SHP006013,M001,ORD008930,Ecom Express,delivered,1,no,68.7,3,560102,HSR Layout,Bangalore
SHP006014,M001,ORD006371,Xpressbees,failed_delivery,2,no,89.83,8,560048,Mahadevapura,Bangalore
SHP006015,M001,ORD008243,BlueDart,delivered,2,no,145.73,5,560102,HSR Layout,Bangalore
SHP006016,M001,ORD005400,Delhivery,failed_delivery,3,no,124.25,8,560100,Electronic City,Bangalore
SHP006017,M001,ORD008332,Delhivery,delivered,1,no,136.92,5,560037,Marathahalli,Bangalore
SHP006018,M001,ORD009125,BlueDart,delivered,1,no,135.27,2,560035,Sarjapur Road,Bangalore
SHP006019,M001,ORD006139,Xpressbees,in_transit,1,no,109.09,1,560037,Marathahalli,Bangalore
SHP006020,M001,ORD007690,Shiprocket,delivered,1,no,122.96,2,560103,Bellandur,Bangalore
SHP006021,M001,ORD009688,BlueDart,delivered,3,no,122.27,2,560004,Basavanagudi,Bangalore
SHP006022,M001,ORD005445,Delhivery,delivered,1,no,164.2,2,560100,Electronic City,Bangalore
SHP006023,M001,ORD005453,Xpressbees,rto,3,yes,180.26,5,560100,Electronic City,Bangalore
SHP006024,M001,ORD008813,Xpressbees,delivered,1,no,61.91,3,560048,Mahadevapura,Bangalore
SHP006025,M001,ORD008437,Ecom Express,rto,3,yes,80.83,9,560071,Domlur,Bangalore
SHP006026,M001,ORD005657,Xpressbees,rto,2,yes,97.02,6,560066,Whitefield,Bangalore
SHP006027,M001,ORD009441,Shiprocket,in_transit,3,no,97.11,2,560036,KR Puram,Bangalore
SHP006028,M001,ORD009029,Shiprocket,failed_delivery,3,no,131.28,3,560024,Hebbal,Bangalore
SHP006029,M001,ORD006557,Ecom Express,failed_delivery,3,no,56.01,5,560024,Hebbal,Bangalore
SHP006030,M001,ORD009465,BlueDart,failed_delivery,2,no,102.11,8,560066,Whitefield,Bangalore
SHP006031,M001,ORD007478,Shiprocket,delivered,1,no,47.11,1,560078,JP Nagar,Bangalore
SHP006032,M001,ORD006584,BlueDart,delivered,2,no,71.41,3,560036,KR Puram,Bangalore
SHP006033,M001,ORD007629,Ecom Express,delivered,1,no,66.11,2,560017,Old Airport Road,Bangalore
SHP006034,M001,ORD009940,Delhivery,failed_delivery,3,no,47.89,3,560036,KR Puram,Bangalore
SHP006035,M001,ORD007857,Ecom Express,in_transit,1,no,166.16,4,560060,Kengeri,Bangalore
SHP006036,M001,ORD007373,Delhivery,delivered,1,no,77.97,2,560071,Domlur,Bangalore
SHP006037,M001,ORD006874,Delhivery,delivered,1,no,118.4,1,560100,Electronic City,Bangalore
SHP006038,M001,ORD006251,Delhivery,in_transit,2,no,82.24,4,560008,Ulsoor,Bangalore
SHP006039,M001,ORD006074,Ecom Express,failed_delivery,1,no,60.37,5,560038,Indiranagar,Bangalore
SHP006040,M001,ORD006781,Shiprocket,failed_delivery,3,no,95.48,7,560038,Indiranagar,Bangalore
SHP006041,M001,ORD007098,Ecom Express,delivered,1,no,84.7,3,560066,Whitefield,Bangalore
SHP006042,M001,ORD006363,BlueDart,delivered,1,no,48.27,4,560040,Vijayanagar,Bangalore
SHP006043,M001,ORD007040,BlueDart,delivered,1,no,136.56,5,560048,Mahadevapura,Bangalore
SHP006044,M001,ORD009417,Shiprocket,delivered,1,no,110.43,5,560071,Domlur,Bangalore
SHP006045,M001,ORD006112,Ecom Express,delivered,2,no,59.21,4,560037,Marathahalli,Bangalore
SHP006046,M001,ORD007679,BlueDart,in_transit,1,no,134.0,1,560100,Electronic City,Bangalore
SHP006047,M001,ORD005647,BlueDart,failed_delivery,2,no,125.2,3,560008,Ulsoor,Bangalore
SHP006048,M001,ORD007428,Shiprocket,delivered,2,no,102.44,5,560010,Rajajinagar,Bangalore
SHP006049,M001,ORD006488,BlueDart,delivered,1,no,67.28,1,560071,Domlur,Bangalore
SHP006050,M001,ORD005157,Xpressbees,delivered,1,no,50.26,2,560038,Indiranagar,Bangalore
SHP006051,M001,ORD007317,Ecom Express,delivered,1,no,60.72,2,560103,Bellandur,Bangalore
SHP006052,M001,ORD007978,BlueDart,failed_delivery,2,no,91.21,9,560038,Indiranagar,Bangalore
SHP006053,M001,ORD006747,BlueDart,in_transit,1,no,67.02,4,560004,Basavanagudi,Bangalore
SHP006054,M001,ORD005548,Delhivery,delivered,1,no,103.87,2,560036,KR Puram,Bangalore
SHP006055,M001,ORD008124,Xpressbees,delivered,1,no,81.64,5,560037,Brookefield,Bangalore
SHP006056,M001,ORD008424,Shiprocket,delivered,1,no,143.89,3,560102,HSR Layout,Bangalore
SHP006057,M001,ORD005884,BlueDart,delivered,1,no,57.84,3,560034,Koramangala,Bangalore
SHP006058,M001,ORD009482,Ecom Express,rto,2,yes,54.93,6,560036,KR Puram,Bangalore
SHP006059,M001,ORD006915,Shiprocket,delivered,3,no,114.1,4,560066,Whitefield,Bangalore
SHP006060,M001,ORD007603,Ecom Express,rto,3,yes,51.53,3,560103,Bellandur,Bangalore
SHP006061,M001,ORD008664,Ecom Express,delivered,1,no,59.57,2,560034,Koramangala,Bangalore
SHP006062,M001,ORD008091,Ecom Express,delivered,1,no,130.98,5,560048,Mahadevapura,Bangalore
SHP006063,M001,ORD009457,Shiprocket,rto,2,yes,52.56,9,560071,Domlur,Bangalore
SHP006064,M001,ORD007194,Shiprocket,delivered,1,no,126.5,4,560071,Domlur,Bangalore
SHP006065,M001,ORD006772,BlueDart,delivered,1,no,114.24,4,560037,Marathahalli,Bangalore
SHP006066,M001,ORD005878,Delhivery,in_transit,2,no,81.87,3,560102,HSR Layout,Bangalore
SHP006067,M001,ORD009606,Ecom Express,delivered,1,no,197.74,3,560100,Electronic City,Bangalore
SHP006068,M001,ORD009917,Xpressbees,delivered,1,no,51.93,5,560008,Ulsoor,Bangalore
SHP006069,M001,ORD005854,BlueDart,delivered,2,no,117.95,2,560085,Banashankari,Bangalore
SHP006070,M001,ORD006675,Xpressbees,delivered,1,no,113.32,3,560037,Marathahalli,Bangalore
SHP006071,M001,ORD009182,Shiprocket,rto,2,yes,153.57,6,560035,Sarjapur Road,Bangalore
SHP006072,M001,ORD009526,Delhivery,delivered,2,no,131.65,4,560034,Koramangala,Bangalore
SHP006073,M001,ORD005687,Delhivery,delivered,2,no,74.73,2,560102,HSR Layout,Bangalore
SHP006074,M001,ORD009336,Ecom Express,delivered,2,no,139.29,4,560100,Electronic City,Bangalore
SHP006075,M001,ORD006274,Shiprocket,failed_delivery,3,no,90.05,4,560001,MG Road,Bangalore
SHP006076,M001,ORD006708,Delhivery,delivered,1,no,146.04,4,560041,Jayanagar,Bangalore
SHP006077,M001,ORD007565,Shiprocket,delivered,1,no,124.94,1,560066,Whitefield,Bangalore
SHP006078,M001,ORD006357,BlueDart,delivered,1,no,117.79,4,560076,BTM Layout,Bangalore
SHP006079,M001,ORD008421,Shiprocket,failed_delivery,2,no,52.69,4,560066,Whitefield,Bangalore
SHP006080,M001,ORD006683,Xpressbees,delivered,2,no,80.97,1,560071,Domlur,Bangalore
SHP006081,M001,ORD007794,Shiprocket,in_transit,1,no,90.03,4,560071,Domlur,Bangalore
SHP006082,M001,ORD008756,Delhivery,in_transit,1,no,171.62,4,560035,Sarjapur Road,Bangalore
SHP006083,M001,ORD008160,BlueDart,failed_delivery,2,no,161.61,4,560058,Peenya,Bangalore
SHP006084,M001,ORD009607,BlueDart,delivered,1,no,80.65,3,560058,Peenya,Bangalore
SHP006085,M001,ORD009787,Ecom Express,delivered,1,no,67.52,2,560034,Koramangala,Bangalore
SHP006086,M001,ORD009852,Delhivery,delivered,1,no,70.39,1,560037,Marathahalli,Bangalore
SHP006087,M001,ORD006937,Xpressbees,failed_delivery,2,no,89.59,6,560102,HSR Layout,Bangalore
SHP006088,M001,ORD009627,Ecom Express,in_transit,2,no,95.78,2,560017,Old Airport Road,Bangalore
SHP006089,M001,ORD007222,Shiprocket,delivered,3,no,146.63,1,560064,Yelahanka,Bangalore
SHP006090,M001,ORD007988,Shiprocket,delivered,1,no,111.94,2,560066,Whitefield,Bangalore
SHP006091,M001,ORD008746,BlueDart,in_transit,1,no,79.55,1,560103,Bellandur,Bangalore
SHP006092,M001,ORD005582,BlueDart,delivered,3,no,148.09,2,560017,Old Airport Road,Bangalore
SHP006093,M001,ORD007739,Ecom Express,delivered,1,no,64.78,4,560066,Whitefield,Bangalore
SHP006094,M001,ORD005902,Ecom Express,rto,2,yes,141.5,9,560041,Jayanagar,Bangalore
SHP006095,M001,ORD008158,BlueDart,in_transit,1,no,63.49,2,560034,Koramangala,Bangalore
SHP006096,M001,ORD009595,Ecom Express,delivered,2,no,142.45,2,560103,Bellandur,Bangalore
SHP006097,M001,ORD008853,BlueDart,rto,3,yes,52.19,5,560103,Bellandur,Bangalore
SHP006098,M001,ORD006041,Xpressbees,rto,3,yes,150.03,5,560100,Electronic City,Bangalore
SHP006099,M001,ORD007462,Shiprocket,delivered,1,no,96.08,2,560008,Ulsoor,Bangalore
SHP006100,M001,ORD009924,Delhivery,delivered,2,no,111.27,4,560037,Brookefield,Bangalore
SHP006101,M001,ORD005728,Shiprocket,delivered,3,no,143.65,2,560037,Marathahalli,Bangalore
SHP006102,M001,ORD006662,Shiprocket,delivered,3,no,172.66,2,560100,Electronic City,Bangalore
SHP006103,M001,ORD006789,Delhivery,delivered,1,no,56.29,2,560037,Brookefield,Bangalore
SHP006104,M001,ORD005291,Ecom Express,in_transit,2,no,70.54,3,560102,HSR Layout,Bangalore
SHP006105,M001,ORD009398,Delhivery,delivered,1,no,56.15,3,560008,Ulsoor,Bangalore
SHP006106,M001,ORD008365,Ecom Express,in_transit,1,no,63.26,1,560103,Bellandur,Bangalore
SHP006107,M001,ORD005611,Xpressbees,delivered,1,no,116.4,3,560017,Old Airport Road,Bangalore
SHP006108,M001,ORD008592,Ecom Express,in_transit,2,no,172.75,4,560035,Sarjapur Road,Bangalore
SHP006109,M001,ORD009468,BlueDart,delivered,1,no,149.99,2,560076,Bannerghatta Road,Bangalore
SHP006110,M001,ORD005329,Xpressbees,in_transit,2,no,142.25,3,560076,BTM Layout,Bangalore
SHP006111,M001,ORD009549,Ecom Express,delivered,1,no,55.12,2,560037,Marathahalli,Bangalore
SHP006112,M001,ORD005656,Ecom Express,delivered,2,no,119.11,1,560100,Electronic City,Bangalore
SHP006113,M001,ORD007070,Xpressbees,delivered,1,no,137.73,1,560078,JP Nagar,Bangalore
SHP006114,M001,ORD008213,BlueDart,failed_delivery,3,no,45.8,6,560034,Koramangala,Bangalore
SHP006115,M001,ORD006115,Xpressbees,delivered,1,no,116.36,1,560037,Brookefield,Bangalore
SHP006116,M001,ORD009224,Ecom Express,delivered,2,no,126.25,1,560071,Domlur,Bangalore
SHP006117,M001,ORD005027,Shiprocket,delivered,1,no,114.9,5,560066,Whitefield,Bangalore
SHP006118,M001,ORD005042,BlueDart,delivered,1,no,76.21,4,560048,Mahadevapura,Bangalore
SHP006119,M001,ORD005973,BlueDart,delivered,1,no,128.23,5,560017,Old Airport Road,Bangalore
SHP006120,M001,ORD006036,Ecom Express,delivered,2,no,74.65,5,560037,Marathahalli,Bangalore
SHP006121,M001,ORD009241,Delhivery,in_transit,2,no,140.72,4,560058,Peenya,Bangalore
SHP006122,M001,ORD008728,BlueDart,delivered,2,no,157.54,4,560060,Kengeri,Bangalore
SHP006123,M001,ORD008496,Delhivery,delivered,1,no,149.98,4,560066,Whitefield,Bangalore
SHP006124,M001,ORD008257,Shiprocket,rto,2,yes,129.55,4,560071,Domlur,Bangalore
SHP006125,M001,ORD005561,Delhivery,delivered,3,no,125.85,5,560001,MG Road,Bangalore
SHP006126,M001,ORD008785,Ecom Express,delivered,2,no,58.49,3,560102,HSR Layout,Bangalore
SHP006127,M001,ORD007833,Delhivery,delivered,2,no,72.75,5,560008,Ulsoor,Bangalore
SHP006128,M001,ORD009132,Shiprocket,in_transit,1,no,75.55,4,560076,Bannerghatta Road,Bangalore
SHP006129,M001,ORD009722,Delhivery,delivered,1,no,129.61,4,560041,Jayanagar,Bangalore
SHP006130,M001,ORD008609,Shiprocket,delivered,1,no,100.7,1,560100,Electronic City,Bangalore
SHP006131,M001,ORD006278,Ecom Express,delivered,1,no,70.46,4,560066,Whitefield,Bangalore
SHP006132,M001,ORD006461,Delhivery,delivered,1,no,145.32,5,560037,Marathahalli,Bangalore
SHP006133,M001,ORD008287,BlueDart,delivered,1,no,71.0,1,560048,Mahadevapura,Bangalore
SHP006134,M001,ORD008593,Xpressbees,delivered,1,no,183.66,5,560100,Electronic City,Bangalore
SHP006135,M001,ORD008097,Delhivery,delivered,1,no,69.09,5,560064,Jakkur,Bangalore
SHP006136,M001,ORD005936,Shiprocket,failed_delivery,3,no,48.39,7,560048,Mahadevapura,Bangalore
SHP006137,M001,ORD009643,Shiprocket,delivered,1,no,159.49,4,560100,Electronic City,Bangalore
SHP006138,M001,ORD005744,Delhivery,in_transit,1,no,79.29,2,560066,Whitefield,Bangalore
SHP006139,M001,ORD006050,BlueDart,rto,2,yes,70.87,8,560066,Whitefield,Bangalore
SHP006140,M001,ORD005868,Shiprocket,delivered,1,no,110.74,3,560058,Peenya,Bangalore
SHP006141,M001,ORD006535,Xpressbees,delivered,2,no,144.98,3,560001,MG Road,Bangalore
SHP006142,M001,ORD009631,Delhivery,delivered,2,no,115.8,2,560102,HSR Layout,Bangalore
SHP006143,M001,ORD005404,Ecom Express,delivered,1,no,122.03,5,560008,Ulsoor,Bangalore
SHP006144,M001,ORD007360,BlueDart,delivered,2,no,58.47,4,560103,Bellandur,Bangalore
SHP006145,M001,ORD008318,BlueDart,delivered,2,no,119.56,2,560103,Bellandur,Bangalore
SHP006146,M001,ORD005859,Ecom Express,delivered,1,no,139.63,1,560008,Ulsoor,Bangalore
SHP006147,M001,ORD009523,Ecom Express,delivered,1,no,149.36,4,560037,Marathahalli,Bangalore
SHP006148,M001,ORD005125,Shiprocket,delivered,1,no,136.79,3,560066,Whitefield,Bangalore
SHP006149,M001,ORD007467,Shiprocket,delivered,1,no,80.04,3,560017,Old Airport Road,Bangalore
SHP006150,M001,ORD006855,Ecom Express,delivered,1,no,93.14,2,560085,Banashankari,Bangalore
SHP006151,M001,ORD008021,Delhivery,delivered,3,no,117.97,3,560017,Old Airport Road,Bangalore
SHP006152,M001,ORD006919,Shiprocket,delivered,2,no,161.42,4,560035,Sarjapur Road,Bangalore
SHP006153,M001,ORD005608,Shiprocket,delivered,3,no,142.68,4,560048,Mahadevapura,Bangalore
SHP006154,M001,ORD006979,Shiprocket,delivered,2,no,156.62,5,560100,Electronic City,Bangalore
SHP006155,M001,ORD008171,Xpressbees,failed_delivery,3,no,56.08,3,560038,Indiranagar,Bangalore
SHP006156,M001,ORD009705,BlueDart,in_transit,1,no,113.66,4,560034,Koramangala,Bangalore
SHP006157,M001,ORD009796,Delhivery,delivered,2,no,59.07,2,560037,Marathahalli,Bangalore
SHP006158,M001,ORD005558,BlueDart,delivered,2,no,125.31,5,560100,Electronic City,Bangalore
SHP006159,M001,ORD007011,Delhivery,delivered,1,no,95.8,4,560064,Jakkur,Bangalore
SHP006160,M001,ORD008789,Xpressbees,delivered,1,no,96.22,4,560103,Bellandur,Bangalore
SHP006161,M001,ORD006743,BlueDart,in_transit,1,no,93.44,2,560010,Rajajinagar,Bangalore
SHP006162,M001,ORD005882,Shiprocket,delivered,1,no,147.26,5,560034,Koramangala,Bangalore
SHP006163,M001,ORD007041,Delhivery,delivered,2,no,113.1,3,560037,Marathahalli,Bangalore
SHP006164,M001,ORD006160,Shiprocket,delivered,1,no,128.95,1,560103,Bellandur,Bangalore
SHP006165,M001,ORD005745,BlueDart,delivered,1,no,143.27,2,560048,Mahadevapura,Bangalore
SHP006166,M001,ORD007650,Ecom Express,rto,2,yes,127.97,7,560071,Domlur,Bangalore
SHP006167,M001,ORD005415,Ecom Express,rto,1,yes,105.97,5,560060,Kengeri,Bangalore
SHP006168,M001,ORD008606,Shiprocket,in_transit,1,no,57.09,1,560024,Hebbal,Bangalore
SHP006169,M001,ORD006035,BlueDart,in_transit,2,no,130.68,3,560071,Domlur,Bangalore
SHP006170,M001,ORD007268,BlueDart,delivered,2,no,56.58,1,560103,Bellandur,Bangalore
SHP006171,M001,ORD006854,Shiprocket,delivered,2,no,147.71,4,560037,Brookefield,Bangalore
SHP006172,M001,ORD005159,Shiprocket,delivered,1,no,135.63,5,560048,Mahadevapura,Bangalore
SHP006173,M001,ORD009203,BlueDart,delivered,1,no,64.05,3,560102,HSR Layout,Bangalore
SHP006174,M001,ORD007458,BlueDart,in_transit,1,no,130.55,1,560034,Koramangala,Bangalore
SHP006175,M001,ORD008739,Delhivery,delivered,1,no,177.67,2,560100,Electronic City,Bangalore
SHP006176,M001,ORD005100,Shiprocket,delivered,1,no,73.64,1,560003,Malleshwaram,Bangalore
SHP006177,M001,ORD005463,Ecom Express,in_transit,1,no,97.99,4,560036,KR Puram,Bangalore
SHP006178,M001,ORD006589,Xpressbees,delivered,1,no,91.22,2,560038,Indiranagar,Bangalore
SHP006179,M001,ORD008309,Ecom Express,delivered,2,no,120.34,5,560034,Koramangala,Bangalore
SHP006180,M001,ORD008284,Shiprocket,failed_delivery,2,no,56.43,5,560103,Bellandur,Bangalore
SHP006181,M001,ORD009236,Delhivery,in_transit,1,no,90.36,1,560024,Hebbal,Bangalore
SHP006182,M001,ORD008934,Ecom Express,delivered,1,no,106.56,3,560071,Domlur,Bangalore
SHP006183,M001,ORD006530,Xpressbees,delivered,2,no,130.32,5,560001,MG Road,Bangalore
SHP006184,M001,ORD007615,Xpressbees,delivered,3,no,160.16,2,560100,Electronic City,Bangalore
SHP006185,M001,ORD009222,Delhivery,failed_delivery,1,no,74.55,8,560103,Bellandur,Bangalore
SHP006186,M001,ORD009963,BlueDart,in_transit,1,no,126.77,3,560078,JP Nagar,Bangalore
SHP006187,M001,ORD006852,BlueDart,delivered,3,no,69.41,4,560098,RR Nagar,Bangalore
SHP006188,M001,ORD008301,Ecom Express,failed_delivery,1,no,156.33,5,560035,Sarjapur Road,Bangalore
SHP006189,M001,ORD005086,Shiprocket,delivered,1,no,126.81,1,560071,Domlur,Bangalore
SHP006190,M001,ORD008535,Shiprocket,in_transit,1,no,142.52,1,560003,Malleshwaram,Bangalore
SHP006191,M001,ORD008605,Delhivery,delivered,1,no,125.92,1,560034,Koramangala,Bangalore
SHP006192,M001,ORD009958,Delhivery,delivered,2,no,140.03,5,560036,KR Puram,Bangalore
SHP006193,M001,ORD009007,BlueDart,delivered,1,no,167.84,1,560064,Yelahanka,Bangalore
SHP006194,M001,ORD009671,BlueDart,in_transit,1,no,80.34,3,560098,RR Nagar,Bangalore
SHP006195,M001,ORD006853,Xpressbees,failed_delivery,1,no,147.61,3,560035,Sarjapur Road,Bangalore
SHP006196,M001,ORD006228,Ecom Express,rto,1,yes,51.34,7,560102,HSR Layout,Bangalore
SHP006197,M001,ORD007553,Delhivery,delivered,2,no,178.74,4,560060,Kengeri,Bangalore
SHP006198,M001,ORD009994,Xpressbees,delivered,1,no,141.78,5,560066,Whitefield,Bangalore
SHP006199,M001,ORD006717,Shiprocket,delivered,3,no,100.89,4,560078,JP Nagar,Bangalore
SHP006200,M001,ORD008294,Ecom Express,delivered,1,no,130.97,4,560037,Brookefield,Bangalore
SHP006201,M001,ORD009008,Shiprocket,failed_delivery,3,no,138.9,8,560058,Peenya,Bangalore
SHP006202,M001,ORD007799,Delhivery,delivered,1,no,68.75,3,560034,Koramangala,Bangalore
SHP006203,M001,ORD007778,Delhivery,delivered,1,no,178.79,1,560100,Electronic City,Bangalore
SHP006204,M001,ORD007273,Shiprocket,delivered,1,no,129.64,4,560064,Jakkur,Bangalore
SHP006205,M001,ORD007001,BlueDart,delivered,3,no,134.85,5,560037,Brookefield,Bangalore
SHP006206,M001,ORD009357,Xpressbees,delivered,1,no,72.86,2,560010,Rajajinagar,Bangalore
SHP006207,M001,ORD008134,BlueDart,rto,3,yes,70.96,6,560024,Hebbal,Bangalore
SHP006208,M001,ORD005034,Ecom Express,rto,2,yes,125.26,4,560017,Old Airport Road,Bangalore
SHP006209,M001,ORD009807,BlueDart,failed_delivery,2,no,143.74,9,560041,Jayanagar,Bangalore
SHP006210,M001,ORD009887,Xpressbees,delivered,1,no,112.13,4,560102,HSR Layout,Bangalore
SHP006211,M001,ORD007055,Delhivery,in_transit,1,no,99.12,3,560034,Koramangala,Bangalore
SHP006212,M001,ORD006302,Xpressbees,delivered,1,no,50.46,4,560037,Brookefield,Bangalore
SHP006213,M001,ORD005632,BlueDart,delivered,1,no,179.73,1,560035,Sarjapur Road,Bangalore
SHP006214,M001,ORD005924,Xpressbees,delivered,1,no,147.78,1,560076,Bannerghatta Road,Bangalore
SHP006215,M001,ORD007340,BlueDart,failed_delivery,1,no,103.01,3,560066,Whitefield,Bangalore
SHP006216,M001,ORD006317,Ecom Express,rto,2,yes,129.04,7,560035,Sarjapur Road,Bangalore
SHP006217,M001,ORD007823,Ecom Express,in_transit,2,no,145.32,2,560103,Bellandur,Bangalore
SHP006218,M001,ORD005435,Ecom Express,delivered,1,no,108.77,1,560008,Ulsoor,Bangalore
SHP006219,M001,ORD006218,Delhivery,delivered,1,no,105.35,1,560034,Koramangala,Bangalore
SHP006220,M001,ORD007881,Shiprocket,delivered,2,no,141.53,4,560017,Old Airport Road,Bangalore
SHP006221,M001,ORD005873,Ecom Express,failed_delivery,3,no,132.26,8,560058,Peenya,Bangalore
SHP006222,M001,ORD006430,Ecom Express,in_transit,1,no,72.66,1,560034,Koramangala,Bangalore
SHP006223,M001,ORD007831,BlueDart,in_transit,1,no,106.52,3,560103,Bellandur,Bangalore
SHP006224,M001,ORD009438,BlueDart,delivered,1,no,109.92,4,560064,Jakkur,Bangalore
SHP006225,M001,ORD005321,Shiprocket,delivered,1,no,137.47,5,560102,HSR Layout,Bangalore
SHP006226,M001,ORD008476,Delhivery,delivered,1,no,99.43,4,560064,Jakkur,Bangalore
SHP006227,M001,ORD009577,Delhivery,delivered,2,no,85.52,3,560102,HSR Layout,Bangalore
SHP006228,M001,ORD009110,BlueDart,delivered,1,no,112.0,4,560037,Marathahalli,Bangalore
SHP006229,M001,ORD007093,BlueDart,failed_delivery,3,no,47.78,9,560034,Koramangala,Bangalore
SHP006230,M001,ORD009806,Ecom Express,delivered,1,no,124.12,2,560008,Ulsoor,Bangalore
SHP006231,M001,ORD005337,Shiprocket,delivered,2,no,102.31,4,560008,Ulsoor,Bangalore
SHP006232,M001,ORD008245,Shiprocket,delivered,1,no,60.03,4,560008,Ulsoor,Bangalore
SHP006233,M001,ORD008840,Xpressbees,delivered,3,no,95.11,5,560066,Whitefield,Bangalore
SHP006234,M001,ORD009322,Xpressbees,delivered,1,no,78.4,2,560034,Koramangala,Bangalore
SHP006235,M001,ORD009137,Delhivery,delivered,2,no,81.43,3,560038,Indiranagar,Bangalore
SHP006236,M001,ORD007948,BlueDart,rto,3,yes,123.23,5,560017,Old Airport Road,Bangalore
SHP006237,M001,ORD005841,BlueDart,failed_delivery,3,no,140.43,7,560066,Whitefield,Bangalore
SHP006238,M001,ORD007815,Shiprocket,delivered,1,no,139.23,5,560034,Koramangala,Bangalore
SHP006239,M001,ORD006982,Xpressbees,delivered,1,no,70.79,1,560066,Whitefield,Bangalore
SHP006240,M001,ORD007397,Delhivery,delivered,2,no,131.9,1,560102,HSR Layout,Bangalore
SHP006241,M001,ORD007908,Delhivery,delivered,2,no,148.67,4,560100,Electronic City,Bangalore
SHP006242,M001,ORD006873,Delhivery,delivered,1,no,170.71,1,560058,Peenya,Bangalore
SHP006243,M001,ORD008864,BlueDart,failed_delivery,2,no,80.76,7,560102,HSR Layout,Bangalore
SHP006244,M001,ORD009820,Ecom Express,delivered,1,no,65.5,5,560085,Banashankari,Bangalore
SHP006245,M001,ORD009779,Delhivery,delivered,1,no,105.81,3,560037,Marathahalli,Bangalore
SHP006246,M001,ORD006532,Xpressbees,in_transit,1,no,108.59,1,560036,KR Puram,Bangalore
SHP006247,M001,ORD006081,Delhivery,delivered,1,no,135.47,3,560100,Electronic City,Bangalore
SHP006248,M001,ORD009822,Ecom Express,delivered,2,no,135.13,1,560037,Brookefield,Bangalore
SHP006249,M001,ORD006255,Delhivery,delivered,2,no,46.8,1,560071,Domlur,Bangalore
SHP006250,M001,ORD005372,Shiprocket,delivered,2,no,88.09,1,560103,Bellandur,Bangalore
SHP006251,M001,ORD006013,Ecom Express,failed_delivery,3,no,149.55,9,560102,HSR Layout,Bangalore
SHP006252,M001,ORD007004,Shiprocket,in_transit,2,no,48.64,3,560048,Mahadevapura,Bangalore
SHP006253,M001,ORD007135,Xpressbees,delivered,1,no,140.89,3,560008,Ulsoor,Bangalore
SHP006254,M001,ORD005845,BlueDart,rto,1,yes,54.64,3,560085,Banashankari,Bangalore
SHP006255,M001,ORD007324,Delhivery,delivered,1,no,81.27,4,560034,Koramangala,Bangalore
SHP006256,M001,ORD009020,BlueDart,delivered,2,no,139.67,3,560098,RR Nagar,Bangalore
SHP006257,M001,ORD006694,Ecom Express,delivered,1,no,146.28,5,560001,MG Road,Bangalore
SHP006258,M001,ORD005410,Shiprocket,delivered,2,no,92.36,3,560071,Domlur,Bangalore
SHP006259,M001,ORD006372,Shiprocket,failed_delivery,1,no,115.31,9,560100,Electronic City,Bangalore
SHP006260,M001,ORD007075,Delhivery,delivered,1,no,129.21,5,560034,Koramangala,Bangalore
SHP006261,M001,ORD006446,BlueDart,failed_delivery,2,no,85.84,7,560008,Ulsoor,Bangalore
SHP006262,M001,ORD007618,Xpressbees,failed_delivery,3,no,127.21,3,560066,Whitefield,Bangalore
SHP006263,M001,ORD008470,Shiprocket,delivered,2,no,146.37,4,560071,Domlur,Bangalore
SHP006264,M001,ORD009651,Shiprocket,delivered,3,no,136.37,4,560103,Bellandur,Bangalore
SHP006265,M001,ORD005156,Xpressbees,delivered,2,no,89.39,5,560037,Marathahalli,Bangalore
SHP006266,M001,ORD008591,BlueDart,delivered,2,no,194.92,4,560100,Electronic City,Bangalore
SHP006267,M001,ORD005126,Xpressbees,delivered,2,no,138.37,5,560037,Marathahalli,Bangalore
SHP006268,M001,ORD009267,BlueDart,delivered,2,no,120.68,3,560034,Koramangala,Bangalore
SHP006269,M001,ORD009774,Ecom Express,rto,2,yes,65.12,8,560102,HSR Layout,Bangalore
SHP006270,M001,ORD009841,BlueDart,delivered,1,no,99.41,5,560037,Brookefield,Bangalore
SHP006271,M001,ORD009238,Xpressbees,rto,1,yes,141.48,6,560066,Whitefield,Bangalore
SHP006272,M001,ORD006615,Xpressbees,rto,2,yes,106.91,8,560058,Peenya,Bangalore
SHP006273,M001,ORD008991,Shiprocket,in_transit,2,no,140.42,3,560040,Vijayanagar,Bangalore
SHP006274,M001,ORD009945,Shiprocket,in_transit,1,no,75.14,1,560034,Koramangala,Bangalore
SHP006275,M001,ORD007022,Xpressbees,delivered,1,no,145.2,2,560066,Whitefield,Bangalore
SHP006276,M001,ORD009002,Ecom Express,delivered,1,no,103.67,4,560034,Koramangala,Bangalore
SHP006277,M001,ORD008059,Ecom Express,in_transit,1,no,121.69,3,560100,Electronic City,Bangalore
SHP006278,M001,ORD007567,Ecom Express,delivered,2,no,122.86,4,560102,HSR Layout,Bangalore
SHP006279,M001,ORD008074,BlueDart,rto,3,yes,129.64,7,560048,Mahadevapura,Bangalore
SHP006280,M001,ORD009913,Delhivery,rto,1,yes,125.94,8,560041,Jayanagar,Bangalore
SHP006281,M001,ORD009474,BlueDart,delivered,1,no,70.98,4,560036,KR Puram,Bangalore
SHP006282,M001,ORD006016,BlueDart,delivered,1,no,96.79,3,560076,Bannerghatta Road,Bangalore
SHP006283,M001,ORD006778,Delhivery,in_transit,1,no,87.39,1,560085,Banashankari,Bangalore
SHP006284,M001,ORD008998,Shiprocket,in_transit,2,no,112.58,2,560036,KR Puram,Bangalore
SHP006285,M001,ORD007571,BlueDart,delivered,1,no,139.78,3,560100,Electronic City,Bangalore
SHP006286,M001,ORD007503,Xpressbees,delivered,1,no,70.51,3,560048,Mahadevapura,Bangalore
SHP006287,M001,ORD006155,Ecom Express,delivered,3,no,46.51,5,560048,Mahadevapura,Bangalore
SHP006288,M001,ORD009967,Shiprocket,in_transit,2,no,80.47,3,560048,Mahadevapura,Bangalore
SHP006289,M001,ORD008522,BlueDart,delivered,1,no,78.56,4,560017,Old Airport Road,Bangalore
SHP006290,M001,ORD006225,Shiprocket,in_transit,1,no,80.46,4,560037,Marathahalli,Bangalore
SHP006291,M001,ORD006813,Shiprocket,delivered,1,no,131.15,2,560048,Mahadevapura,Bangalore
SHP006292,M001,ORD005455,Delhivery,delivered,1,no,130.76,3,560071,Domlur,Bangalore
SHP006293,M001,ORD005926,Xpressbees,delivered,2,no,75.04,1,560037,Marathahalli,Bangalore
SHP006294,M001,ORD007904,Xpressbees,in_transit,1,no,101.51,3,560008,Ulsoor,Bangalore
SHP006295,M001,ORD007353,BlueDart,delivered,1,no,125.17,4,560003,Malleshwaram,Bangalore
SHP006296,M001,ORD008405,Delhivery,delivered,2,no,147.38,4,560034,Koramangala,Bangalore
SHP006297,M001,ORD006148,Shiprocket,delivered,1,no,69.68,2,560017,Old Airport Road,Bangalore
SHP006298,M001,ORD005023,Shiprocket,delivered,1,no,117.15,3,560102,HSR Layout,Bangalore
SHP006299,M001,ORD006666,Ecom Express,delivered,1,no,117.95,1,560066,Whitefield,Bangalore
SHP006300,M001,ORD009585,Xpressbees,delivered,1,no,75.33,3,560004,Basavanagudi,Bangalore
SHP006301,M001,ORD005169,Ecom Express,delivered,1,no,128.74,5,560034,Koramangala,Bangalore
SHP006302,M001,ORD008228,Delhivery,rto,3,yes,98.55,3,560066,Whitefield,Bangalore
SHP006303,M001,ORD008048,Xpressbees,delivered,1,no,96.48,2,560010,Rajajinagar,Bangalore
SHP006304,M001,ORD007791,Shiprocket,rto,3,yes,105.44,8,560038,Indiranagar,Bangalore
SHP006305,M001,ORD006894,Xpressbees,in_transit,1,no,80.77,1,560036,KR Puram,Bangalore
SHP006306,M001,ORD007654,Ecom Express,failed_delivery,3,no,184.62,5,560035,Sarjapur Road,Bangalore
SHP006307,M001,ORD008989,Ecom Express,delivered,2,no,145.63,4,560041,Jayanagar,Bangalore
SHP006308,M001,ORD009578,Xpressbees,delivered,1,no,115.7,4,560048,Mahadevapura,Bangalore
SHP006309,M001,ORD007997,Ecom Express,in_transit,1,no,102.03,3,560048,Mahadevapura,Bangalore
SHP006310,M001,ORD009768,Delhivery,delivered,1,no,93.23,4,560102,HSR Layout,Bangalore
SHP006311,M001,ORD005846,Delhivery,delivered,2,no,172.91,1,560100,Electronic City,Bangalore
SHP006312,M001,ORD005480,BlueDart,delivered,1,no,108.61,5,560103,Bellandur,Bangalore
SHP006313,M001,ORD007255,Delhivery,delivered,1,no,82.98,3,560017,Old Airport Road,Bangalore
SHP006314,M001,ORD007989,BlueDart,in_transit,1,no,143.22,3,560071,Domlur,Bangalore
SHP006315,M001,ORD009982,Shiprocket,delivered,1,no,140.07,5,560098,RR Nagar,Bangalore
SHP006316,M001,ORD008490,BlueDart,delivered,1,no,62.75,4,560071,Domlur,Bangalore
SHP006317,M001,ORD007736,BlueDart,delivered,1,no,47.66,3,560036,KR Puram,Bangalore
SHP006318,M001,ORD005568,Xpressbees,delivered,1,no,71.2,4,560038,Indiranagar,Bangalore
SHP006319,M001,ORD006752,Ecom Express,rto,2,yes,159.46,4,560058,Peenya,Bangalore
SHP006320,M001,ORD007294,BlueDart,delivered,1,no,85.96,5,560037,Marathahalli,Bangalore
SHP006321,M001,ORD007902,BlueDart,in_transit,1,no,72.98,3,560048,Mahadevapura,Bangalore
SHP006322,M001,ORD007858,Xpressbees,delivered,1,no,167.18,5,560035,Sarjapur Road,Bangalore
SHP006323,M001,ORD009393,BlueDart,failed_delivery,2,no,140.62,8,560048,Mahadevapura,Bangalore
SHP006324,M001,ORD006376,Ecom Express,failed_delivery,1,no,110.4,7,560038,Indiranagar,Bangalore
SHP006325,M001,ORD006672,Shiprocket,delivered,1,no,121.28,5,560102,HSR Layout,Bangalore
SHP006326,M001,ORD009210,Ecom Express,failed_delivery,1,no,75.03,9,560103,Bellandur,Bangalore
SHP006327,M001,ORD009680,BlueDart,delivered,1,no,79.32,3,560036,KR Puram,Bangalore
SHP006328,M001,ORD007592,BlueDart,in_transit,1,no,106.79,2,560103,Bellandur,Bangalore
SHP006329,M001,ORD006402,Xpressbees,in_transit,1,no,73.39,3,560071,Domlur,Bangalore
SHP006330,M001,ORD006144,BlueDart,delivered,1,no,95.83,2,560071,Domlur,Bangalore
SHP006331,M001,ORD007103,Shiprocket,delivered,1,no,67.73,5,560004,Basavanagudi,Bangalore
SHP006332,M001,ORD006803,Xpressbees,rto,2,yes,59.61,9,560034,Koramangala,Bangalore
SHP006333,M001,ORD008367,BlueDart,delivered,1,no,96.42,5,560038,Indiranagar,Bangalore
SHP006334,M001,ORD008315,Ecom Express,delivered,1,no,60.61,3,560066,Whitefield,Bangalore
SHP006335,M001,ORD008218,Ecom Express,delivered,1,no,53.01,1,560103,Bellandur,Bangalore
SHP006336,M001,ORD008526,Delhivery,delivered,1,no,80.6,3,560038,Indiranagar,Bangalore
SHP006337,M001,ORD008677,BlueDart,delivered,2,no,129.63,2,560008,Ulsoor,Bangalore
SHP006338,M001,ORD005634,BlueDart,delivered,1,no,56.2,2,560037,Marathahalli,Bangalore
SHP006339,M001,ORD007795,Shiprocket,delivered,1,no,128.21,3,560071,Domlur,Bangalore
SHP006340,M001,ORD006993,Xpressbees,failed_delivery,2,no,146.69,7,560034,Koramangala,Bangalore
SHP006341,M001,ORD009817,Shiprocket,delivered,1,no,63.76,3,560037,Marathahalli,Bangalore
SHP006342,M001,ORD008846,Ecom Express,rto,2,yes,72.67,6,560078,JP Nagar,Bangalore
SHP006343,M001,ORD008554,Shiprocket,rto,2,yes,71.13,8,560034,Koramangala,Bangalore
SHP006344,M001,ORD007569,Shiprocket,failed_delivery,3,no,99.11,3,560103,Bellandur,Bangalore
SHP006345,M001,ORD007323,Ecom Express,failed_delivery,3,no,174.66,5,560100,Electronic City,Bangalore
SHP006346,M001,ORD008905,Xpressbees,delivered,2,no,150.92,2,560100,Electronic City,Bangalore
SHP006347,M001,ORD009158,Shiprocket,in_transit,1,no,91.37,1,560036,KR Puram,Bangalore
SHP006348,M001,ORD006026,Ecom Express,delivered,1,no,148.52,4,560034,Koramangala,Bangalore
SHP006349,M001,ORD007965,Delhivery,delivered,1,no,110.6,3,560064,Yelahanka,Bangalore
SHP006350,M001,ORD006626,Ecom Express,delivered,1,no,134.53,1,560066,Whitefield,Bangalore
SHP006351,M001,ORD006904,Delhivery,rto,2,yes,116.47,4,560038,Indiranagar,Bangalore
SHP006352,M001,ORD007133,Delhivery,delivered,1,no,77.83,3,560034,Koramangala,Bangalore
SHP006353,M001,ORD005702,Ecom Express,delivered,1,no,137.39,1,560103,Bellandur,Bangalore
SHP006354,M001,ORD009248,Ecom Express,delivered,2,no,111.07,3,560066,Whitefield,Bangalore
SHP006355,M001,ORD009481,Xpressbees,delivered,1,no,138.81,4,560071,Domlur,Bangalore
SHP006356,M001,ORD007191,Xpressbees,rto,1,yes,87.94,7,560066,Whitefield,Bangalore
SHP006357,M001,ORD008271,BlueDart,rto,2,yes,51.35,4,560102,HSR Layout,Bangalore
SHP006358,M001,ORD006500,Delhivery,delivered,1,no,60.3,1,560010,Rajajinagar,Bangalore
SHP006359,M001,ORD006208,Shiprocket,delivered,1,no,73.15,3,560102,HSR Layout,Bangalore
SHP006360,M001,ORD005110,Xpressbees,delivered,1,no,138.53,5,560103,Bellandur,Bangalore
SHP006361,M001,ORD005167,Shiprocket,delivered,1,no,96.31,3,560037,Marathahalli,Bangalore
SHP006362,M001,ORD007501,Xpressbees,delivered,2,no,82.87,4,560037,Brookefield,Bangalore
SHP006363,M001,ORD006588,Xpressbees,delivered,1,no,117.73,4,560103,Bellandur,Bangalore
SHP006364,M001,ORD007057,Ecom Express,in_transit,1,no,134.84,3,560001,MG Road,Bangalore
SHP006365,M001,ORD006586,Xpressbees,in_transit,1,no,60.18,2,560103,Bellandur,Bangalore
SHP006366,M001,ORD008933,Ecom Express,delivered,1,no,105.39,2,560010,Rajajinagar,Bangalore
SHP006367,M001,ORD006788,Xpressbees,in_transit,1,no,122.55,2,560038,Indiranagar,Bangalore
SHP006368,M001,ORD006926,Xpressbees,in_transit,1,no,62.55,2,560071,Domlur,Bangalore
SHP006369,M001,ORD006451,Ecom Express,delivered,1,no,81.94,1,560008,Ulsoor,Bangalore
SHP006370,M001,ORD007474,Delhivery,delivered,1,no,60.66,3,560017,Old Airport Road,Bangalore
SHP006371,M001,ORD007350,Xpressbees,delivered,1,no,59.41,5,560102,HSR Layout,Bangalore
SHP006372,M001,ORD008391,BlueDart,failed_delivery,1,no,103.15,6,560100,Electronic City,Bangalore
SHP006373,M001,ORD006834,BlueDart,in_transit,1,no,142.45,4,560058,Peenya,Bangalore
SHP006374,M001,ORD007891,Delhivery,delivered,2,no,120.19,5,560003,Malleshwaram,Bangalore
SHP006375,M001,ORD005015,Xpressbees,delivered,2,no,91.27,2,560037,Brookefield,Bangalore
SHP006376,M001,ORD005830,Delhivery,delivered,2,no,112.63,4,560017,Old Airport Road,Bangalore
SHP006377,M001,ORD007995,BlueDart,delivered,1,no,60.4,1,560038,Indiranagar,Bangalore
SHP006378,M001,ORD005280,BlueDart,delivered,2,no,129.97,1,560071,Domlur,Bangalore
SHP006379,M001,ORD007683,Shiprocket,in_transit,1,no,111.99,2,560071,Domlur,Bangalore
SHP006380,M001,ORD006769,Delhivery,delivered,1,no,87.79,2,560066,Whitefield,Bangalore
SHP006381,M001,ORD005427,Shiprocket,delivered,2,no,128.13,5,560003,Malleshwaram,Bangalore
SHP006382,M001,ORD005059,BlueDart,delivered,1,no,129.26,3,560071,Domlur,Bangalore
SHP006383,M001,ORD005525,Shiprocket,in_transit,1,no,100.35,2,560017,Old Airport Road,Bangalore
SHP006384,M001,ORD009467,Shiprocket,in_transit,1,no,91.26,3,560024,Hebbal,Bangalore
SHP006385,M001,ORD009749,Xpressbees,in_transit,1,no,53.3,3,560004,Basavanagudi,Bangalore
SHP006386,M001,ORD007245,Delhivery,delivered,2,no,59.07,3,560001,MG Road,Bangalore
SHP006387,M001,ORD008204,Shiprocket,delivered,2,no,131.16,2,560034,Koramangala,Bangalore
SHP006388,M001,ORD007274,BlueDart,delivered,1,no,87.27,1,560035,Sarjapur Road,Bangalore
SHP006389,M001,ORD007556,Shiprocket,delivered,1,no,64.14,5,560071,Domlur,Bangalore
SHP006390,M001,ORD007391,Ecom Express,delivered,1,no,173.92,2,560100,Electronic City,Bangalore
SHP006391,M001,ORD005470,Delhivery,delivered,1,no,136.41,2,560102,HSR Layout,Bangalore
SHP006392,M001,ORD006591,Shiprocket,in_transit,1,no,127.61,1,560034,Koramangala,Bangalore
SHP006393,M001,ORD006903,Delhivery,delivered,2,no,127.89,1,560037,Marathahalli,Bangalore
SHP006394,M001,ORD006092,BlueDart,delivered,3,no,92.8,1,560103,Bellandur,Bangalore
SHP006395,M001,ORD006324,Delhivery,delivered,1,no,108.71,4,560004,Basavanagudi,Bangalore
SHP006396,M001,ORD009173,BlueDart,delivered,2,no,59.2,1,560102,HSR Layout,Bangalore
SHP006397,M001,ORD006150,BlueDart,delivered,1,no,123.52,1,560048,Mahadevapura,Bangalore
SHP006398,M001,ORD006802,BlueDart,delivered,1,no,180.46,5,560100,Electronic City,Bangalore
SHP006399,M001,ORD008392,Xpressbees,failed_delivery,2,no,119.17,4,560098,RR Nagar,Bangalore
SHP006400,M001,ORD009762,BlueDart,delivered,3,no,107.05,3,560102,HSR Layout,Bangalore
SHP006401,M001,ORD008967,Delhivery,delivered,2,no,98.67,2,560103,Bellandur,Bangalore
SHP006402,M001,ORD006808,Delhivery,delivered,2,no,51.25,4,560071,Domlur,Bangalore
SHP006403,M001,ORD006366,Shiprocket,in_transit,1,no,87.55,2,560037,Marathahalli,Bangalore
SHP006404,M001,ORD007481,BlueDart,delivered,2,no,103.88,5,560036,KR Puram,Bangalore
SHP006405,M001,ORD008364,Delhivery,delivered,2,no,92.19,5,560001,MG Road,Bangalore
SHP006406,M001,ORD008955,Xpressbees,delivered,2,no,124.48,5,560102,HSR Layout,Bangalore
SHP006407,M001,ORD006245,Ecom Express,delivered,1,no,121.95,3,560098,RR Nagar,Bangalore
SHP006408,M001,ORD008771,BlueDart,delivered,1,no,72.32,4,560038,Indiranagar,Bangalore
SHP006409,M001,ORD007943,Delhivery,delivered,1,no,64.43,3,560037,Marathahalli,Bangalore
SHP006410,M001,ORD005345,Shiprocket,in_transit,3,no,48.01,1,560064,Jakkur,Bangalore
SHP006411,M001,ORD007215,Delhivery,rto,3,yes,132.74,3,560036,KR Puram,Bangalore
SHP006412,M001,ORD009092,Delhivery,in_transit,1,no,88.29,3,560103,Bellandur,Bangalore
SHP006413,M001,ORD009892,BlueDart,in_transit,1,no,110.9,1,560034,Koramangala,Bangalore
SHP006414,M001,ORD005975,Ecom Express,in_transit,1,no,99.07,1,560102,HSR Layout,Bangalore
SHP006415,M001,ORD007932,BlueDart,delivered,1,no,109.49,2,560076,BTM Layout,Bangalore
SHP006416,M001,ORD005183,BlueDart,rto,3,yes,71.55,5,560017,Old Airport Road,Bangalore
SHP006417,M001,ORD006223,Shiprocket,in_transit,2,no,129.1,4,560035,Sarjapur Road,Bangalore
SHP006418,M001,ORD007372,Delhivery,delivered,1,no,135.91,3,560100,Electronic City,Bangalore
SHP006419,M001,ORD007442,Ecom Express,rto,3,yes,144.81,3,560060,Kengeri,Bangalore
SHP006420,M001,ORD006029,BlueDart,delivered,1,no,65.96,1,560037,Brookefield,Bangalore
SHP006421,M001,ORD006437,Shiprocket,rto,2,yes,115.25,5,560102,HSR Layout,Bangalore
SHP006422,M001,ORD006356,Shiprocket,delivered,1,no,68.43,1,560048,Mahadevapura,Bangalore
SHP006423,M001,ORD007994,Ecom Express,delivered,1,no,57.85,3,560036,KR Puram,Bangalore
SHP006424,M001,ORD006485,Delhivery,delivered,1,no,123.26,5,560036,KR Puram,Bangalore
SHP006425,M001,ORD007420,BlueDart,delivered,2,no,134.14,2,560017,Old Airport Road,Bangalore
SHP006426,M001,ORD005314,Shiprocket,delivered,1,no,75.95,2,560048,Mahadevapura,Bangalore
SHP006427,M001,ORD009546,BlueDart,failed_delivery,3,no,132.79,7,560037,Marathahalli,Bangalore
SHP006428,M001,ORD007710,Shiprocket,delivered,3,no,138.78,4,560066,Whitefield,Bangalore
SHP006429,M001,ORD009568,Ecom Express,failed_delivery,3,no,91.66,7,560076,Bannerghatta Road,Bangalore
SHP006430,M001,ORD007824,Ecom Express,delivered,1,no,72.33,2,560066,Whitefield,Bangalore
SHP006431,M001,ORD008781,Ecom Express,delivered,1,no,131.37,1,560034,Koramangala,Bangalore
SHP006432,M001,ORD005684,Delhivery,delivered,1,no,95.42,1,560076,Bannerghatta Road,Bangalore
SHP006433,M001,ORD007607,Shiprocket,in_transit,2,no,142.31,3,560066,Whitefield,Bangalore
SHP006434,M001,ORD006727,Xpressbees,in_transit,1,no,82.92,2,560004,Basavanagudi,Bangalore
SHP006435,M001,ORD005775,BlueDart,delivered,2,no,49.58,1,560038,Indiranagar,Bangalore
SHP006436,M001,ORD005238,Shiprocket,in_transit,1,no,168.25,4,560058,Peenya,Bangalore
SHP006437,M001,ORD006207,Ecom Express,delivered,2,no,82.84,5,560071,Domlur,Bangalore
SHP006438,M001,ORD008483,Delhivery,delivered,2,no,49.13,3,560017,Old Airport Road,Bangalore
SHP006439,M001,ORD007148,Shiprocket,delivered,2,no,124.11,3,560038,Indiranagar,Bangalore
SHP006440,M001,ORD005609,BlueDart,delivered,1,no,73.64,3,560048,Mahadevapura,Bangalore
SHP006441,M001,ORD007355,Shiprocket,rto,1,yes,102.33,9,560004,Basavanagudi,Bangalore
SHP006442,M001,ORD006066,Delhivery,delivered,1,no,76.98,2,560102,HSR Layout,Bangalore
SHP006443,M001,ORD008110,Shiprocket,delivered,1,no,96.86,5,560038,Indiranagar,Bangalore
SHP006444,M001,ORD006417,BlueDart,delivered,1,no,80.13,1,560037,Marathahalli,Bangalore
SHP006445,M001,ORD005857,Ecom Express,delivered,2,no,112.33,2,560037,Brookefield,Bangalore
SHP006446,M001,ORD005569,Delhivery,delivered,2,no,147.67,3,560100,Electronic City,Bangalore
SHP006447,M001,ORD008176,Xpressbees,rto,1,yes,77.92,4,560034,Koramangala,Bangalore
SHP006448,M001,ORD009163,Xpressbees,delivered,1,no,85.8,4,560037,Brookefield,Bangalore
SHP006449,M001,ORD007574,Delhivery,in_transit,1,no,82.92,4,560048,Mahadevapura,Bangalore
SHP006450,M001,ORD005177,Xpressbees,in_transit,1,no,94.85,4,560102,HSR Layout,Bangalore
SHP006451,M001,ORD009049,Ecom Express,in_transit,1,no,162.54,1,560100,Electronic City,Bangalore
SHP006452,M001,ORD008918,Ecom Express,delivered,1,no,86.43,3,560034,Koramangala,Bangalore
SHP006453,M001,ORD009871,Ecom Express,in_transit,1,no,63.04,1,560034,Koramangala,Bangalore
SHP006454,M001,ORD005785,BlueDart,failed_delivery,2,no,105.74,7,560100,Electronic City,Bangalore
SHP006455,M001,ORD005306,Delhivery,delivered,1,no,140.41,4,560103,Bellandur,Bangalore
SHP006456,M001,ORD008317,BlueDart,delivered,2,no,82.06,1,560102,HSR Layout,Bangalore
SHP006457,M001,ORD009344,Ecom Express,in_transit,1,no,171.24,3,560060,Kengeri,Bangalore
SHP006458,M001,ORD009520,Shiprocket,delivered,2,no,61.2,4,560048,Mahadevapura,Bangalore
SHP006459,M001,ORD009179,Xpressbees,delivered,2,no,51.68,3,560034,Koramangala,Bangalore
SHP006460,M001,ORD009791,Xpressbees,rto,3,yes,91.88,4,560003,Malleshwaram,Bangalore
SHP006461,M001,ORD009512,Ecom Express,in_transit,1,no,104.24,2,560037,Brookefield,Bangalore
SHP006462,M001,ORD009540,Delhivery,delivered,1,no,53.15,3,560103,Bellandur,Bangalore
SHP006463,M001,ORD005557,Xpressbees,in_transit,1,no,123.97,4,560036,KR Puram,Bangalore
SHP006464,M001,ORD005598,Ecom Express,delivered,2,no,77.59,1,560103,Bellandur,Bangalore
SHP006465,M001,ORD005489,BlueDart,failed_delivery,1,no,111.93,7,560038,Indiranagar,Bangalore
SHP006466,M001,ORD007972,Ecom Express,in_transit,1,no,72.06,4,560037,Marathahalli,Bangalore
SHP006467,M001,ORD008375,Ecom Express,in_transit,1,no,79.57,4,560102,HSR Layout,Bangalore
SHP006468,M001,ORD008407,Xpressbees,delivered,1,no,91.43,4,560037,Marathahalli,Bangalore
SHP006469,M001,ORD009422,Xpressbees,delivered,1,no,118.64,2,560085,Banashankari,Bangalore
SHP006470,M001,ORD006180,Xpressbees,delivered,1,no,78.56,3,560038,Indiranagar,Bangalore
SHP006471,M001,ORD005555,Shiprocket,delivered,1,no,146.31,2,560036,KR Puram,Bangalore
SHP006472,M001,ORD008106,Delhivery,delivered,1,no,98.8,2,560085,Banashankari,Bangalore
SHP006473,M001,ORD006259,BlueDart,in_transit,1,no,72.53,2,560036,KR Puram,Bangalore
SHP006474,M001,ORD008867,Shiprocket,delivered,1,no,146.51,3,560037,Marathahalli,Bangalore
SHP006475,M001,ORD009665,Xpressbees,delivered,1,no,105.45,1,560008,Ulsoor,Bangalore
SHP006476,M001,ORD005032,Delhivery,delivered,2,no,99.89,4,560034,Koramangala,Bangalore
SHP006477,M001,ORD005347,BlueDart,delivered,1,no,88.66,4,560103,Bellandur,Bangalore
SHP006478,M001,ORD008269,Ecom Express,delivered,1,no,85.57,1,560098,RR Nagar,Bangalore
SHP006479,M001,ORD009553,BlueDart,delivered,2,no,78.73,4,560034,Koramangala,Bangalore
SHP006480,M001,ORD006046,Ecom Express,delivered,1,no,112.92,5,560078,JP Nagar,Bangalore
SHP006481,M001,ORD007388,BlueDart,delivered,1,no,58.29,4,560038,Indiranagar,Bangalore
SHP006482,M001,ORD006244,Delhivery,delivered,1,no,76.39,2,560102,HSR Layout,Bangalore
SHP006483,M001,ORD008941,Ecom Express,delivered,1,no,53.51,1,560037,Marathahalli,Bangalore
SHP006484,M001,ORD007425,BlueDart,delivered,3,no,196.14,4,560100,Electronic City,Bangalore
SHP006485,M001,ORD005298,Xpressbees,rto,2,yes,47.95,6,560037,Marathahalli,Bangalore
SHP006486,M001,ORD005001,BlueDart,in_transit,1,no,93.72,2,560103,Bellandur,Bangalore
SHP006487,M001,ORD008857,Xpressbees,delivered,1,no,86.11,1,560066,Whitefield,Bangalore
SHP006488,M001,ORD007211,BlueDart,delivered,1,no,95.77,1,560102,HSR Layout,Bangalore
SHP006489,M001,ORD006856,Shiprocket,delivered,1,no,60.43,4,560038,Indiranagar,Bangalore
SHP006490,M001,ORD005757,BlueDart,delivered,2,no,186.9,2,560100,Electronic City,Bangalore
SHP006491,M001,ORD006075,Shiprocket,delivered,1,no,101.52,3,560103,Bellandur,Bangalore
SHP006492,M001,ORD006436,Shiprocket,delivered,1,no,67.64,4,560004,Basavanagudi,Bangalore
SHP006493,M001,ORD005405,BlueDart,delivered,2,no,142.94,5,560064,Jakkur,Bangalore
SHP006494,M001,ORD005909,Ecom Express,in_transit,1,no,68.89,1,560103,Bellandur,Bangalore
SHP006495,M001,ORD007813,Xpressbees,delivered,2,no,124.52,4,560085,Banashankari,Bangalore
SHP006496,M001,ORD007406,Ecom Express,failed_delivery,2,no,64.89,9,560064,Jakkur,Bangalore
SHP006497,M001,ORD008935,Shiprocket,delivered,1,no,170.37,2,560035,Sarjapur Road,Bangalore
SHP006498,M001,ORD006957,Ecom Express,delivered,1,no,70.22,4,560048,Mahadevapura,Bangalore
SHP006499,M001,ORD007751,Xpressbees,delivered,1,no,141.36,2,560066,Whitefield,Bangalore
SHP006500,M001,ORD007886,Ecom Express,failed_delivery,3,no,196.04,8,560035,Sarjapur Road,Bangalore
SHP006501,M001,ORD006351,Delhivery,delivered,3,no,188.59,1,560035,Sarjapur Road,Bangalore
SHP006502,M001,ORD008553,BlueDart,delivered,1,no,104.15,2,560034,Koramangala,Bangalore
SHP006503,M001,ORD007897,BlueDart,delivered,2,no,136.55,1,560078,JP Nagar,Bangalore
SHP006504,M001,ORD007901,Xpressbees,in_transit,1,no,130.41,2,560085,Banashankari,Bangalore
SHP006505,M001,ORD007699,BlueDart,rto,1,yes,106.95,6,560103,Bellandur,Bangalore
SHP006506,M001,ORD009377,Shiprocket,delivered,2,no,59.58,1,560103,Bellandur,Bangalore
SHP006507,M001,ORD006337,Ecom Express,delivered,1,no,90.51,1,560038,Indiranagar,Bangalore
SHP006508,M001,ORD008082,Delhivery,delivered,2,no,135.79,5,560071,Domlur,Bangalore
SHP006509,M001,ORD005526,BlueDart,delivered,3,no,85.93,5,560048,Mahadevapura,Bangalore
SHP006510,M001,ORD007270,Xpressbees,delivered,2,no,83.09,4,560071,Domlur,Bangalore
SHP006511,M001,ORD006325,Ecom Express,in_transit,1,no,110.86,1,560100,Electronic City,Bangalore
SHP006512,M001,ORD005382,Ecom Express,delivered,1,no,163.87,3,560064,Yelahanka,Bangalore
SHP006513,M001,ORD008733,Delhivery,rto,1,yes,57.93,5,560040,Vijayanagar,Bangalore
SHP006514,M001,ORD008600,Xpressbees,delivered,1,no,80.12,3,560071,Domlur,Bangalore
SHP006515,M001,ORD006656,Xpressbees,delivered,1,no,196.72,4,560100,Electronic City,Bangalore
SHP006516,M001,ORD009629,Delhivery,delivered,2,no,128.91,3,560035,Sarjapur Road,Bangalore
SHP006517,M001,ORD008574,Shiprocket,delivered,2,no,63.74,1,560066,Whitefield,Bangalore
SHP006518,M001,ORD006690,BlueDart,failed_delivery,2,no,127.52,4,560037,Marathahalli,Bangalore
SHP006519,M001,ORD005532,Xpressbees,delivered,3,no,91.76,3,560102,HSR Layout,Bangalore
SHP006520,M001,ORD006426,BlueDart,failed_delivery,3,no,142.28,7,560036,KR Puram,Bangalore
SHP006521,M001,ORD007039,Ecom Express,delivered,1,no,133.77,2,560034,Koramangala,Bangalore
SHP006522,M001,ORD008620,Xpressbees,rto,3,yes,62.69,6,560034,Koramangala,Bangalore
SHP006523,M001,ORD007864,BlueDart,failed_delivery,2,no,123.69,9,560100,Electronic City,Bangalore
SHP006524,M001,ORD009750,Delhivery,delivered,1,no,133.23,4,560008,Ulsoor,Bangalore
SHP006525,M001,ORD005257,Ecom Express,delivered,3,no,129.28,2,560048,Mahadevapura,Bangalore
SHP006526,M001,ORD007550,Shiprocket,delivered,1,no,114.38,1,560040,Vijayanagar,Bangalore
SHP006527,M001,ORD009230,Shiprocket,delivered,2,no,81.02,2,560008,Ulsoor,Bangalore
SHP006528,M001,ORD005895,Shiprocket,in_transit,2,no,118.32,3,560076,BTM Layout,Bangalore
SHP006529,M001,ORD005256,Xpressbees,failed_delivery,3,no,71.6,8,560103,Bellandur,Bangalore
SHP006530,M001,ORD005935,Ecom Express,delivered,2,no,110.56,2,560103,Bellandur,Bangalore
SHP006531,M001,ORD009243,Shiprocket,rto,2,yes,60.46,6,560003,Malleshwaram,Bangalore
SHP006532,M001,ORD009846,BlueDart,delivered,1,no,132.45,2,560003,Malleshwaram,Bangalore
SHP006533,M001,ORD008585,Shiprocket,rto,3,yes,127.66,8,560035,Sarjapur Road,Bangalore
SHP006534,M001,ORD008636,Ecom Express,delivered,1,no,143.2,5,560010,Rajajinagar,Bangalore
SHP006535,M001,ORD008368,Ecom Express,rto,3,yes,139.39,5,560048,Mahadevapura,Bangalore
SHP006536,M001,ORD007692,BlueDart,rto,3,yes,170.21,9,560100,Electronic City,Bangalore
SHP006537,M001,ORD007743,Xpressbees,delivered,1,no,132.42,2,560034,Koramangala,Bangalore
SHP006538,M001,ORD008752,Xpressbees,delivered,1,no,50.75,1,560037,Marathahalli,Bangalore
SHP006539,M001,ORD006632,Ecom Express,delivered,1,no,61.78,1,560037,Brookefield,Bangalore
SHP006540,M001,ORD009189,Shiprocket,delivered,2,no,91.18,4,560064,Jakkur,Bangalore
SHP006541,M001,ORD008314,Xpressbees,delivered,1,no,62.99,2,560036,KR Puram,Bangalore
SHP006542,M001,ORD008651,BlueDart,delivered,1,no,133.93,3,560048,Mahadevapura,Bangalore
SHP006543,M001,ORD006899,Ecom Express,delivered,1,no,176.38,4,560058,Peenya,Bangalore
SHP006544,M001,ORD006464,Delhivery,failed_delivery,1,no,55.13,8,560102,HSR Layout,Bangalore
SHP006545,M001,ORD008429,Shiprocket,rto,3,yes,114.99,7,560034,Koramangala,Bangalore
SHP006546,M001,ORD006040,Delhivery,delivered,1,no,84.95,1,560037,Marathahalli,Bangalore
SHP006547,M001,ORD009746,Ecom Express,delivered,1,no,121.77,3,560100,Electronic City,Bangalore
SHP006548,M001,ORD005107,Xpressbees,failed_delivery,3,no,113.18,3,560103,Bellandur,Bangalore
SHP006549,M001,ORD006866,Delhivery,failed_delivery,2,no,109.2,7,560048,Mahadevapura,Bangalore
SHP006550,M001,ORD008034,Delhivery,delivered,2,no,80.02,2,560008,Ulsoor,Bangalore
SHP006551,M001,ORD008564,BlueDart,delivered,1,no,49.71,1,560071,Domlur,Bangalore
SHP006552,M001,ORD008487,Xpressbees,in_transit,3,no,52.18,1,560076,BTM Layout,Bangalore
SHP006553,M001,ORD008696,BlueDart,failed_delivery,2,no,120.58,5,560037,Marathahalli,Bangalore
SHP006554,M001,ORD008132,BlueDart,failed_delivery,3,no,129.73,6,560066,Whitefield,Bangalore
SHP006555,M001,ORD005137,BlueDart,rto,2,yes,142.03,4,560103,Bellandur,Bangalore
SHP006556,M001,ORD007510,Xpressbees,in_transit,1,no,59.6,1,560041,Jayanagar,Bangalore
SHP006557,M001,ORD007110,Xpressbees,rto,1,yes,111.29,3,560066,Whitefield,Bangalore
SHP006558,M001,ORD006384,Xpressbees,delivered,1,no,118.77,4,560103,Bellandur,Bangalore
SHP006559,M001,ORD007257,Shiprocket,delivered,2,no,59.51,2,560066,Whitefield,Bangalore
SHP006560,M001,ORD007756,Ecom Express,delivered,1,no,142.39,4,560037,Marathahalli,Bangalore
SHP006561,M001,ORD006973,Ecom Express,delivered,1,no,95.24,2,560036,KR Puram,Bangalore
SHP006562,M001,ORD006570,BlueDart,in_transit,2,no,145.4,4,560103,Bellandur,Bangalore
SHP006563,M001,ORD009451,Ecom Express,in_transit,2,no,132.39,1,560103,Bellandur,Bangalore
SHP006564,M001,ORD007941,Ecom Express,in_transit,3,no,139.58,1,560071,Domlur,Bangalore
SHP006565,M001,ORD008444,Xpressbees,delivered,3,no,97.15,5,560034,Koramangala,Bangalore
SHP006566,M001,ORD008327,Ecom Express,delivered,2,no,124.3,4,560103,Bellandur,Bangalore
SHP006567,M001,ORD005423,Delhivery,delivered,1,no,59.96,1,560004,Basavanagudi,Bangalore
SHP006568,M001,ORD007870,BlueDart,failed_delivery,3,no,113.9,4,560040,Vijayanagar,Bangalore
SHP006569,M001,ORD006954,Shiprocket,delivered,1,no,81.24,3,560037,Marathahalli,Bangalore
SHP006570,M001,ORD008590,Ecom Express,delivered,2,no,66.66,5,560102,HSR Layout,Bangalore
SHP006571,M001,ORD008023,Shiprocket,delivered,1,no,85.06,3,560036,KR Puram,Bangalore
SHP006572,M001,ORD005825,Delhivery,delivered,1,no,108.49,2,560066,Whitefield,Bangalore
SHP006573,M001,ORD007006,Delhivery,failed_delivery,3,no,69.75,3,560078,JP Nagar,Bangalore
SHP006574,M001,ORD009490,Delhivery,failed_delivery,2,no,83.22,3,560034,Koramangala,Bangalore
SHP006575,M001,ORD008878,Delhivery,delivered,1,no,118.0,3,560003,Malleshwaram,Bangalore
SHP006576,M001,ORD006305,BlueDart,delivered,1,no,109.82,4,560102,HSR Layout,Bangalore
SHP006577,M001,ORD009256,Delhivery,delivered,3,no,122.12,4,560066,Whitefield,Bangalore
SHP006578,M001,ORD005763,Xpressbees,delivered,3,no,113.08,3,560035,Sarjapur Road,Bangalore
SHP006579,M001,ORD005145,BlueDart,delivered,2,no,66.98,5,560036,KR Puram,Bangalore
SHP006580,M001,ORD006604,Ecom Express,rto,1,yes,112.83,4,560001,MG Road,Bangalore
SHP006581,M001,ORD005334,BlueDart,failed_delivery,3,no,54.37,7,560017,Old Airport Road,Bangalore
SHP006582,M001,ORD008736,Ecom Express,delivered,2,no,65.22,2,560037,Marathahalli,Bangalore
SHP006583,M001,ORD009992,Delhivery,delivered,1,no,87.78,3,560048,Mahadevapura,Bangalore
SHP006584,M001,ORD009836,Xpressbees,delivered,2,no,115.31,5,560085,Banashankari,Bangalore
SHP006585,M001,ORD005735,Shiprocket,delivered,1,no,130.44,4,560037,Brookefield,Bangalore
SHP006586,M001,ORD006877,Delhivery,delivered,1,no,123.22,3,560102,HSR Layout,Bangalore
SHP006587,M001,ORD006839,Shiprocket,in_transit,1,no,85.19,1,560037,Brookefield,Bangalore
SHP006588,M001,ORD006879,Ecom Express,rto,2,yes,187.61,9,560100,Electronic City,Bangalore
SHP006589,M001,ORD007235,BlueDart,delivered,3,no,59.61,3,560066,Whitefield,Bangalore
SHP006590,M001,ORD005039,Xpressbees,delivered,1,no,87.35,4,560048,Mahadevapura,Bangalore
SHP006591,M001,ORD007735,Xpressbees,delivered,1,no,105.75,2,560034,Koramangala,Bangalore
SHP006592,M001,ORD007961,Ecom Express,delivered,1,no,63.28,2,560103,Bellandur,Bangalore
SHP006593,M001,ORD006651,Shiprocket,delivered,1,no,131.23,4,560035,Sarjapur Road,Bangalore
SHP006594,M001,ORD007925,BlueDart,delivered,2,no,106.34,3,560017,Old Airport Road,Bangalore
SHP006595,M001,ORD006008,Ecom Express,failed_delivery,2,no,85.29,6,560066,Whitefield,Bangalore
SHP006596,M001,ORD008847,Ecom Express,delivered,2,no,142.08,5,560037,Marathahalli,Bangalore
SHP006597,M001,ORD007980,BlueDart,delivered,2,no,57.7,2,560066,Whitefield,Bangalore
SHP006598,M001,ORD008036,BlueDart,failed_delivery,2,no,66.87,6,560048,Mahadevapura,Bangalore
SHP006599,M001,ORD007060,BlueDart,delivered,1,no,131.97,2,560066,Whitefield,Bangalore
SHP006600,M001,ORD009773,Delhivery,delivered,1,no,128.54,1,560102,HSR Layout,Bangalore
SHP006601,M001,ORD005066,Delhivery,delivered,3,no,109.81,5,560036,KR Puram,Bangalore
SHP006602,M001,ORD007991,BlueDart,delivered,1,no,128.81,2,560100,Electronic City,Bangalore
SHP006603,M001,ORD008524,Ecom Express,rto,1,yes,127.47,9,560103,Bellandur,Bangalore
SHP006604,M001,ORD006268,Ecom Express,rto,1,yes,131.74,3,560071,Domlur,Bangalore
SHP006605,M001,ORD006004,Shiprocket,delivered,1,no,60.22,3,560003,Malleshwaram,Bangalore
SHP006606,M001,ORD006719,Shiprocket,in_transit,1,no,151.92,4,560100,Electronic City,Bangalore
SHP006607,M001,ORD006058,Delhivery,delivered,1,no,82.47,2,560040,Vijayanagar,Bangalore
SHP006608,M001,ORD009825,Delhivery,delivered,3,no,134.09,1,560037,Brookefield,Bangalore
SHP006609,M001,ORD006205,Ecom Express,delivered,1,no,86.25,2,560037,Marathahalli,Bangalore
SHP006610,M001,ORD009636,Xpressbees,in_transit,3,no,114.43,1,560017,Old Airport Road,Bangalore
SHP006611,M001,ORD005046,Delhivery,in_transit,1,no,114.64,4,560037,Marathahalli,Bangalore
SHP006612,M001,ORD007506,Ecom Express,delivered,1,no,102.04,4,560064,Jakkur,Bangalore
SHP006613,M001,ORD006681,Delhivery,delivered,1,no,65.53,4,560103,Bellandur,Bangalore
SHP006614,M001,ORD008006,BlueDart,delivered,1,no,80.41,4,560017,Old Airport Road,Bangalore
SHP006615,M001,ORD007007,Shiprocket,delivered,1,no,126.95,2,560100,Electronic City,Bangalore
SHP006616,M001,ORD009545,Delhivery,delivered,1,no,110.48,3,560103,Bellandur,Bangalore
SHP006617,M001,ORD008436,BlueDart,delivered,1,no,72.63,1,560008,Ulsoor,Bangalore
SHP006618,M001,ORD006471,Delhivery,delivered,1,no,52.92,4,560037,Brookefield,Bangalore
SHP006619,M001,ORD005188,Shiprocket,delivered,1,no,105.9,1,560048,Mahadevapura,Bangalore
SHP006620,M001,ORD006061,Ecom Express,in_transit,2,no,111.39,4,560102,HSR Layout,Bangalore
SHP006621,M001,ORD006878,Ecom Express,failed_delivery,3,no,128.88,9,560034,Koramangala,Bangalore
SHP006622,M001,ORD006677,BlueDart,delivered,1,no,133.42,3,560038,Indiranagar,Bangalore
SHP006623,M001,ORD008379,BlueDart,delivered,2,no,144.39,5,560076,Bannerghatta Road,Bangalore
SHP006624,M001,ORD007348,Ecom Express,rto,1,yes,117.28,8,560034,Koramangala,Bangalore
SHP006625,M001,ORD008189,Ecom Express,delivered,1,no,118.57,2,560034,Koramangala,Bangalore
SHP006626,M001,ORD008509,Shiprocket,in_transit,2,no,104.6,1,560037,Marathahalli,Bangalore
SHP006627,M001,ORD006072,Xpressbees,rto,2,yes,89.46,3,560038,Indiranagar,Bangalore
SHP006628,M001,ORD006069,Xpressbees,rto,3,yes,132.71,7,560024,Hebbal,Bangalore
SHP006629,M001,ORD005233,Ecom Express,failed_delivery,1,no,148.16,6,560098,RR Nagar,Bangalore
SHP006630,M001,ORD005562,Ecom Express,delivered,2,no,118.74,2,560038,Indiranagar,Bangalore
SHP006631,M001,ORD005014,Ecom Express,delivered,2,no,135.5,3,560100,Electronic City,Bangalore
SHP006632,M001,ORD008205,BlueDart,delivered,1,no,135.04,1,560060,Kengeri,Bangalore
SHP006633,M001,ORD008002,Xpressbees,failed_delivery,1,no,82.54,6,560003,Malleshwaram,Bangalore
SHP006634,M001,ORD009700,BlueDart,delivered,1,no,49.61,5,560048,Mahadevapura,Bangalore
SHP006635,M001,ORD006335,Delhivery,failed_delivery,3,no,140.96,8,560066,Whitefield,Bangalore
SHP006636,M001,ORD006322,BlueDart,delivered,1,no,122.21,3,560085,Banashankari,Bangalore
SHP006637,M001,ORD008285,Ecom Express,in_transit,2,no,47.12,3,560037,Brookefield,Bangalore
SHP006638,M001,ORD006349,BlueDart,in_transit,1,no,127.94,2,560102,HSR Layout,Bangalore
SHP006639,M001,ORD008619,Shiprocket,failed_delivery,2,no,67.63,8,560037,Brookefield,Bangalore
SHP006640,M001,ORD009254,Delhivery,delivered,3,no,141.56,1,560102,HSR Layout,Bangalore
SHP006641,M001,ORD006739,Xpressbees,delivered,1,no,113.02,5,560085,Banashankari,Bangalore
SHP006642,M001,ORD007479,BlueDart,rto,2,yes,174.41,6,560058,Peenya,Bangalore
SHP006643,M001,ORD007513,BlueDart,delivered,1,no,58.61,3,560034,Koramangala,Bangalore
SHP006644,M001,ORD009939,Ecom Express,in_transit,2,no,102.5,1,560034,Koramangala,Bangalore
SHP006645,M001,ORD008072,Ecom Express,delivered,1,no,50.14,2,560038,Indiranagar,Bangalore
SHP006646,M001,ORD005976,BlueDart,delivered,2,no,132.45,1,560034,Koramangala,Bangalore
SHP006647,M001,ORD008773,Ecom Express,in_transit,3,no,67.93,1,560102,HSR Layout,Bangalore
SHP006648,M001,ORD009890,Delhivery,delivered,2,no,112.99,1,560034,Koramangala,Bangalore
SHP006649,M001,ORD007882,BlueDart,failed_delivery,3,no,101.96,3,560034,Koramangala,Bangalore
SHP006650,M001,ORD009696,Shiprocket,delivered,2,no,78.24,1,560034,Koramangala,Bangalore
SHP006651,M001,ORD005500,Shiprocket,delivered,1,no,63.79,4,560066,Whitefield,Bangalore
SHP006652,M001,ORD008712,Xpressbees,delivered,1,no,89.63,3,560010,Rajajinagar,Bangalore
SHP006653,M001,ORD009805,Xpressbees,delivered,1,no,124.62,2,560037,Marathahalli,Bangalore
SHP006654,M001,ORD008390,BlueDart,in_transit,1,no,70.49,4,560036,KR Puram,Bangalore
SHP006655,M001,ORD006201,BlueDart,delivered,1,no,63.98,2,560037,Marathahalli,Bangalore
SHP006656,M001,ORD008837,Delhivery,delivered,1,no,78.32,2,560038,Indiranagar,Bangalore
SHP006657,M001,ORD007687,Xpressbees,delivered,2,no,162.42,2,560100,Electronic City,Bangalore
SHP006658,M001,ORD008387,Ecom Express,delivered,1,no,142.27,2,560066,Whitefield,Bangalore
SHP006659,M001,ORD005040,Delhivery,delivered,2,no,90.11,3,560102,HSR Layout,Bangalore
SHP006660,M001,ORD005619,BlueDart,delivered,1,no,89.98,5,560017,Old Airport Road,Bangalore
SHP006661,M001,ORD009166,Ecom Express,failed_delivery,2,no,73.84,8,560038,Indiranagar,Bangalore
SHP006662,M001,ORD009766,Xpressbees,delivered,1,no,146.69,4,560034,Koramangala,Bangalore
SHP006663,M001,ORD009116,Xpressbees,rto,3,yes,102.72,6,560040,Vijayanagar,Bangalore
SHP006664,M001,ORD008489,Shiprocket,delivered,1,no,47.2,1,560085,Banashankari,Bangalore
SHP006665,M001,ORD008922,Delhivery,delivered,1,no,148.85,3,560064,Yelahanka,Bangalore
SHP006666,M001,ORD005222,Delhivery,delivered,1,no,116.53,5,560036,KR Puram,Bangalore
SHP006667,M001,ORD009942,BlueDart,delivered,2,no,89.42,1,560102,HSR Layout,Bangalore
SHP006668,M001,ORD007545,BlueDart,failed_delivery,2,no,178.36,7,560035,Sarjapur Road,Bangalore
SHP006669,M001,ORD005654,BlueDart,delivered,1,no,144.84,4,560034,Koramangala,Bangalore
SHP006670,M001,ORD008080,Xpressbees,delivered,1,no,102.34,3,560071,Domlur,Bangalore
SHP006671,M001,ORD005254,Delhivery,failed_delivery,3,no,135.03,8,560037,Marathahalli,Bangalore
SHP006672,M001,ORD005279,Shiprocket,delivered,1,no,117.06,1,560001,MG Road,Bangalore
SHP006673,M001,ORD006393,Ecom Express,delivered,2,no,186.59,3,560035,Sarjapur Road,Bangalore
SHP006674,M001,ORD005721,Ecom Express,delivered,1,no,74.58,5,560048,Mahadevapura,Bangalore
SHP006675,M001,ORD006715,Ecom Express,delivered,2,no,106.66,3,560035,Sarjapur Road,Bangalore
SHP006676,M001,ORD009353,Ecom Express,delivered,2,no,141.23,3,560048,Mahadevapura,Bangalore
SHP006677,M001,ORD006932,BlueDart,in_transit,1,no,147.85,2,560103,Bellandur,Bangalore
SHP006678,M001,ORD005739,Shiprocket,delivered,1,no,135.49,2,560038,Indiranagar,Bangalore
SHP006679,M001,ORD007889,Ecom Express,delivered,2,no,119.14,5,560017,Old Airport Road,Bangalore
SHP006680,M001,ORD007468,Shiprocket,delivered,1,no,140.01,5,560035,Sarjapur Road,Bangalore
SHP006681,M001,ORD006545,Ecom Express,delivered,1,no,98.98,2,560048,Mahadevapura,Bangalore
SHP006682,M001,ORD006579,Shiprocket,delivered,1,no,102.15,3,560103,Bellandur,Bangalore
SHP006683,M001,ORD005495,Xpressbees,delivered,1,no,63.26,4,560103,Bellandur,Bangalore
SHP006684,M001,ORD008117,Shiprocket,rto,3,yes,204.95,4,560100,Electronic City,Bangalore
SHP006685,M001,ORD006196,Xpressbees,delivered,2,no,52.28,3,560038,Indiranagar,Bangalore
SHP006686,M001,ORD006637,BlueDart,delivered,1,no,56.29,1,560008,Ulsoor,Bangalore
SHP006687,M001,ORD005577,BlueDart,delivered,1,no,110.09,1,560036,KR Puram,Bangalore
SHP006688,M001,ORD008661,Ecom Express,delivered,1,no,63.13,5,560048,Mahadevapura,Bangalore
SHP006689,M001,ORD005262,Delhivery,delivered,3,no,76.92,5,560037,Marathahalli,Bangalore
SHP006690,M001,ORD009064,Ecom Express,delivered,1,no,131.69,5,560008,Ulsoor,Bangalore
SHP006691,M001,ORD007725,Xpressbees,delivered,2,no,112.22,2,560008,Ulsoor,Bangalore
SHP006692,M001,ORD007536,Delhivery,delivered,1,no,86.07,1,560038,Indiranagar,Bangalore
SHP006693,M001,ORD008893,Delhivery,in_transit,1,no,58.02,4,560017,Old Airport Road,Bangalore
SHP006694,M001,ORD006269,BlueDart,delivered,2,no,118.93,5,560048,Mahadevapura,Bangalore
SHP006695,M001,ORD006898,Ecom Express,delivered,1,no,186.89,2,560100,Electronic City,Bangalore
SHP006696,M001,ORD005646,Shiprocket,delivered,1,no,153.98,2,560060,Kengeri,Bangalore
SHP006697,M001,ORD005741,Ecom Express,delivered,2,no,107.36,2,560037,Brookefield,Bangalore
SHP006698,M001,ORD008065,BlueDart,delivered,2,no,50.5,4,560085,Banashankari,Bangalore
SHP006699,M001,ORD006007,Shiprocket,delivered,2,no,60.29,4,560037,Brookefield,Bangalore
SHP006700,M001,ORD005315,Xpressbees,delivered,2,no,77.08,4,560048,Mahadevapura,Bangalore
SHP006701,M001,ORD007413,Xpressbees,delivered,1,no,72.3,4,560071,Domlur,Bangalore
SHP006702,M001,ORD007742,Xpressbees,delivered,1,no,163.31,5,560100,Electronic City,Bangalore
SHP006703,M001,ORD009610,BlueDart,in_transit,3,no,138.31,1,560071,Domlur,Bangalore
SHP006704,M001,ORD006275,BlueDart,delivered,1,no,70.37,3,560034,Koramangala,Bangalore
SHP006705,M001,ORD005508,Shiprocket,failed_delivery,3,no,66.46,8,560034,Koramangala,Bangalore
SHP006706,M001,ORD008830,Xpressbees,delivered,1,no,68.52,5,560102,HSR Layout,Bangalore
SHP006707,M001,ORD009120,Shiprocket,failed_delivery,1,no,67.92,8,560036,KR Puram,Bangalore
SHP006708,M001,ORD006390,Shiprocket,delivered,2,no,126.55,3,560100,Electronic City,Bangalore
SHP006709,M001,ORD005005,Shiprocket,in_transit,1,no,83.79,1,560071,Domlur,Bangalore
SHP006710,M001,ORD007911,Delhivery,delivered,2,no,46.23,2,560076,Bannerghatta Road,Bangalore
SHP006711,M001,ORD005521,Ecom Express,in_transit,2,no,109.45,4,560008,Ulsoor,Bangalore
SHP006712,M001,ORD005838,Xpressbees,delivered,2,no,48.42,4,560102,HSR Layout,Bangalore
SHP006713,M001,ORD008231,Shiprocket,delivered,1,no,77.22,5,560102,HSR Layout,Bangalore
SHP006714,M001,ORD008548,Delhivery,delivered,1,no,93.65,4,560037,Marathahalli,Bangalore
SHP006715,M001,ORD006126,Xpressbees,in_transit,1,no,169.21,3,560058,Peenya,Bangalore
SHP006716,M001,ORD008850,Delhivery,delivered,1,no,156.04,4,560100,Electronic City,Bangalore
SHP006717,M001,ORD008425,Shiprocket,delivered,2,no,145.15,1,560060,Kengeri,Bangalore
SHP006718,M001,ORD007158,BlueDart,delivered,1,no,98.56,1,560085,Banashankari,Bangalore
SHP006719,M001,ORD006793,BlueDart,delivered,1,no,148.33,5,560076,Bannerghatta Road,Bangalore
SHP006720,M001,ORD006388,Delhivery,delivered,1,no,116.0,5,560066,Whitefield,Bangalore
SHP006721,M001,ORD007115,Xpressbees,in_transit,1,no,144.7,2,560034,Koramangala,Bangalore
SHP006722,M001,ORD006406,Delhivery,delivered,1,no,152.32,2,560035,Sarjapur Road,Bangalore
SHP006723,M001,ORD007224,Xpressbees,delivered,1,no,147.17,4,560066,Whitefield,Bangalore
SHP006724,M001,ORD005887,Xpressbees,delivered,1,no,61.69,2,560034,Koramangala,Bangalore
SHP006725,M001,ORD009479,Ecom Express,delivered,1,no,68.38,3,560103,Bellandur,Bangalore
SHP006726,M001,ORD009752,Shiprocket,failed_delivery,2,no,129.88,6,560058,Peenya,Bangalore
SHP006727,M001,ORD009415,Shiprocket,delivered,1,no,137.87,1,560008,Ulsoor,Bangalore
SHP006728,M001,ORD005707,Xpressbees,failed_delivery,2,no,71.75,6,560103,Bellandur,Bangalore
SHP006729,M001,ORD005251,Xpressbees,in_transit,1,no,73.07,2,560103,Bellandur,Bangalore
SHP006730,M001,ORD006952,Delhivery,delivered,1,no,117.35,5,560036,KR Puram,Bangalore
SHP006731,M001,ORD005468,Xpressbees,in_transit,1,no,72.28,4,560003,Malleshwaram,Bangalore
SHP006732,M001,ORD005303,Delhivery,in_transit,1,no,118.57,4,560035,Sarjapur Road,Bangalore
SHP006733,M001,ORD009589,Xpressbees,delivered,3,no,125.44,3,560103,Bellandur,Bangalore
SHP006734,M001,ORD006600,Ecom Express,delivered,3,no,126.0,3,560034,Koramangala,Bangalore
SHP006735,M001,ORD008162,Delhivery,delivered,1,no,132.95,5,560100,Electronic City,Bangalore
SHP006736,M001,ORD006190,Ecom Express,rto,2,yes,141.7,5,560102,HSR Layout,Bangalore
SHP006737,M001,ORD009307,BlueDart,failed_delivery,3,no,69.38,9,560066,Whitefield,Bangalore
SHP006738,M001,ORD008852,BlueDart,in_transit,1,no,141.15,3,560048,Mahadevapura,Bangalore
SHP006739,M001,ORD005947,Ecom Express,delivered,1,no,111.07,1,560017,Old Airport Road,Bangalore
SHP006740,M001,ORD008073,BlueDart,rto,2,yes,85.65,9,560048,Mahadevapura,Bangalore
SHP006741,M001,ORD006333,Delhivery,delivered,1,no,115.87,4,560071,Domlur,Bangalore
SHP006742,M001,ORD005293,Delhivery,delivered,2,no,109.88,5,560103,Bellandur,Bangalore
SHP006743,M001,ORD009891,BlueDart,delivered,2,no,116.81,4,560037,Marathahalli,Bangalore
SHP006744,M001,ORD008616,Ecom Express,in_transit,1,no,148.53,2,560024,Hebbal,Bangalore
SHP006745,M001,ORD007281,Delhivery,delivered,1,no,100.41,3,560038,Indiranagar,Bangalore
SHP006746,M001,ORD006134,Ecom Express,in_transit,1,no,149.37,4,560102,HSR Layout,Bangalore
SHP006747,M001,ORD007641,BlueDart,delivered,2,no,114.36,5,560038,Indiranagar,Bangalore
SHP006748,M001,ORD005988,BlueDart,in_transit,1,no,118.09,1,560034,Koramangala,Bangalore
SHP006749,M001,ORD006515,Shiprocket,delivered,1,no,52.43,5,560037,Marathahalli,Bangalore
SHP006750,M001,ORD008107,Ecom Express,delivered,1,no,126.58,5,560040,Vijayanagar,Bangalore
SHP006751,M001,ORD008125,Shiprocket,rto,3,yes,69.33,5,560037,Brookefield,Bangalore
SHP006752,M001,ORD007649,Delhivery,failed_delivery,3,no,169.89,9,560100,Electronic City,Bangalore
SHP006753,M001,ORD005720,Ecom Express,delivered,1,no,51.75,3,560085,Banashankari,Bangalore
SHP006754,M001,ORD007482,Xpressbees,failed_delivery,2,no,112.15,7,560036,KR Puram,Bangalore
SHP006755,M001,ORD009204,Ecom Express,failed_delivery,1,no,126.37,4,560102,HSR Layout,Bangalore
SHP006756,M001,ORD008568,Xpressbees,delivered,1,no,167.33,2,560100,Electronic City,Bangalore
SHP006757,M001,ORD006941,Shiprocket,delivered,3,no,116.3,4,560066,Whitefield,Bangalore
SHP006758,M001,ORD009217,Xpressbees,failed_delivery,3,no,110.86,8,560103,Bellandur,Bangalore
SHP006759,M001,ORD008969,Shiprocket,failed_delivery,1,no,95.87,7,560100,Electronic City,Bangalore
SHP006760,M001,ORD008820,Xpressbees,delivered,1,no,135.26,5,560036,KR Puram,Bangalore
SHP006761,M001,ORD008517,Ecom Express,rto,2,yes,62.61,7,560048,Mahadevapura,Bangalore
SHP006762,M001,ORD008041,BlueDart,delivered,2,no,181.52,4,560100,Electronic City,Bangalore
SHP006763,M001,ORD006263,BlueDart,delivered,2,no,75.48,4,560017,Old Airport Road,Bangalore
SHP006764,M001,ORD009229,Delhivery,delivered,1,no,76.73,3,560036,KR Puram,Bangalore
SHP006765,M001,ORD008640,Ecom Express,in_transit,1,no,99.74,4,560008,Ulsoor,Bangalore
SHP006766,M001,ORD005614,Delhivery,in_transit,2,no,120.97,4,560001,MG Road,Bangalore
SHP006767,M001,ORD005953,Delhivery,delivered,1,no,90.75,2,560038,Indiranagar,Bangalore
SHP006768,M001,ORD007717,Delhivery,delivered,1,no,75.25,1,560103,Bellandur,Bangalore
SHP006769,M001,ORD009239,Ecom Express,failed_delivery,1,no,177.81,6,560100,Electronic City,Bangalore
SHP006770,M001,ORD009057,Shiprocket,delivered,2,no,49.14,2,560048,Mahadevapura,Bangalore
SHP006771,M001,ORD009536,Xpressbees,rto,2,yes,89.24,3,560037,Marathahalli,Bangalore
SHP006772,M001,ORD006060,BlueDart,delivered,1,no,100.09,1,560071,Domlur,Bangalore
SHP006773,M001,ORD005892,BlueDart,delivered,1,no,53.75,4,560034,Koramangala,Bangalore
SHP006774,M001,ORD005969,Shiprocket,in_transit,2,no,49.87,2,560038,Indiranagar,Bangalore
SHP006775,M001,ORD006928,Ecom Express,in_transit,1,no,61.49,3,560008,Ulsoor,Bangalore
SHP006776,M001,ORD006110,Xpressbees,in_transit,1,no,86.13,3,560037,Marathahalli,Bangalore
SHP006777,M001,ORD008280,Ecom Express,in_transit,2,no,183.47,4,560035,Sarjapur Road,Bangalore
SHP006778,M001,ORD005580,Shiprocket,delivered,1,no,52.92,4,560037,Marathahalli,Bangalore
SHP006779,M001,ORD009477,Shiprocket,delivered,3,no,88.67,2,560102,HSR Layout,Bangalore
SHP006780,M001,ORD005970,Xpressbees,delivered,1,no,123.57,5,560037,Marathahalli,Bangalore
SHP006781,M001,ORD009799,Delhivery,in_transit,1,no,52.9,3,560004,Basavanagudi,Bangalore
SHP006782,M001,ORD005055,BlueDart,delivered,1,no,87.44,5,560066,Whitefield,Bangalore
SHP006783,M001,ORD009442,BlueDart,delivered,1,no,123.98,5,560102,HSR Layout,Bangalore
SHP006784,M001,ORD007903,Shiprocket,delivered,1,no,109.8,1,560037,Marathahalli,Bangalore
SHP006785,M001,ORD005456,Ecom Express,delivered,1,no,85.73,1,560098,RR Nagar,Bangalore
SHP006786,M001,ORD006969,BlueDart,delivered,1,no,103.76,4,560048,Mahadevapura,Bangalore
SHP006787,M001,ORD007248,BlueDart,delivered,1,no,110.12,5,560103,Bellandur,Bangalore
SHP006788,M001,ORD007018,Xpressbees,delivered,1,no,123.87,2,560041,Jayanagar,Bangalore
SHP006789,M001,ORD006888,Shiprocket,delivered,1,no,132.45,5,560066,Whitefield,Bangalore
SHP006790,M001,ORD008768,Xpressbees,delivered,1,no,68.53,4,560008,Ulsoor,Bangalore
SHP006791,M001,ORD006618,Shiprocket,delivered,3,no,60.39,2,560034,Koramangala,Bangalore
SHP006792,M001,ORD007748,BlueDart,delivered,1,no,97.19,4,560066,Whitefield,Bangalore
SHP006793,M001,ORD006996,Delhivery,delivered,1,no,76.65,4,560008,Ulsoor,Bangalore
SHP006794,M001,ORD009756,BlueDart,delivered,1,no,151.93,4,560100,Electronic City,Bangalore
SHP006795,M001,ORD009823,Xpressbees,in_transit,2,no,112.29,4,560102,HSR Layout,Bangalore
SHP006796,M001,ORD007922,Ecom Express,in_transit,1,no,56.18,4,560040,Vijayanagar,Bangalore
SHP006797,M001,ORD009043,Ecom Express,delivered,1,no,85.89,3,560100,Electronic City,Bangalore
SHP006798,M001,ORD009214,Ecom Express,delivered,2,no,148.79,3,560034,Koramangala,Bangalore
SHP006799,M001,ORD008474,Ecom Express,delivered,1,no,91.8,4,560036,KR Puram,Bangalore
SHP006800,M001,ORD007521,BlueDart,delivered,3,no,108.09,4,560100,Electronic City,Bangalore
SHP006801,M001,ORD006845,Ecom Express,delivered,1,no,105.35,3,560001,MG Road,Bangalore
SHP006802,M001,ORD008577,Xpressbees,delivered,1,no,84.88,1,560034,Koramangala,Bangalore
SHP006803,M001,ORD007289,Delhivery,delivered,1,no,94.9,1,560038,Indiranagar,Bangalore
SHP006804,M001,ORD009781,Shiprocket,rto,2,yes,195.62,6,560035,Sarjapur Road,Bangalore
SHP006805,M001,ORD008725,Shiprocket,delivered,1,no,114.49,4,560066,Whitefield,Bangalore
SHP006806,M001,ORD008692,Xpressbees,delivered,2,no,127.1,1,560034,Koramangala,Bangalore
SHP006807,M001,ORD005261,BlueDart,delivered,2,no,143.8,4,560037,Marathahalli,Bangalore
SHP006808,M001,ORD008357,Shiprocket,delivered,1,no,121.55,1,560103,Bellandur,Bangalore
SHP006809,M001,ORD008030,Xpressbees,delivered,1,no,51.28,1,560103,Bellandur,Bangalore
SHP006810,M001,ORD009792,Shiprocket,delivered,2,no,129.72,2,560102,HSR Layout,Bangalore
SHP006811,M001,ORD005164,Ecom Express,in_transit,1,no,86.27,1,560102,HSR Layout,Bangalore
SHP006812,M001,ORD006649,Xpressbees,delivered,1,no,118.94,4,560102,HSR Layout,Bangalore
SHP006813,M001,ORD008782,Xpressbees,delivered,1,no,85.46,1,560017,Old Airport Road,Bangalore
SHP006814,M001,ORD007981,Delhivery,rto,3,yes,133.19,6,560010,Rajajinagar,Bangalore
SHP006815,M001,ORD006258,Delhivery,delivered,1,no,80.4,3,560001,MG Road,Bangalore
SHP006816,M001,ORD008456,Shiprocket,delivered,1,no,53.89,1,560102,HSR Layout,Bangalore
SHP006817,M001,ORD005356,BlueDart,delivered,3,no,176.05,4,560100,Electronic City,Bangalore
SHP006818,M001,ORD009677,Ecom Express,delivered,1,no,130.97,3,560066,Whitefield,Bangalore
SHP006819,M001,ORD009618,Ecom Express,delivered,3,no,136.15,4,560098,RR Nagar,Bangalore
SHP006820,M001,ORD008690,Shiprocket,delivered,1,no,70.25,4,560071,Domlur,Bangalore
SHP006821,M001,ORD007244,BlueDart,delivered,2,no,95.53,2,560102,HSR Layout,Bangalore
SHP006822,M001,ORD005758,Shiprocket,delivered,1,no,137.87,4,560100,Electronic City,Bangalore
SHP006823,M001,ORD005528,BlueDart,failed_delivery,3,no,50.13,5,560048,Mahadevapura,Bangalore
SHP006824,M001,ORD008550,Ecom Express,in_transit,1,no,97.2,1,560034,Koramangala,Bangalore
SHP006825,M001,ORD006999,Shiprocket,delivered,1,no,110.83,4,560010,Rajajinagar,Bangalore
SHP006826,M001,ORD006352,Xpressbees,in_transit,1,no,111.87,2,560100,Electronic City,Bangalore
SHP006827,M001,ORD009785,BlueDart,delivered,1,no,86.01,5,560040,Vijayanagar,Bangalore
SHP006828,M001,ORD005457,Shiprocket,delivered,2,no,52.24,4,560008,Ulsoor,Bangalore
SHP006829,M001,ORD007005,BlueDart,delivered,2,no,54.11,3,560034,Koramangala,Bangalore
SHP006830,M001,ORD007765,Shiprocket,delivered,1,no,140.82,4,560004,Basavanagudi,Bangalore
SHP006831,M001,ORD008506,Delhivery,in_transit,1,no,48.82,1,560103,Bellandur,Bangalore
SHP006832,M001,ORD007952,Xpressbees,rto,1,yes,148.67,5,560038,Indiranagar,Bangalore
SHP006833,M001,ORD006512,Delhivery,delivered,1,no,72.15,2,560024,Hebbal,Bangalore
SHP006834,M001,ORD008528,Ecom Express,delivered,1,no,121.63,1,560010,Rajajinagar,Bangalore
SHP006835,M001,ORD006236,Xpressbees,rto,2,yes,135.8,5,560004,Basavanagudi,Bangalore
SHP006836,M001,ORD005172,Ecom Express,rto,2,yes,99.14,5,560038,Indiranagar,Bangalore
SHP006837,M001,ORD009831,Delhivery,delivered,1,no,99.26,2,560071,Domlur,Bangalore
SHP006838,M001,ORD007049,Xpressbees,delivered,2,no,134.79,5,560066,Whitefield,Bangalore
SHP006839,M001,ORD007515,Shiprocket,in_transit,1,no,143.6,2,560034,Koramangala,Bangalore
SHP006840,M001,ORD008927,Ecom Express,rto,1,yes,91.82,3,560066,Whitefield,Bangalore
SHP006841,M001,ORD006657,Delhivery,delivered,1,no,136.66,4,560037,Marathahalli,Bangalore
SHP006842,M001,ORD005434,BlueDart,delivered,3,no,134.16,5,560035,Sarjapur Road,Bangalore
SHP006843,M001,ORD006073,BlueDart,delivered,1,no,61.41,3,560103,Bellandur,Bangalore
SHP006844,M001,ORD006820,Ecom Express,delivered,2,no,147.41,5,560017,Old Airport Road,Bangalore
SHP006845,M001,ORD007291,Shiprocket,delivered,1,no,45.81,2,560066,Whitefield,Bangalore
SHP006846,M001,ORD009868,Shiprocket,delivered,1,no,134.28,4,560034,Koramangala,Bangalore
SHP006847,M001,ORD008742,BlueDart,delivered,3,no,74.11,5,560037,Brookefield,Bangalore
SHP006848,M001,ORD007691,Shiprocket,delivered,1,no,103.86,1,560037,Marathahalli,Bangalore
SHP006849,M001,ORD008460,Xpressbees,failed_delivery,2,no,151.93,5,560100,Electronic City,Bangalore
SHP006850,M001,ORD009024,Ecom Express,in_transit,1,no,125.29,2,560024,Hebbal,Bangalore
SHP006851,M001,ORD007619,Ecom Express,delivered,1,no,106.03,5,560071,Domlur,Bangalore
SHP006852,M001,ORD007400,Delhivery,in_transit,1,no,144.32,1,560098,RR Nagar,Bangalore
SHP006853,M001,ORD006076,Ecom Express,delivered,1,no,114.65,1,560037,Brookefield,Bangalore
SHP006854,M001,ORD006780,Ecom Express,delivered,1,no,71.18,1,560017,Old Airport Road,Bangalore
SHP006855,M001,ORD008187,Xpressbees,delivered,1,no,148.65,1,560037,Marathahalli,Bangalore
SHP006856,M001,ORD005265,BlueDart,rto,3,yes,79.72,4,560037,Marathahalli,Bangalore
SHP006857,M001,ORD005715,BlueDart,delivered,1,no,144.33,4,560066,Whitefield,Bangalore
SHP006858,M001,ORD006203,Ecom Express,delivered,1,no,116.24,4,560035,Sarjapur Road,Bangalore
SHP006859,M001,ORD007581,Xpressbees,delivered,1,no,78.27,1,560085,Banashankari,Bangalore
SHP006860,M001,ORD007464,Shiprocket,failed_delivery,1,no,107.09,5,560037,Brookefield,Bangalore
SHP006861,M001,ORD009668,Xpressbees,delivered,1,no,137.43,4,560064,Jakkur,Bangalore
SHP006862,M001,ORD005371,Ecom Express,failed_delivery,2,no,85.74,3,560064,Jakkur,Bangalore
SHP006863,M001,ORD009699,Ecom Express,in_transit,1,no,126.44,4,560036,KR Puram,Bangalore
SHP006864,M001,ORD005585,BlueDart,delivered,1,no,143.44,2,560034,Koramangala,Bangalore
SHP006865,M001,ORD009508,Delhivery,failed_delivery,1,no,153.12,7,560060,Kengeri,Bangalore
SHP006866,M001,ORD005214,Shiprocket,delivered,1,no,53.16,3,560034,Koramangala,Bangalore
SHP006867,M001,ORD006261,BlueDart,delivered,1,no,67.02,3,560037,Marathahalli,Bangalore
SHP006868,M001,ORD006768,Ecom Express,delivered,1,no,60.42,1,560036,KR Puram,Bangalore
SHP006869,M001,ORD006605,Shiprocket,delivered,1,no,124.62,1,560037,Brookefield,Bangalore
SHP006870,M001,ORD009425,BlueDart,failed_delivery,2,no,144.11,3,560076,BTM Layout,Bangalore
SHP006871,M001,ORD009980,Shiprocket,delivered,1,no,146.47,1,560102,HSR Layout,Bangalore
SHP006872,M001,ORD006638,Shiprocket,delivered,1,no,145.54,3,560040,Vijayanagar,Bangalore
SHP006873,M001,ORD005195,Ecom Express,delivered,2,no,210.32,4,560100,Electronic City,Bangalore
SHP006874,M001,ORD007096,Xpressbees,rto,3,yes,142.81,4,560038,Indiranagar,Bangalore
SHP006875,M001,ORD007593,BlueDart,delivered,1,no,109.32,3,560041,Jayanagar,Bangalore
SHP006876,M001,ORD007449,Ecom Express,rto,2,yes,66.57,9,560066,Whitefield,Bangalore
SHP006877,M001,ORD005439,Xpressbees,failed_delivery,2,no,82.95,6,560103,Bellandur,Bangalore
SHP006878,M001,ORD008127,Xpressbees,failed_delivery,2,no,90.48,6,560041,Jayanagar,Bangalore
SHP006879,M001,ORD006411,Ecom Express,delivered,1,no,92.16,2,560102,HSR Layout,Bangalore
SHP006880,M001,ORD008716,Xpressbees,delivered,1,no,54.01,3,560003,Malleshwaram,Bangalore
SHP006881,M001,ORD007366,Delhivery,delivered,1,no,83.09,2,560001,MG Road,Bangalore
SHP006882,M001,ORD005438,BlueDart,delivered,1,no,129.95,2,560038,Indiranagar,Bangalore
SHP006883,M001,ORD007183,Shiprocket,delivered,1,no,124.76,4,560034,Koramangala,Bangalore
SHP006884,M001,ORD006350,Shiprocket,delivered,1,no,138.59,2,560103,Bellandur,Bangalore
SHP006885,M001,ORD005901,Xpressbees,delivered,2,no,177.45,1,560060,Kengeri,Bangalore
SHP006886,M001,ORD008335,Xpressbees,rto,1,yes,94.51,3,560037,Brookefield,Bangalore
SHP006887,M001,ORD006193,Xpressbees,delivered,1,no,97.55,1,560037,Brookefield,Bangalore
SHP006888,M001,ORD007202,Delhivery,delivered,2,no,76.26,1,560076,Bannerghatta Road,Bangalore
SHP006889,M001,ORD009834,Ecom Express,delivered,2,no,147.48,1,560102,HSR Layout,Bangalore
SHP006890,M001,ORD005630,Ecom Express,delivered,2,no,91.02,1,560036,KR Puram,Bangalore
SHP006891,M001,ORD008753,Ecom Express,delivered,2,no,121.98,4,560071,Domlur,Bangalore
SHP006892,M001,ORD006822,BlueDart,delivered,1,no,106.43,2,560008,Ulsoor,Bangalore
SHP006893,M001,ORD008352,BlueDart,delivered,1,no,120.32,1,560017,Old Airport Road,Bangalore
SHP006894,M001,ORD009529,Shiprocket,rto,1,yes,102.76,7,560034,Koramangala,Bangalore
SHP006895,M001,ORD007304,Shiprocket,delivered,1,no,138.19,2,560037,Marathahalli,Bangalore
SHP006896,M001,ORD009878,Xpressbees,delivered,1,no,123.58,5,560066,Whitefield,Bangalore
SHP006897,M001,ORD009021,Ecom Express,failed_delivery,3,no,191.67,6,560100,Electronic City,Bangalore
SHP006898,M001,ORD007102,Xpressbees,in_transit,1,no,149.3,4,560037,Marathahalli,Bangalore
SHP006899,M001,ORD007149,BlueDart,delivered,1,no,45.68,3,560103,Bellandur,Bangalore
SHP006900,M001,ORD009399,Delhivery,failed_delivery,2,no,93.92,7,560017,Old Airport Road,Bangalore
SHP006901,M001,ORD006387,Shiprocket,failed_delivery,1,no,97.61,5,560003,Malleshwaram,Bangalore
SHP006902,M001,ORD006447,Shiprocket,delivered,1,no,95.48,2,560003,Malleshwaram,Bangalore
SHP006903,M001,ORD006509,Xpressbees,delivered,1,no,52.38,4,560017,Old Airport Road,Bangalore
SHP006904,M001,ORD007969,Ecom Express,delivered,1,no,55.47,3,560103,Bellandur,Bangalore
SHP006905,M001,ORD007714,Shiprocket,delivered,1,no,46.12,3,560037,Marathahalli,Bangalore
SHP006906,M001,ORD006097,Delhivery,delivered,1,no,105.44,1,560071,Domlur,Bangalore
SHP006907,M001,ORD006429,Shiprocket,delivered,1,no,94.38,5,560017,Old Airport Road,Bangalore
SHP006908,M001,ORD006526,Shiprocket,delivered,1,no,100.04,5,560017,Old Airport Road,Bangalore
SHP006909,M001,ORD006194,Ecom Express,delivered,3,no,56.12,5,560103,Bellandur,Bangalore
SHP006910,M001,ORD007239,Shiprocket,delivered,1,no,114.41,4,560037,Brookefield,Bangalore
SHP006911,M001,ORD008062,Xpressbees,delivered,2,no,127.22,2,560008,Ulsoor,Bangalore
SHP006912,M001,ORD005690,Ecom Express,delivered,1,no,106.06,4,560048,Mahadevapura,Bangalore
SHP006913,M001,ORD005270,Xpressbees,delivered,1,no,142.79,1,560036,KR Puram,Bangalore
SHP006914,M001,ORD005790,Shiprocket,delivered,1,no,105.14,4,560017,Old Airport Road,Bangalore
SHP006915,M001,ORD005098,Ecom Express,delivered,3,no,109.57,2,560102,HSR Layout,Bangalore
SHP006916,M001,ORD008597,Shiprocket,delivered,1,no,147.76,3,560017,Old Airport Road,Bangalore
SHP006917,M001,ORD009638,Xpressbees,delivered,1,no,49.67,1,560008,Ulsoor,Bangalore
SHP006918,M001,ORD006055,Ecom Express,delivered,2,no,130.98,1,560040,Vijayanagar,Bangalore
SHP006919,M001,ORD008525,Xpressbees,delivered,1,no,69.36,3,560064,Jakkur,Bangalore
SHP006920,M001,ORD005855,BlueDart,delivered,2,no,94.74,3,560102,HSR Layout,Bangalore
SHP006921,M001,ORD006297,BlueDart,delivered,1,no,53.22,1,560071,Domlur,Bangalore
SHP006922,M001,ORD006875,Delhivery,delivered,2,no,106.29,2,560037,Brookefield,Bangalore
SHP006923,M001,ORD008724,Xpressbees,failed_delivery,2,no,75.02,8,560102,HSR Layout,Bangalore
SHP006924,M001,ORD005929,Shiprocket,rto,2,yes,125.28,5,560066,Whitefield,Bangalore
SHP006925,M001,ORD008711,Xpressbees,delivered,2,no,59.48,3,560008,Ulsoor,Bangalore
SHP006926,M001,ORD009986,Shiprocket,in_transit,2,no,52.14,1,560038,Indiranagar,Bangalore
SHP006927,M001,ORD007779,Delhivery,failed_delivery,1,no,72.61,3,560102,HSR Layout,Bangalore
SHP006928,M001,ORD006233,Delhivery,in_transit,1,no,60.02,1,560017,Old Airport Road,Bangalore
SHP006929,M001,ORD009167,Ecom Express,failed_delivery,3,no,73.22,5,560037,Marathahalli,Bangalore
SHP006930,M001,ORD007628,Shiprocket,delivered,1,no,86.42,3,560048,Mahadevapura,Bangalore
SHP006931,M001,ORD005870,BlueDart,delivered,1,no,102.12,5,560103,Bellandur,Bangalore
SHP006932,M001,ORD005777,BlueDart,delivered,2,no,136.07,4,560060,Kengeri,Bangalore
SHP006933,M001,ORD009405,Ecom Express,delivered,1,no,84.3,5,560034,Koramangala,Bangalore
SHP006934,M001,ORD007463,Xpressbees,failed_delivery,1,no,133.89,9,560017,Old Airport Road,Bangalore
SHP006935,M001,ORD007214,Xpressbees,failed_delivery,2,no,61.07,6,560076,BTM Layout,Bangalore
SHP006936,M001,ORD008880,Shiprocket,rto,3,yes,143.24,9,560102,HSR Layout,Bangalore
SHP006937,M001,ORD006472,Ecom Express,delivered,1,no,117.33,2,560060,Kengeri,Bangalore
SHP006938,M001,ORD008588,Delhivery,delivered,1,no,145.46,4,560064,Jakkur,Bangalore
SHP006939,M001,ORD006460,Delhivery,in_transit,1,no,117.97,1,560066,Whitefield,Bangalore
SHP006940,M001,ORD005037,Shiprocket,delivered,1,no,93.71,5,560058,Peenya,Bangalore
SHP006941,M001,ORD007380,Shiprocket,delivered,2,no,96.31,3,560034,Koramangala,Bangalore
SHP006942,M001,ORD009703,Shiprocket,delivered,1,no,129.56,2,560017,Old Airport Road,Bangalore
SHP006943,M001,ORD006062,Delhivery,delivered,1,no,84.45,2,560066,Whitefield,Bangalore
SHP006944,M001,ORD006625,Shiprocket,delivered,1,no,149.42,3,560102,HSR Layout,Bangalore
SHP006945,M001,ORD005267,Delhivery,delivered,2,no,102.85,5,560037,Brookefield,Bangalore
SHP006946,M001,ORD007440,Shiprocket,delivered,2,no,68.3,1,560008,Ulsoor,Bangalore
SHP006947,M001,ORD008791,Xpressbees,delivered,2,no,76.24,1,560066,Whitefield,Bangalore
SHP006948,M001,ORD007826,Xpressbees,in_transit,1,no,93.9,2,560034,Koramangala,Bangalore
SHP006949,M001,ORD008224,BlueDart,delivered,2,no,83.81,5,560076,BTM Layout,Bangalore
SHP006950,M001,ORD007633,Ecom Express,rto,2,yes,73.22,6,560103,Bellandur,Bangalore
SHP006951,M001,ORD008298,Ecom Express,rto,2,yes,116.77,6,560058,Peenya,Bangalore
SHP006952,M001,ORD008721,Xpressbees,delivered,1,no,173.71,3,560035,Sarjapur Road,Bangalore
SHP006953,M001,ORD008377,Shiprocket,rto,1,yes,148.49,4,560071,Domlur,Bangalore
SHP006954,M001,ORD005675,Xpressbees,delivered,1,no,114.46,5,560102,HSR Layout,Bangalore
SHP006955,M001,ORD009107,BlueDart,delivered,2,no,56.08,5,560017,Old Airport Road,Bangalore
SHP006956,M001,ORD008713,BlueDart,delivered,1,no,148.38,4,560066,Whitefield,Bangalore
SHP006957,M001,ORD008511,Ecom Express,in_transit,1,no,128.35,2,560010,Rajajinagar,Bangalore
SHP006958,M001,ORD008894,Xpressbees,delivered,1,no,213.62,1,560100,Electronic City,Bangalore
SHP006959,M001,ORD005198,Ecom Express,failed_delivery,1,no,127.12,9,560103,Bellandur,Bangalore
SHP006960,M001,ORD007651,Delhivery,delivered,1,no,90.73,5,560102,HSR Layout,Bangalore
SHP006961,M001,ORD006229,Xpressbees,delivered,1,no,114.26,5,560048,Mahadevapura,Bangalore
SHP006962,M001,ORD007718,BlueDart,failed_delivery,2,no,161.53,9,560035,Sarjapur Road,Bangalore
SHP006963,M001,ORD007700,BlueDart,delivered,2,no,181.32,5,560035,Sarjapur Road,Bangalore
SHP006964,M001,ORD008194,Delhivery,delivered,1,no,108.1,3,560066,Whitefield,Bangalore
SHP006965,M001,ORD006755,Delhivery,in_transit,1,no,96.22,1,560038,Indiranagar,Bangalore
SHP006966,M001,ORD008288,BlueDart,delivered,1,no,110.79,3,560071,Domlur,Bangalore
SHP006967,M001,ORD005673,Shiprocket,rto,1,yes,116.85,5,560034,Koramangala,Bangalore
SHP006968,M001,ORD008385,Ecom Express,delivered,1,no,96.53,5,560066,Whitefield,Bangalore
SHP006969,M001,ORD005863,Ecom Express,rto,3,yes,99.54,3,560024,Hebbal,Bangalore
SHP006970,M001,ORD006900,BlueDart,in_transit,1,no,176.03,2,560100,Electronic City,Bangalore
SHP006971,M001,ORD008518,Shiprocket,delivered,2,no,130.84,4,560085,Banashankari,Bangalore
SHP006972,M001,ORD009866,Xpressbees,delivered,1,no,49.42,5,560066,Whitefield,Bangalore
SHP006973,M001,ORD009076,Ecom Express,delivered,1,no,125.86,2,560034,Koramangala,Bangalore
SHP006974,M001,ORD007286,Ecom Express,failed_delivery,2,no,60.63,5,560017,Old Airport Road,Bangalore
SHP006975,M001,ORD005752,Delhivery,delivered,1,no,128.42,5,560037,Marathahalli,Bangalore
SHP006976,M001,ORD005955,Xpressbees,delivered,2,no,74.37,4,560038,Indiranagar,Bangalore
SHP006977,M001,ORD006425,Shiprocket,failed_delivery,2,no,132.12,5,560076,Bannerghatta Road,Bangalore
SHP006978,M001,ORD009514,Shiprocket,delivered,1,no,58.4,3,560085,Banashankari,Bangalore
SHP006979,M001,ORD005135,Ecom Express,delivered,1,no,189.98,3,560100,Electronic City,Bangalore
SHP006980,M001,ORD007936,Xpressbees,delivered,1,no,159.58,3,560035,Sarjapur Road,Bangalore
SHP006981,M001,ORD005441,BlueDart,rto,1,yes,76.75,7,560066,Whitefield,Bangalore
SHP006982,M001,ORD007917,Shiprocket,in_transit,1,no,138.16,1,560034,Koramangala,Bangalore
SHP006983,M001,ORD008396,Ecom Express,failed_delivery,2,no,99.73,6,560103,Bellandur,Bangalore
SHP006984,M001,ORD006486,Ecom Express,in_transit,2,no,71.69,3,560066,Whitefield,Bangalore
SHP006985,M001,ORD009763,Shiprocket,delivered,1,no,113.49,2,560071,Domlur,Bangalore
SHP006986,M001,ORD005471,Xpressbees,delivered,1,no,102.81,1,560008,Ulsoor,Bangalore
SHP006987,M001,ORD007065,Ecom Express,rto,1,yes,121.12,4,560041,Jayanagar,Bangalore
SHP006988,M001,ORD007621,Shiprocket,delivered,1,no,62.95,2,560038,Indiranagar,Bangalore
SHP006989,M001,ORD008049,BlueDart,delivered,2,no,83.71,1,560037,Brookefield,Bangalore
SHP006990,M001,ORD005346,Xpressbees,delivered,2,no,81.93,2,560103,Bellandur,Bangalore
SHP006991,M001,ORD007552,Xpressbees,delivered,2,no,120.51,5,560017,Old Airport Road,Bangalore
SHP006992,M001,ORD007788,Shiprocket,in_transit,1,no,143.93,4,560041,Jayanagar,Bangalore
SHP006993,M001,ORD007990,Delhivery,failed_delivery,1,no,138.03,7,560102,HSR Layout,Bangalore
SHP006994,M001,ORD007759,Ecom Express,rto,2,yes,69.35,4,560103,Bellandur,Bangalore
SHP006995,M001,ORD006792,BlueDart,rto,1,yes,101.13,7,560024,Hebbal,Bangalore
SHP006996,M001,ORD006948,Delhivery,delivered,1,no,167.05,5,560060,Kengeri,Bangalore
SHP006997,M001,ORD006753,Xpressbees,delivered,3,no,92.7,1,560066,Whitefield,Bangalore
SHP006998,M001,ORD007308,Ecom Express,failed_delivery,1,no,73.07,7,560008,Ulsoor,Bangalore
SHP006999,M001,ORD007807,Xpressbees,delivered,1,no,121.49,5,560102,HSR Layout,Bangalore
SHP007000,M001,ORD008240,Delhivery,delivered,2,no,64.74,4,560037,Brookefield,Bangalore
SHP007001,M001,ORD009794,Delhivery,delivered,1,no,129.94,2,560060,Kengeri,Bangalore
SHP007002,M001,ORD009292,Ecom Express,delivered,1,no,130.2,3,560103,Bellandur,Bangalore
SHP007003,M001,ORD005515,Ecom Express,failed_delivery,3,no,72.02,8,560024,Hebbal,Bangalore
SHP007004,M001,ORD006798,Shiprocket,delivered,1,no,141.06,2,560034,Koramangala,Bangalore
SHP007005,M001,ORD005655,Xpressbees,delivered,1,no,131.44,2,560035,Sarjapur Road,Bangalore
SHP007006,M001,ORD006913,Xpressbees,delivered,1,no,47.09,5,560071,Domlur,Bangalore
SHP007007,M001,ORD009919,Ecom Express,delivered,1,no,115.36,2,560037,Marathahalli,Bangalore
SHP007008,M001,ORD009141,Shiprocket,delivered,2,no,128.67,4,560085,Banashankari,Bangalore
SHP007009,M001,ORD005149,Ecom Express,delivered,1,no,79.3,4,560103,Bellandur,Bangalore
SHP007010,M001,ORD006844,Xpressbees,delivered,3,no,91.47,3,560102,HSR Layout,Bangalore
SHP007011,M001,ORD009295,Ecom Express,delivered,1,no,96.7,1,560071,Domlur,Bangalore
SHP007012,M001,ORD009494,Xpressbees,delivered,2,no,68.84,4,560103,Bellandur,Bangalore
SHP007013,M001,ORD008726,Xpressbees,delivered,2,no,72.07,2,560017,Old Airport Road,Bangalore
SHP007014,M001,ORD005564,BlueDart,in_transit,2,no,71.04,4,560076,Bannerghatta Road,Bangalore
SHP007015,M001,ORD009873,Shiprocket,rto,2,yes,127.66,4,560103,Bellandur,Bangalore
SHP007016,M001,ORD007635,Shiprocket,delivered,1,no,73.21,1,560103,Bellandur,Bangalore
SHP007017,M001,ORD008169,Xpressbees,delivered,1,no,49.05,1,560071,Domlur,Bangalore
SHP007018,M001,ORD006178,BlueDart,delivered,1,no,131.03,3,560038,Indiranagar,Bangalore
SHP007019,M001,ORD005018,Shiprocket,delivered,2,no,94.95,5,560071,Domlur,Bangalore
SHP007020,M001,ORD005231,Ecom Express,failed_delivery,2,no,144.21,6,560100,Electronic City,Bangalore
SHP007021,M001,ORD008328,Ecom Express,failed_delivery,2,no,84.47,6,560003,Malleshwaram,Bangalore
SHP007022,M001,ORD009525,Shiprocket,failed_delivery,1,no,84.41,3,560001,MG Road,Bangalore
SHP007023,M001,ORD008290,Delhivery,delivered,2,no,145.18,2,560102,HSR Layout,Bangalore
SHP007024,M001,ORD009652,Xpressbees,delivered,2,no,52.66,4,560034,Koramangala,Bangalore
SHP007025,M001,ORD005784,Ecom Express,rto,1,yes,180.48,6,560058,Peenya,Bangalore
SHP007026,M001,ORD008698,Xpressbees,delivered,1,no,85.91,3,560038,Indiranagar,Bangalore
SHP007027,M001,ORD006520,BlueDart,delivered,1,no,153.98,4,560035,Sarjapur Road,Bangalore
SHP007028,M001,ORD006339,Xpressbees,in_transit,1,no,131.8,3,560102,HSR Layout,Bangalore
SHP007029,M001,ORD006974,Shiprocket,rto,1,yes,211.07,8,560058,Peenya,Bangalore
SHP007030,M001,ORD007559,Ecom Express,delivered,1,no,133.8,4,560066,Whitefield,Bangalore
SHP007031,M001,ORD007875,BlueDart,delivered,1,no,69.74,4,560034,Koramangala,Bangalore
SHP007032,M001,ORD008478,BlueDart,rto,1,yes,139.3,6,560037,Marathahalli,Bangalore
SHP007033,M001,ORD007014,BlueDart,delivered,1,no,54.58,1,560076,BTM Layout,Bangalore
SHP007034,M001,ORD006633,Shiprocket,delivered,1,no,65.34,3,560103,Bellandur,Bangalore
SHP007035,M001,ORD007312,Ecom Express,failed_delivery,3,no,86.19,3,560102,HSR Layout,Bangalore
SHP007036,M001,ORD009225,BlueDart,delivered,2,no,68.94,1,560048,Mahadevapura,Bangalore
SHP007037,M001,ORD006101,Shiprocket,in_transit,1,no,117.86,3,560103,Bellandur,Bangalore
SHP007038,M001,ORD005472,Ecom Express,delivered,1,no,61.5,3,560078,JP Nagar,Bangalore
SHP007039,M001,ORD006031,Delhivery,in_transit,2,no,162.6,3,560100,Electronic City,Bangalore
SHP007040,M001,ORD005193,Ecom Express,delivered,1,no,82.1,3,560037,Brookefield,Bangalore
SHP007041,M001,ORD008469,Shiprocket,in_transit,1,no,124.8,3,560102,HSR Layout,Bangalore
SHP007042,M001,ORD006281,Ecom Express,delivered,1,no,124.31,4,560071,Domlur,Bangalore
SHP007043,M001,ORD008498,Delhivery,delivered,1,no,140.92,5,560102,HSR Layout,Bangalore
SHP007044,M001,ORD005492,Delhivery,delivered,2,no,79.51,3,560102,HSR Layout,Bangalore
SHP007045,M001,ORD006565,Delhivery,delivered,1,no,147.78,1,560066,Whitefield,Bangalore
SHP007046,M001,ORD008381,Xpressbees,delivered,1,no,119.52,5,560048,Mahadevapura,Bangalore
SHP007047,M001,ORD007818,Delhivery,rto,3,yes,103.36,5,560024,Hebbal,Bangalore
SHP007048,M001,ORD009894,Xpressbees,in_transit,2,no,128.5,2,560066,Whitefield,Bangalore
SHP007049,M001,ORD009332,Delhivery,in_transit,1,no,113.9,3,560034,Koramangala,Bangalore
SHP007050,M001,ORD006614,Ecom Express,delivered,3,no,84.35,1,560003,Malleshwaram,Bangalore
SHP007051,M001,ORD009969,Xpressbees,in_transit,2,no,96.39,2,560008,Ulsoor,Bangalore
SHP007052,M001,ORD008093,Xpressbees,failed_delivery,1,no,121.21,7,560100,Electronic City,Bangalore
SHP007053,M001,ORD005138,Shiprocket,in_transit,1,no,60.0,2,560066,Whitefield,Bangalore
SHP007054,M001,ORD009714,Ecom Express,delivered,1,no,47.77,4,560038,Indiranagar,Bangalore
SHP007055,M001,ORD008410,Delhivery,in_transit,1,no,85.08,4,560034,Koramangala,Bangalore
SHP007056,M001,ORD007392,Xpressbees,rto,2,yes,127.48,6,560038,Indiranagar,Bangalore
SHP007057,M001,ORD008196,Xpressbees,delivered,1,no,45.1,4,560037,Marathahalli,Bangalore
SHP007058,M001,ORD008484,Ecom Express,delivered,3,no,147.62,1,560034,Koramangala,Bangalore
SHP007059,M001,ORD006544,Shiprocket,delivered,1,no,117.34,2,560058,Peenya,Bangalore
SHP007060,M001,ORD006984,Delhivery,delivered,2,no,148.32,4,560066,Whitefield,Bangalore
SHP007061,M001,ORD005411,Xpressbees,delivered,1,no,88.49,5,560066,Whitefield,Bangalore
SHP007062,M001,ORD006763,Shiprocket,failed_delivery,2,no,181.03,5,560100,Electronic City,Bangalore
SHP007063,M001,ORD005084,Delhivery,delivered,2,no,96.65,4,560103,Bellandur,Bangalore
SHP007064,M001,ORD009844,BlueDart,delivered,1,no,109.89,4,560034,Koramangala,Bangalore
SHP007065,M001,ORD006343,Delhivery,delivered,1,no,93.31,4,560103,Bellandur,Bangalore
SHP007066,M001,ORD007395,Xpressbees,delivered,1,no,79.82,2,560008,Ulsoor,Bangalore
SHP007067,M001,ORD009459,Ecom Express,rto,2,yes,68.59,5,560037,Brookefield,Bangalore
SHP007068,M001,ORD006701,Delhivery,delivered,1,no,58.2,4,560048,Mahadevapura,Bangalore
SHP007069,M001,ORD009251,Ecom Express,delivered,1,no,70.43,5,560103,Bellandur,Bangalore
SHP007070,M001,ORD005731,Ecom Express,delivered,1,no,112.95,4,560064,Jakkur,Bangalore
SHP007071,M001,ORD006183,Delhivery,delivered,2,no,116.54,5,560017,Old Airport Road,Bangalore
SHP007072,M001,ORD006944,BlueDart,delivered,1,no,91.24,5,560103,Bellandur,Bangalore
SHP007073,M001,ORD005285,Xpressbees,delivered,1,no,82.11,3,560103,Bellandur,Bangalore
SHP007074,M001,ORD008816,Xpressbees,failed_delivery,1,no,65.0,3,560034,Koramangala,Bangalore
SHP007075,M001,ORD009372,Shiprocket,in_transit,1,no,76.33,3,560103,Bellandur,Bangalore
SHP007076,M001,ORD008060,Ecom Express,delivered,1,no,82.83,5,560035,Sarjapur Road,Bangalore
SHP007077,M001,ORD007453,Ecom Express,delivered,1,no,117.02,5,560041,Jayanagar,Bangalore
SHP007078,M001,ORD007436,Xpressbees,rto,3,yes,119.31,9,560103,Bellandur,Bangalore
SHP007079,M001,ORD007339,BlueDart,delivered,1,no,68.28,3,560036,KR Puram,Bangalore
SHP007080,M001,ORD008943,Shiprocket,rto,2,yes,126.68,6,560034,Koramangala,Bangalore
SHP007081,M001,ORD005259,Shiprocket,delivered,2,no,103.1,4,560071,Domlur,Bangalore
SHP007082,M001,ORD009436,Ecom Express,delivered,2,no,109.85,1,560017,Old Airport Road,Bangalore
SHP007083,M001,ORD009272,BlueDart,delivered,1,no,136.59,1,560008,Ulsoor,Bangalore
SHP007084,M001,ORD006389,BlueDart,delivered,1,no,68.36,3,560036,KR Puram,Bangalore
SHP007085,M001,ORD009758,Shiprocket,rto,2,yes,97.76,6,560085,Banashankari,Bangalore
SHP007086,M001,ORD007674,BlueDart,in_transit,1,no,84.98,1,560048,Mahadevapura,Bangalore
SHP007087,M001,ORD006830,Delhivery,delivered,3,no,137.67,5,560102,HSR Layout,Bangalore
SHP007088,M001,ORD009551,Xpressbees,rto,2,yes,63.63,8,560071,Domlur,Bangalore
SHP007089,M001,ORD008044,Ecom Express,delivered,1,no,72.58,5,560102,HSR Layout,Bangalore
SHP007090,M001,ORD006319,Shiprocket,delivered,1,no,163.11,4,560064,Yelahanka,Bangalore
SHP007091,M001,ORD008461,BlueDart,in_transit,2,no,83.84,3,560003,Malleshwaram,Bangalore
SHP007092,M001,ORD009192,Delhivery,rto,2,yes,109.46,9,560098,RR Nagar,Bangalore
SHP007093,M001,ORD008538,BlueDart,delivered,1,no,68.39,3,560038,Indiranagar,Bangalore
SHP007094,M001,ORD007386,Xpressbees,delivered,2,no,45.75,1,560102,HSR Layout,Bangalore
SHP007095,M001,ORD005818,Xpressbees,failed_delivery,2,no,132.81,4,560102,HSR Layout,Bangalore
SHP007096,M001,ORD007828,Shiprocket,delivered,1,no,181.98,1,560100,Electronic City,Bangalore
SHP007097,M001,ORD008885,Shiprocket,in_transit,1,no,53.89,2,560071,Domlur,Bangalore
SHP007098,M001,ORD008133,Ecom Express,delivered,1,no,146.46,3,560048,Mahadevapura,Bangalore
SHP007099,M001,ORD005578,Delhivery,delivered,1,no,79.6,5,560076,Bannerghatta Road,Bangalore
SHP007100,M001,ORD009483,Xpressbees,failed_delivery,3,no,92.36,8,560010,Rajajinagar,Bangalore
SHP007101,M001,ORD006540,BlueDart,rto,1,yes,189.61,9,560035,Sarjapur Road,Bangalore
SHP007102,M001,ORD006265,Shiprocket,delivered,1,no,47.15,3,560034,Koramangala,Bangalore
SHP007103,M001,ORD008603,Xpressbees,delivered,1,no,62.31,1,560103,Bellandur,Bangalore
SHP007104,M001,ORD009959,Xpressbees,failed_delivery,1,no,72.82,7,560041,Jayanagar,Bangalore
SHP007105,M001,ORD006153,Xpressbees,delivered,1,no,55.83,1,560098,RR Nagar,Bangalore
SHP007106,M001,ORD009519,BlueDart,delivered,1,no,132.88,1,560037,Brookefield,Bangalore
SHP007107,M001,ORD007023,Xpressbees,delivered,1,no,76.46,4,560034,Koramangala,Bangalore
SHP007108,M001,ORD005323,Ecom Express,delivered,2,no,143.89,2,560058,Peenya,Bangalore
SHP007109,M001,ORD009522,Xpressbees,rto,2,yes,53.36,8,560004,Basavanagudi,Bangalore
SHP007110,M001,ORD005366,BlueDart,delivered,1,no,80.4,4,560098,RR Nagar,Bangalore
SHP007111,M001,ORD006238,Xpressbees,delivered,1,no,164.57,2,560064,Yelahanka,Bangalore
SHP007112,M001,ORD009026,BlueDart,delivered,1,no,63.44,3,560037,Marathahalli,Bangalore
SHP007113,M001,ORD008731,Ecom Express,delivered,1,no,52.26,1,560008,Ulsoor,Bangalore
SHP007114,M001,ORD006204,Ecom Express,delivered,1,no,80.4,2,560008,Ulsoor,Bangalore
SHP007115,M001,ORD007867,Shiprocket,rto,1,yes,125.79,8,560058,Peenya,Bangalore
SHP007116,M001,ORD009496,BlueDart,delivered,2,no,67.83,4,560037,Brookefield,Bangalore
SHP007117,M001,ORD009504,Xpressbees,failed_delivery,1,no,138.25,3,560036,KR Puram,Bangalore
SHP007118,M001,ORD006341,Ecom Express,delivered,1,no,85.57,1,560034,Koramangala,Bangalore
SHP007119,M001,ORD005191,Ecom Express,delivered,1,no,86.06,4,560036,KR Puram,Bangalore
SHP007120,M001,ORD005742,Delhivery,delivered,1,no,141.1,3,560048,Mahadevapura,Bangalore
SHP007121,M001,ORD006347,Delhivery,delivered,2,no,109.42,4,560048,Mahadevapura,Bangalore
SHP007122,M001,ORD006596,Shiprocket,delivered,1,no,196.43,2,560100,Electronic City,Bangalore
SHP007123,M001,ORD005274,BlueDart,failed_delivery,1,no,183.68,3,560100,Electronic City,Bangalore
SHP007124,M001,ORD007053,Xpressbees,delivered,1,no,131.98,4,560078,JP Nagar,Bangalore
SHP007125,M001,ORD007608,Ecom Express,delivered,1,no,98.84,5,560071,Domlur,Bangalore
SHP007126,M001,ORD006279,Ecom Express,delivered,2,no,129.4,5,560066,Whitefield,Bangalore
SHP007127,M001,ORD005386,Ecom Express,in_transit,1,no,79.58,4,560017,Old Airport Road,Bangalore
SHP007128,M001,ORD006818,Ecom Express,rto,2,yes,152.58,5,560035,Sarjapur Road,Bangalore
SHP007129,M001,ORD007762,Xpressbees,rto,2,yes,98.22,7,560098,RR Nagar,Bangalore
SHP007130,M001,ORD007376,Ecom Express,delivered,3,no,129.37,2,560048,Mahadevapura,Bangalore
SHP007131,M001,ORD006983,Shiprocket,rto,1,yes,136.3,3,560036,KR Puram,Bangalore
SHP007132,M001,ORD006897,Delhivery,in_transit,2,no,58.79,2,560038,Indiranagar,Bangalore
SHP007133,M001,ORD006519,BlueDart,delivered,1,no,56.84,1,560008,Ulsoor,Bangalore
SHP007134,M001,ORD007170,BlueDart,delivered,1,no,87.63,2,560102,HSR Layout,Bangalore
SHP007135,M001,ORD008875,Shiprocket,delivered,1,no,101.78,4,560064,Yelahanka,Bangalore
SHP007136,M001,ORD005714,Delhivery,delivered,2,no,128.34,4,560038,Indiranagar,Bangalore
SHP007137,M001,ORD008395,Ecom Express,delivered,1,no,59.7,2,560034,Koramangala,Bangalore
SHP007138,M001,ORD005584,Xpressbees,delivered,1,no,140.28,4,560037,Marathahalli,Bangalore
SHP007139,M001,ORD009501,Delhivery,rto,1,yes,77.0,6,560034,Koramangala,Bangalore
SHP007140,M001,ORD006858,Shiprocket,failed_delivery,1,no,130.43,9,560100,Electronic City,Bangalore
SHP007141,M001,ORD008349,Xpressbees,rto,2,yes,121.48,4,560001,MG Road,Bangalore
SHP007142,M001,ORD005058,Delhivery,delivered,1,no,108.82,2,560034,Koramangala,Bangalore
SHP007143,M001,ORD005210,Shiprocket,delivered,3,no,92.17,2,560103,Bellandur,Bangalore
SHP007144,M001,ORD005088,Shiprocket,delivered,1,no,89.05,1,560034,Koramangala,Bangalore
SHP007145,M001,ORD009895,Ecom Express,delivered,2,no,53.51,5,560102,HSR Layout,Bangalore
SHP007146,M001,ORD007985,Xpressbees,in_transit,2,no,140.22,4,560102,HSR Layout,Bangalore
SHP007147,M001,ORD005194,Ecom Express,delivered,1,no,88.39,2,560103,Bellandur,Bangalore
SHP007148,M001,ORD007129,Ecom Express,delivered,2,no,137.62,4,560037,Marathahalli,Bangalore
SHP007149,M001,ORD005103,Ecom Express,delivered,1,no,119.93,2,560008,Ulsoor,Bangalore
SHP007150,M001,ORD005130,Shiprocket,in_transit,1,no,104.72,4,560017,Old Airport Road,Bangalore
SHP007151,M001,ORD007247,Shiprocket,rto,3,yes,113.88,6,560100,Electronic City,Bangalore
SHP007152,M001,ORD009151,Shiprocket,in_transit,1,no,109.15,4,560048,Mahadevapura,Bangalore
SHP007153,M001,ORD009469,Shiprocket,rto,2,yes,94.37,6,560004,Basavanagudi,Bangalore
SHP007154,M001,ORD009902,Xpressbees,in_transit,1,no,113.31,3,560037,Brookefield,Bangalore
SHP007155,M001,ORD005440,Ecom Express,delivered,3,no,115.78,2,560037,Brookefield,Bangalore
SHP007156,M001,ORD008209,Delhivery,failed_delivery,2,no,107.49,8,560024,Hebbal,Bangalore
SHP007157,M001,ORD007477,Delhivery,in_transit,1,no,52.93,1,560102,HSR Layout,Bangalore
SHP007158,M001,ORD009586,BlueDart,in_transit,2,no,137.89,2,560071,Domlur,Bangalore
SHP007159,M001,ORD007177,Xpressbees,delivered,2,no,135.71,4,560038,Indiranagar,Bangalore
SHP007160,M001,ORD008116,Xpressbees,delivered,2,no,126.28,3,560041,Jayanagar,Bangalore
SHP007161,M001,ORD008345,Delhivery,rto,2,yes,166.95,4,560100,Electronic City,Bangalore
SHP007162,M001,ORD009369,BlueDart,delivered,2,no,74.84,2,560034,Koramangala,Bangalore
SHP007163,M001,ORD009537,BlueDart,delivered,2,no,107.59,4,560034,Koramangala,Bangalore
SHP007164,M001,ORD005307,Xpressbees,delivered,1,no,196.46,3,560100,Electronic City,Bangalore
SHP007165,M001,ORD008516,Delhivery,delivered,1,no,134.15,2,560034,Koramangala,Bangalore
SHP007166,M001,ORD009487,BlueDart,delivered,1,no,84.0,1,560066,Whitefield,Bangalore
SHP007167,M001,ORD009795,Xpressbees,in_transit,3,no,148.57,2,560038,Indiranagar,Bangalore
SHP007168,M001,ORD009082,Ecom Express,in_transit,1,no,86.32,3,560037,Marathahalli,Bangalore
SHP007169,M001,ORD005617,Delhivery,delivered,2,no,129.96,3,560102,HSR Layout,Bangalore
SHP007170,M001,ORD009694,BlueDart,delivered,1,no,134.05,4,560037,Marathahalli,Bangalore
SHP007171,M001,ORD007800,Delhivery,failed_delivery,2,no,123.42,8,560066,Whitefield,Bangalore
SHP007172,M001,ORD007385,Ecom Express,delivered,3,no,143.89,3,560037,Brookefield,Bangalore
SHP007173,M001,ORD007132,Xpressbees,failed_delivery,3,no,96.79,6,560100,Electronic City,Bangalore
SHP007174,M001,ORD007830,Shiprocket,rto,2,yes,50.56,5,560066,Whitefield,Bangalore
SHP007175,M001,ORD009462,Shiprocket,in_transit,1,no,141.21,3,560078,JP Nagar,Bangalore
SHP007176,M001,ORD009911,Delhivery,delivered,1,no,60.49,4,560071,Domlur,Bangalore
SHP007177,M001,ORD008326,BlueDart,delivered,1,no,130.95,2,560035,Sarjapur Road,Bangalore
SHP007178,M001,ORD008105,Xpressbees,delivered,2,no,94.06,3,560103,Bellandur,Bangalore
SHP007179,M001,ORD009169,BlueDart,delivered,1,no,149.66,5,560103,Bellandur,Bangalore
SHP007180,M001,ORD006702,BlueDart,delivered,2,no,128.89,1,560102,HSR Layout,Bangalore
SHP007181,M001,ORD008621,BlueDart,delivered,1,no,126.29,4,560035,Sarjapur Road,Bangalore
SHP007182,M001,ORD005774,Delhivery,delivered,1,no,180.01,2,560035,Sarjapur Road,Bangalore
SHP007183,M001,ORD009625,Ecom Express,delivered,2,no,124.23,3,560004,Basavanagudi,Bangalore
SHP007184,M001,ORD005685,Xpressbees,failed_delivery,1,no,64.94,4,560036,KR Puram,Bangalore
SHP007185,M001,ORD009408,Xpressbees,delivered,1,no,72.31,3,560103,Bellandur,Bangalore
SHP007186,M001,ORD005414,Delhivery,in_transit,1,no,73.85,2,560102,HSR Layout,Bangalore
SHP007187,M001,ORD008714,Ecom Express,delivered,1,no,60.97,1,560066,Whitefield,Bangalore
SHP007188,M001,ORD005551,BlueDart,delivered,1,no,124.82,5,560098,RR Nagar,Bangalore
SHP007189,M001,ORD007205,Xpressbees,delivered,1,no,107.81,3,560102,HSR Layout,Bangalore
SHP007190,M001,ORD005560,Ecom Express,delivered,2,no,67.62,3,560048,Mahadevapura,Bangalore
SHP007191,M001,ORD008103,Shiprocket,delivered,1,no,99.37,5,560064,Jakkur,Bangalore
SHP007192,M001,ORD009063,BlueDart,delivered,3,no,65.12,3,560038,Indiranagar,Bangalore
SHP007193,M001,ORD008514,Delhivery,rto,2,yes,115.89,5,560037,Brookefield,Bangalore
SHP007194,M001,ORD005147,Delhivery,delivered,2,no,88.44,1,560066,Whitefield,Bangalore
SHP007195,M001,ORD005078,Xpressbees,delivered,2,no,108.99,4,560103,Bellandur,Bangalore
SHP007196,M001,ORD008877,Shiprocket,delivered,2,no,146.98,4,560071,Domlur,Bangalore
SHP007197,M001,ORD007623,Xpressbees,in_transit,2,no,45.01,4,560008,Ulsoor,Bangalore
SHP007198,M001,ORD006165,BlueDart,delivered,1,no,48.28,3,560066,Whitefield,Bangalore
SHP007199,M001,ORD008507,Shiprocket,delivered,1,no,117.13,3,560102,HSR Layout,Bangalore
SHP007200,M001,ORD007910,Delhivery,delivered,1,no,120.63,2,560008,Ulsoor,Bangalore
SHP007201,M001,ORD005383,BlueDart,delivered,1,no,112.04,4,560034,Koramangala,Bangalore
SHP007202,M001,ORD005919,Shiprocket,delivered,1,no,137.54,1,560103,Bellandur,Bangalore
SHP007203,M001,ORD008246,Xpressbees,delivered,2,no,67.56,4,560034,Koramangala,Bangalore
SHP007204,M001,ORD005780,Delhivery,delivered,3,no,57.21,4,560034,Koramangala,Bangalore
SHP007205,M001,ORD006254,Ecom Express,delivered,2,no,88.57,4,560066,Whitefield,Bangalore
SHP007206,M001,ORD008000,Delhivery,delivered,1,no,80.34,5,560037,Marathahalli,Bangalore
SHP007207,M001,ORD006018,Xpressbees,failed_delivery,2,no,114.96,6,560071,Domlur,Bangalore
SHP007208,M001,ORD007861,Delhivery,delivered,1,no,178.39,1,560100,Electronic City,Bangalore
SHP007209,M001,ORD005642,BlueDart,delivered,1,no,133.8,5,560103,Bellandur,Bangalore
SHP007210,M001,ORD009424,BlueDart,rto,1,yes,127.34,8,560034,Koramangala,Bangalore
SHP007211,M001,ORD006543,Xpressbees,delivered,1,no,50.23,1,560071,Domlur,Bangalore
SHP007212,M001,ORD009183,Shiprocket,delivered,2,no,58.3,2,560071,Domlur,Bangalore
SHP007213,M001,ORD008536,Xpressbees,delivered,1,no,46.49,4,560034,Koramangala,Bangalore
SHP007214,M001,ORD009909,BlueDart,rto,1,yes,86.69,6,560037,Brookefield,Bangalore
SHP007215,M001,ORD007844,Xpressbees,delivered,1,no,144.77,2,560034,Koramangala,Bangalore
SHP007216,M001,ORD008825,Xpressbees,delivered,1,no,128.06,2,560034,Koramangala,Bangalore
SHP007217,M001,ORD009152,Ecom Express,failed_delivery,3,no,189.8,9,560100,Electronic City,Bangalore
SHP007218,M001,ORD005119,Shiprocket,delivered,1,no,54.42,4,560102,HSR Layout,Bangalore
SHP007219,M001,ORD007785,Shiprocket,delivered,3,no,122.05,3,560098,RR Nagar,Bangalore
SHP007220,M001,ORD009747,BlueDart,delivered,2,no,137.55,1,560037,Marathahalli,Bangalore
SHP007221,M001,ORD005056,BlueDart,delivered,2,no,112.85,5,560040,Vijayanagar,Bangalore
SHP007222,M001,ORD009314,Shiprocket,delivered,1,no,73.25,3,560085,Banashankari,Bangalore
SHP007223,M001,ORD006703,Ecom Express,failed_delivery,1,no,113.84,9,560040,Vijayanagar,Bangalore
SHP007224,M001,ORD007354,BlueDart,delivered,1,no,127.97,5,560102,HSR Layout,Bangalore
SHP007225,M001,ORD005787,Shiprocket,delivered,1,no,64.57,1,560066,Whitefield,Bangalore
SHP007226,M001,ORD008654,Shiprocket,delivered,1,no,128.82,3,560034,Koramangala,Bangalore
SHP007227,M001,ORD006266,BlueDart,delivered,1,no,102.58,1,560036,KR Puram,Bangalore
SHP007228,M001,ORD006546,Shiprocket,rto,2,yes,130.55,8,560100,Electronic City,Bangalore
SHP007229,M001,ORD007579,BlueDart,delivered,2,no,78.63,1,560078,JP Nagar,Bangalore
SHP007230,M001,ORD007577,Xpressbees,delivered,3,no,102.11,2,560102,HSR Layout,Bangalore
SHP007231,M001,ORD008679,Shiprocket,delivered,2,no,85.45,5,560076,BTM Layout,Bangalore
SHP007232,M001,ORD009593,BlueDart,failed_delivery,3,no,180.6,5,560100,Electronic City,Bangalore
SHP007233,M001,ORD006118,Delhivery,delivered,2,no,53.29,5,560001,MG Road,Bangalore
SHP007234,M001,ORD007277,Xpressbees,in_transit,2,no,95.66,4,560048,Mahadevapura,Bangalore
SHP007235,M001,ORD008211,BlueDart,delivered,2,no,138.05,2,560071,Domlur,Bangalore
SHP007236,M001,ORD009649,Shiprocket,delivered,2,no,48.83,3,560102,HSR Layout,Bangalore
SHP007237,M001,ORD009930,Delhivery,delivered,2,no,143.5,4,560037,Marathahalli,Bangalore
SHP007238,M001,ORD007764,Ecom Express,delivered,1,no,62.57,5,560034,Koramangala,Bangalore
SHP007239,M001,ORD009335,BlueDart,delivered,1,no,169.75,2,560100,Electronic City,Bangalore
SHP007240,M001,ORD005304,Xpressbees,failed_delivery,3,no,69.44,6,560008,Ulsoor,Bangalore
SHP007241,M001,ORD009430,Delhivery,delivered,2,no,102.19,2,560035,Sarjapur Road,Bangalore
SHP007242,M001,ORD007555,Ecom Express,in_transit,1,no,146.91,1,560038,Indiranagar,Bangalore
SHP007243,M001,ORD009957,BlueDart,delivered,1,no,129.43,1,560034,Koramangala,Bangalore
SHP007244,M001,ORD007890,Xpressbees,in_transit,2,no,98.73,4,560010,Rajajinagar,Bangalore
SHP007245,M001,ORD007185,Ecom Express,in_transit,1,no,120.09,1,560034,Koramangala,Bangalore
SHP007246,M001,ORD005392,Xpressbees,delivered,2,no,56.61,3,560066,Whitefield,Bangalore
SHP007247,M001,ORD007620,Ecom Express,delivered,1,no,54.32,2,560048,Mahadevapura,Bangalore
SHP007248,M001,ORD006968,Delhivery,failed_delivery,3,no,104.76,9,560060,Kengeri,Bangalore
SHP007249,M001,ORD005776,Ecom Express,delivered,1,no,71.98,2,560017,Old Airport Road,Bangalore
SHP007250,M001,ORD008957,Xpressbees,delivered,2,no,149.29,4,560034,Koramangala,Bangalore
SHP007251,M001,ORD007688,Shiprocket,delivered,1,no,89.98,2,560001,MG Road,Bangalore
SHP007252,M001,ORD009368,Xpressbees,delivered,2,no,167.21,1,560100,Electronic City,Bangalore
SHP007253,M001,ORD005566,Xpressbees,delivered,1,no,164.9,2,560064,Yelahanka,Bangalore
SHP007254,M001,ORD005131,BlueDart,delivered,1,no,117.63,2,560076,Bannerghatta Road,Bangalore
SHP007255,M001,ORD005368,BlueDart,delivered,2,no,113.75,3,560076,BTM Layout,Bangalore
SHP007256,M001,ORD009333,Ecom Express,in_transit,1,no,117.9,4,560010,Rajajinagar,Bangalore
SHP007257,M001,ORD008057,BlueDart,delivered,1,no,135.7,4,560037,Marathahalli,Bangalore
SHP007258,M001,ORD009727,BlueDart,delivered,1,no,52.9,2,560037,Marathahalli,Bangalore
SHP007259,M001,ORD006114,Xpressbees,delivered,1,no,72.45,4,560036,KR Puram,Bangalore
SHP007260,M001,ORD009954,Shiprocket,delivered,1,no,75.96,2,560048,Mahadevapura,Bangalore
SHP007261,M001,ORD009778,Ecom Express,delivered,1,no,172.23,1,560100,Electronic City,Bangalore
SHP007262,M001,ORD007591,Ecom Express,in_transit,1,no,174.44,3,560060,Kengeri,Bangalore
SHP007263,M001,ORD006902,Xpressbees,rto,2,yes,67.89,6,560008,Ulsoor,Bangalore
SHP007264,M001,ORD006379,Delhivery,delivered,1,no,118.95,1,560048,Mahadevapura,Bangalore
SHP007265,M001,ORD006489,Ecom Express,rto,1,yes,107.1,6,560064,Yelahanka,Bangalore
SHP007266,M001,ORD009804,Xpressbees,delivered,1,no,132.79,4,560037,Marathahalli,Bangalore
SHP007267,M001,ORD005748,BlueDart,delivered,1,no,61.54,3,560037,Marathahalli,Bangalore
SHP007268,M001,ORD006624,Delhivery,delivered,1,no,149.1,2,560037,Brookefield,Bangalore
SHP007269,M001,ORD006473,BlueDart,failed_delivery,2,no,126.33,9,560048,Mahadevapura,Bangalore
SHP007270,M001,ORD006424,Shiprocket,delivered,1,no,114.55,4,560076,BTM Layout,Bangalore
SHP007271,M001,ORD008838,Shiprocket,failed_delivery,2,no,159.79,6,560035,Sarjapur Road,Bangalore
SHP007272,M001,ORD005224,Xpressbees,delivered,2,no,136.2,5,560100,Electronic City,Bangalore
SHP007273,M001,ORD007653,Delhivery,delivered,2,no,58.57,4,560103,Bellandur,Bangalore
SHP007274,M001,ORD009531,Delhivery,in_transit,1,no,87.3,3,560103,Bellandur,Bangalore
SHP007275,M001,ORD008382,Xpressbees,delivered,1,no,86.51,4,560024,Hebbal,Bangalore
SHP007276,M001,ORD006731,Delhivery,delivered,1,no,124.71,1,560100,Electronic City,Bangalore
SHP007277,M001,ORD007992,Xpressbees,failed_delivery,2,no,126.13,4,560036,KR Puram,Bangalore
SHP007278,M001,ORD006905,Ecom Express,in_transit,1,no,119.81,3,560103,Bellandur,Bangalore
SHP007279,M001,ORD006104,Xpressbees,delivered,1,no,76.67,1,560001,MG Road,Bangalore
SHP007280,M001,ORD009071,Xpressbees,delivered,1,no,172.88,2,560035,Sarjapur Road,Bangalore
SHP007281,M001,ORD006313,Ecom Express,delivered,1,no,141.72,1,560066,Whitefield,Bangalore
SHP007282,M001,ORD007630,Delhivery,delivered,1,no,126.28,1,560048,Mahadevapura,Bangalore
SHP007283,M001,ORD008027,Xpressbees,delivered,3,no,86.54,2,560102,HSR Layout,Bangalore
SHP007284,M001,ORD007356,BlueDart,in_transit,2,no,52.65,4,560038,Indiranagar,Bangalore
SHP007285,M001,ORD009932,Xpressbees,delivered,3,no,120.12,3,560017,Old Airport Road,Bangalore
SHP007286,M001,ORD007541,BlueDart,delivered,2,no,105.82,3,560060,Kengeri,Bangalore
SHP007287,M001,ORD006751,BlueDart,delivered,2,no,132.85,5,560036,KR Puram,Bangalore
SHP007288,M001,ORD005140,Shiprocket,delivered,1,no,98.85,1,560017,Old Airport Road,Bangalore
SHP007289,M001,ORD007578,BlueDart,failed_delivery,1,no,111.08,9,560008,Ulsoor,Bangalore
SHP007290,M001,ORD008617,BlueDart,delivered,2,no,116.43,5,560048,Mahadevapura,Bangalore
SHP007291,M001,ORD009195,BlueDart,delivered,1,no,134.02,2,560071,Domlur,Bangalore
SHP007292,M001,ORD007585,BlueDart,delivered,1,no,122.05,3,560004,Basavanagudi,Bangalore
SHP007293,M001,ORD006079,Ecom Express,delivered,1,no,162.44,4,560058,Peenya,Bangalore
SHP007294,M001,ORD009193,Shiprocket,delivered,1,no,144.26,1,560037,Brookefield,Bangalore
SHP007295,M001,ORD006427,Shiprocket,rto,2,yes,61.09,5,560038,Indiranagar,Bangalore
SHP007296,M001,ORD005235,Delhivery,delivered,1,no,114.54,1,560037,Marathahalli,Bangalore
SHP007297,M001,ORD008978,BlueDart,delivered,1,no,58.61,5,560034,Koramangala,Bangalore
SHP007298,M001,ORD007584,Shiprocket,failed_delivery,3,no,88.61,6,560038,Indiranagar,Bangalore
SHP007299,M001,ORD009996,Shiprocket,delivered,1,no,82.92,5,560034,Koramangala,Bangalore
SHP007300,M001,ORD008308,Ecom Express,delivered,1,no,130.68,5,560066,Whitefield,Bangalore
SHP007301,M001,ORD005756,Xpressbees,in_transit,2,no,73.84,4,560038,Indiranagar,Bangalore
SHP007302,M001,ORD007916,Xpressbees,in_transit,1,no,114.16,1,560038,Indiranagar,Bangalore
SHP007303,M001,ORD009124,Xpressbees,delivered,1,no,188.94,2,560035,Sarjapur Road,Bangalore
SHP007304,M001,ORD005351,Delhivery,in_transit,1,no,90.9,2,560004,Basavanagudi,Bangalore
SHP007305,M001,ORD005205,Xpressbees,delivered,1,no,185.14,3,560100,Electronic City,Bangalore
SHP007306,M001,ORD007920,Ecom Express,delivered,1,no,73.69,1,560038,Indiranagar,Bangalore
SHP007307,M001,ORD007130,Delhivery,delivered,1,no,144.81,5,560035,Sarjapur Road,Bangalore
SHP007308,M001,ORD005064,BlueDart,in_transit,1,no,140.04,4,560076,Bannerghatta Road,Bangalore
SHP007309,M001,ORD005364,Ecom Express,delivered,1,no,80.87,5,560064,Jakkur,Bangalore
SHP007310,M001,ORD007664,Xpressbees,delivered,1,no,50.36,1,560066,Whitefield,Bangalore
SHP007311,M001,ORD005202,Xpressbees,delivered,1,no,131.56,4,560008,Ulsoor,Bangalore
SHP007312,M001,ORD006687,Shiprocket,rto,1,yes,129.92,7,560098,RR Nagar,Bangalore
SHP007313,M001,ORD005278,Ecom Express,delivered,1,no,54.96,4,560034,Koramangala,Bangalore
SHP007314,M001,ORD007047,Ecom Express,delivered,1,no,85.3,3,560037,Marathahalli,Bangalore
SHP007315,M001,ORD009587,Xpressbees,delivered,1,no,60.88,2,560036,KR Puram,Bangalore
SHP007316,M001,ORD006052,Xpressbees,delivered,1,no,125.47,5,560076,Bannerghatta Road,Bangalore
SHP007317,M001,ORD007672,BlueDart,delivered,1,no,78.16,2,560085,Banashankari,Bangalore
SHP007318,M001,ORD007086,BlueDart,delivered,3,no,117.14,5,560100,Electronic City,Bangalore
SHP007319,M001,ORD007677,Delhivery,in_transit,1,no,84.75,4,560008,Ulsoor,Bangalore
SHP007320,M001,ORD007396,Ecom Express,delivered,1,no,103.61,4,560103,Bellandur,Bangalore
SHP007321,M001,ORD005591,Ecom Express,in_transit,1,no,125.33,4,560102,HSR Layout,Bangalore
SHP007322,M001,ORD008861,Delhivery,delivered,2,no,88.75,5,560037,Marathahalli,Bangalore
SHP007323,M001,ORD008571,Delhivery,delivered,1,no,90.49,5,560098,RR Nagar,Bangalore
SHP007324,M001,ORD009885,Xpressbees,delivered,1,no,107.66,3,560100,Electronic City,Bangalore
SHP007325,M001,ORD008764,Ecom Express,rto,3,yes,186.19,4,560058,Peenya,Bangalore
SHP007326,M001,ORD005593,Xpressbees,delivered,2,no,81.16,1,560037,Brookefield,Bangalore
SHP007327,M001,ORD009883,Ecom Express,in_transit,1,no,108.65,3,560071,Domlur,Bangalore
SHP007328,M001,ORD008129,Xpressbees,failed_delivery,3,no,133.35,4,560008,Ulsoor,Bangalore
SHP007329,M001,ORD009534,Shiprocket,delivered,1,no,87.45,4,560038,Indiranagar,Bangalore
SHP007330,M001,ORD006667,BlueDart,delivered,1,no,73.79,2,560066,Whitefield,Bangalore
SHP007331,M001,ORD005766,BlueDart,delivered,1,no,114.68,3,560034,Koramangala,Bangalore
SHP007332,M001,ORD009347,Delhivery,delivered,1,no,138.66,4,560103,Bellandur,Bangalore
SHP007333,M001,ORD006812,Shiprocket,rto,2,yes,121.78,4,560017,Old Airport Road,Bangalore
SHP007334,M001,ORD007131,Xpressbees,in_transit,1,no,89.4,3,560036,KR Puram,Bangalore
SHP007335,M001,ORD006199,Shiprocket,delivered,1,no,136.65,1,560102,HSR Layout,Bangalore
SHP007336,M001,ORD007077,Shiprocket,in_transit,1,no,141.84,2,560036,KR Puram,Bangalore
SHP007337,M001,ORD005701,BlueDart,delivered,2,no,138.01,5,560017,Old Airport Road,Bangalore
SHP007338,M001,ORD007035,Xpressbees,delivered,1,no,100.58,2,560066,Whitefield,Bangalore
SHP007339,M001,ORD006370,Shiprocket,delivered,1,no,71.43,1,560085,Banashankari,Bangalore
SHP007340,M001,ORD008610,Ecom Express,in_transit,1,no,136.57,3,560036,KR Puram,Bangalore
SHP007341,M001,ORD007782,Delhivery,delivered,2,no,96.08,2,560066,Whitefield,Bangalore
SHP007342,M001,ORD007724,Ecom Express,delivered,1,no,101.62,2,560037,Marathahalli,Bangalore
SHP007343,M001,ORD008433,Delhivery,rto,2,yes,50.98,8,560085,Banashankari,Bangalore
SHP007344,M001,ORD006510,Xpressbees,delivered,2,no,58.92,1,560066,Whitefield,Bangalore
SHP007345,M001,ORD009670,BlueDart,delivered,2,no,59.87,5,560048,Mahadevapura,Bangalore
SHP007346,M001,ORD005420,BlueDart,in_transit,1,no,144.18,4,560037,Marathahalli,Bangalore
SHP007347,M001,ORD009010,Delhivery,delivered,1,no,165.36,2,560060,Kengeri,Bangalore
SHP007348,M001,ORD008087,Ecom Express,in_transit,1,no,107.34,3,560017,Old Airport Road,Bangalore
SHP007349,M001,ORD006445,Shiprocket,delivered,1,no,66.99,2,560066,Whitefield,Bangalore
SHP007350,M001,ORD009040,BlueDart,delivered,1,no,96.15,5,560003,Malleshwaram,Bangalore
SHP007351,M001,ORD008607,Xpressbees,delivered,3,no,45.99,3,560008,Ulsoor,Bangalore
SHP007352,M001,ORD005305,Shiprocket,delivered,1,no,114.61,4,560035,Sarjapur Road,Bangalore
SHP007353,M001,ORD006502,Delhivery,delivered,1,no,56.92,1,560048,Mahadevapura,Bangalore
SHP007354,M001,ORD005960,Ecom Express,delivered,1,no,57.54,2,560034,Koramangala,Bangalore
SHP007355,M001,ORD008897,BlueDart,delivered,1,no,101.54,2,560038,Indiranagar,Bangalore
SHP007356,M001,ORD008047,Xpressbees,delivered,2,no,115.03,2,560041,Jayanagar,Bangalore
SHP007357,M001,ORD009013,Xpressbees,delivered,2,no,135.39,3,560034,Koramangala,Bangalore
SHP007358,M001,ORD008796,BlueDart,delivered,2,no,125.22,2,560037,Marathahalli,Bangalore
SHP007359,M001,ORD009517,Ecom Express,failed_delivery,3,no,50.1,6,560024,Hebbal,Bangalore
SHP007360,M001,ORD006493,Delhivery,delivered,1,no,134.77,5,560037,Brookefield,Bangalore
SHP007361,M001,ORD006988,Delhivery,delivered,1,no,81.87,3,560037,Marathahalli,Bangalore
SHP007362,M001,ORD007987,Shiprocket,delivered,1,no,94.95,4,560034,Koramangala,Bangalore
SHP007363,M001,ORD009571,Shiprocket,delivered,1,no,126.76,4,560037,Marathahalli,Bangalore
SHP007364,M001,ORD006825,Ecom Express,delivered,2,no,79.66,3,560017,Old Airport Road,Bangalore
SHP007365,M001,ORD006034,Xpressbees,delivered,1,no,123.18,2,560037,Marathahalli,Bangalore
SHP007366,M001,ORD005754,Shiprocket,delivered,3,no,61.53,5,560008,Ulsoor,Bangalore
SHP007367,M001,ORD009675,BlueDart,rto,1,yes,101.46,5,560037,Brookefield,Bangalore
SHP007368,M001,ORD006833,BlueDart,delivered,1,no,119.52,5,560102,HSR Layout,Bangalore
SHP007369,M001,ORD009392,Shiprocket,delivered,1,no,151.0,2,560100,Electronic City,Bangalore
SHP007370,M001,ORD005877,Delhivery,delivered,1,no,85.71,5,560037,Marathahalli,Bangalore
SHP007371,M001,ORD007942,Ecom Express,delivered,1,no,122.24,3,560036,KR Puram,Bangalore
SHP007372,M001,ORD008669,Shiprocket,delivered,1,no,102.77,5,560066,Whitefield,Bangalore
SHP007373,M001,ORD007119,Xpressbees,failed_delivery,3,no,142.51,5,560078,JP Nagar,Bangalore
SHP007374,M001,ORD008081,Ecom Express,delivered,1,no,135.17,1,560085,Banashankari,Bangalore
SHP007375,M001,ORD008858,Delhivery,rto,1,yes,149.42,3,560037,Brookefield,Bangalore
SHP007376,M001,ORD009974,Xpressbees,in_transit,1,no,145.8,1,560071,Domlur,Bangalore
SHP007377,M001,ORD008685,BlueDart,delivered,1,no,48.71,1,560103,Bellandur,Bangalore
SHP007378,M001,ORD006171,Xpressbees,delivered,1,no,109.01,4,560103,Bellandur,Bangalore
SHP007379,M001,ORD009329,Xpressbees,delivered,1,no,102.96,4,560103,Bellandur,Bangalore
SHP007380,M001,ORD009384,Shiprocket,failed_delivery,2,no,93.97,9,560102,HSR Layout,Bangalore
SHP007381,M001,ORD008283,Ecom Express,delivered,1,no,50.57,3,560037,Marathahalli,Bangalore
SHP007382,M001,ORD007114,Shiprocket,rto,3,yes,54.68,4,560036,KR Puram,Bangalore
SHP007383,M001,ORD008372,Ecom Express,in_transit,2,no,94.3,2,560071,Domlur,Bangalore
SHP007384,M001,ORD006499,Shiprocket,rto,1,yes,102.55,6,560038,Indiranagar,Bangalore
SHP007385,M001,ORD009745,Shiprocket,delivered,1,no,88.87,4,560103,Bellandur,Bangalore
SHP007386,M001,ORD007092,Ecom Express,failed_delivery,2,no,65.33,8,560037,Brookefield,Bangalore
SHP007387,M001,ORD005689,Delhivery,delivered,2,no,166.02,1,560100,Electronic City,Bangalore
SHP007388,M001,ORD005237,Delhivery,rto,2,yes,122.79,8,560066,Whitefield,Bangalore
SHP007389,M001,ORD005613,BlueDart,failed_delivery,2,no,79.34,8,560001,MG Road,Bangalore
SHP007390,M001,ORD009867,Delhivery,delivered,1,no,103.82,1,560037,Marathahalli,Bangalore
SHP007391,M001,ORD008948,Ecom Express,delivered,2,no,45.27,5,560001,MG Road,Bangalore
SHP007392,M001,ORD007326,Delhivery,in_transit,2,no,128.39,4,560058,Peenya,Bangalore
SHP007393,M001,ORD009558,Xpressbees,failed_delivery,1,no,54.52,7,560102,HSR Layout,Bangalore
SHP007394,M001,ORD006602,Xpressbees,rto,1,yes,116.26,6,560037,Marathahalli,Bangalore
SHP007395,M001,ORD005697,Ecom Express,delivered,2,no,63.6,1,560038,Indiranagar,Bangalore
SHP007396,M001,ORD009936,Ecom Express,in_transit,1,no,142.86,2,560102,HSR Layout,Bangalore
SHP007397,M001,ORD008743,Xpressbees,delivered,1,no,146.44,1,560066,Whitefield,Bangalore
SHP007398,M001,ORD005620,Shiprocket,delivered,1,no,97.77,4,560085,Banashankari,Bangalore
SHP007399,M001,ORD007345,Ecom Express,delivered,3,no,152.93,2,560100,Electronic City,Bangalore
SHP007400,M001,ORD009146,BlueDart,failed_delivery,1,no,125.93,8,560098,RR Nagar,Bangalore
SHP007401,M001,ORD005361,Xpressbees,delivered,1,no,66.7,4,560102,HSR Layout,Bangalore
SHP007402,M001,ORD006912,Shiprocket,failed_delivery,2,no,147.47,3,560103,Bellandur,Bangalore
SHP007403,M001,ORD005995,Shiprocket,in_transit,1,no,68.45,2,560010,Rajajinagar,Bangalore
SHP007404,M001,ORD006911,Xpressbees,failed_delivery,2,no,132.33,8,560036,KR Puram,Bangalore
SHP007405,M001,ORD008966,BlueDart,delivered,1,no,125.38,3,560038,Indiranagar,Bangalore
SHP007406,M001,ORD007471,Delhivery,delivered,1,no,122.41,3,560001,MG Road,Bangalore
SHP007407,M001,ORD007031,Ecom Express,delivered,1,no,111.42,4,560103,Bellandur,Bangalore
SHP007408,M001,ORD009164,Xpressbees,delivered,1,no,127.98,2,560003,Malleshwaram,Bangalore
SHP007409,M001,ORD009515,Shiprocket,delivered,1,no,143.8,3,560100,Electronic City,Bangalore
SHP007410,M001,ORD008249,Shiprocket,delivered,2,no,123.03,2,560100,Electronic City,Bangalore
SHP007411,M001,ORD006628,BlueDart,in_transit,1,no,87.73,4,560038,Indiranagar,Bangalore
SHP007412,M001,ORD009900,Ecom Express,delivered,1,no,71.69,1,560103,Bellandur,Bangalore
SHP007413,M001,ORD009334,Delhivery,delivered,2,no,69.19,1,560038,Indiranagar,Bangalore
SHP007414,M001,ORD006705,Delhivery,delivered,1,no,113.52,3,560035,Sarjapur Road,Bangalore
SHP007415,M001,ORD007768,Delhivery,delivered,1,no,45.71,3,560066,Whitefield,Bangalore
SHP007416,M001,ORD006971,Ecom Express,rto,1,yes,193.96,6,560100,Electronic City,Bangalore
SHP007417,M001,ORD007344,Delhivery,delivered,1,no,133.78,2,560078,JP Nagar,Bangalore
SHP007418,M001,ORD009562,Delhivery,delivered,1,no,118.52,4,560037,Marathahalli,Bangalore
SHP007419,M001,ORD007243,Shiprocket,rto,3,yes,54.49,8,560103,Bellandur,Bangalore
SHP007420,M001,ORD008197,Xpressbees,delivered,1,no,141.28,3,560066,Whitefield,Bangalore
SHP007421,M001,ORD005852,Ecom Express,in_transit,2,no,126.59,1,560017,Old Airport Road,Bangalore
SHP007422,M001,ORD006334,Ecom Express,delivered,2,no,111.83,1,560048,Mahadevapura,Bangalore
SHP007423,M001,ORD006028,BlueDart,delivered,1,no,61.78,2,560103,Bellandur,Bangalore
SHP007424,M001,ORD005865,Ecom Express,delivered,1,no,124.11,1,560037,Brookefield,Bangalore
SHP007425,M001,ORD006226,Delhivery,delivered,1,no,75.23,4,560036,KR Puram,Bangalore
SHP007426,M001,ORD005553,Ecom Express,failed_delivery,3,no,108.57,9,560035,Sarjapur Road,Bangalore
SHP007427,M001,ORD007210,Shiprocket,delivered,1,no,80.15,1,560037,Marathahalli,Bangalore
SHP007428,M001,ORD009976,Shiprocket,delivered,1,no,143.82,4,560048,Mahadevapura,Bangalore
SHP007429,M001,ORD005343,Ecom Express,failed_delivery,2,no,82.57,6,560024,Hebbal,Bangalore
SHP007430,M001,ORD006087,Shiprocket,delivered,1,no,84.78,2,560034,Koramangala,Bangalore
SHP007431,M001,ORD005450,Delhivery,delivered,2,no,142.31,3,560103,Bellandur,Bangalore
SHP007432,M001,ORD007200,Xpressbees,in_transit,1,no,98.35,4,560037,Brookefield,Bangalore
SHP007433,M001,ORD009446,Ecom Express,delivered,1,no,176.92,4,560035,Sarjapur Road,Bangalore
SHP007434,M001,ORD007731,BlueDart,delivered,1,no,54.32,4,560004,Basavanagudi,Bangalore
SHP007435,M001,ORD007410,BlueDart,delivered,1,no,142.92,4,560037,Marathahalli,Bangalore
SHP007436,M001,ORD009382,Delhivery,delivered,2,no,120.78,3,560004,Basavanagudi,Bangalore
SHP007437,M001,ORD008532,Xpressbees,in_transit,1,no,93.36,3,560008,Ulsoor,Bangalore
SHP007438,M001,ORD009893,Ecom Express,in_transit,2,no,176.89,3,560035,Sarjapur Road,Bangalore
SHP007439,M001,ORD005922,Shiprocket,delivered,1,no,157.4,1,560060,Kengeri,Bangalore
SHP007440,M001,ORD006555,Shiprocket,delivered,1,no,121.6,1,560102,HSR Layout,Bangalore
SHP007441,M001,ORD007196,Ecom Express,delivered,1,no,95.15,1,560041,Jayanagar,Bangalore
SHP007442,M001,ORD005796,Ecom Express,delivered,2,no,72.81,4,560008,Ulsoor,Bangalore
SHP007443,M001,ORD006162,BlueDart,delivered,1,no,46.13,4,560037,Marathahalli,Bangalore
SHP007444,M001,ORD005385,BlueDart,failed_delivery,2,no,201.84,3,560100,Electronic City,Bangalore
SHP007445,M001,ORD007809,Delhivery,delivered,3,no,64.07,4,560071,Domlur,Bangalore
SHP007446,M001,ORD006102,BlueDart,rto,2,yes,148.59,5,560037,Marathahalli,Bangalore
SHP007447,M001,ORD005565,Shiprocket,delivered,1,no,60.67,4,560037,Brookefield,Bangalore
SHP007448,M001,ORD007944,Ecom Express,delivered,3,no,116.92,4,560035,Sarjapur Road,Bangalore
SHP007449,M001,ORD005572,Xpressbees,delivered,1,no,145.96,5,560041,Jayanagar,Bangalore
SHP007450,M001,ORD005514,Delhivery,delivered,1,no,156.43,3,560064,Yelahanka,Bangalore
SHP007451,M001,ORD008229,BlueDart,delivered,1,no,63.49,2,560038,Indiranagar,Bangalore
SHP007452,M001,ORD008761,Xpressbees,delivered,1,no,109.32,5,560066,Whitefield,Bangalore
SHP007453,M001,ORD007122,Xpressbees,delivered,1,no,154.45,5,560035,Sarjapur Road,Bangalore
SHP007454,M001,ORD006945,Xpressbees,failed_delivery,2,no,130.81,9,560041,Jayanagar,Bangalore
SHP007455,M001,ORD009027,Ecom Express,failed_delivery,3,no,141.57,5,560100,Electronic City,Bangalore
SHP007456,M001,ORD008459,Shiprocket,delivered,2,no,50.12,4,560037,Brookefield,Bangalore
SHP007457,M001,ORD006908,Ecom Express,delivered,2,no,141.15,2,560103,Bellandur,Bangalore
SHP007458,M001,ORD007842,BlueDart,delivered,1,no,138.12,4,560076,BTM Layout,Bangalore
SHP007459,M001,ORD009341,Xpressbees,in_transit,1,no,138.46,2,560076,Bannerghatta Road,Bangalore
SHP007460,M001,ORD007576,Ecom Express,delivered,2,no,81.69,4,560085,Banashankari,Bangalore
SHP007461,M001,ORD009170,Xpressbees,delivered,1,no,95.61,1,560038,Indiranagar,Bangalore
SHP007462,M001,ORD007862,Ecom Express,delivered,2,no,147.58,4,560036,KR Puram,Bangalore
SHP007463,M001,ORD008911,Delhivery,delivered,2,no,119.45,4,560037,Brookefield,Bangalore
SHP007464,M001,ORD005972,Xpressbees,delivered,2,no,134.54,5,560037,Marathahalli,Bangalore
SHP007465,M001,ORD005718,Ecom Express,failed_delivery,2,no,122.55,9,560102,HSR Layout,Bangalore
SHP007466,M001,ORD005477,Shiprocket,delivered,1,no,129.71,5,560066,Whitefield,Bangalore
SHP007467,M001,ORD006293,Shiprocket,delivered,1,no,91.33,2,560008,Ulsoor,Bangalore
SHP007468,M001,ORD009356,Delhivery,delivered,1,no,71.15,4,560034,Koramangala,Bangalore
SHP007469,M001,ORD009105,Shiprocket,delivered,1,no,52.34,1,560103,Bellandur,Bangalore
SHP007470,M001,ORD009876,Delhivery,delivered,1,no,173.86,3,560100,Electronic City,Bangalore
SHP007471,M001,ORD005631,Delhivery,delivered,1,no,70.54,3,560017,Old Airport Road,Bangalore
SHP007472,M001,ORD008401,Delhivery,rto,1,yes,117.92,6,560103,Bellandur,Bangalore
SHP007473,M001,ORD007361,Shiprocket,rto,3,yes,137.39,8,560008,Ulsoor,Bangalore
SHP007474,M001,ORD008990,BlueDart,rto,1,yes,134.0,6,560034,Koramangala,Bangalore
SHP007475,M001,ORD008519,Shiprocket,delivered,1,no,73.35,3,560040,Vijayanagar,Bangalore
SHP007476,M001,ORD005200,Xpressbees,delivered,1,no,90.59,3,560066,Whitefield,Bangalore
SHP007477,M001,ORD006906,Xpressbees,delivered,1,no,80.95,4,560010,Rajajinagar,Bangalore
SHP007478,M001,ORD009034,Xpressbees,delivered,2,no,143.12,3,560103,Bellandur,Bangalore
SHP007479,M001,ORD005067,Shiprocket,delivered,1,no,92.97,3,560037,Marathahalli,Bangalore
SHP007480,M001,ORD008710,Xpressbees,delivered,1,no,55.19,5,560071,Domlur,Bangalore
SHP007481,M001,ORD006759,BlueDart,delivered,3,no,136.09,5,560103,Bellandur,Bangalore
SHP007482,M001,ORD007126,Delhivery,in_transit,1,no,77.84,4,560001,MG Road,Bangalore
SHP007483,M001,ORD008912,Xpressbees,delivered,1,no,73.3,5,560040,Vijayanagar,Bangalore
SHP007484,M001,ORD006582,BlueDart,in_transit,1,no,145.37,3,560036,KR Puram,Bangalore
SHP007485,M001,ORD005952,Delhivery,delivered,1,no,117.6,1,560071,Domlur,Bangalore
SHP007486,M001,ORD009219,Shiprocket,delivered,1,no,101.96,3,560034,Koramangala,Bangalore
SHP007487,M001,ORD009500,BlueDart,delivered,1,no,101.27,5,560102,HSR Layout,Bangalore
SHP007488,M001,ORD008286,Ecom Express,rto,3,yes,97.6,3,560024,Hebbal,Bangalore
SHP007489,M001,ORD008780,BlueDart,delivered,1,no,98.1,5,560100,Electronic City,Bangalore
SHP007490,M001,ORD007613,Ecom Express,delivered,1,no,178.77,5,560060,Kengeri,Bangalore
SHP007491,M001,ORD006068,Ecom Express,delivered,1,no,114.14,3,560066,Whitefield,Bangalore
SHP007492,M001,ORD009981,Shiprocket,in_transit,1,no,69.66,1,560102,HSR Layout,Bangalore
SHP007493,M001,ORD005047,Ecom Express,delivered,1,no,179.95,1,560058,Peenya,Bangalore
SHP007494,M001,ORD009218,Delhivery,in_transit,1,no,89.98,4,560102,HSR Layout,Bangalore
SHP007495,M001,ORD009367,Xpressbees,rto,2,yes,124.39,7,560034,Koramangala,Bangalore
SHP007496,M001,ORD008014,Delhivery,delivered,3,no,136.43,2,560008,Ulsoor,Bangalore
SHP007497,M001,ORD006627,Ecom Express,in_transit,1,no,67.31,1,560024,Hebbal,Bangalore
SHP007498,M001,ORD008557,Shiprocket,in_transit,1,no,149.8,4,560017,Old Airport Road,Bangalore
SHP007499,M001,ORD007171,Ecom Express,in_transit,2,no,137.66,1,560100,Electronic City,Bangalore
SHP007500,M001,ORD005006,Delhivery,delivered,3,no,74.61,4,560024,Hebbal,Bangalore
SHP007501,M001,ORD009970,Shiprocket,delivered,1,no,48.87,1,560034,Koramangala,Bangalore
SHP007502,M001,ORD006253,BlueDart,in_transit,1,no,113.49,4,560066,Whitefield,Bangalore
SHP007503,M001,ORD008311,Delhivery,in_transit,1,no,99.98,4,560004,Basavanagudi,Bangalore
SHP007504,M001,ORD006568,Delhivery,delivered,1,no,142.42,5,560017,Old Airport Road,Bangalore
SHP007505,M001,ORD008793,Delhivery,delivered,2,no,105.66,4,560071,Domlur,Bangalore
SHP007506,M001,ORD005693,Shiprocket,delivered,1,no,92.04,4,560060,Kengeri,Bangalore
SHP007507,M001,ORD008078,Delhivery,rto,1,yes,182.3,4,560035,Sarjapur Road,Bangalore
SHP007508,M001,ORD007825,BlueDart,delivered,2,no,125.2,2,560024,Hebbal,Bangalore
SHP007509,M001,ORD005998,BlueDart,delivered,1,no,108.61,4,560034,Koramangala,Bangalore
SHP007510,M001,ORD006174,Shiprocket,delivered,2,no,56.98,1,560040,Vijayanagar,Bangalore
SHP007511,M001,ORD005835,Xpressbees,in_transit,1,no,156.1,3,560060,Kengeri,Bangalore
SHP007512,M001,ORD005605,Delhivery,delivered,3,no,81.63,2,560066,Whitefield,Bangalore
SHP007513,M001,ORD007421,Ecom Express,rto,3,yes,85.82,4,560066,Whitefield,Bangalore
SHP007514,M001,ORD006712,Shiprocket,delivered,2,no,174.19,3,560100,Electronic City,Bangalore
SHP007515,M001,ORD005369,Xpressbees,rto,1,yes,85.68,5,560066,Whitefield,Bangalore
SHP007516,M001,ORD007204,Delhivery,delivered,2,no,147.95,4,560036,KR Puram,Bangalore
SHP007517,M001,ORD008542,BlueDart,rto,1,yes,72.67,6,560102,HSR Layout,Bangalore
SHP007518,M001,ORD005299,Xpressbees,delivered,1,no,80.79,4,560038,Indiranagar,Bangalore
SHP007519,M001,ORD009626,BlueDart,in_transit,1,no,131.6,4,560060,Kengeri,Bangalore
SHP007520,M001,ORD007964,Delhivery,delivered,2,no,111.29,1,560102,HSR Layout,Bangalore
SHP007521,M001,ORD009985,Ecom Express,in_transit,2,no,62.54,4,560041,Jayanagar,Bangalore
SHP007522,M001,ORD005269,Shiprocket,delivered,2,no,139.78,4,560037,Marathahalli,Bangalore
SHP007523,M001,ORD006575,Shiprocket,delivered,1,no,47.18,1,560103,Bellandur,Bangalore
SHP007524,M001,ORD008419,BlueDart,delivered,2,no,103.9,3,560001,MG Road,Bangalore
SHP007525,M001,ORD008741,BlueDart,in_transit,1,no,91.89,4,560066,Whitefield,Bangalore
SHP007526,M001,ORD005174,BlueDart,delivered,1,no,59.4,4,560048,Mahadevapura,Bangalore
SHP007527,M001,ORD007461,Ecom Express,delivered,1,no,142.1,3,560037,Marathahalli,Bangalore
SHP007528,M001,ORD009929,Shiprocket,delivered,2,no,95.93,5,560001,MG Road,Bangalore
SHP007529,M001,ORD009358,BlueDart,failed_delivery,3,no,46.58,3,560076,Bannerghatta Road,Bangalore
SHP007530,M001,ORD005511,BlueDart,in_transit,3,no,45.49,2,560017,Old Airport Road,Bangalore
SHP007531,M001,ORD009380,Xpressbees,delivered,1,no,56.3,4,560040,Vijayanagar,Bangalore
SHP007532,M001,ORD007951,Ecom Express,delivered,2,no,45.59,3,560034,Koramangala,Bangalore
SHP007533,M001,ORD005430,Delhivery,delivered,1,no,81.56,3,560103,Bellandur,Bangalore
SHP007534,M001,ORD008233,Ecom Express,delivered,1,no,146.59,1,560066,Whitefield,Bangalore
SHP007535,M001,ORD007777,Ecom Express,delivered,1,no,192.3,5,560058,Peenya,Bangalore
SHP007536,M001,ORD005615,Shiprocket,failed_delivery,3,no,108.49,6,560071,Domlur,Bangalore
SHP007537,M001,ORD006381,BlueDart,delivered,1,no,76.78,5,560048,Mahadevapura,Bangalore
SHP007538,M001,ORD005028,Shiprocket,delivered,1,no,132.19,1,560100,Electronic City,Bangalore
SHP007539,M001,ORD005837,Ecom Express,rto,2,yes,61.67,7,560003,Malleshwaram,Bangalore
SHP007540,M001,ORD008166,Ecom Express,delivered,1,no,66.16,4,560102,HSR Layout,Bangalore
SHP007541,M001,ORD006217,Shiprocket,delivered,2,no,114.87,1,560037,Brookefield,Bangalore
SHP007542,M001,ORD007486,Ecom Express,delivered,1,no,130.9,3,560017,Old Airport Road,Bangalore
SHP007543,M001,ORD009869,BlueDart,in_transit,1,no,142.49,1,560038,Indiranagar,Bangalore
SHP007544,M001,ORD008356,BlueDart,delivered,1,no,197.03,3,560100,Electronic City,Bangalore
SHP007545,M001,ORD005534,Shiprocket,in_transit,1,no,60.88,3,560103,Bellandur,Bangalore
SHP007546,M001,ORD008333,Shiprocket,delivered,1,no,84.08,1,560037,Marathahalli,Bangalore
SHP007547,M001,ORD005462,Ecom Express,rto,1,yes,107.96,3,560071,Domlur,Bangalore
SHP007548,M001,ORD009548,Delhivery,failed_delivery,2,no,176.86,9,560100,Electronic City,Bangalore
SHP007549,M001,ORD008748,Delhivery,delivered,1,no,62.82,3,560008,Ulsoor,Bangalore
SHP007550,M001,ORD005967,Ecom Express,rto,2,yes,113.4,4,560037,Marathahalli,Bangalore
SHP007551,M001,ORD006590,Delhivery,delivered,1,no,80.19,1,560008,Ulsoor,Bangalore
SHP007552,M001,ORD007757,Ecom Express,delivered,1,no,114.36,3,560071,Domlur,Bangalore
SHP007553,M001,ORD009432,Delhivery,rto,1,yes,62.07,7,560034,Koramangala,Bangalore
SHP007554,M001,ORD006152,BlueDart,delivered,1,no,199.32,3,560100,Electronic City,Bangalore
SHP007555,M001,ORD008404,Ecom Express,delivered,1,no,130.39,5,560017,Old Airport Road,Bangalore
SHP007556,M001,ORD007368,Shiprocket,rto,2,yes,74.98,4,560071,Domlur,Bangalore
SHP007557,M001,ORD006410,Shiprocket,delivered,2,no,91.33,5,560064,Jakkur,Bangalore
SHP007558,M001,ORD005753,BlueDart,delivered,1,no,100.82,4,560034,Koramangala,Bangalore
SHP007559,M001,ORD005184,BlueDart,delivered,2,no,107.86,4,560034,Koramangala,Bangalore
SHP007560,M001,ORD006037,Delhivery,delivered,3,no,83.41,1,560078,JP Nagar,Bangalore
SHP007561,M001,ORD008346,Xpressbees,failed_delivery,2,no,124.48,5,560038,Indiranagar,Bangalore
SHP007562,M001,ORD005713,Delhivery,delivered,1,no,93.07,4,560038,Indiranagar,Bangalore
SHP007563,M001,ORD005426,BlueDart,failed_delivery,1,no,111.33,8,560010,Rajajinagar,Bangalore
SHP007564,M001,ORD008622,BlueDart,in_transit,1,no,78.31,1,560017,Old Airport Road,Bangalore
SHP007565,M001,ORD005576,BlueDart,delivered,3,no,129.25,3,560100,Electronic City,Bangalore
SHP007566,M001,ORD005461,Xpressbees,delivered,2,no,105.68,2,560036,KR Puram,Bangalore
SHP007567,M001,ORD009634,BlueDart,failed_delivery,3,no,192.8,4,560100,Electronic City,Bangalore
SHP007568,M001,ORD008025,Ecom Express,in_transit,2,no,140.78,4,560103,Bellandur,Bangalore
SHP007569,M001,ORD006284,Xpressbees,delivered,1,no,55.91,4,560037,Marathahalli,Bangalore
SHP007570,M001,ORD008443,Delhivery,rto,2,yes,62.89,6,560003,Malleshwaram,Bangalore
SHP007571,M001,ORD006934,Ecom Express,delivered,1,no,53.73,5,560066,Whitefield,Bangalore
SHP007572,M001,ORD007166,Xpressbees,failed_delivery,2,no,112.85,7,560103,Bellandur,Bangalore
SHP007573,M001,ORD005255,Ecom Express,rto,1,yes,149.17,8,560037,Brookefield,Bangalore
SHP007574,M001,ORD009283,Shiprocket,delivered,2,no,98.24,2,560102,HSR Layout,Bangalore
SHP007575,M001,ORD007767,Delhivery,in_transit,2,no,106.88,3,560037,Marathahalli,Bangalore
SHP007576,M001,ORD006415,Shiprocket,delivered,2,no,106.04,5,560034,Koramangala,Bangalore
SHP007577,M001,ORD008888,Ecom Express,failed_delivery,1,no,152.39,7,560035,Sarjapur Road,Bangalore
SHP007578,M001,ORD005543,Shiprocket,delivered,2,no,55.78,3,560103,Bellandur,Bangalore
SHP007579,M001,ORD007375,Shiprocket,delivered,1,no,147.22,2,560100,Electronic City,Bangalore
SHP007580,M001,ORD007192,BlueDart,in_transit,1,no,102.98,1,560037,Marathahalli,Bangalore
SHP007581,M001,ORD009065,Ecom Express,delivered,1,no,120.23,2,560102,HSR Layout,Bangalore
SHP007582,M001,ORD009570,Xpressbees,delivered,3,no,58.52,5,560066,Whitefield,Bangalore
SHP007583,M001,ORD008851,Xpressbees,delivered,2,no,114.9,2,560041,Jayanagar,Bangalore
SHP007584,M001,ORD006629,Delhivery,delivered,1,no,102.58,1,560071,Domlur,Bangalore
SHP007585,M001,ORD009288,Shiprocket,delivered,1,no,70.57,3,560037,Brookefield,Bangalore
SHP007586,M001,ORD008876,Ecom Express,delivered,2,no,55.37,4,560066,Whitefield,Bangalore
SHP007587,M001,ORD005507,Ecom Express,failed_delivery,2,no,139.98,7,560038,Indiranagar,Bangalore
SHP007588,M001,ORD006330,Xpressbees,delivered,1,no,126.02,3,560060,Kengeri,Bangalore
SHP007589,M001,ORD009767,Xpressbees,delivered,2,no,112.41,2,560064,Jakkur,Bangalore
SHP007590,M001,ORD006441,Delhivery,delivered,1,no,141.38,1,560085,Banashankari,Bangalore
SHP007591,M001,ORD006564,Xpressbees,delivered,2,no,133.13,1,560064,Yelahanka,Bangalore
SHP007592,M001,ORD009202,Ecom Express,delivered,2,no,66.05,5,560034,Koramangala,Bangalore
SHP007593,M001,ORD008295,Shiprocket,delivered,1,no,105.15,3,560038,Indiranagar,Bangalore
SHP007594,M001,ORD008729,BlueDart,delivered,3,no,62.35,1,560071,Domlur,Bangalore
SHP007595,M001,ORD007079,Ecom Express,in_transit,1,no,121.5,3,560037,Marathahalli,Bangalore
SHP007596,M001,ORD005804,Ecom Express,delivered,1,no,78.36,5,560034,Koramangala,Bangalore
SHP007597,M001,ORD006435,Delhivery,delivered,1,no,45.66,3,560017,Old Airport Road,Bangalore
SHP007598,M001,ORD006525,Shiprocket,rto,2,yes,68.43,9,560034,Koramangala,Bangalore
SHP007599,M001,ORD007431,Shiprocket,delivered,1,no,73.6,1,560037,Brookefield,Bangalore
SHP007600,M001,ORD007776,Xpressbees,delivered,1,no,105.35,4,560100,Electronic City,Bangalore
SHP007601,M001,ORD005331,Ecom Express,delivered,1,no,68.2,1,560001,MG Road,Bangalore
SHP007602,M001,ORD007301,Xpressbees,delivered,1,no,101.84,4,560037,Brookefield,Bangalore
SHP007603,M001,ORD005162,Delhivery,delivered,2,no,97.97,3,560100,Electronic City,Bangalore
SHP007604,M001,ORD009429,Xpressbees,rto,3,yes,79.4,3,560038,Indiranagar,Bangalore
SHP007605,M001,ORD006375,Delhivery,rto,3,yes,53.63,3,560037,Marathahalli,Bangalore
SHP007606,M001,ORD008700,Delhivery,delivered,1,no,48.26,4,560040,Vijayanagar,Bangalore
SHP007607,M001,ORD008032,Ecom Express,rto,2,yes,117.15,6,560017,Old Airport Road,Bangalore
SHP007608,M001,ORD005065,Xpressbees,failed_delivery,3,no,45.78,4,560085,Banashankari,Bangalore
SHP007609,M001,ORD007924,BlueDart,delivered,1,no,133.4,3,560102,HSR Layout,Bangalore
SHP007610,M001,ORD008248,BlueDart,delivered,1,no,85.56,1,560098,RR Nagar,Bangalore
SHP007611,M001,ORD006285,Shiprocket,failed_delivery,2,no,94.33,6,560103,Bellandur,Bangalore
SHP007612,M001,ORD005661,Ecom Express,delivered,1,no,60.07,3,560017,Old Airport Road,Bangalore
SHP007613,M001,ORD007659,Ecom Express,delivered,2,no,113.98,1,560100,Electronic City,Bangalore
SHP007614,M001,ORD007970,Shiprocket,delivered,2,no,101.98,4,560048,Mahadevapura,Bangalore
SHP007615,M001,ORD006849,Ecom Express,delivered,2,no,80.37,2,560076,BTM Layout,Bangalore
SHP007616,M001,ORD009031,Shiprocket,delivered,1,no,76.41,5,560037,Marathahalli,Bangalore
SHP007617,M001,ORD008077,Xpressbees,delivered,1,no,59.92,3,560037,Marathahalli,Bangalore
SHP007618,M001,ORD008979,Shiprocket,delivered,1,no,94.9,5,560064,Jakkur,Bangalore
SHP007619,M001,ORD008325,Xpressbees,rto,3,yes,128.91,4,560071,Domlur,Bangalore
SHP007620,M001,ORD009235,Delhivery,delivered,2,no,70.33,1,560048,Mahadevapura,Bangalore
SHP007621,M001,ORD005503,BlueDart,delivered,1,no,68.83,5,560037,Marathahalli,Bangalore
SHP007622,M001,ORD005192,Xpressbees,delivered,1,no,90.1,5,560036,KR Puram,Bangalore
SHP007623,M001,ORD005035,Ecom Express,delivered,2,no,66.88,5,560102,HSR Layout,Bangalore
SHP007624,M001,ORD007580,Delhivery,delivered,1,no,135.96,2,560008,Ulsoor,Bangalore
SHP007625,M001,ORD009884,Ecom Express,failed_delivery,3,no,163.03,9,560100,Electronic City,Bangalore
SHP007626,M001,ORD009280,Ecom Express,delivered,2,no,146.43,3,560037,Marathahalli,Bangalore
SHP007627,M001,ORD007362,Ecom Express,delivered,1,no,53.51,5,560037,Marathahalli,Bangalore
SHP007628,M001,ORD007021,Shiprocket,in_transit,1,no,134.02,4,560017,Old Airport Road,Bangalore
SHP007629,M001,ORD006536,Ecom Express,rto,1,yes,137.25,8,560066,Whitefield,Bangalore
SHP007630,M001,ORD008916,Shiprocket,delivered,1,no,115.81,2,560010,Rajajinagar,Bangalore
SHP007631,M001,ORD007888,Xpressbees,delivered,1,no,137.38,5,560103,Bellandur,Bangalore
SHP007632,M001,ORD007898,Ecom Express,delivered,1,no,113.47,1,560102,HSR Layout,Bangalore
SHP007633,M001,ORD009118,Ecom Express,rto,3,yes,95.55,5,560103,Bellandur,Bangalore
SHP007634,M001,ORD009234,BlueDart,failed_delivery,3,no,51.66,7,560037,Brookefield,Bangalore
SHP007635,M001,ORD007052,BlueDart,delivered,1,no,106.52,5,560071,Domlur,Bangalore
SHP007636,M001,ORD008008,Delhivery,rto,1,yes,143.56,8,560034,Koramangala,Bangalore
SHP007637,M001,ORD005091,Delhivery,failed_delivery,2,no,150.08,6,560035,Sarjapur Road,Bangalore
SHP007638,M001,ORD006859,BlueDart,delivered,3,no,86.33,4,560017,Old Airport Road,Bangalore
SHP007639,M001,ORD007100,Shiprocket,failed_delivery,1,no,124.72,4,560035,Sarjapur Road,Bangalore
SHP007640,M001,ORD005139,Xpressbees,delivered,2,no,107.86,3,560037,Marathahalli,Bangalore
SHP007641,M001,ORD006552,Delhivery,delivered,1,no,142.23,5,560103,Bellandur,Bangalore
SHP007642,M001,ORD008988,Shiprocket,delivered,1,no,100.75,3,560017,Old Airport Road,Bangalore
SHP007643,M001,ORD009888,BlueDart,delivered,1,no,105.34,1,560034,Koramangala,Bangalore
SHP007644,M001,ORD007557,BlueDart,in_transit,2,no,120.66,2,560100,Electronic City,Bangalore
SHP007645,M001,ORD006230,Shiprocket,delivered,2,no,120.86,3,560037,Marathahalli,Bangalore
SHP007646,M001,ORD008662,Delhivery,delivered,1,no,140.76,5,560078,JP Nagar,Bangalore
SHP007647,M001,ORD008427,Ecom Express,delivered,2,no,99.75,1,560037,Marathahalli,Bangalore
SHP007648,M001,ORD005281,Xpressbees,delivered,2,no,122.94,5,560066,Whitefield,Bangalore
SHP007649,M001,ORD005352,BlueDart,in_transit,2,no,148.79,3,560085,Banashankari,Bangalore
SHP007650,M001,ORD005664,Shiprocket,delivered,1,no,55.39,4,560017,Old Airport Road,Bangalore
SHP007651,M001,ORD009509,Xpressbees,delivered,1,no,104.66,4,560071,Domlur,Bangalore
SHP007652,M001,ORD005093,Shiprocket,in_transit,1,no,149.61,1,560076,BTM Layout,Bangalore
SHP007653,M001,ORD008646,BlueDart,in_transit,1,no,123.9,1,560017,Old Airport Road,Bangalore
SHP007654,M001,ORD007332,BlueDart,delivered,1,no,91.58,2,560041,Jayanagar,Bangalore
SHP007655,M001,ORD006182,Delhivery,delivered,1,no,130.56,3,560008,Ulsoor,Bangalore
SHP007656,M001,ORD009242,Xpressbees,failed_delivery,2,no,106.89,4,560103,Bellandur,Bangalore
SHP007657,M001,ORD008305,Shiprocket,in_transit,3,no,114.27,3,560038,Indiranagar,Bangalore
SHP007658,M001,ORD009228,Delhivery,delivered,1,no,150.69,3,560100,Electronic City,Bangalore
SHP007659,M001,ORD009857,Xpressbees,delivered,1,no,72.16,3,560076,BTM Layout,Bangalore
SHP007660,M001,ORD007487,Shiprocket,delivered,1,no,50.31,5,560004,Basavanagudi,Bangalore
SHP007661,M001,ORD005211,Delhivery,delivered,1,no,105.72,1,560038,Indiranagar,Bangalore
SHP007662,M001,ORD009365,Xpressbees,delivered,1,no,69.59,1,560098,RR Nagar,Bangalore
SHP007663,M001,ORD008088,Xpressbees,in_transit,1,no,148.56,3,560038,Indiranagar,Bangalore
SHP007664,M001,ORD005793,BlueDart,in_transit,1,no,112.45,3,560066,Whitefield,Bangalore
SHP007665,M001,ORD006909,Xpressbees,delivered,2,no,172.71,2,560100,Electronic City,Bangalore
SHP007666,M001,ORD008968,Ecom Express,rto,3,yes,185.14,8,560064,Yelahanka,Bangalore
SHP007667,M001,ORD008709,Shiprocket,delivered,1,no,85.67,4,560064,Jakkur,Bangalore
SHP007668,M001,ORD007643,Delhivery,delivered,3,no,195.15,4,560100,Electronic City,Bangalore
SHP007669,M001,ORD005788,Shiprocket,in_transit,2,no,47.22,1,560102,HSR Layout,Bangalore
SHP007670,M001,ORD005161,Xpressbees,delivered,1,no,90.62,5,560034,Koramangala,Bangalore
SHP007671,M001,ORD006867,Delhivery,delivered,2,no,114.95,1,560102,HSR Layout,Bangalore
SHP007672,M001,ORD007657,Xpressbees,delivered,1,no,104.12,3,560071,Domlur,Bangalore
SHP007673,M001,ORD008671,Xpressbees,failed_delivery,1,no,83.65,3,560103,Bellandur,Bangalore
SHP007674,M001,ORD006827,Ecom Express,in_transit,2,no,70.65,1,560038,Indiranagar,Bangalore
SHP007675,M001,ORD007217,Xpressbees,delivered,1,no,66.11,3,560037,Brookefield,Bangalore
SHP007676,M001,ORD005803,Shiprocket,delivered,1,no,138.99,3,560035,Sarjapur Road,Bangalore
SHP007677,M001,ORD005375,Delhivery,in_transit,1,no,60.41,4,560038,Indiranagar,Bangalore
SHP007678,M001,ORD005849,Ecom Express,delivered,1,no,141.11,3,560102,HSR Layout,Bangalore
SHP007679,M001,ORD007546,Delhivery,in_transit,1,no,88.87,4,560034,Koramangala,Bangalore
SHP007680,M001,ORD005431,Delhivery,in_transit,2,no,106.17,3,560100,Electronic City,Bangalore
SHP007681,M001,ORD009075,BlueDart,delivered,1,no,78.6,3,560066,Whitefield,Bangalore
SHP007682,M001,ORD007491,Delhivery,delivered,1,no,128.5,4,560076,BTM Layout,Bangalore
SHP007683,M001,ORD007182,Ecom Express,failed_delivery,1,no,121.28,4,560035,Sarjapur Road,Bangalore
SHP007684,M001,ORD009472,BlueDart,delivered,2,no,112.83,3,560037,Marathahalli,Bangalore
SHP007685,M001,ORD006397,Xpressbees,delivered,2,no,90.4,3,560037,Marathahalli,Bangalore
SHP007686,M001,ORD006580,Delhivery,in_transit,1,no,138.52,4,560017,Old Airport Road,Bangalore
SHP007687,M001,ORD008971,Delhivery,in_transit,1,no,120.96,3,560035,Sarjapur Road,Bangalore
SHP007688,M001,ORD005152,Delhivery,delivered,1,no,181.37,5,560058,Peenya,Bangalore
SHP007689,M001,ORD006550,Ecom Express,delivered,1,no,138.19,1,560102,HSR Layout,Bangalore
SHP007690,M001,ORD005677,Xpressbees,delivered,1,no,86.05,4,560017,Old Airport Road,Bangalore
SHP007691,M001,ORD006609,BlueDart,in_transit,3,no,122.71,1,560017,Old Airport Road,Bangalore
SHP007692,M001,ORD008732,Ecom Express,rto,3,yes,124.7,4,560103,Bellandur,Bangalore
SHP007693,M001,ORD007926,Ecom Express,delivered,2,no,130.24,4,560037,Marathahalli,Bangalore
SHP007694,M001,ORD006374,Shiprocket,delivered,1,no,61.8,1,560036,KR Puram,Bangalore
SHP007695,M001,ORD008331,Xpressbees,delivered,1,no,122.16,2,560102,HSR Layout,Bangalore
SHP007696,M001,ORD006644,Ecom Express,rto,2,yes,59.13,7,560078,JP Nagar,Bangalore
SHP007697,M001,ORD009819,Delhivery,rto,2,yes,110.59,3,560102,HSR Layout,Bangalore
SHP007698,M001,ORD007311,BlueDart,delivered,1,no,65.79,3,560034,Koramangala,Bangalore
SHP007699,M001,ORD005643,BlueDart,delivered,1,no,70.48,2,560038,Indiranagar,Bangalore
SHP007700,M001,ORD005800,Ecom Express,delivered,1,no,78.77,5,560103,Bellandur,Bangalore
SHP007701,M001,ORD008778,BlueDart,delivered,1,no,71.98,1,560048,Mahadevapura,Bangalore
SHP007702,M001,ORD009297,Shiprocket,delivered,1,no,127.35,4,560038,Indiranagar,Bangalore
SHP007703,M001,ORD006697,Xpressbees,failed_delivery,3,no,99.4,9,560064,Yelahanka,Bangalore
SHP007704,M001,ORD008767,BlueDart,delivered,1,no,122.31,5,560017,Old Airport Road,Bangalore
SHP007705,M001,ORD005391,Shiprocket,delivered,1,no,66.73,4,560041,Jayanagar,Bangalore
SHP007706,M001,ORD008786,BlueDart,delivered,1,no,66.07,4,560103,Bellandur,Bangalore
SHP007707,M001,ORD006995,Ecom Express,delivered,2,no,91.29,1,560103,Bellandur,Bangalore
SHP007708,M001,ORD008113,BlueDart,delivered,3,no,69.75,2,560038,Indiranagar,Bangalore
SHP007709,M001,ORD009030,Shiprocket,in_transit,1,no,115.11,4,560037,Marathahalli,Bangalore
SHP007710,M001,ORD008822,BlueDart,delivered,1,no,128.4,2,560036,KR Puram,Bangalore
SHP007711,M001,ORD005942,Delhivery,delivered,2,no,139.15,1,560003,Malleshwaram,Bangalore
SHP007712,M001,ORD007708,BlueDart,delivered,1,no,143.43,3,560100,Electronic City,Bangalore
SHP007713,M001,ORD007792,BlueDart,delivered,1,no,142.81,3,560064,Jakkur,Bangalore
SHP007714,M001,ORD008445,Delhivery,delivered,2,no,134.59,1,560100,Electronic City,Bangalore
SHP007715,M001,ORD008414,Ecom Express,delivered,2,no,197.89,4,560100,Electronic City,Bangalore
SHP007716,M001,ORD007999,Xpressbees,delivered,1,no,95.27,3,560103,Bellandur,Bangalore
SHP007717,M001,ORD006030,Shiprocket,delivered,1,no,70.62,5,560102,HSR Layout,Bangalore
SHP007718,M001,ORD009197,Ecom Express,delivered,1,no,89.98,4,560037,Brookefield,Bangalore
SHP007719,M001,ORD008446,BlueDart,delivered,2,no,135.83,1,560102,HSR Layout,Bangalore
SHP007720,M001,ORD006742,Ecom Express,delivered,1,no,170.19,3,560100,Electronic City,Bangalore
SHP007721,M001,ORD006080,BlueDart,delivered,2,no,143.47,3,560003,Malleshwaram,Bangalore
SHP007722,M001,ORD009662,Shiprocket,rto,3,yes,99.22,9,560036,KR Puram,Bangalore
SHP007723,M001,ORD008223,Ecom Express,failed_delivery,1,no,147.8,8,560071,Domlur,Bangalore
SHP007724,M001,ORD008208,BlueDart,delivered,1,no,49.84,2,560071,Domlur,Bangalore
SHP007725,M001,ORD005491,Xpressbees,in_transit,1,no,202.78,1,560035,Sarjapur Road,Bangalore
SHP007726,M001,ORD005519,Xpressbees,in_transit,1,no,97.17,4,560103,Bellandur,Bangalore
SHP007727,M001,ORD007064,Ecom Express,delivered,1,no,146.74,1,560076,BTM Layout,Bangalore
SHP007728,M001,ORD006003,Xpressbees,delivered,1,no,67.59,3,560048,Mahadevapura,Bangalore
SHP007729,M001,ORD008798,Delhivery,delivered,1,no,130.48,5,560017,Old Airport Road,Bangalore
SHP007730,M001,ORD007967,BlueDart,delivered,1,no,46.12,5,560048,Mahadevapura,Bangalore
SHP007731,M001,ORD009264,BlueDart,in_transit,1,no,130.59,1,560100,Electronic City,Bangalore
SHP007732,M001,ORD008999,BlueDart,delivered,1,no,143.93,2,560034,Koramangala,Bangalore
SHP007733,M001,ORD009078,Ecom Express,rto,3,yes,66.03,4,560048,Mahadevapura,Bangalore
SHP007734,M001,ORD007435,BlueDart,failed_delivery,1,no,45.77,8,560037,Marathahalli,Bangalore
SHP007735,M001,ORD009704,Shiprocket,delivered,1,no,47.09,4,560066,Whitefield,Bangalore
SHP007736,M001,ORD009798,Ecom Express,delivered,1,no,127.31,2,560064,Yelahanka,Bangalore
SHP007737,M001,ORD008126,BlueDart,delivered,1,no,125.69,4,560100,Electronic City,Bangalore
SHP007738,M001,ORD006946,Ecom Express,rto,1,yes,79.7,7,560037,Brookefield,Bangalore
SHP007739,M001,ORD008418,Xpressbees,delivered,1,no,63.66,2,560103,Bellandur,Bangalore
SHP007740,M001,ORD007721,Ecom Express,delivered,1,no,109.87,1,560103,Bellandur,Bangalore
SHP007741,M001,ORD005178,Ecom Express,delivered,1,no,55.71,2,560102,HSR Layout,Bangalore
SHP007742,M001,ORD009073,Ecom Express,failed_delivery,1,no,149.5,6,560071,Domlur,Bangalore
SHP007743,M001,ORD009707,Ecom Express,delivered,1,no,104.64,1,560034,Koramangala,Bangalore
SHP007744,M001,ORD006732,Delhivery,delivered,1,no,63.91,4,560036,KR Puram,Bangalore
SHP007745,M001,ORD009318,Ecom Express,delivered,1,no,99.63,5,560066,Whitefield,Bangalore
SHP007746,M001,ORD005327,Ecom Express,failed_delivery,2,no,130.47,5,560103,Bellandur,Bangalore
SHP007747,M001,ORD005443,Xpressbees,in_transit,1,no,83.15,4,560048,Mahadevapura,Bangalore
SHP007748,M001,ORD006186,Shiprocket,delivered,1,no,95.43,3,560037,Marathahalli,Bangalore
SHP007749,M001,ORD009017,Delhivery,delivered,2,no,111.64,2,560038,Indiranagar,Bangalore
SHP007750,M001,ORD008834,Ecom Express,delivered,1,no,135.6,3,560037,Marathahalli,Bangalore
SHP007751,M001,ORD008052,Ecom Express,rto,2,yes,144.26,6,560103,Bellandur,Bangalore
SHP007752,M001,ORD008441,BlueDart,failed_delivery,2,no,104.57,9,560017,Old Airport Road,Bangalore
SHP007753,M001,ORD009640,BlueDart,delivered,2,no,69.93,3,560038,Indiranagar,Bangalore
SHP007754,M001,ORD006433,Shiprocket,delivered,3,no,107.29,5,560103,Bellandur,Bangalore
SHP007755,M001,ORD007605,BlueDart,delivered,1,no,119.96,3,560037,Marathahalli,Bangalore
SHP007756,M001,ORD006091,Delhivery,delivered,2,no,125.22,5,560037,Brookefield,Bangalore
SHP007757,M001,ORD006767,Xpressbees,delivered,1,no,56.11,3,560040,Vijayanagar,Bangalore
SHP007758,M001,ORD005412,Ecom Express,delivered,1,no,69.57,1,560098,RR Nagar,Bangalore
SHP007759,M001,ORD008856,Shiprocket,delivered,2,no,91.34,5,560001,MG Road,Bangalore
SHP007760,M001,ORD007504,Shiprocket,delivered,1,no,56.78,5,560071,Domlur,Bangalore
SHP007761,M001,ORD006002,BlueDart,in_transit,1,no,89.23,1,560001,MG Road,Bangalore
SHP007762,M001,ORD008817,BlueDart,delivered,1,no,148.58,1,560103,Bellandur,Bangalore
SHP007763,M001,ORD008637,Shiprocket,delivered,1,no,133.78,5,560064,Jakkur,Bangalore
SHP007764,M001,ORD009588,Delhivery,delivered,3,no,95.88,5,560034,Koramangala,Bangalore
SHP007765,M001,ORD009962,Ecom Express,delivered,1,no,139.91,1,560076,Bannerghatta Road,Bangalore
SHP007766,M001,ORD005510,Ecom Express,delivered,1,no,146.63,3,560102,HSR Layout,Bangalore
SHP007767,M001,ORD007993,BlueDart,delivered,2,no,68.85,5,560102,HSR Layout,Bangalore
SHP007768,M001,ORD009326,Ecom Express,delivered,2,no,85.85,2,560103,Bellandur,Bangalore
SHP007769,M001,ORD006547,Delhivery,delivered,2,no,60.57,2,560038,Indiranagar,Bangalore
SHP007770,M001,ORD008156,Xpressbees,delivered,1,no,134.14,4,560103,Bellandur,Bangalore
SHP007771,M001,ORD005636,BlueDart,delivered,1,no,193.09,2,560035,Sarjapur Road,Bangalore
SHP007772,M001,ORD007927,BlueDart,in_transit,2,no,137.0,3,560066,Whitefield,Bangalore
SHP007773,M001,ORD009223,BlueDart,in_transit,2,no,52.57,3,560066,Whitefield,Bangalore
SHP007774,M001,ORD008141,Ecom Express,rto,3,yes,149.4,9,560017,Old Airport Road,Bangalore
SHP007775,M001,ORD006362,Ecom Express,delivered,1,no,47.41,4,560008,Ulsoor,Bangalore
SHP007776,M001,ORD007030,Delhivery,in_transit,1,no,49.06,4,560037,Marathahalli,Bangalore
SHP007777,M001,ORD008003,Delhivery,in_transit,1,no,126.35,4,560041,Jayanagar,Bangalore
SHP007778,M001,ORD009926,Delhivery,delivered,1,no,137.97,3,560103,Bellandur,Bangalore
SHP007779,M001,ORD005824,Xpressbees,in_transit,1,no,148.67,1,560010,Rajajinagar,Bangalore
SHP007780,M001,ORD005266,Ecom Express,delivered,2,no,130.87,2,560066,Whitefield,Bangalore
SHP007781,M001,ORD009916,Shiprocket,delivered,2,no,124.82,4,560008,Ulsoor,Bangalore
SHP007782,M001,ORD006960,Xpressbees,failed_delivery,1,no,131.73,3,560037,Marathahalli,Bangalore
SHP007783,M001,ORD005570,Ecom Express,delivered,1,no,145.01,5,560037,Marathahalli,Bangalore
SHP007784,M001,ORD005669,Shiprocket,delivered,1,no,127.93,2,560034,Koramangala,Bangalore
SHP007785,M001,ORD008937,Shiprocket,delivered,2,no,99.34,2,560037,Marathahalli,Bangalore
SHP007786,M001,ORD005317,BlueDart,delivered,1,no,87.68,3,560038,Indiranagar,Bangalore
SHP007787,M001,ORD005498,Delhivery,delivered,1,no,58.17,3,560034,Koramangala,Bangalore
SHP007788,M001,ORD007616,Delhivery,delivered,2,no,52.63,1,560066,Whitefield,Bangalore
SHP007789,M001,ORD009550,BlueDart,delivered,1,no,88.33,5,560003,Malleshwaram,Bangalore
SHP007790,M001,ORD009400,Ecom Express,delivered,1,no,81.27,5,560010,Rajajinagar,Bangalore
SHP007791,M001,ORD008454,BlueDart,delivered,1,no,93.04,4,560034,Koramangala,Bangalore
SHP007792,M001,ORD005111,Delhivery,delivered,1,no,97.82,4,560037,Brookefield,Bangalore
SHP007793,M001,ORD007821,Shiprocket,failed_delivery,3,no,86.86,5,560034,Koramangala,Bangalore
SHP007794,M001,ORD005966,BlueDart,delivered,2,no,146.35,4,560035,Sarjapur Road,Bangalore
SHP007795,M001,ORD007484,Ecom Express,in_transit,1,no,135.49,1,560037,Marathahalli,Bangalore
SHP007796,M001,ORD009003,BlueDart,in_transit,1,no,106.33,2,560048,Mahadevapura,Bangalore
SHP007797,M001,ORD007694,Xpressbees,delivered,1,no,156.16,4,560100,Electronic City,Bangalore
SHP007798,M001,ORD009178,Ecom Express,failed_delivery,2,no,100.94,6,560100,Electronic City,Bangalore
SHP007799,M001,ORD007253,Shiprocket,rto,2,yes,82.75,8,560037,Marathahalli,Bangalore
SHP007800,M001,ORD007179,Shiprocket,delivered,1,no,75.1,5,560066,Whitefield,Bangalore
SHP007801,M001,ORD005452,Ecom Express,delivered,1,no,47.02,1,560048,Mahadevapura,Bangalore
SHP007802,M001,ORD005353,Delhivery,delivered,1,no,51.84,4,560034,Koramangala,Bangalore
SHP007803,M001,ORD005240,Ecom Express,delivered,3,no,121.46,5,560004,Basavanagudi,Bangalore
SHP007804,M001,ORD005253,Shiprocket,delivered,1,no,112.91,3,560064,Jakkur,Bangalore
SHP007805,M001,ORD007328,Ecom Express,delivered,1,no,71.82,1,560037,Marathahalli,Bangalore
SHP007806,M001,ORD006082,Xpressbees,delivered,1,no,104.38,2,560064,Yelahanka,Bangalore
SHP007807,M001,ORD009102,Shiprocket,delivered,3,no,114.63,5,560037,Marathahalli,Bangalore
SHP007808,M001,ORD009853,BlueDart,delivered,2,no,162.77,2,560064,Yelahanka,Bangalore
SHP007809,M001,ORD009667,BlueDart,delivered,1,no,124.28,2,560103,Bellandur,Bangalore
SHP007810,M001,ORD008234,Xpressbees,failed_delivery,3,no,115.16,8,560060,Kengeri,Bangalore
SHP007811,M001,ORD006094,Shiprocket,delivered,3,no,132.41,2,560102,HSR Layout,Bangalore
SHP007812,M001,ORD009721,BlueDart,failed_delivery,2,no,103.3,7,560066,Whitefield,Bangalore
SHP007813,M001,ORD008938,Xpressbees,delivered,1,no,95.43,3,560036,KR Puram,Bangalore
SHP007814,M001,ORD005843,Delhivery,delivered,1,no,92.98,4,560100,Electronic City,Bangalore
SHP007815,M001,ORD007209,BlueDart,delivered,1,no,77.62,1,560103,Bellandur,Bangalore
SHP007816,M001,ORD008612,Delhivery,delivered,2,no,80.44,3,560071,Domlur,Bangalore
SHP007817,M001,ORD008109,Ecom Express,rto,2,yes,149.21,7,560037,Brookefield,Bangalore
SHP007818,M001,ORD006832,Shiprocket,delivered,1,no,67.27,3,560102,HSR Layout,Bangalore
SHP007819,M001,ORD005602,Delhivery,delivered,1,no,142.37,4,560035,Sarjapur Road,Bangalore
SHP007820,M001,ORD009035,Ecom Express,delivered,1,no,93.0,1,560037,Marathahalli,Bangalore
SHP007821,M001,ORD005096,Delhivery,in_transit,2,no,111.5,3,560035,Sarjapur Road,Bangalore
SHP007822,M001,ORD008453,Delhivery,delivered,1,no,71.91,4,560102,HSR Layout,Bangalore
SHP007823,M001,ORD009259,Shiprocket,delivered,1,no,81.17,1,560038,Indiranagar,Bangalore
SHP007824,M001,ORD007598,Ecom Express,delivered,1,no,87.89,2,560064,Jakkur,Bangalore
SHP007825,M001,ORD005724,Xpressbees,rto,2,yes,180.43,6,560035,Sarjapur Road,Bangalore
SHP007826,M001,ORD009122,BlueDart,in_transit,1,no,106.7,1,560085,Banashankari,Bangalore
SHP007827,M001,ORD005328,Ecom Express,delivered,3,no,94.91,3,560010,Rajajinagar,Bangalore
SHP007828,M001,ORD009743,Delhivery,delivered,2,no,148.01,3,560102,HSR Layout,Bangalore
SHP007829,M001,ORD008575,Delhivery,delivered,2,no,131.67,3,560038,Indiranagar,Bangalore
SHP007830,M001,ORD009576,Shiprocket,delivered,2,no,89.64,5,560037,Marathahalli,Bangalore
SHP007831,M001,ORD008244,Shiprocket,rto,2,yes,56.09,5,560098,RR Nagar,Bangalore
SHP007832,M001,ORD009012,Delhivery,delivered,1,no,57.32,4,560103,Bellandur,Bangalore
SHP007833,M001,ORD007701,Shiprocket,failed_delivery,3,no,49.03,8,560034,Koramangala,Bangalore
SHP007834,M001,ORD009497,Xpressbees,delivered,1,no,88.49,5,560102,HSR Layout,Bangalore
SHP007835,M001,ORD007384,BlueDart,delivered,1,no,103.87,3,560008,Ulsoor,Bangalore
SHP007836,M001,ORD009620,Ecom Express,delivered,1,no,62.86,2,560076,Bannerghatta Road,Bangalore
SHP007837,M001,ORD007594,Delhivery,delivered,1,no,170.76,1,560060,Kengeri,Bangalore
SHP007838,M001,ORD006301,Delhivery,rto,1,yes,161.95,7,560100,Electronic City,Bangalore
SHP007839,M001,ORD006665,Xpressbees,delivered,1,no,63.37,1,560036,KR Puram,Bangalore
SHP007840,M001,ORD009184,Shiprocket,delivered,1,no,112.88,4,560100,Electronic City,Bangalore
SHP007841,M001,ORD006927,BlueDart,in_transit,2,no,153.84,3,560060,Kengeri,Bangalore
SHP007842,M001,ORD008673,Delhivery,delivered,3,no,46.87,5,560071,Domlur,Bangalore
SHP007843,M001,ORD005402,BlueDart,rto,3,yes,60.2,8,560066,Whitefield,Bangalore
SHP007844,M001,ORD005289,Ecom Express,delivered,2,no,126.92,5,560037,Marathahalli,Bangalore
SHP007845,M001,ORD007905,Xpressbees,delivered,1,no,97.89,1,560038,Indiranagar,Bangalore
SHP007846,M001,ORD005204,Delhivery,in_transit,1,no,134.87,2,560103,Bellandur,Bangalore
SHP007847,M001,ORD007106,Ecom Express,delivered,2,no,58.1,4,560071,Domlur,Bangalore
SHP007848,M001,ORD009181,Shiprocket,in_transit,1,no,130.46,2,560036,KR Puram,Bangalore
SHP007849,M001,ORD005276,Xpressbees,delivered,1,no,58.16,2,560008,Ulsoor,Bangalore
SHP007850,M001,ORD008440,Xpressbees,failed_delivery,1,no,111.54,7,560103,Bellandur,Bangalore
SHP007851,M001,ORD005249,Delhivery,delivered,1,no,80.14,2,560103,Bellandur,Bangalore
SHP007852,M001,ORD007850,Xpressbees,delivered,2,no,97.49,4,560008,Ulsoor,Bangalore
SHP007853,M001,ORD005946,Shiprocket,delivered,1,no,70.55,3,560001,MG Road,Bangalore
SHP007854,M001,ORD009445,Ecom Express,delivered,2,no,102.59,4,560034,Koramangala,Bangalore
SHP007855,M001,ORD006095,Delhivery,delivered,3,no,148.12,4,560064,Yelahanka,Bangalore
SHP007856,M001,ORD005667,Ecom Express,failed_delivery,3,no,136.7,5,560100,Electronic City,Bangalore
SHP007857,M001,ORD005478,BlueDart,rto,3,yes,179.4,8,560100,Electronic City,Bangalore
SHP007858,M001,ORD007627,Shiprocket,delivered,1,no,141.51,3,560102,HSR Layout,Bangalore
SHP007859,M001,ORD008201,Ecom Express,delivered,1,no,73.84,2,560017,Old Airport Road,Bangalore
SHP007860,M001,ORD008422,Ecom Express,in_transit,2,no,100.92,2,560102,HSR Layout,Bangalore
SHP007861,M001,ORD008163,Shiprocket,failed_delivery,1,no,122.69,8,560064,Yelahanka,Bangalore
SHP007862,M001,ORD006421,Delhivery,in_transit,2,no,52.46,2,560010,Rajajinagar,Bangalore
SHP007863,M001,ORD008510,Delhivery,delivered,1,no,146.13,4,560066,Whitefield,Bangalore
SHP007864,M001,ORD009052,Delhivery,delivered,1,no,62.68,5,560066,Whitefield,Bangalore
SHP007865,M001,ORD009000,Delhivery,delivered,1,no,69.29,2,560085,Banashankari,Bangalore
SHP007866,M001,ORD009737,Delhivery,delivered,2,no,130.28,3,560102,HSR Layout,Bangalore
SHP007867,M001,ORD008136,Delhivery,delivered,1,no,191.83,4,560100,Electronic City,Bangalore
SHP007868,M001,ORD007452,Shiprocket,delivered,1,no,131.99,4,560100,Electronic City,Bangalore
SHP007869,M001,ORD005338,BlueDart,delivered,1,no,112.08,3,560076,BTM Layout,Bangalore
SHP007870,M001,ORD005393,Shiprocket,rto,3,yes,115.69,8,560010,Rajajinagar,Bangalore
SHP007871,M001,ORD008945,Shiprocket,delivered,1,no,86.93,4,560085,Banashankari,Bangalore
SHP007872,M001,ORD009689,Xpressbees,delivered,1,no,65.51,4,560103,Bellandur,Bangalore
SHP007873,M001,ORD005043,BlueDart,failed_delivery,3,no,46.03,4,560037,Marathahalli,Bangalore
SHP007874,M001,ORD008670,Shiprocket,delivered,2,no,144.82,2,560001,MG Road,Bangalore
SHP007875,M001,ORD009174,BlueDart,delivered,1,no,112.31,5,560010,Rajajinagar,Bangalore
SHP007876,M001,ORD008823,Xpressbees,in_transit,2,no,64.43,4,560102,HSR Layout,Bangalore
SHP007877,M001,ORD007379,Delhivery,delivered,1,no,92.55,3,560034,Koramangala,Bangalore
SHP007878,M001,ORD006459,BlueDart,delivered,1,no,94.03,3,560024,Hebbal,Bangalore
SHP007879,M001,ORD006777,Delhivery,in_transit,2,no,85.2,2,560034,Koramangala,Bangalore
SHP007880,M001,ORD007147,Shiprocket,delivered,1,no,142.57,2,560017,Old Airport Road,Bangalore
SHP007881,M001,ORD008558,Ecom Express,delivered,1,no,93.37,1,560102,HSR Layout,Bangalore
SHP007882,M001,ORD005918,Xpressbees,delivered,1,no,79.21,1,560038,Indiranagar,Bangalore
SHP007883,M001,ORD008120,Shiprocket,delivered,1,no,100.19,2,560078,JP Nagar,Bangalore
SHP007884,M001,ORD005917,Ecom Express,delivered,1,no,122.45,4,560037,Marathahalli,Bangalore
SHP007885,M001,ORD008827,Ecom Express,rto,1,yes,134.54,5,560071,Domlur,Bangalore
SHP007886,M001,ORD005377,Xpressbees,failed_delivery,2,no,93.27,5,560034,Koramangala,Bangalore
SHP007887,M001,ORD005523,Shiprocket,delivered,3,no,91.07,5,560066,Whitefield,Bangalore
SHP007888,M001,ORD007427,Delhivery,delivered,1,no,136.29,2,560038,Indiranagar,Bangalore
SHP007889,M001,ORD007044,Shiprocket,rto,3,yes,133.15,9,560102,HSR Layout,Bangalore
SHP007890,M001,ORD008953,Xpressbees,delivered,2,no,96.05,5,560037,Marathahalli,Bangalore
SHP007891,M001,ORD005640,Shiprocket,delivered,2,no,66.19,3,560034,Koramangala,Bangalore
SHP007892,M001,ORD009744,Ecom Express,delivered,2,no,74.23,2,560076,Bannerghatta Road,Bangalore
SHP007893,M001,ORD009208,BlueDart,delivered,1,no,70.66,2,560071,Domlur,Bangalore
SHP007894,M001,ORD005143,Xpressbees,delivered,1,no,132.62,3,560066,Whitefield,Bangalore
SHP007895,M001,ORD005783,Xpressbees,failed_delivery,2,no,131.6,6,560100,Electronic City,Bangalore
SHP007896,M001,ORD007212,Ecom Express,delivered,1,no,65.4,4,560010,Rajajinagar,Bangalore
SHP007897,M001,ORD008584,Ecom Express,in_transit,1,no,82.46,3,560066,Whitefield,Bangalore
SHP007898,M001,ORD006652,Ecom Express,delivered,1,no,88.86,1,560036,KR Puram,Bangalore
SHP007899,M001,ORD009544,Xpressbees,failed_delivery,1,no,185.23,5,560058,Peenya,Bangalore
SHP007900,M001,ORD007604,BlueDart,delivered,2,no,100.09,5,560034,Koramangala,Bangalore
SHP007901,M001,ORD006918,Ecom Express,delivered,2,no,66.6,4,560103,Bellandur,Bangalore
SHP007902,M001,ORD006935,Ecom Express,delivered,1,no,149.69,1,560071,Domlur,Bangalore
SHP007903,M001,ORD008604,Shiprocket,delivered,2,no,137.19,3,560037,Marathahalli,Bangalore
SHP007904,M001,ORD005355,Delhivery,in_transit,1,no,138.64,4,560037,Marathahalli,Bangalore
SHP007905,M001,ORD009742,BlueDart,delivered,1,no,107.91,5,560066,Whitefield,Bangalore
SHP007906,M001,ORD007000,Delhivery,delivered,1,no,48.41,4,560001,MG Road,Bangalore
SHP007907,M001,ORD009713,Delhivery,delivered,2,no,80.57,3,560100,Electronic City,Bangalore
SHP007908,M001,ORD006613,Delhivery,delivered,1,no,93.85,1,560102,HSR Layout,Bangalore
SHP007909,M001,ORD009290,BlueDart,delivered,2,no,148.39,5,560037,Marathahalli,Bangalore
SHP007910,M001,ORD008010,Xpressbees,delivered,1,no,87.75,3,560066,Whitefield,Bangalore
SHP007911,M001,ORD008350,Shiprocket,delivered,1,no,54.94,2,560102,HSR Layout,Bangalore
SHP007912,M001,ORD005272,Ecom Express,delivered,1,no,102.91,2,560071,Domlur,Bangalore
SHP007913,M001,ORD008188,Xpressbees,in_transit,1,no,122.46,3,560100,Electronic City,Bangalore
SHP007914,M001,ORD007015,Xpressbees,delivered,1,no,60.47,4,560004,Basavanagudi,Bangalore
SHP007915,M001,ORD006368,BlueDart,delivered,1,no,137.47,5,560036,KR Puram,Bangalore
SHP007916,M001,ORD006559,BlueDart,delivered,1,no,140.67,4,560071,Domlur,Bangalore
SHP007917,M001,ORD006659,Shiprocket,delivered,1,no,125.37,5,560100,Electronic City,Bangalore
SHP007918,M001,ORD006704,Ecom Express,in_transit,2,no,65.85,3,560034,Koramangala,Bangalore
SHP007919,M001,ORD009723,Shiprocket,delivered,1,no,102.96,3,560008,Ulsoor,Bangalore
SHP007920,M001,ORD007827,BlueDart,rto,3,yes,114.54,8,560066,Whitefield,Bangalore
SHP007921,M001,ORD009375,Ecom Express,in_transit,1,no,86.97,2,560001,MG Road,Bangalore
SHP007922,M001,ORD005226,Ecom Express,delivered,1,no,58.82,2,560037,Marathahalli,Bangalore
SHP007923,M001,ORD006692,Ecom Express,delivered,2,no,124.48,1,560102,HSR Layout,Bangalore
SHP007924,M001,ORD009004,Xpressbees,failed_delivery,2,no,166.81,9,560100,Electronic City,Bangalore
SHP007925,M001,ORD006070,Shiprocket,rto,2,yes,155.21,7,560100,Electronic City,Bangalore
SHP007926,M001,ORD005011,Ecom Express,in_transit,2,no,85.53,4,560103,Bellandur,Bangalore
SHP007927,M001,ORD008641,Shiprocket,delivered,2,no,59.91,4,560041,Jayanagar,Bangalore
SHP007928,M001,ORD008596,BlueDart,in_transit,1,no,126.37,1,560017,Old Airport Road,Bangalore
SHP007929,M001,ORD005176,Ecom Express,delivered,2,no,82.38,5,560036,KR Puram,Bangalore
SHP007930,M001,ORD009495,Shiprocket,failed_delivery,2,no,100.36,9,560100,Electronic City,Bangalore
SHP007931,M001,ORD008293,BlueDart,failed_delivery,1,no,126.81,7,560102,HSR Layout,Bangalore
SHP007932,M001,ORD006891,Delhivery,delivered,1,no,76.46,5,560038,Indiranagar,Bangalore
SHP007933,M001,ORD005448,Shiprocket,delivered,3,no,72.73,2,560066,Whitefield,Bangalore
SHP007934,M001,ORD005639,Delhivery,delivered,1,no,171.54,3,560035,Sarjapur Road,Bangalore
SHP007935,M001,ORD009833,Delhivery,delivered,1,no,103.66,1,560037,Brookefield,Bangalore
SHP007936,M001,ORD006835,BlueDart,failed_delivery,2,no,140.98,7,560071,Domlur,Bangalore
SHP007937,M001,ORD006386,Ecom Express,delivered,1,no,92.91,1,560102,HSR Layout,Bangalore
SHP007938,M001,ORD006089,Xpressbees,delivered,1,no,62.93,5,560071,Domlur,Bangalore
SHP007939,M001,ORD007127,Shiprocket,in_transit,1,no,63.73,3,560001,MG Road,Bangalore
SHP007940,M001,ORD008775,Shiprocket,delivered,2,no,100.65,4,560034,Koramangala,Bangalore
SHP007941,M001,ORD007238,BlueDart,in_transit,1,no,112.12,4,560103,Bellandur,Bangalore
SHP007942,M001,ORD008919,Delhivery,rto,1,yes,145.46,4,560036,KR Puram,Bangalore
SHP007943,M001,ORD008810,Ecom Express,delivered,1,no,116.7,2,560037,Marathahalli,Bangalore
SHP007944,M001,ORD007475,Shiprocket,in_transit,3,no,89.8,3,560041,Jayanagar,Bangalore
SHP007945,M001,ORD008303,BlueDart,failed_delivery,2,no,78.08,4,560085,Banashankari,Bangalore
SHP007946,M001,ORD006312,Shiprocket,delivered,1,no,79.69,5,560034,Koramangala,Bangalore
SHP007947,M001,ORD008805,Delhivery,in_transit,1,no,178.3,2,560058,Peenya,Bangalore
SHP007948,M001,ORD009440,Xpressbees,failed_delivery,1,no,149.62,3,560064,Jakkur,Bangalore
SHP007949,M001,ORD007954,Ecom Express,delivered,1,no,49.3,1,560103,Bellandur,Bangalore
SHP007950,M001,ORD007136,Xpressbees,delivered,1,no,86.52,3,560103,Bellandur,Bangalore
SHP007951,M001,ORD007195,Ecom Express,delivered,1,no,119.06,2,560034,Koramangala,Bangalore
SHP007952,M001,ORD009910,Delhivery,delivered,1,no,208.13,1,560100,Electronic City,Bangalore
SHP007953,M001,ORD007347,Xpressbees,delivered,1,no,94.54,5,560098,RR Nagar,Bangalore
SHP007954,M001,ORD009755,Delhivery,in_transit,2,no,83.21,4,560076,BTM Layout,Bangalore
SHP007955,M001,ORD009131,Ecom Express,delivered,1,no,135.54,5,560071,Domlur,Bangalore
SHP007956,M001,ORD009843,Shiprocket,rto,1,yes,96.5,8,560060,Kengeri,Bangalore
SHP007957,M001,ORD008613,BlueDart,failed_delivery,2,no,134.22,4,560037,Marathahalli,Bangalore
SHP007958,M001,ORD007365,Ecom Express,delivered,1,no,89.47,3,560102,HSR Layout,Bangalore
SHP007959,M001,ORD009418,BlueDart,failed_delivery,1,no,130.23,5,560103,Bellandur,Bangalore
SHP007960,M001,ORD008167,Delhivery,delivered,2,no,92.28,3,560048,Mahadevapura,Bangalore
SHP007961,M001,ORD007061,BlueDart,delivered,1,no,68.28,3,560076,BTM Layout,Bangalore
SHP007962,M001,ORD006938,Xpressbees,delivered,1,no,147.45,1,560037,Brookefield,Bangalore
SHP007963,M001,ORD007835,BlueDart,delivered,1,no,98.89,4,560100,Electronic City,Bangalore
SHP007964,M001,ORD008026,BlueDart,delivered,1,no,73.17,2,560103,Bellandur,Bangalore
SHP007965,M001,ORD009623,Ecom Express,delivered,1,no,55.86,4,560048,Mahadevapura,Bangalore
SHP007966,M001,ORD008804,Delhivery,in_transit,1,no,78.21,1,560004,Basavanagudi,Bangalore
SHP007967,M001,ORD009706,Shiprocket,in_transit,1,no,181.64,4,560035,Sarjapur Road,Bangalore
SHP007968,M001,ORD005604,BlueDart,rto,3,yes,132.59,4,560102,HSR Layout,Bangalore
SHP007969,M001,ORD008695,Ecom Express,delivered,1,no,65.77,2,560066,Whitefield,Bangalore
SHP007970,M001,ORD008965,Xpressbees,delivered,1,no,87.61,3,560037,Marathahalli,Bangalore
SHP007971,M001,ORD005542,Shiprocket,failed_delivery,1,no,84.31,8,560100,Electronic City,Bangalore
SHP007972,M001,ORD007470,BlueDart,delivered,2,no,58.24,5,560102,HSR Layout,Bangalore
SHP007973,M001,ORD008735,Shiprocket,in_transit,1,no,102.78,1,560037,Brookefield,Bangalore
SHP007974,M001,ORD008744,Shiprocket,in_transit,2,no,108.62,2,560010,Rajajinagar,Bangalore
SHP007975,M001,ORD009685,Ecom Express,delivered,1,no,134.7,1,560066,Whitefield,Bangalore
SHP007976,M001,ORD006414,Ecom Express,rto,2,yes,129.79,7,560071,Domlur,Bangalore
SHP007977,M001,ORD005268,Shiprocket,delivered,2,no,145.42,4,560048,Mahadevapura,Bangalore
SHP007978,M001,ORD009602,Xpressbees,failed_delivery,2,no,62.57,4,560066,Whitefield,Bangalore
SHP007979,M001,ORD007437,Shiprocket,delivered,1,no,103.94,5,560102,HSR Layout,Bangalore
SHP007980,M001,ORD005181,Shiprocket,delivered,1,no,50.12,1,560098,RR Nagar,Bangalore
SHP007981,M001,ORD005499,Ecom Express,in_transit,2,no,69.43,3,560066,Whitefield,Bangalore
SHP007982,M001,ORD005260,Delhivery,in_transit,2,no,66.58,4,560085,Banashankari,Bangalore
SHP007983,M001,ORD008947,Shiprocket,failed_delivery,2,no,184.14,9,560100,Electronic City,Bangalore
SHP007984,M001,ORD006364,Ecom Express,in_transit,1,no,137.08,1,560102,HSR Layout,Bangalore
SHP007985,M001,ORD009669,Delhivery,in_transit,1,no,69.1,4,560040,Vijayanagar,Bangalore
SHP007986,M001,ORD007090,Shiprocket,rto,2,yes,170.71,4,560100,Electronic City,Bangalore
SHP007987,M001,ORD005216,BlueDart,delivered,1,no,132.02,1,560035,Sarjapur Road,Bangalore
SHP007988,M001,ORD009579,Delhivery,rto,3,yes,78.86,3,560040,Vijayanagar,Bangalore
SHP007989,M001,ORD008871,Xpressbees,delivered,1,no,53.6,5,560036,KR Puram,Bangalore
SHP007990,M001,ORD009142,Shiprocket,failed_delivery,2,no,114.32,6,560034,Koramangala,Bangalore
SHP007991,M001,ORD005964,Delhivery,delivered,1,no,159.39,5,560035,Sarjapur Road,Bangalore
SHP007992,M001,ORD009302,Delhivery,failed_delivery,2,no,110.7,8,560066,Whitefield,Bangalore
SHP007993,M001,ORD005903,Ecom Express,in_transit,1,no,146.01,4,560060,Kengeri,Bangalore
SHP007994,M001,ORD005832,Ecom Express,rto,2,yes,56.41,6,560071,Domlur,Bangalore
SHP007995,M001,ORD005844,Xpressbees,delivered,1,no,91.08,2,560103,Bellandur,Bangalore
SHP007996,M001,ORD006252,Xpressbees,delivered,1,no,131.89,1,560058,Peenya,Bangalore
SHP007997,M001,ORD007141,Delhivery,delivered,1,no,60.74,2,560098,RR Nagar,Bangalore
SHP007998,M001,ORD005479,Shiprocket,rto,1,yes,215.66,6,560035,Sarjapur Road,Bangalore
SHP007999,M001,ORD008625,Delhivery,in_transit,1,no,130.62,1,560058,Peenya,Bangalore
SHP008000,M001,ORD006443,Xpressbees,delivered,1,no,137.02,2,560040,Vijayanagar,Bangalore
