merchant_id,content_id,campaign_id,product_id,sku,channel,content_type,caption_angle,scheduled_datetime,published_datetime,engagements,likes,comments,shares,saves,clicks,conversions,status,source,source_row_id
M001,CONT000001,NA,PROD000188,SKU000188,Email,Email,premium,2024-01-28 10:55:20,2024-01-28 12:02:20,1271,872,68,93,57,203,13,published,content_calendar_csv,CONT_ROW_000001
M001,CONT000002,CAMP002583,PROD000375,SKU000375,Email,Email,discount,2024-06-13 07:10:50,2024-06-13 08:41:50,400,164,18,19,14,27,1,failed,content_calendar_csv,CONT_ROW_000002
M001,CONT000003,CAMP004663,PROD000318,SKU000318,WhatsApp,WhatsApp Broadcast,new_launch,2024-08-25 16:25:07,2024-08-25 17:35:07,732,455,73,45,63,195,15,failed,content_calendar_csv,CONT_ROW_000003
M001,CONT000004,CAMP002475,PROD000304,SKU000304,Email,Email,utility,2024-08-31 00:43:32,2024-08-31 02:26:32,1298,754,112,64,106,71,5,published,content_calendar_csv,CONT_ROW_000004
M001,CONT000005,CAMP000728,PROD000031,SKU000031,Facebook,Carousel,new_launch,2024-08-17 14:57:22,2024-08-17 16:19:22,5100,2434,282,242,562,356,5,published,content_calendar_csv,CONT_ROW_000005
M001,CONT000006,CAMP002692,PROD000316,SKU000316,Facebook,Static Post,comfort,2024-05-22 09:31:32,2024-05-22 10:01:32,1792,860,76,112,244,71,4,published,content_calendar_csv,CONT_ROW_000006
M001,CONT000007,CAMP002476,PROD000237,SKU000237,Instagram,Static Post,new_launch,2024-10-31 04:46:05,2024-10-31 05:57:05,1589,929,181,70,78,149,7,published,content_calendar_csv,CONT_ROW_000007
M001,CONT000008,CAMP001398,PROD000470,SKU000470,WhatsApp,WhatsApp Broadcast,festive,2024-02-24 06:13:27,2024-02-24 06:38:27,147,69,17,5,17,34,2,published,content_calendar_csv,CONT_ROW_000008
M001,CONT000009,CAMP002354,PROD000199,SKU000199,LinkedIn,Static Post,comfort,2024-12-27 14:33:34,2024-12-27 14:55:34,1428,622,57,71,77,55,2,failed,content_calendar_csv,CONT_ROW_000009
M001,CONT000010,CAMP000254,PROD000187,SKU000187,Email,Email,premium,2024-11-16 17:12:15,2024-11-16 17:49:15,1353,889,133,88,127,132,9,published,content_calendar_csv,CONT_ROW_000010
M001,CONT000011,CAMP003863,PROD000435,SKU000435,Email,Email,lifestyle,2024-05-18 11:36:51,2024-05-18 12:24:51,2452,1440,139,94,147,239,19,published,content_calendar_csv,CONT_ROW_000011
M001,CONT000012,CAMP000849,PROD000182,SKU000182,WhatsApp,WhatsApp Broadcast,festive,2024-01-12 00:29:11,2024-01-12 00:36:11,611,314,32,40,47,117,20,published,content_calendar_csv,CONT_ROW_000012
M001,CONT000013,CAMP001258,PROD000083,SKU000083,WhatsApp,WhatsApp Broadcast,utility,2024-11-16 12:25:55,2024-11-16 13:43:55,246,152,28,11,11,25,2,published,content_calendar_csv,CONT_ROW_000013
M001,CONT000014,CAMP002617,PROD000332,SKU000332,LinkedIn,Carousel,premium,2024-04-27 22:09:16,2024-04-28 00:03:16,1871,1195,59,70,191,131,6,published,content_calendar_csv,CONT_ROW_000014
M001,CONT000015,CAMP003535,PROD000495,SKU000495,Instagram,Static Post,utility,2024-03-05 08:24:19,2024-03-05 08:41:19,3970,2157,262,241,303,280,12,failed,content_calendar_csv,CONT_ROW_000015
M001,CONT000016,CAMP001543,PROD000310,SKU000310,LinkedIn,Static Post,new_launch,2024-04-08 19:45:12,2024-04-08 20:38:12,648,373,71,24,94,38,0,scheduled,content_calendar_csv,CONT_ROW_000016
M001,CONT000017,CAMP000329,PROD000076,SKU000076,Facebook,Story,premium,2024-06-06 09:39:25,2024-06-06 11:27:25,1949,1145,229,122,130,172,7,published,content_calendar_csv,CONT_ROW_000017
M001,CONT000018,CAMP001386,PROD000221,SKU000221,Instagram,Static Post,limited_stock,2024-07-03 04:57:29,2024-07-03 06:10:29,4132,2154,267,186,289,371,23,published,content_calendar_csv,CONT_ROW_000018
M001,CONT000019,NA,PROD000450,SKU000450,LinkedIn,Static Post,new_launch,2024-02-13 06:19:37,2024-02-13 07:40:37,467,276,54,14,53,13,0,failed,content_calendar_csv,CONT_ROW_000019
M001,CONT000020,CAMP003562,PROD000340,SKU000340,Facebook,Reel,festive,2024-04-22 21:03:23,2024-04-22 23:00:23,5632,2507,669,198,219,308,14,published,content_calendar_csv,CONT_ROW_000020
M001,CONT000021,NA,PROD000372,SKU000372,Instagram,Reel,lifestyle,2024-08-09 00:37:44,2024-08-09 00:39:44,862,523,36,29,44,22,0,published,content_calendar_csv,CONT_ROW_000021
M001,CONT000022,CAMP000609,PROD000292,SKU000292,Email,Email,festive,2024-08-08 12:57:40,2024-08-08 13:48:40,1637,823,144,99,191,142,8,scheduled,content_calendar_csv,CONT_ROW_000022
M001,CONT000023,CAMP000928,PROD000306,SKU000306,WhatsApp,WhatsApp Broadcast,lifestyle,2024-08-14 15:25:13,2024-08-14 16:37:13,67,38,3,3,3,20,1,published,content_calendar_csv,CONT_ROW_000023
M001,CONT000024,CAMP004400,PROD000001,SKU000001,Instagram,Story,comfort,2024-06-16 13:17:08,2024-06-16 15:06:08,888,415,69,18,77,66,1,published,content_calendar_csv,CONT_ROW_000024
M001,CONT000025,CAMP004899,PROD000244,SKU000244,Email,Email,comfort,2024-11-28 09:21:28,2024-11-28 10:05:28,743,312,38,30,41,94,10,published,content_calendar_csv,CONT_ROW_000025
M001,CONT000026,CAMP004568,PROD000346,SKU000346,Facebook,Carousel,festive,2024-10-06 15:08:43,2024-10-06 16:48:43,3195,1696,194,254,293,210,6,failed,content_calendar_csv,CONT_ROW_000026
M001,CONT000027,CAMP000772,PROD000312,SKU000312,Email,Email,social_proof,2024-12-01 22:46:12,2024-12-01 23:35:12,1233,493,38,90,83,162,10,cancelled,content_calendar_csv,CONT_ROW_000027
M001,CONT000028,CAMP001868,PROD000432,SKU000432,Instagram,Reel,festive,2024-07-07 04:12:54,2024-07-07 05:19:54,4217,2684,425,292,493,138,6,published,content_calendar_csv,CONT_ROW_000028
M001,CONT000029,CAMP000409,PROD000442,SKU000442,Instagram,Reel,premium,2024-02-26 19:18:53,2024-02-26 21:03:53,11465,5294,595,631,387,796,45,scheduled,content_calendar_csv,CONT_ROW_000029
M001,CONT000030,CAMP002375,PROD000121,SKU000121,Instagram,Reel,festive,2024-06-27 12:59:38,2024-06-27 14:06:38,14432,9020,1145,1125,2074,890,53,failed,content_calendar_csv,CONT_ROW_000030
M001,CONT000031,CAMP002481,PROD000407,SKU000407,Instagram,Story,premium,2024-11-21 06:42:18,2024-11-21 08:07:18,4845,3332,175,375,434,292,14,published,content_calendar_csv,CONT_ROW_000031
M001,CONT000032,CAMP003096,PROD000074,SKU000074,LinkedIn,Carousel,festive,2024-09-25 02:11:11,2024-09-25 04:08:11,1603,868,125,82,207,132,3,failed,content_calendar_csv,CONT_ROW_000032
M001,CONT000033,CAMP002375,PROD000121,SKU000121,Email,Email,social_proof,2024-04-06 18:23:03,2024-04-06 19:42:03,2566,1054,85,172,250,236,18,published,content_calendar_csv,CONT_ROW_000033
M001,CONT000034,CAMP002819,PROD000045,SKU000045,Facebook,Static Post,festive,2024-02-19 01:25:41,2024-02-19 02:27:41,419,198,29,19,59,11,0,published,content_calendar_csv,CONT_ROW_000034
M001,CONT000035,CAMP000489,PROD000057,SKU000057,WhatsApp,WhatsApp Broadcast,lifestyle,2024-03-15 07:34:44,2024-03-15 09:05:44,327,179,34,19,47,34,7,published,content_calendar_csv,CONT_ROW_000035
M001,CONT000036,CAMP004580,PROD000384,SKU000384,Instagram,Static Post,discount,2024-09-21 16:51:36,2024-09-21 18:31:36,1806,930,99,67,230,56,3,scheduled,content_calendar_csv,CONT_ROW_000036
M001,CONT000037,CAMP002908,PROD000015,SKU000015,Facebook,Carousel,everyday_style,2024-05-12 12:41:35,2024-05-12 13:48:35,4309,2342,310,220,168,292,15,published,content_calendar_csv,CONT_ROW_000037
M001,CONT000038,CAMP004294,PROD000438,SKU000438,LinkedIn,Static Post,limited_stock,2024-02-12 15:48:14,2024-02-12 16:31:14,1621,1133,75,84,137,47,2,published,content_calendar_csv,CONT_ROW_000038
M001,CONT000039,CAMP002518,PROD000318,SKU000318,Instagram,Reel,utility,2024-02-15 05:43:06,2024-02-15 06:00:06,12450,7949,686,487,559,662,7,published,content_calendar_csv,CONT_ROW_000039
M001,CONT000040,CAMP002966,PROD000119,SKU000119,Instagram,Carousel,new_launch,2024-04-06 10:54:00,2024-04-06 11:11:00,13849,5842,1185,864,832,1213,79,published,content_calendar_csv,CONT_ROW_000040
M001,CONT000041,NA,PROD000295,SKU000295,Instagram,Carousel,new_launch,2024-03-21 04:56:04,2024-03-21 05:43:04,3644,1959,260,114,145,181,7,scheduled,content_calendar_csv,CONT_ROW_000041
M001,CONT000042,CAMP003049,PROD000494,SKU000494,LinkedIn,Static Post,premium,2024-07-19 02:11:44,2024-07-19 03:00:44,924,507,33,36,109,68,3,published,content_calendar_csv,CONT_ROW_000042
M001,CONT000043,CAMP003213,PROD000035,SKU000035,WhatsApp,WhatsApp Broadcast,limited_stock,2024-05-20 00:25:13,2024-05-20 00:36:13,120,54,13,9,11,38,4,failed,content_calendar_csv,CONT_ROW_000043
M001,CONT000044,CAMP004756,PROD000206,SKU000206,Email,Email,festive,2024-08-08 08:00:23,2024-08-08 09:01:23,1239,553,50,43,88,133,7,scheduled,content_calendar_csv,CONT_ROW_000044
M001,CONT000045,CAMP004962,PROD000114,SKU000114,Instagram,Carousel,new_launch,2024-01-31 23:08:56,2024-01-31 23:56:56,12366,7137,1214,690,714,988,43,published,content_calendar_csv,CONT_ROW_000045
M001,CONT000046,CAMP003386,PROD000128,SKU000128,Email,Email,discount,2024-09-27 03:02:50,2024-09-27 04:56:50,1323,649,121,71,42,186,19,published,content_calendar_csv,CONT_ROW_000046
M001,CONT000047,CAMP002769,PROD000044,SKU000044,WhatsApp,WhatsApp Broadcast,premium,2024-01-30 06:59:54,2024-01-30 08:13:54,437,303,25,29,60,141,34,published,content_calendar_csv,CONT_ROW_000047
M001,CONT000048,CAMP004411,PROD000372,SKU000372,Email,Email,comfort,2024-03-04 09:06:28,2024-03-04 09:48:28,2729,1898,88,118,225,458,52,published,content_calendar_csv,CONT_ROW_000048
M001,CONT000049,CAMP004834,PROD000042,SKU000042,WhatsApp,WhatsApp Broadcast,festive,2024-11-23 19:33:09,2024-11-23 20:42:09,657,443,46,29,86,156,15,published,content_calendar_csv,CONT_ROW_000049
M001,CONT000050,CAMP000093,PROD000317,SKU000317,Instagram,Story,utility,2024-10-05 16:29:13,2024-10-05 17:29:13,4662,2023,212,219,352,160,10,published,content_calendar_csv,CONT_ROW_000050
M001,CONT000051,CAMP003491,PROD000001,SKU000001,LinkedIn,Carousel,premium,2024-09-25 22:38:08,2024-09-25 23:57:08,1141,563,96,83,160,97,5,published,content_calendar_csv,CONT_ROW_000051
M001,CONT000052,CAMP000783,PROD000482,SKU000482,LinkedIn,Static Post,comfort,2024-11-05 18:07:27,2024-11-05 18:29:27,1775,1172,203,127,139,50,2,published,content_calendar_csv,CONT_ROW_000052
M001,CONT000053,NA,PROD000236,SKU000236,LinkedIn,Carousel,discount,2024-09-18 08:28:22,2024-09-18 10:28:22,513,208,48,14,32,23,0,published,content_calendar_csv,CONT_ROW_000053
M001,CONT000054,CAMP001900,PROD000432,SKU000432,LinkedIn,Static Post,comfort,2024-10-11 17:21:18,2024-10-11 17:28:18,1363,545,89,102,128,58,1,published,content_calendar_csv,CONT_ROW_000054
M001,CONT000055,CAMP000009,PROD000423,SKU000423,Email,Email,comfort,2024-09-08 10:09:37,2024-09-08 11:15:37,384,229,19,20,24,53,2,scheduled,content_calendar_csv,CONT_ROW_000055
M001,CONT000056,CAMP001484,PROD000205,SKU000205,Facebook,Story,premium,2024-01-25 20:48:22,2024-01-25 21:35:22,2383,1007,145,186,211,186,6,failed,content_calendar_csv,CONT_ROW_000056
M001,CONT000057,NA,PROD000463,SKU000463,Instagram,Carousel,social_proof,2024-05-04 01:03:09,2024-05-04 01:25:09,4961,3452,585,307,648,265,8,failed,content_calendar_csv,CONT_ROW_000057
M001,CONT000058,CAMP003024,PROD000058,SKU000058,Facebook,Carousel,utility,2024-02-12 02:50:22,2024-02-12 04:48:22,746,466,62,48,27,40,2,published,content_calendar_csv,CONT_ROW_000058
M001,CONT000059,CAMP002477,PROD000022,SKU000022,Instagram,Story,new_launch,2024-10-18 23:40:06,2024-10-19 01:24:06,2546,1252,93,76,96,133,6,published,content_calendar_csv,CONT_ROW_000059
M001,CONT000060,CAMP004266,PROD000001,SKU000001,Email,Email,premium,2024-09-20 20:55:52,2024-09-20 21:04:52,2421,1622,202,126,287,220,7,cancelled,content_calendar_csv,CONT_ROW_000060
M001,CONT000061,CAMP004347,PROD000306,SKU000306,Email,Email,lifestyle,2024-09-14 18:01:29,2024-09-14 19:01:29,2059,956,82,128,293,354,14,published,content_calendar_csv,CONT_ROW_000061
M001,CONT000062,CAMP001708,PROD000408,SKU000408,Instagram,Story,lifestyle,2024-12-18 19:27:15,2024-12-18 20:41:15,3350,1507,324,81,346,129,6,scheduled,content_calendar_csv,CONT_ROW_000062
M001,CONT000063,CAMP000884,PROD000319,SKU000319,Instagram,Carousel,festive,2024-09-28 07:37:06,2024-09-28 08:54:06,1848,1233,207,146,218,38,0,published,content_calendar_csv,CONT_ROW_000063
M001,CONT000064,CAMP004675,PROD000326,SKU000326,LinkedIn,Carousel,comfort,2024-12-23 16:53:40,2024-12-23 17:34:40,841,443,66,30,34,53,2,published,content_calendar_csv,CONT_ROW_000064
M001,CONT000065,CAMP000850,PROD000152,SKU000152,LinkedIn,Carousel,lifestyle,2024-09-20 08:29:01,2024-09-20 08:32:01,1689,849,182,37,123,141,3,scheduled,content_calendar_csv,CONT_ROW_000065
M001,CONT000066,CAMP000707,PROD000265,SKU000265,Email,Email,lifestyle,2024-10-05 11:54:41,2024-10-05 13:23:41,1969,1013,181,98,151,205,18,cancelled,content_calendar_csv,CONT_ROW_000066
M001,CONT000067,CAMP003576,PROD000232,SKU000232,Instagram,Carousel,premium,2024-01-16 04:37:03,2024-01-16 05:41:03,14764,9159,1639,624,1613,305,7,published,content_calendar_csv,CONT_ROW_000067
M001,CONT000068,CAMP004943,PROD000361,SKU000361,Email,Email,new_launch,2024-03-23 04:04:41,2024-03-23 04:36:41,471,255,28,35,47,41,2,published,content_calendar_csv,CONT_ROW_000068
M001,CONT000069,CAMP004840,PROD000327,SKU000327,LinkedIn,Carousel,social_proof,2024-07-28 10:12:12,2024-07-28 11:52:12,537,278,29,21,65,32,1,published,content_calendar_csv,CONT_ROW_000069
M001,CONT000070,CAMP003519,PROD000483,SKU000483,Instagram,Story,everyday_style,2024-11-03 10:52:46,2024-11-03 11:20:46,666,392,46,50,29,51,1,published,content_calendar_csv,CONT_ROW_000070
M001,CONT000071,CAMP003911,PROD000001,SKU000001,Instagram,Carousel,social_proof,2024-03-08 22:17:38,2024-03-08 23:26:38,11664,5975,476,585,1125,1114,45,published,content_calendar_csv,CONT_ROW_000071
M001,CONT000072,CAMP002643,PROD000113,SKU000113,WhatsApp,WhatsApp Broadcast,utility,2024-05-24 03:34:43,2024-05-24 04:21:43,94,42,9,6,7,25,2,published,content_calendar_csv,CONT_ROW_000072
M001,CONT000073,CAMP002685,PROD000438,SKU000438,WhatsApp,WhatsApp Broadcast,discount,2024-10-13 09:19:58,2024-10-13 11:12:58,155,90,9,10,8,24,5,failed,content_calendar_csv,CONT_ROW_000073
M001,CONT000074,NA,PROD000482,SKU000482,Instagram,Story,discount,2024-09-04 12:11:23,2024-09-04 12:45:23,3408,1979,147,90,123,262,15,published,content_calendar_csv,CONT_ROW_000074
M001,CONT000075,CAMP000030,PROD000001,SKU000001,LinkedIn,Static Post,comfort,2024-12-01 22:08:04,2024-12-01 23:51:04,1808,775,176,105,73,145,2,published,content_calendar_csv,CONT_ROW_000075
M001,CONT000076,CAMP002278,PROD000465,SKU000465,Email,Email,utility,2024-03-18 21:51:19,2024-03-18 23:25:19,2644,1763,89,66,361,365,41,published,content_calendar_csv,CONT_ROW_000076
M001,CONT000077,CAMP004539,PROD000450,SKU000450,LinkedIn,Static Post,comfort,2024-05-01 21:37:02,2024-05-01 22:17:02,601,419,51,13,63,20,0,published,content_calendar_csv,CONT_ROW_000077
M001,CONT000078,CAMP002160,PROD000011,SKU000011,Instagram,Reel,limited_stock,2024-05-05 03:59:28,2024-05-05 05:11:28,9246,4012,814,626,1186,760,24,published,content_calendar_csv,CONT_ROW_000078
M001,CONT000079,CAMP000469,PROD000222,SKU000222,LinkedIn,Static Post,festive,2024-11-25 23:14:03,2024-11-26 00:06:03,584,335,29,25,85,25,1,published,content_calendar_csv,CONT_ROW_000079
M001,CONT000080,CAMP004142,PROD000001,SKU000001,Email,Email,everyday_style,2024-08-09 17:08:02,2024-08-09 18:02:02,1525,759,82,76,131,115,13,published,content_calendar_csv,CONT_ROW_000080
M001,CONT000081,CAMP001497,PROD000028,SKU000028,Email,Email,social_proof,2024-05-30 19:59:47,2024-05-30 20:26:47,1880,936,224,79,195,353,30,published,content_calendar_csv,CONT_ROW_000081
M001,CONT000082,CAMP000083,PROD000397,SKU000397,Facebook,Carousel,everyday_style,2024-10-16 11:12:25,2024-10-16 12:44:25,1249,811,110,82,75,49,0,published,content_calendar_csv,CONT_ROW_000082
M001,CONT000083,NA,PROD000377,SKU000377,LinkedIn,Carousel,utility,2024-11-14 00:42:06,2024-11-14 02:41:06,791,511,27,27,50,60,3,published,content_calendar_csv,CONT_ROW_000083
M001,CONT000084,CAMP003612,PROD000325,SKU000325,Facebook,Story,social_proof,2024-10-18 04:47:37,2024-10-18 06:34:37,1570,1076,158,54,74,39,1,published,content_calendar_csv,CONT_ROW_000084
M001,CONT000085,CAMP001702,PROD000446,SKU000446,WhatsApp,WhatsApp Broadcast,festive,2024-11-20 04:37:33,2024-11-20 05:13:33,718,486,28,40,99,178,18,published,content_calendar_csv,CONT_ROW_000085
M001,CONT000086,CAMP001581,PROD000335,SKU000335,Email,Email,everyday_style,2024-05-16 23:06:22,2024-05-17 00:15:22,2645,1175,218,92,307,141,5,failed,content_calendar_csv,CONT_ROW_000086
M001,CONT000087,CAMP000345,PROD000206,SKU000206,Email,Email,limited_stock,2024-12-24 10:11:47,2024-12-24 11:26:47,1409,699,124,75,115,236,10,published,content_calendar_csv,CONT_ROW_000087
M001,CONT000088,CAMP003072,PROD000213,SKU000213,Facebook,Reel,lifestyle,2024-05-14 14:40:06,2024-05-14 15:56:06,7342,4602,689,385,782,257,3,published,content_calendar_csv,CONT_ROW_000088
M001,CONT000089,CAMP001910,PROD000262,SKU000262,WhatsApp,WhatsApp Broadcast,comfort,2024-10-22 02:57:41,2024-10-22 03:40:41,270,112,22,18,29,54,6,published,content_calendar_csv,CONT_ROW_000089
M001,CONT000090,CAMP000304,PROD000141,SKU000141,LinkedIn,Static Post,everyday_style,2024-07-18 18:31:17,2024-07-18 19:48:17,788,467,40,60,114,38,1,published,content_calendar_csv,CONT_ROW_000090
M001,CONT000091,CAMP000612,PROD000034,SKU000034,Instagram,Story,new_launch,2024-04-02 20:50:10,2024-04-02 21:29:10,3548,1474,159,275,312,281,6,published,content_calendar_csv,CONT_ROW_000091
M001,CONT000092,CAMP001668,PROD000162,SKU000162,Facebook,Static Post,new_launch,2024-05-07 18:30:04,2024-05-07 18:51:04,1395,616,111,69,177,66,1,published,content_calendar_csv,CONT_ROW_000092
M001,CONT000093,CAMP002207,PROD000422,SKU000422,Instagram,Static Post,premium,2024-12-21 04:06:53,2024-12-21 04:16:53,254,143,12,17,24,5,0,published,content_calendar_csv,CONT_ROW_000093
M001,CONT000094,CAMP002080,PROD000240,SKU000240,Email,Email,lifestyle,2024-12-03 12:14:18,2024-12-03 13:55:18,2406,1311,273,94,285,416,16,published,content_calendar_csv,CONT_ROW_000094
M001,CONT000095,CAMP002284,PROD000001,SKU000001,Instagram,Reel,new_launch,2024-02-17 01:15:43,2024-02-17 02:21:43,2734,1453,290,119,104,85,2,published,content_calendar_csv,CONT_ROW_000095
M001,CONT000096,CAMP001694,PROD000088,SKU000088,WhatsApp,WhatsApp Broadcast,everyday_style,2024-07-20 07:54:22,2024-07-20 09:15:22,698,380,63,17,51,92,6,published,content_calendar_csv,CONT_ROW_000096
M001,CONT000097,CAMP000482,PROD000001,SKU000001,Email,Email,lifestyle,2024-11-02 16:09:17,2024-11-02 17:06:17,2170,1223,191,92,322,410,44,published,content_calendar_csv,CONT_ROW_000097
M001,CONT000098,CAMP002710,PROD000412,SKU000412,WhatsApp,WhatsApp Broadcast,limited_stock,2024-11-16 20:24:26,2024-11-16 20:37:26,445,210,14,31,41,76,4,published,content_calendar_csv,CONT_ROW_000098
M001,CONT000099,CAMP004930,PROD000170,SKU000170,Instagram,Carousel,social_proof,2024-08-03 08:19:58,2024-08-03 09:26:58,1286,690,56,29,180,58,3,published,content_calendar_csv,CONT_ROW_000099
M001,CONT000100,CAMP004408,PROD000073,SKU000073,Instagram,Static Post,everyday_style,2024-12-13 15:14:18,2024-12-13 16:31:18,4397,2183,179,241,181,275,16,published,content_calendar_csv,CONT_ROW_000100
M001,CONT000101,CAMP001142,PROD000403,SKU000403,WhatsApp,WhatsApp Broadcast,limited_stock,2024-04-02 21:48:10,2024-04-02 22:08:10,780,479,86,24,116,259,16,published,content_calendar_csv,CONT_ROW_000101
M001,CONT000102,CAMP002758,PROD000320,SKU000320,Email,Email,discount,2024-08-22 14:29:57,2024-08-22 16:21:57,2942,1708,113,179,380,306,29,published,content_calendar_csv,CONT_ROW_000102
M001,CONT000103,CAMP004422,PROD000400,SKU000400,WhatsApp,WhatsApp Broadcast,new_launch,2024-02-02 15:01:49,2024-02-02 16:41:49,730,297,79,40,26,187,20,published,content_calendar_csv,CONT_ROW_000103
M001,CONT000104,CAMP002649,PROD000047,SKU000047,Email,Email,festive,2024-12-07 10:11:24,2024-12-07 11:04:24,796,529,30,16,118,76,8,published,content_calendar_csv,CONT_ROW_000104
M001,CONT000105,CAMP001618,PROD000160,SKU000160,Email,Email,premium,2024-01-23 10:07:23,2024-01-23 11:57:23,1088,547,123,64,88,124,11,published,content_calendar_csv,CONT_ROW_000105
M001,CONT000106,CAMP004230,PROD000281,SKU000281,WhatsApp,WhatsApp Broadcast,everyday_style,2024-07-19 15:57:59,2024-07-19 16:21:59,54,22,3,3,1,10,0,published,content_calendar_csv,CONT_ROW_000106
M001,CONT000107,CAMP000560,PROD000149,SKU000149,LinkedIn,Carousel,everyday_style,2024-12-27 06:19:46,2024-12-27 07:00:46,867,448,76,30,40,38,0,published,content_calendar_csv,CONT_ROW_000107
M001,CONT000108,CAMP002083,PROD000001,SKU000001,Email,Email,lifestyle,2024-09-09 10:32:53,2024-09-09 11:47:53,614,294,59,28,72,105,9,published,content_calendar_csv,CONT_ROW_000108
M001,CONT000109,CAMP002416,PROD000054,SKU000054,Email,Email,festive,2024-11-10 06:26:41,2024-11-10 06:53:41,1381,957,50,36,171,169,15,failed,content_calendar_csv,CONT_ROW_000109
M001,CONT000110,CAMP003755,PROD000153,SKU000153,Facebook,Static Post,social_proof,2024-02-01 03:01:14,2024-02-01 04:21:14,1499,778,91,79,190,96,4,cancelled,content_calendar_csv,CONT_ROW_000110
M001,CONT000111,CAMP001808,PROD000096,SKU000096,Email,Email,comfort,2024-07-21 23:06:56,2024-07-22 00:38:56,563,243,32,36,20,47,3,published,content_calendar_csv,CONT_ROW_000111
M001,CONT000112,CAMP002985,PROD000317,SKU000317,WhatsApp,WhatsApp Broadcast,utility,2024-10-25 21:45:11,2024-10-25 23:19:11,75,32,3,4,6,16,3,published,content_calendar_csv,CONT_ROW_000112
M001,CONT000113,CAMP004253,PROD000189,SKU000189,Email,Email,utility,2024-03-07 23:07:58,2024-03-08 00:17:58,129,51,12,6,7,20,2,published,content_calendar_csv,CONT_ROW_000113
M001,CONT000114,CAMP000372,PROD000343,SKU000343,Facebook,Static Post,comfort,2024-02-01 02:48:00,2024-02-01 04:48:00,373,260,35,26,40,14,0,published,content_calendar_csv,CONT_ROW_000114
M001,CONT000115,CAMP001363,PROD000236,SKU000236,WhatsApp,WhatsApp Broadcast,everyday_style,2024-02-09 09:45:25,2024-02-09 09:56:25,778,386,70,23,84,162,39,published,content_calendar_csv,CONT_ROW_000115
M001,CONT000116,CAMP001585,PROD000451,SKU000451,Instagram,Static Post,new_launch,2024-09-10 10:12:19,2024-09-10 11:03:19,1219,638,93,97,118,50,1,published,content_calendar_csv,CONT_ROW_000116
M001,CONT000117,CAMP001011,PROD000219,SKU000219,Email,Email,everyday_style,2024-11-07 16:57:30,2024-11-07 18:53:30,755,345,56,20,78,39,2,published,content_calendar_csv,CONT_ROW_000117
M001,CONT000118,NA,PROD000083,SKU000083,Instagram,Static Post,comfort,2024-09-16 11:06:33,2024-09-16 11:09:33,1210,504,47,77,104,58,3,published,content_calendar_csv,CONT_ROW_000118
M001,CONT000119,CAMP002725,PROD000256,SKU000256,Email,Email,social_proof,2024-01-05 16:13:38,2024-01-05 17:27:38,735,340,48,55,60,93,3,published,content_calendar_csv,CONT_ROW_000119
M001,CONT000120,CAMP000172,PROD000466,SKU000466,Instagram,Story,utility,2024-06-19 22:09:55,2024-06-19 23:31:55,1162,558,118,57,165,57,3,published,content_calendar_csv,CONT_ROW_000120
M001,CONT000121,NA,PROD000208,SKU000208,Facebook,Reel,lifestyle,2024-04-21 22:49:33,2024-04-21 23:15:33,6285,2523,721,502,629,138,8,published,content_calendar_csv,CONT_ROW_000121
M001,CONT000122,CAMP000554,PROD000036,SKU000036,Email,Email,festive,2024-04-10 13:45:35,2024-04-10 15:41:35,2918,1907,180,182,310,166,16,published,content_calendar_csv,CONT_ROW_000122
M001,CONT000123,CAMP000541,PROD000441,SKU000441,LinkedIn,Static Post,limited_stock,2024-10-14 12:08:58,2024-10-14 14:03:58,1894,807,153,93,255,62,1,published,content_calendar_csv,CONT_ROW_000123
M001,CONT000124,CAMP001500,PROD000220,SKU000220,Instagram,Reel,new_launch,2024-07-10 16:50:29,2024-07-10 18:24:29,14372,7207,1548,668,1993,767,53,published,content_calendar_csv,CONT_ROW_000124
M001,CONT000125,CAMP000057,PROD000411,SKU000411,Facebook,Carousel,lifestyle,2024-11-01 18:56:13,2024-11-01 19:42:13,6800,4201,698,437,420,306,18,published,content_calendar_csv,CONT_ROW_000125
M001,CONT000126,CAMP000916,PROD000487,SKU000487,Email,Email,discount,2024-03-08 11:19:45,2024-03-08 12:41:45,2298,1426,92,118,335,154,15,scheduled,content_calendar_csv,CONT_ROW_000126
M001,CONT000127,CAMP001178,PROD000174,SKU000174,LinkedIn,Carousel,new_launch,2024-02-27 01:07:18,2024-02-27 01:31:18,1098,563,117,26,93,102,4,published,content_calendar_csv,CONT_ROW_000127
M001,CONT000128,CAMP001612,PROD000490,SKU000490,Instagram,Reel,comfort,2024-04-15 13:22:32,2024-04-15 15:16:32,2949,1485,347,166,264,284,5,published,content_calendar_csv,CONT_ROW_000128
M001,CONT000129,NA,PROD000350,SKU000350,Facebook,Reel,comfort,2024-02-09 03:19:47,2024-02-09 04:05:47,4482,2205,295,177,183,371,23,published,content_calendar_csv,CONT_ROW_000129
M001,CONT000130,CAMP002086,PROD000291,SKU000291,Instagram,Carousel,lifestyle,2024-06-23 23:44:50,2024-06-24 00:15:50,3232,1850,129,182,403,304,13,published,content_calendar_csv,CONT_ROW_000130
M001,CONT000131,CAMP004215,PROD000070,SKU000070,WhatsApp,WhatsApp Broadcast,discount,2024-05-22 16:18:14,2024-05-22 16:24:14,786,527,24,47,47,224,38,scheduled,content_calendar_csv,CONT_ROW_000131
M001,CONT000132,CAMP003587,PROD000258,SKU000258,WhatsApp,WhatsApp Broadcast,discount,2024-07-28 03:53:10,2024-07-28 04:36:10,133,62,14,5,18,32,7,published,content_calendar_csv,CONT_ROW_000132
M001,CONT000133,CAMP000320,PROD000002,SKU000002,Instagram,Static Post,utility,2024-05-09 20:46:47,2024-05-09 22:05:47,3675,2178,276,74,131,288,3,published,content_calendar_csv,CONT_ROW_000133
M001,CONT000134,CAMP000057,PROD000411,SKU000411,WhatsApp,WhatsApp Broadcast,social_proof,2024-09-04 22:52:56,2024-09-05 00:08:56,535,317,27,29,46,120,17,published,content_calendar_csv,CONT_ROW_000134
M001,CONT000135,CAMP000018,PROD000001,SKU000001,LinkedIn,Carousel,utility,2024-07-03 01:32:40,2024-07-03 02:16:40,904,364,27,55,97,24,0,published,content_calendar_csv,CONT_ROW_000135
M001,CONT000136,NA,PROD000147,SKU000147,WhatsApp,WhatsApp Broadcast,comfort,2024-10-17 00:25:48,2024-10-17 01:33:48,186,106,6,8,17,36,5,failed,content_calendar_csv,CONT_ROW_000136
M001,CONT000137,CAMP003557,PROD000055,SKU000055,Instagram,Carousel,premium,2024-11-02 13:06:36,2024-11-02 14:39:36,7614,4500,767,606,944,515,8,published,content_calendar_csv,CONT_ROW_000137
M001,CONT000138,CAMP000657,PROD000086,SKU000086,LinkedIn,Carousel,premium,2024-08-24 12:06:09,2024-08-24 13:20:09,1680,683,51,68,103,42,2,published,content_calendar_csv,CONT_ROW_000138
M001,CONT000139,CAMP002493,PROD000170,SKU000170,LinkedIn,Static Post,social_proof,2024-06-08 14:58:45,2024-06-08 15:07:45,579,324,37,20,20,35,1,scheduled,content_calendar_csv,CONT_ROW_000139
M001,CONT000140,CAMP000870,PROD000206,SKU000206,Facebook,Static Post,festive,2024-02-23 04:40:54,2024-02-23 04:43:54,777,360,56,50,94,66,1,scheduled,content_calendar_csv,CONT_ROW_000140
M001,CONT000141,CAMP000281,PROD000061,SKU000061,Instagram,Reel,everyday_style,2024-06-10 20:19:01,2024-06-10 21:40:01,5775,2411,358,243,514,508,9,published,content_calendar_csv,CONT_ROW_000141
M001,CONT000142,CAMP000023,PROD000393,SKU000393,Instagram,Reel,comfort,2024-02-15 02:57:53,2024-02-15 03:38:53,10566,5555,481,482,356,368,20,published,content_calendar_csv,CONT_ROW_000142
M001,CONT000143,CAMP003673,PROD000159,SKU000159,Email,Email,premium,2024-11-30 17:20:42,2024-11-30 17:31:42,1426,767,152,89,112,111,8,failed,content_calendar_csv,CONT_ROW_000143
M001,CONT000144,CAMP001270,PROD000312,SKU000312,Instagram,Carousel,comfort,2024-06-15 09:19:34,2024-06-15 09:36:34,13516,5878,1551,806,1621,1044,59,scheduled,content_calendar_csv,CONT_ROW_000144
M001,CONT000145,CAMP004386,PROD000326,SKU000326,Instagram,Static Post,utility,2024-09-27 05:37:22,2024-09-27 05:56:22,4620,2632,393,336,470,117,4,published,content_calendar_csv,CONT_ROW_000145
M001,CONT000146,CAMP002444,PROD000131,SKU000131,Instagram,Carousel,everyday_style,2024-08-13 13:33:23,2024-08-13 14:26:23,6808,3291,489,432,664,405,8,scheduled,content_calendar_csv,CONT_ROW_000146
M001,CONT000147,CAMP002408,PROD000314,SKU000314,LinkedIn,Carousel,lifestyle,2024-10-11 15:26:05,2024-10-11 16:14:05,1044,568,95,24,79,56,3,published,content_calendar_csv,CONT_ROW_000147
M001,CONT000148,CAMP002750,PROD000087,SKU000087,Facebook,Carousel,premium,2024-10-25 20:43:11,2024-10-25 21:39:11,7112,2863,412,356,712,625,7,published,content_calendar_csv,CONT_ROW_000148
M001,CONT000149,CAMP004421,PROD000326,SKU000326,Email,Email,discount,2024-09-15 08:09:35,2024-09-15 08:40:35,2919,1943,239,163,393,407,36,cancelled,content_calendar_csv,CONT_ROW_000149
M001,CONT000150,CAMP001517,PROD000244,SKU000244,Instagram,Carousel,utility,2024-03-23 23:52:02,2024-03-24 00:11:02,14898,9812,769,910,1299,1191,25,published,content_calendar_csv,CONT_ROW_000150
M001,CONT000151,CAMP001963,PROD000419,SKU000419,Facebook,Story,new_launch,2024-12-12 05:20:11,2024-12-12 05:24:11,2325,1503,122,101,276,165,3,published,content_calendar_csv,CONT_ROW_000151
M001,CONT000152,CAMP002030,PROD000162,SKU000162,LinkedIn,Carousel,limited_stock,2024-12-27 20:00:46,2024-12-27 21:26:46,453,230,26,28,48,34,1,published,content_calendar_csv,CONT_ROW_000152
M001,CONT000153,CAMP000474,PROD000001,SKU000001,Facebook,Static Post,utility,2024-11-29 10:00:26,2024-11-29 11:42:26,2813,1484,133,59,208,216,5,cancelled,content_calendar_csv,CONT_ROW_000153
M001,CONT000154,CAMP003143,PROD000233,SKU000233,Facebook,Static Post,discount,2024-12-04 00:54:47,2024-12-04 01:49:47,2109,1185,217,94,125,149,2,published,content_calendar_csv,CONT_ROW_000154
M001,CONT000155,CAMP001774,PROD000472,SKU000472,Instagram,Story,social_proof,2024-02-01 20:17:19,2024-02-01 21:06:19,3850,2438,333,196,526,357,19,published,content_calendar_csv,CONT_ROW_000155
M001,CONT000156,CAMP000311,PROD000348,SKU000348,WhatsApp,WhatsApp Broadcast,limited_stock,2024-08-17 23:12:53,2024-08-17 23:31:53,197,131,20,11,18,50,7,published,content_calendar_csv,CONT_ROW_000156
M001,CONT000157,CAMP003041,PROD000349,SKU000349,WhatsApp,WhatsApp Broadcast,discount,2024-01-26 02:40:54,2024-01-26 03:45:54,45,22,3,2,1,8,0,published,content_calendar_csv,CONT_ROW_000157
M001,CONT000158,NA,PROD000444,SKU000444,Facebook,Static Post,discount,2024-09-29 16:55:38,2024-09-29 17:57:38,2925,1739,310,144,93,164,5,published,content_calendar_csv,CONT_ROW_000158
M001,CONT000159,CAMP002676,PROD000226,SKU000226,Instagram,Static Post,limited_stock,2024-02-06 03:37:18,2024-02-06 04:27:18,3062,1321,206,196,276,214,3,published,content_calendar_csv,CONT_ROW_000159
M001,CONT000160,CAMP003349,PROD000431,SKU000431,LinkedIn,Carousel,lifestyle,2024-08-08 13:45:37,2024-08-08 14:47:37,1156,474,90,91,80,83,4,published,content_calendar_csv,CONT_ROW_000160
M001,CONT000161,CAMP000224,PROD000094,SKU000094,Facebook,Static Post,utility,2024-06-06 13:10:45,2024-06-06 14:22:45,2384,1336,209,48,168,92,3,published,content_calendar_csv,CONT_ROW_000161
M001,CONT000162,CAMP003511,PROD000204,SKU000204,Instagram,Carousel,festive,2024-06-11 08:46:58,2024-06-11 09:36:58,4057,1717,416,301,144,173,4,scheduled,content_calendar_csv,CONT_ROW_000162
M001,CONT000163,CAMP000997,PROD000128,SKU000128,LinkedIn,Carousel,social_proof,2024-02-18 11:48:11,2024-02-18 12:01:11,52,31,6,3,4,2,0,scheduled,content_calendar_csv,CONT_ROW_000163
M001,CONT000164,CAMP001759,PROD000103,SKU000103,Instagram,Reel,premium,2024-10-17 20:16:13,2024-10-17 20:33:13,14186,5767,1563,740,718,505,29,failed,content_calendar_csv,CONT_ROW_000164
M001,CONT000165,CAMP002142,PROD000448,SKU000448,Facebook,Static Post,festive,2024-03-17 14:06:51,2024-03-17 14:09:51,1697,1132,64,100,65,126,8,scheduled,content_calendar_csv,CONT_ROW_000165
M001,CONT000166,CAMP000954,PROD000442,SKU000442,Facebook,Reel,premium,2024-11-25 12:39:36,2024-11-25 13:37:36,7666,3646,829,340,621,339,23,published,content_calendar_csv,CONT_ROW_000166
M001,CONT000167,CAMP003380,PROD000317,SKU000317,Instagram,Static Post,everyday_style,2024-09-21 20:57:50,2024-09-21 21:47:50,4648,2666,162,246,568,164,8,published,content_calendar_csv,CONT_ROW_000167
M001,CONT000168,CAMP001607,PROD000092,SKU000092,Instagram,Reel,limited_stock,2024-09-11 22:22:49,2024-09-11 23:41:49,9503,4655,997,727,1169,839,55,published,content_calendar_csv,CONT_ROW_000168
M001,CONT000169,NA,PROD000457,SKU000457,Email,Email,premium,2024-12-09 18:45:08,2024-12-09 19:23:08,2626,1058,146,52,294,257,26,published,content_calendar_csv,CONT_ROW_000169
M001,CONT000170,CAMP001206,PROD000059,SKU000059,Instagram,Story,everyday_style,2024-07-26 00:16:01,2024-07-26 02:05:01,1617,850,75,50,122,97,1,published,content_calendar_csv,CONT_ROW_000170
M001,CONT000171,NA,PROD000131,SKU000131,Email,Email,lifestyle,2024-03-29 00:20:00,2024-03-29 01:29:00,2355,1046,213,106,190,200,22,failed,content_calendar_csv,CONT_ROW_000171
M001,CONT000172,NA,PROD000238,SKU000238,WhatsApp,WhatsApp Broadcast,comfort,2024-04-16 11:12:57,2024-04-16 13:02:57,396,225,16,10,13,71,17,published,content_calendar_csv,CONT_ROW_000172
M001,CONT000173,CAMP001690,PROD000243,SKU000243,WhatsApp,WhatsApp Broadcast,lifestyle,2024-10-29 08:59:17,2024-10-29 10:06:17,691,398,57,35,91,191,9,scheduled,content_calendar_csv,CONT_ROW_000173
M001,CONT000174,CAMP001459,PROD000264,SKU000264,Instagram,Static Post,premium,2024-09-29 01:02:29,2024-09-29 01:24:29,133,55,8,4,19,10,0,cancelled,content_calendar_csv,CONT_ROW_000174
M001,CONT000175,CAMP001398,PROD000470,SKU000470,Facebook,Carousel,utility,2024-09-21 00:32:47,2024-09-21 01:49:47,3049,1617,263,69,401,173,5,published,content_calendar_csv,CONT_ROW_000175
M001,CONT000176,CAMP001130,PROD000220,SKU000220,Facebook,Story,limited_stock,2024-07-16 10:12:43,2024-07-16 10:21:43,1969,1248,146,119,144,59,2,published,content_calendar_csv,CONT_ROW_000176
M001,CONT000177,CAMP002463,PROD000002,SKU000002,LinkedIn,Carousel,social_proof,2024-02-22 10:52:28,2024-02-22 12:32:28,265,111,29,7,39,10,0,published,content_calendar_csv,CONT_ROW_000177
M001,CONT000178,CAMP000727,PROD000243,SKU000243,Email,Email,limited_stock,2024-06-06 22:49:32,2024-06-06 23:46:32,1124,589,119,46,102,163,18,published,content_calendar_csv,CONT_ROW_000178
M001,CONT000179,CAMP000707,PROD000265,SKU000265,WhatsApp,WhatsApp Broadcast,social_proof,2024-03-12 12:51:09,2024-03-12 12:58:09,476,298,56,28,27,147,28,published,content_calendar_csv,CONT_ROW_000179
M001,CONT000180,CAMP003241,PROD000001,SKU000001,WhatsApp,WhatsApp Broadcast,comfort,2024-06-28 17:56:33,2024-06-28 18:56:33,297,192,20,12,11,72,10,published,content_calendar_csv,CONT_ROW_000180
M001,CONT000181,CAMP002571,PROD000120,SKU000120,Facebook,Carousel,premium,2024-10-23 03:06:18,2024-10-23 04:35:18,6607,3359,778,145,645,337,7,published,content_calendar_csv,CONT_ROW_000181
M001,CONT000182,CAMP004403,PROD000265,SKU000265,WhatsApp,WhatsApp Broadcast,lifestyle,2024-10-31 00:52:56,2024-10-31 02:11:56,363,173,18,9,46,39,3,published,content_calendar_csv,CONT_ROW_000182
M001,CONT000183,CAMP002138,PROD000259,SKU000259,Facebook,Reel,premium,2024-06-11 11:29:55,2024-06-11 12:37:55,2883,1672,161,58,255,126,5,published,content_calendar_csv,CONT_ROW_000183
M001,CONT000184,CAMP001925,PROD000204,SKU000204,Email,Email,limited_stock,2024-06-13 15:22:30,2024-06-13 16:40:30,698,285,28,34,101,84,4,published,content_calendar_csv,CONT_ROW_000184
M001,CONT000185,CAMP000078,PROD000308,SKU000308,LinkedIn,Carousel,festive,2024-07-16 17:33:11,2024-07-16 19:24:11,452,240,25,32,59,15,0,published,content_calendar_csv,CONT_ROW_000185
M001,CONT000186,CAMP000929,PROD000402,SKU000402,LinkedIn,Carousel,comfort,2024-12-18 20:43:49,2024-12-18 20:53:49,1896,1142,168,98,228,158,1,failed,content_calendar_csv,CONT_ROW_000186
M001,CONT000187,CAMP002121,PROD000203,SKU000203,Facebook,Carousel,comfort,2024-03-28 20:21:08,2024-03-28 22:06:08,2316,932,219,47,157,85,4,published,content_calendar_csv,CONT_ROW_000187
M001,CONT000188,CAMP002913,PROD000468,SKU000468,Instagram,Reel,everyday_style,2024-06-17 00:14:54,2024-06-17 00:23:54,13349,5907,1136,939,1600,987,52,scheduled,content_calendar_csv,CONT_ROW_000188
M001,CONT000189,CAMP002272,PROD000041,SKU000041,Instagram,Static Post,utility,2024-06-18 19:44:42,2024-06-18 19:58:42,1507,621,115,110,103,139,1,published,content_calendar_csv,CONT_ROW_000189
M001,CONT000190,CAMP002576,PROD000488,SKU000488,Email,Email,limited_stock,2024-07-14 19:57:50,2024-07-14 20:34:50,2614,1775,89,176,333,228,21,cancelled,content_calendar_csv,CONT_ROW_000190
M001,CONT000191,CAMP004354,PROD000245,SKU000245,LinkedIn,Static Post,utility,2024-12-10 04:36:51,2024-12-10 05:50:51,1560,931,79,60,209,53,1,published,content_calendar_csv,CONT_ROW_000191
M001,CONT000192,CAMP001958,PROD000472,SKU000472,Email,Email,lifestyle,2024-05-09 14:53:32,2024-05-09 16:28:32,628,324,66,19,62,50,3,published,content_calendar_csv,CONT_ROW_000192
M001,CONT000193,CAMP003925,PROD000383,SKU000383,LinkedIn,Static Post,lifestyle,2024-01-04 04:13:14,2024-01-04 05:43:14,1155,507,121,68,110,99,6,published,content_calendar_csv,CONT_ROW_000193
M001,CONT000194,CAMP000277,PROD000169,SKU000169,Email,Email,new_launch,2024-07-14 18:47:07,2024-07-14 19:37:07,865,577,84,55,84,153,5,published,content_calendar_csv,CONT_ROW_000194
M001,CONT000195,CAMP001144,PROD000168,SKU000168,Email,Email,discount,2024-12-10 02:49:53,2024-12-10 04:11:53,2596,1392,135,112,234,462,15,published,content_calendar_csv,CONT_ROW_000195
M001,CONT000196,CAMP001191,PROD000490,SKU000490,Facebook,Static Post,premium,2024-05-31 18:05:46,2024-05-31 18:18:46,1400,806,58,45,84,116,7,published,content_calendar_csv,CONT_ROW_000196
M001,CONT000197,CAMP001189,PROD000361,SKU000361,LinkedIn,Static Post,discount,2024-06-24 18:48:56,2024-06-24 20:12:56,1688,936,84,88,89,120,8,scheduled,content_calendar_csv,CONT_ROW_000197
M001,CONT000198,CAMP004179,PROD000371,SKU000371,Instagram,Static Post,limited_stock,2024-11-14 11:05:37,2024-11-14 11:40:37,2333,1078,80,99,142,77,4,published,content_calendar_csv,CONT_ROW_000198
M001,CONT000199,CAMP000706,PROD000175,SKU000175,Email,Email,discount,2024-01-08 09:19:29,2024-01-08 10:20:29,2730,1276,199,130,128,512,16,published,content_calendar_csv,CONT_ROW_000199
M001,CONT000200,CAMP001476,PROD000244,SKU000244,WhatsApp,WhatsApp Broadcast,lifestyle,2024-01-12 06:19:00,2024-01-12 07:25:00,48,26,3,1,4,6,0,published,content_calendar_csv,CONT_ROW_000200
M001,CONT000201,CAMP004695,PROD000001,SKU000001,Email,Email,everyday_style,2024-11-28 16:28:29,2024-11-28 17:58:29,2889,1765,192,201,373,161,10,scheduled,content_calendar_csv,CONT_ROW_000201
M001,CONT000202,CAMP002521,PROD000142,SKU000142,Instagram,Reel,festive,2024-02-12 21:40:09,2024-02-12 23:14:09,4292,1753,483,270,455,309,15,published,content_calendar_csv,CONT_ROW_000202
M001,CONT000203,CAMP003498,PROD000377,SKU000377,Facebook,Carousel,social_proof,2024-01-26 12:22:09,2024-01-26 12:27:09,5601,2246,328,140,303,476,24,published,content_calendar_csv,CONT_ROW_000203
M001,CONT000204,CAMP002477,PROD000022,SKU000022,Email,Email,new_launch,2024-03-10 05:41:43,2024-03-10 06:42:43,1877,982,187,94,164,313,23,published,content_calendar_csv,CONT_ROW_000204
M001,CONT000205,CAMP002584,PROD000028,SKU000028,WhatsApp,WhatsApp Broadcast,discount,2024-01-05 01:01:45,2024-01-05 01:26:45,480,199,39,27,32,93,10,published,content_calendar_csv,CONT_ROW_000205
M001,CONT000206,CAMP003563,PROD000483,SKU000483,WhatsApp,WhatsApp Broadcast,social_proof,2024-09-01 15:30:55,2024-09-01 16:18:55,232,149,13,17,22,76,5,scheduled,content_calendar_csv,CONT_ROW_000206
M001,CONT000207,CAMP000581,PROD000001,SKU000001,Facebook,Carousel,utility,2024-12-23 00:15:27,2024-12-23 00:28:27,6253,3841,273,434,697,197,2,published,content_calendar_csv,CONT_ROW_000207
M001,CONT000208,CAMP001139,PROD000296,SKU000296,Email,Email,festive,2024-11-21 12:01:25,2024-11-21 12:28:25,54,37,4,1,5,10,0,published,content_calendar_csv,CONT_ROW_000208
M001,CONT000209,CAMP004064,PROD000441,SKU000441,Facebook,Reel,utility,2024-02-04 08:05:17,2024-02-04 08:47:17,5242,2698,229,234,378,437,18,published,content_calendar_csv,CONT_ROW_000209
M001,CONT000210,CAMP002252,PROD000410,SKU000410,Email,Email,social_proof,2024-10-05 15:46:05,2024-10-05 16:07:05,1043,507,74,80,153,106,11,published,content_calendar_csv,CONT_ROW_000210
M001,CONT000211,CAMP002417,PROD000069,SKU000069,Email,Email,discount,2024-01-01 02:09:02,2024-01-01 03:03:02,2158,1498,144,139,177,234,22,scheduled,content_calendar_csv,CONT_ROW_000211
M001,CONT000212,CAMP000680,PROD000209,SKU000209,LinkedIn,Static Post,festive,2024-10-11 06:20:36,2024-10-11 08:07:36,846,443,49,35,106,70,3,scheduled,content_calendar_csv,CONT_ROW_000212
M001,CONT000213,CAMP002692,PROD000316,SKU000316,Facebook,Story,comfort,2024-11-20 17:53:00,2024-11-20 18:22:00,2660,1563,121,113,372,101,2,published,content_calendar_csv,CONT_ROW_000213
M001,CONT000214,CAMP002018,PROD000185,SKU000185,Facebook,Story,social_proof,2024-09-28 21:23:02,2024-09-28 23:17:02,1876,1160,136,132,168,151,7,published,content_calendar_csv,CONT_ROW_000214
M001,CONT000215,CAMP004375,PROD000480,SKU000480,WhatsApp,WhatsApp Broadcast,festive,2024-08-19 03:01:12,2024-08-19 04:52:12,732,308,36,20,64,235,41,published,content_calendar_csv,CONT_ROW_000215
M001,CONT000216,CAMP001246,PROD000001,SKU000001,Instagram,Static Post,limited_stock,2024-09-17 03:06:35,2024-09-17 04:31:35,4527,2200,493,231,300,388,26,published,content_calendar_csv,CONT_ROW_000216
M001,CONT000217,CAMP002097,PROD000001,SKU000001,LinkedIn,Carousel,social_proof,2024-05-30 23:03:33,2024-05-30 23:33:33,1818,1151,123,49,184,59,4,published,content_calendar_csv,CONT_ROW_000217
M001,CONT000218,CAMP004717,PROD000023,SKU000023,LinkedIn,Carousel,new_launch,2024-01-08 17:02:53,2024-01-08 17:42:53,1470,987,54,38,164,47,0,published,content_calendar_csv,CONT_ROW_000218
M001,CONT000219,CAMP000225,PROD000306,SKU000306,Email,Email,social_proof,2024-01-20 16:59:31,2024-01-20 17:58:31,1493,728,79,116,167,179,11,published,content_calendar_csv,CONT_ROW_000219
M001,CONT000220,CAMP000715,PROD000071,SKU000071,LinkedIn,Carousel,discount,2024-06-05 17:02:52,2024-06-05 18:20:52,352,190,23,20,17,22,1,published,content_calendar_csv,CONT_ROW_000220
M001,CONT000221,NA,PROD000073,SKU000073,Email,Email,new_launch,2024-09-24 14:26:46,2024-09-24 16:12:46,141,58,7,2,11,27,1,scheduled,content_calendar_csv,CONT_ROW_000221
M001,CONT000222,CAMP001903,PROD000080,SKU000080,Email,Email,everyday_style,2024-02-17 22:10:40,2024-02-17 22:42:40,2621,1276,283,131,196,362,35,published,content_calendar_csv,CONT_ROW_000222
M001,CONT000223,CAMP003504,PROD000402,SKU000402,Email,Email,premium,2024-07-16 03:43:58,2024-07-16 04:14:58,1196,717,87,57,99,234,22,failed,content_calendar_csv,CONT_ROW_000223
M001,CONT000224,CAMP001017,PROD000015,SKU000015,LinkedIn,Carousel,comfort,2024-06-03 08:40:49,2024-06-03 08:40:49,548,283,61,17,34,24,0,published,content_calendar_csv,CONT_ROW_000224
M001,CONT000225,CAMP001072,PROD000444,SKU000444,Email,Email,comfort,2024-05-20 03:52:32,2024-05-20 04:35:32,968,618,67,39,120,192,10,published,content_calendar_csv,CONT_ROW_000225
M001,CONT000226,CAMP004242,PROD000060,SKU000060,Email,Email,lifestyle,2024-01-27 03:39:37,2024-01-27 04:18:37,2185,1247,73,54,134,252,28,published,content_calendar_csv,CONT_ROW_000226
M001,CONT000227,CAMP004824,PROD000347,SKU000347,Facebook,Static Post,discount,2024-01-27 02:50:19,2024-01-27 04:01:19,475,238,27,9,23,27,0,published,content_calendar_csv,CONT_ROW_000227
M001,CONT000228,CAMP001756,PROD000217,SKU000217,Email,Email,comfort,2024-09-05 06:39:43,2024-09-05 07:15:43,2274,1519,223,48,174,340,16,failed,content_calendar_csv,CONT_ROW_000228
M001,CONT000229,CAMP001788,PROD000372,SKU000372,Instagram,Reel,comfort,2024-09-03 03:24:10,2024-09-03 03:38:10,14423,8966,949,1017,1489,923,25,published,content_calendar_csv,CONT_ROW_000229
M001,CONT000230,CAMP001963,PROD000419,SKU000419,Facebook,Carousel,festive,2024-01-20 09:41:53,2024-01-20 11:06:53,1246,827,48,73,76,94,1,published,content_calendar_csv,CONT_ROW_000230
M001,CONT000231,NA,PROD000139,SKU000139,Facebook,Carousel,lifestyle,2024-02-19 11:38:29,2024-02-19 13:05:29,3050,1476,244,83,201,261,4,published,content_calendar_csv,CONT_ROW_000231
M001,CONT000232,CAMP003416,PROD000060,SKU000060,WhatsApp,WhatsApp Broadcast,comfort,2024-01-01 09:20:30,2024-01-01 10:06:30,120,59,5,2,12,19,2,published,content_calendar_csv,CONT_ROW_000232
M001,CONT000233,CAMP000080,PROD000001,SKU000001,Facebook,Reel,comfort,2024-12-03 17:27:45,2024-12-03 19:09:45,2290,924,182,176,166,113,2,published,content_calendar_csv,CONT_ROW_000233
M001,CONT000234,CAMP001876,PROD000329,SKU000329,LinkedIn,Carousel,everyday_style,2024-02-25 15:28:21,2024-02-25 16:57:21,1070,430,100,58,61,87,1,published,content_calendar_csv,CONT_ROW_000234
M001,CONT000235,CAMP003268,PROD000366,SKU000366,Facebook,Reel,new_launch,2024-02-25 16:49:53,2024-02-25 18:09:53,3297,1787,181,184,463,270,14,published,content_calendar_csv,CONT_ROW_000235
M001,CONT000236,CAMP000065,PROD000448,SKU000448,Instagram,Static Post,new_launch,2024-06-06 02:50:24,2024-06-06 04:11:24,1592,819,133,110,200,41,0,published,content_calendar_csv,CONT_ROW_000236
M001,CONT000237,CAMP002728,PROD000470,SKU000470,LinkedIn,Carousel,everyday_style,2024-09-12 18:28:03,2024-09-12 19:15:03,366,252,34,8,50,22,0,scheduled,content_calendar_csv,CONT_ROW_000237
M001,CONT000238,CAMP003359,PROD000399,SKU000399,Facebook,Static Post,comfort,2024-06-27 19:35:11,2024-06-27 20:30:11,2491,1321,218,130,266,156,10,published,content_calendar_csv,CONT_ROW_000238
M001,CONT000239,CAMP004357,PROD000197,SKU000197,WhatsApp,WhatsApp Broadcast,comfort,2024-08-26 20:44:03,2024-08-26 21:59:03,74,37,8,4,7,7,1,published,content_calendar_csv,CONT_ROW_000239
M001,CONT000240,CAMP002576,PROD000488,SKU000488,Instagram,Reel,lifestyle,2024-10-22 01:43:49,2024-10-22 03:00:49,7091,4699,635,239,729,227,14,published,content_calendar_csv,CONT_ROW_000240
M001,CONT000241,CAMP002845,PROD000464,SKU000464,Instagram,Story,utility,2024-06-25 20:19:49,2024-06-25 21:38:49,1586,698,88,109,125,118,7,published,content_calendar_csv,CONT_ROW_000241
M001,CONT000242,CAMP003920,PROD000117,SKU000117,Email,Email,limited_stock,2024-05-09 23:49:51,2024-05-10 00:01:51,2270,1418,128,68,165,337,36,published,content_calendar_csv,CONT_ROW_000242
M001,CONT000243,CAMP000101,PROD000213,SKU000213,Facebook,Reel,new_launch,2024-07-09 21:01:28,2024-07-09 21:51:28,3837,2265,304,170,148,309,21,published,content_calendar_csv,CONT_ROW_000243
M001,CONT000244,CAMP004018,PROD000351,SKU000351,WhatsApp,WhatsApp Broadcast,limited_stock,2024-11-21 19:28:50,2024-11-21 21:00:50,210,134,13,5,28,42,5,published,content_calendar_csv,CONT_ROW_000244
M001,CONT000245,CAMP002315,PROD000448,SKU000448,Facebook,Static Post,utility,2024-10-25 15:43:46,2024-10-25 15:43:46,230,109,8,13,13,18,1,scheduled,content_calendar_csv,CONT_ROW_000245
M001,CONT000246,CAMP001356,PROD000186,SKU000186,Facebook,Reel,lifestyle,2024-01-16 21:36:57,2024-01-16 23:21:57,4690,2490,474,224,247,195,2,published,content_calendar_csv,CONT_ROW_000246
M001,CONT000247,CAMP000889,PROD000260,SKU000260,Facebook,Carousel,everyday_style,2024-04-14 14:26:14,2024-04-14 16:08:14,844,427,85,52,56,18,0,scheduled,content_calendar_csv,CONT_ROW_000247
M001,CONT000248,CAMP003195,PROD000442,SKU000442,Facebook,Static Post,new_launch,2024-05-03 11:39:30,2024-05-03 12:06:30,2572,1193,143,167,346,92,3,published,content_calendar_csv,CONT_ROW_000248
M001,CONT000249,CAMP004516,PROD000249,SKU000249,Email,Email,everyday_style,2024-03-29 12:01:41,2024-03-29 13:50:41,1999,917,96,133,167,320,36,published,content_calendar_csv,CONT_ROW_000249
M001,CONT000250,CAMP000232,PROD000137,SKU000137,LinkedIn,Static Post,social_proof,2024-11-03 12:40:57,2024-11-03 13:59:57,1326,598,148,55,79,36,1,scheduled,content_calendar_csv,CONT_ROW_000250
M001,CONT000251,CAMP003693,PROD000257,SKU000257,Facebook,Reel,utility,2024-08-10 02:59:14,2024-08-10 04:48:14,4770,1999,432,230,364,222,2,published,content_calendar_csv,CONT_ROW_000251
M001,CONT000252,CAMP004968,PROD000085,SKU000085,Email,Email,lifestyle,2024-06-30 22:13:16,2024-06-30 22:49:16,1473,800,93,79,55,100,11,published,content_calendar_csv,CONT_ROW_000252
M001,CONT000253,CAMP002813,PROD000444,SKU000444,Email,Email,social_proof,2024-07-16 09:55:19,2024-07-16 11:11:19,2403,1319,216,152,115,243,26,published,content_calendar_csv,CONT_ROW_000253
M001,CONT000254,CAMP000563,PROD000001,SKU000001,Instagram,Carousel,premium,2024-02-29 09:47:39,2024-02-29 11:04:39,7311,4117,532,514,452,444,29,published,content_calendar_csv,CONT_ROW_000254
M001,CONT000255,CAMP001223,PROD000374,SKU000374,Email,Email,discount,2024-01-03 22:18:00,2024-01-03 23:59:00,199,109,10,12,11,13,1,published,content_calendar_csv,CONT_ROW_000255
M001,CONT000256,NA,PROD000432,SKU000432,Email,Email,everyday_style,2024-12-10 01:08:25,2024-12-10 02:05:25,1213,515,43,51,146,163,5,published,content_calendar_csv,CONT_ROW_000256
M001,CONT000257,CAMP002024,PROD000281,SKU000281,Instagram,Story,premium,2024-11-19 10:07:10,2024-11-19 11:54:10,4116,2798,330,126,469,271,10,published,content_calendar_csv,CONT_ROW_000257
M001,CONT000258,CAMP003014,PROD000080,SKU000080,Email,Email,lifestyle,2024-05-31 07:54:10,2024-05-31 08:03:10,2608,1794,112,53,106,142,12,published,content_calendar_csv,CONT_ROW_000258
M001,CONT000259,NA,PROD000381,SKU000381,Email,Email,social_proof,2024-11-25 22:59:50,2024-11-26 00:18:50,161,86,16,6,10,17,1,published,content_calendar_csv,CONT_ROW_000259
M001,CONT000260,CAMP000001,PROD000174,SKU000174,LinkedIn,Carousel,comfort,2024-03-21 03:26:15,2024-03-21 04:30:15,1552,764,166,60,74,84,2,published,content_calendar_csv,CONT_ROW_000260
M001,CONT000261,CAMP002572,PROD000178,SKU000178,WhatsApp,WhatsApp Broadcast,limited_stock,2024-04-19 10:02:00,2024-04-19 10:22:00,316,189,25,14,26,69,14,published,content_calendar_csv,CONT_ROW_000261
M001,CONT000262,CAMP002588,PROD000006,SKU000006,LinkedIn,Static Post,limited_stock,2024-11-03 22:07:42,2024-11-03 23:58:42,1036,589,44,47,152,86,2,published,content_calendar_csv,CONT_ROW_000262
M001,CONT000263,CAMP004346,PROD000001,SKU000001,Email,Email,new_launch,2024-05-15 21:08:36,2024-05-15 22:19:36,339,193,27,7,13,46,4,published,content_calendar_csv,CONT_ROW_000263
M001,CONT000264,CAMP002924,PROD000199,SKU000199,WhatsApp,WhatsApp Broadcast,comfort,2024-03-23 19:25:29,2024-03-23 19:37:29,745,299,32,45,104,88,13,published,content_calendar_csv,CONT_ROW_000264
M001,CONT000265,CAMP002498,PROD000470,SKU000470,Instagram,Carousel,social_proof,2024-09-23 05:00:37,2024-09-23 06:04:37,13096,6084,1397,516,461,692,26,cancelled,content_calendar_csv,CONT_ROW_000265
M001,CONT000266,CAMP004711,PROD000254,SKU000254,WhatsApp,WhatsApp Broadcast,festive,2024-04-10 16:41:47,2024-04-10 17:11:47,497,334,34,39,52,164,36,published,content_calendar_csv,CONT_ROW_000266
M001,CONT000267,CAMP002863,PROD000080,SKU000080,WhatsApp,WhatsApp Broadcast,utility,2024-07-30 17:25:00,2024-07-30 18:45:00,741,491,62,48,50,210,10,published,content_calendar_csv,CONT_ROW_000267
M001,CONT000268,NA,PROD000319,SKU000319,WhatsApp,WhatsApp Broadcast,lifestyle,2024-12-28 12:09:26,2024-12-28 13:23:26,754,460,50,20,33,152,34,failed,content_calendar_csv,CONT_ROW_000268
M001,CONT000269,CAMP001479,PROD000101,SKU000101,WhatsApp,WhatsApp Broadcast,utility,2024-10-12 20:48:40,2024-10-12 21:13:40,203,103,10,13,30,35,5,published,content_calendar_csv,CONT_ROW_000269
M001,CONT000270,CAMP004905,PROD000303,SKU000303,Email,Email,social_proof,2024-12-13 08:38:10,2024-12-13 09:57:10,808,498,92,58,38,45,4,published,content_calendar_csv,CONT_ROW_000270
M001,CONT000271,CAMP002068,PROD000262,SKU000262,Facebook,Carousel,everyday_style,2024-10-06 19:58:31,2024-10-06 21:23:31,674,389,67,42,94,49,0,published,content_calendar_csv,CONT_ROW_000271
M001,CONT000272,CAMP004070,PROD000423,SKU000423,Facebook,Story,premium,2024-12-28 05:59:15,2024-12-28 06:03:15,915,539,93,50,103,24,1,published,content_calendar_csv,CONT_ROW_000272
M001,CONT000273,CAMP000171,PROD000187,SKU000187,Instagram,Reel,premium,2024-09-18 03:46:39,2024-09-18 04:39:39,5747,2438,393,135,241,226,8,cancelled,content_calendar_csv,CONT_ROW_000273
M001,CONT000274,CAMP000895,PROD000181,SKU000181,Facebook,Story,comfort,2024-07-16 07:16:54,2024-07-16 07:52:54,2088,1388,120,112,192,70,2,published,content_calendar_csv,CONT_ROW_000274
M001,CONT000275,CAMP004146,PROD000285,SKU000285,Instagram,Static Post,utility,2024-01-18 23:49:03,2024-01-19 00:38:03,2635,1814,261,80,293,198,11,failed,content_calendar_csv,CONT_ROW_000275
M001,CONT000276,NA,PROD000472,SKU000472,LinkedIn,Carousel,limited_stock,2024-05-12 18:17:22,2024-05-12 18:32:22,1750,1183,203,54,92,121,3,published,content_calendar_csv,CONT_ROW_000276
M001,CONT000277,CAMP001474,PROD000223,SKU000223,WhatsApp,WhatsApp Broadcast,lifestyle,2024-10-08 01:39:18,2024-10-08 03:14:18,121,68,10,2,5,21,1,published,content_calendar_csv,CONT_ROW_000277
M001,CONT000278,CAMP000700,PROD000250,SKU000250,LinkedIn,Static Post,everyday_style,2024-11-21 08:09:28,2024-11-21 09:56:28,1157,776,116,87,171,51,2,published,content_calendar_csv,CONT_ROW_000278
M001,CONT000279,CAMP004050,PROD000002,SKU000002,LinkedIn,Carousel,discount,2024-01-12 23:41:17,2024-01-13 00:08:17,1249,536,114,54,106,106,2,published,content_calendar_csv,CONT_ROW_000279
M001,CONT000280,CAMP003769,PROD000217,SKU000217,WhatsApp,WhatsApp Broadcast,new_launch,2024-12-20 11:10:08,2024-12-20 12:34:08,766,321,62,52,64,185,28,published,content_calendar_csv,CONT_ROW_000280
M001,CONT000281,CAMP000402,PROD000031,SKU000031,WhatsApp,WhatsApp Broadcast,comfort,2024-04-19 17:34:19,2024-04-19 17:34:19,151,98,15,3,15,33,3,published,content_calendar_csv,CONT_ROW_000281
M001,CONT000282,CAMP000996,PROD000193,SKU000193,LinkedIn,Carousel,limited_stock,2024-04-21 18:35:20,2024-04-21 18:39:20,1558,1044,113,66,147,68,1,published,content_calendar_csv,CONT_ROW_000282
M001,CONT000283,CAMP004994,PROD000193,SKU000193,Instagram,Carousel,utility,2024-08-28 10:40:17,2024-08-28 12:25:17,6459,4369,731,333,638,168,5,published,content_calendar_csv,CONT_ROW_000283
M001,CONT000284,CAMP002161,PROD000407,SKU000407,Instagram,Reel,comfort,2024-08-03 10:26:57,2024-08-03 12:02:57,1118,565,94,32,115,44,0,published,content_calendar_csv,CONT_ROW_000284
M001,CONT000285,NA,PROD000209,SKU000209,LinkedIn,Static Post,limited_stock,2024-03-08 23:54:39,2024-03-09 01:45:39,369,211,42,16,47,28,1,published,content_calendar_csv,CONT_ROW_000285
M001,CONT000286,CAMP004360,PROD000075,SKU000075,Email,Email,discount,2024-05-29 01:42:02,2024-05-29 01:58:02,1417,923,119,67,126,205,13,failed,content_calendar_csv,CONT_ROW_000286
M001,CONT000287,CAMP002972,PROD000470,SKU000470,Instagram,Story,social_proof,2024-10-03 11:42:13,2024-10-03 12:06:13,1369,799,101,57,46,100,4,published,content_calendar_csv,CONT_ROW_000287
M001,CONT000288,CAMP003865,PROD000001,SKU000001,Facebook,Story,social_proof,2024-04-25 03:38:36,2024-04-25 04:28:36,831,348,27,66,34,24,1,scheduled,content_calendar_csv,CONT_ROW_000288
M001,CONT000289,CAMP001238,PROD000071,SKU000071,WhatsApp,WhatsApp Broadcast,limited_stock,2024-11-21 00:34:58,2024-11-21 01:35:58,714,306,54,47,102,81,11,published,content_calendar_csv,CONT_ROW_000289
M001,CONT000290,CAMP002214,PROD000331,SKU000331,WhatsApp,WhatsApp Broadcast,everyday_style,2024-03-10 07:48:55,2024-03-10 09:24:55,737,372,74,18,45,216,41,published,content_calendar_csv,CONT_ROW_000290
M001,CONT000291,CAMP003571,PROD000050,SKU000050,Instagram,Story,new_launch,2024-12-06 05:57:44,2024-12-06 07:31:44,513,236,45,12,64,13,0,published,content_calendar_csv,CONT_ROW_000291
M001,CONT000292,CAMP000194,PROD000198,SKU000198,WhatsApp,WhatsApp Broadcast,premium,2024-08-22 15:13:56,2024-08-22 16:49:56,750,350,53,43,83,258,55,published,content_calendar_csv,CONT_ROW_000292
M001,CONT000293,CAMP004300,PROD000001,SKU000001,Email,Email,comfort,2024-08-03 20:35:58,2024-08-03 22:24:58,2973,2064,340,130,311,359,28,published,content_calendar_csv,CONT_ROW_000293
M001,CONT000294,CAMP001691,PROD000039,SKU000039,WhatsApp,WhatsApp Broadcast,limited_stock,2024-04-21 13:06:03,2024-04-21 13:52:03,239,158,14,18,31,55,3,published,content_calendar_csv,CONT_ROW_000294
M001,CONT000295,CAMP003906,PROD000359,SKU000359,LinkedIn,Carousel,social_proof,2024-08-26 18:44:28,2024-08-26 20:43:28,288,157,28,10,16,17,0,published,content_calendar_csv,CONT_ROW_000295
M001,CONT000296,CAMP003669,PROD000431,SKU000431,Email,Email,comfort,2024-04-05 07:14:00,2024-04-05 09:06:00,1492,954,62,80,201,106,6,published,content_calendar_csv,CONT_ROW_000296
M001,CONT000297,CAMP002201,PROD000045,SKU000045,Instagram,Story,new_launch,2024-12-11 07:44:27,2024-12-11 08:25:27,4948,2796,343,290,674,286,19,published,content_calendar_csv,CONT_ROW_000297
M001,CONT000298,CAMP002599,PROD000413,SKU000413,WhatsApp,WhatsApp Broadcast,social_proof,2024-09-24 10:30:22,2024-09-24 11:31:22,321,134,35,19,44,55,10,published,content_calendar_csv,CONT_ROW_000298
M001,CONT000299,CAMP003655,PROD000200,SKU000200,Email,Email,festive,2024-04-01 08:44:15,2024-04-01 10:24:15,1229,585,143,36,70,231,21,published,content_calendar_csv,CONT_ROW_000299
M001,CONT000300,CAMP001842,PROD000198,SKU000198,WhatsApp,WhatsApp Broadcast,social_proof,2024-10-20 19:20:55,2024-10-20 19:43:55,773,532,80,52,71,164,23,published,content_calendar_csv,CONT_ROW_000300
M001,CONT000301,CAMP004174,PROD000150,SKU000150,Email,Email,comfort,2024-10-07 22:31:44,2024-10-07 23:57:44,2345,1623,151,67,232,428,19,failed,content_calendar_csv,CONT_ROW_000301
M001,CONT000302,CAMP004316,PROD000381,SKU000381,WhatsApp,WhatsApp Broadcast,everyday_style,2024-03-29 22:25:05,2024-03-29 22:32:05,389,237,24,13,57,86,12,published,content_calendar_csv,CONT_ROW_000302
M001,CONT000303,CAMP002434,PROD000418,SKU000418,Email,Email,new_launch,2024-03-26 09:17:53,2024-03-26 09:56:53,874,584,70,66,49,160,7,scheduled,content_calendar_csv,CONT_ROW_000303
M001,CONT000304,NA,PROD000137,SKU000137,Email,Email,utility,2024-06-09 00:43:57,2024-06-09 01:19:57,2554,1476,259,168,178,337,23,published,content_calendar_csv,CONT_ROW_000304
M001,CONT000305,CAMP003957,PROD000397,SKU000397,Facebook,Static Post,comfort,2024-07-28 04:16:36,2024-07-28 04:35:36,2869,1324,198,187,285,174,2,published,content_calendar_csv,CONT_ROW_000305
M001,CONT000306,CAMP000901,PROD000034,SKU000034,WhatsApp,WhatsApp Broadcast,discount,2024-08-08 22:39:06,2024-08-09 00:18:06,655,399,43,18,90,155,17,published,content_calendar_csv,CONT_ROW_000306
M001,CONT000307,CAMP002446,PROD000174,SKU000174,Email,Email,discount,2024-07-11 22:13:02,2024-07-11 22:59:02,480,206,55,30,26,82,2,published,content_calendar_csv,CONT_ROW_000307
M001,CONT000308,CAMP000895,PROD000181,SKU000181,LinkedIn,Static Post,lifestyle,2024-09-20 10:01:29,2024-09-20 11:33:29,1228,814,101,50,87,69,2,published,content_calendar_csv,CONT_ROW_000308
M001,CONT000309,CAMP000559,PROD000363,SKU000363,Instagram,Static Post,lifestyle,2024-10-24 08:23:59,2024-10-24 09:00:59,1497,875,119,42,173,81,5,published,content_calendar_csv,CONT_ROW_000309
M001,CONT000310,CAMP002842,PROD000143,SKU000143,Instagram,Carousel,discount,2024-08-25 21:03:23,2024-08-25 22:23:23,11143,5522,515,802,1329,487,17,published,content_calendar_csv,CONT_ROW_000310
M001,CONT000311,CAMP001466,PROD000250,SKU000250,Facebook,Story,limited_stock,2024-11-09 06:12:06,2024-11-09 06:54:06,2630,1540,219,144,188,233,9,published,content_calendar_csv,CONT_ROW_000311
M001,CONT000312,CAMP003624,PROD000358,SKU000358,Instagram,Reel,everyday_style,2024-06-02 14:09:20,2024-06-02 15:52:20,569,315,64,31,29,38,2,published,content_calendar_csv,CONT_ROW_000312
M001,CONT000313,CAMP003839,PROD000492,SKU000492,Facebook,Static Post,limited_stock,2024-11-19 07:07:33,2024-11-19 08:23:33,1001,404,52,33,31,46,0,published,content_calendar_csv,CONT_ROW_000313
M001,CONT000314,CAMP000658,PROD000007,SKU000007,WhatsApp,WhatsApp Broadcast,lifestyle,2024-04-04 14:26:43,2024-04-04 15:03:43,603,405,55,20,73,118,13,published,content_calendar_csv,CONT_ROW_000314
M001,CONT000315,CAMP003310,PROD000443,SKU000443,WhatsApp,WhatsApp Broadcast,comfort,2024-05-28 01:27:41,2024-05-28 01:54:41,291,159,21,19,34,54,6,cancelled,content_calendar_csv,CONT_ROW_000315
M001,CONT000316,CAMP001059,PROD000074,SKU000074,Email,Email,discount,2024-07-17 23:11:01,2024-07-18 00:07:01,515,359,42,31,58,51,2,published,content_calendar_csv,CONT_ROW_000316
M001,CONT000317,CAMP003276,PROD000317,SKU000317,Instagram,Story,new_launch,2024-10-10 06:50:09,2024-10-10 08:03:09,1508,696,64,112,202,101,4,published,content_calendar_csv,CONT_ROW_000317
M001,CONT000318,NA,PROD000229,SKU000229,Instagram,Carousel,everyday_style,2024-12-15 13:06:31,2024-12-15 13:14:31,8076,3662,787,620,484,303,12,published,content_calendar_csv,CONT_ROW_000318
M001,CONT000319,NA,PROD000005,SKU000005,Instagram,Carousel,utility,2024-01-30 06:11:52,2024-01-30 07:59:52,5295,3293,496,230,507,228,4,published,content_calendar_csv,CONT_ROW_000319
M001,CONT000320,CAMP000241,PROD000001,SKU000001,Email,Email,festive,2024-05-06 18:58:52,2024-05-06 19:37:52,1783,875,165,37,114,284,17,scheduled,content_calendar_csv,CONT_ROW_000320
M001,CONT000321,CAMP004709,PROD000073,SKU000073,Email,Email,everyday_style,2024-11-17 22:09:01,2024-11-17 22:28:01,1113,705,43,70,61,79,2,published,content_calendar_csv,CONT_ROW_000321
M001,CONT000322,CAMP003529,PROD000414,SKU000414,WhatsApp,WhatsApp Broadcast,festive,2024-11-15 17:28:33,2024-11-15 18:13:33,775,377,65,37,95,105,26,published,content_calendar_csv,CONT_ROW_000322
M001,CONT000323,CAMP002620,PROD000189,SKU000189,Facebook,Story,lifestyle,2024-08-04 02:03:30,2024-08-04 03:19:30,225,113,19,11,29,11,0,published,content_calendar_csv,CONT_ROW_000323
M001,CONT000324,CAMP002071,PROD000071,SKU000071,WhatsApp,WhatsApp Broadcast,new_launch,2024-12-22 07:02:16,2024-12-22 08:05:16,561,277,43,22,64,69,8,cancelled,content_calendar_csv,CONT_ROW_000324
M001,CONT000325,CAMP003988,PROD000250,SKU000250,Instagram,Carousel,limited_stock,2024-01-18 08:56:31,2024-01-18 10:33:31,3291,2166,240,81,320,248,13,published,content_calendar_csv,CONT_ROW_000325
M001,CONT000326,CAMP002841,PROD000031,SKU000031,WhatsApp,WhatsApp Broadcast,limited_stock,2024-10-18 13:57:31,2024-10-18 14:49:31,637,439,74,15,54,138,23,published,content_calendar_csv,CONT_ROW_000326
M001,CONT000327,NA,PROD000497,SKU000497,Facebook,Static Post,lifestyle,2024-07-04 01:38:11,2024-07-04 02:20:11,1249,523,97,49,105,121,5,cancelled,content_calendar_csv,CONT_ROW_000327
M001,CONT000328,CAMP001262,PROD000011,SKU000011,LinkedIn,Static Post,discount,2024-11-16 01:36:48,2024-11-16 02:27:48,1193,816,49,31,45,30,1,published,content_calendar_csv,CONT_ROW_000328
M001,CONT000329,CAMP002623,PROD000243,SKU000243,LinkedIn,Carousel,everyday_style,2024-11-14 11:16:17,2024-11-14 12:13:17,1211,745,67,41,91,44,1,published,content_calendar_csv,CONT_ROW_000329
M001,CONT000330,CAMP004974,PROD000068,SKU000068,Facebook,Reel,discount,2024-12-19 18:51:16,2024-12-19 19:16:16,5123,3294,413,309,237,273,7,published,content_calendar_csv,CONT_ROW_000330
M001,CONT000331,CAMP000843,PROD000065,SKU000065,WhatsApp,WhatsApp Broadcast,everyday_style,2024-02-11 23:03:55,2024-02-12 00:32:55,688,286,73,36,72,141,9,published,content_calendar_csv,CONT_ROW_000331
M001,CONT000332,CAMP003254,PROD000405,SKU000405,LinkedIn,Carousel,social_proof,2024-12-25 01:49:50,2024-12-25 03:28:50,739,336,44,42,42,24,0,failed,content_calendar_csv,CONT_ROW_000332
M001,CONT000333,CAMP002559,PROD000002,SKU000002,Instagram,Story,discount,2024-10-28 08:16:26,2024-10-28 09:50:26,3767,1633,430,119,356,122,2,published,content_calendar_csv,CONT_ROW_000333
M001,CONT000334,CAMP002295,PROD000007,SKU000007,Email,Email,lifestyle,2024-02-13 07:57:25,2024-02-13 08:32:25,1051,725,82,23,47,191,14,published,content_calendar_csv,CONT_ROW_000334
M001,CONT000335,CAMP003782,PROD000042,SKU000042,WhatsApp,WhatsApp Broadcast,limited_stock,2024-06-06 16:17:51,2024-06-06 16:21:51,439,292,35,19,61,105,9,failed,content_calendar_csv,CONT_ROW_000335
M001,CONT000336,CAMP001402,PROD000030,SKU000030,Facebook,Static Post,limited_stock,2024-07-04 02:11:32,2024-07-04 03:13:32,1079,630,91,48,67,104,4,published,content_calendar_csv,CONT_ROW_000336
M001,CONT000337,CAMP001050,PROD000209,SKU000209,Facebook,Story,everyday_style,2024-09-14 06:53:44,2024-09-14 08:31:44,525,350,20,37,49,32,0,published,content_calendar_csv,CONT_ROW_000337
M001,CONT000338,CAMP004858,PROD000001,SKU000001,WhatsApp,WhatsApp Broadcast,premium,2024-01-04 07:53:16,2024-01-04 08:31:16,107,43,10,5,5,32,6,published,content_calendar_csv,CONT_ROW_000338
M001,CONT000339,CAMP002233,PROD000020,SKU000020,WhatsApp,WhatsApp Broadcast,festive,2024-05-29 02:35:02,2024-05-29 04:32:02,792,371,32,16,39,91,9,published,content_calendar_csv,CONT_ROW_000339
M001,CONT000340,CAMP002954,PROD000112,SKU000112,Email,Email,premium,2024-03-01 18:53:07,2024-03-01 20:48:07,831,531,62,41,26,126,14,published,content_calendar_csv,CONT_ROW_000340
M001,CONT000341,CAMP002958,PROD000043,SKU000043,Facebook,Reel,limited_stock,2024-12-06 08:40:19,2024-12-06 09:26:19,550,318,64,20,19,44,3,published,content_calendar_csv,CONT_ROW_000341
M001,CONT000342,CAMP004584,PROD000032,SKU000032,Facebook,Story,discount,2024-09-01 18:03:13,2024-09-01 18:27:13,1381,749,133,38,59,66,3,published,content_calendar_csv,CONT_ROW_000342
M001,CONT000343,CAMP003803,PROD000048,SKU000048,Instagram,Story,premium,2024-02-09 06:54:05,2024-02-09 07:48:05,3821,2651,355,167,566,122,2,published,content_calendar_csv,CONT_ROW_000343
M001,CONT000344,CAMP002555,PROD000049,SKU000049,Instagram,Static Post,new_launch,2024-07-19 08:56:54,2024-07-19 08:59:54,4323,2303,299,329,445,194,7,published,content_calendar_csv,CONT_ROW_000344
M001,CONT000345,CAMP003906,PROD000359,SKU000359,LinkedIn,Carousel,festive,2024-06-10 16:49:37,2024-06-10 18:04:37,523,289,28,20,51,25,1,published,content_calendar_csv,CONT_ROW_000345
M001,CONT000346,CAMP002957,PROD000471,SKU000471,Facebook,Static Post,limited_stock,2024-03-29 17:14:22,2024-03-29 18:09:22,598,361,20,30,77,34,0,cancelled,content_calendar_csv,CONT_ROW_000346
M001,CONT000347,CAMP003980,PROD000001,SKU000001,LinkedIn,Static Post,comfort,2024-06-21 15:41:30,2024-06-21 17:24:30,1640,911,112,101,137,71,0,scheduled,content_calendar_csv,CONT_ROW_000347
M001,CONT000348,CAMP001391,PROD000024,SKU000024,LinkedIn,Carousel,limited_stock,2024-08-04 12:58:10,2024-08-04 13:10:10,257,177,22,14,10,21,1,published,content_calendar_csv,CONT_ROW_000348
M001,CONT000349,CAMP001494,PROD000456,SKU000456,WhatsApp,WhatsApp Broadcast,utility,2024-02-18 23:04:50,2024-02-19 00:28:50,623,397,47,45,32,130,7,published,content_calendar_csv,CONT_ROW_000349
M001,CONT000350,CAMP000365,PROD000031,SKU000031,Facebook,Story,premium,2024-07-31 19:30:46,2024-07-31 20:15:46,2611,1140,236,58,290,252,10,published,content_calendar_csv,CONT_ROW_000350
M001,CONT000351,CAMP003637,PROD000426,SKU000426,LinkedIn,Carousel,new_launch,2024-09-28 01:41:28,2024-09-28 01:54:28,158,104,11,8,19,7,0,cancelled,content_calendar_csv,CONT_ROW_000351
M001,CONT000352,CAMP004675,PROD000326,SKU000326,LinkedIn,Static Post,social_proof,2024-04-28 15:03:33,2024-04-28 16:31:33,1784,1134,183,76,100,93,2,scheduled,content_calendar_csv,CONT_ROW_000352
M001,CONT000353,CAMP001581,PROD000335,SKU000335,Instagram,Carousel,new_launch,2024-04-03 00:08:15,2024-04-03 01:29:15,12853,5608,851,388,1354,1070,63,published,content_calendar_csv,CONT_ROW_000353
M001,CONT000354,CAMP003287,PROD000088,SKU000088,Instagram,Reel,new_launch,2024-06-16 13:15:55,2024-06-16 13:22:55,7206,2916,282,165,975,286,12,cancelled,content_calendar_csv,CONT_ROW_000354
M001,CONT000355,CAMP001684,PROD000001,SKU000001,Facebook,Reel,festive,2024-10-24 15:23:42,2024-10-24 15:53:42,7506,4440,618,401,860,214,12,published,content_calendar_csv,CONT_ROW_000355
M001,CONT000356,CAMP001250,PROD000117,SKU000117,Email,Email,festive,2024-09-16 21:32:57,2024-09-16 22:51:57,2901,1556,346,126,407,322,22,published,content_calendar_csv,CONT_ROW_000356
M001,CONT000357,CAMP000209,PROD000144,SKU000144,LinkedIn,Carousel,new_launch,2024-06-02 11:15:13,2024-06-02 11:31:13,1402,896,52,36,118,95,0,published,content_calendar_csv,CONT_ROW_000357
M001,CONT000358,CAMP003995,PROD000371,SKU000371,Instagram,Static Post,utility,2024-04-16 17:25:59,2024-04-16 17:46:59,2899,1698,347,108,276,62,2,failed,content_calendar_csv,CONT_ROW_000358
M001,CONT000359,CAMP001169,PROD000001,SKU000001,LinkedIn,Static Post,lifestyle,2024-11-06 06:57:21,2024-11-06 07:09:21,448,274,18,27,32,16,0,published,content_calendar_csv,CONT_ROW_000359
M001,CONT000360,CAMP001108,PROD000451,SKU000451,Facebook,Static Post,everyday_style,2024-03-31 22:30:58,2024-03-31 23:36:58,902,402,65,48,131,30,1,published,content_calendar_csv,CONT_ROW_000360
M001,CONT000361,CAMP002011,PROD000187,SKU000187,Facebook,Static Post,premium,2024-07-26 19:41:07,2024-07-26 20:54:07,2556,1440,169,168,117,184,8,published,content_calendar_csv,CONT_ROW_000361
M001,CONT000362,CAMP002719,PROD000141,SKU000141,LinkedIn,Static Post,limited_stock,2024-08-26 11:39:37,2024-08-26 13:04:37,1776,1075,174,129,148,146,7,published,content_calendar_csv,CONT_ROW_000362
M001,CONT000363,CAMP001898,PROD000317,SKU000317,Facebook,Story,lifestyle,2024-07-27 06:42:49,2024-07-27 07:00:49,2692,1746,317,158,266,79,2,published,content_calendar_csv,CONT_ROW_000363
M001,CONT000364,CAMP002750,PROD000087,SKU000087,WhatsApp,WhatsApp Broadcast,premium,2024-06-26 11:39:33,2024-06-26 12:40:33,531,233,35,27,22,159,33,published,content_calendar_csv,CONT_ROW_000364
M001,CONT000365,CAMP003580,PROD000481,SKU000481,WhatsApp,WhatsApp Broadcast,premium,2024-12-21 14:49:10,2024-12-21 14:56:10,680,372,49,44,22,156,32,published,content_calendar_csv,CONT_ROW_000365
M001,CONT000366,CAMP000870,PROD000206,SKU000206,WhatsApp,WhatsApp Broadcast,discount,2024-10-07 17:14:53,2024-10-07 18:35:53,443,243,45,24,55,113,13,published,content_calendar_csv,CONT_ROW_000366
M001,CONT000367,CAMP004461,PROD000051,SKU000051,Email,Email,discount,2024-04-15 15:35:58,2024-04-15 17:22:58,2502,1173,113,55,255,422,27,published,content_calendar_csv,CONT_ROW_000367
M001,CONT000368,CAMP001551,PROD000354,SKU000354,WhatsApp,WhatsApp Broadcast,premium,2024-03-01 01:08:16,2024-03-01 01:29:16,335,141,24,13,22,74,9,published,content_calendar_csv,CONT_ROW_000368
M001,CONT000369,CAMP001963,PROD000419,SKU000419,Instagram,Carousel,new_launch,2024-03-07 13:01:03,2024-03-07 14:15:03,9962,4357,683,282,817,851,58,published,content_calendar_csv,CONT_ROW_000369
M001,CONT000370,CAMP001591,PROD000001,SKU000001,Facebook,Carousel,everyday_style,2024-01-27 20:45:33,2024-01-27 21:29:33,7835,4247,458,579,501,398,15,cancelled,content_calendar_csv,CONT_ROW_000370
M001,CONT000371,CAMP003933,PROD000442,SKU000442,Instagram,Reel,new_launch,2024-07-20 06:53:54,2024-07-20 07:37:54,3355,1655,392,214,348,298,20,published,content_calendar_csv,CONT_ROW_000371
M001,CONT000372,CAMP003340,PROD000416,SKU000416,Email,Email,comfort,2024-07-03 22:19:19,2024-07-03 22:21:19,1119,634,40,61,64,202,9,published,content_calendar_csv,CONT_ROW_000372
M001,CONT000373,CAMP002203,PROD000489,SKU000489,LinkedIn,Static Post,comfort,2024-12-09 17:30:45,2024-12-09 17:31:45,36,19,2,2,1,1,0,published,content_calendar_csv,CONT_ROW_000373
M001,CONT000374,CAMP002174,PROD000226,SKU000226,LinkedIn,Carousel,everyday_style,2024-04-03 10:29:36,2024-04-03 11:02:36,582,243,32,28,54,13,0,published,content_calendar_csv,CONT_ROW_000374
M001,CONT000375,CAMP004498,PROD000235,SKU000235,WhatsApp,WhatsApp Broadcast,social_proof,2024-03-04 02:09:20,2024-03-04 03:09:20,593,395,25,23,71,174,20,published,content_calendar_csv,CONT_ROW_000375
M001,CONT000376,CAMP002157,PROD000053,SKU000053,LinkedIn,Static Post,social_proof,2024-03-27 03:04:51,2024-03-27 04:18:51,443,189,18,8,16,16,0,published,content_calendar_csv,CONT_ROW_000376
M001,CONT000377,CAMP000024,PROD000069,SKU000069,LinkedIn,Carousel,premium,2024-11-12 08:37:51,2024-11-12 10:17:51,1628,961,70,76,109,77,4,published,content_calendar_csv,CONT_ROW_000377
M001,CONT000378,CAMP000029,PROD000444,SKU000444,WhatsApp,WhatsApp Broadcast,limited_stock,2024-05-27 05:29:00,2024-05-27 07:24:00,559,328,36,37,29,188,10,published,content_calendar_csv,CONT_ROW_000378
M001,CONT000379,CAMP001394,PROD000028,SKU000028,Email,Email,discount,2024-01-24 15:33:25,2024-01-24 15:42:25,849,545,50,48,29,74,5,published,content_calendar_csv,CONT_ROW_000379
M001,CONT000380,NA,PROD000175,SKU000175,WhatsApp,WhatsApp Broadcast,utility,2024-10-12 06:37:37,2024-10-12 07:17:37,698,483,37,43,34,239,49,published,content_calendar_csv,CONT_ROW_000380
M001,CONT000381,CAMP001855,PROD000001,SKU000001,Email,Email,premium,2024-06-22 03:18:49,2024-06-22 03:48:49,439,303,41,32,20,66,6,published,content_calendar_csv,CONT_ROW_000381
M001,CONT000382,CAMP001928,PROD000074,SKU000074,Instagram,Story,festive,2024-02-03 16:21:01,2024-02-03 17:58:01,4394,1793,505,87,586,133,5,published,content_calendar_csv,CONT_ROW_000382
M001,CONT000383,CAMP000332,PROD000064,SKU000064,Facebook,Story,premium,2024-05-21 22:33:24,2024-05-22 00:32:24,1349,640,127,61,96,40,0,published,content_calendar_csv,CONT_ROW_000383
M001,CONT000384,CAMP001568,PROD000253,SKU000253,Email,Email,comfort,2024-06-29 17:10:03,2024-06-29 17:16:03,1844,772,200,83,70,338,14,published,content_calendar_csv,CONT_ROW_000384
M001,CONT000385,NA,PROD000237,SKU000237,Instagram,Story,discount,2024-03-20 06:55:06,2024-03-20 07:13:06,4474,2466,493,217,267,181,11,failed,content_calendar_csv,CONT_ROW_000385
M001,CONT000386,CAMP002559,PROD000002,SKU000002,Facebook,Static Post,discount,2024-03-13 03:13:25,2024-03-13 03:50:25,322,168,23,13,14,30,0,cancelled,content_calendar_csv,CONT_ROW_000386
M001,CONT000387,CAMP003454,PROD000304,SKU000304,WhatsApp,WhatsApp Broadcast,limited_stock,2024-01-23 22:35:20,2024-01-24 00:00:20,357,159,31,12,46,78,13,published,content_calendar_csv,CONT_ROW_000387
M001,CONT000388,CAMP000714,PROD000234,SKU000234,LinkedIn,Carousel,discount,2024-07-05 03:14:18,2024-07-05 03:34:18,202,123,13,13,8,7,0,scheduled,content_calendar_csv,CONT_ROW_000388
M001,CONT000389,CAMP003253,PROD000361,SKU000361,LinkedIn,Carousel,discount,2024-03-17 15:27:18,2024-03-17 16:14:18,670,410,36,31,57,47,1,published,content_calendar_csv,CONT_ROW_000389
M001,CONT000390,CAMP000715,PROD000071,SKU000071,Instagram,Carousel,new_launch,2024-07-05 19:06:12,2024-07-05 20:55:12,13171,6314,872,539,1676,367,10,published,content_calendar_csv,CONT_ROW_000390
M001,CONT000391,CAMP001949,PROD000322,SKU000322,Facebook,Reel,discount,2024-08-19 20:06:50,2024-08-19 21:42:50,2935,2047,267,225,243,93,6,published,content_calendar_csv,CONT_ROW_000391
M001,CONT000392,CAMP004505,PROD000314,SKU000314,LinkedIn,Static Post,utility,2024-11-20 14:47:14,2024-11-20 14:50:14,1128,455,127,89,46,72,2,cancelled,content_calendar_csv,CONT_ROW_000392
M001,CONT000393,CAMP000176,PROD000082,SKU000082,LinkedIn,Carousel,discount,2024-04-25 12:55:48,2024-04-25 14:22:48,294,167,14,13,16,22,0,published,content_calendar_csv,CONT_ROW_000393
M001,CONT000394,CAMP003779,PROD000001,SKU000001,Facebook,Reel,utility,2024-04-28 19:03:18,2024-04-28 19:13:18,5138,2553,215,385,179,250,16,published,content_calendar_csv,CONT_ROW_000394
M001,CONT000395,CAMP000634,PROD000188,SKU000188,Email,Email,premium,2024-07-16 12:10:01,2024-07-16 12:23:01,2880,1951,107,121,99,520,29,published,content_calendar_csv,CONT_ROW_000395
M001,CONT000396,CAMP003304,PROD000201,SKU000201,Email,Email,discount,2024-07-13 02:57:23,2024-07-13 03:35:23,653,282,70,29,90,70,3,published,content_calendar_csv,CONT_ROW_000396
M001,CONT000397,CAMP003055,PROD000060,SKU000060,WhatsApp,WhatsApp Broadcast,limited_stock,2024-05-06 23:35:43,2024-05-06 23:37:43,567,287,47,17,26,67,11,published,content_calendar_csv,CONT_ROW_000397
M001,CONT000398,CAMP002337,PROD000001,SKU000001,LinkedIn,Static Post,new_launch,2024-10-31 05:19:01,2024-10-31 06:19:01,248,119,12,19,18,7,0,scheduled,content_calendar_csv,CONT_ROW_000398
M001,CONT000399,CAMP000954,PROD000442,SKU000442,LinkedIn,Static Post,festive,2024-11-08 13:43:34,2024-11-08 14:53:34,88,50,10,6,10,8,0,scheduled,content_calendar_csv,CONT_ROW_000399
M001,CONT000400,CAMP002559,PROD000002,SKU000002,LinkedIn,Carousel,everyday_style,2024-06-29 20:07:30,2024-06-29 22:03:30,544,224,32,32,75,47,3,published,content_calendar_csv,CONT_ROW_000400
M001,CONT000401,CAMP000393,PROD000209,SKU000209,Email,Email,everyday_style,2024-04-19 12:24:52,2024-04-19 13:13:52,1690,1004,171,80,142,258,24,published,content_calendar_csv,CONT_ROW_000401
M001,CONT000402,CAMP002680,PROD000100,SKU000100,WhatsApp,WhatsApp Broadcast,new_launch,2024-08-24 06:40:44,2024-08-24 08:32:44,178,117,18,4,6,38,8,published,content_calendar_csv,CONT_ROW_000402
M001,CONT000403,CAMP002859,PROD000203,SKU000203,Instagram,Story,limited_stock,2024-08-15 12:19:29,2024-08-15 13:02:29,4666,2280,296,197,686,226,6,published,content_calendar_csv,CONT_ROW_000403
M001,CONT000404,CAMP002686,PROD000248,SKU000248,LinkedIn,Static Post,discount,2024-12-16 16:16:58,2024-12-16 16:42:58,1141,675,96,29,42,99,5,published,content_calendar_csv,CONT_ROW_000404
M001,CONT000405,NA,PROD000004,SKU000004,Instagram,Reel,festive,2024-10-05 16:55:59,2024-10-05 18:37:59,14709,8156,1513,841,539,683,21,scheduled,content_calendar_csv,CONT_ROW_000405
M001,CONT000406,CAMP000042,PROD000002,SKU000002,Facebook,Story,new_launch,2024-07-23 01:16:43,2024-07-23 02:54:43,1727,896,64,118,244,165,11,cancelled,content_calendar_csv,CONT_ROW_000406
M001,CONT000407,CAMP001554,PROD000078,SKU000078,WhatsApp,WhatsApp Broadcast,limited_stock,2024-06-16 02:22:39,2024-06-16 03:56:39,221,142,23,9,19,55,12,failed,content_calendar_csv,CONT_ROW_000407
M001,CONT000408,CAMP004976,PROD000183,SKU000183,LinkedIn,Carousel,premium,2024-07-15 15:14:44,2024-07-15 16:16:44,1039,583,66,36,126,93,4,published,content_calendar_csv,CONT_ROW_000408
M001,CONT000409,CAMP000737,PROD000060,SKU000060,Facebook,Static Post,lifestyle,2024-03-08 18:14:38,2024-03-08 19:53:38,682,327,75,27,65,40,1,published,content_calendar_csv,CONT_ROW_000409
M001,CONT000410,CAMP002437,PROD000356,SKU000356,LinkedIn,Carousel,festive,2024-02-20 02:20:20,2024-02-20 03:33:20,1507,932,75,58,107,126,1,published,content_calendar_csv,CONT_ROW_000410
M001,CONT000411,CAMP001192,PROD000443,SKU000443,LinkedIn,Static Post,utility,2024-05-02 03:35:02,2024-05-02 05:31:02,1902,1138,201,73,243,180,6,scheduled,content_calendar_csv,CONT_ROW_000411
M001,CONT000412,CAMP004171,PROD000117,SKU000117,Facebook,Static Post,new_launch,2024-11-14 20:51:49,2024-11-14 22:35:49,845,474,57,54,97,62,3,published,content_calendar_csv,CONT_ROW_000412
M001,CONT000413,CAMP003193,PROD000267,SKU000267,WhatsApp,WhatsApp Broadcast,festive,2024-02-02 13:41:39,2024-02-02 15:37:39,603,353,26,46,36,76,10,published,content_calendar_csv,CONT_ROW_000413
M001,CONT000414,CAMP002819,PROD000045,SKU000045,LinkedIn,Carousel,festive,2024-09-16 04:25:34,2024-09-16 05:18:34,1707,765,83,62,56,48,1,published,content_calendar_csv,CONT_ROW_000414
M001,CONT000415,CAMP001204,PROD000195,SKU000195,Instagram,Carousel,comfort,2024-11-07 13:56:03,2024-11-07 13:57:03,2531,1536,207,103,276,170,6,published,content_calendar_csv,CONT_ROW_000415
M001,CONT000416,CAMP000886,PROD000045,SKU000045,LinkedIn,Static Post,premium,2024-06-12 14:36:37,2024-06-12 14:39:37,351,216,29,18,45,26,1,published,content_calendar_csv,CONT_ROW_000416
M001,CONT000417,CAMP004712,PROD000233,SKU000233,Facebook,Static Post,discount,2024-11-26 13:36:45,2024-11-26 14:51:45,967,596,85,21,51,57,2,published,content_calendar_csv,CONT_ROW_000417
M001,CONT000418,CAMP000757,PROD000351,SKU000351,Email,Email,everyday_style,2024-01-13 00:43:45,2024-01-13 02:38:45,1545,741,86,78,201,187,10,scheduled,content_calendar_csv,CONT_ROW_000418
M001,CONT000419,CAMP001343,PROD000277,SKU000277,WhatsApp,WhatsApp Broadcast,limited_stock,2024-04-30 13:21:20,2024-04-30 14:32:20,673,302,51,30,49,119,22,published,content_calendar_csv,CONT_ROW_000419
M001,CONT000420,CAMP002758,PROD000320,SKU000320,Instagram,Reel,premium,2024-07-21 09:27:52,2024-07-21 10:52:52,8568,5822,820,351,860,821,48,published,content_calendar_csv,CONT_ROW_000420
M001,CONT000421,CAMP001533,PROD000154,SKU000154,Instagram,Static Post,everyday_style,2024-12-23 00:42:34,2024-12-23 02:15:34,2586,1175,84,163,244,247,8,published,content_calendar_csv,CONT_ROW_000421
M001,CONT000422,NA,PROD000347,SKU000347,Email,Email,utility,2024-02-10 06:15:26,2024-02-10 07:38:26,1546,692,121,61,75,201,21,published,content_calendar_csv,CONT_ROW_000422
M001,CONT000423,CAMP003657,PROD000185,SKU000185,Facebook,Static Post,comfort,2024-04-13 16:47:28,2024-04-13 18:14:28,1922,831,127,50,133,68,1,published,content_calendar_csv,CONT_ROW_000423
M001,CONT000424,CAMP001058,PROD000050,SKU000050,WhatsApp,WhatsApp Broadcast,limited_stock,2024-10-06 10:40:21,2024-10-06 11:25:21,555,372,49,43,51,60,10,published,content_calendar_csv,CONT_ROW_000424
M001,CONT000425,CAMP004818,PROD000440,SKU000440,Facebook,Reel,social_proof,2024-12-17 06:08:47,2024-12-17 08:01:47,1079,443,59,80,52,105,5,published,content_calendar_csv,CONT_ROW_000425
M001,CONT000426,CAMP004395,PROD000226,SKU000226,LinkedIn,Carousel,discount,2024-07-26 19:27:59,2024-07-26 20:38:59,751,428,77,40,52,49,1,published,content_calendar_csv,CONT_ROW_000426
M001,CONT000427,NA,PROD000044,SKU000044,Facebook,Carousel,everyday_style,2024-07-15 19:49:40,2024-07-15 21:01:40,4131,2442,304,153,416,236,5,published,content_calendar_csv,CONT_ROW_000427
M001,CONT000428,CAMP002435,PROD000025,SKU000025,WhatsApp,WhatsApp Broadcast,comfort,2024-01-13 07:22:22,2024-01-13 09:12:22,399,202,38,8,30,45,10,published,content_calendar_csv,CONT_ROW_000428
M001,CONT000429,CAMP000987,PROD000285,SKU000285,Email,Email,social_proof,2024-06-11 13:29:50,2024-06-11 13:46:50,1350,819,119,50,44,144,14,published,content_calendar_csv,CONT_ROW_000429
M001,CONT000430,NA,PROD000121,SKU000121,LinkedIn,Static Post,festive,2024-09-11 13:56:12,2024-09-11 14:39:12,1239,707,50,67,173,97,1,scheduled,content_calendar_csv,CONT_ROW_000430
M001,CONT000431,CAMP003828,PROD000200,SKU000200,Email,Email,lifestyle,2024-08-27 23:09:09,2024-08-27 23:14:09,1649,766,132,52,221,112,9,published,content_calendar_csv,CONT_ROW_000431
M001,CONT000432,CAMP004050,PROD000002,SKU000002,Instagram,Reel,new_launch,2024-01-10 01:09:50,2024-01-10 01:15:50,6375,3833,424,485,678,230,10,published,content_calendar_csv,CONT_ROW_000432
M001,CONT000433,CAMP003653,PROD000361,SKU000361,WhatsApp,WhatsApp Broadcast,limited_stock,2024-03-31 16:13:21,2024-03-31 16:54:21,218,106,22,11,15,32,2,published,content_calendar_csv,CONT_ROW_000433
M001,CONT000434,CAMP001890,PROD000117,SKU000117,Email,Email,discount,2024-04-28 17:54:53,2024-04-28 19:08:53,2389,1380,236,162,164,150,15,published,content_calendar_csv,CONT_ROW_000434
M001,CONT000435,CAMP003691,PROD000193,SKU000193,Email,Email,everyday_style,2024-07-15 23:28:54,2024-07-16 01:02:54,1981,1263,118,58,275,184,10,published,content_calendar_csv,CONT_ROW_000435
M001,CONT000436,NA,PROD000425,SKU000425,Facebook,Carousel,discount,2024-03-01 14:19:56,2024-03-01 15:15:56,6702,3897,221,245,330,144,2,published,content_calendar_csv,CONT_ROW_000436
M001,CONT000437,CAMP000162,PROD000273,SKU000273,LinkedIn,Carousel,lifestyle,2024-07-14 19:16:34,2024-07-14 20:48:34,276,182,11,9,9,7,0,published,content_calendar_csv,CONT_ROW_000437
M001,CONT000438,CAMP000659,PROD000134,SKU000134,Facebook,Carousel,new_launch,2024-03-06 15:16:30,2024-03-06 17:06:30,4942,2518,563,238,274,325,10,published,content_calendar_csv,CONT_ROW_000438
M001,CONT000439,CAMP002297,PROD000001,SKU000001,Email,Email,limited_stock,2024-03-21 13:03:00,2024-03-21 14:39:00,1872,800,79,51,125,328,22,published,content_calendar_csv,CONT_ROW_000439
M001,CONT000440,CAMP001558,PROD000030,SKU000030,Facebook,Static Post,utility,2024-02-03 23:56:18,2024-02-03 23:56:18,251,132,28,17,16,19,0,published,content_calendar_csv,CONT_ROW_000440
M001,CONT000441,CAMP002034,PROD000115,SKU000115,Instagram,Static Post,premium,2024-01-13 15:46:23,2024-01-13 17:01:23,2987,1929,151,236,328,116,6,published,content_calendar_csv,CONT_ROW_000441
M001,CONT000442,CAMP001315,PROD000123,SKU000123,Instagram,Static Post,social_proof,2024-04-10 18:18:58,2024-04-10 18:58:58,943,504,73,48,72,24,1,published,content_calendar_csv,CONT_ROW_000442
M001,CONT000443,NA,PROD000438,SKU000438,WhatsApp,WhatsApp Broadcast,everyday_style,2024-06-25 02:13:41,2024-06-25 02:33:41,542,307,23,16,55,157,34,published,content_calendar_csv,CONT_ROW_000443
M001,CONT000444,CAMP001511,PROD000290,SKU000290,WhatsApp,WhatsApp Broadcast,lifestyle,2024-04-01 20:44:19,2024-04-01 21:31:19,116,79,5,3,5,35,3,published,content_calendar_csv,CONT_ROW_000444
M001,CONT000445,CAMP004733,PROD000073,SKU000073,Instagram,Static Post,limited_stock,2024-03-16 10:45:03,2024-03-16 10:45:03,649,420,41,50,62,36,1,failed,content_calendar_csv,CONT_ROW_000445
M001,CONT000446,CAMP001246,PROD000001,SKU000001,WhatsApp,WhatsApp Broadcast,discount,2024-07-12 00:06:39,2024-07-12 01:58:39,556,366,54,35,30,69,8,published,content_calendar_csv,CONT_ROW_000446
M001,CONT000447,CAMP002217,PROD000284,SKU000284,Instagram,Reel,utility,2024-03-07 23:01:10,2024-03-08 00:40:10,6989,4790,526,277,247,551,18,scheduled,content_calendar_csv,CONT_ROW_000447
M001,CONT000448,CAMP001596,PROD000003,SKU000003,WhatsApp,WhatsApp Broadcast,social_proof,2024-07-13 15:58:09,2024-07-13 16:09:09,477,266,41,22,51,139,20,published,content_calendar_csv,CONT_ROW_000448
M001,CONT000449,CAMP002008,PROD000250,SKU000250,WhatsApp,WhatsApp Broadcast,comfort,2024-07-10 08:48:34,2024-07-10 09:11:34,84,45,9,6,9,18,1,published,content_calendar_csv,CONT_ROW_000449
M001,CONT000450,CAMP003774,PROD000093,SKU000093,Instagram,Static Post,comfort,2024-06-03 23:51:45,2024-06-04 00:24:45,3518,1820,142,112,366,203,4,published,content_calendar_csv,CONT_ROW_000450
M001,CONT000451,CAMP003151,PROD000001,SKU000001,Email,Email,comfort,2024-02-22 02:17:20,2024-02-22 03:32:20,725,484,42,22,47,51,2,published,content_calendar_csv,CONT_ROW_000451
M001,CONT000452,CAMP003721,PROD000202,SKU000202,Email,Email,utility,2024-02-23 07:17:14,2024-02-23 09:03:14,638,328,20,25,44,51,6,published,content_calendar_csv,CONT_ROW_000452
M001,CONT000453,CAMP002276,PROD000026,SKU000026,Instagram,Carousel,everyday_style,2024-07-02 11:29:29,2024-07-02 13:01:29,7212,4436,326,459,441,586,16,scheduled,content_calendar_csv,CONT_ROW_000453
M001,CONT000454,CAMP004536,PROD000135,SKU000135,Instagram,Story,festive,2024-03-06 02:43:22,2024-03-06 03:10:22,887,468,34,64,100,50,3,published,content_calendar_csv,CONT_ROW_000454
M001,CONT000455,NA,PROD000271,SKU000271,Email,Email,lifestyle,2024-04-19 15:49:47,2024-04-19 17:35:47,1458,866,55,105,63,212,14,failed,content_calendar_csv,CONT_ROW_000455
M001,CONT000456,CAMP003034,PROD000499,SKU000499,Instagram,Story,festive,2024-01-31 05:01:33,2024-01-31 06:08:33,1816,1080,214,55,119,124,1,published,content_calendar_csv,CONT_ROW_000456
M001,CONT000457,CAMP002378,PROD000340,SKU000340,Instagram,Story,discount,2024-06-20 10:53:19,2024-06-20 12:48:19,2864,1217,298,167,185,273,14,published,content_calendar_csv,CONT_ROW_000457
M001,CONT000458,CAMP004019,PROD000341,SKU000341,LinkedIn,Carousel,comfort,2024-09-30 19:30:58,2024-09-30 21:17:58,738,451,46,22,54,65,0,published,content_calendar_csv,CONT_ROW_000458
M001,CONT000459,CAMP004519,PROD000378,SKU000378,LinkedIn,Carousel,new_launch,2024-04-10 06:37:26,2024-04-10 07:28:26,1401,662,112,63,76,65,3,published,content_calendar_csv,CONT_ROW_000459
M001,CONT000460,CAMP003369,PROD000482,SKU000482,LinkedIn,Carousel,new_launch,2024-09-06 17:48:57,2024-09-06 19:30:57,1570,980,155,37,163,139,5,published,content_calendar_csv,CONT_ROW_000460
M001,CONT000461,CAMP004491,PROD000312,SKU000312,Facebook,Carousel,festive,2024-07-01 21:38:41,2024-07-01 23:00:41,7021,2992,490,524,1001,370,20,published,content_calendar_csv,CONT_ROW_000461
M001,CONT000462,CAMP004449,PROD000443,SKU000443,WhatsApp,WhatsApp Broadcast,new_launch,2024-03-26 02:26:27,2024-03-26 02:51:27,598,287,41,26,69,182,14,published,content_calendar_csv,CONT_ROW_000462
M001,CONT000463,CAMP004434,PROD000295,SKU000295,Email,Email,festive,2024-04-10 03:45:57,2024-04-10 03:49:57,790,336,93,56,50,67,4,published,content_calendar_csv,CONT_ROW_000463
M001,CONT000464,CAMP003866,PROD000205,SKU000205,Facebook,Static Post,social_proof,2024-09-12 18:16:44,2024-09-12 20:06:44,2638,1709,237,152,195,162,2,published,content_calendar_csv,CONT_ROW_000464
M001,CONT000465,CAMP001387,PROD000105,SKU000105,LinkedIn,Static Post,social_proof,2024-10-05 08:33:05,2024-10-05 09:48:05,375,207,44,14,41,29,1,cancelled,content_calendar_csv,CONT_ROW_000465
M001,CONT000466,CAMP001766,PROD000219,SKU000219,LinkedIn,Static Post,new_launch,2024-09-20 13:41:25,2024-09-20 13:46:25,1912,1155,114,127,172,59,2,published,content_calendar_csv,CONT_ROW_000466
M001,CONT000467,CAMP001745,PROD000436,SKU000436,LinkedIn,Carousel,discount,2024-07-31 11:01:23,2024-07-31 11:51:23,1992,812,172,83,270,102,1,cancelled,content_calendar_csv,CONT_ROW_000467
M001,CONT000468,CAMP001099,PROD000423,SKU000423,Instagram,Static Post,lifestyle,2024-08-21 18:13:34,2024-08-21 18:17:34,1038,696,73,37,76,86,5,published,content_calendar_csv,CONT_ROW_000468
M001,CONT000469,CAMP003111,PROD000180,SKU000180,Facebook,Story,new_launch,2024-08-04 19:57:26,2024-08-04 20:34:26,1869,843,141,79,69,148,5,published,content_calendar_csv,CONT_ROW_000469
M001,CONT000470,CAMP000253,PROD000220,SKU000220,LinkedIn,Carousel,comfort,2024-10-22 21:00:24,2024-10-22 22:01:24,1770,1237,169,121,183,44,2,scheduled,content_calendar_csv,CONT_ROW_000470
M001,CONT000471,CAMP000997,PROD000128,SKU000128,Instagram,Carousel,new_launch,2024-12-10 20:56:21,2024-12-10 22:36:21,700,442,79,23,88,17,0,published,content_calendar_csv,CONT_ROW_000471
M001,CONT000472,CAMP002037,PROD000380,SKU000380,Facebook,Static Post,lifestyle,2024-10-25 08:08:23,2024-10-25 09:16:23,2647,1274,112,91,99,123,2,published,content_calendar_csv,CONT_ROW_000472
M001,CONT000473,CAMP000993,PROD000076,SKU000076,LinkedIn,Static Post,premium,2024-08-14 22:08:36,2024-08-14 22:19:36,934,430,40,27,117,56,3,published,content_calendar_csv,CONT_ROW_000473
M001,CONT000474,CAMP001758,PROD000313,SKU000313,LinkedIn,Carousel,new_launch,2024-07-10 14:25:01,2024-07-10 16:01:01,832,379,38,53,110,52,1,published,content_calendar_csv,CONT_ROW_000474
M001,CONT000475,CAMP004896,PROD000230,SKU000230,Facebook,Reel,comfort,2024-10-18 17:25:54,2024-10-18 19:07:54,3247,1428,178,202,486,126,5,scheduled,content_calendar_csv,CONT_ROW_000475
M001,CONT000476,NA,PROD000182,SKU000182,LinkedIn,Carousel,festive,2024-01-13 09:23:24,2024-01-13 09:37:24,566,379,43,12,27,51,1,published,content_calendar_csv,CONT_ROW_000476
M001,CONT000477,CAMP001628,PROD000001,SKU000001,Email,Email,discount,2024-11-15 13:44:39,2024-11-15 14:58:39,2646,1756,118,160,228,301,28,published,content_calendar_csv,CONT_ROW_000477
M001,CONT000478,CAMP004046,PROD000103,SKU000103,LinkedIn,Static Post,lifestyle,2024-10-23 09:18:20,2024-10-23 11:14:20,1341,687,69,66,187,92,1,published,content_calendar_csv,CONT_ROW_000478
M001,CONT000479,CAMP004118,PROD000011,SKU000011,Instagram,Reel,social_proof,2024-08-15 04:03:20,2024-08-15 06:01:20,10945,7287,461,757,545,1020,24,cancelled,content_calendar_csv,CONT_ROW_000479
M001,CONT000480,CAMP003804,PROD000076,SKU000076,Email,Email,social_proof,2024-10-13 21:18:02,2024-10-13 22:56:02,1023,605,109,32,107,185,13,failed,content_calendar_csv,CONT_ROW_000480
M001,CONT000481,CAMP000299,PROD000233,SKU000233,Email,Email,discount,2024-07-10 10:32:37,2024-07-10 10:50:37,2673,1292,226,64,384,448,45,published,content_calendar_csv,CONT_ROW_000481
M001,CONT000482,CAMP002114,PROD000403,SKU000403,LinkedIn,Static Post,discount,2024-07-08 16:52:25,2024-07-08 18:40:25,1569,1091,56,56,139,147,6,published,content_calendar_csv,CONT_ROW_000482
M001,CONT000483,CAMP004717,PROD000023,SKU000023,Instagram,Carousel,festive,2024-09-14 05:55:39,2024-09-14 06:24:39,14494,6249,865,938,1139,334,12,published,content_calendar_csv,CONT_ROW_000483
M001,CONT000484,CAMP003132,PROD000349,SKU000349,WhatsApp,WhatsApp Broadcast,social_proof,2024-10-23 20:30:41,2024-10-23 21:21:41,284,192,25,12,36,66,5,published,content_calendar_csv,CONT_ROW_000484
M001,CONT000485,CAMP002183,PROD000369,SKU000369,Facebook,Story,social_proof,2024-07-22 10:11:57,2024-07-22 10:15:57,1946,919,178,96,163,108,5,published,content_calendar_csv,CONT_ROW_000485
M001,CONT000486,CAMP000167,PROD000094,SKU000094,Email,Email,discount,2024-12-14 22:29:38,2024-12-15 00:25:38,1022,644,68,30,78,155,8,failed,content_calendar_csv,CONT_ROW_000486
M001,CONT000487,CAMP002573,PROD000389,SKU000389,LinkedIn,Carousel,social_proof,2024-06-20 02:46:39,2024-06-20 03:09:39,1568,956,128,37,126,69,1,published,content_calendar_csv,CONT_ROW_000487
M001,CONT000488,CAMP000504,PROD000078,SKU000078,WhatsApp,WhatsApp Broadcast,lifestyle,2024-07-24 17:10:38,2024-07-24 17:18:38,318,152,10,23,41,68,15,failed,content_calendar_csv,CONT_ROW_000488
M001,CONT000489,CAMP002006,PROD000344,SKU000344,WhatsApp,WhatsApp Broadcast,premium,2024-10-15 03:55:01,2024-10-15 04:38:01,581,299,53,37,82,170,36,scheduled,content_calendar_csv,CONT_ROW_000489
M001,CONT000490,CAMP003730,PROD000002,SKU000002,Facebook,Reel,lifestyle,2024-05-01 18:18:08,2024-05-01 19:04:08,4086,2271,251,178,321,246,3,scheduled,content_calendar_csv,CONT_ROW_000490
M001,CONT000491,CAMP003603,PROD000225,SKU000225,Facebook,Story,limited_stock,2024-01-01 04:12:21,2024-01-01 05:40:21,1729,1094,145,74,131,113,4,published,content_calendar_csv,CONT_ROW_000491
M001,CONT000492,CAMP003038,PROD000392,SKU000392,Instagram,Carousel,lifestyle,2024-02-04 11:36:32,2024-02-04 11:49:32,14982,6939,1640,331,1729,975,15,scheduled,content_calendar_csv,CONT_ROW_000492
M001,CONT000493,CAMP003118,PROD000002,SKU000002,Facebook,Reel,utility,2024-12-13 17:01:01,2024-12-13 17:01:01,852,515,53,41,30,81,1,scheduled,content_calendar_csv,CONT_ROW_000493
M001,CONT000494,CAMP004160,PROD000148,SKU000148,Email,Email,discount,2024-06-09 20:02:17,2024-06-09 20:53:17,1301,742,140,96,123,216,25,published,content_calendar_csv,CONT_ROW_000494
M001,CONT000495,CAMP002427,PROD000001,SKU000001,Email,Email,lifestyle,2024-04-18 08:17:49,2024-04-18 08:44:49,934,552,60,59,50,156,15,published,content_calendar_csv,CONT_ROW_000495
M001,CONT000496,CAMP003868,PROD000483,SKU000483,WhatsApp,WhatsApp Broadcast,new_launch,2024-12-11 07:57:18,2024-12-11 08:20:18,27,16,2,1,1,7,1,published,content_calendar_csv,CONT_ROW_000496
M001,CONT000497,CAMP001382,PROD000390,SKU000390,Instagram,Static Post,premium,2024-07-23 19:59:53,2024-07-23 21:23:53,2044,976,244,160,193,56,1,failed,content_calendar_csv,CONT_ROW_000497
M001,CONT000498,CAMP001701,PROD000011,SKU000011,WhatsApp,WhatsApp Broadcast,festive,2024-01-09 08:40:19,2024-01-09 09:40:19,779,390,57,43,88,85,16,published,content_calendar_csv,CONT_ROW_000498
M001,CONT000499,CAMP004964,PROD000001,SKU000001,LinkedIn,Static Post,premium,2024-09-30 05:41:25,2024-09-30 07:00:25,209,108,17,6,21,12,0,failed,content_calendar_csv,CONT_ROW_000499
M001,CONT000500,CAMP002840,PROD000288,SKU000288,Facebook,Static Post,discount,2024-07-27 04:10:41,2024-07-27 06:08:41,2864,1375,248,114,175,237,10,published,content_calendar_csv,CONT_ROW_000500
M001,CONT000501,CAMP002274,PROD000344,SKU000344,LinkedIn,Carousel,social_proof,2024-01-08 15:16:45,2024-01-08 16:57:45,1913,935,94,85,104,88,1,published,content_calendar_csv,CONT_ROW_000501
M001,CONT000502,CAMP004446,PROD000474,SKU000474,WhatsApp,WhatsApp Broadcast,everyday_style,2024-05-27 17:02:26,2024-05-27 17:10:26,639,361,20,32,44,174,27,published,content_calendar_csv,CONT_ROW_000502
M001,CONT000503,NA,PROD000260,SKU000260,Facebook,Reel,discount,2024-01-05 04:06:51,2024-01-05 04:09:51,2685,1724,219,135,140,59,1,failed,content_calendar_csv,CONT_ROW_000503
M001,CONT000504,CAMP003256,PROD000002,SKU000002,Facebook,Reel,festive,2024-12-30 02:48:55,2024-12-30 03:58:55,4596,2512,504,115,315,160,3,published,content_calendar_csv,CONT_ROW_000504
M001,CONT000505,CAMP001970,PROD000011,SKU000011,Instagram,Reel,festive,2024-02-05 08:48:09,2024-02-05 10:26:09,2782,1647,147,142,324,200,4,published,content_calendar_csv,CONT_ROW_000505
M001,CONT000506,CAMP004644,PROD000001,SKU000001,LinkedIn,Static Post,social_proof,2024-06-06 04:09:00,2024-06-06 06:04:00,636,410,43,25,65,57,1,published,content_calendar_csv,CONT_ROW_000506
M001,CONT000507,CAMP001213,PROD000185,SKU000185,LinkedIn,Carousel,social_proof,2024-12-07 00:08:40,2024-12-07 00:24:40,1265,584,103,69,115,114,6,published,content_calendar_csv,CONT_ROW_000507
M001,CONT000508,CAMP001722,PROD000205,SKU000205,Email,Email,utility,2024-01-19 17:35:27,2024-01-19 18:35:27,484,260,29,37,39,75,7,published,content_calendar_csv,CONT_ROW_000508
M001,CONT000509,CAMP000710,PROD000305,SKU000305,Email,Email,utility,2024-08-29 13:58:26,2024-08-29 15:08:26,946,656,75,74,123,95,10,published,content_calendar_csv,CONT_ROW_000509
M001,CONT000510,CAMP004172,PROD000069,SKU000069,Facebook,Static Post,festive,2024-11-25 18:22:31,2024-11-25 18:33:31,2563,1147,100,185,137,170,5,published,content_calendar_csv,CONT_ROW_000510
M001,CONT000511,NA,PROD000061,SKU000061,Instagram,Story,festive,2024-04-08 02:58:59,2024-04-08 03:52:59,4908,2436,566,116,568,369,6,published,content_calendar_csv,CONT_ROW_000511
M001,CONT000512,CAMP003620,PROD000324,SKU000324,Email,Email,utility,2024-08-22 07:39:54,2024-08-22 08:07:54,554,347,50,34,51,53,3,published,content_calendar_csv,CONT_ROW_000512
M001,CONT000513,CAMP002689,PROD000128,SKU000128,Facebook,Static Post,social_proof,2024-01-11 15:15:47,2024-01-11 15:35:47,1069,510,121,61,122,71,4,published,content_calendar_csv,CONT_ROW_000513
M001,CONT000514,CAMP001735,PROD000364,SKU000364,Instagram,Reel,comfort,2024-04-08 08:30:22,2024-04-08 09:29:22,12932,6777,516,822,1714,1184,16,published,content_calendar_csv,CONT_ROW_000514
M001,CONT000515,CAMP003515,PROD000002,SKU000002,Email,Email,utility,2024-04-30 04:22:26,2024-04-30 04:24:26,1463,610,160,80,147,197,13,published,content_calendar_csv,CONT_ROW_000515
M001,CONT000516,NA,PROD000376,SKU000376,Instagram,Reel,limited_stock,2024-09-03 09:14:21,2024-09-03 10:31:21,10781,5156,1118,364,1448,627,33,published,content_calendar_csv,CONT_ROW_000516
M001,CONT000517,CAMP001384,PROD000176,SKU000176,Instagram,Carousel,lifestyle,2024-05-30 10:50:29,2024-05-30 11:36:29,8434,5762,394,355,602,558,38,published,content_calendar_csv,CONT_ROW_000517
M001,CONT000518,CAMP004492,PROD000051,SKU000051,LinkedIn,Carousel,limited_stock,2024-05-25 05:11:42,2024-05-25 05:24:42,1796,783,99,54,231,157,1,cancelled,content_calendar_csv,CONT_ROW_000518
M001,CONT000519,CAMP003638,PROD000123,SKU000123,WhatsApp,WhatsApp Broadcast,utility,2024-03-09 15:58:17,2024-03-09 16:18:17,141,82,12,6,13,36,8,cancelled,content_calendar_csv,CONT_ROW_000519
M001,CONT000520,CAMP004147,PROD000201,SKU000201,Email,Email,social_proof,2024-12-04 05:44:47,2024-12-04 07:03:47,1730,918,138,90,197,95,7,published,content_calendar_csv,CONT_ROW_000520
M001,CONT000521,CAMP000448,PROD000467,SKU000467,Instagram,Carousel,premium,2024-03-14 15:28:57,2024-03-14 15:58:57,5044,2069,173,147,464,408,21,published,content_calendar_csv,CONT_ROW_000521
M001,CONT000522,CAMP000229,PROD000001,SKU000001,Instagram,Reel,everyday_style,2024-07-13 23:26:38,2024-07-14 01:12:38,9157,5453,1095,379,838,622,34,scheduled,content_calendar_csv,CONT_ROW_000522
M001,CONT000523,CAMP003716,PROD000052,SKU000052,Email,Email,utility,2024-12-30 07:11:47,2024-12-30 07:50:47,299,151,13,22,24,30,2,published,content_calendar_csv,CONT_ROW_000523
M001,CONT000524,NA,PROD000210,SKU000210,Facebook,Carousel,premium,2024-07-04 23:31:53,2024-07-05 00:09:53,2590,1612,216,148,163,76,1,published,content_calendar_csv,CONT_ROW_000524
M001,CONT000525,CAMP002655,PROD000466,SKU000466,WhatsApp,WhatsApp Broadcast,discount,2024-11-11 03:21:09,2024-11-11 04:37:09,219,93,22,6,26,62,13,published,content_calendar_csv,CONT_ROW_000525
M001,CONT000526,CAMP001848,PROD000358,SKU000358,WhatsApp,WhatsApp Broadcast,lifestyle,2024-06-01 02:17:29,2024-06-01 02:36:29,710,418,39,47,64,216,52,published,content_calendar_csv,CONT_ROW_000526
M001,CONT000527,CAMP001336,PROD000209,SKU000209,WhatsApp,WhatsApp Broadcast,social_proof,2024-01-05 19:25:07,2024-01-05 19:26:07,432,283,21,23,64,126,27,published,content_calendar_csv,CONT_ROW_000527
M001,CONT000528,CAMP002275,PROD000430,SKU000430,Facebook,Static Post,utility,2024-11-20 21:23:58,2024-11-20 21:46:58,1293,650,86,76,68,109,6,failed,content_calendar_csv,CONT_ROW_000528
M001,CONT000529,CAMP001569,PROD000338,SKU000338,WhatsApp,WhatsApp Broadcast,social_proof,2024-01-18 09:18:32,2024-01-18 11:07:32,763,530,87,38,26,225,37,published,content_calendar_csv,CONT_ROW_000529
M001,CONT000530,CAMP002345,PROD000208,SKU000208,LinkedIn,Static Post,utility,2024-01-11 09:14:21,2024-01-11 09:17:21,1972,889,199,141,103,180,12,published,content_calendar_csv,CONT_ROW_000530
M001,CONT000531,CAMP000718,PROD000368,SKU000368,Facebook,Story,utility,2024-12-04 15:51:48,2024-12-04 15:52:48,508,271,45,19,49,10,0,published,content_calendar_csv,CONT_ROW_000531
M001,CONT000532,CAMP001960,PROD000289,SKU000289,Facebook,Reel,lifestyle,2024-03-09 20:22:15,2024-03-09 20:26:15,5804,3261,617,146,286,126,7,scheduled,content_calendar_csv,CONT_ROW_000532
M001,CONT000533,CAMP000738,PROD000356,SKU000356,LinkedIn,Static Post,discount,2024-03-15 08:41:15,2024-03-15 10:28:15,401,184,30,22,42,15,0,scheduled,content_calendar_csv,CONT_ROW_000533
M001,CONT000534,CAMP002174,PROD000226,SKU000226,Facebook,Reel,limited_stock,2024-06-09 04:46:20,2024-06-09 05:14:20,7979,4865,274,375,577,516,28,published,content_calendar_csv,CONT_ROW_000534
M001,CONT000535,CAMP001826,PROD000001,SKU000001,WhatsApp,WhatsApp Broadcast,social_proof,2024-08-26 04:35:51,2024-08-26 05:50:51,538,357,57,38,55,110,23,published,content_calendar_csv,CONT_ROW_000535
M001,CONT000536,CAMP002508,PROD000200,SKU000200,Instagram,Static Post,limited_stock,2024-02-24 21:07:47,2024-02-24 22:33:47,4510,2058,267,251,267,343,22,published,content_calendar_csv,CONT_ROW_000536
M001,CONT000537,CAMP002297,PROD000001,SKU000001,LinkedIn,Static Post,festive,2024-04-26 07:18:53,2024-04-26 08:43:53,1530,644,93,70,76,127,3,published,content_calendar_csv,CONT_ROW_000537
M001,CONT000538,CAMP003633,PROD000384,SKU000384,WhatsApp,WhatsApp Broadcast,comfort,2024-07-03 20:23:27,2024-07-03 20:47:27,50,34,5,1,6,16,2,published,content_calendar_csv,CONT_ROW_000538
M001,CONT000539,CAMP002670,PROD000322,SKU000322,WhatsApp,WhatsApp Broadcast,limited_stock,2024-06-20 03:16:04,2024-06-20 04:56:04,467,192,55,11,36,148,11,published,content_calendar_csv,CONT_ROW_000539
M001,CONT000540,CAMP003370,PROD000435,SKU000435,Facebook,Reel,limited_stock,2024-10-20 01:27:47,2024-10-20 03:10:47,2533,1212,134,162,84,218,7,published,content_calendar_csv,CONT_ROW_000540
M001,CONT000541,CAMP003484,PROD000405,SKU000405,Facebook,Story,limited_stock,2024-09-12 00:29:50,2024-09-12 01:16:50,1101,449,75,36,123,56,0,published,content_calendar_csv,CONT_ROW_000541
M001,CONT000542,CAMP004250,PROD000234,SKU000234,LinkedIn,Carousel,social_proof,2024-09-05 04:19:50,2024-09-05 04:57:50,270,139,28,13,31,23,1,published,content_calendar_csv,CONT_ROW_000542
M001,CONT000543,CAMP003729,PROD000114,SKU000114,WhatsApp,WhatsApp Broadcast,discount,2024-06-27 16:40:45,2024-06-27 17:00:45,209,122,15,11,18,25,5,failed,content_calendar_csv,CONT_ROW_000543
M001,CONT000544,CAMP000851,PROD000247,SKU000247,WhatsApp,WhatsApp Broadcast,limited_stock,2024-10-13 07:58:31,2024-10-13 08:00:31,340,232,10,24,14,117,9,published,content_calendar_csv,CONT_ROW_000544
M001,CONT000545,CAMP000918,PROD000221,SKU000221,Facebook,Story,discount,2024-06-18 01:50:46,2024-06-18 02:59:46,748,349,35,54,97,34,0,published,content_calendar_csv,CONT_ROW_000545
M001,CONT000546,CAMP003519,PROD000483,SKU000483,WhatsApp,WhatsApp Broadcast,social_proof,2024-10-09 15:00:51,2024-10-09 17:00:51,446,278,30,34,16,113,18,published,content_calendar_csv,CONT_ROW_000546
M001,CONT000547,CAMP004817,PROD000207,SKU000207,Facebook,Reel,festive,2024-06-10 01:15:48,2024-06-10 03:02:48,2264,1287,196,164,128,67,3,published,content_calendar_csv,CONT_ROW_000547
M001,CONT000548,CAMP003889,PROD000463,SKU000463,LinkedIn,Carousel,lifestyle,2024-11-22 08:53:56,2024-11-22 10:07:56,630,366,73,14,68,48,3,published,content_calendar_csv,CONT_ROW_000548
M001,CONT000549,CAMP001666,PROD000251,SKU000251,Facebook,Story,new_launch,2024-11-30 04:52:26,2024-11-30 05:09:26,652,370,62,20,81,49,2,published,content_calendar_csv,CONT_ROW_000549
M001,CONT000550,NA,PROD000029,SKU000029,Email,Email,lifestyle,2024-04-01 15:15:08,2024-04-01 15:53:08,2724,1513,150,130,301,200,20,published,content_calendar_csv,CONT_ROW_000550
M001,CONT000551,CAMP001341,PROD000207,SKU000207,WhatsApp,WhatsApp Broadcast,festive,2024-09-24 04:24:42,2024-09-24 04:46:42,310,151,19,18,15,74,9,published,content_calendar_csv,CONT_ROW_000551
M001,CONT000552,CAMP004224,PROD000116,SKU000116,LinkedIn,Carousel,lifestyle,2024-04-14 12:33:29,2024-04-14 14:15:29,1151,594,50,75,56,50,2,cancelled,content_calendar_csv,CONT_ROW_000552
M001,CONT000553,CAMP002672,PROD000445,SKU000445,LinkedIn,Static Post,comfort,2024-08-16 03:13:31,2024-08-16 03:51:31,351,208,32,19,43,15,0,published,content_calendar_csv,CONT_ROW_000553
M001,CONT000554,CAMP001434,PROD000037,SKU000037,WhatsApp,WhatsApp Broadcast,lifestyle,2024-11-05 23:34:49,2024-11-06 01:32:49,231,126,11,14,24,69,8,published,content_calendar_csv,CONT_ROW_000554
M001,CONT000555,CAMP000611,PROD000201,SKU000201,WhatsApp,WhatsApp Broadcast,comfort,2024-06-15 10:25:37,2024-06-15 11:09:37,228,149,12,7,30,35,3,published,content_calendar_csv,CONT_ROW_000555
M001,CONT000556,CAMP001341,PROD000207,SKU000207,Instagram,Static Post,discount,2024-04-21 17:28:50,2024-04-21 18:45:50,3113,1640,230,165,347,173,10,published,content_calendar_csv,CONT_ROW_000556
M001,CONT000557,CAMP001420,PROD000002,SKU000002,Facebook,Static Post,discount,2024-12-03 10:29:35,2024-12-03 10:49:35,1949,845,127,108,292,52,2,cancelled,content_calendar_csv,CONT_ROW_000557
M001,CONT000558,CAMP003282,PROD000001,SKU000001,Email,Email,social_proof,2024-12-23 02:52:57,2024-12-23 04:42:57,1832,1006,173,90,182,269,11,cancelled,content_calendar_csv,CONT_ROW_000558
M001,CONT000559,CAMP000359,PROD000167,SKU000167,Instagram,Story,lifestyle,2024-05-08 18:40:46,2024-05-08 20:05:46,1006,639,73,29,143,25,1,failed,content_calendar_csv,CONT_ROW_000559
M001,CONT000560,CAMP001667,PROD000141,SKU000141,Facebook,Story,limited_stock,2024-10-10 01:37:03,2024-10-10 01:59:03,934,546,59,51,118,37,0,cancelled,content_calendar_csv,CONT_ROW_000560
M001,CONT000561,CAMP000702,PROD000347,SKU000347,WhatsApp,WhatsApp Broadcast,utility,2024-05-18 17:56:53,2024-05-18 19:23:53,206,114,23,15,13,33,2,published,content_calendar_csv,CONT_ROW_000561
M001,CONT000562,CAMP003539,PROD000486,SKU000486,WhatsApp,WhatsApp Broadcast,festive,2024-03-29 03:20:14,2024-03-29 05:07:14,278,111,21,11,37,31,4,scheduled,content_calendar_csv,CONT_ROW_000562
M001,CONT000563,CAMP002880,PROD000001,SKU000001,WhatsApp,WhatsApp Broadcast,premium,2024-07-14 21:35:53,2024-07-14 21:46:53,495,221,37,39,33,69,12,published,content_calendar_csv,CONT_ROW_000563
M001,CONT000564,CAMP001741,PROD000342,SKU000342,Instagram,Story,premium,2024-04-03 16:45:49,2024-04-03 17:49:49,1915,883,120,91,222,134,4,published,content_calendar_csv,CONT_ROW_000564
M001,CONT000565,CAMP000907,PROD000145,SKU000145,Instagram,Story,new_launch,2024-02-24 20:37:22,2024-02-24 21:24:22,3320,2178,197,112,354,234,5,published,content_calendar_csv,CONT_ROW_000565
M001,CONT000566,CAMP002158,PROD000001,SKU000001,Email,Email,discount,2024-01-13 03:10:17,2024-01-13 04:24:17,1346,552,132,50,131,236,27,published,content_calendar_csv,CONT_ROW_000566
M001,CONT000567,CAMP000362,PROD000493,SKU000493,Email,Email,comfort,2024-10-23 20:17:51,2024-10-23 20:43:51,1585,869,51,74,113,95,6,published,content_calendar_csv,CONT_ROW_000567
M001,CONT000568,CAMP002649,PROD000047,SKU000047,Email,Email,everyday_style,2024-02-08 03:10:40,2024-02-08 03:39:40,2640,1290,206,182,331,459,50,published,content_calendar_csv,CONT_ROW_000568
M001,CONT000569,CAMP004708,PROD000247,SKU000247,LinkedIn,Static Post,limited_stock,2024-10-17 21:47:52,2024-10-17 22:48:52,230,158,24,8,25,16,0,published,content_calendar_csv,CONT_ROW_000569
M001,CONT000570,CAMP000254,PROD000187,SKU000187,Email,Email,comfort,2024-10-21 12:01:15,2024-10-21 13:10:15,2202,1041,251,163,97,272,14,published,content_calendar_csv,CONT_ROW_000570
M001,CONT000571,CAMP004135,PROD000083,SKU000083,Instagram,Reel,everyday_style,2024-05-22 05:59:19,2024-05-22 06:30:19,12082,8266,748,762,762,277,18,published,content_calendar_csv,CONT_ROW_000571
M001,CONT000572,CAMP001033,PROD000473,SKU000473,Email,Email,limited_stock,2024-01-17 07:06:08,2024-01-17 08:39:08,1593,686,88,124,103,121,9,published,content_calendar_csv,CONT_ROW_000572
M001,CONT000573,CAMP003166,PROD000071,SKU000071,Instagram,Reel,discount,2024-08-17 14:02:31,2024-08-17 14:56:31,6761,3001,388,306,458,403,23,published,content_calendar_csv,CONT_ROW_000573
M001,CONT000574,CAMP003087,PROD000304,SKU000304,WhatsApp,WhatsApp Broadcast,festive,2024-05-04 03:43:07,2024-05-04 05:11:07,363,180,27,7,12,82,15,published,content_calendar_csv,CONT_ROW_000574
M001,CONT000575,CAMP004711,PROD000254,SKU000254,WhatsApp,WhatsApp Broadcast,premium,2024-08-08 19:39:46,2024-08-08 21:23:46,507,306,59,32,46,118,26,published,content_calendar_csv,CONT_ROW_000575
M001,CONT000576,CAMP000682,PROD000418,SKU000418,LinkedIn,Carousel,utility,2024-09-30 06:31:54,2024-09-30 08:31:54,1780,917,119,66,170,68,2,scheduled,content_calendar_csv,CONT_ROW_000576
M001,CONT000577,CAMP004730,PROD000198,SKU000198,WhatsApp,WhatsApp Broadcast,lifestyle,2024-03-03 07:11:50,2024-03-03 07:23:50,406,259,37,29,33,78,4,published,content_calendar_csv,CONT_ROW_000577
M001,CONT000578,CAMP004707,PROD000012,SKU000012,Instagram,Carousel,limited_stock,2024-05-05 07:46:00,2024-05-05 08:28:00,7290,3132,281,238,889,517,15,scheduled,content_calendar_csv,CONT_ROW_000578
M001,CONT000579,CAMP000101,PROD000213,SKU000213,LinkedIn,Static Post,new_launch,2024-04-14 22:35:13,2024-04-15 00:26:13,404,179,25,14,52,17,0,published,content_calendar_csv,CONT_ROW_000579
M001,CONT000580,CAMP001364,PROD000001,SKU000001,Instagram,Carousel,limited_stock,2024-12-16 19:37:32,2024-12-16 20:11:32,12419,6685,764,284,1037,1049,55,scheduled,content_calendar_csv,CONT_ROW_000580
M001,CONT000581,CAMP003858,PROD000248,SKU000248,LinkedIn,Carousel,lifestyle,2024-05-25 22:40:34,2024-05-25 23:12:34,571,240,59,26,18,47,3,scheduled,content_calendar_csv,CONT_ROW_000581
M001,CONT000582,CAMP004328,PROD000001,SKU000001,Facebook,Reel,utility,2024-01-02 15:56:31,2024-01-02 17:14:31,4632,3222,418,152,499,109,3,published,content_calendar_csv,CONT_ROW_000582
M001,CONT000583,CAMP000585,PROD000377,SKU000377,Instagram,Static Post,everyday_style,2024-02-26 14:23:18,2024-02-26 15:45:18,2668,1466,214,123,345,124,7,scheduled,content_calendar_csv,CONT_ROW_000583
M001,CONT000584,CAMP001677,PROD000494,SKU000494,Email,Email,lifestyle,2024-11-02 11:35:22,2024-11-02 12:32:22,727,349,44,22,55,54,2,published,content_calendar_csv,CONT_ROW_000584
M001,CONT000585,CAMP004742,PROD000359,SKU000359,Email,Email,lifestyle,2024-02-11 14:34:09,2024-02-11 15:34:09,1152,584,64,32,136,59,5,published,content_calendar_csv,CONT_ROW_000585
M001,CONT000586,CAMP002993,PROD000001,SKU000001,Email,Email,everyday_style,2024-01-21 07:44:39,2024-01-21 08:19:39,2512,1132,219,122,228,233,20,published,content_calendar_csv,CONT_ROW_000586
M001,CONT000587,CAMP000082,PROD000001,SKU000001,Email,Email,social_proof,2024-07-18 14:08:44,2024-07-18 14:51:44,1069,651,102,77,81,182,15,failed,content_calendar_csv,CONT_ROW_000587
M001,CONT000588,CAMP001634,PROD000410,SKU000410,LinkedIn,Static Post,festive,2024-09-05 09:17:56,2024-09-05 10:53:56,752,430,41,42,62,53,2,published,content_calendar_csv,CONT_ROW_000588
M001,CONT000589,CAMP002963,PROD000375,SKU000375,Instagram,Reel,limited_stock,2024-04-30 20:40:02,2024-04-30 21:39:02,12697,6166,575,531,649,585,25,published,content_calendar_csv,CONT_ROW_000589
M001,CONT000590,CAMP002786,PROD000171,SKU000171,Email,Email,social_proof,2024-01-19 05:44:39,2024-01-19 07:43:39,654,415,78,15,55,54,1,published,content_calendar_csv,CONT_ROW_000590
M001,CONT000591,CAMP001438,PROD000488,SKU000488,WhatsApp,WhatsApp Broadcast,lifestyle,2024-10-25 16:52:36,2024-10-25 16:54:36,783,487,30,50,35,143,15,published,content_calendar_csv,CONT_ROW_000591
M001,CONT000592,CAMP004295,PROD000498,SKU000498,Facebook,Story,discount,2024-04-23 14:40:26,2024-04-23 15:44:26,1293,592,99,101,62,29,1,scheduled,content_calendar_csv,CONT_ROW_000592
M001,CONT000593,CAMP004663,PROD000318,SKU000318,Facebook,Reel,utility,2024-05-21 00:34:57,2024-05-21 00:41:57,5153,2329,213,214,578,116,4,failed,content_calendar_csv,CONT_ROW_000593
M001,CONT000594,CAMP001389,PROD000101,SKU000101,LinkedIn,Carousel,utility,2024-04-09 04:14:22,2024-04-09 04:48:22,1646,863,103,73,166,103,2,published,content_calendar_csv,CONT_ROW_000594
M001,CONT000595,CAMP001164,PROD000250,SKU000250,Instagram,Carousel,social_proof,2024-10-25 23:54:33,2024-10-26 00:36:33,13627,5462,1109,709,739,1145,26,published,content_calendar_csv,CONT_ROW_000595
M001,CONT000596,CAMP004964,PROD000001,SKU000001,Email,Email,discount,2024-05-04 07:44:03,2024-05-04 09:05:03,988,486,84,24,57,148,6,published,content_calendar_csv,CONT_ROW_000596
M001,CONT000597,CAMP004952,PROD000001,SKU000001,LinkedIn,Carousel,utility,2024-02-28 10:17:33,2024-02-28 11:45:33,1359,860,44,55,68,39,2,published,content_calendar_csv,CONT_ROW_000597
M001,CONT000598,CAMP003234,PROD000424,SKU000424,WhatsApp,WhatsApp Broadcast,discount,2024-08-04 08:46:46,2024-08-04 08:48:46,360,211,34,12,14,36,5,published,content_calendar_csv,CONT_ROW_000598
M001,CONT000599,CAMP004586,PROD000495,SKU000495,Email,Email,premium,2024-02-23 15:56:54,2024-02-23 17:10:54,2686,1624,284,180,162,431,15,published,content_calendar_csv,CONT_ROW_000599
M001,CONT000600,CAMP002640,PROD000001,SKU000001,Instagram,Static Post,premium,2024-09-01 22:51:32,2024-09-01 22:52:32,4735,2818,347,297,257,344,14,published,content_calendar_csv,CONT_ROW_000600
M001,CONT000601,CAMP001009,PROD000183,SKU000183,LinkedIn,Carousel,discount,2024-09-27 15:17:59,2024-09-27 15:37:59,341,205,33,26,41,20,0,published,content_calendar_csv,CONT_ROW_000601
M001,CONT000602,CAMP001820,PROD000289,SKU000289,Email,Email,everyday_style,2024-04-04 17:11:12,2024-04-04 18:06:12,2886,1918,305,121,201,570,19,published,content_calendar_csv,CONT_ROW_000602
M001,CONT000603,CAMP002376,PROD000422,SKU000422,LinkedIn,Static Post,new_launch,2024-12-28 08:39:03,2024-12-28 09:38:03,317,212,30,20,21,30,1,published,content_calendar_csv,CONT_ROW_000603
M001,CONT000604,CAMP001790,PROD000444,SKU000444,Email,Email,festive,2024-08-07 21:31:09,2024-08-07 23:21:09,2094,842,241,115,203,157,9,published,content_calendar_csv,CONT_ROW_000604
M001,CONT000605,CAMP003274,PROD000001,SKU000001,WhatsApp,WhatsApp Broadcast,utility,2024-09-30 23:54:28,2024-10-01 01:46:28,549,226,44,13,52,183,35,published,content_calendar_csv,CONT_ROW_000605
M001,CONT000606,CAMP003294,PROD000275,SKU000275,WhatsApp,WhatsApp Broadcast,comfort,2024-09-16 17:34:22,2024-09-16 18:53:22,20,10,1,0,0,2,0,published,content_calendar_csv,CONT_ROW_000606
M001,CONT000607,CAMP003113,PROD000161,SKU000161,Email,Email,utility,2024-10-26 17:00:14,2024-10-26 17:33:14,978,529,40,29,133,161,6,published,content_calendar_csv,CONT_ROW_000607
M001,CONT000608,CAMP002042,PROD000001,SKU000001,WhatsApp,WhatsApp Broadcast,social_proof,2024-04-19 18:42:08,2024-04-19 18:49:08,578,276,41,33,58,114,6,published,content_calendar_csv,CONT_ROW_000608
M001,CONT000609,CAMP002698,PROD000225,SKU000225,WhatsApp,WhatsApp Broadcast,comfort,2024-10-22 07:26:00,2024-10-22 08:34:00,113,63,4,7,14,39,7,published,content_calendar_csv,CONT_ROW_000609
M001,CONT000610,CAMP001136,PROD000062,SKU000062,WhatsApp,WhatsApp Broadcast,lifestyle,2024-04-30 09:26:21,2024-04-30 10:31:21,46,30,3,3,3,6,0,cancelled,content_calendar_csv,CONT_ROW_000610
M001,CONT000611,NA,PROD000266,SKU000266,Facebook,Reel,everyday_style,2024-04-16 13:11:54,2024-04-16 13:27:54,1041,697,122,42,133,40,2,published,content_calendar_csv,CONT_ROW_000611
M001,CONT000612,CAMP002118,PROD000316,SKU000316,Facebook,Story,new_launch,2024-07-14 10:14:49,2024-07-14 10:36:49,2169,1375,153,86,178,44,2,published,content_calendar_csv,CONT_ROW_000612
M001,CONT000613,NA,PROD000444,SKU000444,WhatsApp,WhatsApp Broadcast,everyday_style,2024-07-19 03:01:48,2024-07-19 04:22:48,441,268,26,29,43,111,16,published,content_calendar_csv,CONT_ROW_000613
M001,CONT000614,CAMP001636,PROD000105,SKU000105,Facebook,Carousel,utility,2024-10-06 20:57:59,2024-10-06 21:21:59,6250,3560,374,405,879,165,10,scheduled,content_calendar_csv,CONT_ROW_000614
M001,CONT000615,CAMP002444,PROD000131,SKU000131,WhatsApp,WhatsApp Broadcast,limited_stock,2024-10-19 02:21:53,2024-10-19 03:52:53,30,17,1,0,1,4,0,published,content_calendar_csv,CONT_ROW_000615
M001,CONT000616,CAMP002854,PROD000353,SKU000353,LinkedIn,Static Post,comfort,2024-01-20 17:21:58,2024-01-20 18:51:58,1180,673,70,47,82,107,4,published,content_calendar_csv,CONT_ROW_000616
M001,CONT000617,CAMP003938,PROD000227,SKU000227,Instagram,Static Post,comfort,2024-03-23 13:01:57,2024-03-23 13:16:57,4042,2749,234,267,190,313,5,scheduled,content_calendar_csv,CONT_ROW_000617
M001,CONT000618,CAMP002916,PROD000108,SKU000108,Facebook,Reel,social_proof,2024-09-03 03:28:13,2024-09-03 03:34:13,982,556,96,75,137,30,0,published,content_calendar_csv,CONT_ROW_000618
M001,CONT000619,CAMP002545,PROD000024,SKU000024,WhatsApp,WhatsApp Broadcast,limited_stock,2024-09-13 13:28:58,2024-09-13 15:28:58,28,17,1,1,1,7,1,failed,content_calendar_csv,CONT_ROW_000619
M001,CONT000620,CAMP003940,PROD000174,SKU000174,Facebook,Reel,everyday_style,2024-05-01 13:47:36,2024-05-01 15:34:36,4656,2062,366,256,350,267,4,failed,content_calendar_csv,CONT_ROW_000620
M001,CONT000621,CAMP003122,PROD000274,SKU000274,WhatsApp,WhatsApp Broadcast,comfort,2024-10-10 23:15:00,2024-10-11 00:21:00,260,153,12,13,28,32,5,scheduled,content_calendar_csv,CONT_ROW_000621
M001,CONT000622,CAMP004357,PROD000197,SKU000197,Email,Email,limited_stock,2024-06-08 10:55:19,2024-06-08 11:14:19,175,82,6,10,17,32,1,scheduled,content_calendar_csv,CONT_ROW_000622
M001,CONT000623,NA,PROD000316,SKU000316,Instagram,Carousel,comfort,2024-05-10 07:08:28,2024-05-10 08:53:28,8434,5333,719,343,317,445,29,published,content_calendar_csv,CONT_ROW_000623
M001,CONT000624,CAMP002315,PROD000448,SKU000448,LinkedIn,Static Post,everyday_style,2024-07-11 03:05:06,2024-07-11 04:25:06,263,176,22,20,18,11,0,published,content_calendar_csv,CONT_ROW_000624
M001,CONT000625,CAMP001879,PROD000385,SKU000385,Email,Email,festive,2024-08-07 22:44:01,2024-08-07 22:59:01,2255,1132,154,171,253,132,15,published,content_calendar_csv,CONT_ROW_000625
M001,CONT000626,CAMP001014,PROD000341,SKU000341,Instagram,Static Post,new_launch,2024-11-18 16:43:26,2024-11-18 18:09:26,2968,1714,199,185,434,182,11,published,content_calendar_csv,CONT_ROW_000626
M001,CONT000627,CAMP002611,PROD000446,SKU000446,Instagram,Reel,utility,2024-02-01 22:54:46,2024-02-02 00:45:46,4207,2761,177,213,484,118,7,published,content_calendar_csv,CONT_ROW_000627
M001,CONT000628,CAMP000876,PROD000050,SKU000050,WhatsApp,WhatsApp Broadcast,premium,2024-05-14 23:52:06,2024-05-15 00:08:06,76,52,3,4,7,20,2,published,content_calendar_csv,CONT_ROW_000628
M001,CONT000629,CAMP000078,PROD000308,SKU000308,WhatsApp,WhatsApp Broadcast,discount,2024-03-03 00:56:34,2024-03-03 02:26:34,74,39,3,4,4,23,2,published,content_calendar_csv,CONT_ROW_000629
M001,CONT000630,CAMP000292,PROD000443,SKU000443,Instagram,Static Post,social_proof,2024-07-10 06:34:15,2024-07-10 08:19:15,2881,1654,116,69,293,205,13,published,content_calendar_csv,CONT_ROW_000630
M001,CONT000631,CAMP000190,PROD000327,SKU000327,Instagram,Story,lifestyle,2024-02-06 06:25:51,2024-02-06 06:52:51,1059,719,47,40,117,35,1,cancelled,content_calendar_csv,CONT_ROW_000631
M001,CONT000632,CAMP000921,PROD000251,SKU000251,Facebook,Reel,discount,2024-11-12 21:38:45,2024-11-12 21:56:45,3474,1402,260,96,395,90,5,published,content_calendar_csv,CONT_ROW_000632
M001,CONT000633,NA,PROD000152,SKU000152,Instagram,Story,limited_stock,2024-05-27 02:15:45,2024-05-27 02:27:45,4830,2731,325,222,553,443,29,scheduled,content_calendar_csv,CONT_ROW_000633
M001,CONT000634,CAMP002826,PROD000444,SKU000444,LinkedIn,Carousel,discount,2024-01-17 20:02:39,2024-01-17 20:33:39,1496,765,108,36,49,85,2,published,content_calendar_csv,CONT_ROW_000634
M001,CONT000635,CAMP002465,PROD000001,SKU000001,WhatsApp,WhatsApp Broadcast,limited_stock,2024-07-30 07:00:54,2024-07-30 07:43:54,438,200,17,10,50,105,13,published,content_calendar_csv,CONT_ROW_000635
M001,CONT000636,CAMP003594,PROD000370,SKU000370,LinkedIn,Static Post,social_proof,2024-07-11 01:54:46,2024-07-11 03:51:46,1606,690,139,66,152,56,2,scheduled,content_calendar_csv,CONT_ROW_000636
M001,CONT000637,CAMP003859,PROD000045,SKU000045,Email,Email,everyday_style,2024-07-28 12:48:02,2024-07-28 12:55:02,2962,1700,264,107,301,338,15,published,content_calendar_csv,CONT_ROW_000637
M001,CONT000638,NA,PROD000031,SKU000031,Facebook,Carousel,lifestyle,2024-09-01 19:36:41,2024-09-01 20:15:41,7389,3782,559,322,795,389,18,published,content_calendar_csv,CONT_ROW_000638
M001,CONT000639,CAMP000967,PROD000020,SKU000020,Facebook,Carousel,everyday_style,2024-12-11 16:31:56,2024-12-11 17:56:56,4040,2689,227,305,560,326,8,published,content_calendar_csv,CONT_ROW_000639
M001,CONT000640,CAMP001053,PROD000491,SKU000491,Email,Email,festive,2024-10-10 07:13:02,2024-10-10 07:25:02,2261,1083,76,68,89,253,7,cancelled,content_calendar_csv,CONT_ROW_000640
M001,CONT000641,NA,PROD000462,SKU000462,Facebook,Story,comfort,2024-03-25 17:40:41,2024-03-25 18:17:41,1649,1074,166,80,135,112,4,cancelled,content_calendar_csv,CONT_ROW_000641
M001,CONT000642,CAMP004908,PROD000421,SKU000421,LinkedIn,Static Post,premium,2024-07-22 01:43:14,2024-07-22 03:14:14,512,341,32,38,60,16,0,published,content_calendar_csv,CONT_ROW_000642
M001,CONT000643,CAMP003218,PROD000112,SKU000112,Facebook,Story,comfort,2024-09-06 04:50:38,2024-09-06 05:13:38,442,233,27,20,66,25,1,published,content_calendar_csv,CONT_ROW_000643
M001,CONT000644,CAMP002416,PROD000054,SKU000054,Email,Email,utility,2024-07-30 11:24:31,2024-07-30 12:09:31,73,40,8,4,8,6,0,published,content_calendar_csv,CONT_ROW_000644
M001,CONT000645,CAMP002340,PROD000089,SKU000089,Facebook,Static Post,comfort,2024-08-17 09:58:29,2024-08-17 11:17:29,2430,1181,219,152,95,139,4,published,content_calendar_csv,CONT_ROW_000645
M001,CONT000646,CAMP001277,PROD000461,SKU000461,Email,Email,festive,2024-10-28 19:56:16,2024-10-28 21:53:16,1722,1202,97,91,194,230,13,published,content_calendar_csv,CONT_ROW_000646
M001,CONT000647,CAMP003295,PROD000360,SKU000360,Email,Email,everyday_style,2024-12-11 12:59:10,2024-12-11 13:48:10,74,33,8,5,8,11,0,published,content_calendar_csv,CONT_ROW_000647
M001,CONT000648,CAMP000908,PROD000336,SKU000336,Facebook,Reel,utility,2024-01-07 07:42:10,2024-01-07 08:46:10,556,351,31,31,64,36,1,published,content_calendar_csv,CONT_ROW_000648
M001,CONT000649,CAMP004131,PROD000354,SKU000354,WhatsApp,WhatsApp Broadcast,utility,2024-03-16 01:04:05,2024-03-16 03:02:05,604,404,60,31,34,63,9,published,content_calendar_csv,CONT_ROW_000649
M001,CONT000650,NA,PROD000498,SKU000498,LinkedIn,Static Post,lifestyle,2024-03-27 06:08:54,2024-03-27 07:52:54,1748,1094,120,106,125,105,3,published,content_calendar_csv,CONT_ROW_000650
M001,CONT000651,CAMP002601,PROD000059,SKU000059,Instagram,Static Post,lifestyle,2024-05-18 22:49:08,2024-05-18 23:14:08,1322,820,69,88,70,27,0,published,content_calendar_csv,CONT_ROW_000651
M001,CONT000652,CAMP000159,PROD000392,SKU000392,Email,Email,new_launch,2024-02-10 16:59:42,2024-02-10 17:46:42,214,114,19,7,24,27,1,published,content_calendar_csv,CONT_ROW_000652
M001,CONT000653,CAMP004466,PROD000001,SKU000001,Facebook,Static Post,everyday_style,2024-07-30 22:20:06,2024-07-30 23:58:06,1083,680,127,72,111,36,2,published,content_calendar_csv,CONT_ROW_000653
M001,CONT000654,CAMP001867,PROD000251,SKU000251,Facebook,Story,limited_stock,2024-10-02 17:48:40,2024-10-02 19:26:40,2784,1630,294,135,91,163,2,published,content_calendar_csv,CONT_ROW_000654
M001,CONT000655,CAMP004718,PROD000185,SKU000185,Instagram,Static Post,utility,2024-08-12 20:27:27,2024-08-12 22:17:27,1956,1211,213,113,107,74,1,published,content_calendar_csv,CONT_ROW_000655
M001,CONT000656,CAMP004347,PROD000306,SKU000306,LinkedIn,Carousel,everyday_style,2024-02-29 11:02:49,2024-02-29 12:02:49,1512,764,58,88,90,99,6,published,content_calendar_csv,CONT_ROW_000656
M001,CONT000657,CAMP002166,PROD000170,SKU000170,Facebook,Reel,social_proof,2024-01-08 01:15:58,2024-01-08 02:51:58,3868,1823,411,252,339,328,14,cancelled,content_calendar_csv,CONT_ROW_000657
M001,CONT000658,CAMP003560,PROD000179,SKU000179,Instagram,Story,everyday_style,2024-06-02 09:16:43,2024-06-02 11:14:43,1887,889,165,135,108,184,8,published,content_calendar_csv,CONT_ROW_000658
M001,CONT000659,CAMP000324,PROD000198,SKU000198,WhatsApp,WhatsApp Broadcast,new_launch,2024-08-27 02:24:01,2024-08-27 03:53:01,624,301,19,23,92,210,28,published,content_calendar_csv,CONT_ROW_000659
M001,CONT000660,CAMP001161,PROD000194,SKU000194,Facebook,Carousel,limited_stock,2024-03-26 09:28:12,2024-03-26 09:51:12,2329,1112,245,140,86,200,3,published,content_calendar_csv,CONT_ROW_000660
M001,CONT000661,CAMP000384,PROD000046,SKU000046,Facebook,Carousel,festive,2024-09-13 21:07:21,2024-09-13 22:32:21,1066,562,115,74,154,81,2,published,content_calendar_csv,CONT_ROW_000661
M001,CONT000662,CAMP000111,PROD000486,SKU000486,Facebook,Static Post,discount,2024-06-28 10:43:14,2024-06-28 12:34:14,2288,1549,193,61,205,187,12,published,content_calendar_csv,CONT_ROW_000662
M001,CONT000663,CAMP002080,PROD000240,SKU000240,Email,Email,premium,2024-10-11 07:50:19,2024-10-11 09:33:19,2042,893,129,90,227,249,21,published,content_calendar_csv,CONT_ROW_000663
M001,CONT000664,CAMP003362,PROD000488,SKU000488,Email,Email,social_proof,2024-09-10 22:00:08,2024-09-10 23:59:08,2166,1164,160,79,219,360,40,published,content_calendar_csv,CONT_ROW_000664
M001,CONT000665,CAMP003403,PROD000266,SKU000266,Instagram,Reel,lifestyle,2024-01-06 14:32:50,2024-01-06 16:26:50,6873,4441,817,320,759,544,27,scheduled,content_calendar_csv,CONT_ROW_000665
M001,CONT000666,CAMP002947,PROD000040,SKU000040,Instagram,Static Post,discount,2024-06-04 06:35:54,2024-06-04 07:31:54,4825,2482,187,218,637,259,15,published,content_calendar_csv,CONT_ROW_000666
M001,CONT000667,CAMP001819,PROD000117,SKU000117,WhatsApp,WhatsApp Broadcast,festive,2024-10-14 02:11:59,2024-10-14 02:39:59,776,398,54,28,69,148,16,published,content_calendar_csv,CONT_ROW_000667
M001,CONT000668,CAMP000602,PROD000001,SKU000001,Email,Email,social_proof,2024-10-07 06:16:51,2024-10-07 08:02:51,2051,1143,96,80,81,211,25,published,content_calendar_csv,CONT_ROW_000668
M001,CONT000669,CAMP003027,PROD000118,SKU000118,WhatsApp,WhatsApp Broadcast,festive,2024-08-30 18:13:04,2024-08-30 18:52:04,650,340,49,17,59,126,13,published,content_calendar_csv,CONT_ROW_000669
M001,CONT000670,CAMP000122,PROD000001,SKU000001,LinkedIn,Static Post,lifestyle,2024-09-27 09:19:18,2024-09-27 09:48:18,1060,619,100,58,87,93,3,published,content_calendar_csv,CONT_ROW_000670
M001,CONT000671,CAMP004423,PROD000472,SKU000472,WhatsApp,WhatsApp Broadcast,premium,2024-10-02 04:18:28,2024-10-02 05:55:28,342,172,29,18,19,48,7,published,content_calendar_csv,CONT_ROW_000671
M001,CONT000672,CAMP000981,PROD000001,SKU000001,Facebook,Reel,lifestyle,2024-03-27 23:09:32,2024-03-28 00:07:32,888,539,99,31,111,76,2,published,content_calendar_csv,CONT_ROW_000672
M001,CONT000673,CAMP001117,PROD000001,SKU000001,WhatsApp,WhatsApp Broadcast,new_launch,2024-04-03 08:53:59,2024-04-03 10:09:59,94,65,8,3,6,11,1,published,content_calendar_csv,CONT_ROW_000673
M001,CONT000674,CAMP004860,PROD000393,SKU000393,Facebook,Reel,festive,2024-03-09 22:00:27,2024-03-09 23:46:27,1781,920,146,54,130,99,3,published,content_calendar_csv,CONT_ROW_000674
M001,CONT000675,CAMP000039,PROD000384,SKU000384,Email,Email,comfort,2024-12-08 10:57:29,2024-12-08 11:54:29,167,101,15,11,24,9,0,published,content_calendar_csv,CONT_ROW_000675
M001,CONT000676,CAMP004468,PROD000422,SKU000422,Instagram,Story,premium,2024-07-06 00:39:13,2024-07-06 01:15:13,3596,1799,143,141,163,194,6,published,content_calendar_csv,CONT_ROW_000676
M001,CONT000677,CAMP003922,PROD000180,SKU000180,WhatsApp,WhatsApp Broadcast,comfort,2024-04-10 03:10:09,2024-04-10 04:17:09,448,188,50,16,29,156,38,published,content_calendar_csv,CONT_ROW_000677
M001,CONT000678,CAMP002496,PROD000222,SKU000222,Instagram,Reel,social_proof,2024-12-09 02:39:57,2024-12-09 03:38:57,3053,1273,174,123,277,125,4,published,content_calendar_csv,CONT_ROW_000678
M001,CONT000679,CAMP002768,PROD000125,SKU000125,LinkedIn,Carousel,new_launch,2024-06-13 14:59:07,2024-06-13 16:56:07,1144,579,136,49,81,39,2,failed,content_calendar_csv,CONT_ROW_000679
M001,CONT000680,CAMP004364,PROD000348,SKU000348,Facebook,Carousel,lifestyle,2024-05-06 09:24:17,2024-05-06 10:32:17,377,219,16,24,42,17,0,published,content_calendar_csv,CONT_ROW_000680
M001,CONT000681,CAMP004034,PROD000001,SKU000001,Instagram,Static Post,everyday_style,2024-12-16 10:20:14,2024-12-16 10:20:14,4215,2745,395,151,467,135,2,published,content_calendar_csv,CONT_ROW_000681
M001,CONT000682,CAMP003054,PROD000451,SKU000451,LinkedIn,Carousel,social_proof,2024-07-12 17:57:35,2024-07-12 18:15:35,105,71,10,8,15,8,0,published,content_calendar_csv,CONT_ROW_000682
M001,CONT000683,CAMP003465,PROD000314,SKU000314,Facebook,Static Post,limited_stock,2024-10-29 08:35:43,2024-10-29 08:52:43,2304,1506,241,104,137,108,3,published,content_calendar_csv,CONT_ROW_000683
M001,CONT000684,CAMP001781,PROD000001,SKU000001,Instagram,Carousel,premium,2024-01-17 04:27:09,2024-01-17 06:06:09,4904,2657,256,203,269,218,6,scheduled,content_calendar_csv,CONT_ROW_000684
M001,CONT000685,CAMP001734,PROD000209,SKU000209,Instagram,Story,lifestyle,2024-12-28 18:54:00,2024-12-28 20:00:00,4082,2797,320,227,545,108,5,scheduled,content_calendar_csv,CONT_ROW_000685
M001,CONT000686,CAMP000311,PROD000348,SKU000348,WhatsApp,WhatsApp Broadcast,utility,2024-02-06 03:40:37,2024-02-06 03:44:37,370,224,12,10,45,92,19,published,content_calendar_csv,CONT_ROW_000686
M001,CONT000687,CAMP002239,PROD000100,SKU000100,Email,Email,limited_stock,2024-09-26 23:33:04,2024-09-26 23:49:04,736,346,58,23,74,129,14,published,content_calendar_csv,CONT_ROW_000687
M001,CONT000688,CAMP001411,PROD000117,SKU000117,LinkedIn,Carousel,premium,2024-02-03 15:00:10,2024-02-03 15:55:10,850,450,37,40,66,74,1,published,content_calendar_csv,CONT_ROW_000688
M001,CONT000689,CAMP001896,PROD000362,SKU000362,Instagram,Static Post,comfort,2024-04-04 11:32:13,2024-04-04 11:54:13,3711,1603,315,208,313,289,19,published,content_calendar_csv,CONT_ROW_000689
M001,CONT000690,CAMP001847,PROD000429,SKU000429,Instagram,Static Post,everyday_style,2024-07-16 13:26:25,2024-07-16 14:00:25,725,419,25,37,84,43,2,published,content_calendar_csv,CONT_ROW_000690
M001,CONT000691,CAMP001464,PROD000181,SKU000181,Facebook,Carousel,limited_stock,2024-02-06 17:43:32,2024-02-06 19:18:32,4075,1635,295,186,546,200,5,published,content_calendar_csv,CONT_ROW_000691
M001,CONT000692,CAMP001504,PROD000144,SKU000144,LinkedIn,Static Post,social_proof,2024-03-13 03:15:05,2024-03-13 05:02:05,219,94,24,11,21,7,0,published,content_calendar_csv,CONT_ROW_000692
M001,CONT000693,CAMP000966,PROD000463,SKU000463,LinkedIn,Carousel,utility,2024-04-18 11:55:54,2024-04-18 12:14:54,1457,901,168,114,133,99,6,failed,content_calendar_csv,CONT_ROW_000693
M001,CONT000694,CAMP001021,PROD000001,SKU000001,Email,Email,everyday_style,2024-01-06 00:06:52,2024-01-06 00:16:52,2446,1596,106,88,188,143,9,published,content_calendar_csv,CONT_ROW_000694
M001,CONT000695,CAMP002966,PROD000119,SKU000119,Email,Email,premium,2024-03-06 07:42:22,2024-03-06 08:47:22,676,421,27,38,20,101,8,published,content_calendar_csv,CONT_ROW_000695
M001,CONT000696,CAMP002248,PROD000408,SKU000408,Email,Email,limited_stock,2024-11-16 13:29:07,2024-11-16 14:05:07,2282,1020,102,140,138,429,13,published,content_calendar_csv,CONT_ROW_000696
M001,CONT000697,CAMP003671,PROD000499,SKU000499,Facebook,Story,premium,2024-09-09 06:04:42,2024-09-09 07:47:42,1794,888,157,127,254,90,4,published,content_calendar_csv,CONT_ROW_000697
M001,CONT000698,CAMP004345,PROD000343,SKU000343,WhatsApp,WhatsApp Broadcast,discount,2024-04-04 20:25:38,2024-04-04 22:01:38,163,76,12,5,21,22,3,published,content_calendar_csv,CONT_ROW_000698
M001,CONT000699,CAMP003900,PROD000384,SKU000384,Instagram,Carousel,comfort,2024-02-09 16:33:08,2024-02-09 17:14:08,14210,5760,1704,754,1525,490,20,published,content_calendar_csv,CONT_ROW_000699
M001,CONT000700,CAMP002619,PROD000337,SKU000337,Instagram,Carousel,new_launch,2024-09-30 01:12:49,2024-09-30 01:47:49,1236,810,105,84,125,100,3,published,content_calendar_csv,CONT_ROW_000700
M001,CONT000701,CAMP001492,PROD000214,SKU000214,Instagram,Reel,comfort,2024-10-30 17:09:56,2024-10-30 19:07:56,9963,6827,1162,729,1216,312,4,published,content_calendar_csv,CONT_ROW_000701
M001,CONT000702,CAMP001513,PROD000309,SKU000309,Email,Email,premium,2024-05-09 18:21:52,2024-05-09 18:55:52,271,177,16,18,24,45,1,published,content_calendar_csv,CONT_ROW_000702
M001,CONT000703,CAMP003067,PROD000216,SKU000216,LinkedIn,Carousel,new_launch,2024-06-18 13:36:34,2024-06-18 14:34:34,293,134,10,10,27,9,0,published,content_calendar_csv,CONT_ROW_000703
M001,CONT000704,CAMP003950,PROD000383,SKU000383,Facebook,Static Post,everyday_style,2024-05-25 18:39:04,2024-05-25 19:37:04,738,307,65,42,86,65,3,published,content_calendar_csv,CONT_ROW_000704
M001,CONT000705,NA,PROD000262,SKU000262,Email,Email,comfort,2024-04-13 02:09:02,2024-04-13 03:00:02,2782,1163,173,162,141,206,15,published,content_calendar_csv,CONT_ROW_000705
M001,CONT000706,CAMP003123,PROD000221,SKU000221,LinkedIn,Carousel,everyday_style,2024-08-22 04:11:02,2024-08-22 04:52:02,1674,991,183,66,83,42,2,published,content_calendar_csv,CONT_ROW_000706
M001,CONT000707,CAMP001671,PROD000001,SKU000001,Instagram,Reel,festive,2024-08-10 15:47:09,2024-08-10 17:40:09,14405,5978,1214,575,887,1119,65,cancelled,content_calendar_csv,CONT_ROW_000707
M001,CONT000708,CAMP004267,PROD000001,SKU000001,Email,Email,lifestyle,2024-08-05 12:31:55,2024-08-05 13:23:55,647,393,51,18,22,38,2,published,content_calendar_csv,CONT_ROW_000708
M001,CONT000709,CAMP001169,PROD000001,SKU000001,Email,Email,utility,2024-04-11 07:37:35,2024-04-11 09:31:35,2259,1519,161,85,215,408,40,scheduled,content_calendar_csv,CONT_ROW_000709
M001,CONT000710,CAMP000588,PROD000240,SKU000240,WhatsApp,WhatsApp Broadcast,festive,2024-11-12 04:05:14,2024-11-12 05:52:14,710,313,23,41,35,173,18,published,content_calendar_csv,CONT_ROW_000710
M001,CONT000711,CAMP002418,PROD000239,SKU000239,LinkedIn,Carousel,festive,2024-06-17 06:22:47,2024-06-17 07:11:47,706,442,69,23,77,42,2,published,content_calendar_csv,CONT_ROW_000711
M001,CONT000712,CAMP000785,PROD000001,SKU000001,LinkedIn,Static Post,utility,2024-04-22 18:04:00,2024-04-22 18:34:00,603,254,22,35,75,28,0,published,content_calendar_csv,CONT_ROW_000712
M001,CONT000713,CAMP001858,PROD000207,SKU000207,WhatsApp,WhatsApp Broadcast,social_proof,2024-06-21 23:43:51,2024-06-22 00:58:51,268,145,20,7,34,71,15,published,content_calendar_csv,CONT_ROW_000713
M001,CONT000714,CAMP001017,PROD000015,SKU000015,Instagram,Reel,festive,2024-01-26 15:53:48,2024-01-26 17:28:48,2885,1490,115,91,215,186,6,published,content_calendar_csv,CONT_ROW_000714
M001,CONT000715,NA,PROD000022,SKU000022,Instagram,Static Post,discount,2024-03-13 22:38:03,2024-03-13 23:51:03,960,551,52,74,79,68,2,scheduled,content_calendar_csv,CONT_ROW_000715
M001,CONT000716,CAMP003061,PROD000147,SKU000147,WhatsApp,WhatsApp Broadcast,comfort,2024-04-07 04:57:13,2024-04-07 06:21:13,526,287,63,23,57,85,5,published,content_calendar_csv,CONT_ROW_000716
M001,CONT000717,CAMP001092,PROD000202,SKU000202,Email,Email,comfort,2024-08-17 08:53:23,2024-08-17 10:32:23,1325,837,149,33,159,69,4,published,content_calendar_csv,CONT_ROW_000717
M001,CONT000718,CAMP002553,PROD000002,SKU000002,Facebook,Story,comfort,2024-01-17 19:58:13,2024-01-17 20:23:13,1966,1288,155,43,166,168,2,scheduled,content_calendar_csv,CONT_ROW_000718
M001,CONT000719,CAMP001963,PROD000419,SKU000419,Instagram,Story,everyday_style,2024-02-04 23:55:29,2024-02-05 00:31:29,2666,1084,167,140,329,261,3,failed,content_calendar_csv,CONT_ROW_000719
M001,CONT000720,CAMP000341,PROD000468,SKU000468,Facebook,Static Post,discount,2024-09-24 21:15:58,2024-09-24 21:25:58,2030,1413,128,116,108,124,8,published,content_calendar_csv,CONT_ROW_000720
M001,CONT000721,CAMP001884,PROD000024,SKU000024,Facebook,Reel,limited_stock,2024-09-19 01:10:37,2024-09-19 01:12:37,3687,2017,194,215,239,360,23,published,content_calendar_csv,CONT_ROW_000721
M001,CONT000722,CAMP003307,PROD000434,SKU000434,Email,Email,new_launch,2024-10-30 18:25:15,2024-10-30 19:42:15,1788,1234,110,48,120,277,23,published,content_calendar_csv,CONT_ROW_000722
M001,CONT000723,CAMP004907,PROD000261,SKU000261,LinkedIn,Static Post,new_launch,2024-01-13 14:28:40,2024-01-13 15:06:40,852,350,70,18,79,68,2,published,content_calendar_csv,CONT_ROW_000723
M001,CONT000724,CAMP000654,PROD000091,SKU000091,Facebook,Carousel,utility,2024-05-02 07:47:52,2024-05-02 09:25:52,5112,2141,185,291,289,266,2,published,content_calendar_csv,CONT_ROW_000724
M001,CONT000725,CAMP004012,PROD000063,SKU000063,LinkedIn,Carousel,premium,2024-04-15 03:30:00,2024-04-15 03:57:00,857,421,36,52,26,83,2,failed,content_calendar_csv,CONT_ROW_000725
M001,CONT000726,CAMP000109,PROD000038,SKU000038,Facebook,Static Post,lifestyle,2024-12-17 17:55:40,2024-12-17 18:07:40,1392,587,119,85,152,30,0,published,content_calendar_csv,CONT_ROW_000726
M001,CONT000727,CAMP000412,PROD000394,SKU000394,Facebook,Story,social_proof,2024-03-30 11:18:47,2024-03-30 12:01:47,892,595,56,56,57,85,4,published,content_calendar_csv,CONT_ROW_000727
M001,CONT000728,CAMP002626,PROD000164,SKU000164,LinkedIn,Static Post,discount,2024-09-21 19:51:13,2024-09-21 20:09:13,810,375,31,53,44,71,1,published,content_calendar_csv,CONT_ROW_000728
M001,CONT000729,CAMP002117,PROD000001,SKU000001,WhatsApp,WhatsApp Broadcast,festive,2024-03-10 12:26:44,2024-03-10 13:05:44,129,59,10,7,7,43,2,scheduled,content_calendar_csv,CONT_ROW_000729
M001,CONT000730,CAMP002648,PROD000045,SKU000045,Instagram,Static Post,limited_stock,2024-11-07 06:39:14,2024-11-07 07:35:14,2982,1313,287,82,417,235,9,scheduled,content_calendar_csv,CONT_ROW_000730
M001,CONT000731,CAMP003172,PROD000005,SKU000005,Facebook,Reel,comfort,2024-11-12 09:05:37,2024-11-12 09:31:37,2451,1096,104,163,222,163,5,published,content_calendar_csv,CONT_ROW_000731
M001,CONT000732,CAMP004884,PROD000498,SKU000498,Facebook,Reel,limited_stock,2024-12-02 11:59:53,2024-12-02 13:45:53,3850,2475,271,126,403,176,4,published,content_calendar_csv,CONT_ROW_000732
M001,CONT000733,CAMP002695,PROD000283,SKU000283,LinkedIn,Static Post,new_launch,2024-03-28 02:48:02,2024-03-28 02:53:02,1922,1294,126,149,106,177,8,published,content_calendar_csv,CONT_ROW_000733
M001,CONT000734,CAMP004741,PROD000353,SKU000353,LinkedIn,Carousel,festive,2024-02-10 16:36:12,2024-02-10 18:21:12,1688,914,115,116,95,35,2,published,content_calendar_csv,CONT_ROW_000734
M001,CONT000735,NA,PROD000308,SKU000308,Facebook,Story,social_proof,2024-04-08 17:28:05,2024-04-08 18:32:05,2888,1192,238,175,262,162,5,published,content_calendar_csv,CONT_ROW_000735
M001,CONT000736,CAMP000381,PROD000001,SKU000001,Email,Email,utility,2024-05-21 08:26:20,2024-05-21 09:58:20,2730,1190,209,56,330,301,13,published,content_calendar_csv,CONT_ROW_000736
M001,CONT000737,CAMP004050,PROD000002,SKU000002,Facebook,Carousel,limited_stock,2024-05-31 05:51:55,2024-05-31 07:51:55,1246,813,66,51,147,87,5,scheduled,content_calendar_csv,CONT_ROW_000737
M001,CONT000738,NA,PROD000160,SKU000160,Facebook,Static Post,social_proof,2024-11-28 19:01:20,2024-11-28 19:57:20,2959,1242,342,108,269,213,3,published,content_calendar_csv,CONT_ROW_000738
M001,CONT000739,CAMP001552,PROD000001,SKU000001,Facebook,Static Post,premium,2024-04-07 12:42:07,2024-04-07 13:59:07,2369,1403,123,178,167,193,5,published,content_calendar_csv,CONT_ROW_000739
M001,CONT000740,CAMP001429,PROD000166,SKU000166,WhatsApp,WhatsApp Broadcast,limited_stock,2024-11-17 13:04:01,2024-11-17 14:01:01,530,214,31,36,27,177,24,failed,content_calendar_csv,CONT_ROW_000740
M001,CONT000741,CAMP001097,PROD000199,SKU000199,Email,Email,festive,2024-03-06 17:09:44,2024-03-06 17:14:44,1974,1373,148,151,227,99,8,published,content_calendar_csv,CONT_ROW_000741
M001,CONT000742,CAMP004100,PROD000001,SKU000001,LinkedIn,Carousel,social_proof,2024-10-04 07:37:25,2024-10-04 09:14:25,1428,747,53,71,130,31,2,published,content_calendar_csv,CONT_ROW_000742
M001,CONT000743,CAMP003162,PROD000371,SKU000371,Instagram,Story,discount,2024-05-14 16:06:29,2024-05-14 16:41:29,2232,1458,110,170,248,169,7,published,content_calendar_csv,CONT_ROW_000743
M001,CONT000744,CAMP004193,PROD000373,SKU000373,Email,Email,new_launch,2024-07-09 14:56:20,2024-07-09 16:32:20,1420,729,67,45,160,124,12,published,content_calendar_csv,CONT_ROW_000744
M001,CONT000745,CAMP000251,PROD000278,SKU000278,WhatsApp,WhatsApp Broadcast,everyday_style,2024-01-21 08:09:11,2024-01-21 10:09:11,270,128,15,9,20,79,9,scheduled,content_calendar_csv,CONT_ROW_000745
M001,CONT000746,CAMP002000,PROD000001,SKU000001,WhatsApp,WhatsApp Broadcast,social_proof,2024-02-22 01:51:21,2024-02-22 02:12:21,142,86,9,9,12,16,1,published,content_calendar_csv,CONT_ROW_000746
M001,CONT000747,CAMP001797,PROD000105,SKU000105,WhatsApp,WhatsApp Broadcast,limited_stock,2024-05-20 09:05:18,2024-05-20 10:57:18,756,518,32,54,95,123,13,published,content_calendar_csv,CONT_ROW_000747
M001,CONT000748,CAMP001371,PROD000227,SKU000227,Instagram,Story,comfort,2024-03-19 11:44:23,2024-03-19 13:27:23,1016,520,58,62,151,86,3,published,content_calendar_csv,CONT_ROW_000748
M001,CONT000749,CAMP002319,PROD000088,SKU000088,Facebook,Static Post,utility,2024-01-13 11:15:02,2024-01-13 11:21:02,1580,1071,74,115,214,115,1,published,content_calendar_csv,CONT_ROW_000749
M001,CONT000750,CAMP000761,PROD000380,SKU000380,Instagram,Carousel,limited_stock,2024-04-29 00:30:55,2024-04-29 01:25:55,1530,1069,145,92,192,109,2,published,content_calendar_csv,CONT_ROW_000750
M001,CONT000751,CAMP004779,PROD000498,SKU000498,Facebook,Story,social_proof,2024-12-16 02:51:06,2024-12-16 04:35:06,896,449,99,32,35,67,1,published,content_calendar_csv,CONT_ROW_000751
M001,CONT000752,CAMP002361,PROD000394,SKU000394,Email,Email,discount,2024-10-26 10:17:53,2024-10-26 10:54:53,633,289,66,32,91,45,2,published,content_calendar_csv,CONT_ROW_000752
M001,CONT000753,CAMP001887,PROD000431,SKU000431,WhatsApp,WhatsApp Broadcast,new_launch,2024-10-30 17:52:47,2024-10-30 18:30:47,530,244,21,40,20,132,7,published,content_calendar_csv,CONT_ROW_000753
M001,CONT000754,CAMP002136,PROD000061,SKU000061,WhatsApp,WhatsApp Broadcast,discount,2024-10-18 12:39:51,2024-10-18 14:05:51,538,345,30,16,74,72,10,published,content_calendar_csv,CONT_ROW_000754
M001,CONT000755,CAMP002855,PROD000153,SKU000153,Facebook,Story,social_proof,2024-01-07 14:08:51,2024-01-07 14:45:51,1357,574,85,83,137,36,2,published,content_calendar_csv,CONT_ROW_000755
M001,CONT000756,CAMP000546,PROD000020,SKU000020,Facebook,Static Post,social_proof,2024-11-17 14:34:13,2024-11-17 15:33:13,860,506,95,21,62,19,1,failed,content_calendar_csv,CONT_ROW_000756
M001,CONT000757,CAMP000846,PROD000002,SKU000002,LinkedIn,Carousel,everyday_style,2024-05-28 00:15:49,2024-05-28 01:01:49,859,445,37,66,127,21,0,published,content_calendar_csv,CONT_ROW_000757
M001,CONT000758,CAMP000978,PROD000001,SKU000001,Email,Email,premium,2024-02-18 16:22:23,2024-02-18 18:16:23,471,229,15,13,39,30,1,published,content_calendar_csv,CONT_ROW_000758
M001,CONT000759,CAMP000216,PROD000402,SKU000402,LinkedIn,Static Post,limited_stock,2024-12-01 14:21:07,2024-12-01 15:37:07,548,297,55,41,44,16,0,published,content_calendar_csv,CONT_ROW_000759
M001,CONT000760,NA,PROD000136,SKU000136,Instagram,Reel,new_launch,2024-04-06 23:39:06,2024-04-07 01:04:06,5377,2804,476,286,371,292,20,published,content_calendar_csv,CONT_ROW_000760
M001,CONT000761,CAMP001259,PROD000356,SKU000356,Facebook,Static Post,social_proof,2024-07-20 17:02:10,2024-07-20 18:51:10,2844,1929,191,83,97,178,4,scheduled,content_calendar_csv,CONT_ROW_000761
M001,CONT000762,CAMP001042,PROD000472,SKU000472,LinkedIn,Carousel,limited_stock,2024-12-11 19:05:04,2024-12-11 19:52:04,1364,789,114,42,109,56,2,published,content_calendar_csv,CONT_ROW_000762
M001,CONT000763,CAMP000630,PROD000355,SKU000355,Facebook,Reel,premium,2024-04-18 11:59:30,2024-04-18 13:27:30,7640,4153,705,473,1047,659,9,published,content_calendar_csv,CONT_ROW_000763
M001,CONT000764,CAMP002978,PROD000487,SKU000487,LinkedIn,Static Post,discount,2024-08-05 15:41:07,2024-08-05 16:03:07,1398,703,153,64,201,129,8,published,content_calendar_csv,CONT_ROW_000764
M001,CONT000765,CAMP004500,PROD000222,SKU000222,Facebook,Story,lifestyle,2024-07-20 02:21:07,2024-07-20 03:55:07,1821,1159,84,76,108,43,0,published,content_calendar_csv,CONT_ROW_000765
M001,CONT000766,CAMP003710,PROD000421,SKU000421,Facebook,Carousel,lifestyle,2024-06-20 22:18:49,2024-06-20 23:46:49,7082,3632,455,272,263,700,32,published,content_calendar_csv,CONT_ROW_000766
M001,CONT000767,CAMP004821,PROD000458,SKU000458,Email,Email,comfort,2024-04-01 08:10:07,2024-04-01 08:39:07,1847,806,95,94,173,143,16,published,content_calendar_csv,CONT_ROW_000767
M001,CONT000768,CAMP004688,PROD000354,SKU000354,Facebook,Story,premium,2024-04-18 21:25:32,2024-04-18 22:07:32,2609,1279,207,180,152,259,6,published,content_calendar_csv,CONT_ROW_000768
M001,CONT000769,CAMP000202,PROD000381,SKU000381,Email,Email,limited_stock,2024-04-21 13:43:46,2024-04-21 15:19:46,2962,1996,323,111,189,532,29,published,content_calendar_csv,CONT_ROW_000769
M001,CONT000770,CAMP004118,PROD000011,SKU000011,Email,Email,new_launch,2024-02-18 03:10:52,2024-02-18 03:14:52,681,410,38,43,36,127,4,published,content_calendar_csv,CONT_ROW_000770
M001,CONT000771,CAMP000925,PROD000327,SKU000327,WhatsApp,WhatsApp Broadcast,lifestyle,2024-01-24 19:17:02,2024-01-24 20:16:02,462,293,19,24,48,139,8,published,content_calendar_csv,CONT_ROW_000771
M001,CONT000772,CAMP004963,PROD000305,SKU000305,Email,Email,lifestyle,2024-02-18 04:21:21,2024-02-18 05:49:21,2902,1423,161,67,367,187,21,published,content_calendar_csv,CONT_ROW_000772
M001,CONT000773,CAMP004273,PROD000392,SKU000392,Instagram,Reel,discount,2024-03-11 07:05:36,2024-03-11 08:03:36,903,400,61,50,92,46,2,published,content_calendar_csv,CONT_ROW_000773
M001,CONT000774,CAMP002301,PROD000383,SKU000383,WhatsApp,WhatsApp Broadcast,utility,2024-04-28 13:42:02,2024-04-28 14:56:02,632,332,36,46,59,142,15,scheduled,content_calendar_csv,CONT_ROW_000774
M001,CONT000775,CAMP000310,PROD000087,SKU000087,Facebook,Static Post,festive,2024-10-24 23:55:22,2024-10-25 00:45:22,529,328,28,32,67,12,0,published,content_calendar_csv,CONT_ROW_000775
M001,CONT000776,CAMP003558,PROD000115,SKU000115,Email,Email,premium,2024-03-15 04:35:42,2024-03-15 05:14:42,119,68,7,2,6,7,0,scheduled,content_calendar_csv,CONT_ROW_000776
M001,CONT000777,CAMP004709,PROD000073,SKU000073,Email,Email,festive,2024-01-31 06:46:21,2024-01-31 07:43:21,2802,1714,268,214,164,144,4,published,content_calendar_csv,CONT_ROW_000777
M001,CONT000778,CAMP000717,PROD000001,SKU000001,Facebook,Static Post,limited_stock,2024-03-19 21:48:10,2024-03-19 23:29:10,1640,817,84,90,234,131,8,published,content_calendar_csv,CONT_ROW_000778
M001,CONT000779,CAMP004994,PROD000193,SKU000193,Instagram,Static Post,lifestyle,2024-02-29 17:52:53,2024-02-29 19:31:53,2017,1232,208,103,123,144,6,cancelled,content_calendar_csv,CONT_ROW_000779
M001,CONT000780,CAMP002861,PROD000434,SKU000434,LinkedIn,Static Post,festive,2024-05-31 21:35:12,2024-05-31 21:58:12,768,472,74,60,24,18,0,scheduled,content_calendar_csv,CONT_ROW_000780
M001,CONT000781,CAMP001001,PROD000001,SKU000001,WhatsApp,WhatsApp Broadcast,social_proof,2024-03-17 00:57:45,2024-03-17 02:17:45,764,419,66,49,33,254,36,failed,content_calendar_csv,CONT_ROW_000781
M001,CONT000782,CAMP003207,PROD000185,SKU000185,Instagram,Carousel,social_proof,2024-10-30 04:43:01,2024-10-30 05:10:01,13053,5231,980,598,1613,1112,74,published,content_calendar_csv,CONT_ROW_000782
M001,CONT000783,CAMP004294,PROD000438,SKU000438,Facebook,Story,everyday_style,2024-11-30 10:35:40,2024-11-30 11:29:40,2632,1621,204,92,133,211,13,published,content_calendar_csv,CONT_ROW_000783
M001,CONT000784,CAMP003309,PROD000133,SKU000133,Email,Email,new_launch,2024-09-27 13:47:30,2024-09-27 15:05:30,691,358,71,53,93,90,6,scheduled,content_calendar_csv,CONT_ROW_000784
M001,CONT000785,CAMP004406,PROD000138,SKU000138,Facebook,Static Post,lifestyle,2024-05-23 20:13:06,2024-05-23 21:53:06,2448,1053,176,191,283,161,10,published,content_calendar_csv,CONT_ROW_000785
M001,CONT000786,CAMP001490,PROD000188,SKU000188,Facebook,Reel,everyday_style,2024-02-27 07:02:59,2024-02-27 07:58:59,4139,2304,405,288,363,354,8,published,content_calendar_csv,CONT_ROW_000786
M001,CONT000787,CAMP002432,PROD000001,SKU000001,LinkedIn,Carousel,premium,2024-08-29 04:50:02,2024-08-29 06:30:02,304,206,33,22,41,20,1,published,content_calendar_csv,CONT_ROW_000787
M001,CONT000788,CAMP001462,PROD000094,SKU000094,Instagram,Reel,new_launch,2024-01-04 18:39:10,2024-01-04 19:01:10,11957,8211,638,405,1001,885,54,published,content_calendar_csv,CONT_ROW_000788
M001,CONT000789,CAMP004891,PROD000226,SKU000226,Email,Email,new_launch,2024-11-24 07:14:11,2024-11-24 08:03:11,1026,574,61,39,102,66,4,failed,content_calendar_csv,CONT_ROW_000789
M001,CONT000790,CAMP001557,PROD000275,SKU000275,LinkedIn,Static Post,new_launch,2024-08-04 09:59:50,2024-08-04 11:17:50,1153,564,36,42,160,93,1,scheduled,content_calendar_csv,CONT_ROW_000790
M001,CONT000791,CAMP001438,PROD000488,SKU000488,Instagram,Story,lifestyle,2024-03-25 11:01:25,2024-03-25 12:52:25,556,344,57,40,56,42,0,published,content_calendar_csv,CONT_ROW_000791
M001,CONT000792,CAMP002811,PROD000001,SKU000001,LinkedIn,Carousel,utility,2024-02-24 16:52:39,2024-02-24 17:09:39,203,131,16,6,22,6,0,published,content_calendar_csv,CONT_ROW_000792
M001,CONT000793,NA,PROD000120,SKU000120,LinkedIn,Carousel,social_proof,2024-01-29 16:07:59,2024-01-29 17:01:59,176,89,14,13,7,5,0,failed,content_calendar_csv,CONT_ROW_000793
M001,CONT000794,CAMP000227,PROD000435,SKU000435,Instagram,Carousel,social_proof,2024-12-29 04:56:07,2024-12-29 06:25:07,4334,1759,231,234,187,125,4,published,content_calendar_csv,CONT_ROW_000794
M001,CONT000795,CAMP003467,PROD000301,SKU000301,WhatsApp,WhatsApp Broadcast,social_proof,2024-03-23 23:46:12,2024-03-24 01:13:12,23,12,2,0,0,4,0,published,content_calendar_csv,CONT_ROW_000795
M001,CONT000796,NA,PROD000459,SKU000459,Instagram,Static Post,lifestyle,2024-08-14 10:47:27,2024-08-14 11:05:27,4094,2320,284,99,555,143,6,published,content_calendar_csv,CONT_ROW_000796
M001,CONT000797,CAMP003558,PROD000115,SKU000115,WhatsApp,WhatsApp Broadcast,utility,2024-12-11 09:21:27,2024-12-11 09:59:27,238,97,18,16,12,70,3,published,content_calendar_csv,CONT_ROW_000797
M001,CONT000798,CAMP004504,PROD000167,SKU000167,Facebook,Static Post,lifestyle,2024-06-30 18:10:20,2024-06-30 18:30:20,1384,938,128,67,47,58,0,published,content_calendar_csv,CONT_ROW_000798
M001,CONT000799,CAMP000557,PROD000062,SKU000062,Instagram,Static Post,premium,2024-10-22 15:42:27,2024-10-22 16:08:27,4749,2238,404,250,261,401,20,published,content_calendar_csv,CONT_ROW_000799
M001,CONT000800,CAMP000482,PROD000001,SKU000001,LinkedIn,Carousel,comfort,2024-05-19 13:23:46,2024-05-19 15:05:46,508,236,26,15,32,21,0,published,content_calendar_csv,CONT_ROW_000800
M001,CONT000801,CAMP003025,PROD000002,SKU000002,Instagram,Story,lifestyle,2024-09-13 09:19:07,2024-09-13 10:16:07,925,423,72,30,33,66,2,published,content_calendar_csv,CONT_ROW_000801
M001,CONT000802,CAMP002874,PROD000429,SKU000429,LinkedIn,Static Post,everyday_style,2024-08-09 15:25:13,2024-08-09 16:33:13,734,486,68,24,83,18,1,published,content_calendar_csv,CONT_ROW_000802
M001,CONT000803,CAMP000635,PROD000249,SKU000249,Facebook,Carousel,festive,2024-04-26 01:14:08,2024-04-26 03:06:08,5266,2527,510,148,186,307,14,published,content_calendar_csv,CONT_ROW_000803
M001,CONT000804,NA,PROD000065,SKU000065,Facebook,Static Post,festive,2024-07-29 05:22:23,2024-07-29 06:50:23,2588,1264,286,78,92,168,4,published,content_calendar_csv,CONT_ROW_000804
M001,CONT000805,NA,PROD000176,SKU000176,Email,Email,social_proof,2024-07-08 06:24:49,2024-07-08 06:34:49,1370,636,64,69,197,189,17,scheduled,content_calendar_csv,CONT_ROW_000805
M001,CONT000806,CAMP002434,PROD000418,SKU000418,Facebook,Static Post,premium,2024-03-06 18:13:41,2024-03-06 18:56:41,2995,1519,230,78,108,190,5,scheduled,content_calendar_csv,CONT_ROW_000806
M001,CONT000807,CAMP004391,PROD000366,SKU000366,Facebook,Story,comfort,2024-09-28 03:32:01,2024-09-28 05:03:01,1068,737,125,36,119,43,2,published,content_calendar_csv,CONT_ROW_000807
M001,CONT000808,CAMP001502,PROD000228,SKU000228,WhatsApp,WhatsApp Broadcast,comfort,2024-03-18 02:32:54,2024-03-18 04:12:54,208,124,23,8,30,42,2,published,content_calendar_csv,CONT_ROW_000808
M001,CONT000809,CAMP002368,PROD000426,SKU000426,WhatsApp,WhatsApp Broadcast,lifestyle,2024-08-30 08:42:08,2024-08-30 10:10:08,90,37,5,6,5,23,2,published,content_calendar_csv,CONT_ROW_000809
M001,CONT000810,CAMP003941,PROD000344,SKU000344,LinkedIn,Static Post,new_launch,2024-07-20 17:35:25,2024-07-20 18:33:25,936,609,43,73,68,33,0,published,content_calendar_csv,CONT_ROW_000810
M001,CONT000811,CAMP000738,PROD000356,SKU000356,Email,Email,comfort,2024-07-15 09:59:45,2024-07-15 11:41:45,1893,1070,60,86,197,160,18,published,content_calendar_csv,CONT_ROW_000811
M001,CONT000812,CAMP001389,PROD000101,SKU000101,Instagram,Static Post,limited_stock,2024-09-27 06:43:00,2024-09-27 07:04:00,1299,840,45,95,191,93,4,published,content_calendar_csv,CONT_ROW_000812
M001,CONT000813,CAMP003375,PROD000456,SKU000456,WhatsApp,WhatsApp Broadcast,everyday_style,2024-09-26 16:16:52,2024-09-26 17:57:52,148,73,10,6,15,30,4,published,content_calendar_csv,CONT_ROW_000813
M001,CONT000814,CAMP002361,PROD000394,SKU000394,LinkedIn,Carousel,comfort,2024-06-16 04:03:56,2024-06-16 04:49:56,491,274,19,20,46,36,2,published,content_calendar_csv,CONT_ROW_000814
M001,CONT000815,CAMP003170,PROD000403,SKU000403,WhatsApp,WhatsApp Broadcast,lifestyle,2024-02-26 20:20:42,2024-02-26 21:11:42,707,483,24,31,21,85,10,published,content_calendar_csv,CONT_ROW_000815
M001,CONT000816,CAMP002679,PROD000344,SKU000344,Instagram,Reel,discount,2024-05-13 06:06:42,2024-05-13 07:17:42,5946,3679,511,279,591,162,4,published,content_calendar_csv,CONT_ROW_000816
M001,CONT000817,CAMP000234,PROD000496,SKU000496,Instagram,Reel,lifestyle,2024-05-30 03:32:53,2024-05-30 04:57:53,5974,2945,579,241,861,401,26,published,content_calendar_csv,CONT_ROW_000817
M001,CONT000818,CAMP002497,PROD000001,SKU000001,LinkedIn,Static Post,premium,2024-08-24 17:04:24,2024-08-24 17:48:24,75,45,8,3,6,4,0,published,content_calendar_csv,CONT_ROW_000818
M001,CONT000819,CAMP004145,PROD000393,SKU000393,Facebook,Carousel,limited_stock,2024-03-06 18:07:36,2024-03-06 18:41:36,4914,1970,518,334,423,100,5,published,content_calendar_csv,CONT_ROW_000819
M001,CONT000820,CAMP003545,PROD000074,SKU000074,WhatsApp,WhatsApp Broadcast,comfort,2024-11-02 18:26:34,2024-11-02 19:32:34,104,45,8,4,11,33,5,published,content_calendar_csv,CONT_ROW_000820
M001,CONT000821,CAMP003103,PROD000012,SKU000012,LinkedIn,Static Post,comfort,2024-06-15 18:24:27,2024-06-15 18:32:27,1136,745,52,54,74,51,1,published,content_calendar_csv,CONT_ROW_000821
M001,CONT000822,CAMP000060,PROD000180,SKU000180,Instagram,Carousel,new_launch,2024-08-18 04:06:04,2024-08-18 05:25:04,4954,2498,363,244,228,120,7,published,content_calendar_csv,CONT_ROW_000822
M001,CONT000823,NA,PROD000392,SKU000392,LinkedIn,Carousel,festive,2024-10-21 17:26:48,2024-10-21 19:13:48,1794,914,136,85,166,144,2,published,content_calendar_csv,CONT_ROW_000823
M001,CONT000824,CAMP003005,PROD000118,SKU000118,WhatsApp,WhatsApp Broadcast,festive,2024-06-23 20:13:47,2024-06-23 22:01:47,725,329,27,18,100,219,45,failed,content_calendar_csv,CONT_ROW_000824
M001,CONT000825,CAMP003433,PROD000132,SKU000132,Facebook,Carousel,utility,2024-03-18 00:12:00,2024-03-18 00:37:00,7132,3501,501,346,394,644,40,published,content_calendar_csv,CONT_ROW_000825
M001,CONT000826,CAMP000877,PROD000001,SKU000001,Instagram,Reel,premium,2024-01-27 01:12:38,2024-01-27 01:53:38,9863,4391,384,525,1157,568,31,cancelled,content_calendar_csv,CONT_ROW_000826
M001,CONT000827,CAMP000446,PROD000445,SKU000445,WhatsApp,WhatsApp Broadcast,utility,2024-04-10 17:08:45,2024-04-10 17:50:45,792,321,26,60,118,148,32,published,content_calendar_csv,CONT_ROW_000827
M001,CONT000828,CAMP004198,PROD000229,SKU000229,Instagram,Static Post,social_proof,2024-11-20 00:38:40,2024-11-20 02:38:40,135,93,13,5,11,11,0,published,content_calendar_csv,CONT_ROW_000828
M001,CONT000829,CAMP000747,PROD000031,SKU000031,Instagram,Static Post,everyday_style,2024-11-24 08:09:09,2024-11-24 09:20:09,4696,2280,515,192,635,407,6,published,content_calendar_csv,CONT_ROW_000829
M001,CONT000830,CAMP002418,PROD000239,SKU000239,WhatsApp,WhatsApp Broadcast,new_launch,2024-09-30 05:36:48,2024-09-30 05:41:48,309,158,36,22,19,55,11,published,content_calendar_csv,CONT_ROW_000830
M001,CONT000831,CAMP002597,PROD000102,SKU000102,Instagram,Reel,discount,2024-12-18 19:47:19,2024-12-18 21:04:19,4072,1987,387,245,423,173,6,published,content_calendar_csv,CONT_ROW_000831
M001,CONT000832,CAMP002448,PROD000001,SKU000001,Instagram,Static Post,premium,2024-10-15 22:16:18,2024-10-15 22:29:18,3868,2380,309,307,339,95,2,published,content_calendar_csv,CONT_ROW_000832
M001,CONT000833,CAMP000790,PROD000308,SKU000308,Email,Email,festive,2024-01-24 02:01:07,2024-01-24 02:47:07,385,258,19,23,25,72,7,scheduled,content_calendar_csv,CONT_ROW_000833
M001,CONT000834,NA,PROD000162,SKU000162,WhatsApp,WhatsApp Broadcast,new_launch,2024-07-12 03:30:10,2024-07-12 03:33:10,414,195,21,17,25,84,8,scheduled,content_calendar_csv,CONT_ROW_000834
M001,CONT000835,CAMP002456,PROD000263,SKU000263,LinkedIn,Static Post,discount,2024-05-20 10:12:13,2024-05-20 11:22:13,424,181,22,20,35,40,0,published,content_calendar_csv,CONT_ROW_000835
M001,CONT000836,CAMP001274,PROD000062,SKU000062,Facebook,Static Post,utility,2024-03-19 10:48:30,2024-03-19 12:25:30,329,215,34,18,9,11,0,published,content_calendar_csv,CONT_ROW_000836
M001,CONT000837,CAMP001153,PROD000301,SKU000301,LinkedIn,Static Post,discount,2024-01-14 07:43:19,2024-01-14 07:44:19,424,287,40,23,21,15,0,published,content_calendar_csv,CONT_ROW_000837
M001,CONT000838,CAMP000360,PROD000239,SKU000239,Email,Email,lifestyle,2024-12-23 12:47:51,2024-12-23 14:07:51,2819,1398,162,165,226,254,18,published,content_calendar_csv,CONT_ROW_000838
M001,CONT000839,CAMP003211,PROD000350,SKU000350,Email,Email,everyday_style,2024-02-03 03:53:44,2024-02-03 04:31:44,124,54,10,4,6,22,1,published,content_calendar_csv,CONT_ROW_000839
M001,CONT000840,CAMP001777,PROD000347,SKU000347,Email,Email,limited_stock,2024-04-30 06:43:05,2024-04-30 07:52:05,694,282,64,18,60,129,11,failed,content_calendar_csv,CONT_ROW_000840
M001,CONT000841,NA,PROD000154,SKU000154,Email,Email,new_launch,2024-07-14 14:49:15,2024-07-14 15:04:15,2972,1928,192,138,324,243,27,published,content_calendar_csv,CONT_ROW_000841
M001,CONT000842,CAMP002296,PROD000310,SKU000310,LinkedIn,Carousel,lifestyle,2024-06-17 23:40:35,2024-06-18 01:25:35,1120,667,49,70,60,75,1,published,content_calendar_csv,CONT_ROW_000842
M001,CONT000843,CAMP003464,PROD000128,SKU000128,LinkedIn,Carousel,utility,2024-05-02 04:19:26,2024-05-02 05:36:26,1250,676,51,59,148,45,1,published,content_calendar_csv,CONT_ROW_000843
M001,CONT000844,NA,PROD000011,SKU000011,Instagram,Carousel,premium,2024-02-23 21:48:32,2024-02-23 23:19:32,3062,1741,199,105,264,257,14,published,content_calendar_csv,CONT_ROW_000844
M001,CONT000845,CAMP003188,PROD000431,SKU000431,Email,Email,premium,2024-08-25 15:45:24,2024-08-25 16:03:24,1116,734,45,80,34,192,21,published,content_calendar_csv,CONT_ROW_000845
M001,CONT000846,NA,PROD000199,SKU000199,Instagram,Carousel,discount,2024-07-09 11:54:24,2024-07-09 11:57:24,3170,1472,225,170,205,90,2,published,content_calendar_csv,CONT_ROW_000846
M001,CONT000847,CAMP003922,PROD000180,SKU000180,Instagram,Story,limited_stock,2024-12-04 12:02:42,2024-12-04 13:37:42,209,144,19,14,13,13,0,published,content_calendar_csv,CONT_ROW_000847
M001,CONT000848,CAMP002675,PROD000001,SKU000001,WhatsApp,WhatsApp Broadcast,social_proof,2024-01-24 16:03:02,2024-01-24 17:26:02,798,447,35,44,55,256,55,published,content_calendar_csv,CONT_ROW_000848
M001,CONT000849,CAMP004943,PROD000361,SKU000361,Facebook,Carousel,lifestyle,2024-03-22 10:11:54,2024-03-22 10:51:54,3951,1880,397,224,488,84,1,scheduled,content_calendar_csv,CONT_ROW_000849
M001,CONT000850,CAMP000144,PROD000345,SKU000345,LinkedIn,Static Post,discount,2024-09-14 12:24:39,2024-09-14 13:12:39,612,333,65,28,24,13,0,published,content_calendar_csv,CONT_ROW_000850
M001,CONT000851,CAMP003245,PROD000001,SKU000001,Facebook,Static Post,lifestyle,2024-02-27 08:14:11,2024-02-27 09:32:11,783,450,58,15,104,67,1,published,content_calendar_csv,CONT_ROW_000851
M001,CONT000852,CAMP003535,PROD000495,SKU000495,Facebook,Story,everyday_style,2024-09-16 00:18:12,2024-09-16 01:01:12,2737,1636,218,125,231,153,7,failed,content_calendar_csv,CONT_ROW_000852
M001,CONT000853,CAMP002427,PROD000001,SKU000001,LinkedIn,Carousel,everyday_style,2024-03-07 22:18:52,2024-03-07 23:35:52,1417,791,56,106,177,71,0,published,content_calendar_csv,CONT_ROW_000853
M001,CONT000854,CAMP003609,PROD000126,SKU000126,Instagram,Reel,premium,2024-12-28 00:58:52,2024-12-28 02:34:52,820,467,40,35,42,61,3,cancelled,content_calendar_csv,CONT_ROW_000854
M001,CONT000855,CAMP002101,PROD000264,SKU000264,Instagram,Story,lifestyle,2024-07-28 03:21:55,2024-07-28 05:06:55,2778,1865,181,134,146,119,7,published,content_calendar_csv,CONT_ROW_000855
M001,CONT000856,CAMP004628,PROD000002,SKU000002,LinkedIn,Carousel,discount,2024-11-05 20:55:24,2024-11-05 22:32:24,228,131,7,4,13,18,0,published,content_calendar_csv,CONT_ROW_000856
M001,CONT000857,CAMP003526,PROD000013,SKU000013,Facebook,Story,discount,2024-04-15 13:13:44,2024-04-15 14:30:44,554,337,17,18,75,20,1,published,content_calendar_csv,CONT_ROW_000857
M001,CONT000858,CAMP003825,PROD000240,SKU000240,Instagram,Reel,lifestyle,2024-04-25 08:26:06,2024-04-25 08:34:06,8704,4603,748,522,530,661,12,published,content_calendar_csv,CONT_ROW_000858
M001,CONT000859,NA,PROD000329,SKU000329,Facebook,Reel,comfort,2024-06-16 19:04:51,2024-06-16 20:32:51,1073,624,105,72,72,60,4,published,content_calendar_csv,CONT_ROW_000859
M001,CONT000860,NA,PROD000046,SKU000046,LinkedIn,Carousel,festive,2024-03-02 11:44:49,2024-03-02 11:50:49,1522,854,100,33,184,144,5,published,content_calendar_csv,CONT_ROW_000860
M001,CONT000861,CAMP001824,PROD000332,SKU000332,Email,Email,discount,2024-02-01 19:14:29,2024-02-01 20:17:29,2701,1820,124,60,111,207,12,published,content_calendar_csv,CONT_ROW_000861
M001,CONT000862,CAMP004546,PROD000498,SKU000498,Instagram,Reel,limited_stock,2024-11-06 22:02:24,2024-11-06 23:54:24,4465,3112,225,130,272,427,5,published,content_calendar_csv,CONT_ROW_000862
M001,CONT000863,CAMP000577,PROD000289,SKU000289,Facebook,Reel,everyday_style,2024-09-13 11:46:52,2024-09-13 12:52:52,2999,1741,195,122,269,228,15,published,content_calendar_csv,CONT_ROW_000863
M001,CONT000864,CAMP003210,PROD000414,SKU000414,WhatsApp,WhatsApp Broadcast,utility,2024-07-18 05:01:36,2024-07-18 05:17:36,571,365,31,17,34,94,4,published,content_calendar_csv,CONT_ROW_000864
M001,CONT000865,CAMP003486,PROD000312,SKU000312,Instagram,Story,lifestyle,2024-12-18 17:16:13,2024-12-18 17:33:13,4523,2132,348,205,271,246,5,published,content_calendar_csv,CONT_ROW_000865
M001,CONT000866,CAMP002561,PROD000110,SKU000110,Instagram,Story,discount,2024-01-25 06:26:37,2024-01-25 07:27:37,3251,1555,383,156,103,258,9,published,content_calendar_csv,CONT_ROW_000866
M001,CONT000867,CAMP001729,PROD000112,SKU000112,Facebook,Reel,discount,2024-12-05 20:34:04,2024-12-05 22:03:04,4871,2007,528,107,162,353,7,published,content_calendar_csv,CONT_ROW_000867
M001,CONT000868,CAMP002063,PROD000420,SKU000420,Email,Email,lifestyle,2024-02-06 11:57:46,2024-02-06 13:42:46,1308,705,40,70,99,101,3,published,content_calendar_csv,CONT_ROW_000868
M001,CONT000869,CAMP002825,PROD000132,SKU000132,LinkedIn,Static Post,new_launch,2024-12-22 07:00:37,2024-12-22 07:58:37,705,382,56,40,63,59,0,published,content_calendar_csv,CONT_ROW_000869
M001,CONT000870,CAMP004045,PROD000125,SKU000125,Email,Email,comfort,2024-02-07 22:34:45,2024-02-07 23:07:45,1162,807,71,54,58,218,16,published,content_calendar_csv,CONT_ROW_000870
M001,CONT000871,CAMP003982,PROD000139,SKU000139,WhatsApp,WhatsApp Broadcast,comfort,2024-02-12 12:05:22,2024-02-12 13:27:22,455,310,50,16,50,144,20,published,content_calendar_csv,CONT_ROW_000871
M001,CONT000872,CAMP002335,PROD000137,SKU000137,Facebook,Carousel,everyday_style,2024-05-09 00:05:39,2024-05-09 01:24:39,5583,3588,253,295,725,258,10,scheduled,content_calendar_csv,CONT_ROW_000872
M001,CONT000873,CAMP002653,PROD000412,SKU000412,Facebook,Reel,social_proof,2024-09-24 07:07:45,2024-09-24 08:32:45,877,418,32,35,97,69,3,published,content_calendar_csv,CONT_ROW_000873
M001,CONT000874,CAMP002696,PROD000001,SKU000001,Facebook,Static Post,discount,2024-05-09 22:17:58,2024-05-09 23:59:58,1903,1131,106,138,82,153,10,published,content_calendar_csv,CONT_ROW_000874
M001,CONT000875,CAMP001965,PROD000427,SKU000427,Email,Email,everyday_style,2024-06-23 14:49:42,2024-06-23 15:27:42,738,505,80,18,57,120,11,published,content_calendar_csv,CONT_ROW_000875
M001,CONT000876,CAMP003803,PROD000048,SKU000048,Instagram,Carousel,new_launch,2024-10-05 01:25:58,2024-10-05 02:31:58,3156,2137,373,177,320,285,11,published,content_calendar_csv,CONT_ROW_000876
M001,CONT000877,CAMP004783,PROD000186,SKU000186,LinkedIn,Static Post,lifestyle,2024-03-26 05:42:02,2024-03-26 07:35:02,1913,1094,155,124,248,169,5,published,content_calendar_csv,CONT_ROW_000877
M001,CONT000878,CAMP001924,PROD000307,SKU000307,LinkedIn,Static Post,everyday_style,2024-04-20 14:01:25,2024-04-20 15:27:25,1032,703,80,36,128,92,3,published,content_calendar_csv,CONT_ROW_000878
M001,CONT000879,CAMP003292,PROD000081,SKU000081,LinkedIn,Static Post,comfort,2024-10-27 10:36:32,2024-10-27 11:01:32,251,170,29,19,30,7,0,published,content_calendar_csv,CONT_ROW_000879
M001,CONT000880,NA,PROD000396,SKU000396,Facebook,Static Post,utility,2024-05-30 13:52:29,2024-05-30 13:55:29,2576,1354,118,173,325,203,6,published,content_calendar_csv,CONT_ROW_000880
M001,CONT000881,CAMP003850,PROD000163,SKU000163,LinkedIn,Carousel,discount,2024-01-23 18:51:40,2024-01-23 20:31:40,1422,825,59,46,102,55,1,published,content_calendar_csv,CONT_ROW_000881
M001,CONT000882,CAMP002714,PROD000243,SKU000243,WhatsApp,WhatsApp Broadcast,limited_stock,2024-07-19 00:24:16,2024-07-19 00:57:16,399,255,26,25,26,56,12,published,content_calendar_csv,CONT_ROW_000882
M001,CONT000883,CAMP004395,PROD000226,SKU000226,Instagram,Static Post,social_proof,2024-08-11 15:48:08,2024-08-11 17:44:08,2345,1291,75,74,162,209,4,published,content_calendar_csv,CONT_ROW_000883
M001,CONT000884,CAMP003701,PROD000279,SKU000279,WhatsApp,WhatsApp Broadcast,discount,2024-04-17 20:01:14,2024-04-17 20:15:14,634,311,23,29,20,145,23,published,content_calendar_csv,CONT_ROW_000884
M001,CONT000885,CAMP001418,PROD000464,SKU000464,WhatsApp,WhatsApp Broadcast,lifestyle,2024-01-17 07:16:29,2024-01-17 08:34:29,205,141,13,9,11,66,6,published,content_calendar_csv,CONT_ROW_000885
M001,CONT000886,CAMP000951,PROD000314,SKU000314,WhatsApp,WhatsApp Broadcast,limited_stock,2024-10-27 11:09:36,2024-10-27 11:23:36,345,186,41,9,30,95,7,published,content_calendar_csv,CONT_ROW_000886
M001,CONT000887,CAMP000712,PROD000027,SKU000027,WhatsApp,WhatsApp Broadcast,comfort,2024-12-30 22:06:42,2024-12-30 22:33:42,575,259,37,22,60,61,8,published,content_calendar_csv,CONT_ROW_000887
M001,CONT000888,CAMP003996,PROD000235,SKU000235,LinkedIn,Carousel,discount,2024-08-17 17:34:56,2024-08-17 18:16:56,1460,842,58,100,129,88,1,cancelled,content_calendar_csv,CONT_ROW_000888
M001,CONT000889,CAMP002519,PROD000001,SKU000001,WhatsApp,WhatsApp Broadcast,festive,2024-09-28 05:01:26,2024-09-28 05:23:26,198,94,19,12,19,64,5,published,content_calendar_csv,CONT_ROW_000889
M001,CONT000890,CAMP001075,PROD000062,SKU000062,Facebook,Story,utility,2024-08-18 17:09:28,2024-08-18 17:56:28,1737,1206,108,48,203,61,4,cancelled,content_calendar_csv,CONT_ROW_000890
M001,CONT000891,CAMP002416,PROD000054,SKU000054,WhatsApp,WhatsApp Broadcast,lifestyle,2024-04-27 20:32:15,2024-04-27 20:50:15,793,471,57,38,78,104,5,published,content_calendar_csv,CONT_ROW_000891
M001,CONT000892,NA,PROD000249,SKU000249,WhatsApp,WhatsApp Broadcast,new_launch,2024-12-29 08:09:23,2024-12-29 09:26:23,89,38,9,2,7,15,2,cancelled,content_calendar_csv,CONT_ROW_000892
M001,CONT000893,CAMP001847,PROD000429,SKU000429,WhatsApp,WhatsApp Broadcast,comfort,2024-07-23 22:22:00,2024-07-24 00:07:00,566,314,43,42,19,160,10,cancelled,content_calendar_csv,CONT_ROW_000893
M001,CONT000894,CAMP002207,PROD000422,SKU000422,Instagram,Static Post,social_proof,2024-05-13 16:14:06,2024-05-13 16:25:06,3140,1296,286,121,128,293,8,published,content_calendar_csv,CONT_ROW_000894
M001,CONT000895,CAMP003610,PROD000425,SKU000425,Instagram,Story,comfort,2024-09-06 20:54:35,2024-09-06 22:17:35,479,331,53,12,58,26,0,published,content_calendar_csv,CONT_ROW_000895
M001,CONT000896,CAMP000191,PROD000212,SKU000212,Email,Email,limited_stock,2024-12-22 07:32:25,2024-12-22 08:25:25,669,329,35,44,58,101,11,published,content_calendar_csv,CONT_ROW_000896
M001,CONT000897,CAMP000806,PROD000258,SKU000258,Instagram,Carousel,social_proof,2024-01-07 16:34:32,2024-01-07 17:04:32,4850,2717,303,217,335,329,11,published,content_calendar_csv,CONT_ROW_000897
M001,CONT000898,CAMP002047,PROD000364,SKU000364,Email,Email,lifestyle,2024-11-21 17:39:27,2024-11-21 18:33:27,204,136,14,13,19,19,1,published,content_calendar_csv,CONT_ROW_000898
M001,CONT000899,CAMP001339,PROD000349,SKU000349,Instagram,Carousel,everyday_style,2024-03-10 18:07:41,2024-03-10 20:04:41,8300,5652,441,202,1071,451,16,scheduled,content_calendar_csv,CONT_ROW_000899
M001,CONT000900,CAMP000241,PROD000001,SKU000001,LinkedIn,Static Post,everyday_style,2024-01-17 16:28:21,2024-01-17 16:34:21,922,537,86,24,51,83,3,published,content_calendar_csv,CONT_ROW_000900
M001,CONT000901,CAMP001934,PROD000490,SKU000490,Email,Email,new_launch,2024-02-21 11:37:13,2024-02-21 12:41:13,214,108,7,6,24,24,2,published,content_calendar_csv,CONT_ROW_000901
M001,CONT000902,CAMP004342,PROD000001,SKU000001,Instagram,Reel,festive,2024-12-11 00:48:25,2024-12-11 01:33:25,9243,4851,570,533,1011,398,15,published,content_calendar_csv,CONT_ROW_000902
M001,CONT000903,CAMP004734,PROD000382,SKU000382,WhatsApp,WhatsApp Broadcast,utility,2024-04-27 19:43:54,2024-04-27 20:40:54,715,328,53,31,40,139,7,published,content_calendar_csv,CONT_ROW_000903
M001,CONT000904,CAMP001574,PROD000099,SKU000099,WhatsApp,WhatsApp Broadcast,discount,2024-10-01 19:49:37,2024-10-01 21:03:37,383,198,24,26,36,114,26,published,content_calendar_csv,CONT_ROW_000904
M001,CONT000905,NA,PROD000378,SKU000378,Email,Email,new_launch,2024-09-10 23:37:51,2024-09-11 01:05:51,1414,735,52,29,144,179,17,published,content_calendar_csv,CONT_ROW_000905
M001,CONT000906,CAMP003422,PROD000267,SKU000267,Facebook,Reel,everyday_style,2024-04-06 09:09:57,2024-04-06 09:47:57,5616,3660,370,291,235,460,16,published,content_calendar_csv,CONT_ROW_000906
M001,CONT000907,CAMP001307,PROD000032,SKU000032,Email,Email,comfort,2024-11-29 23:14:09,2024-11-30 00:06:09,1846,818,118,112,84,135,6,published,content_calendar_csv,CONT_ROW_000907
M001,CONT000908,CAMP001124,PROD000498,SKU000498,Facebook,Story,discount,2024-09-12 11:04:54,2024-09-12 12:18:54,1100,601,48,70,106,80,2,published,content_calendar_csv,CONT_ROW_000908
M001,CONT000909,CAMP001021,PROD000001,SKU000001,Email,Email,festive,2024-09-30 01:50:42,2024-09-30 03:15:42,212,114,10,8,8,16,0,published,content_calendar_csv,CONT_ROW_000909
M001,CONT000910,CAMP003425,PROD000257,SKU000257,Facebook,Reel,everyday_style,2024-05-26 13:27:35,2024-05-26 15:26:35,4320,2755,338,166,145,296,15,published,content_calendar_csv,CONT_ROW_000910
M001,CONT000911,CAMP000639,PROD000440,SKU000440,WhatsApp,WhatsApp Broadcast,limited_stock,2024-02-22 12:17:53,2024-02-22 13:03:53,704,401,63,23,91,94,12,published,content_calendar_csv,CONT_ROW_000911
M001,CONT000912,CAMP001389,PROD000101,SKU000101,Facebook,Reel,premium,2024-09-07 11:32:54,2024-09-07 13:11:54,5906,2486,501,243,263,244,10,scheduled,content_calendar_csv,CONT_ROW_000912
M001,CONT000913,CAMP003243,PROD000003,SKU000003,Facebook,Reel,everyday_style,2024-07-15 01:04:43,2024-07-15 02:26:43,429,210,43,20,25,22,1,published,content_calendar_csv,CONT_ROW_000913
M001,CONT000914,CAMP001546,PROD000176,SKU000176,Facebook,Static Post,discount,2024-05-23 00:47:05,2024-05-23 01:55:05,2420,1033,237,51,287,115,3,published,content_calendar_csv,CONT_ROW_000914
M001,CONT000915,CAMP002466,PROD000255,SKU000255,Email,Email,new_launch,2024-04-09 10:01:38,2024-04-09 11:27:38,2484,1455,273,126,149,150,13,published,content_calendar_csv,CONT_ROW_000915
M001,CONT000916,CAMP003639,PROD000196,SKU000196,WhatsApp,WhatsApp Broadcast,new_launch,2024-10-08 16:09:16,2024-10-08 16:53:16,270,146,31,9,35,40,9,published,content_calendar_csv,CONT_ROW_000916
M001,CONT000917,CAMP000118,PROD000177,SKU000177,Email,Email,new_launch,2024-09-29 09:46:04,2024-09-29 10:33:04,113,47,5,8,11,21,0,published,content_calendar_csv,CONT_ROW_000917
M001,CONT000918,CAMP003360,PROD000454,SKU000454,Instagram,Story,utility,2024-02-14 14:52:45,2024-02-14 15:30:45,1620,1017,51,113,240,129,7,failed,content_calendar_csv,CONT_ROW_000918
M001,CONT000919,CAMP001454,PROD000242,SKU000242,LinkedIn,Static Post,festive,2024-01-17 07:31:21,2024-01-17 09:02:21,1920,1168,206,127,141,106,3,published,content_calendar_csv,CONT_ROW_000919
M001,CONT000920,CAMP000521,PROD000293,SKU000293,Email,Email,social_proof,2024-08-05 23:43:52,2024-08-06 00:59:52,1289,831,48,26,98,108,7,published,content_calendar_csv,CONT_ROW_000920
M001,CONT000921,CAMP001169,PROD000001,SKU000001,Facebook,Carousel,comfort,2024-11-16 07:29:02,2024-11-16 08:42:02,6531,2816,252,268,201,590,11,published,content_calendar_csv,CONT_ROW_000921
M001,CONT000922,CAMP004831,PROD000377,SKU000377,Instagram,Static Post,comfort,2024-02-22 02:50:15,2024-02-22 04:06:15,3080,1377,284,98,191,187,10,published,content_calendar_csv,CONT_ROW_000922
M001,CONT000923,CAMP003711,PROD000388,SKU000388,Instagram,Static Post,festive,2024-07-18 07:13:54,2024-07-18 08:17:54,542,248,21,43,40,49,3,published,content_calendar_csv,CONT_ROW_000923
M001,CONT000924,CAMP002315,PROD000448,SKU000448,Facebook,Reel,discount,2024-01-15 09:08:00,2024-01-15 10:10:00,7745,4698,298,577,670,719,27,scheduled,content_calendar_csv,CONT_ROW_000924
M001,CONT000925,CAMP003010,PROD000093,SKU000093,Email,Email,premium,2024-03-20 19:07:24,2024-03-20 19:32:24,282,136,27,15,14,21,1,published,content_calendar_csv,CONT_ROW_000925
M001,CONT000926,CAMP004104,PROD000051,SKU000051,Instagram,Story,limited_stock,2024-12-07 01:54:37,2024-12-07 01:59:37,1591,989,155,81,206,146,2,scheduled,content_calendar_csv,CONT_ROW_000926
M001,CONT000927,CAMP004918,PROD000088,SKU000088,Instagram,Story,festive,2024-08-30 05:05:12,2024-08-30 06:48:12,3174,1510,147,209,259,167,3,published,content_calendar_csv,CONT_ROW_000927
M001,CONT000928,NA,PROD000317,SKU000317,WhatsApp,WhatsApp Broadcast,festive,2024-09-24 09:54:34,2024-09-24 11:27:34,539,336,37,22,22,65,8,scheduled,content_calendar_csv,CONT_ROW_000928
M001,CONT000929,CAMP003754,PROD000063,SKU000063,WhatsApp,WhatsApp Broadcast,discount,2024-12-15 14:45:47,2024-12-15 15:19:47,219,123,25,13,23,35,4,published,content_calendar_csv,CONT_ROW_000929
M001,CONT000930,CAMP003923,PROD000395,SKU000395,Facebook,Static Post,limited_stock,2024-06-30 13:26:44,2024-06-30 14:14:44,1835,1097,198,65,156,152,2,scheduled,content_calendar_csv,CONT_ROW_000930
M001,CONT000931,NA,PROD000264,SKU000264,Email,Email,festive,2024-04-04 18:05:11,2024-04-04 19:33:11,1082,672,80,28,56,150,11,published,content_calendar_csv,CONT_ROW_000931
M001,CONT000932,CAMP002701,PROD000016,SKU000016,WhatsApp,WhatsApp Broadcast,festive,2024-07-19 17:03:55,2024-07-19 17:20:55,112,71,6,4,14,11,1,published,content_calendar_csv,CONT_ROW_000932
M001,CONT000933,CAMP001863,PROD000259,SKU000259,Email,Email,social_proof,2024-04-17 03:46:50,2024-04-17 04:34:50,220,152,25,12,8,28,1,published,content_calendar_csv,CONT_ROW_000933
M001,CONT000934,CAMP003364,PROD000270,SKU000270,Facebook,Static Post,festive,2024-11-28 05:54:15,2024-11-28 07:15:15,2199,1316,128,51,247,170,5,published,content_calendar_csv,CONT_ROW_000934
M001,CONT000935,NA,PROD000086,SKU000086,LinkedIn,Static Post,new_launch,2024-04-27 14:54:50,2024-04-27 16:29:50,865,377,57,54,57,56,3,published,content_calendar_csv,CONT_ROW_000935
M001,CONT000936,CAMP001074,PROD000114,SKU000114,WhatsApp,WhatsApp Broadcast,discount,2024-11-17 11:34:54,2024-11-17 11:45:54,665,319,38,23,32,107,9,published,content_calendar_csv,CONT_ROW_000936
M001,CONT000937,CAMP002455,PROD000317,SKU000317,Email,Email,utility,2024-12-14 23:30:05,2024-12-14 23:50:05,1639,1045,129,91,195,86,9,scheduled,content_calendar_csv,CONT_ROW_000937
M001,CONT000938,CAMP004394,PROD000163,SKU000163,Instagram,Static Post,comfort,2024-03-28 08:43:57,2024-03-28 10:22:57,2072,1413,227,96,151,55,1,published,content_calendar_csv,CONT_ROW_000938
M001,CONT000939,CAMP003132,PROD000349,SKU000349,Instagram,Carousel,everyday_style,2024-10-30 18:22:11,2024-10-30 19:20:11,14923,8814,591,449,1853,898,60,published,content_calendar_csv,CONT_ROW_000939
M001,CONT000940,CAMP000695,PROD000058,SKU000058,Email,Email,limited_stock,2024-03-07 20:56:07,2024-03-07 22:33:07,2346,1463,199,72,283,318,17,cancelled,content_calendar_csv,CONT_ROW_000940
M001,CONT000941,CAMP000548,PROD000052,SKU000052,Facebook,Static Post,lifestyle,2024-04-24 04:50:53,2024-04-24 05:57:53,2487,1008,282,185,132,89,3,published,content_calendar_csv,CONT_ROW_000941
M001,CONT000942,CAMP000835,PROD000335,SKU000335,WhatsApp,WhatsApp Broadcast,everyday_style,2024-01-03 05:40:24,2024-01-03 06:50:24,395,175,42,11,19,41,8,published,content_calendar_csv,CONT_ROW_000942
M001,CONT000943,CAMP004616,PROD000109,SKU000109,Facebook,Reel,new_launch,2024-04-05 07:26:05,2024-04-05 08:48:05,3730,2044,406,90,416,118,6,scheduled,content_calendar_csv,CONT_ROW_000943
M001,CONT000944,CAMP002245,PROD000001,SKU000001,Email,Email,everyday_style,2024-02-02 15:24:18,2024-02-02 17:24:18,966,502,73,27,82,120,10,published,content_calendar_csv,CONT_ROW_000944
M001,CONT000945,CAMP001845,PROD000041,SKU000041,Facebook,Carousel,social_proof,2024-04-09 16:12:44,2024-04-09 17:54:44,2322,1032,72,67,212,114,2,published,content_calendar_csv,CONT_ROW_000945
M001,CONT000946,CAMP004302,PROD000332,SKU000332,Email,Email,new_launch,2024-10-01 14:07:45,2024-10-01 15:50:45,1185,530,102,73,152,103,4,published,content_calendar_csv,CONT_ROW_000946
M001,CONT000947,CAMP001528,PROD000439,SKU000439,Facebook,Reel,everyday_style,2024-12-28 13:44:08,2024-12-28 14:22:08,2775,1652,215,83,185,172,11,published,content_calendar_csv,CONT_ROW_000947
M001,CONT000948,CAMP001709,PROD000338,SKU000338,Email,Email,everyday_style,2024-12-20 19:29:50,2024-12-20 20:55:50,109,60,8,5,6,8,0,published,content_calendar_csv,CONT_ROW_000948
M001,CONT000949,CAMP002638,PROD000001,SKU000001,WhatsApp,WhatsApp Broadcast,premium,2024-10-26 12:28:32,2024-10-26 13:08:32,379,251,21,27,18,47,4,published,content_calendar_csv,CONT_ROW_000949
M001,CONT000950,CAMP001645,PROD000492,SKU000492,Email,Email,everyday_style,2024-03-09 22:13:51,2024-03-09 23:45:51,1235,673,144,80,58,73,3,published,content_calendar_csv,CONT_ROW_000950
M001,CONT000951,CAMP003581,PROD000495,SKU000495,Email,Email,utility,2024-06-18 08:54:57,2024-06-18 09:12:57,442,257,34,18,49,48,2,published,content_calendar_csv,CONT_ROW_000951
M001,CONT000952,CAMP000336,PROD000001,SKU000001,WhatsApp,WhatsApp Broadcast,festive,2024-03-23 03:21:45,2024-03-23 04:45:45,751,318,88,38,98,151,36,published,content_calendar_csv,CONT_ROW_000952
M001,CONT000953,CAMP000072,PROD000387,SKU000387,LinkedIn,Static Post,social_proof,2024-01-11 20:54:57,2024-01-11 22:53:57,1247,582,136,89,125,80,4,scheduled,content_calendar_csv,CONT_ROW_000953
M001,CONT000954,CAMP004676,PROD000069,SKU000069,Facebook,Static Post,premium,2024-09-11 11:01:16,2024-09-11 11:58:16,1319,837,132,56,109,40,0,published,content_calendar_csv,CONT_ROW_000954
M001,CONT000955,NA,PROD000235,SKU000235,LinkedIn,Static Post,everyday_style,2024-09-23 11:18:53,2024-09-23 12:21:53,595,296,68,27,65,48,0,published,content_calendar_csv,CONT_ROW_000955
M001,CONT000956,CAMP001772,PROD000312,SKU000312,WhatsApp,WhatsApp Broadcast,festive,2024-10-31 20:34:09,2024-10-31 21:52:09,507,327,31,14,57,88,9,published,content_calendar_csv,CONT_ROW_000956
M001,CONT000957,CAMP003448,PROD000085,SKU000085,Email,Email,social_proof,2024-04-22 02:40:11,2024-04-22 02:52:11,2888,1317,161,114,269,297,13,published,content_calendar_csv,CONT_ROW_000957
M001,CONT000958,CAMP001260,PROD000097,SKU000097,Facebook,Reel,festive,2024-09-09 10:42:06,2024-09-09 11:59:06,669,391,60,23,92,59,1,cancelled,content_calendar_csv,CONT_ROW_000958
M001,CONT000959,CAMP001218,PROD000250,SKU000250,Email,Email,premium,2024-01-11 03:46:45,2024-01-11 04:43:45,2008,1140,212,82,234,363,16,published,content_calendar_csv,CONT_ROW_000959
M001,CONT000960,CAMP002866,PROD000382,SKU000382,Instagram,Carousel,festive,2024-11-19 23:32:55,2024-11-19 23:54:55,2639,1126,182,161,119,216,9,published,content_calendar_csv,CONT_ROW_000960
M001,CONT000961,CAMP000540,PROD000177,SKU000177,Instagram,Static Post,premium,2024-12-28 02:00:23,2024-12-28 02:23:23,3046,1946,253,79,254,267,18,published,content_calendar_csv,CONT_ROW_000961
M001,CONT000962,CAMP002506,PROD000421,SKU000421,WhatsApp,WhatsApp Broadcast,festive,2024-05-31 09:15:00,2024-05-31 10:29:00,24,15,1,1,2,6,1,published,content_calendar_csv,CONT_ROW_000962
M001,CONT000963,CAMP004948,PROD000149,SKU000149,Email,Email,comfort,2024-10-13 09:00:03,2024-10-13 10:55:03,863,425,90,23,45,57,1,published,content_calendar_csv,CONT_ROW_000963
M001,CONT000964,CAMP004536,PROD000135,SKU000135,Email,Email,utility,2024-05-20 17:57:35,2024-05-20 18:23:35,1216,733,85,46,44,242,10,published,content_calendar_csv,CONT_ROW_000964
M001,CONT000965,CAMP002266,PROD000234,SKU000234,LinkedIn,Static Post,comfort,2024-07-31 15:52:15,2024-07-31 16:36:15,796,534,86,51,93,34,1,published,content_calendar_csv,CONT_ROW_000965
M001,CONT000966,CAMP003295,PROD000360,SKU000360,WhatsApp,WhatsApp Broadcast,discount,2024-05-19 06:59:25,2024-05-19 08:47:25,556,253,29,40,49,74,9,scheduled,content_calendar_csv,CONT_ROW_000966
M001,CONT000967,CAMP003172,PROD000005,SKU000005,Email,Email,limited_stock,2024-09-01 16:42:04,2024-09-01 18:34:04,91,41,8,3,12,13,1,published,content_calendar_csv,CONT_ROW_000967
M001,CONT000968,CAMP004908,PROD000421,SKU000421,Facebook,Carousel,lifestyle,2024-07-28 11:33:33,2024-07-28 11:54:33,5906,3649,223,245,323,519,20,published,content_calendar_csv,CONT_ROW_000968
M001,CONT000969,CAMP004938,PROD000492,SKU000492,LinkedIn,Static Post,lifestyle,2024-07-26 10:10:27,2024-07-26 10:48:27,1389,912,157,59,120,117,2,published,content_calendar_csv,CONT_ROW_000969
M001,CONT000970,CAMP004912,PROD000234,SKU000234,Email,Email,festive,2024-06-06 20:53:08,2024-06-06 21:54:08,2229,1418,263,79,177,418,17,published,content_calendar_csv,CONT_ROW_000970
M001,CONT000971,CAMP003495,PROD000013,SKU000013,LinkedIn,Carousel,discount,2024-08-28 07:49:15,2024-08-28 08:09:15,412,259,22,11,32,19,0,published,content_calendar_csv,CONT_ROW_000971
M001,CONT000972,CAMP003665,PROD000239,SKU000239,WhatsApp,WhatsApp Broadcast,limited_stock,2024-04-07 06:01:19,2024-04-07 07:13:19,580,389,21,17,29,167,25,published,content_calendar_csv,CONT_ROW_000972
M001,CONT000973,CAMP004429,PROD000001,SKU000001,LinkedIn,Carousel,discount,2024-09-15 01:44:23,2024-09-15 02:13:23,1843,1201,209,87,152,60,3,published,content_calendar_csv,CONT_ROW_000973
M001,CONT000974,CAMP001436,PROD000024,SKU000024,WhatsApp,WhatsApp Broadcast,premium,2024-05-27 08:14:16,2024-05-27 10:06:16,429,278,49,13,15,65,14,published,content_calendar_csv,CONT_ROW_000974
M001,CONT000975,CAMP001480,PROD000462,SKU000462,Email,Email,social_proof,2024-12-23 10:01:16,2024-12-23 11:48:16,216,117,9,13,17,11,1,published,content_calendar_csv,CONT_ROW_000975
M001,CONT000976,CAMP003386,PROD000128,SKU000128,WhatsApp,WhatsApp Broadcast,social_proof,2024-06-21 11:39:50,2024-06-21 13:28:50,463,301,43,32,42,140,22,published,content_calendar_csv,CONT_ROW_000976
M001,CONT000977,CAMP002742,PROD000001,SKU000001,WhatsApp,WhatsApp Broadcast,social_proof,2024-06-12 03:18:09,2024-06-12 03:55:09,387,165,24,29,16,126,18,published,content_calendar_csv,CONT_ROW_000977
M001,CONT000978,CAMP001543,PROD000310,SKU000310,WhatsApp,WhatsApp Broadcast,festive,2024-01-29 18:43:35,2024-01-29 18:57:35,738,465,37,52,94,244,33,published,content_calendar_csv,CONT_ROW_000978
M001,CONT000979,CAMP002329,PROD000314,SKU000314,LinkedIn,Carousel,new_launch,2024-02-21 14:10:04,2024-02-21 14:13:04,30,12,2,1,3,1,0,scheduled,content_calendar_csv,CONT_ROW_000979
M001,CONT000980,CAMP004543,PROD000384,SKU000384,WhatsApp,WhatsApp Broadcast,everyday_style,2024-05-09 06:36:36,2024-05-09 08:15:36,183,80,13,4,27,42,7,published,content_calendar_csv,CONT_ROW_000980
M001,CONT000981,CAMP004603,PROD000428,SKU000428,WhatsApp,WhatsApp Broadcast,comfort,2024-06-07 06:27:34,2024-06-07 07:44:34,654,312,49,21,59,98,21,scheduled,content_calendar_csv,CONT_ROW_000981
M001,CONT000982,NA,PROD000454,SKU000454,Facebook,Reel,new_launch,2024-11-22 22:00:54,2024-11-22 23:51:54,5176,2586,389,371,764,327,11,published,content_calendar_csv,CONT_ROW_000982
M001,CONT000983,NA,PROD000183,SKU000183,Email,Email,lifestyle,2024-12-16 18:34:01,2024-12-16 19:50:01,2690,1257,192,159,256,352,11,scheduled,content_calendar_csv,CONT_ROW_000983
M001,CONT000984,CAMP003463,PROD000050,SKU000050,Facebook,Reel,premium,2024-10-25 19:08:45,2024-10-25 20:53:45,3718,2312,369,147,249,111,2,published,content_calendar_csv,CONT_ROW_000984
M001,CONT000985,NA,PROD000165,SKU000165,LinkedIn,Carousel,limited_stock,2024-12-12 06:47:15,2024-12-12 07:43:15,220,111,11,4,19,9,0,published,content_calendar_csv,CONT_ROW_000985
M001,CONT000986,CAMP000959,PROD000295,SKU000295,Email,Email,festive,2024-11-18 16:45:26,2024-11-18 17:59:26,1130,646,96,58,54,120,10,published,content_calendar_csv,CONT_ROW_000986
M001,CONT000987,CAMP004988,PROD000338,SKU000338,Facebook,Static Post,utility,2024-04-11 01:48:31,2024-04-11 03:10:31,869,590,59,67,37,49,1,published,content_calendar_csv,CONT_ROW_000987
M001,CONT000988,CAMP003797,PROD000011,SKU000011,Email,Email,limited_stock,2024-01-16 23:01:57,2024-01-17 00:40:57,2121,1085,248,121,66,423,50,published,content_calendar_csv,CONT_ROW_000988
M001,CONT000989,CAMP004335,PROD000053,SKU000053,Instagram,Static Post,everyday_style,2024-06-09 08:52:33,2024-06-09 10:11:33,1340,844,67,73,140,70,2,published,content_calendar_csv,CONT_ROW_000989
M001,CONT000990,CAMP001762,PROD000449,SKU000449,Instagram,Story,festive,2024-04-02 20:18:34,2024-04-02 21:39:34,1668,1145,153,50,118,81,4,cancelled,content_calendar_csv,CONT_ROW_000990
M001,CONT000991,CAMP002514,PROD000452,SKU000452,LinkedIn,Static Post,new_launch,2024-05-16 09:01:44,2024-05-16 09:26:44,212,95,19,14,23,9,0,published,content_calendar_csv,CONT_ROW_000991
M001,CONT000992,CAMP000382,PROD000490,SKU000490,Facebook,Reel,premium,2024-08-02 07:35:47,2024-08-02 08:17:47,280,184,27,21,16,26,0,published,content_calendar_csv,CONT_ROW_000992
M001,CONT000993,CAMP001535,PROD000253,SKU000253,Email,Email,comfort,2024-03-19 07:13:43,2024-03-19 07:56:43,2163,1127,176,118,169,222,7,scheduled,content_calendar_csv,CONT_ROW_000993
M001,CONT000994,CAMP000359,PROD000167,SKU000167,WhatsApp,WhatsApp Broadcast,comfort,2024-09-16 05:14:21,2024-09-16 06:59:21,409,171,44,22,53,54,6,published,content_calendar_csv,CONT_ROW_000994
M001,CONT000995,CAMP003947,PROD000444,SKU000444,Facebook,Static Post,limited_stock,2024-10-16 08:26:02,2024-10-16 09:56:02,2546,1228,138,188,272,163,4,published,content_calendar_csv,CONT_ROW_000995
M001,CONT000996,CAMP004674,PROD000311,SKU000311,Instagram,Reel,comfort,2024-12-28 04:38:01,2024-12-28 06:22:01,3700,2288,146,98,551,183,7,cancelled,content_calendar_csv,CONT_ROW_000996
M001,CONT000997,CAMP004895,PROD000004,SKU000004,LinkedIn,Carousel,limited_stock,2024-07-22 10:14:42,2024-07-22 11:53:42,677,350,51,20,91,56,1,published,content_calendar_csv,CONT_ROW_000997
M001,CONT000998,CAMP003462,PROD000020,SKU000020,Instagram,Static Post,discount,2024-10-30 14:30:05,2024-10-30 15:52:05,126,63,11,3,5,4,0,published,content_calendar_csv,CONT_ROW_000998
M001,CONT000999,CAMP000498,PROD000265,SKU000265,Instagram,Reel,limited_stock,2024-10-18 13:18:48,2024-10-18 13:37:48,7687,4022,814,318,508,576,6,published,content_calendar_csv,CONT_ROW_000999
M001,CONT001000,CAMP001375,PROD000001,SKU000001,WhatsApp,WhatsApp Broadcast,new_launch,2024-07-04 09:29:00,2024-07-04 10:26:00,110,57,9,7,10,30,3,cancelled,content_calendar_csv,CONT_ROW_001000
M001,CONT001001,CAMP002533,PROD000081,SKU000081,Instagram,Carousel,social_proof,2024-02-12 20:30:33,2024-02-12 21:14:33,11344,7454,1339,665,524,908,41,published,content_calendar_csv,CONT_ROW_001001
M001,CONT001002,CAMP000220,PROD000468,SKU000468,Facebook,Story,social_proof,2024-03-12 03:33:07,2024-03-12 05:32:07,1133,642,72,59,160,84,4,published,content_calendar_csv,CONT_ROW_001002
M001,CONT001003,CAMP002011,PROD000187,SKU000187,Email,Email,social_proof,2024-03-01 10:34:39,2024-03-01 11:16:39,69,28,7,5,6,10,0,published,content_calendar_csv,CONT_ROW_001003
M001,CONT001004,CAMP002364,PROD000001,SKU000001,WhatsApp,WhatsApp Broadcast,festive,2024-05-06 08:07:12,2024-05-06 08:18:12,700,367,26,22,96,127,20,published,content_calendar_csv,CONT_ROW_001004
M001,CONT001005,CAMP003300,PROD000274,SKU000274,Email,Email,new_launch,2024-10-21 01:04:54,2024-10-21 01:48:54,1218,681,46,28,75,82,2,published,content_calendar_csv,CONT_ROW_001005
M001,CONT001006,CAMP002632,PROD000362,SKU000362,LinkedIn,Carousel,new_launch,2024-05-22 00:28:19,2024-05-22 00:36:19,1414,752,77,105,131,60,3,published,content_calendar_csv,CONT_ROW_001006
M001,CONT001007,CAMP004969,PROD000218,SKU000218,Facebook,Static Post,lifestyle,2024-04-06 01:41:12,2024-04-06 03:16:12,414,212,40,23,20,21,1,published,content_calendar_csv,CONT_ROW_001007
M001,CONT001008,CAMP001246,PROD000001,SKU000001,Facebook,Story,festive,2024-12-13 17:17:44,2024-12-13 18:26:44,2709,1597,189,135,320,202,5,published,content_calendar_csv,CONT_ROW_001008
M001,CONT001009,CAMP000398,PROD000240,SKU000240,Instagram,Story,comfort,2024-07-26 10:21:16,2024-07-26 11:41:16,4447,1789,176,317,383,312,19,published,content_calendar_csv,CONT_ROW_001009
M001,CONT001010,CAMP004122,PROD000275,SKU000275,Facebook,Carousel,new_launch,2024-04-20 06:28:33,2024-04-20 08:25:33,6704,3831,242,299,813,212,8,published,content_calendar_csv,CONT_ROW_001010
M001,CONT001011,CAMP003098,PROD000236,SKU000236,WhatsApp,WhatsApp Broadcast,social_proof,2024-03-28 13:10:06,2024-03-28 13:27:06,629,304,51,30,30,161,32,published,content_calendar_csv,CONT_ROW_001011
M001,CONT001012,CAMP002343,PROD000161,SKU000161,LinkedIn,Static Post,social_proof,2024-07-28 17:39:09,2024-07-28 18:51:09,1116,640,58,33,41,89,3,published,content_calendar_csv,CONT_ROW_001012
M001,CONT001013,CAMP002106,PROD000135,SKU000135,Facebook,Story,new_launch,2024-06-20 02:36:59,2024-06-20 03:39:59,2944,1611,319,93,197,257,12,published,content_calendar_csv,CONT_ROW_001013
M001,CONT001014,NA,PROD000496,SKU000496,Email,Email,premium,2024-07-18 01:33:00,2024-07-18 02:45:00,2306,1257,248,59,286,299,10,published,content_calendar_csv,CONT_ROW_001014
M001,CONT001015,CAMP000512,PROD000017,SKU000017,Email,Email,lifestyle,2024-05-07 21:24:08,2024-05-07 21:50:08,2004,1363,155,114,266,197,13,published,content_calendar_csv,CONT_ROW_001015
M001,CONT001016,CAMP003763,PROD000302,SKU000302,LinkedIn,Carousel,new_launch,2024-09-23 03:22:15,2024-09-23 04:57:15,484,242,22,36,18,19,1,published,content_calendar_csv,CONT_ROW_001016
M001,CONT001017,NA,PROD000383,SKU000383,LinkedIn,Carousel,premium,2024-01-01 18:14:35,2024-01-01 18:27:35,1015,457,61,71,52,87,3,published,content_calendar_csv,CONT_ROW_001017
M001,CONT001018,CAMP003250,PROD000432,SKU000432,Instagram,Carousel,social_proof,2024-03-06 06:12:23,2024-03-06 07:06:23,14288,8240,1061,901,860,931,44,published,content_calendar_csv,CONT_ROW_001018
M001,CONT001019,CAMP000961,PROD000285,SKU000285,Instagram,Reel,new_launch,2024-09-22 11:31:56,2024-09-22 11:53:56,4327,2740,134,112,143,256,13,published,content_calendar_csv,CONT_ROW_001019
M001,CONT001020,CAMP003775,PROD000372,SKU000372,LinkedIn,Static Post,lifestyle,2024-07-15 08:39:04,2024-07-15 09:44:04,1650,804,110,100,173,83,3,published,content_calendar_csv,CONT_ROW_001020
M001,CONT001021,NA,PROD000105,SKU000105,Facebook,Static Post,everyday_style,2024-08-29 03:28:15,2024-08-29 04:52:15,1697,1065,72,64,87,116,7,failed,content_calendar_csv,CONT_ROW_001021
M001,CONT001022,NA,PROD000429,SKU000429,Facebook,Static Post,limited_stock,2024-09-28 07:15:47,2024-09-28 08:40:47,2547,1187,295,137,247,226,2,published,content_calendar_csv,CONT_ROW_001022
M001,CONT001023,CAMP001182,PROD000473,SKU000473,Facebook,Story,new_launch,2024-06-16 10:25:00,2024-06-16 12:16:00,1229,789,129,94,40,80,0,published,content_calendar_csv,CONT_ROW_001023
M001,CONT001024,CAMP001922,PROD000166,SKU000166,LinkedIn,Static Post,premium,2024-04-10 10:25:26,2024-04-10 11:30:26,1822,913,135,125,203,154,1,published,content_calendar_csv,CONT_ROW_001024
M001,CONT001025,CAMP000117,PROD000215,SKU000215,Instagram,Story,utility,2024-08-14 16:42:16,2024-08-14 17:57:16,801,361,60,26,39,59,1,published,content_calendar_csv,CONT_ROW_001025
M001,CONT001026,CAMP001501,PROD000217,SKU000217,Email,Email,everyday_style,2024-03-25 03:00:15,2024-03-25 03:49:15,438,295,31,23,43,56,2,published,content_calendar_csv,CONT_ROW_001026
M001,CONT001027,CAMP003996,PROD000235,SKU000235,LinkedIn,Static Post,utility,2024-05-11 10:20:21,2024-05-11 12:01:21,1659,741,111,126,53,87,3,published,content_calendar_csv,CONT_ROW_001027
M001,CONT001028,CAMP004663,PROD000318,SKU000318,Facebook,Reel,limited_stock,2024-01-07 02:59:38,2024-01-07 04:23:38,312,135,29,21,15,30,1,published,content_calendar_csv,CONT_ROW_001028
M001,CONT001029,CAMP000752,PROD000018,SKU000018,Facebook,Story,everyday_style,2024-02-02 18:40:59,2024-02-02 19:12:59,1219,808,122,51,84,119,1,published,content_calendar_csv,CONT_ROW_001029
M001,CONT001030,CAMP000382,PROD000490,SKU000490,WhatsApp,WhatsApp Broadcast,new_launch,2024-11-29 12:24:06,2024-11-29 12:37:06,743,350,55,35,81,253,25,published,content_calendar_csv,CONT_ROW_001030
M001,CONT001031,CAMP004524,PROD000461,SKU000461,LinkedIn,Static Post,lifestyle,2024-10-06 23:36:54,2024-10-07 00:59:54,178,93,19,11,20,16,0,published,content_calendar_csv,CONT_ROW_001031
M001,CONT001032,CAMP001117,PROD000001,SKU000001,WhatsApp,WhatsApp Broadcast,comfort,2024-01-26 17:58:00,2024-01-26 18:10:00,624,399,23,25,65,133,11,published,content_calendar_csv,CONT_ROW_001032
M001,CONT001033,CAMP000409,PROD000442,SKU000442,Facebook,Reel,everyday_style,2024-01-09 21:44:35,2024-01-09 21:52:35,4885,2509,551,253,587,100,6,published,content_calendar_csv,CONT_ROW_001033
M001,CONT001034,CAMP003137,PROD000248,SKU000248,Instagram,Carousel,new_launch,2024-05-19 10:47:34,2024-05-19 10:57:34,5842,3214,394,356,269,291,8,published,content_calendar_csv,CONT_ROW_001034
M001,CONT001035,CAMP000465,PROD000339,SKU000339,WhatsApp,WhatsApp Broadcast,lifestyle,2024-03-08 20:33:23,2024-03-08 21:54:23,297,122,21,16,40,88,4,published,content_calendar_csv,CONT_ROW_001035
M001,CONT001036,CAMP000270,PROD000348,SKU000348,LinkedIn,Static Post,comfort,2024-09-12 02:11:30,2024-09-12 04:07:30,1815,965,90,118,121,107,3,published,content_calendar_csv,CONT_ROW_001036
M001,CONT001037,CAMP001731,PROD000098,SKU000098,Facebook,Carousel,lifestyle,2024-04-08 11:40:13,2024-04-08 13:37:13,7470,3655,830,575,604,283,12,published,content_calendar_csv,CONT_ROW_001037
M001,CONT001038,NA,PROD000497,SKU000497,LinkedIn,Static Post,lifestyle,2024-07-07 18:10:17,2024-07-07 18:54:17,775,521,77,61,58,40,2,published,content_calendar_csv,CONT_ROW_001038
M001,CONT001039,CAMP003930,PROD000001,SKU000001,LinkedIn,Static Post,everyday_style,2024-07-31 21:32:36,2024-07-31 21:35:36,276,129,15,10,14,5,0,published,content_calendar_csv,CONT_ROW_001039
M001,CONT001040,CAMP002052,PROD000260,SKU000260,Instagram,Reel,discount,2024-10-13 08:39:23,2024-10-13 10:29:23,12149,6881,1271,503,1285,868,53,published,content_calendar_csv,CONT_ROW_001040
M001,CONT001041,NA,PROD000081,SKU000081,LinkedIn,Carousel,discount,2024-07-08 04:09:05,2024-07-08 05:28:05,155,87,16,11,8,14,0,published,content_calendar_csv,CONT_ROW_001041
M001,CONT001042,CAMP003356,PROD000001,SKU000001,Instagram,Reel,utility,2024-10-26 06:02:52,2024-10-26 07:48:52,1732,1121,162,58,194,140,9,published,content_calendar_csv,CONT_ROW_001042
M001,CONT001043,CAMP003237,PROD000103,SKU000103,Facebook,Story,new_launch,2024-01-09 18:18:53,2024-01-09 18:33:53,2278,1090,136,139,309,149,6,scheduled,content_calendar_csv,CONT_ROW_001043
M001,CONT001044,CAMP000216,PROD000402,SKU000402,LinkedIn,Carousel,utility,2024-09-03 22:42:19,2024-09-03 22:55:19,898,605,85,20,82,74,3,published,content_calendar_csv,CONT_ROW_001044
M001,CONT001045,CAMP001535,PROD000253,SKU000253,Facebook,Story,limited_stock,2024-01-26 10:37:57,2024-01-26 10:42:57,2934,1407,204,166,370,187,9,published,content_calendar_csv,CONT_ROW_001045
M001,CONT001046,CAMP004577,PROD000172,SKU000172,LinkedIn,Static Post,comfort,2024-04-30 23:20:17,2024-05-01 00:42:17,1343,791,72,75,167,38,2,cancelled,content_calendar_csv,CONT_ROW_001046
M001,CONT001047,CAMP000771,PROD000115,SKU000115,Instagram,Story,premium,2024-10-30 20:41:49,2024-10-30 21:27:49,594,415,48,34,84,54,1,published,content_calendar_csv,CONT_ROW_001047
M001,CONT001048,CAMP002383,PROD000168,SKU000168,Instagram,Static Post,social_proof,2024-03-19 00:22:05,2024-03-19 01:47:05,1108,596,124,54,74,26,1,published,content_calendar_csv,CONT_ROW_001048
M001,CONT001049,CAMP004345,PROD000343,SKU000343,Facebook,Static Post,utility,2024-04-18 17:43:41,2024-04-18 19:08:41,194,120,19,14,29,17,0,published,content_calendar_csv,CONT_ROW_001049
M001,CONT001050,CAMP004798,PROD000221,SKU000221,LinkedIn,Carousel,lifestyle,2024-07-09 12:24:27,2024-07-09 12:45:27,146,79,15,5,16,13,0,published,content_calendar_csv,CONT_ROW_001050
M001,CONT001051,CAMP000762,PROD000295,SKU000295,Instagram,Reel,social_proof,2024-03-31 14:16:46,2024-03-31 14:41:46,2472,1572,223,92,183,226,13,published,content_calendar_csv,CONT_ROW_001051
M001,CONT001052,CAMP003138,PROD000380,SKU000380,Instagram,Story,comfort,2024-10-24 13:34:14,2024-10-24 13:55:14,3184,1328,184,227,169,76,4,published,content_calendar_csv,CONT_ROW_001052
M001,CONT001053,CAMP000159,PROD000392,SKU000392,LinkedIn,Static Post,discount,2024-11-25 03:01:44,2024-11-25 04:05:44,1336,615,131,43,76,89,4,published,content_calendar_csv,CONT_ROW_001053
M001,CONT001054,CAMP002128,PROD000253,SKU000253,Email,Email,premium,2024-10-31 21:50:20,2024-10-31 22:28:20,701,361,24,22,81,76,7,published,content_calendar_csv,CONT_ROW_001054
M001,CONT001055,CAMP003030,PROD000018,SKU000018,Facebook,Reel,lifestyle,2024-08-13 02:24:56,2024-08-13 03:49:56,4849,2677,371,303,290,403,16,published,content_calendar_csv,CONT_ROW_001055
M001,CONT001056,CAMP003611,PROD000051,SKU000051,Email,Email,discount,2024-12-01 09:14:45,2024-12-01 09:24:45,656,432,33,25,40,58,4,published,content_calendar_csv,CONT_ROW_001056
M001,CONT001057,CAMP000605,PROD000075,SKU000075,WhatsApp,WhatsApp Broadcast,everyday_style,2024-07-15 02:29:18,2024-07-15 03:34:18,392,166,20,27,15,136,15,published,content_calendar_csv,CONT_ROW_001057
M001,CONT001058,CAMP002425,PROD000332,SKU000332,Facebook,Reel,social_proof,2024-12-28 06:48:40,2024-12-28 08:10:40,3073,1548,162,155,131,198,2,published,content_calendar_csv,CONT_ROW_001058
M001,CONT001059,CAMP003275,PROD000001,SKU000001,Instagram,Static Post,comfort,2024-09-05 20:08:17,2024-09-05 21:29:17,4682,2750,228,305,207,429,23,scheduled,content_calendar_csv,CONT_ROW_001059
M001,CONT001060,CAMP001673,PROD000361,SKU000361,Facebook,Story,new_launch,2024-12-26 11:19:39,2024-12-26 12:34:39,2525,1097,163,110,98,136,8,scheduled,content_calendar_csv,CONT_ROW_001060
M001,CONT001061,NA,PROD000190,SKU000190,WhatsApp,WhatsApp Broadcast,festive,2024-01-30 05:55:34,2024-01-30 07:14:34,578,246,40,34,74,137,31,published,content_calendar_csv,CONT_ROW_001061
M001,CONT001062,CAMP002744,PROD000111,SKU000111,Facebook,Story,utility,2024-04-15 15:05:48,2024-04-15 17:00:48,1365,677,44,75,77,42,2,scheduled,content_calendar_csv,CONT_ROW_001062
M001,CONT001063,CAMP001256,PROD000006,SKU000006,Facebook,Static Post,comfort,2024-04-24 10:16:21,2024-04-24 10:43:21,1962,1320,186,141,231,104,5,failed,content_calendar_csv,CONT_ROW_001063
M001,CONT001064,CAMP004724,PROD000241,SKU000241,Instagram,Story,utility,2024-06-02 17:21:58,2024-06-02 18:41:58,1696,815,52,110,125,111,7,published,content_calendar_csv,CONT_ROW_001064
M001,CONT001065,CAMP004832,PROD000238,SKU000238,Facebook,Carousel,premium,2024-10-09 07:41:35,2024-10-09 09:39:35,4987,2792,571,301,155,301,14,published,content_calendar_csv,CONT_ROW_001065
M001,CONT001066,CAMP002659,PROD000333,SKU000333,Email,Email,premium,2024-03-17 13:30:11,2024-03-17 14:46:11,1852,1225,129,137,161,261,22,published,content_calendar_csv,CONT_ROW_001066
M001,CONT001067,CAMP002306,PROD000287,SKU000287,LinkedIn,Carousel,festive,2024-05-08 16:38:20,2024-05-08 17:33:20,616,259,36,32,18,50,0,published,content_calendar_csv,CONT_ROW_001067
M001,CONT001068,CAMP000133,PROD000054,SKU000054,Facebook,Reel,premium,2024-06-24 21:41:01,2024-06-24 23:30:01,6148,3712,720,444,685,488,22,scheduled,content_calendar_csv,CONT_ROW_001068
M001,CONT001069,NA,PROD000228,SKU000228,Email,Email,everyday_style,2024-11-22 13:03:37,2024-11-22 13:20:37,296,134,32,16,20,48,1,published,content_calendar_csv,CONT_ROW_001069
M001,CONT001070,CAMP000308,PROD000001,SKU000001,LinkedIn,Carousel,limited_stock,2024-08-04 22:35:37,2024-08-04 23:28:37,35,16,1,2,4,1,0,published,content_calendar_csv,CONT_ROW_001070
M001,CONT001071,CAMP002907,PROD000405,SKU000405,Instagram,Carousel,discount,2024-03-01 01:24:50,2024-03-01 02:09:50,9431,5541,871,535,922,342,21,published,content_calendar_csv,CONT_ROW_001071
M001,CONT001072,CAMP003277,PROD000191,SKU000191,Instagram,Story,discount,2024-05-04 19:44:02,2024-05-04 20:19:02,1338,682,146,91,45,123,4,published,content_calendar_csv,CONT_ROW_001072
M001,CONT001073,CAMP004281,PROD000358,SKU000358,WhatsApp,WhatsApp Broadcast,limited_stock,2024-11-01 17:26:12,2024-11-01 18:58:12,699,482,31,31,72,143,17,published,content_calendar_csv,CONT_ROW_001073
M001,CONT001074,CAMP001369,PROD000429,SKU000429,Email,Email,premium,2024-12-05 15:12:08,2024-12-05 15:16:08,876,606,63,17,70,89,8,published,content_calendar_csv,CONT_ROW_001074
M001,CONT001075,CAMP000085,PROD000384,SKU000384,Facebook,Static Post,new_launch,2024-01-01 06:07:08,2024-01-01 07:02:08,586,384,43,18,48,29,1,published,content_calendar_csv,CONT_ROW_001075
M001,CONT001076,CAMP002307,PROD000024,SKU000024,LinkedIn,Static Post,everyday_style,2024-07-31 01:07:14,2024-07-31 02:16:14,837,438,26,56,91,38,1,published,content_calendar_csv,CONT_ROW_001076
M001,CONT001077,CAMP003403,PROD000266,SKU000266,Instagram,Carousel,discount,2024-01-30 06:16:55,2024-01-30 06:22:55,7860,3606,483,620,662,739,14,published,content_calendar_csv,CONT_ROW_001077
M001,CONT001078,CAMP001143,PROD000381,SKU000381,LinkedIn,Carousel,social_proof,2024-11-22 08:50:26,2024-11-22 09:17:26,1291,665,144,99,101,97,3,failed,content_calendar_csv,CONT_ROW_001078
M001,CONT001079,CAMP000851,PROD000247,SKU000247,Instagram,Story,premium,2024-04-15 02:45:37,2024-04-15 04:42:37,2973,1912,145,110,427,223,6,published,content_calendar_csv,CONT_ROW_001079
M001,CONT001080,CAMP000448,PROD000467,SKU000467,Instagram,Carousel,new_launch,2024-08-10 21:11:23,2024-08-10 22:31:23,13563,7049,1595,514,1609,656,24,published,content_calendar_csv,CONT_ROW_001080
M001,CONT001081,CAMP000644,PROD000092,SKU000092,WhatsApp,WhatsApp Broadcast,everyday_style,2024-08-28 14:07:43,2024-08-28 15:05:43,655,359,71,29,95,135,28,published,content_calendar_csv,CONT_ROW_001081
M001,CONT001082,CAMP001382,PROD000390,SKU000390,Email,Email,discount,2024-05-13 16:21:43,2024-05-13 16:33:43,2678,1613,146,115,392,452,37,published,content_calendar_csv,CONT_ROW_001082
M001,CONT001083,NA,PROD000190,SKU000190,Instagram,Carousel,everyday_style,2024-03-28 13:28:24,2024-03-28 15:16:24,8380,4527,611,277,1031,770,38,scheduled,content_calendar_csv,CONT_ROW_001083
M001,CONT001084,NA,PROD000191,SKU000191,WhatsApp,WhatsApp Broadcast,premium,2024-04-12 00:31:26,2024-04-12 02:03:26,638,363,42,36,75,145,28,failed,content_calendar_csv,CONT_ROW_001084
M001,CONT001085,CAMP001774,PROD000472,SKU000472,Email,Email,lifestyle,2024-03-13 20:10:59,2024-03-13 20:33:59,2125,1163,238,50,269,407,19,published,content_calendar_csv,CONT_ROW_001085
M001,CONT001086,CAMP001762,PROD000449,SKU000449,WhatsApp,WhatsApp Broadcast,social_proof,2024-07-11 06:11:46,2024-07-11 06:16:46,498,250,34,30,18,173,27,published,content_calendar_csv,CONT_ROW_001086
M001,CONT001087,CAMP004779,PROD000498,SKU000498,WhatsApp,WhatsApp Broadcast,premium,2024-09-28 14:26:52,2024-09-28 16:26:52,525,243,23,29,16,175,32,published,content_calendar_csv,CONT_ROW_001087
M001,CONT001088,CAMP003248,PROD000291,SKU000291,Instagram,Story,social_proof,2024-02-20 15:07:29,2024-02-20 15:30:29,3892,1626,253,262,245,225,12,published,content_calendar_csv,CONT_ROW_001088
M001,CONT001089,CAMP003303,PROD000280,SKU000280,Instagram,Reel,new_launch,2024-04-11 12:02:17,2024-04-11 13:55:17,11995,4806,1210,290,1639,1054,73,published,content_calendar_csv,CONT_ROW_001089
M001,CONT001090,CAMP003577,PROD000279,SKU000279,Instagram,Story,discount,2024-07-08 04:56:48,2024-07-08 05:36:48,632,297,61,41,91,14,0,published,content_calendar_csv,CONT_ROW_001090
M001,CONT001091,CAMP003596,PROD000471,SKU000471,WhatsApp,WhatsApp Broadcast,social_proof,2024-01-04 17:22:21,2024-01-04 17:56:21,328,159,37,8,25,66,13,published,content_calendar_csv,CONT_ROW_001091
M001,CONT001092,CAMP001964,PROD000437,SKU000437,LinkedIn,Static Post,everyday_style,2024-02-23 06:01:34,2024-02-23 07:17:34,1728,861,78,76,257,56,2,scheduled,content_calendar_csv,CONT_ROW_001092
M001,CONT001093,CAMP003420,PROD000309,SKU000309,WhatsApp,WhatsApp Broadcast,comfort,2024-03-05 12:44:49,2024-03-05 13:21:49,664,282,25,41,72,167,37,published,content_calendar_csv,CONT_ROW_001093
M001,CONT001094,CAMP002237,PROD000449,SKU000449,Instagram,Carousel,lifestyle,2024-03-16 22:02:07,2024-03-16 23:46:07,9892,5926,1113,567,1211,322,17,published,content_calendar_csv,CONT_ROW_001094
M001,CONT001095,CAMP003510,PROD000002,SKU000002,Facebook,Story,comfort,2024-08-26 04:43:18,2024-08-26 06:10:18,2432,1052,204,133,89,104,3,published,content_calendar_csv,CONT_ROW_001095
M001,CONT001096,CAMP001172,PROD000309,SKU000309,Facebook,Reel,premium,2024-10-26 14:53:40,2024-10-26 15:27:40,4529,2830,333,120,299,223,13,published,content_calendar_csv,CONT_ROW_001096
M001,CONT001097,CAMP000241,PROD000001,SKU000001,Instagram,Carousel,limited_stock,2024-01-06 04:20:47,2024-01-06 06:05:47,14741,9854,1347,1149,1419,1329,50,published,content_calendar_csv,CONT_ROW_001097
M001,CONT001098,CAMP003128,PROD000164,SKU000164,WhatsApp,WhatsApp Broadcast,new_launch,2024-02-08 23:33:41,2024-02-09 00:03:41,23,12,2,1,1,2,0,scheduled,content_calendar_csv,CONT_ROW_001098
M001,CONT001099,CAMP004155,PROD000435,SKU000435,LinkedIn,Carousel,comfort,2024-08-28 10:08:26,2024-08-28 11:14:26,493,269,17,37,63,22,0,scheduled,content_calendar_csv,CONT_ROW_001099
M001,CONT001100,CAMP002136,PROD000061,SKU000061,Email,Email,discount,2024-09-20 01:35:35,2024-09-20 02:46:35,2408,1249,245,82,353,132,9,cancelled,content_calendar_csv,CONT_ROW_001100
M001,CONT001101,CAMP004290,PROD000455,SKU000455,LinkedIn,Static Post,discount,2024-12-26 05:27:13,2024-12-26 06:21:13,1140,779,84,88,103,92,6,published,content_calendar_csv,CONT_ROW_001101
M001,CONT001102,CAMP002832,PROD000139,SKU000139,WhatsApp,WhatsApp Broadcast,utility,2024-06-15 07:59:41,2024-06-15 09:18:41,554,226,49,35,23,190,21,published,content_calendar_csv,CONT_ROW_001102
M001,CONT001103,CAMP000017,PROD000335,SKU000335,Facebook,Story,lifestyle,2024-02-22 01:32:19,2024-02-22 02:38:19,643,412,31,35,53,51,1,published,content_calendar_csv,CONT_ROW_001103
M001,CONT001104,NA,PROD000123,SKU000123,Instagram,Reel,everyday_style,2024-02-11 22:22:20,2024-02-11 22:37:20,8810,4672,701,610,865,518,34,published,content_calendar_csv,CONT_ROW_001104
M001,CONT001105,CAMP002951,PROD000315,SKU000315,LinkedIn,Carousel,limited_stock,2024-02-29 21:14:24,2024-02-29 22:41:24,1265,786,141,52,187,107,5,published,content_calendar_csv,CONT_ROW_001105
M001,CONT001106,NA,PROD000168,SKU000168,Instagram,Reel,premium,2024-08-25 05:57:51,2024-08-25 07:31:51,7691,5248,662,493,450,476,26,cancelled,content_calendar_csv,CONT_ROW_001106
M001,CONT001107,CAMP002121,PROD000203,SKU000203,LinkedIn,Carousel,everyday_style,2024-10-08 16:10:02,2024-10-08 17:15:02,1535,831,102,64,131,56,1,published,content_calendar_csv,CONT_ROW_001107
M001,CONT001108,NA,PROD000282,SKU000282,LinkedIn,Carousel,limited_stock,2024-10-19 00:29:36,2024-10-19 02:28:36,1578,810,62,62,180,45,1,published,content_calendar_csv,CONT_ROW_001108
M001,CONT001109,CAMP003946,PROD000047,SKU000047,LinkedIn,Static Post,social_proof,2024-05-07 02:07:48,2024-05-07 03:25:48,423,221,33,19,38,42,2,published,content_calendar_csv,CONT_ROW_001109
M001,CONT001110,NA,PROD000107,SKU000107,Email,Email,comfort,2024-08-21 06:31:00,2024-08-21 07:02:00,840,469,77,62,36,91,9,failed,content_calendar_csv,CONT_ROW_001110
M001,CONT001111,CAMP001340,PROD000377,SKU000377,Instagram,Story,festive,2024-04-20 16:04:19,2024-04-20 17:51:19,2750,1561,266,171,278,85,1,published,content_calendar_csv,CONT_ROW_001111
M001,CONT001112,CAMP002294,PROD000001,SKU000001,LinkedIn,Carousel,comfort,2024-05-20 17:33:00,2024-05-20 17:39:00,1368,727,131,52,96,41,1,published,content_calendar_csv,CONT_ROW_001112
M001,CONT001113,CAMP002792,PROD000024,SKU000024,WhatsApp,WhatsApp Broadcast,discount,2024-10-17 14:44:41,2024-10-17 15:22:41,21,9,2,0,3,4,0,published,content_calendar_csv,CONT_ROW_001113
M001,CONT001114,CAMP004546,PROD000498,SKU000498,Email,Email,premium,2024-01-18 12:01:14,2024-01-18 12:51:14,1374,820,78,49,202,259,12,published,content_calendar_csv,CONT_ROW_001114
M001,CONT001115,CAMP001632,PROD000375,SKU000375,Instagram,Story,comfort,2024-03-08 20:00:28,2024-03-08 21:44:28,3826,2421,347,124,564,235,11,published,content_calendar_csv,CONT_ROW_001115
M001,CONT001116,CAMP004778,PROD000018,SKU000018,Email,Email,social_proof,2024-08-14 22:26:12,2024-08-14 23:54:12,383,250,41,20,15,50,2,published,content_calendar_csv,CONT_ROW_001116
M001,CONT001117,CAMP002586,PROD000469,SKU000469,Instagram,Reel,comfort,2024-11-09 02:29:09,2024-11-09 03:11:09,1331,570,129,80,71,130,1,published,content_calendar_csv,CONT_ROW_001117
M001,CONT001118,CAMP002383,PROD000168,SKU000168,Facebook,Static Post,social_proof,2024-10-19 17:06:37,2024-10-19 17:45:37,1373,593,150,70,131,128,4,published,content_calendar_csv,CONT_ROW_001118
M001,CONT001119,CAMP001076,PROD000454,SKU000454,Instagram,Story,limited_stock,2024-03-10 08:47:02,2024-03-10 09:15:02,2731,1903,135,168,133,204,12,published,content_calendar_csv,CONT_ROW_001119
M001,CONT001120,CAMP000430,PROD000396,SKU000396,Email,Email,social_proof,2024-02-06 19:32:55,2024-02-06 21:16:55,1468,645,165,72,72,221,17,published,content_calendar_csv,CONT_ROW_001120
M001,CONT001121,CAMP001814,PROD000366,SKU000366,LinkedIn,Carousel,limited_stock,2024-05-17 06:48:02,2024-05-17 08:02:02,175,105,14,11,24,5,0,published,content_calendar_csv,CONT_ROW_001121
M001,CONT001122,CAMP000342,PROD000422,SKU000422,Email,Email,lifestyle,2024-06-13 01:35:06,2024-06-13 03:34:06,711,415,63,28,83,134,11,published,content_calendar_csv,CONT_ROW_001122
M001,CONT001123,CAMP004461,PROD000051,SKU000051,Facebook,Reel,social_proof,2024-01-31 06:47:09,2024-01-31 08:39:09,2137,1380,125,51,99,157,8,published,content_calendar_csv,CONT_ROW_001123
M001,CONT001124,CAMP001820,PROD000289,SKU000289,LinkedIn,Static Post,everyday_style,2024-03-09 02:59:04,2024-03-09 03:52:04,108,70,6,6,10,10,0,published,content_calendar_csv,CONT_ROW_001124
M001,CONT001125,CAMP001432,PROD000093,SKU000093,Email,Email,lifestyle,2024-01-22 11:09:58,2024-01-22 12:16:58,2170,1343,100,59,165,268,14,published,content_calendar_csv,CONT_ROW_001125
M001,CONT001126,CAMP002583,PROD000375,SKU000375,Email,Email,new_launch,2024-03-13 14:06:43,2024-03-13 15:50:43,2221,1545,118,72,254,131,9,published,content_calendar_csv,CONT_ROW_001126
M001,CONT001127,CAMP003149,PROD000156,SKU000156,WhatsApp,WhatsApp Broadcast,new_launch,2024-12-30 23:49:16,2024-12-31 01:46:16,464,267,53,18,33,82,11,failed,content_calendar_csv,CONT_ROW_001127
M001,CONT001128,CAMP000612,PROD000034,SKU000034,WhatsApp,WhatsApp Broadcast,social_proof,2024-05-26 09:58:53,2024-05-26 10:19:53,739,419,53,24,48,185,20,cancelled,content_calendar_csv,CONT_ROW_001128
M001,CONT001129,CAMP000561,PROD000118,SKU000118,Instagram,Reel,discount,2024-11-25 10:18:30,2024-11-25 10:46:30,10214,6095,1146,553,1299,759,36,scheduled,content_calendar_csv,CONT_ROW_001129
M001,CONT001130,CAMP002939,PROD000001,SKU000001,Instagram,Static Post,discount,2024-10-11 03:02:31,2024-10-11 03:32:31,4814,2851,183,236,373,140,9,published,content_calendar_csv,CONT_ROW_001130
M001,CONT001131,CAMP001308,PROD000097,SKU000097,Email,Email,discount,2024-06-23 13:39:00,2024-06-23 14:16:00,1915,1148,68,116,169,107,7,published,content_calendar_csv,CONT_ROW_001131
M001,CONT001132,CAMP001804,PROD000496,SKU000496,WhatsApp,WhatsApp Broadcast,comfort,2024-08-20 03:38:34,2024-08-20 05:31:34,617,308,38,20,62,148,36,published,content_calendar_csv,CONT_ROW_001132
M001,CONT001133,CAMP001489,PROD000269,SKU000269,LinkedIn,Carousel,new_launch,2024-04-12 00:54:43,2024-04-12 01:22:43,1443,972,81,85,119,44,0,published,content_calendar_csv,CONT_ROW_001133
M001,CONT001134,CAMP000179,PROD000338,SKU000338,LinkedIn,Static Post,new_launch,2024-10-17 05:30:09,2024-10-17 05:52:09,1145,496,127,36,125,53,2,published,content_calendar_csv,CONT_ROW_001134
M001,CONT001135,CAMP002274,PROD000344,SKU000344,WhatsApp,WhatsApp Broadcast,lifestyle,2024-08-17 22:41:22,2024-08-17 23:27:22,781,363,72,30,105,144,32,published,content_calendar_csv,CONT_ROW_001135
M001,CONT001136,CAMP002259,PROD000195,SKU000195,WhatsApp,WhatsApp Broadcast,lifestyle,2024-09-10 09:10:24,2024-09-10 10:33:24,79,54,8,5,9,20,1,published,content_calendar_csv,CONT_ROW_001136
M001,CONT001137,CAMP001236,PROD000339,SKU000339,Instagram,Story,everyday_style,2024-11-12 23:14:49,2024-11-13 00:27:49,3494,2325,266,275,373,230,5,published,content_calendar_csv,CONT_ROW_001137
M001,CONT001138,CAMP001781,PROD000001,SKU000001,Instagram,Static Post,everyday_style,2024-11-18 23:31:56,2024-11-19 01:09:56,4293,2656,443,155,235,313,3,scheduled,content_calendar_csv,CONT_ROW_001138
M001,CONT001139,NA,PROD000004,SKU000004,Email,Email,comfort,2024-07-10 07:05:20,2024-07-10 08:22:20,2398,1476,226,81,268,276,15,published,content_calendar_csv,CONT_ROW_001139
M001,CONT001140,CAMP000421,PROD000050,SKU000050,Email,Email,social_proof,2024-06-03 04:40:26,2024-06-03 05:24:26,2089,897,96,124,237,308,34,scheduled,content_calendar_csv,CONT_ROW_001140
M001,CONT001141,CAMP004072,PROD000469,SKU000469,Email,Email,everyday_style,2024-02-24 17:35:10,2024-02-24 17:48:10,685,385,69,22,75,136,15,published,content_calendar_csv,CONT_ROW_001141
M001,CONT001142,NA,PROD000209,SKU000209,WhatsApp,WhatsApp Broadcast,comfort,2024-01-06 22:53:16,2024-01-07 00:42:16,117,76,4,5,12,22,1,published,content_calendar_csv,CONT_ROW_001142
M001,CONT001143,CAMP003939,PROD000103,SKU000103,Facebook,Reel,premium,2024-12-17 00:20:41,2024-12-17 01:30:41,1278,654,89,62,126,120,5,published,content_calendar_csv,CONT_ROW_001143
M001,CONT001144,CAMP004071,PROD000415,SKU000415,WhatsApp,WhatsApp Broadcast,comfort,2024-11-27 02:21:20,2024-11-27 03:02:20,711,480,65,18,70,221,42,failed,content_calendar_csv,CONT_ROW_001144
M001,CONT001145,NA,PROD000243,SKU000243,Instagram,Story,discount,2024-07-11 00:18:50,2024-07-11 00:33:50,2962,1958,229,68,253,180,8,scheduled,content_calendar_csv,CONT_ROW_001145
M001,CONT001146,CAMP001657,PROD000480,SKU000480,Instagram,Story,festive,2024-06-26 05:52:15,2024-06-26 05:55:15,490,311,22,24,61,31,2,published,content_calendar_csv,CONT_ROW_001146
M001,CONT001147,CAMP001787,PROD000097,SKU000097,WhatsApp,WhatsApp Broadcast,festive,2024-09-13 07:17:02,2024-09-13 08:25:02,286,118,14,22,14,62,5,published,content_calendar_csv,CONT_ROW_001147
M001,CONT001148,CAMP003853,PROD000140,SKU000140,Email,Email,comfort,2024-01-03 20:49:32,2024-01-03 21:40:32,2268,1120,200,80,146,266,22,cancelled,content_calendar_csv,CONT_ROW_001148
M001,CONT001149,CAMP000229,PROD000001,SKU000001,Facebook,Reel,comfort,2024-01-10 13:40:50,2024-01-10 14:39:50,5678,3456,380,214,670,132,5,published,content_calendar_csv,CONT_ROW_001149
M001,CONT001150,CAMP001601,PROD000444,SKU000444,WhatsApp,WhatsApp Broadcast,limited_stock,2024-04-08 08:33:05,2024-04-08 09:10:05,619,397,60,30,58,83,18,published,content_calendar_csv,CONT_ROW_001150
M001,CONT001151,NA,PROD000435,SKU000435,LinkedIn,Carousel,social_proof,2024-04-09 03:56:45,2024-04-09 05:07:45,1713,1041,202,102,187,58,3,published,content_calendar_csv,CONT_ROW_001151
M001,CONT001152,CAMP001311,PROD000307,SKU000307,Instagram,Static Post,social_proof,2024-03-02 06:15:03,2024-03-02 07:42:03,4731,3073,341,211,676,204,3,published,content_calendar_csv,CONT_ROW_001152
M001,CONT001153,CAMP001006,PROD000254,SKU000254,WhatsApp,WhatsApp Broadcast,discount,2024-12-19 20:16:13,2024-12-19 21:15:13,715,483,53,18,41,247,41,published,content_calendar_csv,CONT_ROW_001153
M001,CONT001154,CAMP000183,PROD000182,SKU000182,Email,Email,utility,2024-08-08 22:02:58,2024-08-08 22:47:58,771,364,82,37,84,132,12,published,content_calendar_csv,CONT_ROW_001154
M001,CONT001155,NA,PROD000348,SKU000348,Facebook,Story,premium,2024-12-03 00:11:27,2024-12-03 00:17:27,2637,1424,103,81,278,97,1,published,content_calendar_csv,CONT_ROW_001155
M001,CONT001156,CAMP000271,PROD000001,SKU000001,Instagram,Static Post,premium,2024-01-22 18:29:08,2024-01-22 19:21:08,1481,923,92,94,89,123,2,published,content_calendar_csv,CONT_ROW_001156
M001,CONT001157,CAMP003101,PROD000435,SKU000435,Facebook,Reel,social_proof,2024-08-25 07:45:17,2024-08-25 08:22:17,5950,2604,415,373,329,123,3,published,content_calendar_csv,CONT_ROW_001157
M001,CONT001158,NA,PROD000234,SKU000234,Facebook,Reel,utility,2024-08-22 17:45:47,2024-08-22 18:00:47,2383,1327,257,128,287,194,4,failed,content_calendar_csv,CONT_ROW_001158
M001,CONT001159,CAMP004061,PROD000476,SKU000476,Email,Email,limited_stock,2024-07-24 12:56:28,2024-07-24 14:13:28,1557,656,155,60,122,181,13,published,content_calendar_csv,CONT_ROW_001159
M001,CONT001160,NA,PROD000067,SKU000067,LinkedIn,Carousel,new_launch,2024-08-12 20:09:10,2024-08-12 20:26:10,1601,1020,50,72,168,136,5,scheduled,content_calendar_csv,CONT_ROW_001160
M001,CONT001161,CAMP001310,PROD000001,SKU000001,WhatsApp,WhatsApp Broadcast,utility,2024-01-23 22:58:41,2024-01-24 00:34:41,61,37,5,1,8,8,1,published,content_calendar_csv,CONT_ROW_001161
M001,CONT001162,CAMP002686,PROD000248,SKU000248,Email,Email,limited_stock,2024-06-03 15:56:49,2024-06-03 16:02:49,1963,1335,209,134,183,387,29,published,content_calendar_csv,CONT_ROW_001162
M001,CONT001163,CAMP001744,PROD000375,SKU000375,LinkedIn,Carousel,social_proof,2024-01-26 16:50:22,2024-01-26 17:49:22,124,51,4,2,16,11,0,published,content_calendar_csv,CONT_ROW_001163
M001,CONT001164,CAMP004146,PROD000285,SKU000285,Email,Email,utility,2024-09-17 19:21:36,2024-09-17 19:30:36,1175,477,138,83,36,224,16,published,content_calendar_csv,CONT_ROW_001164
M001,CONT001165,CAMP004709,PROD000073,SKU000073,Facebook,Reel,everyday_style,2024-11-18 02:27:01,2024-11-18 02:44:01,7022,4218,372,408,464,213,9,published,content_calendar_csv,CONT_ROW_001165
M001,CONT001166,CAMP002668,PROD000266,SKU000266,LinkedIn,Static Post,new_launch,2024-07-21 14:53:54,2024-07-21 15:20:54,829,390,85,50,58,36,2,published,content_calendar_csv,CONT_ROW_001166
M001,CONT001167,CAMP000749,PROD000344,SKU000344,Email,Email,lifestyle,2024-09-30 21:56:27,2024-09-30 22:55:27,1596,644,98,47,61,152,5,published,content_calendar_csv,CONT_ROW_001167
M001,CONT001168,CAMP001320,PROD000467,SKU000467,Facebook,Story,discount,2024-05-01 13:30:18,2024-05-01 14:16:18,2661,1463,139,148,118,104,1,published,content_calendar_csv,CONT_ROW_001168
M001,CONT001169,CAMP000506,PROD000437,SKU000437,Email,Email,premium,2024-04-26 18:00:12,2024-04-26 19:43:12,1809,898,167,102,154,170,15,published,content_calendar_csv,CONT_ROW_001169
M001,CONT001170,CAMP004113,PROD000065,SKU000065,Instagram,Reel,discount,2024-12-19 15:56:10,2024-12-19 16:56:10,11448,4579,819,831,1113,648,7,published,content_calendar_csv,CONT_ROW_001170
M001,CONT001171,CAMP002833,PROD000400,SKU000400,Instagram,Carousel,everyday_style,2024-11-01 05:43:40,2024-11-01 06:01:40,11183,5652,380,812,547,941,21,published,content_calendar_csv,CONT_ROW_001171
M001,CONT001172,CAMP004836,PROD000321,SKU000321,LinkedIn,Static Post,comfort,2024-04-14 23:53:45,2024-04-15 01:13:45,1942,865,80,79,208,46,0,failed,content_calendar_csv,CONT_ROW_001172
M001,CONT001173,CAMP001508,PROD000300,SKU000300,Instagram,Carousel,festive,2024-02-24 13:55:58,2024-02-24 15:13:58,6132,4010,191,284,573,274,7,published,content_calendar_csv,CONT_ROW_001173
M001,CONT001174,CAMP003883,PROD000172,SKU000172,LinkedIn,Carousel,discount,2024-03-18 07:19:28,2024-03-18 08:25:28,573,377,63,43,30,20,1,published,content_calendar_csv,CONT_ROW_001174
M001,CONT001175,CAMP002845,PROD000464,SKU000464,Facebook,Story,lifestyle,2024-05-15 18:55:15,2024-05-15 19:45:15,472,305,41,13,29,13,0,published,content_calendar_csv,CONT_ROW_001175
M001,CONT001176,CAMP004101,PROD000473,SKU000473,Facebook,Carousel,lifestyle,2024-02-11 07:16:09,2024-02-11 08:33:09,6620,4024,621,411,667,450,25,published,content_calendar_csv,CONT_ROW_001176
M001,CONT001177,CAMP001105,PROD000288,SKU000288,WhatsApp,WhatsApp Broadcast,comfort,2024-11-03 03:29:49,2024-11-03 05:28:49,478,252,57,37,50,116,23,published,content_calendar_csv,CONT_ROW_001177
M001,CONT001178,CAMP000387,PROD000001,SKU000001,LinkedIn,Static Post,social_proof,2024-08-17 05:04:35,2024-08-17 06:27:35,646,436,73,32,60,28,0,published,content_calendar_csv,CONT_ROW_001178
M001,CONT001179,CAMP002551,PROD000229,SKU000229,Facebook,Static Post,festive,2024-05-12 14:50:35,2024-05-12 15:12:35,224,128,22,9,27,19,0,published,content_calendar_csv,CONT_ROW_001179
M001,CONT001180,CAMP001328,PROD000001,SKU000001,Facebook,Static Post,premium,2024-06-23 20:44:08,2024-06-23 22:20:08,2176,1451,195,127,173,174,2,cancelled,content_calendar_csv,CONT_ROW_001180
M001,CONT001181,CAMP002483,PROD000354,SKU000354,Email,Email,festive,2024-12-05 01:07:32,2024-12-05 01:52:32,352,229,37,7,43,23,2,published,content_calendar_csv,CONT_ROW_001181
M001,CONT001182,CAMP001818,PROD000005,SKU000005,Instagram,Story,lifestyle,2024-09-06 20:30:06,2024-09-06 20:47:06,1255,517,130,80,168,115,7,scheduled,content_calendar_csv,CONT_ROW_001182
M001,CONT001183,CAMP003515,PROD000002,SKU000002,LinkedIn,Carousel,social_proof,2024-07-04 17:01:31,2024-07-04 18:49:31,839,583,43,21,80,28,0,scheduled,content_calendar_csv,CONT_ROW_001183
M001,CONT001184,CAMP003505,PROD000414,SKU000414,LinkedIn,Static Post,lifestyle,2024-03-15 07:23:48,2024-03-15 08:18:48,874,575,76,65,107,26,1,published,content_calendar_csv,CONT_ROW_001184
M001,CONT001185,CAMP004709,PROD000073,SKU000073,Instagram,Carousel,premium,2024-11-16 23:40:15,2024-11-17 00:46:15,14639,5897,1156,957,889,1205,67,published,content_calendar_csv,CONT_ROW_001185
M001,CONT001186,CAMP002102,PROD000403,SKU000403,Email,Email,limited_stock,2024-01-28 06:35:42,2024-01-28 08:12:42,2994,1237,274,208,425,216,24,published,content_calendar_csv,CONT_ROW_001186
M001,CONT001187,CAMP001783,PROD000429,SKU000429,Instagram,Story,discount,2024-08-14 22:14:48,2024-08-14 23:54:48,3530,1712,230,136,340,127,2,published,content_calendar_csv,CONT_ROW_001187
M001,CONT001188,CAMP004969,PROD000218,SKU000218,Instagram,Static Post,festive,2024-12-21 22:00:27,2024-12-21 23:27:27,4648,2285,336,297,589,244,12,published,content_calendar_csv,CONT_ROW_001188
M001,CONT001189,NA,PROD000409,SKU000409,WhatsApp,WhatsApp Broadcast,utility,2024-06-03 20:31:02,2024-06-03 21:25:02,328,215,15,20,46,98,6,published,content_calendar_csv,CONT_ROW_001189
M001,CONT001190,CAMP002888,PROD000323,SKU000323,Facebook,Carousel,utility,2024-06-04 19:39:19,2024-06-04 20:29:19,6177,3412,219,413,273,596,8,published,content_calendar_csv,CONT_ROW_001190
M001,CONT001191,CAMP001215,PROD000017,SKU000017,WhatsApp,WhatsApp Broadcast,comfort,2024-10-29 03:33:24,2024-10-29 03:41:24,457,196,30,10,29,120,13,published,content_calendar_csv,CONT_ROW_001191
M001,CONT001192,CAMP000475,PROD000255,SKU000255,Facebook,Carousel,social_proof,2024-04-09 03:47:37,2024-04-09 04:35:37,4412,1807,429,309,366,407,9,published,content_calendar_csv,CONT_ROW_001192
M001,CONT001193,CAMP003172,PROD000005,SKU000005,LinkedIn,Static Post,comfort,2024-06-16 15:34:05,2024-06-16 16:58:05,1580,1079,164,86,202,80,1,published,content_calendar_csv,CONT_ROW_001193
M001,CONT001194,CAMP001755,PROD000001,SKU000001,Instagram,Static Post,lifestyle,2024-08-08 01:15:52,2024-08-08 01:23:52,2489,1413,268,158,215,187,7,published,content_calendar_csv,CONT_ROW_001194
M001,CONT001195,NA,PROD000414,SKU000414,WhatsApp,WhatsApp Broadcast,social_proof,2024-10-20 00:05:30,2024-10-20 00:49:30,463,281,22,20,19,69,15,published,content_calendar_csv,CONT_ROW_001195
M001,CONT001196,CAMP004982,PROD000159,SKU000159,Instagram,Story,discount,2024-05-16 23:03:04,2024-05-16 23:59:04,1026,609,39,66,32,42,2,scheduled,content_calendar_csv,CONT_ROW_001196
M001,CONT001197,CAMP001371,PROD000227,SKU000227,Instagram,Static Post,lifestyle,2024-07-02 03:13:02,2024-07-02 04:01:02,2289,1272,141,166,264,129,7,published,content_calendar_csv,CONT_ROW_001197
M001,CONT001198,CAMP000463,PROD000423,SKU000423,Instagram,Static Post,limited_stock,2024-04-19 01:48:38,2024-04-19 03:26:38,2925,1268,136,193,435,132,6,published,content_calendar_csv,CONT_ROW_001198
M001,CONT001199,CAMP004142,PROD000001,SKU000001,Facebook,Story,limited_stock,2024-08-08 05:44:32,2024-08-08 06:21:32,122,58,3,9,13,10,0,published,content_calendar_csv,CONT_ROW_001199
M001,CONT001200,CAMP003698,PROD000201,SKU000201,WhatsApp,WhatsApp Broadcast,utility,2024-03-28 09:53:00,2024-03-28 10:31:00,131,60,8,3,12,19,0,published,content_calendar_csv,CONT_ROW_001200
M001,CONT001201,CAMP002508,PROD000200,SKU000200,WhatsApp,WhatsApp Broadcast,comfort,2024-03-13 14:28:27,2024-03-13 16:14:27,685,293,41,21,76,101,14,published,content_calendar_csv,CONT_ROW_001201
M001,CONT001202,CAMP000185,PROD000445,SKU000445,Email,Email,new_launch,2024-05-01 14:54:51,2024-05-01 15:50:51,2817,1710,271,60,328,228,13,published,content_calendar_csv,CONT_ROW_001202
M001,CONT001203,CAMP003501,PROD000397,SKU000397,WhatsApp,WhatsApp Broadcast,social_proof,2024-01-22 17:28:24,2024-01-22 17:47:24,183,105,14,11,9,19,3,published,content_calendar_csv,CONT_ROW_001203
M001,CONT001204,CAMP002213,PROD000162,SKU000162,WhatsApp,WhatsApp Broadcast,limited_stock,2024-06-26 17:28:31,2024-06-26 19:21:31,339,205,16,20,14,38,2,scheduled,content_calendar_csv,CONT_ROW_001204
M001,CONT001205,CAMP002354,PROD000199,SKU000199,LinkedIn,Carousel,new_launch,2024-04-13 13:27:19,2024-04-13 15:01:19,1657,692,160,118,189,82,4,failed,content_calendar_csv,CONT_ROW_001205
M001,CONT001206,NA,PROD000435,SKU000435,LinkedIn,Carousel,festive,2024-10-14 23:33:12,2024-10-14 23:47:12,645,432,62,15,86,33,1,published,content_calendar_csv,CONT_ROW_001206
M001,CONT001207,CAMP001492,PROD000214,SKU000214,Email,Email,everyday_style,2024-02-28 11:54:31,2024-02-28 12:41:31,1839,865,123,91,119,305,26,published,content_calendar_csv,CONT_ROW_001207
M001,CONT001208,CAMP000816,PROD000205,SKU000205,Facebook,Story,premium,2024-07-27 19:19:24,2024-07-27 19:32:24,1001,443,63,20,61,49,3,published,content_calendar_csv,CONT_ROW_001208
M001,CONT001209,CAMP002292,PROD000001,SKU000001,WhatsApp,WhatsApp Broadcast,comfort,2024-06-23 13:56:29,2024-06-23 15:51:29,60,25,7,2,6,19,1,published,content_calendar_csv,CONT_ROW_001209
M001,CONT001210,CAMP002736,PROD000042,SKU000042,Email,Email,discount,2024-10-02 06:16:03,2024-10-02 07:06:03,1741,1148,101,133,154,219,7,published,content_calendar_csv,CONT_ROW_001210
M001,CONT001211,CAMP001104,PROD000047,SKU000047,LinkedIn,Static Post,lifestyle,2024-09-28 16:42:40,2024-09-28 17:52:40,941,444,82,39,100,19,0,published,content_calendar_csv,CONT_ROW_001211
M001,CONT001212,CAMP000003,PROD000016,SKU000016,Email,Email,lifestyle,2024-04-06 07:32:30,2024-04-06 08:17:30,1135,594,51,51,78,75,3,scheduled,content_calendar_csv,CONT_ROW_001212
M001,CONT001213,CAMP001036,PROD000270,SKU000270,Instagram,Story,lifestyle,2024-06-14 03:37:09,2024-06-14 04:59:09,2927,1373,303,209,97,247,15,failed,content_calendar_csv,CONT_ROW_001213
M001,CONT001214,NA,PROD000156,SKU000156,Email,Email,comfort,2024-02-09 15:28:11,2024-02-09 15:50:11,2458,1152,228,169,173,445,22,published,content_calendar_csv,CONT_ROW_001214
M001,CONT001215,CAMP000469,PROD000222,SKU000222,WhatsApp,WhatsApp Broadcast,discount,2024-10-26 11:14:34,2024-10-26 11:42:34,78,33,2,3,10,24,3,published,content_calendar_csv,CONT_ROW_001215
M001,CONT001216,CAMP002042,PROD000001,SKU000001,WhatsApp,WhatsApp Broadcast,discount,2024-07-13 18:03:53,2024-07-13 19:52:53,67,40,3,1,4,9,1,published,content_calendar_csv,CONT_ROW_001216
M001,CONT001217,CAMP000397,PROD000352,SKU000352,LinkedIn,Static Post,lifestyle,2024-08-08 09:01:41,2024-08-08 10:29:41,710,326,37,27,104,44,2,published,content_calendar_csv,CONT_ROW_001217
M001,CONT001218,CAMP002432,PROD000001,SKU000001,Email,Email,discount,2024-05-21 20:36:10,2024-05-21 20:57:10,2608,1513,167,147,187,265,10,published,content_calendar_csv,CONT_ROW_001218
M001,CONT001219,CAMP003139,PROD000386,SKU000386,Facebook,Carousel,lifestyle,2024-02-21 01:11:20,2024-02-21 01:17:20,5200,2443,489,396,591,472,17,cancelled,content_calendar_csv,CONT_ROW_001219
M001,CONT001220,CAMP000888,PROD000001,SKU000001,Instagram,Story,festive,2024-12-30 09:24:53,2024-12-30 10:09:53,4456,1851,383,219,173,276,7,published,content_calendar_csv,CONT_ROW_001220
M001,CONT001221,CAMP000828,PROD000370,SKU000370,WhatsApp,WhatsApp Broadcast,lifestyle,2024-11-22 23:47:40,2024-11-23 01:12:40,374,222,40,28,49,45,2,published,content_calendar_csv,CONT_ROW_001221
M001,CONT001222,CAMP003514,PROD000087,SKU000087,Facebook,Reel,new_launch,2024-04-15 14:54:13,2024-04-15 16:38:13,7001,3016,233,413,620,586,9,published,content_calendar_csv,CONT_ROW_001222
M001,CONT001223,NA,PROD000483,SKU000483,LinkedIn,Carousel,discount,2024-02-29 14:29:50,2024-02-29 16:27:50,338,208,37,13,14,11,0,published,content_calendar_csv,CONT_ROW_001223
M001,CONT001224,NA,PROD000498,SKU000498,Facebook,Story,everyday_style,2024-08-08 01:54:07,2024-08-08 02:32:07,1403,706,106,29,170,43,1,scheduled,content_calendar_csv,CONT_ROW_001224
M001,CONT001225,CAMP000734,PROD000246,SKU000246,Facebook,Reel,discount,2024-07-05 22:57:34,2024-07-06 00:34:34,4441,3042,275,96,384,166,8,published,content_calendar_csv,CONT_ROW_001225
M001,CONT001226,CAMP000946,PROD000481,SKU000481,WhatsApp,WhatsApp Broadcast,limited_stock,2024-03-13 22:38:38,2024-03-13 23:39:38,633,372,37,26,87,86,8,published,content_calendar_csv,CONT_ROW_001226
M001,CONT001227,CAMP002031,PROD000061,SKU000061,WhatsApp,WhatsApp Broadcast,comfort,2024-02-29 11:14:19,2024-02-29 12:41:19,629,313,44,19,77,197,27,published,content_calendar_csv,CONT_ROW_001227
M001,CONT001228,CAMP003009,PROD000236,SKU000236,LinkedIn,Carousel,comfort,2024-11-14 09:22:56,2024-11-14 10:53:56,598,417,70,47,56,28,1,published,content_calendar_csv,CONT_ROW_001228
M001,CONT001229,CAMP002120,PROD000106,SKU000106,LinkedIn,Carousel,utility,2024-09-22 04:23:13,2024-09-22 05:40:13,1122,517,86,82,130,78,1,published,content_calendar_csv,CONT_ROW_001229
M001,CONT001230,CAMP004684,PROD000013,SKU000013,Facebook,Static Post,lifestyle,2024-10-01 07:39:26,2024-10-01 08:02:26,2851,1900,216,125,261,229,10,published,content_calendar_csv,CONT_ROW_001230
M001,CONT001231,NA,PROD000352,SKU000352,Facebook,Static Post,comfort,2024-05-08 02:00:22,2024-05-08 02:09:22,810,365,82,59,50,53,1,published,content_calendar_csv,CONT_ROW_001231
M001,CONT001232,NA,PROD000059,SKU000059,Email,Email,festive,2024-05-25 23:43:00,2024-05-25 23:54:00,2754,1115,294,82,143,470,25,published,content_calendar_csv,CONT_ROW_001232
M001,CONT001233,CAMP004981,PROD000099,SKU000099,Email,Email,discount,2024-06-06 05:39:28,2024-06-06 05:59:28,1632,847,118,116,60,189,10,scheduled,content_calendar_csv,CONT_ROW_001233
M001,CONT001234,CAMP003107,PROD000186,SKU000186,WhatsApp,WhatsApp Broadcast,discount,2024-09-14 06:16:55,2024-09-14 06:52:55,626,304,24,16,22,202,23,published,content_calendar_csv,CONT_ROW_001234
M001,CONT001235,CAMP003177,PROD000123,SKU000123,LinkedIn,Carousel,comfort,2024-04-28 21:38:36,2024-04-28 21:43:36,1560,759,61,110,108,85,4,published,content_calendar_csv,CONT_ROW_001235
M001,CONT001236,CAMP000913,PROD000032,SKU000032,WhatsApp,WhatsApp Broadcast,comfort,2024-07-30 18:25:00,2024-07-30 19:10:00,656,336,33,40,26,66,13,failed,content_calendar_csv,CONT_ROW_001236
M001,CONT001237,CAMP001110,PROD000206,SKU000206,LinkedIn,Carousel,lifestyle,2024-06-05 05:48:59,2024-06-05 07:37:59,1614,1122,118,77,62,150,6,published,content_calendar_csv,CONT_ROW_001237
M001,CONT001238,CAMP002036,PROD000073,SKU000073,Email,Email,lifestyle,2024-12-24 17:22:23,2024-12-24 19:18:23,1675,933,145,102,78,263,10,published,content_calendar_csv,CONT_ROW_001238
M001,CONT001239,CAMP003238,PROD000397,SKU000397,Instagram,Reel,everyday_style,2024-05-25 19:47:14,2024-05-25 21:20:14,863,348,57,20,42,34,0,cancelled,content_calendar_csv,CONT_ROW_001239
M001,CONT001240,CAMP004413,PROD000310,SKU000310,LinkedIn,Static Post,comfort,2024-10-26 19:45:19,2024-10-26 21:10:19,403,201,24,16,32,36,2,published,content_calendar_csv,CONT_ROW_001240
M001,CONT001241,CAMP001411,PROD000117,SKU000117,LinkedIn,Carousel,utility,2024-08-14 08:53:54,2024-08-14 10:45:54,956,636,72,25,84,35,0,cancelled,content_calendar_csv,CONT_ROW_001241
M001,CONT001242,NA,PROD000181,SKU000181,LinkedIn,Static Post,everyday_style,2024-09-05 22:10:26,2024-09-05 23:49:26,1340,730,75,56,113,97,6,published,content_calendar_csv,CONT_ROW_001242
M001,CONT001243,NA,PROD000325,SKU000325,Email,Email,festive,2024-11-21 10:59:05,2024-11-21 11:50:05,1793,1102,76,112,199,168,15,published,content_calendar_csv,CONT_ROW_001243
M001,CONT001244,CAMP002722,PROD000050,SKU000050,Facebook,Carousel,limited_stock,2024-04-05 22:47:26,2024-04-05 23:43:26,2586,1195,266,111,204,109,5,failed,content_calendar_csv,CONT_ROW_001244
M001,CONT001245,CAMP002972,PROD000470,SKU000470,Email,Email,premium,2024-02-24 22:23:03,2024-02-24 22:38:03,2631,1535,98,116,245,394,24,published,content_calendar_csv,CONT_ROW_001245
M001,CONT001246,CAMP003158,PROD000314,SKU000314,Facebook,Carousel,new_launch,2024-12-20 19:14:47,2024-12-20 19:22:47,7154,4361,857,381,393,416,11,failed,content_calendar_csv,CONT_ROW_001246
M001,CONT001247,CAMP003551,PROD000210,SKU000210,Facebook,Reel,festive,2024-04-26 23:03:42,2024-04-26 23:27:42,7326,3086,824,228,339,311,6,published,content_calendar_csv,CONT_ROW_001247
M001,CONT001248,CAMP002296,PROD000310,SKU000310,Facebook,Story,limited_stock,2024-12-03 08:52:30,2024-12-03 09:15:30,2258,1046,188,77,294,155,2,published,content_calendar_csv,CONT_ROW_001248
M001,CONT001249,CAMP003542,PROD000263,SKU000263,Email,Email,festive,2024-01-08 08:44:39,2024-01-08 09:17:39,2294,1594,227,97,171,119,4,published,content_calendar_csv,CONT_ROW_001249
M001,CONT001250,CAMP000356,PROD000001,SKU000001,WhatsApp,WhatsApp Broadcast,comfort,2024-11-17 09:33:10,2024-11-17 11:10:10,751,519,50,43,90,172,14,published,content_calendar_csv,CONT_ROW_001250
M001,CONT001251,CAMP000534,PROD000244,SKU000244,Email,Email,limited_stock,2024-03-31 20:18:35,2024-03-31 21:27:35,2599,1445,100,105,78,281,10,published,content_calendar_csv,CONT_ROW_001251
M001,CONT001252,CAMP003202,PROD000007,SKU000007,WhatsApp,WhatsApp Broadcast,new_launch,2024-05-22 23:11:37,2024-05-23 01:02:37,398,256,37,9,20,121,21,failed,content_calendar_csv,CONT_ROW_001252
M001,CONT001253,CAMP002831,PROD000114,SKU000114,Instagram,Static Post,social_proof,2024-07-22 21:07:56,2024-07-22 22:11:56,1428,904,162,47,165,70,2,published,content_calendar_csv,CONT_ROW_001253
M001,CONT001254,CAMP004945,PROD000285,SKU000285,WhatsApp,WhatsApp Broadcast,festive,2024-06-20 20:57:40,2024-06-20 22:12:40,531,238,36,31,57,174,34,published,content_calendar_csv,CONT_ROW_001254
M001,CONT001255,CAMP002211,PROD000001,SKU000001,Facebook,Carousel,festive,2024-10-11 07:57:07,2024-10-11 09:54:07,6401,2613,655,209,318,581,22,published,content_calendar_csv,CONT_ROW_001255
M001,CONT001256,CAMP004674,PROD000311,SKU000311,Facebook,Carousel,everyday_style,2024-06-07 14:35:08,2024-06-07 15:17:08,5541,2805,422,132,435,504,29,published,content_calendar_csv,CONT_ROW_001256
M001,CONT001257,CAMP003719,PROD000013,SKU000013,LinkedIn,Static Post,discount,2024-09-27 22:32:26,2024-09-27 23:59:26,1799,1141,191,89,89,82,1,published,content_calendar_csv,CONT_ROW_001257
M001,CONT001258,CAMP001103,PROD000152,SKU000152,Email,Email,premium,2024-11-12 06:17:16,2024-11-12 08:16:16,2558,1770,211,175,259,334,31,published,content_calendar_csv,CONT_ROW_001258
M001,CONT001259,CAMP002369,PROD000309,SKU000309,WhatsApp,WhatsApp Broadcast,premium,2024-04-20 22:31:43,2024-04-20 23:18:43,485,206,28,13,48,151,11,published,content_calendar_csv,CONT_ROW_001259
M001,CONT001260,CAMP001471,PROD000412,SKU000412,WhatsApp,WhatsApp Broadcast,new_launch,2024-09-14 20:01:30,2024-09-14 21:47:30,522,313,60,18,41,90,19,published,content_calendar_csv,CONT_ROW_001260
M001,CONT001261,NA,PROD000122,SKU000122,Instagram,Carousel,festive,2024-08-17 07:23:19,2024-08-17 09:03:19,12126,7630,488,785,1353,1157,25,published,content_calendar_csv,CONT_ROW_001261
M001,CONT001262,CAMP000078,PROD000308,SKU000308,Facebook,Carousel,limited_stock,2024-03-10 18:05:15,2024-03-10 19:18:15,7519,4892,381,484,244,685,39,published,content_calendar_csv,CONT_ROW_001262
M001,CONT001263,CAMP002423,PROD000270,SKU000270,Instagram,Reel,festive,2024-07-03 23:03:52,2024-07-03 23:46:52,11501,6892,1231,609,1221,281,10,published,content_calendar_csv,CONT_ROW_001263
M001,CONT001264,CAMP000599,PROD000249,SKU000249,LinkedIn,Carousel,festive,2024-02-22 10:41:41,2024-02-22 11:19:41,1833,1119,83,101,244,134,6,published,content_calendar_csv,CONT_ROW_001264
M001,CONT001265,CAMP002316,PROD000145,SKU000145,WhatsApp,WhatsApp Broadcast,everyday_style,2024-03-02 15:46:00,2024-03-02 16:57:00,692,466,61,31,93,139,9,published,content_calendar_csv,CONT_ROW_001265
M001,CONT001266,CAMP004338,PROD000374,SKU000374,Email,Email,comfort,2024-07-16 00:19:09,2024-07-16 02:01:09,2188,1505,127,106,246,298,33,published,content_calendar_csv,CONT_ROW_001266
M001,CONT001267,CAMP003309,PROD000133,SKU000133,Email,Email,social_proof,2024-05-17 23:57:53,2024-05-18 00:00:53,1407,897,131,65,109,128,10,published,content_calendar_csv,CONT_ROW_001267
M001,CONT001268,CAMP003435,PROD000048,SKU000048,WhatsApp,WhatsApp Broadcast,lifestyle,2024-02-25 00:41:08,2024-02-25 01:02:08,275,191,26,13,40,54,6,published,content_calendar_csv,CONT_ROW_001268
M001,CONT001269,CAMP000010,PROD000061,SKU000061,WhatsApp,WhatsApp Broadcast,utility,2024-06-28 23:26:35,2024-06-29 01:14:35,588,352,31,22,73,133,11,published,content_calendar_csv,CONT_ROW_001269
M001,CONT001270,CAMP002253,PROD000026,SKU000026,Facebook,Reel,limited_stock,2024-08-10 11:35:54,2024-08-10 12:27:54,7382,3216,797,413,877,683,38,failed,content_calendar_csv,CONT_ROW_001270
M001,CONT001271,CAMP002857,PROD000194,SKU000194,Instagram,Carousel,utility,2024-01-04 13:30:31,2024-01-04 13:42:31,1084,728,88,82,98,82,4,published,content_calendar_csv,CONT_ROW_001271
M001,CONT001272,CAMP000659,PROD000134,SKU000134,WhatsApp,WhatsApp Broadcast,premium,2024-07-25 00:16:07,2024-07-25 02:06:07,565,320,60,34,45,92,12,published,content_calendar_csv,CONT_ROW_001272
M001,CONT001273,CAMP001448,PROD000103,SKU000103,Instagram,Carousel,social_proof,2024-12-16 18:39:22,2024-12-16 19:53:22,8595,4051,923,233,1104,362,23,published,content_calendar_csv,CONT_ROW_001273
M001,CONT001274,CAMP003827,PROD000495,SKU000495,Email,Email,comfort,2024-11-30 04:58:18,2024-11-30 06:06:18,2767,1834,121,112,325,413,23,published,content_calendar_csv,CONT_ROW_001274
M001,CONT001275,CAMP003004,PROD000219,SKU000219,WhatsApp,WhatsApp Broadcast,premium,2024-02-19 01:00:11,2024-02-19 02:20:11,90,45,6,4,12,12,1,published,content_calendar_csv,CONT_ROW_001275
M001,CONT001276,NA,PROD000029,SKU000029,Email,Email,everyday_style,2024-04-02 07:31:25,2024-04-02 08:02:25,497,340,16,18,16,38,3,published,content_calendar_csv,CONT_ROW_001276
M001,CONT001277,CAMP002046,PROD000136,SKU000136,Facebook,Carousel,comfort,2024-07-06 01:34:28,2024-07-06 01:57:28,522,243,40,25,35,50,1,cancelled,content_calendar_csv,CONT_ROW_001277
M001,CONT001278,CAMP000477,PROD000143,SKU000143,Facebook,Reel,limited_stock,2024-10-20 07:03:55,2024-10-20 07:32:55,6240,2872,584,417,362,152,9,published,content_calendar_csv,CONT_ROW_001278
M001,CONT001279,CAMP004232,PROD000466,SKU000466,Email,Email,premium,2024-08-10 01:43:12,2024-08-10 02:38:12,190,127,11,13,11,35,2,published,content_calendar_csv,CONT_ROW_001279
M001,CONT001280,CAMP000179,PROD000338,SKU000338,WhatsApp,WhatsApp Broadcast,utility,2024-06-10 05:51:55,2024-06-10 06:35:55,463,285,14,10,56,148,35,published,content_calendar_csv,CONT_ROW_001280
M001,CONT001281,CAMP002521,PROD000142,SKU000142,LinkedIn,Static Post,new_launch,2024-03-16 07:49:58,2024-03-16 08:12:58,1628,720,75,57,196,144,9,failed,content_calendar_csv,CONT_ROW_001281
M001,CONT001282,CAMP000144,PROD000345,SKU000345,Facebook,Carousel,limited_stock,2024-12-18 06:28:55,2024-12-18 06:45:55,4416,2323,527,185,234,282,7,published,content_calendar_csv,CONT_ROW_001282
M001,CONT001283,CAMP003805,PROD000001,SKU000001,LinkedIn,Static Post,everyday_style,2024-03-28 04:03:27,2024-03-28 05:19:27,1812,1134,193,51,56,146,3,published,content_calendar_csv,CONT_ROW_001283
M001,CONT001284,CAMP003820,PROD000396,SKU000396,Email,Email,comfort,2024-08-03 15:54:09,2024-08-03 16:22:09,1214,509,120,56,57,156,17,published,content_calendar_csv,CONT_ROW_001284
M001,CONT001285,CAMP000717,PROD000001,SKU000001,Email,Email,limited_stock,2024-06-28 16:48:59,2024-06-28 17:40:59,1102,671,118,69,68,130,9,cancelled,content_calendar_csv,CONT_ROW_001285
M001,CONT001286,CAMP004842,PROD000345,SKU000345,Instagram,Reel,everyday_style,2024-06-27 21:45:29,2024-06-27 22:10:29,5673,3625,321,420,472,119,4,published,content_calendar_csv,CONT_ROW_001286
M001,CONT001287,CAMP002753,PROD000176,SKU000176,Email,Email,lifestyle,2024-08-12 11:43:30,2024-08-12 11:49:30,1542,849,71,96,106,150,8,published,content_calendar_csv,CONT_ROW_001287
M001,CONT001288,CAMP004882,PROD000098,SKU000098,Facebook,Carousel,everyday_style,2024-07-02 19:52:49,2024-07-02 20:28:49,7358,3296,303,381,893,699,18,scheduled,content_calendar_csv,CONT_ROW_001288
M001,CONT001289,NA,PROD000035,SKU000035,Facebook,Static Post,new_launch,2024-03-28 07:08:08,2024-03-28 07:10:08,2551,1753,135,202,288,224,3,published,content_calendar_csv,CONT_ROW_001289
M001,CONT001290,CAMP003615,PROD000203,SKU000203,Email,Email,discount,2024-06-29 06:40:14,2024-06-29 08:25:14,360,196,14,10,35,58,2,published,content_calendar_csv,CONT_ROW_001290
M001,CONT001291,CAMP003427,PROD000074,SKU000074,WhatsApp,WhatsApp Broadcast,new_launch,2024-03-17 23:58:51,2024-03-18 01:21:51,324,160,17,11,16,86,10,failed,content_calendar_csv,CONT_ROW_001291
M001,CONT001292,CAMP001930,PROD000456,SKU000456,Facebook,Story,social_proof,2024-12-24 17:43:14,2024-12-24 19:25:14,2579,1773,217,159,139,136,3,published,content_calendar_csv,CONT_ROW_001292
M001,CONT001293,CAMP004528,PROD000324,SKU000324,Instagram,Carousel,everyday_style,2024-08-16 20:07:26,2024-08-16 21:30:26,7337,4766,376,195,726,313,5,published,content_calendar_csv,CONT_ROW_001293
M001,CONT001294,CAMP000104,PROD000494,SKU000494,Email,Email,limited_stock,2024-01-17 05:53:40,2024-01-17 06:33:40,2171,1291,147,168,277,229,10,published,content_calendar_csv,CONT_ROW_001294
M001,CONT001295,CAMP001948,PROD000165,SKU000165,LinkedIn,Carousel,festive,2024-09-18 20:54:47,2024-09-18 22:30:47,1186,597,136,24,122,32,2,failed,content_calendar_csv,CONT_ROW_001295
M001,CONT001296,CAMP000747,PROD000031,SKU000031,LinkedIn,Carousel,social_proof,2024-10-31 09:01:37,2024-10-31 10:43:37,1469,743,63,78,115,134,7,scheduled,content_calendar_csv,CONT_ROW_001296
M001,CONT001297,CAMP001483,PROD000021,SKU000021,Facebook,Reel,utility,2024-02-08 09:06:22,2024-02-08 09:09:22,6106,3502,641,412,393,206,13,published,content_calendar_csv,CONT_ROW_001297
M001,CONT001298,CAMP003545,PROD000074,SKU000074,WhatsApp,WhatsApp Broadcast,utility,2024-05-27 06:29:04,2024-05-27 08:07:04,691,355,57,29,76,237,51,cancelled,content_calendar_csv,CONT_ROW_001298
M001,CONT001299,CAMP004595,PROD000307,SKU000307,Email,Email,premium,2024-10-23 06:29:51,2024-10-23 06:59:51,2416,1134,137,139,307,406,19,failed,content_calendar_csv,CONT_ROW_001299
M001,CONT001300,CAMP001201,PROD000106,SKU000106,WhatsApp,WhatsApp Broadcast,lifestyle,2024-06-30 09:42:41,2024-06-30 11:17:41,272,143,15,12,26,44,7,published,content_calendar_csv,CONT_ROW_001300
M001,CONT001301,CAMP001522,PROD000128,SKU000128,Instagram,Static Post,limited_stock,2024-12-06 09:17:43,2024-12-06 10:47:43,2756,1113,142,112,342,112,2,published,content_calendar_csv,CONT_ROW_001301
M001,CONT001302,CAMP001594,PROD000007,SKU000007,Email,Email,utility,2024-10-14 14:07:58,2024-10-14 15:43:58,921,581,65,69,40,163,14,published,content_calendar_csv,CONT_ROW_001302
M001,CONT001303,CAMP001793,PROD000002,SKU000002,Email,Email,new_launch,2024-09-22 22:35:13,2024-09-22 23:05:13,611,359,27,36,52,61,6,published,content_calendar_csv,CONT_ROW_001303
M001,CONT001304,CAMP001394,PROD000028,SKU000028,Email,Email,comfort,2024-08-03 04:36:18,2024-08-03 06:36:18,2589,1570,121,183,93,500,21,published,content_calendar_csv,CONT_ROW_001304
M001,CONT001305,CAMP000193,PROD000209,SKU000209,WhatsApp,WhatsApp Broadcast,new_launch,2024-02-16 18:26:18,2024-02-16 20:02:18,426,240,44,20,36,90,4,published,content_calendar_csv,CONT_ROW_001305
M001,CONT001306,CAMP002861,PROD000434,SKU000434,WhatsApp,WhatsApp Broadcast,comfort,2024-06-18 18:49:15,2024-06-18 20:14:15,308,202,23,22,13,91,5,published,content_calendar_csv,CONT_ROW_001306
M001,CONT001307,CAMP002743,PROD000001,SKU000001,Facebook,Carousel,festive,2024-09-12 09:38:51,2024-09-12 11:08:51,1555,993,138,116,123,40,1,published,content_calendar_csv,CONT_ROW_001307
M001,CONT001308,CAMP004109,PROD000261,SKU000261,Instagram,Carousel,comfort,2024-05-06 22:23:43,2024-05-06 23:59:43,10135,4688,679,738,626,625,9,published,content_calendar_csv,CONT_ROW_001308
M001,CONT001309,CAMP003054,PROD000451,SKU000451,WhatsApp,WhatsApp Broadcast,lifestyle,2024-10-05 21:58:29,2024-10-05 23:55:29,539,217,38,13,48,179,39,published,content_calendar_csv,CONT_ROW_001309
M001,CONT001310,CAMP003965,PROD000315,SKU000315,Email,Email,discount,2024-01-19 03:16:46,2024-01-19 04:03:46,1022,695,115,59,49,174,20,scheduled,content_calendar_csv,CONT_ROW_001310
M001,CONT001311,CAMP000423,PROD000163,SKU000163,Facebook,Reel,utility,2024-06-13 21:30:20,2024-06-13 21:54:20,4579,2306,187,290,504,413,16,published,content_calendar_csv,CONT_ROW_001311
M001,CONT001312,CAMP001397,PROD000038,SKU000038,Instagram,Static Post,social_proof,2024-10-09 12:32:23,2024-10-09 14:00:23,1885,1184,192,120,193,45,2,published,content_calendar_csv,CONT_ROW_001312
M001,CONT001313,CAMP001953,PROD000288,SKU000288,Instagram,Reel,social_proof,2024-11-30 07:48:46,2024-11-30 08:49:46,1316,543,149,32,123,78,2,scheduled,content_calendar_csv,CONT_ROW_001313
M001,CONT001314,NA,PROD000309,SKU000309,LinkedIn,Static Post,lifestyle,2024-07-30 01:40:26,2024-07-30 02:54:26,168,77,12,12,19,6,0,scheduled,content_calendar_csv,CONT_ROW_001314
M001,CONT001315,CAMP004396,PROD000445,SKU000445,Instagram,Static Post,social_proof,2024-04-16 04:17:11,2024-04-16 04:30:11,4322,2695,238,212,134,318,22,published,content_calendar_csv,CONT_ROW_001315
M001,CONT001316,CAMP001774,PROD000472,SKU000472,WhatsApp,WhatsApp Broadcast,premium,2024-11-24 15:55:27,2024-11-24 17:11:27,197,132,14,4,17,21,2,published,content_calendar_csv,CONT_ROW_001316
M001,CONT001317,CAMP001327,PROD000186,SKU000186,WhatsApp,WhatsApp Broadcast,festive,2024-05-26 21:07:33,2024-05-26 21:42:33,441,181,16,11,50,142,19,failed,content_calendar_csv,CONT_ROW_001317
M001,CONT001318,CAMP001682,PROD000039,SKU000039,Facebook,Carousel,everyday_style,2024-10-05 04:17:51,2024-10-05 06:00:51,7297,4043,302,514,764,504,17,published,content_calendar_csv,CONT_ROW_001318
M001,CONT001319,CAMP003860,PROD000113,SKU000113,LinkedIn,Static Post,festive,2024-07-08 12:03:54,2024-07-08 13:27:54,560,384,65,36,33,52,2,published,content_calendar_csv,CONT_ROW_001319
M001,CONT001320,CAMP001037,PROD000164,SKU000164,Instagram,Reel,premium,2024-06-26 05:35:12,2024-06-26 07:20:12,652,447,29,27,62,55,2,published,content_calendar_csv,CONT_ROW_001320
M001,CONT001321,CAMP003278,PROD000471,SKU000471,LinkedIn,Static Post,new_launch,2024-07-11 16:04:02,2024-07-11 16:13:02,982,433,78,50,117,46,2,published,content_calendar_csv,CONT_ROW_001321
M001,CONT001322,NA,PROD000335,SKU000335,LinkedIn,Carousel,festive,2024-07-25 04:13:21,2024-07-25 05:57:21,306,194,20,14,39,16,0,published,content_calendar_csv,CONT_ROW_001322
M001,CONT001323,CAMP003000,PROD000001,SKU000001,LinkedIn,Static Post,premium,2024-01-23 07:04:52,2024-01-23 07:13:52,294,175,33,19,41,7,0,scheduled,content_calendar_csv,CONT_ROW_001323
M001,CONT001324,CAMP004428,PROD000456,SKU000456,Email,Email,utility,2024-11-22 02:03:28,2024-11-22 02:47:28,2386,1562,72,167,245,447,38,published,content_calendar_csv,CONT_ROW_001324
M001,CONT001325,CAMP003751,PROD000319,SKU000319,LinkedIn,Carousel,everyday_style,2024-09-16 21:34:40,2024-09-16 22:30:40,1685,676,140,125,180,166,9,published,content_calendar_csv,CONT_ROW_001325
M001,CONT001326,CAMP000708,PROD000418,SKU000418,LinkedIn,Carousel,lifestyle,2024-09-08 23:39:01,2024-09-08 23:42:01,1228,830,108,81,138,77,2,published,content_calendar_csv,CONT_ROW_001326
M001,CONT001327,CAMP001710,PROD000203,SKU000203,LinkedIn,Carousel,utility,2024-12-27 10:47:17,2024-12-27 11:35:17,1475,783,44,83,152,68,1,published,content_calendar_csv,CONT_ROW_001327
M001,CONT001328,CAMP003679,PROD000048,SKU000048,LinkedIn,Static Post,everyday_style,2024-09-14 03:05:52,2024-09-14 03:54:52,338,232,14,21,35,18,1,published,content_calendar_csv,CONT_ROW_001328
M001,CONT001329,CAMP003409,PROD000166,SKU000166,Instagram,Static Post,new_launch,2024-04-26 14:14:33,2024-04-26 14:57:33,3324,2142,231,240,143,226,14,published,content_calendar_csv,CONT_ROW_001329
M001,CONT001330,CAMP001996,PROD000441,SKU000441,Instagram,Static Post,premium,2024-02-15 00:14:29,2024-02-15 00:23:29,3233,1823,124,103,460,94,5,published,content_calendar_csv,CONT_ROW_001330
M001,CONT001331,NA,PROD000208,SKU000208,Facebook,Story,social_proof,2024-12-07 05:04:13,2024-12-07 06:56:13,836,435,68,62,52,63,2,cancelled,content_calendar_csv,CONT_ROW_001331
M001,CONT001332,CAMP002271,PROD000077,SKU000077,Facebook,Story,lifestyle,2024-06-04 14:08:23,2024-06-04 14:23:23,2063,1045,101,161,81,183,2,published,content_calendar_csv,CONT_ROW_001332
M001,CONT001333,CAMP002261,PROD000264,SKU000264,Facebook,Static Post,lifestyle,2024-12-11 12:49:24,2024-12-11 13:43:24,440,277,47,16,56,25,1,scheduled,content_calendar_csv,CONT_ROW_001333
M001,CONT001334,CAMP001322,PROD000115,SKU000115,Email,Email,discount,2024-05-14 16:51:31,2024-05-14 17:07:31,108,62,5,3,11,17,1,failed,content_calendar_csv,CONT_ROW_001334
M001,CONT001335,CAMP003933,PROD000442,SKU000442,Email,Email,premium,2024-11-10 17:04:25,2024-11-10 17:59:25,1763,956,101,85,66,140,6,published,content_calendar_csv,CONT_ROW_001335
M001,CONT001336,CAMP004700,PROD000487,SKU000487,WhatsApp,WhatsApp Broadcast,comfort,2024-11-26 21:56:23,2024-11-26 23:43:23,198,126,6,13,6,26,1,published,content_calendar_csv,CONT_ROW_001336
M001,CONT001337,CAMP003953,PROD000356,SKU000356,Instagram,Carousel,everyday_style,2024-01-08 20:08:43,2024-01-08 20:09:43,7005,3709,775,263,859,354,13,published,content_calendar_csv,CONT_ROW_001337
M001,CONT001338,CAMP004203,PROD000200,SKU000200,Instagram,Carousel,festive,2024-04-02 14:48:29,2024-04-02 16:17:29,13267,8317,1082,617,1897,507,12,published,content_calendar_csv,CONT_ROW_001338
M001,CONT001339,CAMP000343,PROD000373,SKU000373,WhatsApp,WhatsApp Broadcast,discount,2024-07-02 22:30:57,2024-07-02 22:43:57,241,159,24,13,26,71,16,published,content_calendar_csv,CONT_ROW_001339
M001,CONT001340,CAMP003835,PROD000070,SKU000070,Facebook,Static Post,comfort,2024-04-29 22:05:56,2024-04-29 23:26:56,1107,451,109,62,46,38,0,published,content_calendar_csv,CONT_ROW_001340
M001,CONT001341,CAMP001719,PROD000295,SKU000295,LinkedIn,Static Post,limited_stock,2024-03-15 19:43:58,2024-03-15 21:10:58,373,240,37,18,41,14,0,failed,content_calendar_csv,CONT_ROW_001341
M001,CONT001342,CAMP001914,PROD000445,SKU000445,WhatsApp,WhatsApp Broadcast,premium,2024-04-13 05:35:17,2024-04-13 05:39:17,541,366,24,27,22,103,19,published,content_calendar_csv,CONT_ROW_001342
M001,CONT001343,CAMP001359,PROD000254,SKU000254,LinkedIn,Static Post,discount,2024-05-07 19:41:46,2024-05-07 20:49:46,1647,1049,142,86,232,78,5,published,content_calendar_csv,CONT_ROW_001343
M001,CONT001344,CAMP003846,PROD000469,SKU000469,Email,Email,discount,2024-10-17 20:15:48,2024-10-17 20:50:48,919,430,36,65,60,162,8,published,content_calendar_csv,CONT_ROW_001344
M001,CONT001345,CAMP003427,PROD000074,SKU000074,Email,Email,utility,2024-10-29 00:35:19,2024-10-29 02:30:19,1290,587,80,80,105,185,12,published,content_calendar_csv,CONT_ROW_001345
M001,CONT001346,CAMP003619,PROD000044,SKU000044,Instagram,Story,premium,2024-10-06 21:12:03,2024-10-06 23:12:03,4778,2321,371,310,293,143,9,cancelled,content_calendar_csv,CONT_ROW_001346
M001,CONT001347,CAMP000976,PROD000001,SKU000001,Email,Email,limited_stock,2024-10-18 06:12:06,2024-10-18 06:45:06,942,420,31,23,32,147,14,published,content_calendar_csv,CONT_ROW_001347
M001,CONT001348,CAMP002692,PROD000316,SKU000316,Email,Email,premium,2024-02-07 20:00:48,2024-02-07 21:27:48,890,565,86,31,127,174,6,published,content_calendar_csv,CONT_ROW_001348
M001,CONT001349,CAMP000467,PROD000377,SKU000377,Facebook,Carousel,discount,2024-11-28 07:33:02,2024-11-28 09:26:02,7847,3944,290,544,1110,312,16,published,content_calendar_csv,CONT_ROW_001349
M001,CONT001350,CAMP000966,PROD000463,SKU000463,WhatsApp,WhatsApp Broadcast,comfort,2024-03-14 19:45:19,2024-03-14 21:01:19,393,269,21,15,30,52,9,failed,content_calendar_csv,CONT_ROW_001350
M001,CONT001351,CAMP003358,PROD000299,SKU000299,Facebook,Static Post,utility,2024-12-02 23:50:45,2024-12-03 00:26:45,427,271,18,12,21,13,0,published,content_calendar_csv,CONT_ROW_001351
M001,CONT001352,CAMP002239,PROD000100,SKU000100,Email,Email,discount,2024-06-20 22:03:07,2024-06-20 22:55:07,878,490,57,59,123,155,17,published,content_calendar_csv,CONT_ROW_001352
M001,CONT001353,CAMP003488,PROD000246,SKU000246,Facebook,Carousel,festive,2024-05-24 07:58:44,2024-05-24 08:02:44,2901,1505,112,221,116,61,0,published,content_calendar_csv,CONT_ROW_001353
M001,CONT001354,CAMP000917,PROD000106,SKU000106,Instagram,Carousel,discount,2024-03-17 08:18:53,2024-03-17 08:56:53,10351,7074,1178,651,820,571,32,failed,content_calendar_csv,CONT_ROW_001354
M001,CONT001355,CAMP001434,PROD000037,SKU000037,WhatsApp,WhatsApp Broadcast,festive,2024-08-31 12:04:22,2024-08-31 12:31:22,743,424,81,50,35,193,31,published,content_calendar_csv,CONT_ROW_001355
M001,CONT001356,NA,PROD000482,SKU000482,LinkedIn,Static Post,lifestyle,2024-03-13 12:12:03,2024-03-13 13:21:03,129,61,12,9,16,5,0,scheduled,content_calendar_csv,CONT_ROW_001356
M001,CONT001357,CAMP004327,PROD000152,SKU000152,WhatsApp,WhatsApp Broadcast,new_launch,2024-04-29 22:53:31,2024-04-29 22:58:31,664,357,46,39,89,190,32,published,content_calendar_csv,CONT_ROW_001357
M001,CONT001358,CAMP004768,PROD000041,SKU000041,Facebook,Story,discount,2024-09-05 15:16:15,2024-09-05 16:27:15,71,36,8,2,7,2,0,published,content_calendar_csv,CONT_ROW_001358
M001,CONT001359,CAMP003728,PROD000302,SKU000302,Facebook,Story,social_proof,2024-09-01 09:27:30,2024-09-01 10:04:30,1814,1164,148,92,158,107,3,published,content_calendar_csv,CONT_ROW_001359
M001,CONT001360,CAMP000344,PROD000368,SKU000368,Instagram,Reel,premium,2024-12-23 23:04:38,2024-12-24 00:41:38,6304,3164,420,216,484,140,5,published,content_calendar_csv,CONT_ROW_001360
M001,CONT001361,CAMP003070,PROD000402,SKU000402,Email,Email,utility,2024-02-09 12:32:27,2024-02-09 13:04:27,2291,1095,239,68,114,290,16,cancelled,content_calendar_csv,CONT_ROW_001361
M001,CONT001362,CAMP001993,PROD000347,SKU000347,LinkedIn,Static Post,festive,2024-01-17 00:33:19,2024-01-17 01:11:19,1595,842,141,112,191,72,1,published,content_calendar_csv,CONT_ROW_001362
M001,CONT001363,CAMP002695,PROD000283,SKU000283,Instagram,Static Post,social_proof,2024-11-01 16:18:31,2024-11-01 17:32:31,4215,2470,390,97,496,322,13,published,content_calendar_csv,CONT_ROW_001363
M001,CONT001364,CAMP003133,PROD000245,SKU000245,Email,Email,new_launch,2024-11-23 16:49:15,2024-11-23 17:24:15,2268,1348,116,91,99,418,12,published,content_calendar_csv,CONT_ROW_001364
M001,CONT001365,CAMP002123,PROD000320,SKU000320,LinkedIn,Carousel,festive,2024-02-03 08:56:49,2024-02-03 10:01:49,238,127,26,14,17,22,0,cancelled,content_calendar_csv,CONT_ROW_001365
M001,CONT001366,CAMP000689,PROD000337,SKU000337,Facebook,Static Post,comfort,2024-02-06 11:37:49,2024-02-06 12:19:49,2774,1610,283,123,182,216,12,published,content_calendar_csv,CONT_ROW_001366
M001,CONT001367,CAMP003327,PROD000279,SKU000279,Email,Email,everyday_style,2024-05-12 17:51:09,2024-05-12 18:29:09,2370,1023,181,99,305,380,27,published,content_calendar_csv,CONT_ROW_001367
M001,CONT001368,CAMP004257,PROD000499,SKU000499,Email,Email,discount,2024-09-21 12:37:17,2024-09-21 13:03:17,2647,1407,178,176,179,483,20,published,content_calendar_csv,CONT_ROW_001368
M001,CONT001369,CAMP004072,PROD000469,SKU000469,Email,Email,utility,2024-10-18 04:19:18,2024-10-18 05:47:18,983,526,70,33,83,110,9,published,content_calendar_csv,CONT_ROW_001369
M001,CONT001370,CAMP000103,PROD000392,SKU000392,Facebook,Carousel,utility,2024-05-22 00:40:57,2024-05-22 00:49:57,1963,1094,165,47,265,150,6,published,content_calendar_csv,CONT_ROW_001370
M001,CONT001371,CAMP003658,PROD000198,SKU000198,Instagram,Carousel,premium,2024-01-07 13:22:37,2024-01-07 14:32:37,530,266,25,31,60,28,1,published,content_calendar_csv,CONT_ROW_001371
M001,CONT001372,CAMP002286,PROD000358,SKU000358,Facebook,Static Post,festive,2024-07-26 19:30:57,2024-07-26 21:29:57,208,133,22,4,8,15,0,published,content_calendar_csv,CONT_ROW_001372
M001,CONT001373,CAMP000823,PROD000369,SKU000369,Instagram,Carousel,lifestyle,2024-09-26 22:56:15,2024-09-27 00:06:15,12205,5270,1333,413,1577,532,28,published,content_calendar_csv,CONT_ROW_001373
M001,CONT001374,CAMP000505,PROD000290,SKU000290,Instagram,Carousel,new_launch,2024-05-21 23:53:36,2024-05-22 00:51:36,11080,4523,1131,418,649,810,11,published,content_calendar_csv,CONT_ROW_001374
M001,CONT001375,CAMP002156,PROD000179,SKU000179,LinkedIn,Static Post,social_proof,2024-08-20 07:48:01,2024-08-20 09:20:01,654,356,38,18,80,38,1,published,content_calendar_csv,CONT_ROW_001375
M001,CONT001376,CAMP000196,PROD000163,SKU000163,WhatsApp,WhatsApp Broadcast,social_proof,2024-10-07 18:22:51,2024-10-07 19:36:51,516,267,39,21,31,106,17,failed,content_calendar_csv,CONT_ROW_001376
M001,CONT001377,CAMP004311,PROD000390,SKU000390,WhatsApp,WhatsApp Broadcast,social_proof,2024-02-09 16:00:57,2024-02-09 17:11:57,447,216,13,35,64,77,10,published,content_calendar_csv,CONT_ROW_001377
M001,CONT001378,CAMP004176,PROD000266,SKU000266,WhatsApp,WhatsApp Broadcast,premium,2024-06-22 07:07:29,2024-06-22 07:45:29,716,338,31,55,55,235,52,failed,content_calendar_csv,CONT_ROW_001378
M001,CONT001379,CAMP002775,PROD000001,SKU000001,Instagram,Reel,festive,2024-04-06 07:38:01,2024-04-06 08:09:01,2626,1702,312,85,207,243,12,published,content_calendar_csv,CONT_ROW_001379
M001,CONT001380,CAMP004668,PROD000328,SKU000328,WhatsApp,WhatsApp Broadcast,utility,2024-12-04 20:00:42,2024-12-04 21:30:42,199,95,17,14,15,66,12,published,content_calendar_csv,CONT_ROW_001380
M001,CONT001381,CAMP002746,PROD000473,SKU000473,Instagram,Static Post,utility,2024-03-20 02:05:20,2024-03-20 03:00:20,2103,985,191,50,229,86,5,published,content_calendar_csv,CONT_ROW_001381
M001,CONT001382,CAMP000803,PROD000301,SKU000301,WhatsApp,WhatsApp Broadcast,limited_stock,2024-06-22 00:06:08,2024-06-22 00:25:08,22,10,1,1,1,6,0,cancelled,content_calendar_csv,CONT_ROW_001382
M001,CONT001383,CAMP002471,PROD000267,SKU000267,Instagram,Carousel,social_proof,2024-08-02 09:31:54,2024-08-02 11:04:54,6738,4699,430,246,386,456,23,published,content_calendar_csv,CONT_ROW_001383
M001,CONT001384,CAMP004989,PROD000175,SKU000175,Instagram,Static Post,new_launch,2024-09-28 14:21:56,2024-09-28 14:53:56,2692,1268,296,114,89,80,4,published,content_calendar_csv,CONT_ROW_001384
M001,CONT001385,CAMP001988,PROD000001,SKU000001,Facebook,Static Post,limited_stock,2024-12-01 18:21:46,2024-12-01 19:12:46,1799,1248,176,95,55,129,3,published,content_calendar_csv,CONT_ROW_001385
M001,CONT001386,CAMP000592,PROD000038,SKU000038,Email,Email,limited_stock,2024-07-06 07:30:51,2024-07-06 07:58:51,1205,818,88,53,69,87,7,scheduled,content_calendar_csv,CONT_ROW_001386
M001,CONT001387,CAMP000333,PROD000485,SKU000485,Facebook,Carousel,social_proof,2024-10-23 04:56:49,2024-10-23 05:20:49,6709,3941,493,207,702,588,30,published,content_calendar_csv,CONT_ROW_001387
M001,CONT001388,CAMP002382,PROD000443,SKU000443,Instagram,Reel,everyday_style,2024-12-15 20:28:29,2024-12-15 21:02:29,4700,2938,485,227,591,367,16,published,content_calendar_csv,CONT_ROW_001388
M001,CONT001389,NA,PROD000014,SKU000014,WhatsApp,WhatsApp Broadcast,everyday_style,2024-02-19 14:53:50,2024-02-19 16:18:50,490,273,14,30,68,97,23,published,content_calendar_csv,CONT_ROW_001389
M001,CONT001390,CAMP003672,PROD000121,SKU000121,Facebook,Story,comfort,2024-11-30 11:27:22,2024-11-30 13:12:22,1372,810,109,62,157,128,7,published,content_calendar_csv,CONT_ROW_001390
M001,CONT001391,CAMP002183,PROD000369,SKU000369,Facebook,Carousel,social_proof,2024-09-13 12:30:21,2024-09-13 13:43:21,5043,2590,480,356,239,247,6,published,content_calendar_csv,CONT_ROW_001391
M001,CONT001392,CAMP000356,PROD000001,SKU000001,LinkedIn,Static Post,everyday_style,2024-06-13 11:36:44,2024-06-13 12:28:44,646,437,40,19,33,17,1,failed,content_calendar_csv,CONT_ROW_001392
M001,CONT001393,CAMP004466,PROD000001,SKU000001,Email,Email,social_proof,2024-02-12 16:20:57,2024-02-12 17:44:57,2276,973,239,108,101,283,16,cancelled,content_calendar_csv,CONT_ROW_001393
M001,CONT001394,CAMP002012,PROD000006,SKU000006,WhatsApp,WhatsApp Broadcast,festive,2024-05-07 15:42:46,2024-05-07 16:22:46,500,288,29,13,22,72,4,published,content_calendar_csv,CONT_ROW_001394
M001,CONT001395,CAMP003411,PROD000016,SKU000016,LinkedIn,Carousel,social_proof,2024-05-21 13:26:52,2024-05-21 14:02:52,717,316,57,15,33,37,1,scheduled,content_calendar_csv,CONT_ROW_001395
M001,CONT001396,CAMP003802,PROD000020,SKU000020,LinkedIn,Static Post,everyday_style,2024-10-09 04:37:29,2024-10-09 05:06:29,508,287,39,15,40,37,2,published,content_calendar_csv,CONT_ROW_001396
M001,CONT001397,CAMP000060,PROD000180,SKU000180,WhatsApp,WhatsApp Broadcast,utility,2024-04-26 19:54:38,2024-04-26 20:41:38,627,428,34,48,56,64,14,published,content_calendar_csv,CONT_ROW_001397
M001,CONT001398,CAMP004970,PROD000129,SKU000129,Instagram,Static Post,utility,2024-05-04 01:34:25,2024-05-04 02:28:25,3795,2416,259,228,163,283,11,scheduled,content_calendar_csv,CONT_ROW_001398
M001,CONT001399,CAMP001841,PROD000053,SKU000053,Facebook,Carousel,comfort,2024-02-24 09:46:01,2024-02-24 10:39:01,905,382,95,36,65,59,3,cancelled,content_calendar_csv,CONT_ROW_001399
M001,CONT001400,CAMP004397,PROD000025,SKU000025,WhatsApp,WhatsApp Broadcast,festive,2024-07-05 19:34:27,2024-07-05 19:59:27,650,345,73,48,41,117,26,published,content_calendar_csv,CONT_ROW_001400
M001,CONT001401,CAMP001650,PROD000083,SKU000083,Facebook,Story,comfort,2024-07-25 16:22:37,2024-07-25 16:33:37,2421,1320,267,176,187,160,6,published,content_calendar_csv,CONT_ROW_001401
M001,CONT001402,CAMP001618,PROD000160,SKU000160,WhatsApp,WhatsApp Broadcast,social_proof,2024-12-12 08:13:24,2024-12-12 10:11:24,287,170,20,17,25,98,5,published,content_calendar_csv,CONT_ROW_001402
M001,CONT001403,CAMP004373,PROD000233,SKU000233,Instagram,Static Post,lifestyle,2024-07-17 03:32:35,2024-07-17 05:03:35,4343,1923,243,347,465,232,3,published,content_calendar_csv,CONT_ROW_001403
M001,CONT001404,CAMP002615,PROD000366,SKU000366,Email,Email,everyday_style,2024-09-24 09:13:28,2024-09-24 09:32:28,1728,868,74,106,229,249,21,published,content_calendar_csv,CONT_ROW_001404
M001,CONT001405,CAMP001366,PROD000286,SKU000286,Email,Email,everyday_style,2024-04-07 22:15:15,2024-04-07 23:58:15,146,60,11,3,18,22,1,published,content_calendar_csv,CONT_ROW_001405
M001,CONT001406,CAMP002798,PROD000331,SKU000331,Email,Email,festive,2024-01-01 10:43:46,2024-01-01 11:17:46,1593,859,105,93,184,191,7,published,content_calendar_csv,CONT_ROW_001406
M001,CONT001407,CAMP000877,PROD000001,SKU000001,Instagram,Static Post,everyday_style,2024-10-05 06:40:17,2024-10-05 08:09:17,1840,842,97,65,93,68,3,published,content_calendar_csv,CONT_ROW_001407
M001,CONT001408,CAMP002593,PROD000107,SKU000107,Email,Email,limited_stock,2024-07-15 11:19:07,2024-07-15 12:18:07,1831,824,63,111,114,174,16,published,content_calendar_csv,CONT_ROW_001408
M001,CONT001409,CAMP002071,PROD000071,SKU000071,Facebook,Reel,social_proof,2024-02-13 09:41:34,2024-02-13 11:29:34,2582,1803,154,158,252,109,5,cancelled,content_calendar_csv,CONT_ROW_001409
M001,CONT001410,CAMP003657,PROD000185,SKU000185,Facebook,Carousel,utility,2024-11-02 18:03:22,2024-11-02 18:33:22,5243,3603,539,330,188,327,17,published,content_calendar_csv,CONT_ROW_001410
M001,CONT001411,CAMP004568,PROD000346,SKU000346,Instagram,Static Post,new_launch,2024-06-08 23:25:09,2024-06-09 01:18:09,4521,2980,418,107,627,251,2,published,content_calendar_csv,CONT_ROW_001411
M001,CONT001412,CAMP001982,PROD000139,SKU000139,Email,Email,everyday_style,2024-02-07 09:55:48,2024-02-07 11:25:48,577,315,66,27,38,91,3,scheduled,content_calendar_csv,CONT_ROW_001412
M001,CONT001413,CAMP003254,PROD000405,SKU000405,LinkedIn,Carousel,comfort,2024-12-09 18:37:00,2024-12-09 19:20:00,1213,513,63,90,143,57,3,published,content_calendar_csv,CONT_ROW_001413
M001,CONT001414,CAMP004201,PROD000408,SKU000408,Instagram,Static Post,discount,2024-05-02 01:18:04,2024-05-02 01:29:04,1300,777,119,50,44,96,3,published,content_calendar_csv,CONT_ROW_001414
M001,CONT001415,CAMP001368,PROD000328,SKU000328,Email,Email,festive,2024-03-31 05:03:09,2024-03-31 06:25:09,1850,1014,152,64,233,235,12,published,content_calendar_csv,CONT_ROW_001415
M001,CONT001416,CAMP002715,PROD000001,SKU000001,Instagram,Static Post,new_launch,2024-01-14 05:35:37,2024-01-14 06:40:37,2729,1829,121,136,249,206,8,published,content_calendar_csv,CONT_ROW_001416
M001,CONT001417,CAMP003299,PROD000482,SKU000482,LinkedIn,Static Post,new_launch,2024-11-10 03:02:23,2024-11-10 04:23:23,1312,833,60,46,113,57,1,published,content_calendar_csv,CONT_ROW_001417
M001,CONT001418,CAMP000132,PROD000411,SKU000411,LinkedIn,Carousel,everyday_style,2024-01-27 10:06:00,2024-01-27 10:35:00,282,114,17,19,39,11,0,failed,content_calendar_csv,CONT_ROW_001418
M001,CONT001419,CAMP001032,PROD000099,SKU000099,Facebook,Story,festive,2024-11-01 07:03:49,2024-11-01 08:51:49,768,420,73,18,102,42,1,failed,content_calendar_csv,CONT_ROW_001419
M001,CONT001420,CAMP001769,PROD000361,SKU000361,Facebook,Static Post,new_launch,2024-10-06 08:06:42,2024-10-06 08:09:42,81,36,6,3,6,1,0,published,content_calendar_csv,CONT_ROW_001420
M001,CONT001421,NA,PROD000114,SKU000114,Instagram,Carousel,everyday_style,2024-06-06 20:35:41,2024-06-06 20:47:41,14155,9203,1326,378,1048,337,16,published,content_calendar_csv,CONT_ROW_001421
M001,CONT001422,CAMP002883,PROD000465,SKU000465,Facebook,Carousel,new_launch,2024-11-24 18:09:54,2024-11-24 19:57:54,4435,1953,253,259,215,351,4,published,content_calendar_csv,CONT_ROW_001422
M001,CONT001423,CAMP004752,PROD000256,SKU000256,LinkedIn,Carousel,everyday_style,2024-10-02 12:45:27,2024-10-02 13:59:27,1403,828,91,89,155,70,2,published,content_calendar_csv,CONT_ROW_001423
M001,CONT001424,CAMP001567,PROD000415,SKU000415,Instagram,Static Post,new_launch,2024-01-24 17:18:38,2024-01-24 18:00:38,453,228,30,12,42,10,0,published,content_calendar_csv,CONT_ROW_001424
M001,CONT001425,CAMP003983,PROD000213,SKU000213,WhatsApp,WhatsApp Broadcast,comfort,2024-04-19 16:19:29,2024-04-19 17:30:29,490,228,43,17,37,72,10,published,content_calendar_csv,CONT_ROW_001425
M001,CONT001426,CAMP002389,PROD000228,SKU000228,WhatsApp,WhatsApp Broadcast,festive,2024-07-13 16:49:04,2024-07-13 18:22:04,569,328,57,16,41,139,15,published,content_calendar_csv,CONT_ROW_001426
M001,CONT001427,CAMP000156,PROD000497,SKU000497,LinkedIn,Carousel,comfort,2024-01-01 16:12:25,2024-01-01 16:53:25,807,443,60,38,60,62,1,published,content_calendar_csv,CONT_ROW_001427
M001,CONT001428,CAMP002959,PROD000225,SKU000225,Email,Email,lifestyle,2024-10-08 07:19:41,2024-10-08 07:52:41,2005,822,83,98,215,200,13,published,content_calendar_csv,CONT_ROW_001428
M001,CONT001429,CAMP002046,PROD000136,SKU000136,Facebook,Static Post,utility,2024-07-07 07:14:11,2024-07-07 09:09:11,527,249,29,35,22,15,0,published,content_calendar_csv,CONT_ROW_001429
M001,CONT001430,CAMP000216,PROD000402,SKU000402,LinkedIn,Static Post,comfort,2024-04-26 04:19:50,2024-04-26 05:45:50,530,262,20,32,78,14,0,published,content_calendar_csv,CONT_ROW_001430
M001,CONT001431,CAMP001957,PROD000385,SKU000385,Instagram,Reel,premium,2024-12-29 03:42:04,2024-12-29 05:03:04,4750,2155,455,271,529,214,6,published,content_calendar_csv,CONT_ROW_001431
M001,CONT001432,CAMP001175,PROD000432,SKU000432,Email,Email,social_proof,2024-08-02 16:23:22,2024-08-02 17:02:22,2292,1547,105,73,300,285,17,published,content_calendar_csv,CONT_ROW_001432
M001,CONT001433,CAMP001817,PROD000095,SKU000095,LinkedIn,Static Post,utility,2024-02-10 16:44:46,2024-02-10 18:12:46,1464,872,154,76,115,65,2,published,content_calendar_csv,CONT_ROW_001433
M001,CONT001434,CAMP000734,PROD000246,SKU000246,Instagram,Static Post,everyday_style,2024-03-06 15:49:06,2024-03-06 16:54:06,1429,693,95,92,134,60,1,published,content_calendar_csv,CONT_ROW_001434
M001,CONT001435,CAMP001881,PROD000001,SKU000001,LinkedIn,Carousel,social_proof,2024-07-11 04:26:58,2024-07-11 05:47:58,482,247,56,14,21,9,0,published,content_calendar_csv,CONT_ROW_001435
M001,CONT001436,CAMP003657,PROD000185,SKU000185,Facebook,Reel,premium,2024-01-23 03:07:20,2024-01-23 05:00:20,6639,3168,269,159,852,391,16,published,content_calendar_csv,CONT_ROW_001436
M001,CONT001437,CAMP004228,PROD000361,SKU000361,LinkedIn,Static Post,limited_stock,2024-11-07 10:21:55,2024-11-07 11:54:55,1013,510,67,58,109,42,2,published,content_calendar_csv,CONT_ROW_001437
M001,CONT001438,CAMP001792,PROD000115,SKU000115,LinkedIn,Static Post,premium,2024-04-03 21:23:43,2024-04-03 22:01:43,916,613,58,24,43,77,3,published,content_calendar_csv,CONT_ROW_001438
M001,CONT001439,CAMP001787,PROD000097,SKU000097,Facebook,Carousel,discount,2024-03-28 06:45:56,2024-03-28 08:20:56,3843,2349,322,253,341,86,3,published,content_calendar_csv,CONT_ROW_001439
M001,CONT001440,CAMP000787,PROD000327,SKU000327,WhatsApp,WhatsApp Broadcast,festive,2024-01-11 23:15:08,2024-01-12 00:11:08,213,103,23,8,23,46,7,published,content_calendar_csv,CONT_ROW_001440
M001,CONT001441,CAMP002518,PROD000318,SKU000318,Facebook,Reel,social_proof,2024-10-24 09:46:55,2024-10-24 11:15:55,4202,2816,241,264,378,257,5,published,content_calendar_csv,CONT_ROW_001441
M001,CONT001442,CAMP004264,PROD000211,SKU000211,WhatsApp,WhatsApp Broadcast,utility,2024-08-09 16:28:04,2024-08-09 17:02:04,22,11,1,1,2,6,1,scheduled,content_calendar_csv,CONT_ROW_001442
M001,CONT001443,CAMP002279,PROD000012,SKU000012,Facebook,Carousel,everyday_style,2024-03-20 17:48:28,2024-03-20 19:38:28,6406,3515,257,422,225,181,10,published,content_calendar_csv,CONT_ROW_001443
M001,CONT001444,CAMP001918,PROD000076,SKU000076,Instagram,Carousel,lifestyle,2024-08-07 08:12:23,2024-08-07 09:01:23,4251,2690,360,284,462,317,21,published,content_calendar_csv,CONT_ROW_001444
M001,CONT001445,CAMP002332,PROD000031,SKU000031,Email,Email,everyday_style,2024-12-08 10:21:51,2024-12-08 10:25:51,1748,1193,179,138,100,265,12,published,content_calendar_csv,CONT_ROW_001445
M001,CONT001446,CAMP000749,PROD000344,SKU000344,WhatsApp,WhatsApp Broadcast,festive,2024-10-21 17:14:04,2024-10-21 18:58:04,258,138,23,9,30,88,10,published,content_calendar_csv,CONT_ROW_001446
M001,CONT001447,CAMP000526,PROD000411,SKU000411,Facebook,Reel,discount,2024-08-26 07:41:34,2024-08-26 08:32:34,1192,548,39,93,128,104,4,published,content_calendar_csv,CONT_ROW_001447
M001,CONT001448,CAMP000445,PROD000215,SKU000215,Instagram,Story,everyday_style,2024-11-28 01:53:25,2024-11-28 02:48:25,2471,1299,290,168,124,90,3,published,content_calendar_csv,CONT_ROW_001448
M001,CONT001449,CAMP000761,PROD000380,SKU000380,LinkedIn,Carousel,festive,2024-11-23 04:33:32,2024-11-23 04:39:32,822,558,48,47,66,33,1,published,content_calendar_csv,CONT_ROW_001449
M001,CONT001450,CAMP003105,PROD000120,SKU000120,Email,Email,utility,2024-11-30 22:31:11,2024-11-30 23:06:11,284,138,14,20,21,47,1,published,content_calendar_csv,CONT_ROW_001450
M001,CONT001451,CAMP001845,PROD000041,SKU000041,LinkedIn,Carousel,limited_stock,2024-11-24 16:32:46,2024-11-24 18:09:46,1703,1184,189,46,77,44,1,published,content_calendar_csv,CONT_ROW_001451
M001,CONT001452,CAMP001920,PROD000209,SKU000209,Facebook,Static Post,festive,2024-03-14 16:12:22,2024-03-14 17:30:22,424,263,21,10,40,31,1,published,content_calendar_csv,CONT_ROW_001452
M001,CONT001453,CAMP002651,PROD000269,SKU000269,Facebook,Story,limited_stock,2024-10-25 09:07:13,2024-10-25 10:51:13,1282,879,62,86,146,121,7,published,content_calendar_csv,CONT_ROW_001453
M001,CONT001454,CAMP003131,PROD000473,SKU000473,Instagram,Carousel,lifestyle,2024-03-25 03:48:20,2024-03-25 03:56:20,598,410,58,46,75,22,1,published,content_calendar_csv,CONT_ROW_001454
M001,CONT001455,CAMP003849,PROD000415,SKU000415,Instagram,Reel,lifestyle,2024-07-14 00:08:34,2024-07-14 00:21:34,6215,2656,337,362,891,478,28,published,content_calendar_csv,CONT_ROW_001455
M001,CONT001456,CAMP001078,PROD000150,SKU000150,LinkedIn,Static Post,limited_stock,2024-06-08 12:50:27,2024-06-08 14:09:27,220,125,7,14,14,18,1,published,content_calendar_csv,CONT_ROW_001456
M001,CONT001457,CAMP000807,PROD000002,SKU000002,LinkedIn,Static Post,premium,2024-08-18 00:23:09,2024-08-18 00:24:09,755,387,23,56,45,55,2,published,content_calendar_csv,CONT_ROW_001457
M001,CONT001458,NA,PROD000343,SKU000343,WhatsApp,WhatsApp Broadcast,limited_stock,2024-06-05 05:51:48,2024-06-05 06:02:48,692,441,81,20,51,185,20,published,content_calendar_csv,CONT_ROW_001458
M001,CONT001459,CAMP001180,PROD000244,SKU000244,Instagram,Carousel,new_launch,2024-09-30 00:28:47,2024-09-30 00:38:47,948,489,101,70,105,84,1,published,content_calendar_csv,CONT_ROW_001459
M001,CONT001460,CAMP001542,PROD000261,SKU000261,Facebook,Reel,limited_stock,2024-09-27 15:57:53,2024-09-27 16:53:53,1189,750,87,73,79,103,1,published,content_calendar_csv,CONT_ROW_001460
M001,CONT001461,CAMP004946,PROD000087,SKU000087,WhatsApp,WhatsApp Broadcast,utility,2024-12-15 08:34:13,2024-12-15 08:48:13,695,335,51,38,88,178,37,cancelled,content_calendar_csv,CONT_ROW_001461
M001,CONT001462,CAMP003166,PROD000071,SKU000071,WhatsApp,WhatsApp Broadcast,utility,2024-02-22 15:34:14,2024-02-22 17:06:14,164,88,18,5,20,47,10,published,content_calendar_csv,CONT_ROW_001462
M001,CONT001463,CAMP000575,PROD000396,SKU000396,Instagram,Static Post,premium,2024-08-12 12:44:13,2024-08-12 13:10:13,1667,1085,107,85,133,140,2,published,content_calendar_csv,CONT_ROW_001463
M001,CONT001464,NA,PROD000168,SKU000168,LinkedIn,Static Post,utility,2024-02-07 14:31:49,2024-02-07 15:31:49,109,61,7,2,8,5,0,published,content_calendar_csv,CONT_ROW_001464
M001,CONT001465,NA,PROD000336,SKU000336,LinkedIn,Static Post,utility,2024-11-13 05:51:22,2024-11-13 06:28:22,1010,676,96,47,53,71,4,published,content_calendar_csv,CONT_ROW_001465
M001,CONT001466,CAMP004158,PROD000001,SKU000001,WhatsApp,WhatsApp Broadcast,everyday_style,2024-01-31 02:07:33,2024-01-31 03:08:33,244,107,20,16,11,51,4,scheduled,content_calendar_csv,CONT_ROW_001466
M001,CONT001467,NA,PROD000102,SKU000102,Email,Email,social_proof,2024-04-14 22:09:01,2024-04-14 23:33:01,83,37,3,2,7,5,0,published,content_calendar_csv,CONT_ROW_001467
M001,CONT001468,CAMP002685,PROD000438,SKU000438,WhatsApp,WhatsApp Broadcast,festive,2024-04-21 17:42:40,2024-04-21 17:53:40,253,128,28,15,8,32,1,published,content_calendar_csv,CONT_ROW_001468
M001,CONT001469,CAMP000214,PROD000226,SKU000226,Instagram,Story,new_launch,2024-02-23 03:00:52,2024-02-23 03:49:52,1152,660,105,91,125,81,3,published,content_calendar_csv,CONT_ROW_001469
M001,CONT001470,CAMP002572,PROD000178,SKU000178,Instagram,Story,utility,2024-03-10 23:46:17,2024-03-11 00:21:17,4222,2947,283,167,337,296,16,published,content_calendar_csv,CONT_ROW_001470
M001,CONT001471,CAMP004300,PROD000001,SKU000001,WhatsApp,WhatsApp Broadcast,discount,2024-09-17 22:11:26,2024-09-17 22:22:26,608,255,19,32,76,106,11,published,content_calendar_csv,CONT_ROW_001471
M001,CONT001472,CAMP003614,PROD000303,SKU000303,Instagram,Static Post,lifestyle,2024-01-30 20:19:55,2024-01-30 20:41:55,1381,788,137,94,63,97,3,published,content_calendar_csv,CONT_ROW_001472
M001,CONT001473,CAMP000838,PROD000430,SKU000430,Instagram,Reel,utility,2024-03-23 23:59:53,2024-03-24 01:19:53,4164,2768,393,121,572,207,6,published,content_calendar_csv,CONT_ROW_001473
M001,CONT001474,CAMP004094,PROD000464,SKU000464,Instagram,Carousel,comfort,2024-01-18 20:30:46,2024-01-18 22:18:46,3689,1531,398,141,393,348,19,published,content_calendar_csv,CONT_ROW_001474
M001,CONT001475,CAMP001024,PROD000002,SKU000002,Email,Email,premium,2024-12-30 14:22:25,2024-12-30 15:09:25,1605,830,170,75,65,200,18,published,content_calendar_csv,CONT_ROW_001475
M001,CONT001476,CAMP002871,PROD000482,SKU000482,Email,Email,festive,2024-11-11 06:37:26,2024-11-11 07:53:26,1713,781,149,135,209,134,7,published,content_calendar_csv,CONT_ROW_001476
M001,CONT001477,CAMP003663,PROD000237,SKU000237,Facebook,Static Post,lifestyle,2024-03-08 06:42:14,2024-03-08 07:33:14,883,608,91,51,123,79,1,scheduled,content_calendar_csv,CONT_ROW_001477
M001,CONT001478,CAMP000341,PROD000468,SKU000468,Email,Email,festive,2024-12-01 17:45:42,2024-12-01 18:02:42,2945,1425,142,235,387,279,19,published,content_calendar_csv,CONT_ROW_001478
M001,CONT001479,CAMP001142,PROD000403,SKU000403,Facebook,Carousel,social_proof,2024-05-07 12:10:12,2024-05-07 13:02:12,3907,2121,357,292,169,305,14,published,content_calendar_csv,CONT_ROW_001479
M001,CONT001480,CAMP000594,PROD000293,SKU000293,LinkedIn,Carousel,limited_stock,2024-01-31 13:42:28,2024-01-31 15:18:28,327,143,28,9,14,12,0,published,content_calendar_csv,CONT_ROW_001480
M001,CONT001481,CAMP003937,PROD000345,SKU000345,Instagram,Static Post,lifestyle,2024-03-17 19:35:30,2024-03-17 19:38:30,1791,1218,114,100,83,108,2,published,content_calendar_csv,CONT_ROW_001481
M001,CONT001482,CAMP004511,PROD000092,SKU000092,WhatsApp,WhatsApp Broadcast,limited_stock,2024-12-18 04:31:46,2024-12-18 06:20:46,518,224,41,21,55,167,27,published,content_calendar_csv,CONT_ROW_001482
M001,CONT001483,CAMP000904,PROD000367,SKU000367,WhatsApp,WhatsApp Broadcast,limited_stock,2024-03-02 17:33:28,2024-03-02 19:09:28,107,43,9,6,5,29,6,published,content_calendar_csv,CONT_ROW_001483
M001,CONT001484,CAMP003702,PROD000457,SKU000457,Instagram,Carousel,premium,2024-02-09 10:33:08,2024-02-09 10:41:08,7719,3959,673,208,500,300,16,published,content_calendar_csv,CONT_ROW_001484
M001,CONT001485,CAMP003480,PROD000256,SKU000256,WhatsApp,WhatsApp Broadcast,lifestyle,2024-07-19 11:51:03,2024-07-19 11:53:03,622,401,25,20,50,95,16,published,content_calendar_csv,CONT_ROW_001485
M001,CONT001486,CAMP003570,PROD000001,SKU000001,WhatsApp,WhatsApp Broadcast,social_proof,2024-02-21 05:19:47,2024-02-21 05:37:47,217,91,15,15,15,74,17,published,content_calendar_csv,CONT_ROW_001486
M001,CONT001487,NA,PROD000403,SKU000403,Instagram,Story,premium,2024-07-17 10:02:57,2024-07-17 11:56:57,4843,3117,254,184,713,261,5,published,content_calendar_csv,CONT_ROW_001487
M001,CONT001488,CAMP001514,PROD000299,SKU000299,Facebook,Carousel,everyday_style,2024-05-19 03:06:57,2024-05-19 04:18:57,1461,747,145,114,160,70,2,published,content_calendar_csv,CONT_ROW_001488
M001,CONT001489,CAMP002695,PROD000283,SKU000283,LinkedIn,Carousel,utility,2024-07-20 13:17:30,2024-07-20 14:01:30,1162,693,104,55,37,94,2,published,content_calendar_csv,CONT_ROW_001489
M001,CONT001490,CAMP004663,PROD000318,SKU000318,LinkedIn,Carousel,festive,2024-12-30 07:14:25,2024-12-30 08:52:25,455,184,44,14,14,42,2,published,content_calendar_csv,CONT_ROW_001490
M001,CONT001491,CAMP004106,PROD000118,SKU000118,WhatsApp,WhatsApp Broadcast,comfort,2024-11-25 20:34:13,2024-11-25 20:40:13,263,179,26,13,26,32,2,cancelled,content_calendar_csv,CONT_ROW_001491
M001,CONT001492,CAMP000122,PROD000001,SKU000001,WhatsApp,WhatsApp Broadcast,new_launch,2024-04-21 12:31:55,2024-04-21 13:16:55,750,363,74,33,61,231,39,published,content_calendar_csv,CONT_ROW_001492
M001,CONT001493,CAMP004547,PROD000092,SKU000092,Facebook,Static Post,lifestyle,2024-06-30 07:59:49,2024-06-30 09:10:49,2077,986,168,150,305,155,3,published,content_calendar_csv,CONT_ROW_001493
M001,CONT001494,CAMP000393,PROD000209,SKU000209,Email,Email,premium,2024-04-27 10:01:41,2024-04-27 10:47:41,2832,1534,286,58,175,387,25,scheduled,content_calendar_csv,CONT_ROW_001494
M001,CONT001495,CAMP001695,PROD000450,SKU000450,LinkedIn,Static Post,lifestyle,2024-10-13 11:22:10,2024-10-13 11:25:10,37,17,4,0,5,1,0,published,content_calendar_csv,CONT_ROW_001495
M001,CONT001496,CAMP000296,PROD000247,SKU000247,LinkedIn,Static Post,festive,2024-11-12 05:53:38,2024-11-12 07:36:38,1982,1378,91,134,265,128,5,published,content_calendar_csv,CONT_ROW_001496
M001,CONT001497,CAMP001825,PROD000045,SKU000045,Facebook,Carousel,social_proof,2024-03-07 10:49:08,2024-03-07 12:35:08,7044,4371,380,148,373,574,38,published,content_calendar_csv,CONT_ROW_001497
M001,CONT001498,NA,PROD000251,SKU000251,Facebook,Carousel,new_launch,2024-03-04 20:28:05,2024-03-04 21:05:05,6762,3468,363,421,823,160,3,published,content_calendar_csv,CONT_ROW_001498
M001,CONT001499,CAMP001327,PROD000186,SKU000186,Email,Email,limited_stock,2024-03-19 00:34:47,2024-03-19 02:12:47,708,375,67,31,60,106,3,scheduled,content_calendar_csv,CONT_ROW_001499
M001,CONT001500,CAMP004254,PROD000279,SKU000279,Facebook,Carousel,everyday_style,2024-07-06 04:14:28,2024-07-06 05:23:28,3337,1701,131,176,229,231,15,published,content_calendar_csv,CONT_ROW_001500
