merchant_id,customer_id,customer_city,locality,pincode,region,customer_type,age_group,gender,signup_date,total_orders,lifetime_value,preferred_channel,last_purchase_date,source,source_row_id
M001,CUST000001,Ahmedabad,Bopal,380058,West,Returning,25-34,Male,2024-09-11,13,9871.36,Instagram,2024-11-30,customer_csv,CUST_ROW_000001
M001,CUST000002,Bangalore,Hebbal,560024,South,Returning,18-24,Male,2024-12-06,19,21425.35,Facebook,2024-03-15,customer_csv,CUST_ROW_000002
M001,CUST000003,Pune,Viman Nagar,411014,West,New,25-34,Female,2023-07-08,3,1859.28,Instagram,2024-01-16,customer_csv,CUST_ROW_000003
M001,CUST000004,Ahmedabad,Vastrapur,380054,West,New,35-44,Female,2024-10-14,3,827.94,Instagram,2024-03-08,customer_csv,CUST_ROW_000004
M001,CUST000005,Bangalore,Yelahanka,560064,South,Returning,25-34,Female,2024-09-02,10,5847.3,Instagram,2024-02-10,customer_csv,CUST_ROW_000005
M001,CUST000006,Jaipur,Vaishali Nagar,302021,North,Returning,25-34,Female,2024-01-18,8,8653.63,Facebook,2024-03-11,customer_csv,CUST_ROW_000006
M001,CUST000007,Bangalore,HSR Layout,560102,South,New,35-44,Male,2023-10-04,4,1245.11,WhatsApp,2024-04-13,customer_csv,CUST_ROW_000007
M001,CUST000008,Delhi,Lajpat Nagar,110024,North,High-Value,55+,Female,2024-05-16,51,115949.38,Google Ads,2024-08-06,customer_csv,CUST_ROW_000008
M001,CUST000009,Bangalore,Koramangala,560034,South,Returning,35-44,Female,2024-02-08,20,16403.69,Email,2024-01-20,customer_csv,CUST_ROW_000009
M001,CUST000010,Bangalore,Electronic City,560100,South,Returning,45-54,Female,2023-09-09,19,15775.61,Google Ads,2024-01-21,customer_csv,CUST_ROW_000010
M001,CUST000011,Bangalore,Hebbal,560024,South,Returning,55+,Male,2024-03-26,15,16612.77,WhatsApp,2024-05-26,customer_csv,CUST_ROW_000011
M001,CUST000012,Bangalore,JP Nagar,560078,South,New,45-54,Female,2023-05-26,4,2459.79,Facebook,2024-09-13,customer_csv,CUST_ROW_000012
M001,CUST000013,Bangalore,Yelahanka,560064,South,High-Value,35-44,Male,2024-02-28,51,79891.8,Facebook,2024-10-29,customer_csv,CUST_ROW_000013
M001,CUST000014,Hyderabad,Jubilee Hills,500033,South,New,25-34,Female,2024-12-29,2,1118.37,Instagram,2024-02-28,customer_csv,CUST_ROW_000014
M001,CUST000015,Chennai,T Nagar,600017,South,Returning,25-34,Female,2024-06-07,8,5623.54,Facebook,2024-03-28,customer_csv,CUST_ROW_000015
M001,CUST000016,Pune,Hinjewadi,411057,West,High-Value,18-24,Female,2024-03-05,49,64982.87,LinkedIn,2024-08-16,customer_csv,CUST_ROW_000016
M001,CUST000017,Bangalore,Whitefield,560066,South,New,18-24,Male,2024-09-29,3,618.31,Facebook,2024-09-12,customer_csv,CUST_ROW_000017
M001,CUST000018,Bangalore,Koramangala,560034,South,Returning,25-34,Male,2024-11-06,18,13733.83,Facebook,2024-11-03,customer_csv,CUST_ROW_000018
M001,CUST000019,Bangalore,HSR Layout,560102,South,High-Value,18-24,Female,2023-08-01,16,17827.65,Instagram,2024-06-27,customer_csv,CUST_ROW_000019
M001,CUST000020,Bangalore,Koramangala,560034,South,Returning,35-44,Male,2023-03-31,4,1948.44,Google Ads,2024-03-23,customer_csv,CUST_ROW_000020
M001,CUST000021,Kochi,Kakkanad,682030,South,High-Value,35-44,Male,2023-02-06,21,44235.88,WhatsApp,2024-07-13,customer_csv,CUST_ROW_000021
M001,CUST000022,Ahmedabad,Satellite,380015,West,New,25-34,Male,2023-10-09,3,1390.58,Facebook,2024-12-22,customer_csv,CUST_ROW_000022
M001,CUST000023,Bangalore,Koramangala,560034,South,New,35-44,Female,2023-03-31,4,2248.15,Facebook,2024-12-27,customer_csv,CUST_ROW_000023
M001,CUST000024,Bangalore,Yelahanka,560064,South,High-Value,18-24,Female,2024-09-30,55,130684.35,Email,2024-09-11,customer_csv,CUST_ROW_000024
M001,CUST000025,Bangalore,MG Road,560001,South,Returning,35-44,Female,2023-08-27,12,14200.87,Instagram,2024-01-13,customer_csv,CUST_ROW_000025
M001,CUST000026,Bangalore,Indiranagar,560038,South,Returning,18-24,Female,2024-02-29,16,6982.3,Facebook,2024-11-22,customer_csv,CUST_ROW_000026
M001,CUST000027,Bangalore,MG Road,560001,South,New,18-24,Female,2023-11-12,3,1360.03,Instagram,2024-01-04,customer_csv,CUST_ROW_000027
M001,CUST000028,Bangalore,Jayanagar,560041,South,New,35-44,Female,2023-01-30,2,594.02,Email,2024-12-10,customer_csv,CUST_ROW_000028
M001,CUST000029,Bangalore,Electronic City,560100,South,Returning,25-34,Female,2024-10-04,17,18931.99,Facebook,2024-06-20,customer_csv,CUST_ROW_000029
M001,CUST000030,Bangalore,JP Nagar,560078,South,High-Value,18-24,Female,2024-08-01,50,87190.06,Instagram,2024-10-22,customer_csv,CUST_ROW_000030
M001,CUST000031,Chennai,T Nagar,600017,South,High-Value,18-24,Male,2024-01-20,78,174103.01,Email,2024-07-18,customer_csv,CUST_ROW_000031
M001,CUST000032,Bangalore,Indiranagar,560038,South,High-Value,35-44,Female,2023-11-19,14,17661.64,Instagram,2024-05-01,customer_csv,CUST_ROW_000032
M001,CUST000033,Bangalore,Marathahalli,560037,South,New,25-34,Male,2023-02-08,2,1313.35,Facebook,2024-01-13,customer_csv,CUST_ROW_000033
M001,CUST000034,Kochi,Kakkanad,682030,South,New,45-54,Female,2024-06-20,3,1763.3,Instagram,2024-02-20,customer_csv,CUST_ROW_000034
M001,CUST000035,Kochi,Kakkanad,682030,South,New,18-24,Male,2024-06-18,1,202.05,Google Ads,2024-12-17,customer_csv,CUST_ROW_000035
M001,CUST000036,Delhi,Rohini,110085,North,Returning,18-24,Female,2024-11-05,12,5015.81,WhatsApp,2024-11-23,customer_csv,CUST_ROW_000036
M001,CUST000037,Chennai,Adyar,600020,South,New,18-24,Male,2024-03-27,1,336.33,Instagram,2024-02-28,customer_csv,CUST_ROW_000037
M001,CUST000038,Bangalore,Yelahanka,560064,South,Returning,18-24,Female,2024-07-16,13,8018.94,LinkedIn,2024-05-25,customer_csv,CUST_ROW_000038
M001,CUST000039,Bangalore,Whitefield,560066,South,New,25-34,Male,2024-03-30,1,265.04,Facebook,2024-12-11,customer_csv,CUST_ROW_000039
M001,CUST000040,Bangalore,JP Nagar,560078,South,New,25-34,Male,2024-09-02,4,2032.63,Instagram,2024-04-11,customer_csv,CUST_ROW_000040
M001,CUST000041,Kochi,Ernakulam,682011,South,High-Value,35-44,Female,2023-05-15,21,45818.78,Google Ads,2024-08-27,customer_csv,CUST_ROW_000041
M001,CUST000042,Bangalore,Marathahalli,560037,South,Returning,35-44,Female,2023-08-26,10,5149.77,Email,2024-05-12,customer_csv,CUST_ROW_000042
M001,CUST000043,Ahmedabad,Bopal,380058,West,Returning,35-44,Female,2023-11-29,17,13430.09,Instagram,2024-02-27,customer_csv,CUST_ROW_000043
M001,CUST000044,Bangalore,Electronic City,560100,South,High-Value,18-24,Male,2024-08-11,26,43251.38,WhatsApp,2024-12-31,customer_csv,CUST_ROW_000044
M001,CUST000045,Chennai,Porur,600116,South,Returning,35-44,Female,2024-02-15,16,9453.76,Instagram,2024-03-22,customer_csv,CUST_ROW_000045
M001,CUST000046,Ahmedabad,Navrangpura,380009,West,New,35-44,Female,2024-03-21,3,1416.79,Instagram,2024-12-05,customer_csv,CUST_ROW_000046
M001,CUST000047,Jaipur,Malviya Nagar,302017,North,Returning,25-34,Female,2024-03-31,8,5171.43,Facebook,2024-11-02,customer_csv,CUST_ROW_000047
M001,CUST000048,Bangalore,Yelahanka,560064,South,Returning,25-34,Female,2024-11-07,4,1889.71,Email,2024-10-24,customer_csv,CUST_ROW_000048
M001,CUST000049,Mumbai,Bandra,400050,West,Returning,25-34,Male,2024-09-22,17,9461.07,WhatsApp,2024-06-11,customer_csv,CUST_ROW_000049
M001,CUST000050,Bangalore,MG Road,560001,South,New,45-54,Male,2023-12-19,1,491.36,Facebook,2024-09-18,customer_csv,CUST_ROW_000050
M001,CUST000051,Bangalore,Whitefield,560066,South,High-Value,18-24,Female,2023-02-24,10,19957.02,Google Ads,2024-07-02,customer_csv,CUST_ROW_000051
M001,CUST000052,Bangalore,Marathahalli,560037,South,High-Value,18-24,Female,2024-02-08,50,100500.76,WhatsApp,2024-08-10,customer_csv,CUST_ROW_000052
M001,CUST000053,Bangalore,MG Road,560001,South,New,18-24,Female,2024-01-04,4,1108.53,Google Ads,2024-12-09,customer_csv,CUST_ROW_000053
M001,CUST000054,Bangalore,Koramangala,560034,South,New,18-24,Female,2024-05-13,4,2749.95,Instagram,2024-03-11,customer_csv,CUST_ROW_000054
M001,CUST000055,Bangalore,JP Nagar,560078,South,High-Value,45-54,Female,2024-03-11,33,51891.52,WhatsApp,2024-08-18,customer_csv,CUST_ROW_000055
M001,CUST000056,Bangalore,HSR Layout,560102,South,New,25-34,Female,2023-08-31,3,1216.26,Facebook,2024-07-06,customer_csv,CUST_ROW_000056
M001,CUST000057,Bangalore,Koramangala,560034,South,Returning,35-44,Male,2024-05-08,5,2568.35,WhatsApp,2024-05-23,customer_csv,CUST_ROW_000057
M001,CUST000058,Bangalore,Indiranagar,560038,South,Returning,25-34,Male,2024-10-07,5,4736.3,Facebook,2024-10-23,customer_csv,CUST_ROW_000058
M001,CUST000059,Bangalore,Koramangala,560034,South,High-Value,25-34,Male,2024-04-09,75,175522.02,Email,2024-06-18,customer_csv,CUST_ROW_000059
M001,CUST000060,Bangalore,Marathahalli,560037,South,New,18-24,Female,2023-11-08,3,692.13,Facebook,2024-03-27,customer_csv,CUST_ROW_000060
M001,CUST000061,Bangalore,MG Road,560001,South,High-Value,35-44,Female,2023-10-21,72,67699.24,Email,2024-05-22,customer_csv,CUST_ROW_000061
M001,CUST000062,Bangalore,Yelahanka,560064,South,New,45-54,Male,2023-04-25,2,1310.13,WhatsApp,2024-12-03,customer_csv,CUST_ROW_000062
M001,CUST000063,Bangalore,Whitefield,560066,South,New,35-44,Female,2024-06-24,1,371.42,Instagram,2024-03-15,customer_csv,CUST_ROW_000063
M001,CUST000064,Bangalore,Whitefield,560066,South,High-Value,35-44,Male,2024-01-28,40,76925.38,Email,2024-03-26,customer_csv,CUST_ROW_000064
M001,CUST000065,Bangalore,Bellandur,560103,South,High-Value,18-24,Male,2023-04-29,16,17358.73,WhatsApp,2024-06-03,customer_csv,CUST_ROW_000065
M001,CUST000066,Bangalore,Hebbal,560024,South,New,35-44,Male,2023-09-26,2,930.44,Facebook,2024-05-27,customer_csv,CUST_ROW_000066
M001,CUST000067,Jaipur,C Scheme,302001,North,Returning,55+,Female,2023-02-12,6,6805.02,WhatsApp,2024-08-09,customer_csv,CUST_ROW_000067
M001,CUST000068,Bangalore,MG Road,560001,South,High-Value,25-34,Male,2023-04-11,42,80320.11,WhatsApp,2024-12-11,customer_csv,CUST_ROW_000068
M001,CUST000069,Hyderabad,Secunderabad,500003,South,New,35-44,Male,2024-07-14,1,536.4,Email,2024-01-07,customer_csv,CUST_ROW_000069
M001,CUST000070,Bangalore,Hebbal,560024,South,New,25-34,Male,2023-10-18,3,889.62,Instagram,2024-02-17,customer_csv,CUST_ROW_000070
M001,CUST000071,Bangalore,Yelahanka,560064,South,Returning,35-44,Other,2024-10-15,6,5798.76,Instagram,2024-11-05,customer_csv,CUST_ROW_000071
M001,CUST000072,Bangalore,MG Road,560001,South,Returning,25-34,Female,2023-07-09,6,5739.14,Instagram,2024-08-27,customer_csv,CUST_ROW_000072
M001,CUST000073,Delhi,Dwarka,110075,North,High-Value,18-24,Male,2024-11-14,51,63111.08,LinkedIn,2024-05-21,customer_csv,CUST_ROW_000073
M001,CUST000074,Ahmedabad,Vastrapur,380054,West,New,18-24,Other,2023-09-29,2,840.57,Facebook,2024-04-12,customer_csv,CUST_ROW_000074
M001,CUST000075,Bangalore,Whitefield,560066,South,Returning,18-24,Female,2024-03-17,9,8020.56,Instagram,2024-08-14,customer_csv,CUST_ROW_000075
M001,CUST000076,Delhi,Connaught Place,110001,North,New,25-34,Male,2024-04-01,1,648.26,Instagram,2024-11-23,customer_csv,CUST_ROW_000076
M001,CUST000077,Bangalore,Koramangala,560034,South,Returning,18-24,Female,2024-02-05,3,2436.92,LinkedIn,2024-09-08,customer_csv,CUST_ROW_000077
M001,CUST000078,Bangalore,JP Nagar,560078,South,High-Value,35-44,Female,2024-07-07,38,30613.66,Google Ads,2024-09-03,customer_csv,CUST_ROW_000078
M001,CUST000079,Bangalore,Hebbal,560024,South,High-Value,25-34,Female,2024-02-15,17,31872.68,Google Ads,2024-02-16,customer_csv,CUST_ROW_000079
M001,CUST000080,Bangalore,Jayanagar,560041,South,New,25-34,Female,2024-10-25,2,576.62,Instagram,2024-07-15,customer_csv,CUST_ROW_000080
M001,CUST000081,Kolkata,Dum Dum,700028,East,High-Value,25-34,Male,2023-03-28,66,135303.37,Instagram,2024-04-08,customer_csv,CUST_ROW_000081
M001,CUST000082,Bangalore,Yelahanka,560064,South,New,25-34,Female,2024-10-20,3,1349.53,Google Ads,2024-08-18,customer_csv,CUST_ROW_000082
M001,CUST000083,Mumbai,Andheri,400053,West,New,25-34,Female,2024-02-20,1,305.84,WhatsApp,2024-09-24,customer_csv,CUST_ROW_000083
M001,CUST000084,Bangalore,MG Road,560001,South,High-Value,25-34,Female,2023-08-27,19,16391.15,Instagram,2024-11-30,customer_csv,CUST_ROW_000084
M001,CUST000085,Bangalore,Yelahanka,560064,South,New,35-44,Male,2023-06-26,1,652.33,Email,2024-02-19,customer_csv,CUST_ROW_000085
M001,CUST000086,Bangalore,Whitefield,560066,South,High-Value,18-24,Female,2023-04-27,73,132236.7,Email,2024-02-02,customer_csv,CUST_ROW_000086
M001,CUST000087,Ahmedabad,Prahlad Nagar,380015,West,High-Value,55+,Female,2023-11-29,25,61473.76,Email,2024-03-11,customer_csv,CUST_ROW_000087
M001,CUST000088,Bangalore,HSR Layout,560102,South,Returning,25-34,Male,2023-05-04,11,5642.88,Facebook,2024-12-22,customer_csv,CUST_ROW_000088
M001,CUST000089,Bangalore,Whitefield,560066,South,Returning,45-54,Male,2023-04-13,15,15331.94,Instagram,2024-09-06,customer_csv,CUST_ROW_000089
M001,CUST000090,Bangalore,Koramangala,560034,South,New,18-24,Female,2023-10-18,4,2187.01,WhatsApp,2024-08-31,customer_csv,CUST_ROW_000090
M001,CUST000091,Hyderabad,Gachibowli,500032,South,Returning,25-34,Male,2023-06-28,4,3508.07,WhatsApp,2024-11-09,customer_csv,CUST_ROW_000091
M001,CUST000092,Kolkata,Ballygunge,700019,East,Returning,25-34,Male,2024-06-26,6,5370.82,Email,2024-10-03,customer_csv,CUST_ROW_000092
M001,CUST000093,Bangalore,Electronic City,560100,South,Returning,35-44,Male,2023-07-18,6,6223.74,WhatsApp,2024-08-30,customer_csv,CUST_ROW_000093
M001,CUST000094,Bangalore,Whitefield,560066,South,Returning,18-24,Female,2023-10-19,9,6729.64,Facebook,2024-08-20,customer_csv,CUST_ROW_000094
M001,CUST000095,Bangalore,Bellandur,560103,South,New,25-34,Male,2023-01-30,4,1829.81,Instagram,2024-04-30,customer_csv,CUST_ROW_000095
M001,CUST000096,Chennai,Velachery,600042,South,New,35-44,Male,2023-04-23,3,941.67,Instagram,2024-07-30,customer_csv,CUST_ROW_000096
M001,CUST000097,Ahmedabad,Bopal,380058,West,New,25-34,Male,2024-03-22,2,616.17,Facebook,2024-04-01,customer_csv,CUST_ROW_000097
M001,CUST000098,Bangalore,Whitefield,560066,South,Returning,18-24,Male,2023-10-04,9,6018.42,Instagram,2024-10-18,customer_csv,CUST_ROW_000098
M001,CUST000099,Bangalore,Whitefield,560066,South,New,25-34,Male,2023-12-18,2,1286.41,Facebook,2024-11-22,customer_csv,CUST_ROW_000099
M001,CUST000100,Pune,Hadapsar,411028,West,High-Value,45-54,Male,2024-06-18,72,163133.16,Facebook,2024-08-30,customer_csv,CUST_ROW_000100
M001,CUST000101,Kolkata,Park Street,700016,East,Returning,35-44,Male,2023-12-02,16,13817.18,Email,2024-10-29,customer_csv,CUST_ROW_000101
M001,CUST000102,Mumbai,Powai,400076,West,High-Value,18-24,Female,2024-05-31,14,21331.6,WhatsApp,2024-12-22,customer_csv,CUST_ROW_000102
M001,CUST000103,Jaipur,C Scheme,302001,North,New,25-34,Male,2024-02-21,2,532.71,Instagram,2024-11-27,customer_csv,CUST_ROW_000103
M001,CUST000104,Mumbai,Powai,400076,West,Returning,18-24,Female,2024-08-07,3,3543.41,Facebook,2024-03-11,customer_csv,CUST_ROW_000104
M001,CUST000105,Ahmedabad,Bopal,380058,West,Returning,25-34,Female,2024-10-10,3,3264.92,Instagram,2024-12-19,customer_csv,CUST_ROW_000105
M001,CUST000106,Bangalore,Koramangala,560034,South,New,35-44,Female,2024-09-19,2,1187.69,Instagram,2024-06-20,customer_csv,CUST_ROW_000106
M001,CUST000107,Mumbai,Thane,400601,West,High-Value,35-44,Female,2023-04-24,59,83868.76,Email,2024-07-06,customer_csv,CUST_ROW_000107
M001,CUST000108,Bangalore,MG Road,560001,South,Returning,18-24,Female,2023-07-29,7,8295.01,Instagram,2024-02-28,customer_csv,CUST_ROW_000108
M001,CUST000109,Bangalore,Bellandur,560103,South,High-Value,25-34,Other,2023-08-03,38,51101.96,Google Ads,2024-09-14,customer_csv,CUST_ROW_000109
M001,CUST000110,Kolkata,Park Street,700016,East,New,25-34,Female,2024-06-23,1,435.08,Facebook,2024-09-29,customer_csv,CUST_ROW_000110
M001,CUST000111,Jaipur,Tonk Road,302018,North,New,35-44,Female,2023-03-09,2,1291.9,Facebook,2024-02-11,customer_csv,CUST_ROW_000111
M001,CUST000112,Bangalore,Whitefield,560066,South,New,55+,Male,2023-10-10,1,548.54,Facebook,2024-04-14,customer_csv,CUST_ROW_000112
M001,CUST000113,Bangalore,MG Road,560001,South,New,25-34,Female,2023-05-16,4,1493.4,Facebook,2024-11-26,customer_csv,CUST_ROW_000113
M001,CUST000114,Bangalore,HSR Layout,560102,South,New,45-54,Male,2024-06-16,3,1217.54,Instagram,2024-11-26,customer_csv,CUST_ROW_000114
M001,CUST000115,Jaipur,Tonk Road,302018,North,Returning,25-34,Female,2024-04-13,12,10245.62,Email,2024-06-05,customer_csv,CUST_ROW_000115
M001,CUST000116,Bangalore,Marathahalli,560037,South,New,25-34,Male,2023-02-18,2,753.12,Facebook,2024-03-26,customer_csv,CUST_ROW_000116
M001,CUST000117,Bangalore,Whitefield,560066,South,Returning,18-24,Other,2024-12-26,7,3703.03,Instagram,2024-06-11,customer_csv,CUST_ROW_000117
M001,CUST000118,Bangalore,Electronic City,560100,South,New,18-24,Female,2023-02-05,3,2067.03,Instagram,2024-08-17,customer_csv,CUST_ROW_000118
M001,CUST000119,Bangalore,Whitefield,560066,South,Returning,18-24,Male,2024-05-26,7,8107.62,LinkedIn,2024-03-20,customer_csv,CUST_ROW_000119
M001,CUST000120,Bangalore,Bellandur,560103,South,Returning,25-34,Female,2023-10-30,18,20102.08,Google Ads,2024-10-20,customer_csv,CUST_ROW_000120
M001,CUST000121,Jaipur,Mansarovar,302020,North,Returning,35-44,Female,2023-05-23,20,9870.02,Instagram,2024-11-12,customer_csv,CUST_ROW_000121
M001,CUST000122,Jaipur,Mansarovar,302020,North,New,18-24,Female,2024-08-20,2,1181.28,WhatsApp,2024-04-10,customer_csv,CUST_ROW_000122
M001,CUST000123,Bangalore,Hebbal,560024,South,High-Value,35-44,Other,2024-06-08,60,67833.9,WhatsApp,2024-11-05,customer_csv,CUST_ROW_000123
M001,CUST000124,Bangalore,Koramangala,560034,South,High-Value,25-34,Male,2024-03-13,57,83014.31,Instagram,2024-06-25,customer_csv,CUST_ROW_000124
M001,CUST000125,Bangalore,Electronic City,560100,South,High-Value,18-24,Female,2024-03-30,63,136474.72,WhatsApp,2024-08-05,customer_csv,CUST_ROW_000125
M001,CUST000126,Ahmedabad,Bopal,380058,West,High-Value,25-34,Male,2023-11-07,70,173617.51,Email,2024-06-20,customer_csv,CUST_ROW_000126
M001,CUST000127,Bangalore,Yelahanka,560064,South,Returning,18-24,Male,2023-10-07,16,8638.63,Facebook,2024-10-17,customer_csv,CUST_ROW_000127
M001,CUST000128,Pune,Hinjewadi,411057,West,New,25-34,Female,2023-02-13,3,1851.88,Instagram,2024-10-13,customer_csv,CUST_ROW_000128
M001,CUST000129,Hyderabad,Banjara Hills,500034,South,Returning,18-24,Male,2024-10-17,18,8988.15,WhatsApp,2024-05-27,customer_csv,CUST_ROW_000129
M001,CUST000130,Bangalore,Electronic City,560100,South,High-Value,25-34,Male,2023-10-11,73,181796.72,Instagram,2024-07-04,customer_csv,CUST_ROW_000130
M001,CUST000131,Bangalore,Yelahanka,560064,South,Returning,18-24,Female,2024-12-11,6,4191.37,WhatsApp,2024-01-09,customer_csv,CUST_ROW_000131
M001,CUST000132,Pune,Hadapsar,411028,West,New,25-34,Female,2023-05-19,3,844.96,Instagram,2024-08-02,customer_csv,CUST_ROW_000132
M001,CUST000133,Bangalore,Jayanagar,560041,South,New,18-24,Female,2023-03-20,2,1166.44,Instagram,2024-02-18,customer_csv,CUST_ROW_000133
M001,CUST000134,Bangalore,Whitefield,560066,South,Returning,45-54,Female,2024-12-02,12,7406.01,WhatsApp,2024-07-04,customer_csv,CUST_ROW_000134
M001,CUST000135,Bangalore,Yelahanka,560064,South,New,18-24,Male,2023-10-16,3,1768.21,Facebook,2024-03-24,customer_csv,CUST_ROW_000135
M001,CUST000136,Bangalore,Whitefield,560066,South,Returning,35-44,Female,2024-07-26,19,20460.26,WhatsApp,2024-12-25,customer_csv,CUST_ROW_000136
M001,CUST000137,Delhi,Dwarka,110075,North,Returning,18-24,Female,2023-01-18,18,12214.22,WhatsApp,2024-03-12,customer_csv,CUST_ROW_000137
M001,CUST000138,Kochi,Edapally,682024,South,New,25-34,Female,2023-05-02,2,528.71,WhatsApp,2024-12-18,customer_csv,CUST_ROW_000138
M001,CUST000139,Bangalore,Whitefield,560066,South,New,55+,Male,2023-04-25,1,209.4,Facebook,2024-08-08,customer_csv,CUST_ROW_000139
M001,CUST000140,Bangalore,Indiranagar,560038,South,New,35-44,Female,2024-04-25,1,654.26,Instagram,2024-06-03,customer_csv,CUST_ROW_000140
M001,CUST000141,Delhi,Connaught Place,110001,North,High-Value,18-24,Female,2023-07-09,54,45885.99,Instagram,2024-05-22,customer_csv,CUST_ROW_000141
M001,CUST000142,Chennai,Anna Nagar,600040,South,New,25-34,Female,2023-09-05,1,249.55,Facebook,2024-01-08,customer_csv,CUST_ROW_000142
M001,CUST000143,Bangalore,Bellandur,560103,South,New,18-24,Female,2024-07-04,1,686.79,Instagram,2024-04-19,customer_csv,CUST_ROW_000143
M001,CUST000144,Jaipur,Mansarovar,302020,North,Returning,18-24,Female,2023-04-20,8,8542.35,Google Ads,2024-08-05,customer_csv,CUST_ROW_000144
M001,CUST000145,Bangalore,HSR Layout,560102,South,Returning,35-44,Male,2024-04-22,6,4894.69,Facebook,2024-07-03,customer_csv,CUST_ROW_000145
M001,CUST000146,Kochi,Ernakulam,682011,South,New,25-34,Male,2024-04-12,3,1630.57,Email,2024-04-25,customer_csv,CUST_ROW_000146
M001,CUST000147,Bangalore,Marathahalli,560037,South,High-Value,25-34,Female,2024-05-02,57,62973.91,Google Ads,2024-09-08,customer_csv,CUST_ROW_000147
M001,CUST000148,Ahmedabad,Vastrapur,380054,West,Returning,35-44,Male,2024-02-09,15,14340.45,Google Ads,2024-03-27,customer_csv,CUST_ROW_000148
M001,CUST000149,Bangalore,HSR Layout,560102,South,New,25-34,Other,2023-05-06,2,1238.11,WhatsApp,2024-05-22,customer_csv,CUST_ROW_000149
M001,CUST000150,Kolkata,Dum Dum,700028,East,New,35-44,Other,2024-05-11,3,821.06,Facebook,2024-03-03,customer_csv,CUST_ROW_000150
M001,CUST000151,Bangalore,Electronic City,560100,South,New,45-54,Male,2023-02-24,1,449.07,Instagram,2024-04-01,customer_csv,CUST_ROW_000151
M001,CUST000152,Bangalore,MG Road,560001,South,New,25-34,Female,2023-03-20,4,2385.46,Instagram,2024-12-04,customer_csv,CUST_ROW_000152
M001,CUST000153,Bangalore,Hebbal,560024,South,New,25-34,Female,2024-07-13,1,676.29,Instagram,2024-08-08,customer_csv,CUST_ROW_000153
M001,CUST000154,Delhi,Dwarka,110075,North,Returning,45-54,Male,2023-02-06,4,2165.98,WhatsApp,2024-06-04,customer_csv,CUST_ROW_000154
M001,CUST000155,Pune,Kothrud,411038,West,Returning,25-34,Male,2023-04-23,18,16705.13,WhatsApp,2024-10-19,customer_csv,CUST_ROW_000155
M001,CUST000156,Bangalore,Hebbal,560024,South,High-Value,25-34,Male,2024-05-21,58,107230.25,WhatsApp,2024-05-25,customer_csv,CUST_ROW_000156
M001,CUST000157,Bangalore,Koramangala,560034,South,Returning,18-24,Male,2024-08-20,3,3036.47,WhatsApp,2024-07-13,customer_csv,CUST_ROW_000157
M001,CUST000158,Bangalore,Jayanagar,560041,South,High-Value,25-34,Male,2023-09-08,41,49153.16,WhatsApp,2024-02-13,customer_csv,CUST_ROW_000158
M001,CUST000159,Delhi,Rohini,110085,North,New,18-24,Female,2023-02-08,4,2115.54,Facebook,2024-09-20,customer_csv,CUST_ROW_000159
M001,CUST000160,Kolkata,Park Street,700016,East,Returning,25-34,Other,2024-01-22,15,9869.06,Instagram,2024-09-07,customer_csv,CUST_ROW_000160
M001,CUST000161,Bangalore,MG Road,560001,South,New,25-34,Female,2024-11-14,3,849.94,Instagram,2024-08-11,customer_csv,CUST_ROW_000161
M001,CUST000162,Bangalore,MG Road,560001,South,High-Value,35-44,Female,2024-07-02,37,47674.66,Instagram,2024-10-20,customer_csv,CUST_ROW_000162
M001,CUST000163,Bangalore,HSR Layout,560102,South,Returning,55+,Female,2024-08-15,6,5240.95,Instagram,2024-10-17,customer_csv,CUST_ROW_000163
M001,CUST000164,Jaipur,C Scheme,302001,North,New,35-44,Female,2023-11-06,3,1249.37,Facebook,2024-04-12,customer_csv,CUST_ROW_000164
M001,CUST000165,Bangalore,Marathahalli,560037,South,Returning,25-34,Female,2023-07-04,3,2706.83,Facebook,2024-04-05,customer_csv,CUST_ROW_000165
M001,CUST000166,Bangalore,HSR Layout,560102,South,Returning,35-44,Female,2023-10-02,20,20942.94,Email,2024-08-10,customer_csv,CUST_ROW_000166
M001,CUST000167,Mumbai,Thane,400601,West,New,25-34,Male,2024-12-02,3,1866.18,Facebook,2024-02-02,customer_csv,CUST_ROW_000167
M001,CUST000168,Bangalore,JP Nagar,560078,South,New,18-24,Male,2024-12-04,2,805.87,Instagram,2024-04-08,customer_csv,CUST_ROW_000168
M001,CUST000169,Bangalore,Marathahalli,560037,South,Returning,25-34,Male,2024-10-24,4,2246.37,Instagram,2024-01-15,customer_csv,CUST_ROW_000169
M001,CUST000170,Bangalore,Marathahalli,560037,South,Returning,18-24,Female,2024-05-12,3,1332.79,Email,2024-06-09,customer_csv,CUST_ROW_000170
M001,CUST000171,Bangalore,Indiranagar,560038,South,High-Value,25-34,Male,2024-11-04,21,30969.15,Google Ads,2024-03-12,customer_csv,CUST_ROW_000171
M001,CUST000172,Bangalore,Yelahanka,560064,South,Returning,45-54,Female,2024-08-17,19,11427.48,Email,2024-05-01,customer_csv,CUST_ROW_000172
M001,CUST000173,Bangalore,Jayanagar,560041,South,New,25-34,Male,2023-08-30,4,1236.02,Instagram,2024-04-19,customer_csv,CUST_ROW_000173
M001,CUST000174,Jaipur,C Scheme,302001,North,New,25-34,Female,2024-01-19,1,358.24,Facebook,2024-12-15,customer_csv,CUST_ROW_000174
M001,CUST000175,Bangalore,Marathahalli,560037,South,High-Value,45-54,Male,2024-01-12,49,40955.48,Google Ads,2024-11-06,customer_csv,CUST_ROW_000175
M001,CUST000176,Bangalore,Bellandur,560103,South,Returning,45-54,Female,2024-11-18,10,6023.86,Facebook,2024-11-23,customer_csv,CUST_ROW_000176
M001,CUST000177,Chennai,T Nagar,600017,South,Returning,18-24,Male,2023-01-09,15,17130.09,LinkedIn,2024-06-03,customer_csv,CUST_ROW_000177
M001,CUST000178,Bangalore,HSR Layout,560102,South,New,45-54,Male,2024-03-25,3,1919.2,WhatsApp,2024-07-27,customer_csv,CUST_ROW_000178
M001,CUST000179,Kolkata,Park Street,700016,East,High-Value,45-54,Female,2024-02-27,52,105016.92,Google Ads,2024-02-21,customer_csv,CUST_ROW_000179
M001,CUST000180,Kolkata,New Town,700156,East,New,25-34,Female,2024-07-14,3,1279.89,Instagram,2024-01-27,customer_csv,CUST_ROW_000180
M001,CUST000181,Bangalore,Whitefield,560066,South,Returning,35-44,Male,2024-02-15,9,8123.73,Facebook,2024-02-12,customer_csv,CUST_ROW_000181
M001,CUST000182,Bangalore,HSR Layout,560102,South,Returning,55+,Female,2023-05-14,16,16545.82,Facebook,2024-09-01,customer_csv,CUST_ROW_000182
M001,CUST000183,Pune,Viman Nagar,411014,West,New,25-34,Male,2023-10-16,2,484.4,Instagram,2024-07-20,customer_csv,CUST_ROW_000183
M001,CUST000184,Hyderabad,Banjara Hills,500034,South,High-Value,45-54,Female,2024-10-03,39,91323.81,Google Ads,2024-04-11,customer_csv,CUST_ROW_000184
M001,CUST000185,Bangalore,Whitefield,560066,South,New,25-34,Female,2023-06-02,1,679.02,Instagram,2024-10-17,customer_csv,CUST_ROW_000185
M001,CUST000186,Bangalore,Bellandur,560103,South,Returning,35-44,Female,2024-11-20,18,8906.58,WhatsApp,2024-04-07,customer_csv,CUST_ROW_000186
M001,CUST000187,Kolkata,Ballygunge,700019,East,Returning,25-34,Male,2023-07-31,9,10765.49,Instagram,2024-12-12,customer_csv,CUST_ROW_000187
M001,CUST000188,Bangalore,Whitefield,560066,South,Returning,18-24,Male,2023-09-26,10,8941.44,LinkedIn,2024-07-08,customer_csv,CUST_ROW_000188
M001,CUST000189,Bangalore,MG Road,560001,South,Returning,18-24,Male,2023-11-28,15,14242.23,WhatsApp,2024-12-28,customer_csv,CUST_ROW_000189
M001,CUST000190,Bangalore,Yelahanka,560064,South,New,18-24,Male,2023-12-07,2,870.93,Instagram,2024-11-06,customer_csv,CUST_ROW_000190
M001,CUST000191,Mumbai,Andheri,400053,West,New,25-34,Male,2024-02-09,3,798.36,LinkedIn,2024-01-22,customer_csv,CUST_ROW_000191
M001,CUST000192,Bangalore,Marathahalli,560037,South,New,25-34,Male,2024-04-24,2,489.65,WhatsApp,2024-08-09,customer_csv,CUST_ROW_000192
M001,CUST000193,Bangalore,Indiranagar,560038,South,New,55+,Female,2023-10-15,3,1989.36,Instagram,2024-05-14,customer_csv,CUST_ROW_000193
M001,CUST000194,Bangalore,Marathahalli,560037,South,Returning,25-34,Male,2024-05-18,7,5911.78,LinkedIn,2024-11-21,customer_csv,CUST_ROW_000194
M001,CUST000195,Mumbai,Bandra,400050,West,New,18-24,Male,2023-09-24,2,1105.96,Facebook,2024-09-10,customer_csv,CUST_ROW_000195
M001,CUST000196,Bangalore,Jayanagar,560041,South,High-Value,25-34,Female,2023-04-26,28,28285.94,Instagram,2024-05-25,customer_csv,CUST_ROW_000196
M001,CUST000197,Bangalore,Whitefield,560066,South,Returning,35-44,Female,2024-11-10,9,7801.54,Google Ads,2024-09-26,customer_csv,CUST_ROW_000197
M001,CUST000198,Pune,Kothrud,411038,West,High-Value,18-24,Female,2023-04-07,52,43895.06,Email,2024-12-14,customer_csv,CUST_ROW_000198
M001,CUST000199,Bangalore,Jayanagar,560041,South,Returning,55+,Female,2023-06-07,3,1394.55,Email,2024-12-03,customer_csv,CUST_ROW_000199
M001,CUST000200,Bangalore,MG Road,560001,South,High-Value,25-34,Male,2023-02-14,67,90607.87,Email,2024-10-18,customer_csv,CUST_ROW_000200
M001,CUST000201,Bangalore,Koramangala,560034,South,High-Value,18-24,Female,2023-03-14,80,193458.43,WhatsApp,2024-07-23,customer_csv,CUST_ROW_000201
M001,CUST000202,Bangalore,HSR Layout,560102,South,High-Value,45-54,Male,2023-08-02,30,43813.65,WhatsApp,2024-11-27,customer_csv,CUST_ROW_000202
M001,CUST000203,Pune,Koregaon Park,411001,West,New,35-44,Female,2023-11-14,2,759.04,Instagram,2024-07-07,customer_csv,CUST_ROW_000203
M001,CUST000204,Bangalore,Electronic City,560100,South,Returning,25-34,Male,2024-09-06,16,7554.85,Facebook,2024-07-07,customer_csv,CUST_ROW_000204
M001,CUST000205,Bangalore,JP Nagar,560078,South,Returning,18-24,Female,2024-04-19,10,9180.88,WhatsApp,2024-09-10,customer_csv,CUST_ROW_000205
M001,CUST000206,Bangalore,MG Road,560001,South,Returning,18-24,Male,2024-05-04,12,6226.62,Instagram,2024-06-02,customer_csv,CUST_ROW_000206
M001,CUST000207,Kochi,Vyttila,682019,South,New,18-24,Male,2023-02-16,1,455.33,Facebook,2024-08-25,customer_csv,CUST_ROW_000207
M001,CUST000208,Kolkata,Ballygunge,700019,East,New,18-24,Female,2023-04-27,4,1159.1,Instagram,2024-07-20,customer_csv,CUST_ROW_000208
M001,CUST000209,Bangalore,JP Nagar,560078,South,High-Value,18-24,Female,2024-04-10,67,124652.0,WhatsApp,2024-04-05,customer_csv,CUST_ROW_000209
M001,CUST000210,Bangalore,Indiranagar,560038,South,Returning,25-34,Female,2023-04-19,16,13240.01,Instagram,2024-02-29,customer_csv,CUST_ROW_000210
M001,CUST000211,Bangalore,MG Road,560001,South,Returning,35-44,Female,2024-09-08,18,11560.32,Email,2024-11-11,customer_csv,CUST_ROW_000211
M001,CUST000212,Bangalore,MG Road,560001,South,High-Value,35-44,Female,2023-03-31,26,26772.04,Facebook,2024-01-09,customer_csv,CUST_ROW_000212
M001,CUST000213,Hyderabad,Banjara Hills,500034,South,New,25-34,Female,2024-03-22,2,486.09,WhatsApp,2024-03-16,customer_csv,CUST_ROW_000213
M001,CUST000214,Bangalore,Koramangala,560034,South,New,45-54,Female,2024-03-31,4,1742.98,LinkedIn,2024-10-26,customer_csv,CUST_ROW_000214
M001,CUST000215,Bangalore,Marathahalli,560037,South,Returning,35-44,Male,2023-01-09,6,5425.97,WhatsApp,2024-07-31,customer_csv,CUST_ROW_000215
M001,CUST000216,Kochi,Edapally,682024,South,New,25-34,Female,2024-09-18,4,1263.81,Instagram,2024-01-10,customer_csv,CUST_ROW_000216
M001,CUST000217,Bangalore,Jayanagar,560041,South,Returning,18-24,Female,2024-04-29,6,4774.99,LinkedIn,2024-06-26,customer_csv,CUST_ROW_000217
M001,CUST000218,Bangalore,JP Nagar,560078,South,New,18-24,Male,2023-12-19,4,1264.21,Instagram,2024-12-16,customer_csv,CUST_ROW_000218
M001,CUST000219,Bangalore,Yelahanka,560064,South,High-Value,35-44,Female,2023-10-28,59,143468.28,Google Ads,2024-12-10,customer_csv,CUST_ROW_000219
M001,CUST000220,Chennai,Velachery,600042,South,Returning,35-44,Female,2023-10-17,5,4668.23,Instagram,2024-04-12,customer_csv,CUST_ROW_000220
M001,CUST000221,Bangalore,Electronic City,560100,South,New,25-34,Other,2023-11-07,2,609.43,Instagram,2024-01-10,customer_csv,CUST_ROW_000221
M001,CUST000222,Bangalore,Marathahalli,560037,South,New,18-24,Female,2024-05-30,1,603.41,Instagram,2024-02-28,customer_csv,CUST_ROW_000222
M001,CUST000223,Bangalore,Indiranagar,560038,South,Returning,25-34,Other,2023-12-30,4,4064.3,WhatsApp,2024-03-18,customer_csv,CUST_ROW_000223
M001,CUST000224,Kochi,Fort Kochi,682001,South,Returning,35-44,Female,2024-03-24,17,19892.0,WhatsApp,2024-02-24,customer_csv,CUST_ROW_000224
M001,CUST000225,Delhi,Karol Bagh,110005,North,New,18-24,Female,2023-07-30,3,835.55,Instagram,2024-08-14,customer_csv,CUST_ROW_000225
M001,CUST000226,Jaipur,Malviya Nagar,302017,North,New,25-34,Female,2023-05-06,2,839.11,Facebook,2024-01-04,customer_csv,CUST_ROW_000226
M001,CUST000227,Bangalore,Electronic City,560100,South,New,25-34,Male,2024-01-17,4,1521.29,WhatsApp,2024-03-18,customer_csv,CUST_ROW_000227
M001,CUST000228,Kochi,Vyttila,682019,South,Returning,18-24,Male,2024-02-24,17,19745.03,Facebook,2024-12-15,customer_csv,CUST_ROW_000228
M001,CUST000229,Bangalore,Koramangala,560034,South,Returning,35-44,Female,2024-06-13,5,2339.11,Facebook,2024-03-25,customer_csv,CUST_ROW_000229
M001,CUST000230,Bangalore,JP Nagar,560078,South,Returning,35-44,Female,2024-08-11,4,4728.75,Google Ads,2024-12-04,customer_csv,CUST_ROW_000230
M001,CUST000231,Kolkata,Dum Dum,700028,East,Returning,35-44,Female,2023-11-08,13,14656.0,Instagram,2024-05-23,customer_csv,CUST_ROW_000231
M001,CUST000232,Pune,Kothrud,411038,West,Returning,18-24,Female,2024-09-25,17,16285.61,Email,2024-11-28,customer_csv,CUST_ROW_000232
M001,CUST000233,Bangalore,HSR Layout,560102,South,High-Value,18-24,Female,2024-02-04,26,43804.76,Email,2024-04-19,customer_csv,CUST_ROW_000233
M001,CUST000234,Bangalore,Hebbal,560024,South,New,25-34,Female,2023-01-24,1,645.16,Facebook,2024-05-12,customer_csv,CUST_ROW_000234
M001,CUST000235,Bangalore,Marathahalli,560037,South,Returning,55+,Male,2023-03-03,14,8509.27,Facebook,2024-03-04,customer_csv,CUST_ROW_000235
M001,CUST000236,Bangalore,MG Road,560001,South,High-Value,25-34,Female,2023-01-06,68,93586.12,Facebook,2024-10-24,customer_csv,CUST_ROW_000236
M001,CUST000237,Bangalore,MG Road,560001,South,Returning,35-44,Male,2023-11-03,12,11202.45,Email,2024-10-20,customer_csv,CUST_ROW_000237
M001,CUST000238,Ahmedabad,Satellite,380015,West,Returning,18-24,Female,2023-07-17,14,10688.27,Instagram,2024-08-05,customer_csv,CUST_ROW_000238
M001,CUST000239,Delhi,Connaught Place,110001,North,New,45-54,Female,2024-04-01,1,384.65,Facebook,2024-10-28,customer_csv,CUST_ROW_000239
M001,CUST000240,Bangalore,JP Nagar,560078,South,High-Value,25-34,Female,2024-03-26,72,147162.16,WhatsApp,2024-03-24,customer_csv,CUST_ROW_000240
M001,CUST000241,Bangalore,Whitefield,560066,South,Returning,25-34,Other,2024-06-09,19,9394.48,Instagram,2024-08-30,customer_csv,CUST_ROW_000241
M001,CUST000242,Bangalore,Whitefield,560066,South,High-Value,25-34,Other,2024-09-08,62,61229.43,WhatsApp,2024-05-28,customer_csv,CUST_ROW_000242
M001,CUST000243,Bangalore,Whitefield,560066,South,New,25-34,Male,2023-10-29,4,855.96,Instagram,2024-10-28,customer_csv,CUST_ROW_000243
M001,CUST000244,Bangalore,Marathahalli,560037,South,High-Value,18-24,Female,2024-05-15,10,10079.57,WhatsApp,2024-01-23,customer_csv,CUST_ROW_000244
M001,CUST000245,Bangalore,Yelahanka,560064,South,New,25-34,Male,2024-01-22,4,2468.92,Email,2024-03-08,customer_csv,CUST_ROW_000245
M001,CUST000246,Kochi,Vyttila,682019,South,Returning,35-44,Male,2023-11-30,5,5199.25,WhatsApp,2024-07-28,customer_csv,CUST_ROW_000246
M001,CUST000247,Bangalore,JP Nagar,560078,South,New,18-24,Female,2024-03-29,3,1568.87,LinkedIn,2024-12-28,customer_csv,CUST_ROW_000247
M001,CUST000248,Bangalore,MG Road,560001,South,Returning,35-44,Female,2023-05-07,20,9362.43,Google Ads,2024-10-04,customer_csv,CUST_ROW_000248
M001,CUST000249,Bangalore,Koramangala,560034,South,High-Value,25-34,Female,2024-05-29,12,12053.78,Google Ads,2024-04-02,customer_csv,CUST_ROW_000249
M001,CUST000250,Kolkata,Salt Lake,700064,East,New,35-44,Female,2024-03-30,1,603.46,Facebook,2024-07-24,customer_csv,CUST_ROW_000250
M001,CUST000251,Bangalore,Electronic City,560100,South,High-Value,18-24,Male,2024-02-29,13,29398.23,WhatsApp,2024-05-11,customer_csv,CUST_ROW_000251
M001,CUST000252,Bangalore,Indiranagar,560038,South,Returning,18-24,Male,2023-04-02,7,4518.05,Facebook,2024-03-27,customer_csv,CUST_ROW_000252
M001,CUST000253,Bangalore,Jayanagar,560041,South,New,35-44,Male,2023-04-12,3,813.69,LinkedIn,2024-05-12,customer_csv,CUST_ROW_000253
M001,CUST000254,Bangalore,Indiranagar,560038,South,New,18-24,Female,2023-08-31,4,1817.24,Facebook,2024-02-28,customer_csv,CUST_ROW_000254
M001,CUST000255,Bangalore,Jayanagar,560041,South,Returning,25-34,Female,2024-02-22,10,11309.88,Instagram,2024-10-10,customer_csv,CUST_ROW_000255
M001,CUST000256,Delhi,Lajpat Nagar,110024,North,Returning,35-44,Male,2024-08-04,16,12108.57,Email,2024-09-13,customer_csv,CUST_ROW_000256
M001,CUST000257,Bangalore,Whitefield,560066,South,New,55+,Female,2024-07-04,4,2722.7,Facebook,2024-01-22,customer_csv,CUST_ROW_000257
M001,CUST000258,Bangalore,Electronic City,560100,South,High-Value,25-34,Female,2023-06-21,10,9022.98,Google Ads,2024-05-19,customer_csv,CUST_ROW_000258
M001,CUST000259,Bangalore,MG Road,560001,South,New,25-34,Female,2024-08-22,3,668.23,WhatsApp,2024-10-15,customer_csv,CUST_ROW_000259
M001,CUST000260,Bangalore,Indiranagar,560038,South,New,18-24,Male,2024-07-23,3,1917.42,Instagram,2024-09-15,customer_csv,CUST_ROW_000260
M001,CUST000261,Chennai,Anna Nagar,600040,South,Returning,55+,Female,2023-10-07,10,9298.22,Facebook,2024-04-17,customer_csv,CUST_ROW_000261
M001,CUST000262,Bangalore,Yelahanka,560064,South,New,45-54,Male,2023-01-03,4,808.56,Instagram,2024-03-29,customer_csv,CUST_ROW_000262
M001,CUST000263,Bangalore,Bellandur,560103,South,Returning,35-44,Female,2024-10-26,5,4154.6,Email,2024-12-09,customer_csv,CUST_ROW_000263
M001,CUST000264,Bangalore,Indiranagar,560038,South,New,35-44,Female,2024-01-02,4,1154.37,WhatsApp,2024-12-22,customer_csv,CUST_ROW_000264
M001,CUST000265,Delhi,Dwarka,110075,North,New,18-24,Male,2023-01-21,3,1620.83,WhatsApp,2024-04-08,customer_csv,CUST_ROW_000265
M001,CUST000266,Bangalore,Yelahanka,560064,South,Returning,35-44,Male,2024-05-20,14,6012.12,Facebook,2024-12-26,customer_csv,CUST_ROW_000266
M001,CUST000267,Hyderabad,Banjara Hills,500034,South,New,35-44,Male,2023-10-12,4,1140.95,Instagram,2024-10-16,customer_csv,CUST_ROW_000267
M001,CUST000268,Pune,Koregaon Park,411001,West,Returning,35-44,Male,2024-08-06,10,11048.02,WhatsApp,2024-05-20,customer_csv,CUST_ROW_000268
M001,CUST000269,Bangalore,MG Road,560001,South,New,55+,Female,2024-09-21,3,1621.02,LinkedIn,2024-01-02,customer_csv,CUST_ROW_000269
M001,CUST000270,Mumbai,Dadar,400014,West,Returning,55+,Male,2024-11-27,19,14692.12,Facebook,2024-01-23,customer_csv,CUST_ROW_000270
M001,CUST000271,Hyderabad,Banjara Hills,500034,South,New,25-34,Male,2023-01-06,4,1189.22,Instagram,2024-10-19,customer_csv,CUST_ROW_000271
M001,CUST000272,Hyderabad,Jubilee Hills,500033,South,High-Value,45-54,Male,2023-12-04,49,44434.92,Email,2024-01-15,customer_csv,CUST_ROW_000272
M001,CUST000273,Bangalore,Koramangala,560034,South,Returning,25-34,Male,2023-09-14,10,4862.73,Instagram,2024-06-23,customer_csv,CUST_ROW_000273
M001,CUST000274,Chennai,Porur,600116,South,Returning,45-54,Female,2024-09-26,17,17191.74,WhatsApp,2024-10-23,customer_csv,CUST_ROW_000274
M001,CUST000275,Bangalore,Koramangala,560034,South,High-Value,25-34,Female,2024-12-11,18,38348.97,Instagram,2024-08-14,customer_csv,CUST_ROW_000275
M001,CUST000276,Bangalore,Yelahanka,560064,South,Returning,18-24,Female,2024-07-26,4,2543.73,Facebook,2024-02-19,customer_csv,CUST_ROW_000276
M001,CUST000277,Bangalore,JP Nagar,560078,South,New,25-34,Female,2023-01-11,4,1567.84,WhatsApp,2024-11-13,customer_csv,CUST_ROW_000277
M001,CUST000278,Bangalore,Jayanagar,560041,South,Returning,35-44,Male,2024-06-13,13,11313.26,Instagram,2024-01-07,customer_csv,CUST_ROW_000278
M001,CUST000279,Bangalore,Indiranagar,560038,South,Returning,35-44,Female,2023-05-10,19,11495.55,Facebook,2024-11-13,customer_csv,CUST_ROW_000279
M001,CUST000280,Bangalore,HSR Layout,560102,South,New,18-24,Male,2024-08-21,4,1826.25,WhatsApp,2024-07-02,customer_csv,CUST_ROW_000280
M001,CUST000281,Bangalore,Hebbal,560024,South,Returning,18-24,Male,2023-12-18,12,8340.77,Instagram,2024-10-27,customer_csv,CUST_ROW_000281
M001,CUST000282,Pune,Koregaon Park,411001,West,New,35-44,Female,2023-02-25,4,1487.63,Google Ads,2024-11-23,customer_csv,CUST_ROW_000282
M001,CUST000283,Delhi,Rohini,110085,North,New,25-34,Female,2024-04-23,3,1878.01,Facebook,2024-06-20,customer_csv,CUST_ROW_000283
M001,CUST000284,Bangalore,JP Nagar,560078,South,New,18-24,Female,2023-02-13,4,1238.81,Instagram,2024-04-24,customer_csv,CUST_ROW_000284
M001,CUST000285,Jaipur,Tonk Road,302018,North,New,25-34,Female,2023-12-06,4,1210.63,Instagram,2024-01-04,customer_csv,CUST_ROW_000285
M001,CUST000286,Bangalore,Indiranagar,560038,South,New,25-34,Male,2024-03-26,2,1031.33,Google Ads,2024-07-03,customer_csv,CUST_ROW_000286
M001,CUST000287,Bangalore,Koramangala,560034,South,New,18-24,Male,2023-09-26,2,739.82,Facebook,2024-04-01,customer_csv,CUST_ROW_000287
M001,CUST000288,Bangalore,Whitefield,560066,South,High-Value,45-54,Male,2024-11-24,27,38992.55,LinkedIn,2024-02-26,customer_csv,CUST_ROW_000288
M001,CUST000289,Bangalore,HSR Layout,560102,South,New,18-24,Female,2024-11-07,2,1341.16,Google Ads,2024-11-15,customer_csv,CUST_ROW_000289
M001,CUST000290,Delhi,Connaught Place,110001,North,New,45-54,Female,2023-07-16,4,2188.71,Instagram,2024-08-07,customer_csv,CUST_ROW_000290
M001,CUST000291,Hyderabad,Banjara Hills,500034,South,Returning,25-34,Female,2023-10-29,7,4635.01,Instagram,2024-05-23,customer_csv,CUST_ROW_000291
M001,CUST000292,Kochi,Fort Kochi,682001,South,High-Value,18-24,Male,2024-04-26,18,19523.47,WhatsApp,2024-11-26,customer_csv,CUST_ROW_000292
M001,CUST000293,Chennai,Velachery,600042,South,Returning,18-24,Female,2024-06-22,18,17505.36,Facebook,2024-05-17,customer_csv,CUST_ROW_000293
M001,CUST000294,Bangalore,MG Road,560001,South,High-Value,25-34,Male,2023-08-13,35,54898.76,Facebook,2024-04-21,customer_csv,CUST_ROW_000294
M001,CUST000295,Bangalore,JP Nagar,560078,South,Returning,45-54,Male,2024-07-17,5,2537.32,Instagram,2024-08-15,customer_csv,CUST_ROW_000295
M001,CUST000296,Bangalore,HSR Layout,560102,South,Returning,25-34,Female,2024-03-12,17,13158.69,Facebook,2024-09-11,customer_csv,CUST_ROW_000296
M001,CUST000297,Bangalore,JP Nagar,560078,South,New,25-34,Male,2023-03-19,3,1952.21,Instagram,2024-09-13,customer_csv,CUST_ROW_000297
M001,CUST000298,Bangalore,MG Road,560001,South,New,18-24,Male,2023-05-02,1,380.12,Facebook,2024-06-19,customer_csv,CUST_ROW_000298
M001,CUST000299,Bangalore,Jayanagar,560041,South,New,35-44,Female,2023-10-09,2,1105.64,Google Ads,2024-10-05,customer_csv,CUST_ROW_000299
M001,CUST000300,Mumbai,Dadar,400014,West,New,25-34,Other,2024-02-20,1,436.0,Facebook,2024-03-17,customer_csv,CUST_ROW_000300
M001,CUST000301,Hyderabad,Gachibowli,500032,South,Returning,18-24,Male,2024-08-24,20,20121.94,WhatsApp,2024-08-24,customer_csv,CUST_ROW_000301
M001,CUST000302,Bangalore,Indiranagar,560038,South,New,18-24,Female,2024-12-15,4,1219.17,Facebook,2024-10-12,customer_csv,CUST_ROW_000302
M001,CUST000303,Bangalore,Whitefield,560066,South,Returning,18-24,Female,2023-01-10,18,18869.78,Email,2024-06-22,customer_csv,CUST_ROW_000303
M001,CUST000304,Bangalore,JP Nagar,560078,South,Returning,25-34,Female,2024-07-04,12,7930.36,Instagram,2024-01-17,customer_csv,CUST_ROW_000304
M001,CUST000305,Pune,Viman Nagar,411014,West,Returning,35-44,Female,2024-08-10,15,17762.07,Instagram,2024-07-19,customer_csv,CUST_ROW_000305
M001,CUST000306,Bangalore,JP Nagar,560078,South,New,18-24,Female,2024-04-07,3,739.86,Instagram,2024-10-10,customer_csv,CUST_ROW_000306
M001,CUST000307,Bangalore,Bellandur,560103,South,Returning,18-24,Male,2024-01-31,12,6776.57,Instagram,2024-09-25,customer_csv,CUST_ROW_000307
M001,CUST000308,Bangalore,Koramangala,560034,South,New,18-24,Male,2024-02-25,4,1114.07,Instagram,2024-10-01,customer_csv,CUST_ROW_000308
M001,CUST000309,Bangalore,Bellandur,560103,South,New,55+,Female,2023-05-14,2,709.76,Email,2024-12-06,customer_csv,CUST_ROW_000309
M001,CUST000310,Bangalore,Yelahanka,560064,South,Returning,25-34,Male,2024-12-02,17,10546.0,Instagram,2024-03-14,customer_csv,CUST_ROW_000310
M001,CUST000311,Bangalore,JP Nagar,560078,South,Returning,18-24,Male,2024-08-05,18,13826.95,WhatsApp,2024-02-16,customer_csv,CUST_ROW_000311
M001,CUST000312,Bangalore,Electronic City,560100,South,New,35-44,Female,2024-02-05,2,815.05,Instagram,2024-11-12,customer_csv,CUST_ROW_000312
M001,CUST000313,Jaipur,C Scheme,302001,North,High-Value,18-24,Female,2024-02-07,15,18112.23,Google Ads,2024-05-20,customer_csv,CUST_ROW_000313
M001,CUST000314,Kochi,Edapally,682024,South,Returning,18-24,Female,2023-08-11,18,13122.41,WhatsApp,2024-03-03,customer_csv,CUST_ROW_000314
M001,CUST000315,Delhi,Connaught Place,110001,North,Returning,35-44,Male,2023-06-18,11,6224.87,Instagram,2024-01-14,customer_csv,CUST_ROW_000315
M001,CUST000316,Bangalore,Bellandur,560103,South,Returning,25-34,Male,2024-02-13,9,6456.06,Instagram,2024-02-28,customer_csv,CUST_ROW_000316
M001,CUST000317,Pune,Viman Nagar,411014,West,Returning,25-34,Female,2023-03-26,20,18512.36,WhatsApp,2024-08-12,customer_csv,CUST_ROW_000317
M001,CUST000318,Bangalore,Marathahalli,560037,South,High-Value,18-24,Male,2023-04-13,32,41601.47,Email,2024-07-19,customer_csv,CUST_ROW_000318
M001,CUST000319,Bangalore,MG Road,560001,South,Returning,35-44,Male,2024-01-02,8,4586.7,Instagram,2024-12-11,customer_csv,CUST_ROW_000319
M001,CUST000320,Bangalore,Electronic City,560100,South,Returning,35-44,Female,2024-10-18,6,4274.97,Facebook,2024-01-27,customer_csv,CUST_ROW_000320
M001,CUST000321,Bangalore,Koramangala,560034,South,Returning,35-44,Female,2024-01-19,10,5599.89,Instagram,2024-01-15,customer_csv,CUST_ROW_000321
M001,CUST000322,Chennai,Adyar,600020,South,Returning,18-24,Other,2023-04-09,8,7833.67,Instagram,2024-09-19,customer_csv,CUST_ROW_000322
M001,CUST000323,Bangalore,Jayanagar,560041,South,New,25-34,Female,2024-07-08,4,2677.85,Instagram,2024-04-19,customer_csv,CUST_ROW_000323
M001,CUST000324,Bangalore,Jayanagar,560041,South,New,25-34,Male,2024-02-03,2,858.78,Instagram,2024-05-22,customer_csv,CUST_ROW_000324
M001,CUST000325,Bangalore,Jayanagar,560041,South,New,45-54,Male,2024-09-05,4,2766.2,Instagram,2024-10-01,customer_csv,CUST_ROW_000325
M001,CUST000326,Pune,Viman Nagar,411014,West,High-Value,25-34,Other,2024-12-14,59,115193.42,Google Ads,2024-12-21,customer_csv,CUST_ROW_000326
M001,CUST000327,Bangalore,Whitefield,560066,South,Returning,45-54,Male,2024-11-13,18,8172.19,Instagram,2024-10-26,customer_csv,CUST_ROW_000327
M001,CUST000328,Bangalore,Hebbal,560024,South,Returning,18-24,Female,2023-01-14,10,4169.71,WhatsApp,2024-03-04,customer_csv,CUST_ROW_000328
M001,CUST000329,Bangalore,Bellandur,560103,South,Returning,18-24,Male,2023-05-21,14,11185.74,Instagram,2024-07-11,customer_csv,CUST_ROW_000329
M001,CUST000330,Bangalore,Koramangala,560034,South,New,35-44,Other,2024-03-30,3,801.4,Instagram,2024-01-21,customer_csv,CUST_ROW_000330
M001,CUST000331,Bangalore,JP Nagar,560078,South,Returning,18-24,Male,2023-12-06,13,7719.39,Facebook,2024-12-06,customer_csv,CUST_ROW_000331
M001,CUST000332,Hyderabad,Secunderabad,500003,South,High-Value,25-34,Male,2024-10-06,10,9098.49,Email,2024-04-08,customer_csv,CUST_ROW_000332
M001,CUST000333,Bangalore,Whitefield,560066,South,High-Value,18-24,Male,2024-07-16,36,43262.18,Instagram,2024-08-27,customer_csv,CUST_ROW_000333
M001,CUST000334,Bangalore,Bellandur,560103,South,New,25-34,Female,2023-11-07,3,1464.63,Google Ads,2024-04-13,customer_csv,CUST_ROW_000334
M001,CUST000335,Bangalore,Electronic City,560100,South,New,55+,Male,2023-06-21,4,1682.75,Facebook,2024-08-09,customer_csv,CUST_ROW_000335
M001,CUST000336,Jaipur,Malviya Nagar,302017,North,Returning,25-34,Male,2023-11-04,20,10444.78,WhatsApp,2024-05-11,customer_csv,CUST_ROW_000336
M001,CUST000337,Bangalore,Marathahalli,560037,South,Returning,25-34,Female,2023-03-15,13,6621.23,Facebook,2024-03-20,customer_csv,CUST_ROW_000337
M001,CUST000338,Mumbai,Andheri,400053,West,High-Value,35-44,Male,2024-02-19,63,151104.52,Google Ads,2024-07-10,customer_csv,CUST_ROW_000338
M001,CUST000339,Bangalore,Marathahalli,560037,South,Returning,25-34,Male,2023-02-09,6,4247.16,WhatsApp,2024-04-09,customer_csv,CUST_ROW_000339
M001,CUST000340,Kolkata,Ballygunge,700019,East,Returning,25-34,Female,2024-12-14,4,3682.9,LinkedIn,2024-05-06,customer_csv,CUST_ROW_000340
M001,CUST000341,Bangalore,Koramangala,560034,South,High-Value,25-34,Female,2023-01-29,28,34839.34,Email,2024-12-14,customer_csv,CUST_ROW_000341
M001,CUST000342,Bangalore,HSR Layout,560102,South,Returning,55+,Female,2023-01-13,6,6100.67,WhatsApp,2024-07-15,customer_csv,CUST_ROW_000342
M001,CUST000343,Bangalore,Yelahanka,560064,South,High-Value,18-24,Female,2024-03-09,31,68527.8,WhatsApp,2024-06-03,customer_csv,CUST_ROW_000343
M001,CUST000344,Bangalore,Hebbal,560024,South,Returning,25-34,Male,2024-02-26,5,2437.1,WhatsApp,2024-06-25,customer_csv,CUST_ROW_000344
M001,CUST000345,Kolkata,Salt Lake,700064,East,High-Value,25-34,Male,2023-06-22,72,57793.22,Instagram,2024-12-22,customer_csv,CUST_ROW_000345
M001,CUST000346,Bangalore,JP Nagar,560078,South,Returning,35-44,Male,2024-01-19,8,7705.9,Instagram,2024-04-03,customer_csv,CUST_ROW_000346
M001,CUST000347,Bangalore,Indiranagar,560038,South,Returning,35-44,Male,2023-03-02,8,8378.74,Instagram,2024-07-28,customer_csv,CUST_ROW_000347
M001,CUST000348,Bangalore,Yelahanka,560064,South,New,25-34,Male,2023-03-29,4,1049.36,Instagram,2024-01-16,customer_csv,CUST_ROW_000348
M001,CUST000349,Bangalore,Electronic City,560100,South,Returning,35-44,Male,2023-09-30,3,2796.77,WhatsApp,2024-01-22,customer_csv,CUST_ROW_000349
M001,CUST000350,Bangalore,Hebbal,560024,South,Returning,25-34,Female,2023-09-30,18,14014.54,Facebook,2024-08-07,customer_csv,CUST_ROW_000350
M001,CUST000351,Bangalore,MG Road,560001,South,High-Value,55+,Female,2024-01-05,61,88043.78,Instagram,2024-07-01,customer_csv,CUST_ROW_000351
M001,CUST000352,Delhi,Connaught Place,110001,North,Returning,35-44,Female,2023-05-23,3,2644.58,Email,2024-05-23,customer_csv,CUST_ROW_000352
M001,CUST000353,Hyderabad,Madhapur,500081,South,Returning,35-44,Female,2024-06-11,16,14850.92,Instagram,2024-11-22,customer_csv,CUST_ROW_000353
M001,CUST000354,Chennai,T Nagar,600017,South,Returning,45-54,Other,2023-11-30,17,9976.4,Facebook,2024-11-09,customer_csv,CUST_ROW_000354
M001,CUST000355,Chennai,Velachery,600042,South,High-Value,45-54,Female,2024-11-05,22,45061.99,WhatsApp,2024-04-09,customer_csv,CUST_ROW_000355
M001,CUST000356,Kochi,Fort Kochi,682001,South,Returning,35-44,Male,2024-05-24,5,3205.39,WhatsApp,2024-10-07,customer_csv,CUST_ROW_000356
M001,CUST000357,Jaipur,Vaishali Nagar,302021,North,High-Value,55+,Female,2024-07-07,40,48548.21,Facebook,2024-12-03,customer_csv,CUST_ROW_000357
M001,CUST000358,Delhi,Dwarka,110075,North,High-Value,18-24,Female,2023-12-01,59,124060.78,Facebook,2024-05-11,customer_csv,CUST_ROW_000358
M001,CUST000359,Delhi,Lajpat Nagar,110024,North,High-Value,25-34,Female,2024-12-09,52,118679.55,Google Ads,2024-11-03,customer_csv,CUST_ROW_000359
M001,CUST000360,Bangalore,Jayanagar,560041,South,New,35-44,Female,2024-01-26,4,2416.89,Instagram,2024-02-29,customer_csv,CUST_ROW_000360
M001,CUST000361,Bangalore,Indiranagar,560038,South,New,35-44,Female,2023-04-29,3,791.13,Instagram,2024-07-13,customer_csv,CUST_ROW_000361
M001,CUST000362,Bangalore,Koramangala,560034,South,New,25-34,Male,2024-02-02,4,1439.29,Instagram,2024-12-13,customer_csv,CUST_ROW_000362
M001,CUST000363,Pune,Hadapsar,411028,West,Returning,25-34,Male,2023-01-10,20,21637.79,Facebook,2024-05-31,customer_csv,CUST_ROW_000363
M001,CUST000364,Jaipur,C Scheme,302001,North,New,18-24,Female,2024-12-20,1,499.44,Instagram,2024-12-18,customer_csv,CUST_ROW_000364
M001,CUST000365,Bangalore,Bellandur,560103,South,Returning,25-34,Male,2023-10-26,15,6705.75,Email,2024-03-19,customer_csv,CUST_ROW_000365
M001,CUST000366,Hyderabad,Gachibowli,500032,South,Returning,18-24,Female,2023-07-03,18,17674.49,Instagram,2024-12-03,customer_csv,CUST_ROW_000366
M001,CUST000367,Pune,Koregaon Park,411001,West,Returning,25-34,Female,2023-12-23,15,10692.76,Facebook,2024-05-24,customer_csv,CUST_ROW_000367
M001,CUST000368,Bangalore,HSR Layout,560102,South,Returning,25-34,Male,2023-11-28,4,4319.39,WhatsApp,2024-08-22,customer_csv,CUST_ROW_000368
M001,CUST000369,Pune,Kothrud,411038,West,Returning,18-24,Male,2023-08-12,9,8894.3,Instagram,2024-10-21,customer_csv,CUST_ROW_000369
M001,CUST000370,Bangalore,Whitefield,560066,South,New,55+,Female,2023-06-22,1,248.02,Google Ads,2024-04-01,customer_csv,CUST_ROW_000370
M001,CUST000371,Delhi,Karol Bagh,110005,North,Returning,25-34,Other,2024-10-04,15,8940.01,Instagram,2024-07-22,customer_csv,CUST_ROW_000371
M001,CUST000372,Bangalore,Bellandur,560103,South,Returning,18-24,Female,2024-12-09,5,5110.92,Email,2024-11-28,customer_csv,CUST_ROW_000372
M001,CUST000373,Bangalore,MG Road,560001,South,Returning,25-34,Male,2023-03-26,6,4748.25,WhatsApp,2024-09-17,customer_csv,CUST_ROW_000373
M001,CUST000374,Bangalore,Yelahanka,560064,South,Returning,25-34,Male,2023-04-07,8,5657.34,Google Ads,2024-12-25,customer_csv,CUST_ROW_000374
M001,CUST000375,Bangalore,Yelahanka,560064,South,New,25-34,Female,2024-07-04,2,805.33,WhatsApp,2024-07-20,customer_csv,CUST_ROW_000375
M001,CUST000376,Bangalore,Hebbal,560024,South,Returning,25-34,Male,2024-08-21,20,19419.99,WhatsApp,2024-03-04,customer_csv,CUST_ROW_000376
M001,CUST000377,Hyderabad,Banjara Hills,500034,South,New,25-34,Male,2024-07-22,4,2401.03,Instagram,2024-03-06,customer_csv,CUST_ROW_000377
M001,CUST000378,Bangalore,MG Road,560001,South,New,25-34,Female,2023-02-05,1,689.96,Facebook,2024-07-05,customer_csv,CUST_ROW_000378
M001,CUST000379,Pune,Kothrud,411038,West,High-Value,35-44,Male,2023-02-17,76,177676.84,WhatsApp,2024-09-30,customer_csv,CUST_ROW_000379
M001,CUST000380,Bangalore,Yelahanka,560064,South,Returning,25-34,Female,2023-12-27,20,16169.45,WhatsApp,2024-12-05,customer_csv,CUST_ROW_000380
M001,CUST000381,Hyderabad,Banjara Hills,500034,South,New,18-24,Female,2023-05-18,2,991.78,Instagram,2024-11-14,customer_csv,CUST_ROW_000381
M001,CUST000382,Bangalore,Hebbal,560024,South,New,25-34,Female,2024-02-14,4,966.51,Instagram,2024-08-05,customer_csv,CUST_ROW_000382
M001,CUST000383,Pune,Hadapsar,411028,West,New,25-34,Male,2024-10-10,2,1114.44,Facebook,2024-11-27,customer_csv,CUST_ROW_000383
M001,CUST000384,Pune,Kothrud,411038,West,High-Value,25-34,Female,2024-01-24,13,31704.79,Facebook,2024-05-18,customer_csv,CUST_ROW_000384
M001,CUST000385,Bangalore,Indiranagar,560038,South,Returning,25-34,Male,2023-04-02,14,15783.55,WhatsApp,2024-03-15,customer_csv,CUST_ROW_000385
M001,CUST000386,Hyderabad,Madhapur,500081,South,New,25-34,Other,2024-01-23,1,591.37,Instagram,2024-09-26,customer_csv,CUST_ROW_000386
M001,CUST000387,Kolkata,New Town,700156,East,High-Value,25-34,Female,2024-12-18,46,79930.6,Email,2024-01-25,customer_csv,CUST_ROW_000387
M001,CUST000388,Bangalore,JP Nagar,560078,South,New,35-44,Female,2024-06-28,4,1753.72,Instagram,2024-01-05,customer_csv,CUST_ROW_000388
M001,CUST000389,Pune,Hinjewadi,411057,West,New,25-34,Male,2024-10-16,3,1661.25,Instagram,2024-11-07,customer_csv,CUST_ROW_000389
M001,CUST000390,Bangalore,Electronic City,560100,South,New,55+,Female,2024-05-29,3,1013.73,Facebook,2024-04-27,customer_csv,CUST_ROW_000390
M001,CUST000391,Bangalore,Indiranagar,560038,South,High-Value,25-34,Male,2023-04-03,20,18607.57,Facebook,2024-02-17,customer_csv,CUST_ROW_000391
M001,CUST000392,Bangalore,Koramangala,560034,South,New,18-24,Female,2023-01-11,4,2154.07,Google Ads,2024-03-10,customer_csv,CUST_ROW_000392
M001,CUST000393,Bangalore,Hebbal,560024,South,Returning,35-44,Female,2023-05-08,15,6166.8,Instagram,2024-01-04,customer_csv,CUST_ROW_000393
M001,CUST000394,Kochi,Edapally,682024,South,New,35-44,Other,2024-06-24,1,503.69,Google Ads,2024-12-11,customer_csv,CUST_ROW_000394
M001,CUST000395,Kochi,Kakkanad,682030,South,New,25-34,Male,2023-12-28,1,411.36,Instagram,2024-07-10,customer_csv,CUST_ROW_000395
M001,CUST000396,Chennai,Adyar,600020,South,High-Value,45-54,Female,2023-10-25,48,77822.97,WhatsApp,2024-01-02,customer_csv,CUST_ROW_000396
M001,CUST000397,Ahmedabad,Bopal,380058,West,High-Value,45-54,Other,2024-06-11,14,33462.86,Google Ads,2024-09-06,customer_csv,CUST_ROW_000397
M001,CUST000398,Bangalore,Koramangala,560034,South,Returning,25-34,Male,2023-01-06,14,15570.2,Instagram,2024-06-30,customer_csv,CUST_ROW_000398
M001,CUST000399,Bangalore,JP Nagar,560078,South,Returning,18-24,Female,2023-06-07,16,7985.19,Facebook,2024-03-20,customer_csv,CUST_ROW_000399
M001,CUST000400,Kolkata,Salt Lake,700064,East,Returning,25-34,Male,2023-07-06,20,20984.7,Instagram,2024-08-12,customer_csv,CUST_ROW_000400
M001,CUST000401,Jaipur,Vaishali Nagar,302021,North,New,35-44,Male,2024-12-27,2,510.67,Instagram,2024-03-09,customer_csv,CUST_ROW_000401
M001,CUST000402,Bangalore,Bellandur,560103,South,New,18-24,Female,2024-05-05,3,778.19,Facebook,2024-09-10,customer_csv,CUST_ROW_000402
M001,CUST000403,Pune,Viman Nagar,411014,West,Returning,35-44,Male,2024-02-03,7,3414.5,Instagram,2024-01-11,customer_csv,CUST_ROW_000403
M001,CUST000404,Bangalore,Jayanagar,560041,South,Returning,35-44,Male,2024-11-25,13,9668.52,WhatsApp,2024-01-05,customer_csv,CUST_ROW_000404
M001,CUST000405,Bangalore,Marathahalli,560037,South,New,18-24,Male,2024-09-24,2,1129.25,Instagram,2024-05-23,customer_csv,CUST_ROW_000405
M001,CUST000406,Kolkata,Salt Lake,700064,East,Returning,25-34,Female,2023-04-16,19,16888.73,Instagram,2024-10-29,customer_csv,CUST_ROW_000406
M001,CUST000407,Bangalore,Whitefield,560066,South,New,18-24,Male,2023-07-16,2,826.3,Facebook,2024-02-16,customer_csv,CUST_ROW_000407
M001,CUST000408,Ahmedabad,Vastrapur,380054,West,Returning,35-44,Other,2023-08-16,13,9631.19,Instagram,2024-08-06,customer_csv,CUST_ROW_000408
M001,CUST000409,Bangalore,Marathahalli,560037,South,New,25-34,Female,2024-12-29,4,1293.94,LinkedIn,2024-04-03,customer_csv,CUST_ROW_000409
M001,CUST000410,Bangalore,Koramangala,560034,South,Returning,25-34,Male,2023-10-14,6,4468.36,Instagram,2024-09-08,customer_csv,CUST_ROW_000410
M001,CUST000411,Bangalore,Marathahalli,560037,South,New,35-44,Female,2023-05-14,3,1140.85,Email,2024-10-28,customer_csv,CUST_ROW_000411
M001,CUST000412,Bangalore,Jayanagar,560041,South,New,18-24,Female,2023-03-31,1,265.24,WhatsApp,2024-03-02,customer_csv,CUST_ROW_000412
M001,CUST000413,Bangalore,MG Road,560001,South,High-Value,18-24,Male,2023-04-12,19,45620.72,Email,2024-06-03,customer_csv,CUST_ROW_000413
M001,CUST000414,Hyderabad,Secunderabad,500003,South,Returning,18-24,Male,2024-07-17,11,12245.96,WhatsApp,2024-10-13,customer_csv,CUST_ROW_000414
M001,CUST000415,Chennai,Velachery,600042,South,Returning,18-24,Male,2024-05-09,16,13104.16,Google Ads,2024-01-12,customer_csv,CUST_ROW_000415
M001,CUST000416,Bangalore,Marathahalli,560037,South,Returning,18-24,Male,2024-08-02,4,4142.05,WhatsApp,2024-07-22,customer_csv,CUST_ROW_000416
M001,CUST000417,Bangalore,Hebbal,560024,South,High-Value,55+,Male,2024-06-05,59,103618.61,WhatsApp,2024-11-06,customer_csv,CUST_ROW_000417
M001,CUST000418,Bangalore,Whitefield,560066,South,New,25-34,Female,2023-01-10,4,1807.64,WhatsApp,2024-05-12,customer_csv,CUST_ROW_000418
M001,CUST000419,Bangalore,HSR Layout,560102,South,New,18-24,Male,2023-08-18,1,466.78,Instagram,2024-11-23,customer_csv,CUST_ROW_000419
M001,CUST000420,Bangalore,Marathahalli,560037,South,High-Value,18-24,Female,2024-10-19,41,101770.68,Facebook,2024-02-29,customer_csv,CUST_ROW_000420
M001,CUST000421,Bangalore,Jayanagar,560041,South,Returning,55+,Male,2024-12-23,20,12224.61,Instagram,2024-11-09,customer_csv,CUST_ROW_000421
M001,CUST000422,Bangalore,Koramangala,560034,South,Returning,18-24,Male,2023-10-14,8,4838.32,Instagram,2024-12-02,customer_csv,CUST_ROW_000422
M001,CUST000423,Delhi,Dwarka,110075,North,High-Value,18-24,Female,2024-09-10,80,92037.63,WhatsApp,2024-06-15,customer_csv,CUST_ROW_000423
M001,CUST000424,Bangalore,Yelahanka,560064,South,Returning,45-54,Male,2024-04-01,10,9838.5,Facebook,2024-03-16,customer_csv,CUST_ROW_000424
M001,CUST000425,Delhi,Dwarka,110075,North,New,18-24,Female,2023-07-13,4,2686.71,Instagram,2024-05-24,customer_csv,CUST_ROW_000425
M001,CUST000426,Bangalore,Whitefield,560066,South,High-Value,35-44,Female,2023-07-12,18,18791.78,WhatsApp,2024-08-20,customer_csv,CUST_ROW_000426
M001,CUST000427,Ahmedabad,Navrangpura,380009,West,Returning,18-24,Female,2023-01-13,6,4213.8,Instagram,2024-01-07,customer_csv,CUST_ROW_000427
M001,CUST000428,Mumbai,Bandra,400050,West,New,18-24,Male,2024-10-04,1,596.2,Instagram,2024-02-24,customer_csv,CUST_ROW_000428
M001,CUST000429,Bangalore,Jayanagar,560041,South,High-Value,18-24,Male,2024-07-30,66,144295.16,WhatsApp,2024-09-02,customer_csv,CUST_ROW_000429
M001,CUST000430,Bangalore,Koramangala,560034,South,Returning,18-24,Female,2023-01-22,4,1929.01,Instagram,2024-09-18,customer_csv,CUST_ROW_000430
M001,CUST000431,Ahmedabad,Bopal,380058,West,New,18-24,Male,2024-01-30,2,753.31,Instagram,2024-12-16,customer_csv,CUST_ROW_000431
M001,CUST000432,Bangalore,Bellandur,560103,South,High-Value,18-24,Male,2023-04-23,38,36972.16,Google Ads,2024-07-01,customer_csv,CUST_ROW_000432
M001,CUST000433,Bangalore,Jayanagar,560041,South,New,45-54,Female,2023-02-14,2,578.07,Facebook,2024-11-03,customer_csv,CUST_ROW_000433
M001,CUST000434,Bangalore,JP Nagar,560078,South,New,35-44,Male,2023-10-21,3,1913.1,Instagram,2024-09-12,customer_csv,CUST_ROW_000434
M001,CUST000435,Kolkata,Park Street,700016,East,Returning,45-54,Other,2024-11-02,7,4593.43,Facebook,2024-09-01,customer_csv,CUST_ROW_000435
M001,CUST000436,Delhi,Karol Bagh,110005,North,Returning,35-44,Male,2023-11-27,7,3818.49,Facebook,2024-06-12,customer_csv,CUST_ROW_000436
M001,CUST000437,Bangalore,Electronic City,560100,South,Returning,25-34,Female,2023-12-08,7,7291.99,WhatsApp,2024-05-05,customer_csv,CUST_ROW_000437
M001,CUST000438,Bangalore,Hebbal,560024,South,Returning,25-34,Female,2023-08-24,15,7003.41,WhatsApp,2024-09-26,customer_csv,CUST_ROW_000438
M001,CUST000439,Bangalore,Bellandur,560103,South,High-Value,18-24,Male,2024-01-06,10,11455.75,Google Ads,2024-07-04,customer_csv,CUST_ROW_000439
M001,CUST000440,Bangalore,Whitefield,560066,South,High-Value,18-24,Male,2023-05-23,47,74385.03,Google Ads,2024-10-09,customer_csv,CUST_ROW_000440
M001,CUST000441,Ahmedabad,Bopal,380058,West,New,18-24,Female,2023-05-01,2,777.46,Instagram,2024-08-05,customer_csv,CUST_ROW_000441
M001,CUST000442,Bangalore,Bellandur,560103,South,New,25-34,Female,2024-08-31,2,430.19,Instagram,2024-02-10,customer_csv,CUST_ROW_000442
M001,CUST000443,Bangalore,Koramangala,560034,South,Returning,35-44,Male,2023-07-06,18,17907.23,WhatsApp,2024-12-23,customer_csv,CUST_ROW_000443
M001,CUST000444,Jaipur,C Scheme,302001,North,Returning,25-34,Female,2023-01-14,12,5868.16,Instagram,2024-11-24,customer_csv,CUST_ROW_000444
M001,CUST000445,Bangalore,Whitefield,560066,South,Returning,18-24,Female,2024-11-27,17,14336.52,Email,2024-10-19,customer_csv,CUST_ROW_000445
M001,CUST000446,Bangalore,Bellandur,560103,South,New,45-54,Male,2023-04-05,4,2755.85,Instagram,2024-04-18,customer_csv,CUST_ROW_000446
M001,CUST000447,Bangalore,Koramangala,560034,South,New,18-24,Female,2024-07-26,1,608.28,Facebook,2024-06-09,customer_csv,CUST_ROW_000447
M001,CUST000448,Ahmedabad,Vastrapur,380054,West,New,35-44,Female,2023-07-19,3,762.6,Instagram,2024-11-04,customer_csv,CUST_ROW_000448
M001,CUST000449,Chennai,T Nagar,600017,South,New,18-24,Male,2023-08-05,1,578.26,Instagram,2024-10-09,customer_csv,CUST_ROW_000449
M001,CUST000450,Bangalore,Koramangala,560034,South,New,18-24,Female,2023-02-15,4,891.36,Instagram,2024-06-07,customer_csv,CUST_ROW_000450
M001,CUST000451,Bangalore,Jayanagar,560041,South,Returning,55+,Female,2023-11-19,15,14708.26,Google Ads,2024-12-25,customer_csv,CUST_ROW_000451
M001,CUST000452,Chennai,Velachery,600042,South,High-Value,25-34,Female,2023-06-03,13,23376.58,WhatsApp,2024-10-27,customer_csv,CUST_ROW_000452
M001,CUST000453,Mumbai,Dadar,400014,West,New,35-44,Male,2024-10-02,1,676.41,Instagram,2024-04-20,customer_csv,CUST_ROW_000453
M001,CUST000454,Pune,Hinjewadi,411057,West,High-Value,25-34,Other,2024-09-15,76,180985.35,WhatsApp,2024-03-08,customer_csv,CUST_ROW_000454
M001,CUST000455,Bangalore,Jayanagar,560041,South,Returning,45-54,Male,2024-12-30,15,8869.33,Google Ads,2024-11-06,customer_csv,CUST_ROW_000455
M001,CUST000456,Bangalore,Whitefield,560066,South,Returning,55+,Male,2023-01-16,7,7091.38,Facebook,2024-02-14,customer_csv,CUST_ROW_000456
M001,CUST000457,Bangalore,Electronic City,560100,South,New,45-54,Male,2023-10-14,3,1130.05,Instagram,2024-12-29,customer_csv,CUST_ROW_000457
M001,CUST000458,Kolkata,Dum Dum,700028,East,High-Value,35-44,Male,2023-05-24,25,61296.43,Email,2024-07-05,customer_csv,CUST_ROW_000458
M001,CUST000459,Ahmedabad,Vastrapur,380054,West,High-Value,45-54,Male,2024-01-11,75,167716.54,Google Ads,2024-07-10,customer_csv,CUST_ROW_000459
M001,CUST000460,Bangalore,JP Nagar,560078,South,Returning,18-24,Female,2024-11-29,4,3585.96,WhatsApp,2024-05-05,customer_csv,CUST_ROW_000460
M001,CUST000461,Kochi,Ernakulam,682011,South,New,18-24,Male,2024-08-06,4,2507.66,Instagram,2024-08-24,customer_csv,CUST_ROW_000461
M001,CUST000462,Chennai,Velachery,600042,South,Returning,25-34,Female,2023-04-22,5,2721.09,Instagram,2024-07-22,customer_csv,CUST_ROW_000462
M001,CUST000463,Hyderabad,Jubilee Hills,500033,South,New,25-34,Other,2024-05-12,2,1102.29,Facebook,2024-05-22,customer_csv,CUST_ROW_000463
M001,CUST000464,Bangalore,Hebbal,560024,South,New,25-34,Female,2023-11-24,1,693.91,WhatsApp,2024-02-01,customer_csv,CUST_ROW_000464
M001,CUST000465,Chennai,Velachery,600042,South,High-Value,18-24,Male,2023-01-24,64,80559.47,Email,2024-02-12,customer_csv,CUST_ROW_000465
M001,CUST000466,Bangalore,Marathahalli,560037,South,Returning,18-24,Female,2024-03-05,19,10854.39,Email,2024-04-04,customer_csv,CUST_ROW_000466
M001,CUST000467,Delhi,Dwarka,110075,North,New,35-44,Male,2023-12-24,4,1763.25,Facebook,2024-03-23,customer_csv,CUST_ROW_000467
M001,CUST000468,Ahmedabad,Prahlad Nagar,380015,West,High-Value,25-34,Female,2024-07-28,35,32629.62,Email,2024-11-11,customer_csv,CUST_ROW_000468
M001,CUST000469,Bangalore,MG Road,560001,South,High-Value,45-54,Female,2023-11-21,11,11614.47,Email,2024-03-16,customer_csv,CUST_ROW_000469
M001,CUST000470,Bangalore,Jayanagar,560041,South,New,55+,Male,2024-06-17,1,694.12,Google Ads,2024-03-05,customer_csv,CUST_ROW_000470
M001,CUST000471,Bangalore,MG Road,560001,South,High-Value,18-24,Male,2023-07-12,63,124989.38,LinkedIn,2024-11-03,customer_csv,CUST_ROW_000471
M001,CUST000472,Bangalore,Jayanagar,560041,South,New,18-24,Female,2023-01-15,3,1820.67,Instagram,2024-06-06,customer_csv,CUST_ROW_000472
M001,CUST000473,Bangalore,Indiranagar,560038,South,Returning,25-34,Female,2024-02-25,14,9544.77,Facebook,2024-09-24,customer_csv,CUST_ROW_000473
M001,CUST000474,Chennai,T Nagar,600017,South,High-Value,25-34,Male,2024-07-20,30,51680.91,WhatsApp,2024-12-03,customer_csv,CUST_ROW_000474
M001,CUST000475,Ahmedabad,Prahlad Nagar,380015,West,Returning,45-54,Female,2023-04-12,5,5223.76,Instagram,2024-11-28,customer_csv,CUST_ROW_000475
M001,CUST000476,Bangalore,JP Nagar,560078,South,New,35-44,Female,2024-07-11,1,516.76,Facebook,2024-01-17,customer_csv,CUST_ROW_000476
M001,CUST000477,Ahmedabad,Bopal,380058,West,New,25-34,Male,2023-07-20,4,2701.1,Instagram,2024-08-25,customer_csv,CUST_ROW_000477
M001,CUST000478,Bangalore,MG Road,560001,South,Returning,35-44,Male,2024-01-19,10,8060.49,Instagram,2024-12-03,customer_csv,CUST_ROW_000478
M001,CUST000479,Bangalore,JP Nagar,560078,South,Returning,18-24,Female,2023-02-03,3,1262.99,WhatsApp,2024-09-22,customer_csv,CUST_ROW_000479
M001,CUST000480,Chennai,Anna Nagar,600040,South,New,25-34,Male,2024-07-23,4,1185.32,Facebook,2024-01-27,customer_csv,CUST_ROW_000480
M001,CUST000481,Ahmedabad,Bopal,380058,West,High-Value,25-34,Female,2024-02-17,50,83968.55,WhatsApp,2024-02-20,customer_csv,CUST_ROW_000481
M001,CUST000482,Pune,Hadapsar,411028,West,New,25-34,Male,2024-10-04,3,1856.01,Instagram,2024-06-14,customer_csv,CUST_ROW_000482
M001,CUST000483,Bangalore,Indiranagar,560038,South,New,18-24,Female,2023-06-06,1,509.05,Facebook,2024-02-10,customer_csv,CUST_ROW_000483
M001,CUST000484,Bangalore,Koramangala,560034,South,Returning,18-24,Female,2024-10-08,14,7689.42,WhatsApp,2024-04-23,customer_csv,CUST_ROW_000484
M001,CUST000485,Bangalore,Hebbal,560024,South,High-Value,35-44,Female,2024-01-23,43,82591.74,WhatsApp,2024-03-14,customer_csv,CUST_ROW_000485
M001,CUST000486,Bangalore,MG Road,560001,South,High-Value,45-54,Male,2024-09-02,25,24550.76,WhatsApp,2024-04-02,customer_csv,CUST_ROW_000486
M001,CUST000487,Bangalore,Electronic City,560100,South,High-Value,45-54,Male,2023-04-14,72,154962.03,WhatsApp,2024-09-06,customer_csv,CUST_ROW_000487
M001,CUST000488,Delhi,Lajpat Nagar,110024,North,Returning,25-34,Male,2024-04-06,8,4350.76,Instagram,2024-04-01,customer_csv,CUST_ROW_000488
M001,CUST000489,Mumbai,Andheri,400053,West,High-Value,55+,Female,2024-09-20,79,63873.45,Email,2024-05-10,customer_csv,CUST_ROW_000489
M001,CUST000490,Hyderabad,Secunderabad,500003,South,New,18-24,Female,2023-06-06,2,1266.87,Instagram,2024-04-21,customer_csv,CUST_ROW_000490
M001,CUST000491,Bangalore,Whitefield,560066,South,New,35-44,Female,2023-10-02,3,1322.36,Google Ads,2024-06-27,customer_csv,CUST_ROW_000491
M001,CUST000492,Kolkata,Dum Dum,700028,East,Returning,25-34,Female,2024-02-14,9,5400.67,Instagram,2024-05-23,customer_csv,CUST_ROW_000492
M001,CUST000493,Delhi,Karol Bagh,110005,North,Returning,25-34,Male,2023-07-30,18,13441.99,Facebook,2024-11-01,customer_csv,CUST_ROW_000493
M001,CUST000494,Chennai,Porur,600116,South,New,25-34,Male,2023-12-28,3,1946.84,Email,2024-08-18,customer_csv,CUST_ROW_000494
M001,CUST000495,Bangalore,Koramangala,560034,South,High-Value,18-24,Male,2024-09-10,77,107709.96,Instagram,2024-04-02,customer_csv,CUST_ROW_000495
M001,CUST000496,Ahmedabad,Bopal,380058,West,New,18-24,Female,2024-01-16,2,1179.51,Instagram,2024-06-12,customer_csv,CUST_ROW_000496
M001,CUST000497,Chennai,Adyar,600020,South,Returning,35-44,Female,2024-07-29,5,3542.36,WhatsApp,2024-09-26,customer_csv,CUST_ROW_000497
M001,CUST000498,Bangalore,Hebbal,560024,South,New,25-34,Female,2024-11-18,1,486.97,Facebook,2024-12-15,customer_csv,CUST_ROW_000498
M001,CUST000499,Chennai,Anna Nagar,600040,South,New,18-24,Female,2023-02-17,3,1231.86,Instagram,2024-03-28,customer_csv,CUST_ROW_000499
M001,CUST000500,Bangalore,Yelahanka,560064,South,New,25-34,Male,2024-10-21,1,655.82,Instagram,2024-07-25,customer_csv,CUST_ROW_000500
M001,CUST000501,Bangalore,Hebbal,560024,South,High-Value,18-24,Female,2023-03-13,70,67319.26,Google Ads,2024-06-03,customer_csv,CUST_ROW_000501
M001,CUST000502,Bangalore,Jayanagar,560041,South,Returning,25-34,Male,2024-09-19,4,2858.65,WhatsApp,2024-08-20,customer_csv,CUST_ROW_000502
M001,CUST000503,Bangalore,MG Road,560001,South,High-Value,18-24,Male,2024-09-24,23,19545.17,Instagram,2024-01-06,customer_csv,CUST_ROW_000503
M001,CUST000504,Bangalore,Jayanagar,560041,South,High-Value,35-44,Male,2023-04-01,34,69053.44,Google Ads,2024-10-02,customer_csv,CUST_ROW_000504
M001,CUST000505,Mumbai,Dadar,400014,West,High-Value,18-24,Male,2023-11-08,19,23718.39,Email,2024-07-13,customer_csv,CUST_ROW_000505
M001,CUST000506,Bangalore,Whitefield,560066,South,High-Value,25-34,Male,2023-11-23,28,58244.46,Google Ads,2024-07-30,customer_csv,CUST_ROW_000506
M001,CUST000507,Bangalore,MG Road,560001,South,New,25-34,Female,2024-11-08,4,2752.7,Instagram,2024-09-04,customer_csv,CUST_ROW_000507
M001,CUST000508,Bangalore,Marathahalli,560037,South,Returning,35-44,Male,2023-09-06,9,8603.75,Instagram,2024-09-10,customer_csv,CUST_ROW_000508
M001,CUST000509,Bangalore,Koramangala,560034,South,Returning,25-34,Male,2024-05-14,6,4034.16,Email,2024-09-27,customer_csv,CUST_ROW_000509
M001,CUST000510,Bangalore,Jayanagar,560041,South,Returning,25-34,Female,2023-06-07,19,9206.04,Instagram,2024-07-05,customer_csv,CUST_ROW_000510
M001,CUST000511,Bangalore,Electronic City,560100,South,High-Value,25-34,Female,2023-07-12,18,22901.86,Facebook,2024-06-06,customer_csv,CUST_ROW_000511
M001,CUST000512,Delhi,Lajpat Nagar,110024,North,Returning,18-24,Male,2023-01-17,17,9343.6,Instagram,2024-12-04,customer_csv,CUST_ROW_000512
M001,CUST000513,Bangalore,Jayanagar,560041,South,New,45-54,Male,2024-03-17,2,550.62,Facebook,2024-09-17,customer_csv,CUST_ROW_000513
M001,CUST000514,Bangalore,Electronic City,560100,South,New,18-24,Female,2024-03-08,2,694.01,Facebook,2024-10-31,customer_csv,CUST_ROW_000514
M001,CUST000515,Bangalore,Yelahanka,560064,South,Returning,25-34,Female,2024-10-23,10,11671.77,Instagram,2024-01-28,customer_csv,CUST_ROW_000515
M001,CUST000516,Kolkata,Salt Lake,700064,East,New,18-24,Male,2024-09-27,4,1583.82,Instagram,2024-12-20,customer_csv,CUST_ROW_000516
M001,CUST000517,Bangalore,HSR Layout,560102,South,New,18-24,Female,2024-12-23,3,1700.82,Instagram,2024-09-14,customer_csv,CUST_ROW_000517
M001,CUST000518,Jaipur,Mansarovar,302020,North,High-Value,35-44,Male,2024-11-28,18,19499.35,WhatsApp,2024-08-21,customer_csv,CUST_ROW_000518
M001,CUST000519,Bangalore,Koramangala,560034,South,Returning,25-34,Male,2023-09-28,5,2682.9,WhatsApp,2024-01-05,customer_csv,CUST_ROW_000519
M001,CUST000520,Bangalore,Electronic City,560100,South,Returning,25-34,Male,2023-04-23,4,4220.56,WhatsApp,2024-05-28,customer_csv,CUST_ROW_000520
M001,CUST000521,Kochi,Fort Kochi,682001,South,New,18-24,Male,2023-11-08,3,1278.92,WhatsApp,2024-10-06,customer_csv,CUST_ROW_000521
M001,CUST000522,Bangalore,Electronic City,560100,South,New,25-34,Female,2023-11-05,3,1937.06,WhatsApp,2024-11-01,customer_csv,CUST_ROW_000522
M001,CUST000523,Bangalore,Marathahalli,560037,South,Returning,35-44,Male,2024-02-25,10,9274.94,Instagram,2024-09-11,customer_csv,CUST_ROW_000523
M001,CUST000524,Bangalore,Yelahanka,560064,South,Returning,55+,Male,2023-04-02,9,10228.66,Facebook,2024-02-25,customer_csv,CUST_ROW_000524
M001,CUST000525,Kochi,Vyttila,682019,South,High-Value,45-54,Male,2024-11-26,54,124717.93,WhatsApp,2024-08-01,customer_csv,CUST_ROW_000525
M001,CUST000526,Kolkata,Ballygunge,700019,East,New,25-34,Female,2024-09-19,1,416.73,Facebook,2024-06-26,customer_csv,CUST_ROW_000526
M001,CUST000527,Bangalore,Koramangala,560034,South,Returning,35-44,Female,2023-06-03,19,22293.41,WhatsApp,2024-12-06,customer_csv,CUST_ROW_000527
M001,CUST000528,Bangalore,Electronic City,560100,South,New,35-44,Male,2023-02-11,2,683.02,Facebook,2024-01-28,customer_csv,CUST_ROW_000528
M001,CUST000529,Bangalore,Koramangala,560034,South,Returning,35-44,Male,2023-09-15,7,4761.22,Instagram,2024-09-14,customer_csv,CUST_ROW_000529
M001,CUST000530,Kochi,Kakkanad,682030,South,High-Value,35-44,Male,2023-07-21,65,116667.34,Instagram,2024-04-22,customer_csv,CUST_ROW_000530
M001,CUST000531,Bangalore,Jayanagar,560041,South,New,35-44,Male,2024-02-13,1,646.52,Google Ads,2024-11-01,customer_csv,CUST_ROW_000531
M001,CUST000532,Bangalore,Yelahanka,560064,South,Returning,45-54,Female,2023-05-23,9,5400.15,Facebook,2024-04-12,customer_csv,CUST_ROW_000532
M001,CUST000533,Bangalore,Indiranagar,560038,South,New,45-54,Female,2023-07-07,4,2364.81,Email,2024-02-19,customer_csv,CUST_ROW_000533
M001,CUST000534,Bangalore,Electronic City,560100,South,Returning,25-34,Female,2024-01-02,17,11617.04,Facebook,2024-07-29,customer_csv,CUST_ROW_000534
M001,CUST000535,Bangalore,Hebbal,560024,South,New,35-44,Male,2023-05-24,3,1779.95,Facebook,2024-07-10,customer_csv,CUST_ROW_000535
M001,CUST000536,Bangalore,Hebbal,560024,South,High-Value,45-54,Male,2024-02-07,26,38610.04,Instagram,2024-09-22,customer_csv,CUST_ROW_000536
M001,CUST000537,Bangalore,Koramangala,560034,South,New,18-24,Other,2023-04-20,3,1491.51,Email,2024-10-16,customer_csv,CUST_ROW_000537
M001,CUST000538,Bangalore,Jayanagar,560041,South,High-Value,18-24,Female,2024-06-07,16,31882.78,Email,2024-10-14,customer_csv,CUST_ROW_000538
M001,CUST000539,Jaipur,Vaishali Nagar,302021,North,New,35-44,Female,2023-11-05,3,1678.71,Google Ads,2024-09-05,customer_csv,CUST_ROW_000539
M001,CUST000540,Bangalore,HSR Layout,560102,South,New,18-24,Female,2023-05-04,1,323.6,Instagram,2024-01-13,customer_csv,CUST_ROW_000540
M001,CUST000541,Jaipur,C Scheme,302001,North,New,18-24,Male,2023-07-08,2,1241.72,Facebook,2024-11-09,customer_csv,CUST_ROW_000541
M001,CUST000542,Delhi,Dwarka,110075,North,New,18-24,Male,2024-11-04,2,570.78,WhatsApp,2024-10-06,customer_csv,CUST_ROW_000542
M001,CUST000543,Bangalore,Electronic City,560100,South,New,35-44,Other,2024-05-19,3,1601.55,Instagram,2024-12-23,customer_csv,CUST_ROW_000543
M001,CUST000544,Jaipur,C Scheme,302001,North,High-Value,18-24,Male,2023-05-04,59,48305.27,WhatsApp,2024-11-26,customer_csv,CUST_ROW_000544
M001,CUST000545,Jaipur,Malviya Nagar,302017,North,High-Value,25-34,Male,2024-04-14,45,36697.68,Facebook,2024-09-13,customer_csv,CUST_ROW_000545
M001,CUST000546,Kochi,Kakkanad,682030,South,New,35-44,Male,2023-03-06,2,1055.92,Instagram,2024-10-15,customer_csv,CUST_ROW_000546
M001,CUST000547,Bangalore,Bellandur,560103,South,High-Value,18-24,Female,2024-11-05,48,113755.72,Instagram,2024-11-26,customer_csv,CUST_ROW_000547
M001,CUST000548,Bangalore,Electronic City,560100,South,Returning,18-24,Female,2024-06-03,19,11540.24,WhatsApp,2024-10-28,customer_csv,CUST_ROW_000548
M001,CUST000549,Chennai,Porur,600116,South,Returning,25-34,Male,2023-06-12,10,4772.32,Instagram,2024-12-13,customer_csv,CUST_ROW_000549
M001,CUST000550,Bangalore,HSR Layout,560102,South,High-Value,35-44,Female,2023-08-31,23,53581.96,Facebook,2024-07-15,customer_csv,CUST_ROW_000550
M001,CUST000551,Ahmedabad,Navrangpura,380009,West,New,18-24,Male,2023-03-16,4,2326.7,Facebook,2024-01-16,customer_csv,CUST_ROW_000551
M001,CUST000552,Chennai,T Nagar,600017,South,Returning,25-34,Other,2024-08-10,20,11195.75,Instagram,2024-08-12,customer_csv,CUST_ROW_000552
M001,CUST000553,Hyderabad,Gachibowli,500032,South,Returning,25-34,Female,2023-07-16,5,4328.43,WhatsApp,2024-12-08,customer_csv,CUST_ROW_000553
M001,CUST000554,Bangalore,Koramangala,560034,South,High-Value,45-54,Male,2024-02-22,79,179301.16,WhatsApp,2024-12-15,customer_csv,CUST_ROW_000554
M001,CUST000555,Kochi,Vyttila,682019,South,New,18-24,Female,2024-05-27,3,1134.73,LinkedIn,2024-03-11,customer_csv,CUST_ROW_000555
M001,CUST000556,Jaipur,C Scheme,302001,North,Returning,45-54,Female,2023-05-11,19,12133.05,Instagram,2024-04-28,customer_csv,CUST_ROW_000556
M001,CUST000557,Bangalore,Hebbal,560024,South,New,18-24,Female,2023-09-15,4,2206.55,Instagram,2024-03-21,customer_csv,CUST_ROW_000557
M001,CUST000558,Delhi,Karol Bagh,110005,North,Returning,45-54,Female,2024-05-27,12,8632.51,Instagram,2024-12-23,customer_csv,CUST_ROW_000558
M001,CUST000559,Jaipur,Mansarovar,302020,North,Returning,18-24,Male,2023-07-25,13,14435.49,Instagram,2024-04-14,customer_csv,CUST_ROW_000559
M001,CUST000560,Bangalore,Bellandur,560103,South,New,35-44,Female,2023-03-05,2,893.56,Email,2024-10-15,customer_csv,CUST_ROW_000560
M001,CUST000561,Mumbai,Dadar,400014,West,High-Value,45-54,Female,2024-09-19,20,46175.63,Email,2024-03-07,customer_csv,CUST_ROW_000561
M001,CUST000562,Bangalore,Koramangala,560034,South,New,25-34,Male,2023-12-25,4,1755.19,WhatsApp,2024-04-26,customer_csv,CUST_ROW_000562
M001,CUST000563,Bangalore,Koramangala,560034,South,New,35-44,Male,2024-09-14,4,2163.88,WhatsApp,2024-10-09,customer_csv,CUST_ROW_000563
M001,CUST000564,Bangalore,JP Nagar,560078,South,Returning,35-44,Male,2024-03-13,20,10204.33,Facebook,2024-11-11,customer_csv,CUST_ROW_000564
M001,CUST000565,Chennai,Anna Nagar,600040,South,New,25-34,Male,2023-08-26,1,494.31,Instagram,2024-10-01,customer_csv,CUST_ROW_000565
M001,CUST000566,Bangalore,Koramangala,560034,South,High-Value,18-24,Male,2023-02-28,26,40184.17,WhatsApp,2024-06-09,customer_csv,CUST_ROW_000566
M001,CUST000567,Bangalore,MG Road,560001,South,High-Value,55+,Male,2024-02-12,71,136170.25,Email,2024-02-09,customer_csv,CUST_ROW_000567
M001,CUST000568,Bangalore,Hebbal,560024,South,New,35-44,Female,2023-08-14,4,2226.27,Google Ads,2024-10-09,customer_csv,CUST_ROW_000568
M001,CUST000569,Bangalore,MG Road,560001,South,New,45-54,Male,2024-07-08,1,227.0,Google Ads,2024-12-27,customer_csv,CUST_ROW_000569
M001,CUST000570,Jaipur,Mansarovar,302020,North,New,45-54,Female,2024-06-17,2,704.94,Facebook,2024-03-03,customer_csv,CUST_ROW_000570
M001,CUST000571,Bangalore,Whitefield,560066,South,New,18-24,Male,2024-04-09,1,210.64,Email,2024-05-18,customer_csv,CUST_ROW_000571
M001,CUST000572,Bangalore,JP Nagar,560078,South,New,55+,Male,2024-09-16,4,1790.71,LinkedIn,2024-07-15,customer_csv,CUST_ROW_000572
M001,CUST000573,Bangalore,HSR Layout,560102,South,New,18-24,Male,2023-02-23,3,646.96,WhatsApp,2024-01-14,customer_csv,CUST_ROW_000573
M001,CUST000574,Chennai,Anna Nagar,600040,South,High-Value,25-34,Female,2023-12-16,65,147664.52,LinkedIn,2024-01-30,customer_csv,CUST_ROW_000574
M001,CUST000575,Kochi,Vyttila,682019,South,High-Value,45-54,Male,2024-07-01,69,104915.85,Email,2024-09-22,customer_csv,CUST_ROW_000575
M001,CUST000576,Bangalore,JP Nagar,560078,South,Returning,55+,Male,2023-01-16,11,11436.38,Google Ads,2024-02-13,customer_csv,CUST_ROW_000576
M001,CUST000577,Kochi,Edapally,682024,South,New,25-34,Female,2024-01-06,3,1588.84,WhatsApp,2024-11-07,customer_csv,CUST_ROW_000577
M001,CUST000578,Bangalore,Marathahalli,560037,South,Returning,25-34,Male,2023-07-03,17,13093.05,Facebook,2024-08-26,customer_csv,CUST_ROW_000578
M001,CUST000579,Bangalore,Jayanagar,560041,South,Returning,35-44,Male,2023-03-01,5,3105.78,WhatsApp,2024-06-09,customer_csv,CUST_ROW_000579
M001,CUST000580,Jaipur,Vaishali Nagar,302021,North,New,35-44,Male,2024-05-21,2,627.42,Instagram,2024-11-12,customer_csv,CUST_ROW_000580
M001,CUST000581,Hyderabad,Banjara Hills,500034,South,Returning,18-24,Female,2024-03-26,13,5636.34,WhatsApp,2024-02-01,customer_csv,CUST_ROW_000581
M001,CUST000582,Kolkata,Ballygunge,700019,East,New,35-44,Female,2024-07-07,1,500.29,Instagram,2024-02-09,customer_csv,CUST_ROW_000582
M001,CUST000583,Bangalore,Indiranagar,560038,South,Returning,18-24,Male,2024-01-16,16,7313.83,Facebook,2024-05-24,customer_csv,CUST_ROW_000583
M001,CUST000584,Bangalore,Jayanagar,560041,South,Returning,25-34,Other,2024-10-29,14,10871.67,Google Ads,2024-11-14,customer_csv,CUST_ROW_000584
M001,CUST000585,Bangalore,Jayanagar,560041,South,New,45-54,Female,2023-01-27,1,504.52,Email,2024-09-18,customer_csv,CUST_ROW_000585
M001,CUST000586,Kochi,Fort Kochi,682001,South,Returning,45-54,Male,2024-08-19,4,3702.59,Instagram,2024-11-28,customer_csv,CUST_ROW_000586
M001,CUST000587,Bangalore,Indiranagar,560038,South,High-Value,55+,Female,2024-08-11,80,163817.37,Email,2024-03-03,customer_csv,CUST_ROW_000587
M001,CUST000588,Kochi,Ernakulam,682011,South,Returning,35-44,Female,2023-11-21,11,6116.21,WhatsApp,2024-05-04,customer_csv,CUST_ROW_000588
M001,CUST000589,Bangalore,Jayanagar,560041,South,New,25-34,Other,2024-12-10,2,845.01,Google Ads,2024-07-28,customer_csv,CUST_ROW_000589
M001,CUST000590,Bangalore,Jayanagar,560041,South,Returning,18-24,Male,2024-05-10,10,7591.74,Facebook,2024-10-18,customer_csv,CUST_ROW_000590
M001,CUST000591,Pune,Hadapsar,411028,West,New,45-54,Female,2024-11-12,2,1005.55,WhatsApp,2024-06-23,customer_csv,CUST_ROW_000591
M001,CUST000592,Bangalore,Indiranagar,560038,South,Returning,25-34,Male,2024-05-21,9,10079.08,Email,2024-01-08,customer_csv,CUST_ROW_000592
M001,CUST000593,Bangalore,JP Nagar,560078,South,New,25-34,Female,2023-04-14,2,1269.46,Email,2024-01-13,customer_csv,CUST_ROW_000593
M001,CUST000594,Delhi,Lajpat Nagar,110024,North,Returning,25-34,Male,2024-03-08,14,7027.47,WhatsApp,2024-05-03,customer_csv,CUST_ROW_000594
M001,CUST000595,Delhi,Rohini,110085,North,High-Value,45-54,Female,2024-09-23,23,57270.64,Instagram,2024-06-30,customer_csv,CUST_ROW_000595
M001,CUST000596,Ahmedabad,Vastrapur,380054,West,Returning,25-34,Female,2024-12-17,7,6907.28,WhatsApp,2024-10-28,customer_csv,CUST_ROW_000596
M001,CUST000597,Kochi,Ernakulam,682011,South,New,18-24,Female,2024-11-21,4,1558.75,Facebook,2024-09-17,customer_csv,CUST_ROW_000597
M001,CUST000598,Kolkata,Park Street,700016,East,New,25-34,Male,2024-06-14,4,1370.51,Instagram,2024-04-01,customer_csv,CUST_ROW_000598
M001,CUST000599,Mumbai,Bandra,400050,West,Returning,18-24,Female,2023-11-18,6,4067.26,Instagram,2024-05-27,customer_csv,CUST_ROW_000599
M001,CUST000600,Bangalore,Electronic City,560100,South,New,18-24,Female,2023-09-23,1,662.26,WhatsApp,2024-03-13,customer_csv,CUST_ROW_000600
M001,CUST000601,Bangalore,Hebbal,560024,South,High-Value,35-44,Male,2023-02-10,79,135442.11,Facebook,2024-09-07,customer_csv,CUST_ROW_000601
M001,CUST000602,Mumbai,Dadar,400014,West,New,45-54,Female,2024-03-31,2,1231.04,Instagram,2024-02-26,customer_csv,CUST_ROW_000602
M001,CUST000603,Delhi,Dwarka,110075,North,High-Value,25-34,Male,2023-05-21,45,91969.98,Instagram,2024-06-30,customer_csv,CUST_ROW_000603
M001,CUST000604,Hyderabad,Banjara Hills,500034,South,New,25-34,Male,2024-10-07,1,553.4,Instagram,2024-01-20,customer_csv,CUST_ROW_000604
M001,CUST000605,Bangalore,Bellandur,560103,South,Returning,25-34,Female,2024-11-07,4,4637.38,WhatsApp,2024-05-05,customer_csv,CUST_ROW_000605
M001,CUST000606,Bangalore,JP Nagar,560078,South,High-Value,18-24,Male,2024-04-26,29,47086.2,Facebook,2024-09-11,customer_csv,CUST_ROW_000606
M001,CUST000607,Bangalore,HSR Layout,560102,South,Returning,18-24,Female,2023-08-08,3,2242.37,Facebook,2024-11-08,customer_csv,CUST_ROW_000607
M001,CUST000608,Bangalore,Whitefield,560066,South,New,35-44,Female,2024-10-08,2,1037.71,Facebook,2024-12-02,customer_csv,CUST_ROW_000608
M001,CUST000609,Kolkata,Salt Lake,700064,East,High-Value,35-44,Female,2024-10-07,60,108979.89,Email,2024-05-31,customer_csv,CUST_ROW_000609
M001,CUST000610,Bangalore,Indiranagar,560038,South,High-Value,45-54,Female,2024-03-05,67,90662.72,Email,2024-02-29,customer_csv,CUST_ROW_000610
M001,CUST000611,Bangalore,Jayanagar,560041,South,Returning,25-34,Male,2023-05-12,18,19297.74,Email,2024-11-03,customer_csv,CUST_ROW_000611
M001,CUST000612,Bangalore,HSR Layout,560102,South,New,18-24,Male,2024-02-23,1,481.13,Instagram,2024-12-11,customer_csv,CUST_ROW_000612
M001,CUST000613,Bangalore,JP Nagar,560078,South,High-Value,25-34,Male,2023-02-25,44,71515.8,Facebook,2024-11-21,customer_csv,CUST_ROW_000613
M001,CUST000614,Kolkata,Dum Dum,700028,East,Returning,25-34,Male,2023-07-31,6,6949.81,WhatsApp,2024-06-17,customer_csv,CUST_ROW_000614
M001,CUST000615,Bangalore,Hebbal,560024,South,New,35-44,Female,2023-04-03,3,1968.34,WhatsApp,2024-10-10,customer_csv,CUST_ROW_000615
M001,CUST000616,Bangalore,Koramangala,560034,South,Returning,25-34,Male,2023-06-10,20,14328.42,WhatsApp,2024-05-28,customer_csv,CUST_ROW_000616
M001,CUST000617,Chennai,Anna Nagar,600040,South,Returning,25-34,Male,2023-01-14,4,4305.54,WhatsApp,2024-09-26,customer_csv,CUST_ROW_000617
M001,CUST000618,Bangalore,JP Nagar,560078,South,Returning,18-24,Male,2023-01-25,10,9052.44,WhatsApp,2024-01-18,customer_csv,CUST_ROW_000618
M001,CUST000619,Bangalore,Indiranagar,560038,South,High-Value,25-34,Male,2023-10-04,20,18601.92,Email,2024-12-26,customer_csv,CUST_ROW_000619
M001,CUST000620,Ahmedabad,Navrangpura,380009,West,New,35-44,Female,2023-06-05,1,567.94,WhatsApp,2024-04-09,customer_csv,CUST_ROW_000620
M001,CUST000621,Kolkata,Ballygunge,700019,East,Returning,35-44,Male,2024-04-14,9,4317.69,Google Ads,2024-10-22,customer_csv,CUST_ROW_000621
M001,CUST000622,Bangalore,Marathahalli,560037,South,Returning,18-24,Male,2023-10-13,18,11295.69,WhatsApp,2024-09-16,customer_csv,CUST_ROW_000622
M001,CUST000623,Bangalore,Koramangala,560034,South,High-Value,35-44,Other,2024-07-13,23,36083.77,Email,2024-01-13,customer_csv,CUST_ROW_000623
M001,CUST000624,Bangalore,HSR Layout,560102,South,Returning,25-34,Male,2023-11-15,13,6695.22,WhatsApp,2024-02-12,customer_csv,CUST_ROW_000624
M001,CUST000625,Bangalore,Whitefield,560066,South,New,45-54,Female,2023-03-27,2,803.2,Email,2024-09-24,customer_csv,CUST_ROW_000625
M001,CUST000626,Hyderabad,Banjara Hills,500034,South,Returning,18-24,Male,2023-12-12,7,3004.45,WhatsApp,2024-11-02,customer_csv,CUST_ROW_000626
M001,CUST000627,Bangalore,Koramangala,560034,South,New,18-24,Female,2024-05-15,4,1426.03,WhatsApp,2024-06-13,customer_csv,CUST_ROW_000627
M001,CUST000628,Bangalore,Electronic City,560100,South,Returning,45-54,Other,2023-03-25,6,4443.37,Instagram,2024-03-06,customer_csv,CUST_ROW_000628
M001,CUST000629,Pune,Hadapsar,411028,West,Returning,18-24,Male,2023-04-27,4,4433.61,Facebook,2024-11-16,customer_csv,CUST_ROW_000629
M001,CUST000630,Jaipur,Vaishali Nagar,302021,North,Returning,25-34,Male,2023-10-31,6,4490.3,Instagram,2024-12-12,customer_csv,CUST_ROW_000630
M001,CUST000631,Bangalore,Jayanagar,560041,South,Returning,25-34,Female,2023-05-25,12,9823.21,Instagram,2024-11-10,customer_csv,CUST_ROW_000631
M001,CUST000632,Chennai,Porur,600116,South,Returning,25-34,Male,2023-12-05,7,3719.73,WhatsApp,2024-08-30,customer_csv,CUST_ROW_000632
M001,CUST000633,Bangalore,JP Nagar,560078,South,New,25-34,Other,2023-01-06,3,1652.2,Instagram,2024-02-18,customer_csv,CUST_ROW_000633
M001,CUST000634,Bangalore,Jayanagar,560041,South,New,25-34,Female,2023-03-10,3,1554.52,LinkedIn,2024-06-25,customer_csv,CUST_ROW_000634
M001,CUST000635,Bangalore,HSR Layout,560102,South,New,35-44,Female,2024-08-21,3,1150.91,WhatsApp,2024-05-10,customer_csv,CUST_ROW_000635
M001,CUST000636,Bangalore,MG Road,560001,South,Returning,18-24,Male,2023-08-10,11,5969.26,WhatsApp,2024-03-05,customer_csv,CUST_ROW_000636
M001,CUST000637,Ahmedabad,Prahlad Nagar,380015,West,Returning,45-54,Female,2024-09-22,18,10214.02,Instagram,2024-04-28,customer_csv,CUST_ROW_000637
M001,CUST000638,Delhi,Karol Bagh,110005,North,New,18-24,Female,2023-11-28,1,647.98,Instagram,2024-09-18,customer_csv,CUST_ROW_000638
M001,CUST000639,Ahmedabad,Vastrapur,380054,West,New,25-34,Male,2024-07-27,4,1554.62,Instagram,2024-08-30,customer_csv,CUST_ROW_000639
M001,CUST000640,Bangalore,Hebbal,560024,South,New,18-24,Female,2023-08-08,2,1345.49,Email,2024-12-30,customer_csv,CUST_ROW_000640
M001,CUST000641,Bangalore,JP Nagar,560078,South,Returning,25-34,Female,2024-12-02,6,5077.94,Facebook,2024-06-27,customer_csv,CUST_ROW_000641
M001,CUST000642,Bangalore,Jayanagar,560041,South,High-Value,35-44,Male,2024-03-10,37,68407.68,Google Ads,2024-04-07,customer_csv,CUST_ROW_000642
M001,CUST000643,Bangalore,Whitefield,560066,South,High-Value,55+,Male,2024-01-05,77,87110.92,Email,2024-06-17,customer_csv,CUST_ROW_000643
M001,CUST000644,Bangalore,Jayanagar,560041,South,High-Value,25-34,Male,2023-10-07,14,26603.79,Email,2024-07-22,customer_csv,CUST_ROW_000644
M001,CUST000645,Bangalore,Bellandur,560103,South,Returning,18-24,Male,2024-08-08,3,3271.64,LinkedIn,2024-11-07,customer_csv,CUST_ROW_000645
M001,CUST000646,Bangalore,Electronic City,560100,South,New,35-44,Female,2024-07-12,1,219.1,Instagram,2024-12-31,customer_csv,CUST_ROW_000646
M001,CUST000647,Bangalore,Bellandur,560103,South,New,45-54,Male,2023-05-03,1,421.69,WhatsApp,2024-06-09,customer_csv,CUST_ROW_000647
M001,CUST000648,Bangalore,Hebbal,560024,South,New,45-54,Female,2023-01-18,3,1855.91,Email,2024-06-11,customer_csv,CUST_ROW_000648
M001,CUST000649,Pune,Hadapsar,411028,West,Returning,25-34,Male,2024-11-11,15,10996.54,WhatsApp,2024-02-01,customer_csv,CUST_ROW_000649
M001,CUST000650,Bangalore,Hebbal,560024,South,New,18-24,Male,2023-02-15,3,1512.79,WhatsApp,2024-07-28,customer_csv,CUST_ROW_000650
M001,CUST000651,Bangalore,Bellandur,560103,South,High-Value,45-54,Male,2024-07-28,54,54006.2,Email,2024-12-22,customer_csv,CUST_ROW_000651
M001,CUST000652,Bangalore,Electronic City,560100,South,New,45-54,Male,2023-03-30,2,717.5,Facebook,2024-01-11,customer_csv,CUST_ROW_000652
M001,CUST000653,Mumbai,Bandra,400050,West,Returning,25-34,Female,2023-09-10,12,12838.16,WhatsApp,2024-04-07,customer_csv,CUST_ROW_000653
M001,CUST000654,Pune,Viman Nagar,411014,West,New,35-44,Male,2023-05-24,3,1220.97,Email,2024-05-19,customer_csv,CUST_ROW_000654
M001,CUST000655,Pune,Viman Nagar,411014,West,New,25-34,Male,2023-12-30,3,1123.29,Facebook,2024-08-18,customer_csv,CUST_ROW_000655
M001,CUST000656,Pune,Koregaon Park,411001,West,High-Value,25-34,Male,2024-08-05,36,89617.84,WhatsApp,2024-11-26,customer_csv,CUST_ROW_000656
M001,CUST000657,Kolkata,Salt Lake,700064,East,New,55+,Female,2023-10-03,1,456.64,Instagram,2024-04-21,customer_csv,CUST_ROW_000657
M001,CUST000658,Bangalore,Koramangala,560034,South,High-Value,25-34,Female,2024-05-01,27,43046.63,WhatsApp,2024-10-15,customer_csv,CUST_ROW_000658
M001,CUST000659,Bangalore,Yelahanka,560064,South,High-Value,25-34,Male,2024-01-03,11,11768.63,Email,2024-06-21,customer_csv,CUST_ROW_000659
M001,CUST000660,Bangalore,Indiranagar,560038,South,New,25-34,Male,2024-07-13,2,1152.05,Facebook,2024-11-11,customer_csv,CUST_ROW_000660
M001,CUST000661,Bangalore,Yelahanka,560064,South,Returning,35-44,Female,2023-09-07,11,10765.68,WhatsApp,2024-09-04,customer_csv,CUST_ROW_000661
M001,CUST000662,Kolkata,Park Street,700016,East,High-Value,45-54,Female,2024-06-03,23,34860.55,LinkedIn,2024-10-22,customer_csv,CUST_ROW_000662
M001,CUST000663,Bangalore,Koramangala,560034,South,New,18-24,Male,2024-09-03,2,1351.49,Facebook,2024-03-12,customer_csv,CUST_ROW_000663
M001,CUST000664,Bangalore,Jayanagar,560041,South,Returning,18-24,Male,2023-05-25,14,10737.59,Instagram,2024-01-01,customer_csv,CUST_ROW_000664
M001,CUST000665,Hyderabad,Gachibowli,500032,South,New,18-24,Male,2023-07-28,4,980.33,Instagram,2024-12-16,customer_csv,CUST_ROW_000665
M001,CUST000666,Bangalore,Jayanagar,560041,South,New,18-24,Male,2024-07-17,4,2197.56,Google Ads,2024-12-08,customer_csv,CUST_ROW_000666
M001,CUST000667,Bangalore,Electronic City,560100,South,Returning,35-44,Male,2023-05-12,13,13135.66,Instagram,2024-06-16,customer_csv,CUST_ROW_000667
M001,CUST000668,Ahmedabad,Satellite,380015,West,New,18-24,Female,2024-08-23,1,310.85,Facebook,2024-04-30,customer_csv,CUST_ROW_000668
M001,CUST000669,Bangalore,Jayanagar,560041,South,Returning,18-24,Female,2024-02-12,5,4582.31,Instagram,2024-04-06,customer_csv,CUST_ROW_000669
M001,CUST000670,Bangalore,Marathahalli,560037,South,Returning,25-34,Female,2024-03-11,7,4395.8,Facebook,2024-09-03,customer_csv,CUST_ROW_000670
M001,CUST000671,Bangalore,JP Nagar,560078,South,New,25-34,Female,2023-04-19,4,2412.46,Instagram,2024-02-21,customer_csv,CUST_ROW_000671
M001,CUST000672,Ahmedabad,Navrangpura,380009,West,New,18-24,Female,2024-12-03,4,823.18,WhatsApp,2024-12-09,customer_csv,CUST_ROW_000672
M001,CUST000673,Bangalore,Koramangala,560034,South,New,18-24,Female,2024-09-10,4,1804.12,WhatsApp,2024-12-30,customer_csv,CUST_ROW_000673
M001,CUST000674,Bangalore,Hebbal,560024,South,High-Value,18-24,Male,2024-03-10,78,163124.39,Google Ads,2024-02-10,customer_csv,CUST_ROW_000674
M001,CUST000675,Bangalore,Jayanagar,560041,South,High-Value,35-44,Male,2024-06-11,68,104673.06,Email,2024-01-21,customer_csv,CUST_ROW_000675
M001,CUST000676,Bangalore,Electronic City,560100,South,Returning,18-24,Female,2024-01-14,11,8146.18,WhatsApp,2024-01-13,customer_csv,CUST_ROW_000676
M001,CUST000677,Bangalore,Whitefield,560066,South,New,25-34,Male,2023-11-01,1,497.89,Instagram,2024-01-19,customer_csv,CUST_ROW_000677
M001,CUST000678,Bangalore,JP Nagar,560078,South,New,18-24,Male,2023-05-29,4,1662.2,Instagram,2024-08-22,customer_csv,CUST_ROW_000678
M001,CUST000679,Hyderabad,Secunderabad,500003,South,Returning,18-24,Male,2023-02-09,7,6212.38,WhatsApp,2024-02-21,customer_csv,CUST_ROW_000679
M001,CUST000680,Bangalore,Bellandur,560103,South,New,45-54,Female,2024-03-08,4,844.77,Google Ads,2024-05-11,customer_csv,CUST_ROW_000680
M001,CUST000681,Delhi,Dwarka,110075,North,High-Value,35-44,Female,2023-11-07,75,128742.6,LinkedIn,2024-12-21,customer_csv,CUST_ROW_000681
M001,CUST000682,Chennai,Porur,600116,South,Returning,35-44,Male,2024-12-06,8,4971.86,WhatsApp,2024-11-05,customer_csv,CUST_ROW_000682
M001,CUST000683,Bangalore,Whitefield,560066,South,Returning,18-24,Male,2023-01-20,16,14812.32,Instagram,2024-08-24,customer_csv,CUST_ROW_000683
M001,CUST000684,Bangalore,MG Road,560001,South,New,18-24,Male,2023-11-29,2,463.72,Instagram,2024-12-30,customer_csv,CUST_ROW_000684
M001,CUST000685,Bangalore,Electronic City,560100,South,Returning,25-34,Male,2024-02-03,18,20590.17,Instagram,2024-06-23,customer_csv,CUST_ROW_000685
M001,CUST000686,Bangalore,Electronic City,560100,South,New,45-54,Female,2024-06-29,2,1072.99,Instagram,2024-01-17,customer_csv,CUST_ROW_000686
M001,CUST000687,Delhi,Dwarka,110075,North,Returning,25-34,Male,2024-06-26,14,9005.17,WhatsApp,2024-08-19,customer_csv,CUST_ROW_000687
M001,CUST000688,Mumbai,Bandra,400050,West,Returning,18-24,Male,2024-03-17,16,19146.57,Instagram,2024-05-25,customer_csv,CUST_ROW_000688
M001,CUST000689,Bangalore,Electronic City,560100,South,High-Value,25-34,Female,2024-01-23,25,24121.64,Facebook,2024-02-26,customer_csv,CUST_ROW_000689
M001,CUST000690,Bangalore,Whitefield,560066,South,High-Value,35-44,Other,2024-02-15,80,119558.2,LinkedIn,2024-08-02,customer_csv,CUST_ROW_000690
M001,CUST000691,Kolkata,Ballygunge,700019,East,Returning,25-34,Female,2024-12-04,13,10423.97,Facebook,2024-04-25,customer_csv,CUST_ROW_000691
M001,CUST000692,Jaipur,C Scheme,302001,North,New,45-54,Male,2023-07-01,4,1376.82,Facebook,2024-06-20,customer_csv,CUST_ROW_000692
M001,CUST000693,Pune,Koregaon Park,411001,West,New,35-44,Other,2024-02-25,2,1036.42,Facebook,2024-03-11,customer_csv,CUST_ROW_000693
M001,CUST000694,Bangalore,Hebbal,560024,South,High-Value,25-34,Female,2023-01-24,51,93670.74,Facebook,2024-11-16,customer_csv,CUST_ROW_000694
M001,CUST000695,Bangalore,Indiranagar,560038,South,High-Value,18-24,Female,2024-10-31,59,102571.35,Google Ads,2024-03-23,customer_csv,CUST_ROW_000695
M001,CUST000696,Bangalore,Bellandur,560103,South,High-Value,18-24,Female,2023-07-24,51,52300.76,Instagram,2024-01-16,customer_csv,CUST_ROW_000696
M001,CUST000697,Bangalore,Electronic City,560100,South,Returning,35-44,Male,2023-09-05,8,9425.95,Facebook,2024-02-26,customer_csv,CUST_ROW_000697
M001,CUST000698,Chennai,Adyar,600020,South,New,35-44,Male,2023-02-03,4,2534.13,Google Ads,2024-07-16,customer_csv,CUST_ROW_000698
M001,CUST000699,Bangalore,JP Nagar,560078,South,High-Value,45-54,Female,2024-09-13,78,157177.73,WhatsApp,2024-01-31,customer_csv,CUST_ROW_000699
M001,CUST000700,Bangalore,JP Nagar,560078,South,High-Value,35-44,Male,2024-02-14,75,140231.7,WhatsApp,2024-03-04,customer_csv,CUST_ROW_000700
M001,CUST000701,Bangalore,Marathahalli,560037,South,Returning,25-34,Female,2023-06-23,14,10224.4,Facebook,2024-05-04,customer_csv,CUST_ROW_000701
M001,CUST000702,Hyderabad,Madhapur,500081,South,New,25-34,Male,2024-12-27,4,2305.0,WhatsApp,2024-06-24,customer_csv,CUST_ROW_000702
M001,CUST000703,Bangalore,Electronic City,560100,South,New,25-34,Male,2023-10-09,1,580.66,Instagram,2024-05-27,customer_csv,CUST_ROW_000703
M001,CUST000704,Bangalore,Jayanagar,560041,South,Returning,35-44,Male,2023-06-12,12,9362.73,Facebook,2024-05-30,customer_csv,CUST_ROW_000704
M001,CUST000705,Bangalore,Bellandur,560103,South,New,25-34,Female,2023-09-21,2,428.0,Instagram,2024-06-04,customer_csv,CUST_ROW_000705
M001,CUST000706,Bangalore,Koramangala,560034,South,New,35-44,Female,2024-06-13,4,1753.95,Google Ads,2024-06-25,customer_csv,CUST_ROW_000706
M001,CUST000707,Bangalore,Yelahanka,560064,South,High-Value,25-34,Male,2024-05-11,31,70690.23,Email,2024-09-04,customer_csv,CUST_ROW_000707
M001,CUST000708,Mumbai,Andheri,400053,West,New,25-34,Male,2023-10-12,1,525.0,Instagram,2024-08-23,customer_csv,CUST_ROW_000708
M001,CUST000709,Bangalore,MG Road,560001,South,High-Value,35-44,Female,2024-06-20,39,80353.35,WhatsApp,2024-01-17,customer_csv,CUST_ROW_000709
M001,CUST000710,Bangalore,Indiranagar,560038,South,High-Value,25-34,Male,2024-07-01,78,178108.83,Google Ads,2024-01-29,customer_csv,CUST_ROW_000710
M001,CUST000711,Bangalore,Hebbal,560024,South,New,18-24,Female,2024-12-07,2,628.34,WhatsApp,2024-03-31,customer_csv,CUST_ROW_000711
M001,CUST000712,Bangalore,Yelahanka,560064,South,New,18-24,Female,2023-03-07,2,922.56,Instagram,2024-04-26,customer_csv,CUST_ROW_000712
M001,CUST000713,Bangalore,Yelahanka,560064,South,Returning,18-24,Female,2023-02-22,13,13416.17,Instagram,2024-09-01,customer_csv,CUST_ROW_000713
M001,CUST000714,Bangalore,Indiranagar,560038,South,Returning,18-24,Female,2024-09-04,18,11519.44,Instagram,2024-08-08,customer_csv,CUST_ROW_000714
M001,CUST000715,Delhi,Dwarka,110075,North,Returning,18-24,Female,2024-09-21,17,20294.43,Instagram,2024-07-27,customer_csv,CUST_ROW_000715
M001,CUST000716,Bangalore,Electronic City,560100,South,Returning,25-34,Female,2023-10-18,12,7336.32,Facebook,2024-06-23,customer_csv,CUST_ROW_000716
M001,CUST000717,Bangalore,Hebbal,560024,South,Returning,25-34,Male,2023-07-06,18,7293.85,Email,2024-09-17,customer_csv,CUST_ROW_000717
M001,CUST000718,Bangalore,Whitefield,560066,South,New,35-44,Female,2023-04-07,4,1484.86,WhatsApp,2024-04-03,customer_csv,CUST_ROW_000718
M001,CUST000719,Bangalore,Indiranagar,560038,South,Returning,18-24,Female,2023-11-24,19,14772.51,WhatsApp,2024-11-08,customer_csv,CUST_ROW_000719
M001,CUST000720,Bangalore,MG Road,560001,South,New,18-24,Female,2023-06-25,2,1010.12,Instagram,2024-09-21,customer_csv,CUST_ROW_000720
M001,CUST000721,Ahmedabad,Prahlad Nagar,380015,West,New,18-24,Female,2023-11-07,3,817.48,Instagram,2024-06-30,customer_csv,CUST_ROW_000721
M001,CUST000722,Chennai,Velachery,600042,South,New,25-34,Female,2023-01-06,4,910.61,Facebook,2024-11-26,customer_csv,CUST_ROW_000722
M001,CUST000723,Jaipur,Mansarovar,302020,North,New,35-44,Male,2023-09-20,3,1848.83,Instagram,2024-08-06,customer_csv,CUST_ROW_000723
M001,CUST000724,Chennai,Porur,600116,South,Returning,18-24,Male,2024-05-30,17,18447.09,Instagram,2024-05-04,customer_csv,CUST_ROW_000724
M001,CUST000725,Bangalore,Bellandur,560103,South,Returning,35-44,Female,2023-02-17,15,14253.61,LinkedIn,2024-09-06,customer_csv,CUST_ROW_000725
M001,CUST000726,Bangalore,Yelahanka,560064,South,Returning,18-24,Male,2023-12-17,11,9133.48,Facebook,2024-05-25,customer_csv,CUST_ROW_000726
M001,CUST000727,Bangalore,Whitefield,560066,South,High-Value,18-24,Other,2024-02-28,29,66285.77,Email,2024-10-20,customer_csv,CUST_ROW_000727
M001,CUST000728,Bangalore,Indiranagar,560038,South,Returning,25-34,Female,2024-11-07,11,9298.74,Email,2024-12-19,customer_csv,CUST_ROW_000728
M001,CUST000729,Bangalore,Indiranagar,560038,South,High-Value,35-44,Female,2024-01-05,67,138714.42,Facebook,2024-06-13,customer_csv,CUST_ROW_000729
M001,CUST000730,Bangalore,Electronic City,560100,South,New,18-24,Other,2023-09-23,3,1505.43,Google Ads,2024-03-12,customer_csv,CUST_ROW_000730
M001,CUST000731,Bangalore,JP Nagar,560078,South,Returning,35-44,Female,2024-06-25,4,4521.54,Facebook,2024-01-09,customer_csv,CUST_ROW_000731
M001,CUST000732,Bangalore,Koramangala,560034,South,High-Value,45-54,Male,2024-07-05,72,92195.92,WhatsApp,2024-02-04,customer_csv,CUST_ROW_000732
M001,CUST000733,Delhi,Karol Bagh,110005,North,Returning,25-34,Female,2023-03-31,17,15096.43,Google Ads,2024-02-07,customer_csv,CUST_ROW_000733
M001,CUST000734,Ahmedabad,Prahlad Nagar,380015,West,Returning,45-54,Other,2023-06-05,13,5959.47,WhatsApp,2024-06-22,customer_csv,CUST_ROW_000734
M001,CUST000735,Bangalore,Bellandur,560103,South,Returning,45-54,Female,2024-02-16,12,4861.0,Email,2024-01-10,customer_csv,CUST_ROW_000735
M001,CUST000736,Bangalore,Jayanagar,560041,South,Returning,18-24,Male,2024-11-21,13,10736.59,WhatsApp,2024-04-12,customer_csv,CUST_ROW_000736
M001,CUST000737,Chennai,Porur,600116,South,New,35-44,Male,2023-07-05,1,213.11,Facebook,2024-01-21,customer_csv,CUST_ROW_000737
M001,CUST000738,Kochi,Edapally,682024,South,High-Value,25-34,Male,2023-08-24,36,41144.13,Facebook,2024-05-18,customer_csv,CUST_ROW_000738
M001,CUST000739,Bangalore,HSR Layout,560102,South,Returning,18-24,Female,2024-03-26,6,6403.95,Facebook,2024-08-15,customer_csv,CUST_ROW_000739
M001,CUST000740,Hyderabad,Jubilee Hills,500033,South,New,25-34,Male,2024-01-25,1,246.43,Instagram,2024-10-23,customer_csv,CUST_ROW_000740
M001,CUST000741,Delhi,Lajpat Nagar,110024,North,Returning,18-24,Female,2024-09-11,14,13996.45,Facebook,2024-04-07,customer_csv,CUST_ROW_000741
M001,CUST000742,Bangalore,Indiranagar,560038,South,Returning,25-34,Male,2023-04-25,17,7019.58,Facebook,2024-08-03,customer_csv,CUST_ROW_000742
M001,CUST000743,Bangalore,Indiranagar,560038,South,New,45-54,Female,2024-03-20,3,944.04,WhatsApp,2024-11-29,customer_csv,CUST_ROW_000743
M001,CUST000744,Bangalore,JP Nagar,560078,South,High-Value,18-24,Other,2024-10-24,51,44733.53,Google Ads,2024-03-31,customer_csv,CUST_ROW_000744
M001,CUST000745,Bangalore,Whitefield,560066,South,Returning,18-24,Female,2023-02-09,4,3507.85,Instagram,2024-12-04,customer_csv,CUST_ROW_000745
M001,CUST000746,Bangalore,Yelahanka,560064,South,Returning,18-24,Male,2024-06-15,7,6955.01,Email,2024-04-02,customer_csv,CUST_ROW_000746
M001,CUST000747,Bangalore,Indiranagar,560038,South,Returning,18-24,Male,2024-02-18,14,15780.59,Instagram,2024-06-13,customer_csv,CUST_ROW_000747
M001,CUST000748,Bangalore,Koramangala,560034,South,New,45-54,Male,2023-05-28,4,893.0,Instagram,2024-11-02,customer_csv,CUST_ROW_000748
M001,CUST000749,Pune,Hinjewadi,411057,West,New,25-34,Male,2024-03-05,1,256.21,Facebook,2024-07-31,customer_csv,CUST_ROW_000749
M001,CUST000750,Kochi,Vyttila,682019,South,New,25-34,Female,2023-11-15,4,1738.97,Google Ads,2024-03-06,customer_csv,CUST_ROW_000750
M001,CUST000751,Bangalore,Hebbal,560024,South,New,25-34,Female,2024-05-04,4,2297.44,LinkedIn,2024-04-10,customer_csv,CUST_ROW_000751
M001,CUST000752,Bangalore,Hebbal,560024,South,New,45-54,Male,2023-03-26,1,558.63,Instagram,2024-11-10,customer_csv,CUST_ROW_000752
M001,CUST000753,Bangalore,HSR Layout,560102,South,New,35-44,Male,2024-12-28,4,2136.71,Facebook,2024-10-22,customer_csv,CUST_ROW_000753
M001,CUST000754,Kolkata,Salt Lake,700064,East,New,25-34,Male,2023-02-05,4,2063.76,WhatsApp,2024-04-03,customer_csv,CUST_ROW_000754
M001,CUST000755,Bangalore,MG Road,560001,South,New,35-44,Male,2023-11-27,1,486.04,Facebook,2024-06-25,customer_csv,CUST_ROW_000755
M001,CUST000756,Bangalore,Yelahanka,560064,South,Returning,55+,Female,2023-09-27,20,15037.81,WhatsApp,2024-12-01,customer_csv,CUST_ROW_000756
M001,CUST000757,Chennai,Anna Nagar,600040,South,High-Value,18-24,Male,2024-05-14,80,126058.98,Instagram,2024-06-24,customer_csv,CUST_ROW_000757
M001,CUST000758,Kolkata,Park Street,700016,East,Returning,25-34,Male,2024-07-10,7,3329.67,Google Ads,2024-02-26,customer_csv,CUST_ROW_000758
M001,CUST000759,Bangalore,Bellandur,560103,South,New,45-54,Male,2024-03-22,1,683.15,Google Ads,2024-04-03,customer_csv,CUST_ROW_000759
M001,CUST000760,Bangalore,Hebbal,560024,South,New,35-44,Male,2023-01-18,2,1133.41,Instagram,2024-11-03,customer_csv,CUST_ROW_000760
M001,CUST000761,Kochi,Fort Kochi,682001,South,New,25-34,Female,2024-12-11,2,774.47,Instagram,2024-03-25,customer_csv,CUST_ROW_000761
M001,CUST000762,Bangalore,Yelahanka,560064,South,New,45-54,Female,2024-07-07,4,2516.59,Instagram,2024-07-24,customer_csv,CUST_ROW_000762
M001,CUST000763,Bangalore,Hebbal,560024,South,High-Value,45-54,Female,2023-05-20,48,38428.85,WhatsApp,2024-10-11,customer_csv,CUST_ROW_000763
M001,CUST000764,Hyderabad,Secunderabad,500003,South,Returning,18-24,Female,2023-05-24,7,5493.22,Instagram,2024-05-04,customer_csv,CUST_ROW_000764
M001,CUST000765,Bangalore,Whitefield,560066,South,Returning,25-34,Male,2023-12-25,5,2905.22,LinkedIn,2024-03-12,customer_csv,CUST_ROW_000765
M001,CUST000766,Delhi,Karol Bagh,110005,North,High-Value,18-24,Male,2024-11-19,45,94184.72,Instagram,2024-03-01,customer_csv,CUST_ROW_000766
M001,CUST000767,Bangalore,Hebbal,560024,South,New,25-34,Female,2024-11-07,4,1397.64,Instagram,2024-11-08,customer_csv,CUST_ROW_000767
M001,CUST000768,Bangalore,Indiranagar,560038,South,High-Value,35-44,Female,2023-10-06,15,21728.29,Google Ads,2024-02-27,customer_csv,CUST_ROW_000768
M001,CUST000769,Bangalore,JP Nagar,560078,South,Returning,45-54,Female,2024-05-13,12,6956.48,Instagram,2024-11-04,customer_csv,CUST_ROW_000769
M001,CUST000770,Chennai,Adyar,600020,South,High-Value,35-44,Female,2024-03-18,63,56467.48,Instagram,2024-05-23,customer_csv,CUST_ROW_000770
M001,CUST000771,Kolkata,Ballygunge,700019,East,Returning,25-34,Female,2023-09-15,14,6530.65,Instagram,2024-09-05,customer_csv,CUST_ROW_000771
M001,CUST000772,Bangalore,Electronic City,560100,South,New,25-34,Male,2024-12-26,4,1921.34,Email,2024-07-11,customer_csv,CUST_ROW_000772
M001,CUST000773,Bangalore,MG Road,560001,South,New,25-34,Female,2024-10-20,1,487.81,Instagram,2024-05-02,customer_csv,CUST_ROW_000773
M001,CUST000774,Bangalore,MG Road,560001,South,Returning,25-34,Female,2023-02-10,14,12847.39,Facebook,2024-08-23,customer_csv,CUST_ROW_000774
M001,CUST000775,Bangalore,Hebbal,560024,South,New,25-34,Female,2024-03-18,1,308.02,Instagram,2024-11-18,customer_csv,CUST_ROW_000775
M001,CUST000776,Delhi,Rohini,110085,North,High-Value,35-44,Female,2023-09-17,55,120517.45,WhatsApp,2024-05-07,customer_csv,CUST_ROW_000776
M001,CUST000777,Bangalore,Koramangala,560034,South,New,35-44,Female,2023-06-14,2,958.48,LinkedIn,2024-11-27,customer_csv,CUST_ROW_000777
M001,CUST000778,Bangalore,JP Nagar,560078,South,Returning,35-44,Male,2024-05-26,5,3335.05,WhatsApp,2024-04-26,customer_csv,CUST_ROW_000778
M001,CUST000779,Bangalore,Marathahalli,560037,South,New,35-44,Female,2023-11-17,4,2078.95,WhatsApp,2024-04-13,customer_csv,CUST_ROW_000779
M001,CUST000780,Bangalore,Bellandur,560103,South,Returning,25-34,Male,2024-01-06,8,9339.57,Facebook,2024-02-27,customer_csv,CUST_ROW_000780
M001,CUST000781,Bangalore,Marathahalli,560037,South,High-Value,35-44,Female,2024-07-27,78,85990.61,Email,2024-02-08,customer_csv,CUST_ROW_000781
M001,CUST000782,Bangalore,Indiranagar,560038,South,Returning,45-54,Female,2023-09-27,7,6808.97,Facebook,2024-07-22,customer_csv,CUST_ROW_000782
M001,CUST000783,Bangalore,JP Nagar,560078,South,New,55+,Female,2023-10-28,1,361.92,Instagram,2024-01-21,customer_csv,CUST_ROW_000783
M001,CUST000784,Bangalore,Whitefield,560066,South,Returning,18-24,Female,2024-12-12,10,5962.81,Instagram,2024-11-27,customer_csv,CUST_ROW_000784
M001,CUST000785,Pune,Koregaon Park,411001,West,New,55+,Female,2024-05-09,4,1629.05,Facebook,2024-10-17,customer_csv,CUST_ROW_000785
M001,CUST000786,Bangalore,Whitefield,560066,South,High-Value,25-34,Female,2024-02-01,43,86063.13,Google Ads,2024-05-14,customer_csv,CUST_ROW_000786
M001,CUST000787,Bangalore,Jayanagar,560041,South,High-Value,45-54,Male,2024-01-01,19,46146.34,Instagram,2024-12-25,customer_csv,CUST_ROW_000787
M001,CUST000788,Bangalore,Hebbal,560024,South,Returning,18-24,Female,2024-06-03,18,14909.18,Instagram,2024-11-05,customer_csv,CUST_ROW_000788
M001,CUST000789,Bangalore,Jayanagar,560041,South,Returning,25-34,Female,2023-08-18,17,10460.21,Email,2024-08-23,customer_csv,CUST_ROW_000789
M001,CUST000790,Bangalore,Electronic City,560100,South,Returning,18-24,Other,2023-01-23,20,15175.49,WhatsApp,2024-06-26,customer_csv,CUST_ROW_000790
M001,CUST000791,Bangalore,Bellandur,560103,South,New,35-44,Male,2023-10-10,3,2021.03,WhatsApp,2024-12-31,customer_csv,CUST_ROW_000791
M001,CUST000792,Bangalore,JP Nagar,560078,South,Returning,45-54,Other,2023-08-09,17,11013.62,WhatsApp,2024-06-04,customer_csv,CUST_ROW_000792
M001,CUST000793,Bangalore,Yelahanka,560064,South,Returning,25-34,Male,2024-07-06,13,14172.43,Google Ads,2024-01-28,customer_csv,CUST_ROW_000793
M001,CUST000794,Chennai,Porur,600116,South,New,55+,Female,2024-06-26,4,2260.76,WhatsApp,2024-05-07,customer_csv,CUST_ROW_000794
M001,CUST000795,Pune,Hinjewadi,411057,West,New,45-54,Female,2023-12-06,1,247.08,Facebook,2024-12-24,customer_csv,CUST_ROW_000795
M001,CUST000796,Ahmedabad,Vastrapur,380054,West,New,25-34,Female,2023-07-07,1,355.6,Instagram,2024-08-08,customer_csv,CUST_ROW_000796
M001,CUST000797,Jaipur,Malviya Nagar,302017,North,New,25-34,Male,2024-10-24,1,369.86,WhatsApp,2024-09-25,customer_csv,CUST_ROW_000797
M001,CUST000798,Bangalore,Yelahanka,560064,South,New,25-34,Female,2023-04-08,2,401.73,Google Ads,2024-01-07,customer_csv,CUST_ROW_000798
M001,CUST000799,Bangalore,JP Nagar,560078,South,New,35-44,Female,2024-01-19,1,677.86,Instagram,2024-11-13,customer_csv,CUST_ROW_000799
M001,CUST000800,Bangalore,Hebbal,560024,South,New,25-34,Female,2023-06-08,3,1460.98,LinkedIn,2024-12-27,customer_csv,CUST_ROW_000800
M001,CUST000801,Pune,Hadapsar,411028,West,New,35-44,Male,2023-02-09,1,603.6,Instagram,2024-05-29,customer_csv,CUST_ROW_000801
M001,CUST000802,Bangalore,MG Road,560001,South,New,25-34,Female,2024-05-24,2,1003.5,Google Ads,2024-06-21,customer_csv,CUST_ROW_000802
M001,CUST000803,Kochi,Vyttila,682019,South,Returning,45-54,Female,2023-03-09,13,7760.71,Instagram,2024-09-08,customer_csv,CUST_ROW_000803
M001,CUST000804,Bangalore,JP Nagar,560078,South,New,18-24,Other,2024-05-06,1,623.89,Instagram,2024-12-01,customer_csv,CUST_ROW_000804
M001,CUST000805,Bangalore,Hebbal,560024,South,Returning,35-44,Female,2024-07-13,9,5634.44,Instagram,2024-04-11,customer_csv,CUST_ROW_000805
M001,CUST000806,Bangalore,MG Road,560001,South,Returning,25-34,Male,2023-01-25,18,8702.19,WhatsApp,2024-11-08,customer_csv,CUST_ROW_000806
M001,CUST000807,Bangalore,Electronic City,560100,South,High-Value,35-44,Female,2024-12-16,17,28846.2,Instagram,2024-02-15,customer_csv,CUST_ROW_000807
M001,CUST000808,Bangalore,Yelahanka,560064,South,Returning,25-34,Male,2023-11-18,4,3309.73,Instagram,2024-06-04,customer_csv,CUST_ROW_000808
M001,CUST000809,Bangalore,Jayanagar,560041,South,High-Value,18-24,Female,2024-03-20,75,126808.02,Facebook,2024-07-08,customer_csv,CUST_ROW_000809
M001,CUST000810,Mumbai,Bandra,400050,West,New,45-54,Female,2024-12-30,3,709.45,Instagram,2024-04-15,customer_csv,CUST_ROW_000810
M001,CUST000811,Bangalore,Yelahanka,560064,South,New,45-54,Male,2024-12-06,1,662.16,Instagram,2024-05-03,customer_csv,CUST_ROW_000811
M001,CUST000812,Chennai,Adyar,600020,South,High-Value,35-44,Male,2024-02-16,15,15976.19,Email,2024-11-14,customer_csv,CUST_ROW_000812
M001,CUST000813,Ahmedabad,Satellite,380015,West,Returning,45-54,Male,2024-10-31,11,8000.99,Instagram,2024-07-30,customer_csv,CUST_ROW_000813
M001,CUST000814,Bangalore,HSR Layout,560102,South,High-Value,25-34,Female,2024-10-03,60,52263.53,LinkedIn,2024-03-06,customer_csv,CUST_ROW_000814
M001,CUST000815,Hyderabad,Banjara Hills,500034,South,Returning,18-24,Female,2024-05-15,5,2733.43,Facebook,2024-05-11,customer_csv,CUST_ROW_000815
M001,CUST000816,Ahmedabad,Prahlad Nagar,380015,West,Returning,18-24,Female,2023-04-22,6,4295.55,Email,2024-04-13,customer_csv,CUST_ROW_000816
M001,CUST000817,Kochi,Vyttila,682019,South,New,25-34,Male,2024-05-05,1,255.7,Instagram,2024-07-17,customer_csv,CUST_ROW_000817
M001,CUST000818,Bangalore,Bellandur,560103,South,High-Value,18-24,Female,2024-03-24,28,43440.33,LinkedIn,2024-12-05,customer_csv,CUST_ROW_000818
M001,CUST000819,Hyderabad,Gachibowli,500032,South,Returning,18-24,Male,2023-06-06,13,14138.67,Instagram,2024-03-30,customer_csv,CUST_ROW_000819
M001,CUST000820,Bangalore,HSR Layout,560102,South,High-Value,18-24,Male,2023-10-26,74,67207.09,Facebook,2024-04-09,customer_csv,CUST_ROW_000820
M001,CUST000821,Bangalore,Bellandur,560103,South,Returning,45-54,Male,2023-09-09,19,11974.66,Instagram,2024-10-07,customer_csv,CUST_ROW_000821
M001,CUST000822,Mumbai,Andheri,400053,West,Returning,25-34,Female,2024-09-25,8,7834.11,Facebook,2024-01-20,customer_csv,CUST_ROW_000822
M001,CUST000823,Bangalore,Indiranagar,560038,South,Returning,18-24,Male,2023-03-01,15,15224.35,Instagram,2024-04-24,customer_csv,CUST_ROW_000823
M001,CUST000824,Mumbai,Thane,400601,West,Returning,18-24,Female,2024-05-02,15,9389.62,WhatsApp,2024-08-18,customer_csv,CUST_ROW_000824
M001,CUST000825,Hyderabad,Jubilee Hills,500033,South,Returning,25-34,Other,2024-04-10,18,20439.74,Instagram,2024-10-01,customer_csv,CUST_ROW_000825
M001,CUST000826,Hyderabad,Gachibowli,500032,South,New,35-44,Other,2024-02-02,3,1922.91,Instagram,2024-01-11,customer_csv,CUST_ROW_000826
M001,CUST000827,Bangalore,Marathahalli,560037,South,New,25-34,Female,2024-07-08,2,1387.49,Instagram,2024-11-16,customer_csv,CUST_ROW_000827
M001,CUST000828,Bangalore,JP Nagar,560078,South,Returning,25-34,Female,2024-03-30,15,11562.21,Facebook,2024-12-06,customer_csv,CUST_ROW_000828
M001,CUST000829,Bangalore,Bellandur,560103,South,Returning,18-24,Female,2024-08-05,9,10425.64,WhatsApp,2024-11-12,customer_csv,CUST_ROW_000829
M001,CUST000830,Bangalore,Electronic City,560100,South,Returning,35-44,Male,2024-10-21,12,6849.73,Instagram,2024-02-25,customer_csv,CUST_ROW_000830
M001,CUST000831,Bangalore,Electronic City,560100,South,New,35-44,Female,2024-09-30,4,901.77,Instagram,2024-10-09,customer_csv,CUST_ROW_000831
M001,CUST000832,Ahmedabad,Satellite,380015,West,Returning,45-54,Male,2023-07-31,15,12808.71,Instagram,2024-12-14,customer_csv,CUST_ROW_000832
M001,CUST000833,Bangalore,Whitefield,560066,South,Returning,25-34,Female,2023-06-04,16,10451.08,Instagram,2024-03-07,customer_csv,CUST_ROW_000833
M001,CUST000834,Jaipur,Mansarovar,302020,North,Returning,35-44,Female,2024-10-05,4,3763.81,WhatsApp,2024-02-13,customer_csv,CUST_ROW_000834
M001,CUST000835,Bangalore,Koramangala,560034,South,New,18-24,Female,2024-01-01,2,1143.58,Google Ads,2024-06-06,customer_csv,CUST_ROW_000835
M001,CUST000836,Chennai,Porur,600116,South,High-Value,25-34,Female,2024-05-01,53,105794.65,WhatsApp,2024-02-21,customer_csv,CUST_ROW_000836
M001,CUST000837,Pune,Hinjewadi,411057,West,New,18-24,Female,2024-02-24,2,961.66,Facebook,2024-12-24,customer_csv,CUST_ROW_000837
M001,CUST000838,Hyderabad,Banjara Hills,500034,South,Returning,18-24,Male,2023-02-10,7,7729.3,Facebook,2024-09-01,customer_csv,CUST_ROW_000838
M001,CUST000839,Bangalore,Koramangala,560034,South,Returning,55+,Male,2024-03-27,8,6062.93,Instagram,2024-09-08,customer_csv,CUST_ROW_000839
M001,CUST000840,Chennai,Anna Nagar,600040,South,High-Value,45-54,Male,2023-05-19,48,93673.65,Google Ads,2024-02-26,customer_csv,CUST_ROW_000840
M001,CUST000841,Hyderabad,Madhapur,500081,South,New,35-44,Female,2023-12-30,4,831.91,LinkedIn,2024-08-01,customer_csv,CUST_ROW_000841
M001,CUST000842,Chennai,Anna Nagar,600040,South,New,18-24,Female,2023-01-25,4,1437.14,Instagram,2024-11-28,customer_csv,CUST_ROW_000842
M001,CUST000843,Bangalore,Marathahalli,560037,South,New,55+,Male,2023-10-07,4,2118.82,Instagram,2024-01-17,customer_csv,CUST_ROW_000843
M001,CUST000844,Bangalore,Yelahanka,560064,South,New,25-34,Male,2023-07-24,4,1560.03,Instagram,2024-12-10,customer_csv,CUST_ROW_000844
M001,CUST000845,Bangalore,JP Nagar,560078,South,New,35-44,Female,2024-03-10,4,2214.56,Instagram,2024-06-26,customer_csv,CUST_ROW_000845
M001,CUST000846,Kochi,Kakkanad,682030,South,Returning,18-24,Female,2024-11-18,5,5221.9,LinkedIn,2024-09-17,customer_csv,CUST_ROW_000846
M001,CUST000847,Mumbai,Bandra,400050,West,High-Value,18-24,Male,2024-01-18,18,19112.59,Google Ads,2024-02-14,customer_csv,CUST_ROW_000847
M001,CUST000848,Mumbai,Andheri,400053,West,Returning,25-34,Female,2023-03-14,7,6063.43,Google Ads,2024-08-23,customer_csv,CUST_ROW_000848
M001,CUST000849,Bangalore,Jayanagar,560041,South,Returning,18-24,Male,2024-12-22,7,3917.32,WhatsApp,2024-02-11,customer_csv,CUST_ROW_000849
M001,CUST000850,Bangalore,Bellandur,560103,South,High-Value,18-24,Female,2023-08-27,36,31859.92,Instagram,2024-06-13,customer_csv,CUST_ROW_000850
M001,CUST000851,Bangalore,HSR Layout,560102,South,Returning,18-24,Other,2024-09-11,8,6202.95,WhatsApp,2024-10-30,customer_csv,CUST_ROW_000851
M001,CUST000852,Mumbai,Powai,400076,West,New,18-24,Male,2023-07-22,3,815.84,Facebook,2024-04-06,customer_csv,CUST_ROW_000852
M001,CUST000853,Delhi,Lajpat Nagar,110024,North,New,25-34,Other,2023-06-16,4,2070.59,Facebook,2024-11-03,customer_csv,CUST_ROW_000853
M001,CUST000854,Bangalore,MG Road,560001,South,New,25-34,Female,2023-09-04,1,527.42,Google Ads,2024-05-08,customer_csv,CUST_ROW_000854
M001,CUST000855,Bangalore,Whitefield,560066,South,New,18-24,Male,2023-03-03,4,959.9,WhatsApp,2024-08-16,customer_csv,CUST_ROW_000855
M001,CUST000856,Bangalore,Bellandur,560103,South,Returning,25-34,Female,2024-01-06,5,4276.8,WhatsApp,2024-06-12,customer_csv,CUST_ROW_000856
M001,CUST000857,Bangalore,Bellandur,560103,South,High-Value,25-34,Male,2024-05-15,50,86402.94,Email,2024-04-26,customer_csv,CUST_ROW_000857
M001,CUST000858,Bangalore,Koramangala,560034,South,Returning,25-34,Female,2023-11-29,15,11563.49,Email,2024-08-19,customer_csv,CUST_ROW_000858
M001,CUST000859,Bangalore,Bellandur,560103,South,Returning,25-34,Male,2023-05-23,13,9167.16,Email,2024-03-17,customer_csv,CUST_ROW_000859
M001,CUST000860,Bangalore,Koramangala,560034,South,Returning,35-44,Female,2023-06-04,8,4588.76,Instagram,2024-08-29,customer_csv,CUST_ROW_000860
M001,CUST000861,Bangalore,Jayanagar,560041,South,New,25-34,Male,2024-07-16,3,941.61,Facebook,2024-09-12,customer_csv,CUST_ROW_000861
M001,CUST000862,Bangalore,Whitefield,560066,South,Returning,35-44,Male,2023-04-19,5,5811.8,WhatsApp,2024-11-07,customer_csv,CUST_ROW_000862
M001,CUST000863,Bangalore,HSR Layout,560102,South,Returning,25-34,Male,2024-05-17,3,3496.46,WhatsApp,2024-06-22,customer_csv,CUST_ROW_000863
M001,CUST000864,Bangalore,MG Road,560001,South,Returning,25-34,Female,2024-06-26,12,8074.53,Facebook,2024-12-18,customer_csv,CUST_ROW_000864
M001,CUST000865,Chennai,Porur,600116,South,High-Value,18-24,Male,2024-03-03,41,47399.08,WhatsApp,2024-04-29,customer_csv,CUST_ROW_000865
M001,CUST000866,Chennai,Velachery,600042,South,Returning,25-34,Female,2023-12-06,9,10093.36,Google Ads,2024-11-19,customer_csv,CUST_ROW_000866
M001,CUST000867,Bangalore,HSR Layout,560102,South,Returning,25-34,Female,2023-09-13,18,15311.49,Email,2024-06-09,customer_csv,CUST_ROW_000867
M001,CUST000868,Bangalore,Indiranagar,560038,South,New,18-24,Male,2024-06-25,4,1725.38,Google Ads,2024-05-16,customer_csv,CUST_ROW_000868
M001,CUST000869,Bangalore,JP Nagar,560078,South,Returning,35-44,Male,2023-05-27,14,15095.06,Instagram,2024-05-06,customer_csv,CUST_ROW_000869
M001,CUST000870,Bangalore,Koramangala,560034,South,New,35-44,Female,2023-05-30,3,2035.0,Facebook,2024-06-09,customer_csv,CUST_ROW_000870
M001,CUST000871,Bangalore,Hebbal,560024,South,New,35-44,Male,2024-09-03,1,347.81,Instagram,2024-04-09,customer_csv,CUST_ROW_000871
M001,CUST000872,Bangalore,Hebbal,560024,South,New,35-44,Male,2023-01-12,3,991.48,Instagram,2024-01-13,customer_csv,CUST_ROW_000872
M001,CUST000873,Bangalore,MG Road,560001,South,Returning,18-24,Female,2023-06-01,17,15312.1,WhatsApp,2024-10-31,customer_csv,CUST_ROW_000873
M001,CUST000874,Bangalore,Jayanagar,560041,South,New,18-24,Male,2024-12-24,4,1369.53,Facebook,2024-06-14,customer_csv,CUST_ROW_000874
M001,CUST000875,Delhi,Connaught Place,110001,North,High-Value,25-34,Male,2023-11-19,58,100642.53,Email,2024-11-26,customer_csv,CUST_ROW_000875
M001,CUST000876,Bangalore,Whitefield,560066,South,New,35-44,Male,2023-10-17,3,1448.43,Facebook,2024-09-18,customer_csv,CUST_ROW_000876
M001,CUST000877,Bangalore,Bellandur,560103,South,Returning,25-34,Female,2023-05-24,7,3372.62,Instagram,2024-12-31,customer_csv,CUST_ROW_000877
M001,CUST000878,Bangalore,Jayanagar,560041,South,High-Value,25-34,Male,2023-03-13,73,108109.48,Instagram,2024-08-01,customer_csv,CUST_ROW_000878
M001,CUST000879,Bangalore,JP Nagar,560078,South,Returning,25-34,Male,2023-08-01,17,8963.22,WhatsApp,2024-05-13,customer_csv,CUST_ROW_000879
M001,CUST000880,Bangalore,Koramangala,560034,South,Returning,25-34,Male,2024-12-15,10,7829.55,Instagram,2024-04-29,customer_csv,CUST_ROW_000880
M001,CUST000881,Pune,Hadapsar,411028,West,New,25-34,Female,2024-02-10,1,455.12,Instagram,2024-01-13,customer_csv,CUST_ROW_000881
M001,CUST000882,Ahmedabad,Satellite,380015,West,New,18-24,Male,2023-08-24,4,814.3,WhatsApp,2024-10-24,customer_csv,CUST_ROW_000882
M001,CUST000883,Kochi,Kakkanad,682030,South,New,18-24,Male,2024-10-04,3,998.47,Instagram,2024-07-17,customer_csv,CUST_ROW_000883
M001,CUST000884,Bangalore,HSR Layout,560102,South,Returning,18-24,Male,2023-09-24,15,7430.01,Instagram,2024-01-15,customer_csv,CUST_ROW_000884
M001,CUST000885,Bangalore,MG Road,560001,South,Returning,35-44,Male,2023-04-26,4,2839.85,Instagram,2024-04-15,customer_csv,CUST_ROW_000885
M001,CUST000886,Bangalore,Yelahanka,560064,South,Returning,18-24,Female,2023-08-08,12,8265.01,Instagram,2024-11-16,customer_csv,CUST_ROW_000886
M001,CUST000887,Bangalore,Marathahalli,560037,South,New,18-24,Male,2023-07-05,3,909.53,Google Ads,2024-07-17,customer_csv,CUST_ROW_000887
M001,CUST000888,Jaipur,C Scheme,302001,North,Returning,18-24,Female,2024-07-28,12,12432.03,WhatsApp,2024-05-07,customer_csv,CUST_ROW_000888
M001,CUST000889,Bangalore,Indiranagar,560038,South,High-Value,45-54,Female,2023-01-12,45,107157.2,WhatsApp,2024-07-14,customer_csv,CUST_ROW_000889
M001,CUST000890,Pune,Koregaon Park,411001,West,New,18-24,Male,2024-03-09,3,714.15,Facebook,2024-01-12,customer_csv,CUST_ROW_000890
M001,CUST000891,Bangalore,Koramangala,560034,South,High-Value,25-34,Male,2023-07-29,25,59074.77,Email,2024-12-15,customer_csv,CUST_ROW_000891
M001,CUST000892,Jaipur,Vaishali Nagar,302021,North,New,18-24,Male,2024-08-16,3,1005.1,WhatsApp,2024-09-02,customer_csv,CUST_ROW_000892
M001,CUST000893,Bangalore,Bellandur,560103,South,New,18-24,Female,2023-01-31,1,448.71,Email,2024-07-30,customer_csv,CUST_ROW_000893
M001,CUST000894,Bangalore,Koramangala,560034,South,Returning,18-24,Male,2023-10-15,12,11701.16,Instagram,2024-05-16,customer_csv,CUST_ROW_000894
M001,CUST000895,Bangalore,Marathahalli,560037,South,High-Value,18-24,Female,2023-01-02,15,34274.78,Google Ads,2024-08-10,customer_csv,CUST_ROW_000895
M001,CUST000896,Bangalore,Bellandur,560103,South,Returning,18-24,Female,2023-02-18,12,8294.73,WhatsApp,2024-08-21,customer_csv,CUST_ROW_000896
M001,CUST000897,Kochi,Kakkanad,682030,South,New,45-54,Female,2024-07-07,2,720.71,Facebook,2024-07-27,customer_csv,CUST_ROW_000897
M001,CUST000898,Bangalore,JP Nagar,560078,South,New,55+,Female,2023-06-01,4,2151.42,Facebook,2024-08-09,customer_csv,CUST_ROW_000898
M001,CUST000899,Bangalore,Marathahalli,560037,South,High-Value,25-34,Male,2024-04-22,67,139446.81,Google Ads,2024-03-25,customer_csv,CUST_ROW_000899
M001,CUST000900,Chennai,Porur,600116,South,High-Value,55+,Male,2023-12-16,79,148171.27,Email,2024-10-20,customer_csv,CUST_ROW_000900
M001,CUST000901,Bangalore,HSR Layout,560102,South,High-Value,25-34,Female,2023-04-25,74,127634.79,Email,2024-10-21,customer_csv,CUST_ROW_000901
M001,CUST000902,Bangalore,Hebbal,560024,South,Returning,18-24,Male,2024-12-27,13,10287.47,Facebook,2024-07-10,customer_csv,CUST_ROW_000902
M001,CUST000903,Bangalore,JP Nagar,560078,South,Returning,35-44,Male,2023-12-26,16,15203.85,Google Ads,2024-04-25,customer_csv,CUST_ROW_000903
M001,CUST000904,Bangalore,Electronic City,560100,South,New,35-44,Female,2023-01-01,1,447.6,Google Ads,2024-12-21,customer_csv,CUST_ROW_000904
M001,CUST000905,Hyderabad,Jubilee Hills,500033,South,New,18-24,Female,2023-07-15,1,208.11,Instagram,2024-04-16,customer_csv,CUST_ROW_000905
M001,CUST000906,Bangalore,MG Road,560001,South,New,18-24,Other,2024-03-08,3,1592.38,Instagram,2024-11-01,customer_csv,CUST_ROW_000906
M001,CUST000907,Bangalore,JP Nagar,560078,South,New,25-34,Female,2024-05-04,1,539.56,Google Ads,2024-09-12,customer_csv,CUST_ROW_000907
M001,CUST000908,Bangalore,Koramangala,560034,South,New,25-34,Female,2024-07-05,1,411.35,Facebook,2024-06-28,customer_csv,CUST_ROW_000908
M001,CUST000909,Jaipur,Malviya Nagar,302017,North,New,55+,Female,2023-03-30,4,1304.31,Instagram,2024-05-05,customer_csv,CUST_ROW_000909
M001,CUST000910,Delhi,Dwarka,110075,North,New,25-34,Female,2024-04-25,1,361.44,Facebook,2024-12-26,customer_csv,CUST_ROW_000910
M001,CUST000911,Hyderabad,Secunderabad,500003,South,Returning,18-24,Male,2024-11-22,3,3445.29,Facebook,2024-09-14,customer_csv,CUST_ROW_000911
M001,CUST000912,Bangalore,Marathahalli,560037,South,Returning,25-34,Female,2024-10-31,4,2410.25,Instagram,2024-09-21,customer_csv,CUST_ROW_000912
M001,CUST000913,Bangalore,Electronic City,560100,South,New,18-24,Male,2023-12-06,4,1019.35,Instagram,2024-02-09,customer_csv,CUST_ROW_000913
M001,CUST000914,Bangalore,Electronic City,560100,South,New,25-34,Female,2024-10-31,2,1172.46,Instagram,2024-04-03,customer_csv,CUST_ROW_000914
M001,CUST000915,Bangalore,MG Road,560001,South,Returning,25-34,Female,2024-12-18,6,2887.38,Instagram,2024-11-05,customer_csv,CUST_ROW_000915
M001,CUST000916,Bangalore,Electronic City,560100,South,Returning,35-44,Male,2024-12-26,19,21244.88,Facebook,2024-10-05,customer_csv,CUST_ROW_000916
M001,CUST000917,Bangalore,Electronic City,560100,South,New,25-34,Female,2023-03-10,1,243.62,LinkedIn,2024-12-06,customer_csv,CUST_ROW_000917
M001,CUST000918,Bangalore,JP Nagar,560078,South,Returning,18-24,Female,2023-05-21,6,2515.72,Instagram,2024-04-05,customer_csv,CUST_ROW_000918
M001,CUST000919,Jaipur,Tonk Road,302018,North,New,18-24,Male,2024-11-03,2,982.12,Instagram,2024-01-21,customer_csv,CUST_ROW_000919
M001,CUST000920,Bangalore,Whitefield,560066,South,New,35-44,Male,2024-01-16,1,455.1,Instagram,2024-09-25,customer_csv,CUST_ROW_000920
M001,CUST000921,Kochi,Ernakulam,682011,South,New,35-44,Male,2023-09-07,4,2402.45,Instagram,2024-08-31,customer_csv,CUST_ROW_000921
M001,CUST000922,Bangalore,HSR Layout,560102,South,New,25-34,Female,2024-07-08,1,273.06,Instagram,2024-09-18,customer_csv,CUST_ROW_000922
M001,CUST000923,Bangalore,Indiranagar,560038,South,Returning,55+,Male,2023-06-18,10,9015.53,Facebook,2024-11-16,customer_csv,CUST_ROW_000923
M001,CUST000924,Bangalore,HSR Layout,560102,South,High-Value,25-34,Female,2023-02-13,51,108480.79,Instagram,2024-12-09,customer_csv,CUST_ROW_000924
M001,CUST000925,Chennai,Velachery,600042,South,Returning,35-44,Male,2023-05-11,18,16054.5,WhatsApp,2024-07-27,customer_csv,CUST_ROW_000925
M001,CUST000926,Bangalore,MG Road,560001,South,New,25-34,Male,2023-03-18,4,1999.64,Facebook,2024-10-14,customer_csv,CUST_ROW_000926
M001,CUST000927,Bangalore,Whitefield,560066,South,Returning,18-24,Male,2023-10-15,17,15642.27,Google Ads,2024-06-23,customer_csv,CUST_ROW_000927
M001,CUST000928,Bangalore,Hebbal,560024,South,Returning,45-54,Female,2024-04-26,19,15014.37,WhatsApp,2024-12-18,customer_csv,CUST_ROW_000928
M001,CUST000929,Bangalore,Hebbal,560024,South,High-Value,25-34,Female,2024-08-10,27,43142.16,Instagram,2024-09-07,customer_csv,CUST_ROW_000929
M001,CUST000930,Kochi,Fort Kochi,682001,South,Returning,18-24,Female,2023-10-05,12,10506.56,Instagram,2024-06-14,customer_csv,CUST_ROW_000930
M001,CUST000931,Hyderabad,Madhapur,500081,South,High-Value,18-24,Male,2024-11-23,62,78956.23,Email,2024-12-08,customer_csv,CUST_ROW_000931
M001,CUST000932,Pune,Viman Nagar,411014,West,New,35-44,Female,2024-07-20,3,906.7,Facebook,2024-09-23,customer_csv,CUST_ROW_000932
M001,CUST000933,Bangalore,Bellandur,560103,South,Returning,18-24,Male,2024-09-04,13,7104.01,WhatsApp,2024-09-11,customer_csv,CUST_ROW_000933
M001,CUST000934,Bangalore,JP Nagar,560078,South,Returning,18-24,Female,2024-07-04,13,6721.94,WhatsApp,2024-05-09,customer_csv,CUST_ROW_000934
M001,CUST000935,Bangalore,JP Nagar,560078,South,High-Value,55+,Male,2023-07-13,42,99845.33,Email,2024-10-08,customer_csv,CUST_ROW_000935
M001,CUST000936,Bangalore,Marathahalli,560037,South,Returning,25-34,Male,2024-03-13,18,15771.91,Facebook,2024-07-17,customer_csv,CUST_ROW_000936
M001,CUST000937,Bangalore,Whitefield,560066,South,New,25-34,Female,2023-02-25,1,623.59,Instagram,2024-10-07,customer_csv,CUST_ROW_000937
M001,CUST000938,Bangalore,Whitefield,560066,South,Returning,45-54,Female,2023-07-29,4,4452.2,WhatsApp,2024-01-06,customer_csv,CUST_ROW_000938
M001,CUST000939,Bangalore,Yelahanka,560064,South,Returning,18-24,Male,2023-08-14,11,12565.09,Facebook,2024-05-01,customer_csv,CUST_ROW_000939
M001,CUST000940,Bangalore,Hebbal,560024,South,Returning,35-44,Male,2024-01-28,9,7500.32,Instagram,2024-03-23,customer_csv,CUST_ROW_000940
M001,CUST000941,Bangalore,Bellandur,560103,South,Returning,55+,Female,2023-05-08,6,3581.73,Facebook,2024-05-03,customer_csv,CUST_ROW_000941
M001,CUST000942,Bangalore,Whitefield,560066,South,High-Value,45-54,Male,2023-01-04,40,77638.99,WhatsApp,2024-11-03,customer_csv,CUST_ROW_000942
M001,CUST000943,Jaipur,Vaishali Nagar,302021,North,New,35-44,Male,2024-03-30,4,1100.77,LinkedIn,2024-11-10,customer_csv,CUST_ROW_000943
M001,CUST000944,Mumbai,Thane,400601,West,Returning,18-24,Female,2024-03-23,19,12802.79,Instagram,2024-09-16,customer_csv,CUST_ROW_000944
M001,CUST000945,Bangalore,Electronic City,560100,South,Returning,25-34,Female,2024-09-07,15,8020.58,Facebook,2024-04-21,customer_csv,CUST_ROW_000945
M001,CUST000946,Bangalore,JP Nagar,560078,South,New,35-44,Female,2024-01-24,4,2721.31,WhatsApp,2024-10-15,customer_csv,CUST_ROW_000946
M001,CUST000947,Bangalore,Bellandur,560103,South,New,35-44,Male,2024-08-08,3,1139.28,Instagram,2024-08-11,customer_csv,CUST_ROW_000947
M001,CUST000948,Ahmedabad,Navrangpura,380009,West,Returning,25-34,Male,2023-09-24,18,9476.61,Instagram,2024-10-26,customer_csv,CUST_ROW_000948
M001,CUST000949,Bangalore,Yelahanka,560064,South,Returning,18-24,Male,2024-01-26,14,6137.36,Instagram,2024-12-28,customer_csv,CUST_ROW_000949
M001,CUST000950,Delhi,Karol Bagh,110005,North,Returning,18-24,Male,2023-09-19,17,8826.8,Instagram,2024-08-11,customer_csv,CUST_ROW_000950
M001,CUST000951,Bangalore,Whitefield,560066,South,New,25-34,Female,2023-08-26,1,510.47,Facebook,2024-03-31,customer_csv,CUST_ROW_000951
M001,CUST000952,Bangalore,Electronic City,560100,South,High-Value,45-54,Male,2023-07-20,19,17376.44,Instagram,2024-04-01,customer_csv,CUST_ROW_000952
M001,CUST000953,Bangalore,Electronic City,560100,South,Returning,25-34,Male,2024-06-30,8,4772.14,Instagram,2024-03-28,customer_csv,CUST_ROW_000953
M001,CUST000954,Kochi,Ernakulam,682011,South,Returning,45-54,Male,2023-06-21,4,3101.01,Email,2024-05-03,customer_csv,CUST_ROW_000954
M001,CUST000955,Chennai,Porur,600116,South,Returning,25-34,Female,2024-12-28,6,5824.46,Instagram,2024-11-06,customer_csv,CUST_ROW_000955
M001,CUST000956,Delhi,Dwarka,110075,North,New,18-24,Female,2024-05-16,4,1900.63,WhatsApp,2024-09-25,customer_csv,CUST_ROW_000956
M001,CUST000957,Bangalore,MG Road,560001,South,High-Value,25-34,Female,2024-02-19,42,70975.79,WhatsApp,2024-09-14,customer_csv,CUST_ROW_000957
M001,CUST000958,Pune,Koregaon Park,411001,West,New,25-34,Male,2023-11-02,1,502.2,Facebook,2024-07-11,customer_csv,CUST_ROW_000958
M001,CUST000959,Bangalore,Koramangala,560034,South,New,18-24,Male,2024-03-21,2,849.94,Facebook,2024-03-12,customer_csv,CUST_ROW_000959
M001,CUST000960,Bangalore,Marathahalli,560037,South,New,18-24,Female,2024-03-25,3,1330.16,Facebook,2024-08-26,customer_csv,CUST_ROW_000960
M001,CUST000961,Bangalore,HSR Layout,560102,South,Returning,25-34,Male,2023-05-30,6,3818.01,Instagram,2024-08-26,customer_csv,CUST_ROW_000961
M001,CUST000962,Ahmedabad,Navrangpura,380009,West,Returning,25-34,Female,2024-05-03,4,4588.73,Email,2024-09-02,customer_csv,CUST_ROW_000962
M001,CUST000963,Bangalore,Jayanagar,560041,South,New,45-54,Male,2023-04-14,2,1144.34,Facebook,2024-01-31,customer_csv,CUST_ROW_000963
M001,CUST000964,Bangalore,HSR Layout,560102,South,Returning,25-34,Male,2023-12-09,17,11518.19,Facebook,2024-07-07,customer_csv,CUST_ROW_000964
M001,CUST000965,Bangalore,Hebbal,560024,South,Returning,45-54,Female,2024-03-19,19,8149.57,WhatsApp,2024-10-16,customer_csv,CUST_ROW_000965
M001,CUST000966,Bangalore,Whitefield,560066,South,High-Value,25-34,Female,2024-03-26,44,45967.57,LinkedIn,2024-04-10,customer_csv,CUST_ROW_000966
M001,CUST000967,Bangalore,JP Nagar,560078,South,New,18-24,Male,2023-01-13,2,594.49,Facebook,2024-08-01,customer_csv,CUST_ROW_000967
M001,CUST000968,Pune,Kothrud,411038,West,Returning,18-24,Female,2023-01-01,5,2653.57,Instagram,2024-09-04,customer_csv,CUST_ROW_000968
M001,CUST000969,Hyderabad,Jubilee Hills,500033,South,High-Value,18-24,Female,2023-04-27,20,38760.18,Google Ads,2024-06-24,customer_csv,CUST_ROW_000969
M001,CUST000970,Bangalore,Jayanagar,560041,South,High-Value,55+,Male,2024-07-25,80,184927.16,Google Ads,2024-06-18,customer_csv,CUST_ROW_000970
M001,CUST000971,Bangalore,Jayanagar,560041,South,Returning,35-44,Female,2024-08-26,19,17975.54,Email,2024-05-05,customer_csv,CUST_ROW_000971
M001,CUST000972,Bangalore,Koramangala,560034,South,Returning,18-24,Female,2023-11-04,18,21207.76,Google Ads,2024-01-27,customer_csv,CUST_ROW_000972
M001,CUST000973,Kolkata,Ballygunge,700019,East,New,18-24,Male,2023-08-13,2,864.35,Instagram,2024-02-20,customer_csv,CUST_ROW_000973
M001,CUST000974,Kochi,Edapally,682024,South,Returning,25-34,Female,2023-11-03,5,2969.98,WhatsApp,2024-12-05,customer_csv,CUST_ROW_000974
M001,CUST000975,Bangalore,Jayanagar,560041,South,High-Value,18-24,Male,2024-03-18,29,43621.19,Google Ads,2024-06-19,customer_csv,CUST_ROW_000975
M001,CUST000976,Delhi,Rohini,110085,North,New,45-54,Female,2024-02-10,2,805.32,Email,2024-05-26,customer_csv,CUST_ROW_000976
M001,CUST000977,Bangalore,Whitefield,560066,South,New,25-34,Female,2023-03-26,1,241.05,WhatsApp,2024-01-05,customer_csv,CUST_ROW_000977
M001,CUST000978,Bangalore,JP Nagar,560078,South,Returning,18-24,Other,2024-12-15,7,8354.29,Instagram,2024-03-31,customer_csv,CUST_ROW_000978
M001,CUST000979,Bangalore,Marathahalli,560037,South,High-Value,25-34,Female,2024-12-17,55,106276.44,Instagram,2024-03-25,customer_csv,CUST_ROW_000979
M001,CUST000980,Chennai,T Nagar,600017,South,New,25-34,Other,2024-09-21,1,610.71,Instagram,2024-03-28,customer_csv,CUST_ROW_000980
M001,CUST000981,Jaipur,Malviya Nagar,302017,North,New,18-24,Female,2023-03-15,3,807.92,Facebook,2024-05-13,customer_csv,CUST_ROW_000981
M001,CUST000982,Bangalore,Bellandur,560103,South,Returning,25-34,Male,2023-10-18,4,2858.86,Facebook,2024-03-24,customer_csv,CUST_ROW_000982
M001,CUST000983,Jaipur,Mansarovar,302020,North,High-Value,25-34,Female,2024-02-15,63,136826.04,Facebook,2024-06-07,customer_csv,CUST_ROW_000983
M001,CUST000984,Hyderabad,Gachibowli,500032,South,Returning,35-44,Male,2023-03-02,6,3108.86,Google Ads,2024-03-05,customer_csv,CUST_ROW_000984
M001,CUST000985,Bangalore,Indiranagar,560038,South,New,25-34,Male,2023-09-02,4,1670.67,Instagram,2024-11-25,customer_csv,CUST_ROW_000985
M001,CUST000986,Kochi,Fort Kochi,682001,South,New,35-44,Female,2024-11-02,1,382.1,Instagram,2024-06-25,customer_csv,CUST_ROW_000986
M001,CUST000987,Bangalore,Koramangala,560034,South,High-Value,35-44,Male,2024-05-24,69,132422.04,WhatsApp,2024-12-29,customer_csv,CUST_ROW_000987
M001,CUST000988,Jaipur,Vaishali Nagar,302021,North,High-Value,35-44,Female,2024-11-05,50,121435.53,LinkedIn,2024-12-24,customer_csv,CUST_ROW_000988
M001,CUST000989,Bangalore,Whitefield,560066,South,High-Value,25-34,Female,2023-12-09,28,24400.41,Instagram,2024-09-19,customer_csv,CUST_ROW_000989
M001,CUST000990,Bangalore,Marathahalli,560037,South,High-Value,35-44,Male,2023-01-10,56,112521.97,Google Ads,2024-07-09,customer_csv,CUST_ROW_000990
M001,CUST000991,Bangalore,Indiranagar,560038,South,Returning,35-44,Female,2023-08-05,7,4662.1,WhatsApp,2024-09-15,customer_csv,CUST_ROW_000991
M001,CUST000992,Bangalore,JP Nagar,560078,South,High-Value,55+,Female,2024-09-18,35,53878.79,Google Ads,2024-01-21,customer_csv,CUST_ROW_000992
M001,CUST000993,Bangalore,Bellandur,560103,South,Returning,18-24,Other,2024-04-12,4,2510.35,Instagram,2024-10-28,customer_csv,CUST_ROW_000993
M001,CUST000994,Bangalore,Indiranagar,560038,South,Returning,45-54,Female,2024-09-15,10,11384.72,Email,2024-04-24,customer_csv,CUST_ROW_000994
M001,CUST000995,Bangalore,Marathahalli,560037,South,High-Value,45-54,Female,2024-11-15,42,61789.62,Instagram,2024-04-27,customer_csv,CUST_ROW_000995
M001,CUST000996,Bangalore,Electronic City,560100,South,New,18-24,Male,2023-03-19,3,1402.89,LinkedIn,2024-08-01,customer_csv,CUST_ROW_000996
M001,CUST000997,Bangalore,Bellandur,560103,South,Returning,25-34,Male,2024-09-06,4,3189.23,WhatsApp,2024-09-30,customer_csv,CUST_ROW_000997
M001,CUST000998,Kolkata,Park Street,700016,East,High-Value,45-54,Male,2023-12-03,32,55251.44,Facebook,2024-12-16,customer_csv,CUST_ROW_000998
M001,CUST000999,Bangalore,Jayanagar,560041,South,Returning,45-54,Male,2023-05-13,11,5887.4,Instagram,2024-05-11,customer_csv,CUST_ROW_000999
M001,CUST001000,Bangalore,JP Nagar,560078,South,New,18-24,Male,2023-10-23,3,2096.83,WhatsApp,2024-11-23,customer_csv,CUST_ROW_001000
M001,CUST001001,Bangalore,Whitefield,560066,South,High-Value,45-54,Male,2023-09-03,18,38227.15,LinkedIn,2024-05-18,customer_csv,CUST_ROW_001001
M001,CUST001002,Delhi,Dwarka,110075,North,New,25-34,Female,2024-07-01,4,1821.56,Facebook,2024-11-10,customer_csv,CUST_ROW_001002
M001,CUST001003,Bangalore,Indiranagar,560038,South,New,18-24,Male,2023-07-13,3,1687.97,Google Ads,2024-11-13,customer_csv,CUST_ROW_001003
M001,CUST001004,Delhi,Connaught Place,110001,North,New,25-34,Female,2024-12-07,2,878.69,Google Ads,2024-11-19,customer_csv,CUST_ROW_001004
M001,CUST001005,Bangalore,Jayanagar,560041,South,High-Value,35-44,Male,2024-06-08,61,70821.73,Facebook,2024-11-22,customer_csv,CUST_ROW_001005
M001,CUST001006,Bangalore,Yelahanka,560064,South,Returning,18-24,Other,2023-08-21,18,15227.39,Facebook,2024-06-13,customer_csv,CUST_ROW_001006
M001,CUST001007,Bangalore,HSR Layout,560102,South,High-Value,18-24,Male,2024-08-07,55,45600.84,Email,2024-07-09,customer_csv,CUST_ROW_001007
M001,CUST001008,Bangalore,JP Nagar,560078,South,Returning,18-24,Male,2024-04-19,5,2536.32,Instagram,2024-09-23,customer_csv,CUST_ROW_001008
M001,CUST001009,Bangalore,Indiranagar,560038,South,Returning,25-34,Female,2024-07-18,13,6445.43,Email,2024-11-22,customer_csv,CUST_ROW_001009
M001,CUST001010,Bangalore,Marathahalli,560037,South,Returning,25-34,Male,2023-04-20,4,4604.96,WhatsApp,2024-03-11,customer_csv,CUST_ROW_001010
M001,CUST001011,Ahmedabad,Bopal,380058,West,New,35-44,Other,2024-06-27,3,712.67,Instagram,2024-06-02,customer_csv,CUST_ROW_001011
M001,CUST001012,Bangalore,Koramangala,560034,South,High-Value,25-34,Female,2023-05-21,77,140520.45,Google Ads,2024-07-04,customer_csv,CUST_ROW_001012
M001,CUST001013,Bangalore,Marathahalli,560037,South,Returning,25-34,Male,2024-08-13,9,7792.04,Instagram,2024-01-26,customer_csv,CUST_ROW_001013
M001,CUST001014,Bangalore,Hebbal,560024,South,Returning,45-54,Male,2024-12-30,20,22963.35,Email,2024-10-06,customer_csv,CUST_ROW_001014
M001,CUST001015,Bangalore,Hebbal,560024,South,Returning,18-24,Male,2023-02-11,12,13620.85,Facebook,2024-12-02,customer_csv,CUST_ROW_001015
M001,CUST001016,Bangalore,Bellandur,560103,South,New,18-24,Female,2024-08-25,1,253.41,Facebook,2024-08-28,customer_csv,CUST_ROW_001016
M001,CUST001017,Ahmedabad,Satellite,380015,West,New,18-24,Female,2023-09-11,1,367.03,Instagram,2024-10-18,customer_csv,CUST_ROW_001017
M001,CUST001018,Delhi,Connaught Place,110001,North,Returning,35-44,Male,2024-11-29,19,11226.52,Facebook,2024-12-14,customer_csv,CUST_ROW_001018
M001,CUST001019,Bangalore,Marathahalli,560037,South,Returning,35-44,Female,2024-05-19,20,11806.59,Facebook,2024-11-09,customer_csv,CUST_ROW_001019
M001,CUST001020,Hyderabad,Secunderabad,500003,South,New,18-24,Other,2024-02-26,3,1004.04,Facebook,2024-03-04,customer_csv,CUST_ROW_001020
M001,CUST001021,Kolkata,New Town,700156,East,Returning,55+,Male,2023-07-15,11,10483.44,WhatsApp,2024-11-24,customer_csv,CUST_ROW_001021
M001,CUST001022,Bangalore,MG Road,560001,South,New,35-44,Male,2023-09-13,1,565.63,WhatsApp,2024-03-09,customer_csv,CUST_ROW_001022
M001,CUST001023,Kolkata,Park Street,700016,East,Returning,35-44,Female,2024-12-13,3,2192.05,Facebook,2024-08-16,customer_csv,CUST_ROW_001023
M001,CUST001024,Bangalore,Bellandur,560103,South,Returning,18-24,Male,2024-02-25,15,13914.24,WhatsApp,2024-08-15,customer_csv,CUST_ROW_001024
M001,CUST001025,Pune,Hinjewadi,411057,West,New,18-24,Female,2024-11-09,2,889.91,Google Ads,2024-08-11,customer_csv,CUST_ROW_001025
M001,CUST001026,Bangalore,Koramangala,560034,South,Returning,18-24,Female,2023-03-03,17,13930.24,Instagram,2024-02-26,customer_csv,CUST_ROW_001026
M001,CUST001027,Pune,Viman Nagar,411014,West,New,25-34,Male,2024-06-26,1,493.24,Instagram,2024-11-25,customer_csv,CUST_ROW_001027
M001,CUST001028,Bangalore,HSR Layout,560102,South,Returning,18-24,Female,2024-02-04,11,5812.03,Instagram,2024-03-09,customer_csv,CUST_ROW_001028
M001,CUST001029,Bangalore,HSR Layout,560102,South,Returning,25-34,Other,2024-07-18,19,17356.71,Instagram,2024-05-17,customer_csv,CUST_ROW_001029
M001,CUST001030,Kochi,Edapally,682024,South,Returning,18-24,Female,2023-11-14,15,6243.59,WhatsApp,2024-02-24,customer_csv,CUST_ROW_001030
M001,CUST001031,Bangalore,Marathahalli,560037,South,New,18-24,Other,2024-07-23,2,1027.52,Google Ads,2024-01-02,customer_csv,CUST_ROW_001031
M001,CUST001032,Bangalore,Koramangala,560034,South,New,35-44,Female,2024-08-04,3,602.19,Instagram,2024-02-25,customer_csv,CUST_ROW_001032
M001,CUST001033,Ahmedabad,Prahlad Nagar,380015,West,Returning,18-24,Male,2024-02-16,14,6676.21,Facebook,2024-04-10,customer_csv,CUST_ROW_001033
M001,CUST001034,Chennai,T Nagar,600017,South,High-Value,25-34,Female,2024-06-29,52,85194.51,WhatsApp,2024-10-14,customer_csv,CUST_ROW_001034
M001,CUST001035,Bangalore,Indiranagar,560038,South,New,45-54,Male,2023-02-14,2,867.08,Facebook,2024-02-07,customer_csv,CUST_ROW_001035
M001,CUST001036,Bangalore,Hebbal,560024,South,Returning,18-24,Female,2023-08-12,14,6684.79,Instagram,2024-10-27,customer_csv,CUST_ROW_001036
M001,CUST001037,Bangalore,Marathahalli,560037,South,Returning,45-54,Female,2023-04-06,13,14805.1,WhatsApp,2024-02-17,customer_csv,CUST_ROW_001037
M001,CUST001038,Kochi,Kakkanad,682030,South,New,35-44,Female,2024-11-04,1,663.11,Facebook,2024-04-20,customer_csv,CUST_ROW_001038
M001,CUST001039,Chennai,T Nagar,600017,South,New,25-34,Female,2023-10-12,1,413.55,Instagram,2024-07-01,customer_csv,CUST_ROW_001039
M001,CUST001040,Kochi,Kakkanad,682030,South,New,18-24,Female,2023-01-22,3,888.82,Email,2024-04-29,customer_csv,CUST_ROW_001040
M001,CUST001041,Pune,Hinjewadi,411057,West,High-Value,18-24,Male,2023-03-04,67,79298.71,Instagram,2024-03-01,customer_csv,CUST_ROW_001041
M001,CUST001042,Hyderabad,Madhapur,500081,South,Returning,45-54,Male,2024-12-04,16,8370.3,Instagram,2024-03-22,customer_csv,CUST_ROW_001042
M001,CUST001043,Bangalore,Koramangala,560034,South,New,18-24,Male,2024-03-06,1,242.41,Instagram,2024-02-07,customer_csv,CUST_ROW_001043
M001,CUST001044,Bangalore,Indiranagar,560038,South,Returning,35-44,Male,2024-12-31,19,18448.58,Email,2024-09-28,customer_csv,CUST_ROW_001044
M001,CUST001045,Chennai,Velachery,600042,South,New,55+,Female,2024-08-03,2,1353.62,Facebook,2024-11-08,customer_csv,CUST_ROW_001045
M001,CUST001046,Jaipur,Mansarovar,302020,North,New,25-34,Female,2023-01-21,2,805.82,Instagram,2024-10-01,customer_csv,CUST_ROW_001046
M001,CUST001047,Bangalore,Indiranagar,560038,South,High-Value,18-24,Female,2023-02-25,39,80063.34,Email,2024-02-27,customer_csv,CUST_ROW_001047
M001,CUST001048,Bangalore,JP Nagar,560078,South,High-Value,25-34,Female,2023-05-19,16,26888.36,Email,2024-04-28,customer_csv,CUST_ROW_001048
M001,CUST001049,Hyderabad,Banjara Hills,500034,South,Returning,25-34,Female,2023-09-05,20,16836.44,Facebook,2024-10-02,customer_csv,CUST_ROW_001049
M001,CUST001050,Bangalore,Marathahalli,560037,South,New,18-24,Male,2024-03-13,4,2500.49,Instagram,2024-04-22,customer_csv,CUST_ROW_001050
M001,CUST001051,Delhi,Karol Bagh,110005,North,New,25-34,Male,2024-10-11,1,568.87,Instagram,2024-03-25,customer_csv,CUST_ROW_001051
M001,CUST001052,Chennai,T Nagar,600017,South,New,18-24,Male,2024-11-11,1,631.44,WhatsApp,2024-02-12,customer_csv,CUST_ROW_001052
M001,CUST001053,Bangalore,Bellandur,560103,South,High-Value,25-34,Male,2023-07-14,71,171837.8,Instagram,2024-10-02,customer_csv,CUST_ROW_001053
M001,CUST001054,Bangalore,Koramangala,560034,South,Returning,35-44,Female,2023-06-03,14,9103.85,WhatsApp,2024-09-15,customer_csv,CUST_ROW_001054
M001,CUST001055,Bangalore,Marathahalli,560037,South,New,18-24,Female,2024-09-06,4,1374.37,Facebook,2024-02-09,customer_csv,CUST_ROW_001055
M001,CUST001056,Bangalore,Marathahalli,560037,South,Returning,35-44,Male,2024-04-25,4,3222.86,Facebook,2024-01-23,customer_csv,CUST_ROW_001056
M001,CUST001057,Bangalore,Koramangala,560034,South,Returning,45-54,Male,2024-10-13,13,6122.36,WhatsApp,2024-05-20,customer_csv,CUST_ROW_001057
M001,CUST001058,Bangalore,JP Nagar,560078,South,New,18-24,Male,2023-10-03,2,1390.67,Instagram,2024-01-26,customer_csv,CUST_ROW_001058
M001,CUST001059,Bangalore,Whitefield,560066,South,Returning,25-34,Male,2023-02-10,18,7963.73,Instagram,2024-07-29,customer_csv,CUST_ROW_001059
M001,CUST001060,Bangalore,Yelahanka,560064,South,Returning,25-34,Female,2023-01-18,19,10408.45,Instagram,2024-05-17,customer_csv,CUST_ROW_001060
M001,CUST001061,Delhi,Dwarka,110075,North,New,25-34,Female,2024-06-25,1,330.8,WhatsApp,2024-11-25,customer_csv,CUST_ROW_001061
M001,CUST001062,Bangalore,Electronic City,560100,South,Returning,45-54,Female,2024-01-23,9,7403.91,Instagram,2024-05-17,customer_csv,CUST_ROW_001062
M001,CUST001063,Bangalore,MG Road,560001,South,New,35-44,Female,2023-10-30,2,921.72,Facebook,2024-12-07,customer_csv,CUST_ROW_001063
M001,CUST001064,Ahmedabad,Prahlad Nagar,380015,West,New,18-24,Male,2023-05-14,3,1683.37,Email,2024-08-08,customer_csv,CUST_ROW_001064
M001,CUST001065,Bangalore,Marathahalli,560037,South,High-Value,18-24,Female,2023-02-11,59,76450.02,Google Ads,2024-07-18,customer_csv,CUST_ROW_001065
M001,CUST001066,Bangalore,Jayanagar,560041,South,Returning,45-54,Male,2024-02-17,10,9768.99,Facebook,2024-10-05,customer_csv,CUST_ROW_001066
M001,CUST001067,Kolkata,Salt Lake,700064,East,High-Value,45-54,Male,2023-03-28,70,100895.26,WhatsApp,2024-05-23,customer_csv,CUST_ROW_001067
M001,CUST001068,Kochi,Fort Kochi,682001,South,High-Value,25-34,Female,2023-01-24,38,77608.39,WhatsApp,2024-10-11,customer_csv,CUST_ROW_001068
M001,CUST001069,Kochi,Kakkanad,682030,South,High-Value,18-24,Female,2023-05-18,69,126764.17,Email,2024-12-10,customer_csv,CUST_ROW_001069
M001,CUST001070,Mumbai,Dadar,400014,West,Returning,18-24,Female,2023-09-02,9,10198.7,Instagram,2024-06-30,customer_csv,CUST_ROW_001070
M001,CUST001071,Bangalore,Hebbal,560024,South,New,25-34,Female,2024-02-09,2,1206.7,Email,2024-02-16,customer_csv,CUST_ROW_001071
M001,CUST001072,Bangalore,Yelahanka,560064,South,Returning,25-34,Female,2023-05-07,20,8773.29,Google Ads,2024-05-03,customer_csv,CUST_ROW_001072
M001,CUST001073,Bangalore,MG Road,560001,South,Returning,25-34,Male,2024-10-21,13,15594.21,Instagram,2024-07-27,customer_csv,CUST_ROW_001073
M001,CUST001074,Delhi,Connaught Place,110001,North,High-Value,25-34,Female,2023-12-02,59,56759.37,Google Ads,2024-07-27,customer_csv,CUST_ROW_001074
M001,CUST001075,Kochi,Ernakulam,682011,South,New,18-24,Female,2023-01-31,1,367.29,Facebook,2024-10-08,customer_csv,CUST_ROW_001075
M001,CUST001076,Bangalore,Yelahanka,560064,South,Returning,18-24,Female,2023-12-08,18,16370.4,Facebook,2024-05-25,customer_csv,CUST_ROW_001076
M001,CUST001077,Delhi,Dwarka,110075,North,High-Value,45-54,Female,2024-02-06,57,104684.06,WhatsApp,2024-01-30,customer_csv,CUST_ROW_001077
M001,CUST001078,Bangalore,Yelahanka,560064,South,New,18-24,Female,2024-08-11,3,763.28,Instagram,2024-04-28,customer_csv,CUST_ROW_001078
M001,CUST001079,Bangalore,Electronic City,560100,South,New,18-24,Male,2024-02-22,2,570.6,WhatsApp,2024-04-20,customer_csv,CUST_ROW_001079
M001,CUST001080,Bangalore,Hebbal,560024,South,New,18-24,Male,2023-12-12,4,953.49,Instagram,2024-01-19,customer_csv,CUST_ROW_001080
M001,CUST001081,Kolkata,Salt Lake,700064,East,Returning,25-34,Female,2024-01-11,3,3067.24,Facebook,2024-09-09,customer_csv,CUST_ROW_001081
M001,CUST001082,Ahmedabad,Vastrapur,380054,West,High-Value,35-44,Female,2023-04-09,24,49650.79,WhatsApp,2024-01-10,customer_csv,CUST_ROW_001082
M001,CUST001083,Hyderabad,Banjara Hills,500034,South,Returning,18-24,Male,2024-09-14,5,5272.69,WhatsApp,2024-07-16,customer_csv,CUST_ROW_001083
M001,CUST001084,Bangalore,Electronic City,560100,South,New,45-54,Male,2023-06-29,2,654.03,Instagram,2024-01-27,customer_csv,CUST_ROW_001084
M001,CUST001085,Kochi,Fort Kochi,682001,South,New,25-34,Female,2024-05-11,4,2326.1,Facebook,2024-03-14,customer_csv,CUST_ROW_001085
M001,CUST001086,Bangalore,Hebbal,560024,South,High-Value,18-24,Other,2023-04-29,40,52672.42,Email,2024-09-27,customer_csv,CUST_ROW_001086
M001,CUST001087,Hyderabad,Madhapur,500081,South,New,25-34,Female,2024-07-17,2,807.46,Instagram,2024-11-26,customer_csv,CUST_ROW_001087
M001,CUST001088,Bangalore,Bellandur,560103,South,New,18-24,Male,2024-12-08,1,502.84,Instagram,2024-07-07,customer_csv,CUST_ROW_001088
M001,CUST001089,Delhi,Rohini,110085,North,New,18-24,Male,2024-04-08,3,1474.35,Instagram,2024-11-02,customer_csv,CUST_ROW_001089
M001,CUST001090,Ahmedabad,Satellite,380015,West,Returning,25-34,Female,2023-10-31,20,18267.99,WhatsApp,2024-12-12,customer_csv,CUST_ROW_001090
M001,CUST001091,Jaipur,Malviya Nagar,302017,North,High-Value,18-24,Female,2024-01-10,59,111068.73,Email,2024-03-16,customer_csv,CUST_ROW_001091
M001,CUST001092,Bangalore,Indiranagar,560038,South,New,35-44,Female,2024-08-06,2,1353.29,LinkedIn,2024-02-25,customer_csv,CUST_ROW_001092
M001,CUST001093,Bangalore,HSR Layout,560102,South,New,18-24,Other,2024-02-18,1,403.91,WhatsApp,2024-10-12,customer_csv,CUST_ROW_001093
M001,CUST001094,Bangalore,JP Nagar,560078,South,Returning,25-34,Male,2023-02-01,17,9165.24,Instagram,2024-10-14,customer_csv,CUST_ROW_001094
M001,CUST001095,Hyderabad,Secunderabad,500003,South,Returning,25-34,Female,2024-01-06,10,11188.18,Facebook,2024-12-02,customer_csv,CUST_ROW_001095
M001,CUST001096,Mumbai,Dadar,400014,West,High-Value,45-54,Other,2024-11-10,25,61717.92,Google Ads,2024-10-16,customer_csv,CUST_ROW_001096
M001,CUST001097,Bangalore,Jayanagar,560041,South,New,35-44,Female,2024-02-20,3,1416.75,Instagram,2024-12-04,customer_csv,CUST_ROW_001097
M001,CUST001098,Bangalore,Hebbal,560024,South,New,25-34,Male,2023-03-16,2,414.93,Facebook,2024-08-06,customer_csv,CUST_ROW_001098
M001,CUST001099,Bangalore,MG Road,560001,South,High-Value,35-44,Female,2023-11-18,53,130740.72,LinkedIn,2024-05-08,customer_csv,CUST_ROW_001099
M001,CUST001100,Kolkata,Dum Dum,700028,East,Returning,18-24,Female,2023-11-15,19,11732.9,Email,2024-01-16,customer_csv,CUST_ROW_001100
M001,CUST001101,Pune,Kothrud,411038,West,Returning,18-24,Female,2024-06-10,16,14085.02,LinkedIn,2024-07-18,customer_csv,CUST_ROW_001101
M001,CUST001102,Bangalore,Koramangala,560034,South,New,55+,Male,2023-07-26,1,240.61,Instagram,2024-11-09,customer_csv,CUST_ROW_001102
M001,CUST001103,Bangalore,Koramangala,560034,South,New,18-24,Female,2024-09-18,3,720.16,Facebook,2024-02-07,customer_csv,CUST_ROW_001103
M001,CUST001104,Chennai,T Nagar,600017,South,Returning,35-44,Female,2024-06-18,9,9877.25,LinkedIn,2024-11-24,customer_csv,CUST_ROW_001104
M001,CUST001105,Bangalore,Whitefield,560066,South,New,25-34,Female,2023-10-04,1,647.86,Facebook,2024-11-02,customer_csv,CUST_ROW_001105
M001,CUST001106,Bangalore,Whitefield,560066,South,New,45-54,Female,2024-02-17,4,2142.79,Facebook,2024-06-25,customer_csv,CUST_ROW_001106
M001,CUST001107,Bangalore,Indiranagar,560038,South,Returning,25-34,Female,2024-04-30,15,17077.08,Google Ads,2024-10-16,customer_csv,CUST_ROW_001107
M001,CUST001108,Delhi,Rohini,110085,North,New,45-54,Female,2023-09-27,1,685.15,Instagram,2024-08-20,customer_csv,CUST_ROW_001108
M001,CUST001109,Bangalore,Whitefield,560066,South,High-Value,25-34,Female,2023-06-25,35,48512.1,Google Ads,2024-02-25,customer_csv,CUST_ROW_001109
M001,CUST001110,Bangalore,Indiranagar,560038,South,Returning,18-24,Other,2023-06-18,6,2777.25,Instagram,2024-07-13,customer_csv,CUST_ROW_001110
M001,CUST001111,Bangalore,JP Nagar,560078,South,New,25-34,Female,2023-05-16,4,1791.5,Facebook,2024-06-25,customer_csv,CUST_ROW_001111
M001,CUST001112,Bangalore,HSR Layout,560102,South,New,18-24,Female,2023-10-31,3,996.9,Instagram,2024-03-27,customer_csv,CUST_ROW_001112
M001,CUST001113,Chennai,T Nagar,600017,South,New,25-34,Female,2023-04-07,4,1350.78,Google Ads,2024-05-01,customer_csv,CUST_ROW_001113
M001,CUST001114,Bangalore,MG Road,560001,South,New,18-24,Female,2023-04-21,2,1305.04,WhatsApp,2024-09-12,customer_csv,CUST_ROW_001114
M001,CUST001115,Pune,Hinjewadi,411057,West,New,35-44,Female,2024-05-18,2,502.34,Instagram,2024-09-22,customer_csv,CUST_ROW_001115
M001,CUST001116,Ahmedabad,Bopal,380058,West,Returning,25-34,Female,2024-12-04,17,9980.56,Facebook,2024-04-28,customer_csv,CUST_ROW_001116
M001,CUST001117,Kochi,Kakkanad,682030,South,High-Value,35-44,Male,2024-11-28,50,74716.14,WhatsApp,2024-10-20,customer_csv,CUST_ROW_001117
M001,CUST001118,Mumbai,Powai,400076,West,Returning,25-34,Female,2024-03-14,15,14168.94,Google Ads,2024-08-20,customer_csv,CUST_ROW_001118
M001,CUST001119,Bangalore,Koramangala,560034,South,Returning,45-54,Male,2024-02-19,19,19454.27,Instagram,2024-01-08,customer_csv,CUST_ROW_001119
M001,CUST001120,Bangalore,Koramangala,560034,South,New,18-24,Female,2023-06-25,2,623.91,Instagram,2024-12-11,customer_csv,CUST_ROW_001120
M001,CUST001121,Bangalore,JP Nagar,560078,South,Returning,35-44,Male,2023-12-10,20,23821.97,LinkedIn,2024-12-17,customer_csv,CUST_ROW_001121
M001,CUST001122,Bangalore,Yelahanka,560064,South,New,18-24,Female,2023-06-28,1,690.85,Instagram,2024-10-17,customer_csv,CUST_ROW_001122
M001,CUST001123,Bangalore,Electronic City,560100,South,Returning,55+,Female,2024-07-01,11,6469.93,WhatsApp,2024-10-04,customer_csv,CUST_ROW_001123
M001,CUST001124,Bangalore,Hebbal,560024,South,High-Value,55+,Male,2023-02-08,52,112177.24,Google Ads,2024-12-20,customer_csv,CUST_ROW_001124
M001,CUST001125,Kochi,Vyttila,682019,South,High-Value,25-34,Female,2024-06-03,47,89404.82,WhatsApp,2024-11-06,customer_csv,CUST_ROW_001125
M001,CUST001126,Bangalore,Bellandur,560103,South,Returning,25-34,Male,2023-03-28,12,8129.08,WhatsApp,2024-09-16,customer_csv,CUST_ROW_001126
M001,CUST001127,Bangalore,Koramangala,560034,South,Returning,25-34,Male,2023-07-03,10,11161.57,Facebook,2024-07-18,customer_csv,CUST_ROW_001127
M001,CUST001128,Bangalore,Hebbal,560024,South,Returning,35-44,Male,2024-09-22,17,10538.64,WhatsApp,2024-11-10,customer_csv,CUST_ROW_001128
M001,CUST001129,Bangalore,MG Road,560001,South,Returning,25-34,Female,2024-05-19,15,12503.72,Email,2024-10-21,customer_csv,CUST_ROW_001129
M001,CUST001130,Kochi,Vyttila,682019,South,Returning,18-24,Female,2023-11-24,19,16367.42,Facebook,2024-01-20,customer_csv,CUST_ROW_001130
M001,CUST001131,Kochi,Edapally,682024,South,Returning,18-24,Female,2024-11-29,10,6949.45,WhatsApp,2024-01-16,customer_csv,CUST_ROW_001131
M001,CUST001132,Chennai,Velachery,600042,South,New,25-34,Female,2024-08-05,1,215.32,Instagram,2024-05-23,customer_csv,CUST_ROW_001132
M001,CUST001133,Pune,Viman Nagar,411014,West,High-Value,18-24,Male,2024-06-20,60,94989.95,WhatsApp,2024-03-12,customer_csv,CUST_ROW_001133
M001,CUST001134,Bangalore,Yelahanka,560064,South,New,25-34,Female,2023-05-17,3,1784.3,Email,2024-04-23,customer_csv,CUST_ROW_001134
M001,CUST001135,Hyderabad,Secunderabad,500003,South,High-Value,45-54,Female,2023-12-15,61,65850.51,Instagram,2024-12-14,customer_csv,CUST_ROW_001135
M001,CUST001136,Pune,Hadapsar,411028,West,Returning,35-44,Female,2023-07-02,13,9246.4,Google Ads,2024-03-28,customer_csv,CUST_ROW_001136
M001,CUST001137,Bangalore,Yelahanka,560064,South,New,35-44,Male,2024-09-14,3,753.33,LinkedIn,2024-09-15,customer_csv,CUST_ROW_001137
M001,CUST001138,Bangalore,Bellandur,560103,South,New,25-34,Other,2024-05-16,3,2034.39,Google Ads,2024-10-13,customer_csv,CUST_ROW_001138
M001,CUST001139,Bangalore,Yelahanka,560064,South,New,25-34,Female,2023-09-25,2,407.6,Instagram,2024-11-15,customer_csv,CUST_ROW_001139
M001,CUST001140,Bangalore,MG Road,560001,South,High-Value,35-44,Male,2023-04-26,71,129099.43,Facebook,2024-04-11,customer_csv,CUST_ROW_001140
M001,CUST001141,Bangalore,Bellandur,560103,South,New,18-24,Female,2023-03-30,3,915.28,Instagram,2024-06-15,customer_csv,CUST_ROW_001141
M001,CUST001142,Bangalore,Indiranagar,560038,South,New,25-34,Male,2023-06-27,3,1529.07,Instagram,2024-08-02,customer_csv,CUST_ROW_001142
M001,CUST001143,Bangalore,Hebbal,560024,South,New,35-44,Male,2023-11-21,1,208.03,Facebook,2024-03-17,customer_csv,CUST_ROW_001143
M001,CUST001144,Delhi,Rohini,110085,North,High-Value,35-44,Male,2023-12-29,32,50440.83,Email,2024-03-03,customer_csv,CUST_ROW_001144
M001,CUST001145,Kochi,Vyttila,682019,South,Returning,25-34,Female,2024-05-04,3,1852.04,Instagram,2024-09-20,customer_csv,CUST_ROW_001145
M001,CUST001146,Bangalore,Jayanagar,560041,South,Returning,45-54,Female,2024-07-24,16,11725.86,Google Ads,2024-10-25,customer_csv,CUST_ROW_001146
M001,CUST001147,Bangalore,Electronic City,560100,South,Returning,18-24,Female,2023-05-22,18,17367.86,Facebook,2024-12-08,customer_csv,CUST_ROW_001147
M001,CUST001148,Bangalore,MG Road,560001,South,New,25-34,Other,2023-11-21,3,866.66,Instagram,2024-11-10,customer_csv,CUST_ROW_001148
M001,CUST001149,Delhi,Dwarka,110075,North,High-Value,18-24,Female,2023-01-07,15,13093.31,Google Ads,2024-07-09,customer_csv,CUST_ROW_001149
M001,CUST001150,Bangalore,Yelahanka,560064,South,Returning,18-24,Other,2023-05-15,6,6236.7,Email,2024-02-05,customer_csv,CUST_ROW_001150
M001,CUST001151,Bangalore,Jayanagar,560041,South,New,18-24,Male,2024-10-10,4,1911.09,Instagram,2024-02-21,customer_csv,CUST_ROW_001151
M001,CUST001152,Bangalore,Marathahalli,560037,South,High-Value,25-34,Male,2024-08-23,72,75234.46,Google Ads,2024-12-19,customer_csv,CUST_ROW_001152
M001,CUST001153,Hyderabad,Jubilee Hills,500033,South,Returning,25-34,Male,2023-10-27,16,8316.22,Instagram,2024-07-06,customer_csv,CUST_ROW_001153
M001,CUST001154,Pune,Viman Nagar,411014,West,New,45-54,Male,2023-08-12,2,1107.57,Email,2024-02-24,customer_csv,CUST_ROW_001154
M001,CUST001155,Hyderabad,Banjara Hills,500034,South,New,25-34,Female,2024-10-22,1,513.46,Facebook,2024-01-31,customer_csv,CUST_ROW_001155
M001,CUST001156,Bangalore,Koramangala,560034,South,High-Value,25-34,Male,2024-05-16,30,34401.81,Email,2024-06-25,customer_csv,CUST_ROW_001156
M001,CUST001157,Bangalore,Whitefield,560066,South,Returning,25-34,Female,2024-11-12,17,9206.4,Instagram,2024-06-28,customer_csv,CUST_ROW_001157
M001,CUST001158,Bangalore,Jayanagar,560041,South,New,55+,Female,2023-09-30,4,1071.33,Instagram,2024-10-19,customer_csv,CUST_ROW_001158
M001,CUST001159,Chennai,Adyar,600020,South,Returning,25-34,Female,2024-11-16,17,12000.81,WhatsApp,2024-05-03,customer_csv,CUST_ROW_001159
M001,CUST001160,Ahmedabad,Navrangpura,380009,West,Returning,18-24,Male,2023-05-04,18,9727.91,Facebook,2024-04-20,customer_csv,CUST_ROW_001160
M001,CUST001161,Bangalore,Bellandur,560103,South,Returning,45-54,Female,2023-07-10,3,1981.97,Instagram,2024-10-22,customer_csv,CUST_ROW_001161
M001,CUST001162,Hyderabad,Jubilee Hills,500033,South,High-Value,55+,Female,2023-12-01,19,35883.55,Facebook,2024-10-08,customer_csv,CUST_ROW_001162
M001,CUST001163,Bangalore,Whitefield,560066,South,New,25-34,Other,2024-08-14,2,720.2,Google Ads,2024-05-16,customer_csv,CUST_ROW_001163
M001,CUST001164,Bangalore,Electronic City,560100,South,Returning,25-34,Female,2024-05-19,10,5292.49,Facebook,2024-05-06,customer_csv,CUST_ROW_001164
M001,CUST001165,Chennai,Anna Nagar,600040,South,High-Value,25-34,Other,2024-05-25,24,26562.79,WhatsApp,2024-10-25,customer_csv,CUST_ROW_001165
M001,CUST001166,Bangalore,Whitefield,560066,South,Returning,25-34,Male,2023-12-06,10,9333.76,WhatsApp,2024-09-26,customer_csv,CUST_ROW_001166
M001,CUST001167,Delhi,Lajpat Nagar,110024,North,Returning,45-54,Male,2024-08-16,20,23132.87,Facebook,2024-03-07,customer_csv,CUST_ROW_001167
M001,CUST001168,Bangalore,MG Road,560001,South,Returning,18-24,Female,2024-02-11,4,3353.53,Instagram,2024-01-23,customer_csv,CUST_ROW_001168
M001,CUST001169,Bangalore,Hebbal,560024,South,Returning,35-44,Female,2024-04-21,19,15252.6,Email,2024-08-12,customer_csv,CUST_ROW_001169
M001,CUST001170,Bangalore,HSR Layout,560102,South,Returning,35-44,Female,2024-11-14,19,13031.94,Instagram,2024-09-30,customer_csv,CUST_ROW_001170
M001,CUST001171,Bangalore,Koramangala,560034,South,Returning,45-54,Female,2023-02-11,9,3724.83,Google Ads,2024-04-30,customer_csv,CUST_ROW_001171
M001,CUST001172,Delhi,Karol Bagh,110005,North,High-Value,25-34,Male,2023-03-10,54,119869.9,Facebook,2024-04-17,customer_csv,CUST_ROW_001172
M001,CUST001173,Delhi,Connaught Place,110001,North,Returning,25-34,Male,2024-08-23,14,13036.89,Instagram,2024-04-11,customer_csv,CUST_ROW_001173
M001,CUST001174,Bangalore,MG Road,560001,South,High-Value,25-34,Male,2023-07-21,10,17801.34,Google Ads,2024-02-12,customer_csv,CUST_ROW_001174
M001,CUST001175,Bangalore,Yelahanka,560064,South,Returning,25-34,Male,2024-02-12,4,3626.53,WhatsApp,2024-02-29,customer_csv,CUST_ROW_001175
M001,CUST001176,Bangalore,Indiranagar,560038,South,High-Value,45-54,Other,2024-02-24,69,143487.0,Instagram,2024-02-28,customer_csv,CUST_ROW_001176
M001,CUST001177,Bangalore,Bellandur,560103,South,Returning,18-24,Male,2023-04-18,7,7914.4,Instagram,2024-11-12,customer_csv,CUST_ROW_001177
M001,CUST001178,Jaipur,Vaishali Nagar,302021,North,Returning,35-44,Female,2024-03-24,10,5583.61,WhatsApp,2024-04-19,customer_csv,CUST_ROW_001178
M001,CUST001179,Bangalore,Yelahanka,560064,South,New,25-34,Male,2023-01-14,2,855.34,LinkedIn,2024-06-03,customer_csv,CUST_ROW_001179
M001,CUST001180,Delhi,Lajpat Nagar,110024,North,Returning,18-24,Male,2023-10-19,3,3095.61,WhatsApp,2024-11-16,customer_csv,CUST_ROW_001180
M001,CUST001181,Bangalore,Jayanagar,560041,South,High-Value,25-34,Male,2023-05-18,29,52598.74,WhatsApp,2024-01-09,customer_csv,CUST_ROW_001181
M001,CUST001182,Hyderabad,Madhapur,500081,South,High-Value,25-34,Male,2023-03-09,10,21691.16,Facebook,2024-12-07,customer_csv,CUST_ROW_001182
M001,CUST001183,Bangalore,Jayanagar,560041,South,New,35-44,Female,2023-01-18,1,314.43,Facebook,2024-03-13,customer_csv,CUST_ROW_001183
M001,CUST001184,Bangalore,JP Nagar,560078,South,High-Value,25-34,Female,2024-02-01,49,102722.26,Instagram,2024-01-14,customer_csv,CUST_ROW_001184
M001,CUST001185,Bangalore,Indiranagar,560038,South,High-Value,35-44,Male,2024-05-08,16,24290.91,WhatsApp,2024-03-23,customer_csv,CUST_ROW_001185
M001,CUST001186,Bangalore,Hebbal,560024,South,Returning,18-24,Female,2023-03-04,17,16576.24,Google Ads,2024-08-08,customer_csv,CUST_ROW_001186
M001,CUST001187,Bangalore,Yelahanka,560064,South,New,18-24,Male,2023-10-16,1,371.2,Instagram,2024-03-22,customer_csv,CUST_ROW_001187
M001,CUST001188,Mumbai,Bandra,400050,West,Returning,45-54,Male,2023-03-02,6,2480.93,Facebook,2024-07-26,customer_csv,CUST_ROW_001188
M001,CUST001189,Jaipur,Mansarovar,302020,North,Returning,35-44,Female,2024-01-15,17,14825.67,WhatsApp,2024-06-27,customer_csv,CUST_ROW_001189
M001,CUST001190,Bangalore,JP Nagar,560078,South,High-Value,45-54,Male,2023-04-19,27,60007.75,WhatsApp,2024-08-10,customer_csv,CUST_ROW_001190
M001,CUST001191,Bangalore,Koramangala,560034,South,Returning,35-44,Female,2024-06-10,6,2585.91,Instagram,2024-07-30,customer_csv,CUST_ROW_001191
M001,CUST001192,Bangalore,Indiranagar,560038,South,Returning,18-24,Female,2024-05-15,8,5912.35,Instagram,2024-01-07,customer_csv,CUST_ROW_001192
M001,CUST001193,Bangalore,Bellandur,560103,South,Returning,25-34,Male,2023-02-01,6,7076.17,WhatsApp,2024-08-25,customer_csv,CUST_ROW_001193
M001,CUST001194,Bangalore,Hebbal,560024,South,New,25-34,Male,2024-04-18,2,732.14,Google Ads,2024-05-27,customer_csv,CUST_ROW_001194
M001,CUST001195,Bangalore,Hebbal,560024,South,High-Value,25-34,Male,2024-02-15,32,31812.8,Facebook,2024-01-09,customer_csv,CUST_ROW_001195
M001,CUST001196,Bangalore,Whitefield,560066,South,New,45-54,Female,2024-04-02,4,2206.82,Facebook,2024-09-11,customer_csv,CUST_ROW_001196
M001,CUST001197,Bangalore,Indiranagar,560038,South,Returning,25-34,Other,2023-07-25,15,7879.01,Email,2024-08-13,customer_csv,CUST_ROW_001197
M001,CUST001198,Ahmedabad,Vastrapur,380054,West,Returning,18-24,Male,2023-03-07,19,11256.33,Instagram,2024-08-31,customer_csv,CUST_ROW_001198
M001,CUST001199,Bangalore,Koramangala,560034,South,High-Value,25-34,Male,2023-11-15,52,97012.45,Instagram,2024-02-04,customer_csv,CUST_ROW_001199
M001,CUST001200,Mumbai,Powai,400076,West,Returning,35-44,Male,2023-09-16,4,1662.87,WhatsApp,2024-10-26,customer_csv,CUST_ROW_001200
M001,CUST001201,Bangalore,Hebbal,560024,South,New,35-44,Female,2024-12-25,3,1461.25,Instagram,2024-12-07,customer_csv,CUST_ROW_001201
M001,CUST001202,Delhi,Rohini,110085,North,Returning,18-24,Female,2024-05-28,4,4185.06,Instagram,2024-11-02,customer_csv,CUST_ROW_001202
M001,CUST001203,Ahmedabad,Satellite,380015,West,Returning,25-34,Male,2023-03-08,9,6935.38,Facebook,2024-03-02,customer_csv,CUST_ROW_001203
M001,CUST001204,Ahmedabad,Satellite,380015,West,Returning,18-24,Male,2024-01-27,6,3112.51,Facebook,2024-01-26,customer_csv,CUST_ROW_001204
M001,CUST001205,Bangalore,Yelahanka,560064,South,New,18-24,Male,2023-11-27,4,1166.03,WhatsApp,2024-09-20,customer_csv,CUST_ROW_001205
M001,CUST001206,Kolkata,New Town,700156,East,Returning,18-24,Female,2023-01-16,5,4845.95,LinkedIn,2024-03-25,customer_csv,CUST_ROW_001206
M001,CUST001207,Pune,Koregaon Park,411001,West,New,18-24,Female,2024-07-07,2,505.69,Facebook,2024-03-22,customer_csv,CUST_ROW_001207
M001,CUST001208,Mumbai,Dadar,400014,West,New,45-54,Female,2023-03-27,2,769.38,WhatsApp,2024-11-10,customer_csv,CUST_ROW_001208
M001,CUST001209,Bangalore,Yelahanka,560064,South,Returning,55+,Female,2023-05-31,6,2800.8,Facebook,2024-01-12,customer_csv,CUST_ROW_001209
M001,CUST001210,Kochi,Fort Kochi,682001,South,Returning,55+,Female,2024-06-04,3,3156.77,Email,2024-10-06,customer_csv,CUST_ROW_001210
M001,CUST001211,Kolkata,Ballygunge,700019,East,Returning,18-24,Male,2023-12-31,19,15399.81,LinkedIn,2024-10-19,customer_csv,CUST_ROW_001211
M001,CUST001212,Kochi,Edapally,682024,South,Returning,18-24,Male,2023-01-27,11,9152.84,Facebook,2024-06-12,customer_csv,CUST_ROW_001212
M001,CUST001213,Bangalore,Indiranagar,560038,South,High-Value,18-24,Male,2024-07-30,20,26184.89,WhatsApp,2024-11-27,customer_csv,CUST_ROW_001213
M001,CUST001214,Pune,Hadapsar,411028,West,High-Value,35-44,Female,2023-06-19,64,112094.15,Email,2024-08-25,customer_csv,CUST_ROW_001214
M001,CUST001215,Ahmedabad,Satellite,380015,West,High-Value,35-44,Female,2024-11-11,16,20066.06,Email,2024-04-27,customer_csv,CUST_ROW_001215
M001,CUST001216,Kolkata,Park Street,700016,East,Returning,25-34,Male,2023-02-15,18,20154.05,WhatsApp,2024-03-31,customer_csv,CUST_ROW_001216
M001,CUST001217,Bangalore,MG Road,560001,South,High-Value,35-44,Female,2023-12-08,58,81308.6,LinkedIn,2024-08-23,customer_csv,CUST_ROW_001217
M001,CUST001218,Bangalore,MG Road,560001,South,Returning,25-34,Male,2023-02-16,16,15385.74,Instagram,2024-11-08,customer_csv,CUST_ROW_001218
M001,CUST001219,Bangalore,Hebbal,560024,South,New,18-24,Female,2023-01-27,3,1279.59,Instagram,2024-02-03,customer_csv,CUST_ROW_001219
M001,CUST001220,Bangalore,Whitefield,560066,South,Returning,18-24,Male,2023-12-31,10,10604.16,Facebook,2024-10-04,customer_csv,CUST_ROW_001220
M001,CUST001221,Bangalore,Koramangala,560034,South,Returning,25-34,Female,2023-08-16,11,9104.67,Facebook,2024-09-13,customer_csv,CUST_ROW_001221
M001,CUST001222,Bangalore,Koramangala,560034,South,High-Value,18-24,Male,2024-05-06,29,72036.34,LinkedIn,2024-08-15,customer_csv,CUST_ROW_001222
M001,CUST001223,Bangalore,Indiranagar,560038,South,Returning,25-34,Male,2023-11-04,5,2857.81,Email,2024-10-27,customer_csv,CUST_ROW_001223
M001,CUST001224,Hyderabad,Madhapur,500081,South,Returning,55+,Female,2023-06-17,9,8746.09,Instagram,2024-04-19,customer_csv,CUST_ROW_001224
M001,CUST001225,Bangalore,JP Nagar,560078,South,High-Value,25-34,Other,2023-02-14,42,56534.93,Email,2024-07-24,customer_csv,CUST_ROW_001225
M001,CUST001226,Bangalore,Bellandur,560103,South,New,18-24,Female,2023-10-13,3,1343.39,Instagram,2024-11-11,customer_csv,CUST_ROW_001226
M001,CUST001227,Bangalore,Jayanagar,560041,South,Returning,45-54,Female,2023-10-08,3,3090.48,Facebook,2024-02-02,customer_csv,CUST_ROW_001227
M001,CUST001228,Bangalore,Bellandur,560103,South,Returning,45-54,Female,2024-06-12,7,6721.09,WhatsApp,2024-10-20,customer_csv,CUST_ROW_001228
M001,CUST001229,Mumbai,Thane,400601,West,Returning,45-54,Male,2024-02-15,17,18133.26,Instagram,2024-05-19,customer_csv,CUST_ROW_001229
M001,CUST001230,Bangalore,Marathahalli,560037,South,Returning,35-44,Male,2023-08-20,13,11674.49,LinkedIn,2024-11-16,customer_csv,CUST_ROW_001230
M001,CUST001231,Bangalore,Marathahalli,560037,South,Returning,25-34,Female,2023-09-12,15,14357.75,Facebook,2024-06-08,customer_csv,CUST_ROW_001231
M001,CUST001232,Ahmedabad,Satellite,380015,West,New,45-54,Male,2023-12-15,3,2068.34,Email,2024-01-26,customer_csv,CUST_ROW_001232
M001,CUST001233,Bangalore,Yelahanka,560064,South,New,25-34,Male,2024-12-04,4,2789.37,Instagram,2024-07-14,customer_csv,CUST_ROW_001233
M001,CUST001234,Mumbai,Dadar,400014,West,New,25-34,Male,2023-03-05,2,1232.52,Facebook,2024-10-11,customer_csv,CUST_ROW_001234
M001,CUST001235,Hyderabad,Jubilee Hills,500033,South,New,25-34,Female,2023-05-09,1,457.33,Instagram,2024-07-09,customer_csv,CUST_ROW_001235
M001,CUST001236,Bangalore,JP Nagar,560078,South,Returning,18-24,Female,2024-10-28,12,12547.14,Instagram,2024-10-24,customer_csv,CUST_ROW_001236
M001,CUST001237,Bangalore,Koramangala,560034,South,New,25-34,Male,2023-10-08,4,1662.68,Facebook,2024-06-16,customer_csv,CUST_ROW_001237
M001,CUST001238,Kolkata,Salt Lake,700064,East,New,35-44,Male,2024-03-09,3,1335.04,Facebook,2024-10-02,customer_csv,CUST_ROW_001238
M001,CUST001239,Jaipur,Mansarovar,302020,North,Returning,55+,Male,2024-06-02,3,2220.36,Instagram,2024-07-08,customer_csv,CUST_ROW_001239
M001,CUST001240,Bangalore,JP Nagar,560078,South,High-Value,35-44,Female,2023-07-08,63,86439.94,WhatsApp,2024-02-25,customer_csv,CUST_ROW_001240
M001,CUST001241,Bangalore,Jayanagar,560041,South,Returning,25-34,Female,2023-01-10,16,8451.38,Instagram,2024-03-30,customer_csv,CUST_ROW_001241
M001,CUST001242,Bangalore,Whitefield,560066,South,High-Value,35-44,Male,2024-05-04,70,92963.34,Instagram,2024-06-10,customer_csv,CUST_ROW_001242
M001,CUST001243,Bangalore,JP Nagar,560078,South,New,18-24,Male,2023-04-13,1,386.25,Google Ads,2024-09-14,customer_csv,CUST_ROW_001243
M001,CUST001244,Kolkata,New Town,700156,East,Returning,25-34,Other,2023-01-07,20,8240.22,Facebook,2024-09-21,customer_csv,CUST_ROW_001244
M001,CUST001245,Jaipur,C Scheme,302001,North,High-Value,18-24,Female,2023-06-27,55,85522.26,LinkedIn,2024-01-07,customer_csv,CUST_ROW_001245
M001,CUST001246,Kolkata,Dum Dum,700028,East,New,35-44,Female,2023-06-18,4,952.28,WhatsApp,2024-03-25,customer_csv,CUST_ROW_001246
M001,CUST001247,Bangalore,Hebbal,560024,South,New,35-44,Female,2023-12-17,2,830.08,WhatsApp,2024-07-16,customer_csv,CUST_ROW_001247
M001,CUST001248,Kochi,Ernakulam,682011,South,Returning,25-34,Female,2023-06-22,14,16614.09,LinkedIn,2024-03-30,customer_csv,CUST_ROW_001248
M001,CUST001249,Bangalore,Indiranagar,560038,South,Returning,35-44,Male,2023-11-29,11,7585.86,WhatsApp,2024-05-17,customer_csv,CUST_ROW_001249
M001,CUST001250,Bangalore,MG Road,560001,South,High-Value,18-24,Female,2023-10-20,69,94910.65,Instagram,2024-04-10,customer_csv,CUST_ROW_001250
M001,CUST001251,Delhi,Connaught Place,110001,North,New,18-24,Female,2024-04-03,3,1754.63,Facebook,2024-09-08,customer_csv,CUST_ROW_001251
M001,CUST001252,Delhi,Dwarka,110075,North,Returning,35-44,Female,2023-09-06,12,10992.62,WhatsApp,2024-03-26,customer_csv,CUST_ROW_001252
M001,CUST001253,Bangalore,Koramangala,560034,South,New,35-44,Female,2024-12-02,2,1219.65,LinkedIn,2024-06-30,customer_csv,CUST_ROW_001253
M001,CUST001254,Kochi,Ernakulam,682011,South,High-Value,18-24,Female,2023-09-10,15,18500.71,Email,2024-04-09,customer_csv,CUST_ROW_001254
M001,CUST001255,Bangalore,Yelahanka,560064,South,High-Value,55+,Male,2024-07-12,74,163581.73,WhatsApp,2024-04-27,customer_csv,CUST_ROW_001255
M001,CUST001256,Bangalore,HSR Layout,560102,South,High-Value,18-24,Female,2024-12-17,23,38524.86,Email,2024-07-21,customer_csv,CUST_ROW_001256
M001,CUST001257,Bangalore,Hebbal,560024,South,New,45-54,Female,2023-12-20,2,678.85,Instagram,2024-12-09,customer_csv,CUST_ROW_001257
M001,CUST001258,Kolkata,Ballygunge,700019,East,Returning,35-44,Male,2024-07-01,14,13310.46,Facebook,2024-11-13,customer_csv,CUST_ROW_001258
M001,CUST001259,Bangalore,Bellandur,560103,South,Returning,18-24,Female,2024-10-28,13,7705.61,WhatsApp,2024-03-16,customer_csv,CUST_ROW_001259
M001,CUST001260,Bangalore,Hebbal,560024,South,Returning,18-24,Female,2024-01-31,16,19048.6,Facebook,2024-03-20,customer_csv,CUST_ROW_001260
M001,CUST001261,Mumbai,Dadar,400014,West,High-Value,25-34,Female,2023-05-17,71,69431.75,Google Ads,2024-12-14,customer_csv,CUST_ROW_001261
M001,CUST001262,Bangalore,JP Nagar,560078,South,New,35-44,Female,2024-09-04,4,2220.95,Instagram,2024-03-08,customer_csv,CUST_ROW_001262
M001,CUST001263,Kochi,Kakkanad,682030,South,Returning,18-24,Male,2024-08-04,6,3124.55,Instagram,2024-11-26,customer_csv,CUST_ROW_001263
M001,CUST001264,Jaipur,Malviya Nagar,302017,North,New,35-44,Female,2024-08-03,2,1383.41,Facebook,2024-09-20,customer_csv,CUST_ROW_001264
M001,CUST001265,Kochi,Kakkanad,682030,South,New,18-24,Female,2023-01-16,2,630.02,LinkedIn,2024-01-09,customer_csv,CUST_ROW_001265
M001,CUST001266,Bangalore,Hebbal,560024,South,New,25-34,Male,2023-01-31,4,2229.73,Instagram,2024-10-07,customer_csv,CUST_ROW_001266
M001,CUST001267,Bangalore,Marathahalli,560037,South,New,25-34,Male,2023-03-05,2,1297.74,Instagram,2024-06-12,customer_csv,CUST_ROW_001267
M001,CUST001268,Bangalore,MG Road,560001,South,High-Value,25-34,Female,2024-05-09,45,68217.22,LinkedIn,2024-10-08,customer_csv,CUST_ROW_001268
M001,CUST001269,Bangalore,HSR Layout,560102,South,New,25-34,Other,2023-11-20,1,217.43,Instagram,2024-01-09,customer_csv,CUST_ROW_001269
M001,CUST001270,Bangalore,JP Nagar,560078,South,High-Value,18-24,Female,2023-10-13,52,125800.72,Email,2024-08-12,customer_csv,CUST_ROW_001270
M001,CUST001271,Chennai,T Nagar,600017,South,High-Value,18-24,Male,2024-11-15,59,89534.8,Instagram,2024-01-07,customer_csv,CUST_ROW_001271
M001,CUST001272,Ahmedabad,Prahlad Nagar,380015,West,New,18-24,Male,2023-08-19,3,602.38,Facebook,2024-06-14,customer_csv,CUST_ROW_001272
M001,CUST001273,Bangalore,Yelahanka,560064,South,High-Value,45-54,Male,2024-09-25,70,60992.96,Email,2024-07-07,customer_csv,CUST_ROW_001273
M001,CUST001274,Hyderabad,Jubilee Hills,500033,South,Returning,18-24,Female,2024-01-22,20,19609.85,WhatsApp,2024-07-26,customer_csv,CUST_ROW_001274
M001,CUST001275,Bangalore,Yelahanka,560064,South,Returning,18-24,Male,2024-03-19,20,16886.73,Email,2024-10-16,customer_csv,CUST_ROW_001275
M001,CUST001276,Bangalore,Hebbal,560024,South,High-Value,35-44,Female,2024-09-21,19,26959.92,WhatsApp,2024-10-29,customer_csv,CUST_ROW_001276
M001,CUST001277,Bangalore,Jayanagar,560041,South,Returning,18-24,Female,2024-01-22,3,2863.71,Instagram,2024-01-12,customer_csv,CUST_ROW_001277
M001,CUST001278,Pune,Kothrud,411038,West,High-Value,35-44,Male,2024-10-08,76,135388.74,Google Ads,2024-04-05,customer_csv,CUST_ROW_001278
M001,CUST001279,Bangalore,Marathahalli,560037,South,High-Value,25-34,Male,2024-08-08,57,136155.41,Google Ads,2024-08-24,customer_csv,CUST_ROW_001279
M001,CUST001280,Bangalore,Hebbal,560024,South,New,55+,Female,2024-04-12,3,1659.1,WhatsApp,2024-03-11,customer_csv,CUST_ROW_001280
M001,CUST001281,Bangalore,JP Nagar,560078,South,Returning,35-44,Male,2024-11-20,20,10314.45,Instagram,2024-12-30,customer_csv,CUST_ROW_001281
M001,CUST001282,Bangalore,Whitefield,560066,South,Returning,18-24,Male,2024-05-03,13,10527.16,Instagram,2024-01-28,customer_csv,CUST_ROW_001282
M001,CUST001283,Kolkata,Ballygunge,700019,East,New,18-24,Female,2023-12-21,3,1159.27,Email,2024-01-24,customer_csv,CUST_ROW_001283
M001,CUST001284,Bangalore,Hebbal,560024,South,New,35-44,Male,2024-01-11,4,2461.01,WhatsApp,2024-01-10,customer_csv,CUST_ROW_001284
M001,CUST001285,Mumbai,Andheri,400053,West,Returning,18-24,Female,2023-12-17,16,9921.4,Instagram,2024-03-28,customer_csv,CUST_ROW_001285
M001,CUST001286,Bangalore,Whitefield,560066,South,New,45-54,Other,2024-05-30,2,1319.54,Facebook,2024-05-23,customer_csv,CUST_ROW_001286
M001,CUST001287,Bangalore,Indiranagar,560038,South,Returning,35-44,Female,2024-06-13,8,4229.87,Instagram,2024-08-19,customer_csv,CUST_ROW_001287
M001,CUST001288,Bangalore,Whitefield,560066,South,High-Value,18-24,Female,2024-07-09,57,46205.33,Instagram,2024-06-28,customer_csv,CUST_ROW_001288
M001,CUST001289,Mumbai,Andheri,400053,West,New,25-34,Male,2023-07-02,4,2571.82,Instagram,2024-12-02,customer_csv,CUST_ROW_001289
M001,CUST001290,Bangalore,Whitefield,560066,South,Returning,35-44,Male,2024-01-07,10,11576.03,Email,2024-08-13,customer_csv,CUST_ROW_001290
M001,CUST001291,Bangalore,Yelahanka,560064,South,New,18-24,Female,2024-03-16,3,1620.73,Instagram,2024-09-04,customer_csv,CUST_ROW_001291
M001,CUST001292,Bangalore,Bellandur,560103,South,High-Value,35-44,Female,2024-08-10,49,85995.81,WhatsApp,2024-05-30,customer_csv,CUST_ROW_001292
M001,CUST001293,Bangalore,MG Road,560001,South,New,25-34,Female,2024-08-30,2,1265.2,Facebook,2024-03-08,customer_csv,CUST_ROW_001293
M001,CUST001294,Bangalore,Marathahalli,560037,South,High-Value,35-44,Male,2023-04-01,75,178026.17,Google Ads,2024-04-13,customer_csv,CUST_ROW_001294
M001,CUST001295,Kochi,Ernakulam,682011,South,New,35-44,Female,2023-02-06,3,1098.44,Instagram,2024-10-14,customer_csv,CUST_ROW_001295
M001,CUST001296,Ahmedabad,Bopal,380058,West,Returning,18-24,Female,2023-08-07,14,10503.92,Facebook,2024-05-03,customer_csv,CUST_ROW_001296
M001,CUST001297,Bangalore,Whitefield,560066,South,Returning,18-24,Female,2024-07-12,16,6898.15,Facebook,2024-04-09,customer_csv,CUST_ROW_001297
M001,CUST001298,Bangalore,HSR Layout,560102,South,High-Value,55+,Female,2024-07-08,74,83760.18,WhatsApp,2024-03-31,customer_csv,CUST_ROW_001298
M001,CUST001299,Bangalore,HSR Layout,560102,South,New,55+,Female,2023-11-02,4,2630.01,Facebook,2024-06-18,customer_csv,CUST_ROW_001299
M001,CUST001300,Bangalore,Electronic City,560100,South,High-Value,45-54,Female,2024-02-07,56,87543.43,WhatsApp,2024-02-10,customer_csv,CUST_ROW_001300
M001,CUST001301,Bangalore,JP Nagar,560078,South,New,25-34,Female,2023-01-10,1,470.42,Instagram,2024-06-15,customer_csv,CUST_ROW_001301
M001,CUST001302,Bangalore,Electronic City,560100,South,Returning,25-34,Male,2024-09-06,6,6669.52,Instagram,2024-02-12,customer_csv,CUST_ROW_001302
M001,CUST001303,Jaipur,Tonk Road,302018,North,High-Value,18-24,Other,2023-01-20,28,38038.22,WhatsApp,2024-08-15,customer_csv,CUST_ROW_001303
M001,CUST001304,Mumbai,Bandra,400050,West,New,18-24,Female,2024-01-15,2,715.13,Google Ads,2024-05-17,customer_csv,CUST_ROW_001304
M001,CUST001305,Delhi,Lajpat Nagar,110024,North,High-Value,45-54,Female,2023-07-06,66,153905.32,LinkedIn,2024-10-16,customer_csv,CUST_ROW_001305
M001,CUST001306,Bangalore,Koramangala,560034,South,New,45-54,Female,2024-12-17,1,239.47,Instagram,2024-04-19,customer_csv,CUST_ROW_001306
M001,CUST001307,Pune,Viman Nagar,411014,West,High-Value,35-44,Female,2023-09-23,66,123902.99,Email,2024-01-17,customer_csv,CUST_ROW_001307
M001,CUST001308,Bangalore,Koramangala,560034,South,High-Value,25-34,Female,2024-12-22,34,76013.53,Email,2024-10-08,customer_csv,CUST_ROW_001308
M001,CUST001309,Bangalore,Jayanagar,560041,South,Returning,25-34,Male,2023-01-29,10,9331.42,Email,2024-01-25,customer_csv,CUST_ROW_001309
M001,CUST001310,Bangalore,JP Nagar,560078,South,New,35-44,Male,2023-11-08,1,301.63,LinkedIn,2024-03-01,customer_csv,CUST_ROW_001310
M001,CUST001311,Bangalore,Jayanagar,560041,South,New,18-24,Male,2023-02-16,3,696.61,Facebook,2024-11-16,customer_csv,CUST_ROW_001311
M001,CUST001312,Bangalore,Indiranagar,560038,South,High-Value,55+,Male,2024-09-22,32,77815.53,WhatsApp,2024-05-04,customer_csv,CUST_ROW_001312
M001,CUST001313,Chennai,Adyar,600020,South,New,25-34,Male,2024-02-22,4,1938.79,Facebook,2024-11-25,customer_csv,CUST_ROW_001313
M001,CUST001314,Bangalore,Yelahanka,560064,South,Returning,45-54,Female,2023-03-02,5,4186.94,WhatsApp,2024-09-01,customer_csv,CUST_ROW_001314
M001,CUST001315,Bangalore,Bellandur,560103,South,High-Value,55+,Female,2024-12-12,26,52476.21,Google Ads,2024-12-05,customer_csv,CUST_ROW_001315
M001,CUST001316,Bangalore,Marathahalli,560037,South,New,35-44,Other,2023-08-19,1,201.39,Facebook,2024-07-12,customer_csv,CUST_ROW_001316
M001,CUST001317,Pune,Viman Nagar,411014,West,New,18-24,Female,2023-01-12,1,446.62,Google Ads,2024-06-09,customer_csv,CUST_ROW_001317
M001,CUST001318,Bangalore,JP Nagar,560078,South,New,18-24,Female,2023-07-08,1,513.87,WhatsApp,2024-10-20,customer_csv,CUST_ROW_001318
M001,CUST001319,Pune,Hinjewadi,411057,West,Returning,25-34,Female,2023-03-13,3,2969.35,Instagram,2024-01-21,customer_csv,CUST_ROW_001319
M001,CUST001320,Bangalore,JP Nagar,560078,South,High-Value,18-24,Male,2024-10-14,79,137842.04,WhatsApp,2024-05-09,customer_csv,CUST_ROW_001320
M001,CUST001321,Bangalore,Whitefield,560066,South,High-Value,18-24,Male,2024-03-30,38,81729.76,Email,2024-01-04,customer_csv,CUST_ROW_001321
M001,CUST001322,Bangalore,MG Road,560001,South,New,55+,Female,2023-12-09,4,1446.56,Facebook,2024-04-05,customer_csv,CUST_ROW_001322
M001,CUST001323,Bangalore,Yelahanka,560064,South,Returning,35-44,Male,2024-02-09,4,2339.02,Email,2024-08-02,customer_csv,CUST_ROW_001323
M001,CUST001324,Pune,Koregaon Park,411001,West,High-Value,18-24,Male,2024-06-17,33,30761.08,Email,2024-08-25,customer_csv,CUST_ROW_001324
M001,CUST001325,Pune,Koregaon Park,411001,West,High-Value,18-24,Female,2023-06-15,38,76504.65,Email,2024-04-02,customer_csv,CUST_ROW_001325
M001,CUST001326,Bangalore,Bellandur,560103,South,High-Value,18-24,Female,2024-11-07,31,28358.58,Google Ads,2024-09-25,customer_csv,CUST_ROW_001326
M001,CUST001327,Kochi,Fort Kochi,682001,South,High-Value,35-44,Female,2024-08-02,22,33821.68,LinkedIn,2024-09-14,customer_csv,CUST_ROW_001327
M001,CUST001328,Bangalore,Hebbal,560024,South,New,25-34,Male,2024-08-25,3,1453.46,Facebook,2024-08-28,customer_csv,CUST_ROW_001328
M001,CUST001329,Bangalore,Bellandur,560103,South,New,25-34,Male,2023-02-21,3,1975.75,Facebook,2024-12-24,customer_csv,CUST_ROW_001329
M001,CUST001330,Bangalore,HSR Layout,560102,South,New,55+,Female,2023-06-08,4,2598.43,Email,2024-05-21,customer_csv,CUST_ROW_001330
M001,CUST001331,Bangalore,Marathahalli,560037,South,High-Value,35-44,Other,2023-05-22,31,62869.56,Email,2024-01-01,customer_csv,CUST_ROW_001331
M001,CUST001332,Bangalore,Hebbal,560024,South,New,18-24,Male,2023-08-23,2,1062.49,Instagram,2024-05-09,customer_csv,CUST_ROW_001332
M001,CUST001333,Bangalore,Marathahalli,560037,South,Returning,18-24,Male,2023-05-15,19,18966.14,Instagram,2024-07-03,customer_csv,CUST_ROW_001333
M001,CUST001334,Bangalore,Bellandur,560103,South,New,18-24,Male,2024-10-04,1,263.79,Facebook,2024-01-26,customer_csv,CUST_ROW_001334
M001,CUST001335,Bangalore,Bellandur,560103,South,Returning,18-24,Male,2024-03-25,18,12372.12,LinkedIn,2024-12-22,customer_csv,CUST_ROW_001335
M001,CUST001336,Hyderabad,Madhapur,500081,South,Returning,18-24,Female,2023-05-14,19,9021.76,Facebook,2024-01-25,customer_csv,CUST_ROW_001336
M001,CUST001337,Bangalore,JP Nagar,560078,South,New,35-44,Female,2023-12-19,2,1334.9,Facebook,2024-08-23,customer_csv,CUST_ROW_001337
M001,CUST001338,Bangalore,Yelahanka,560064,South,New,25-34,Male,2023-03-14,1,525.88,Google Ads,2024-02-15,customer_csv,CUST_ROW_001338
M001,CUST001339,Bangalore,MG Road,560001,South,High-Value,18-24,Male,2024-09-14,15,33945.32,Facebook,2024-09-28,customer_csv,CUST_ROW_001339
M001,CUST001340,Bangalore,Koramangala,560034,South,New,35-44,Female,2023-10-10,1,510.04,Instagram,2024-03-18,customer_csv,CUST_ROW_001340
M001,CUST001341,Bangalore,HSR Layout,560102,South,High-Value,25-34,Male,2023-02-27,56,83438.14,Google Ads,2024-08-01,customer_csv,CUST_ROW_001341
M001,CUST001342,Ahmedabad,Vastrapur,380054,West,High-Value,45-54,Male,2023-08-28,60,142845.88,Instagram,2024-09-19,customer_csv,CUST_ROW_001342
M001,CUST001343,Chennai,Anna Nagar,600040,South,New,25-34,Female,2023-09-18,3,1584.04,Facebook,2024-08-08,customer_csv,CUST_ROW_001343
M001,CUST001344,Bangalore,HSR Layout,560102,South,Returning,25-34,Male,2023-08-19,16,10800.51,Facebook,2024-11-05,customer_csv,CUST_ROW_001344
M001,CUST001345,Bangalore,Electronic City,560100,South,New,35-44,Male,2024-03-20,1,244.23,Google Ads,2024-05-10,customer_csv,CUST_ROW_001345
M001,CUST001346,Bangalore,JP Nagar,560078,South,Returning,45-54,Female,2024-11-01,20,19126.82,Instagram,2024-03-18,customer_csv,CUST_ROW_001346
M001,CUST001347,Bangalore,Hebbal,560024,South,High-Value,25-34,Other,2024-06-30,73,176188.71,Email,2024-12-17,customer_csv,CUST_ROW_001347
M001,CUST001348,Bangalore,Bellandur,560103,South,Returning,25-34,Female,2023-11-15,5,4632.06,WhatsApp,2024-07-13,customer_csv,CUST_ROW_001348
M001,CUST001349,Bangalore,HSR Layout,560102,South,Returning,35-44,Female,2023-10-16,17,20047.87,Instagram,2024-07-06,customer_csv,CUST_ROW_001349
M001,CUST001350,Chennai,Porur,600116,South,New,18-24,Female,2023-02-05,2,477.55,WhatsApp,2024-07-06,customer_csv,CUST_ROW_001350
M001,CUST001351,Kochi,Vyttila,682019,South,Returning,25-34,Female,2024-01-14,17,17385.72,Facebook,2024-12-19,customer_csv,CUST_ROW_001351
M001,CUST001352,Bangalore,Marathahalli,560037,South,Returning,35-44,Male,2024-12-30,11,10751.36,LinkedIn,2024-11-21,customer_csv,CUST_ROW_001352
M001,CUST001353,Bangalore,HSR Layout,560102,South,New,18-24,Male,2024-04-28,3,1189.54,Google Ads,2024-10-31,customer_csv,CUST_ROW_001353
M001,CUST001354,Ahmedabad,Navrangpura,380009,West,Returning,45-54,Male,2023-07-01,13,8169.73,Instagram,2024-12-23,customer_csv,CUST_ROW_001354
M001,CUST001355,Chennai,Porur,600116,South,High-Value,25-34,Male,2023-12-16,33,69059.44,Email,2024-06-14,customer_csv,CUST_ROW_001355
M001,CUST001356,Chennai,Porur,600116,South,New,25-34,Male,2023-04-26,2,413.55,LinkedIn,2024-05-21,customer_csv,CUST_ROW_001356
M001,CUST001357,Bangalore,Jayanagar,560041,South,Returning,25-34,Male,2023-07-05,15,7470.48,Email,2024-01-27,customer_csv,CUST_ROW_001357
M001,CUST001358,Kolkata,New Town,700156,East,Returning,18-24,Female,2024-03-01,6,3844.79,Facebook,2024-06-07,customer_csv,CUST_ROW_001358
M001,CUST001359,Bangalore,Koramangala,560034,South,Returning,25-34,Female,2024-04-13,10,4834.0,LinkedIn,2024-01-10,customer_csv,CUST_ROW_001359
M001,CUST001360,Bangalore,MG Road,560001,South,Returning,18-24,Female,2023-12-31,8,4109.37,Instagram,2024-07-07,customer_csv,CUST_ROW_001360
M001,CUST001361,Jaipur,Malviya Nagar,302017,North,High-Value,25-34,Male,2023-08-03,56,122449.45,Email,2024-03-31,customer_csv,CUST_ROW_001361
M001,CUST001362,Bangalore,Hebbal,560024,South,Returning,18-24,Female,2024-10-28,18,7899.98,Facebook,2024-11-25,customer_csv,CUST_ROW_001362
M001,CUST001363,Mumbai,Thane,400601,West,Returning,25-34,Female,2023-06-01,10,11239.5,Facebook,2024-03-08,customer_csv,CUST_ROW_001363
M001,CUST001364,Bangalore,JP Nagar,560078,South,Returning,25-34,Male,2023-01-04,6,3737.56,Instagram,2024-01-24,customer_csv,CUST_ROW_001364
M001,CUST001365,Chennai,Adyar,600020,South,High-Value,45-54,Male,2024-01-12,51,97074.99,Email,2024-01-24,customer_csv,CUST_ROW_001365
M001,CUST001366,Bangalore,Whitefield,560066,South,Returning,35-44,Female,2023-03-09,12,6588.56,Facebook,2024-04-09,customer_csv,CUST_ROW_001366
M001,CUST001367,Bangalore,Koramangala,560034,South,Returning,18-24,Female,2023-05-07,9,9094.06,Facebook,2024-11-17,customer_csv,CUST_ROW_001367
M001,CUST001368,Jaipur,Vaishali Nagar,302021,North,High-Value,18-24,Male,2024-09-29,54,75427.71,Facebook,2024-07-19,customer_csv,CUST_ROW_001368
M001,CUST001369,Bangalore,Bellandur,560103,South,New,25-34,Female,2024-10-08,4,2368.19,Instagram,2024-07-10,customer_csv,CUST_ROW_001369
M001,CUST001370,Chennai,Adyar,600020,South,High-Value,18-24,Male,2024-12-10,66,78251.38,Email,2024-09-24,customer_csv,CUST_ROW_001370
M001,CUST001371,Bangalore,Whitefield,560066,South,New,25-34,Female,2024-12-11,2,1181.86,Instagram,2024-04-26,customer_csv,CUST_ROW_001371
M001,CUST001372,Bangalore,Indiranagar,560038,South,Returning,55+,Female,2023-04-04,4,3363.93,Facebook,2024-09-18,customer_csv,CUST_ROW_001372
M001,CUST001373,Bangalore,Yelahanka,560064,South,Returning,55+,Female,2023-06-12,9,6344.16,Instagram,2024-09-08,customer_csv,CUST_ROW_001373
M001,CUST001374,Bangalore,JP Nagar,560078,South,New,25-34,Other,2024-07-20,2,1292.95,Facebook,2024-10-13,customer_csv,CUST_ROW_001374
M001,CUST001375,Bangalore,Whitefield,560066,South,Returning,55+,Female,2024-10-07,16,18214.95,WhatsApp,2024-09-30,customer_csv,CUST_ROW_001375
M001,CUST001376,Ahmedabad,Vastrapur,380054,West,New,25-34,Male,2023-05-29,2,1379.68,Google Ads,2024-12-19,customer_csv,CUST_ROW_001376
M001,CUST001377,Pune,Hinjewadi,411057,West,High-Value,25-34,Female,2024-09-14,47,57875.13,Facebook,2024-10-13,customer_csv,CUST_ROW_001377
M001,CUST001378,Pune,Hinjewadi,411057,West,New,55+,Male,2024-01-22,2,1221.05,Facebook,2024-06-21,customer_csv,CUST_ROW_001378
M001,CUST001379,Bangalore,MG Road,560001,South,New,25-34,Female,2024-10-12,4,2528.99,Instagram,2024-11-27,customer_csv,CUST_ROW_001379
M001,CUST001380,Bangalore,Koramangala,560034,South,New,35-44,Female,2023-04-18,2,406.31,WhatsApp,2024-04-27,customer_csv,CUST_ROW_001380
M001,CUST001381,Kolkata,Park Street,700016,East,Returning,25-34,Male,2024-11-06,5,2879.01,Facebook,2024-07-24,customer_csv,CUST_ROW_001381
M001,CUST001382,Kochi,Edapally,682024,South,Returning,18-24,Female,2024-04-29,14,9924.5,Facebook,2024-05-21,customer_csv,CUST_ROW_001382
M001,CUST001383,Mumbai,Dadar,400014,West,New,25-34,Female,2024-10-03,1,384.14,Facebook,2024-05-17,customer_csv,CUST_ROW_001383
M001,CUST001384,Bangalore,Yelahanka,560064,South,Returning,35-44,Male,2023-10-06,3,2566.98,WhatsApp,2024-10-22,customer_csv,CUST_ROW_001384
M001,CUST001385,Hyderabad,Secunderabad,500003,South,New,25-34,Male,2023-07-09,1,438.58,Instagram,2024-03-11,customer_csv,CUST_ROW_001385
M001,CUST001386,Bangalore,Whitefield,560066,South,Returning,18-24,Male,2024-09-29,18,8583.75,WhatsApp,2024-02-15,customer_csv,CUST_ROW_001386
M001,CUST001387,Bangalore,Indiranagar,560038,South,High-Value,25-34,Female,2024-03-16,61,96787.94,Email,2024-08-20,customer_csv,CUST_ROW_001387
M001,CUST001388,Bangalore,Yelahanka,560064,South,High-Value,25-34,Male,2024-03-12,72,166927.23,Facebook,2024-11-04,customer_csv,CUST_ROW_001388
M001,CUST001389,Pune,Hinjewadi,411057,West,Returning,25-34,Female,2024-04-16,13,12432.71,Google Ads,2024-09-30,customer_csv,CUST_ROW_001389
M001,CUST001390,Bangalore,MG Road,560001,South,Returning,25-34,Female,2023-08-01,12,6748.95,WhatsApp,2024-11-18,customer_csv,CUST_ROW_001390
M001,CUST001391,Chennai,Anna Nagar,600040,South,New,55+,Female,2024-08-15,3,872.53,Instagram,2024-01-24,customer_csv,CUST_ROW_001391
M001,CUST001392,Bangalore,Yelahanka,560064,South,New,35-44,Female,2024-05-12,4,1344.57,Instagram,2024-11-23,customer_csv,CUST_ROW_001392
M001,CUST001393,Bangalore,Marathahalli,560037,South,Returning,35-44,Male,2024-03-06,20,15428.28,Facebook,2024-10-05,customer_csv,CUST_ROW_001393
M001,CUST001394,Ahmedabad,Vastrapur,380054,West,Returning,25-34,Female,2023-11-13,5,3679.16,Instagram,2024-06-26,customer_csv,CUST_ROW_001394
M001,CUST001395,Bangalore,Koramangala,560034,South,New,25-34,Male,2023-09-08,3,1072.1,Instagram,2024-04-11,customer_csv,CUST_ROW_001395
M001,CUST001396,Bangalore,Bellandur,560103,South,New,18-24,Male,2023-07-10,4,1682.76,Instagram,2024-11-21,customer_csv,CUST_ROW_001396
M001,CUST001397,Bangalore,Jayanagar,560041,South,New,35-44,Male,2023-07-30,1,547.36,Facebook,2024-01-05,customer_csv,CUST_ROW_001397
M001,CUST001398,Bangalore,Jayanagar,560041,South,New,25-34,Female,2024-11-21,2,826.57,Instagram,2024-02-10,customer_csv,CUST_ROW_001398
M001,CUST001399,Kolkata,New Town,700156,East,Returning,25-34,Female,2023-12-10,15,10184.17,Instagram,2024-12-02,customer_csv,CUST_ROW_001399
M001,CUST001400,Bangalore,Marathahalli,560037,South,High-Value,35-44,Female,2023-10-27,38,50257.49,WhatsApp,2024-02-07,customer_csv,CUST_ROW_001400
M001,CUST001401,Kolkata,New Town,700156,East,New,25-34,Female,2023-09-08,2,1233.78,Google Ads,2024-05-12,customer_csv,CUST_ROW_001401
M001,CUST001402,Bangalore,Electronic City,560100,South,New,25-34,Male,2024-02-24,3,625.76,WhatsApp,2024-12-02,customer_csv,CUST_ROW_001402
M001,CUST001403,Pune,Hinjewadi,411057,West,New,25-34,Female,2023-05-12,4,2247.09,Instagram,2024-10-21,customer_csv,CUST_ROW_001403
M001,CUST001404,Kochi,Fort Kochi,682001,South,Returning,45-54,Male,2023-06-11,6,7043.22,Google Ads,2024-10-19,customer_csv,CUST_ROW_001404
M001,CUST001405,Bangalore,Koramangala,560034,South,Returning,18-24,Female,2023-02-14,18,11906.26,Email,2024-09-22,customer_csv,CUST_ROW_001405
M001,CUST001406,Bangalore,Marathahalli,560037,South,Returning,35-44,Male,2024-04-28,7,7611.2,Instagram,2024-05-05,customer_csv,CUST_ROW_001406
M001,CUST001407,Bangalore,Marathahalli,560037,South,New,25-34,Male,2023-03-07,2,1123.53,Instagram,2024-01-28,customer_csv,CUST_ROW_001407
M001,CUST001408,Pune,Viman Nagar,411014,West,New,35-44,Male,2024-04-17,3,1887.71,LinkedIn,2024-09-27,customer_csv,CUST_ROW_001408
M001,CUST001409,Ahmedabad,Bopal,380058,West,New,25-34,Female,2024-04-27,1,477.69,Facebook,2024-02-10,customer_csv,CUST_ROW_001409
M001,CUST001410,Hyderabad,Banjara Hills,500034,South,New,25-34,Male,2023-09-23,3,1194.82,Instagram,2024-02-07,customer_csv,CUST_ROW_001410
M001,CUST001411,Bangalore,Hebbal,560024,South,Returning,18-24,Male,2023-07-07,9,9567.46,Instagram,2024-12-09,customer_csv,CUST_ROW_001411
M001,CUST001412,Mumbai,Bandra,400050,West,New,25-34,Male,2024-02-21,2,1056.02,Instagram,2024-04-28,customer_csv,CUST_ROW_001412
M001,CUST001413,Ahmedabad,Satellite,380015,West,Returning,35-44,Female,2024-07-07,3,1278.41,WhatsApp,2024-11-29,customer_csv,CUST_ROW_001413
M001,CUST001414,Bangalore,Bellandur,560103,South,High-Value,25-34,Male,2024-08-19,16,16961.35,Google Ads,2024-02-15,customer_csv,CUST_ROW_001414
M001,CUST001415,Bangalore,Electronic City,560100,South,Returning,18-24,Female,2023-07-12,4,2566.71,Email,2024-01-30,customer_csv,CUST_ROW_001415
M001,CUST001416,Bangalore,Hebbal,560024,South,Returning,35-44,Female,2023-06-17,8,8416.43,WhatsApp,2024-05-23,customer_csv,CUST_ROW_001416
M001,CUST001417,Bangalore,Jayanagar,560041,South,New,35-44,Female,2023-06-13,2,601.04,Facebook,2024-03-19,customer_csv,CUST_ROW_001417
M001,CUST001418,Bangalore,HSR Layout,560102,South,New,18-24,Male,2024-08-10,1,307.76,LinkedIn,2024-04-27,customer_csv,CUST_ROW_001418
M001,CUST001419,Bangalore,HSR Layout,560102,South,New,25-34,Male,2024-12-09,1,535.16,Facebook,2024-08-21,customer_csv,CUST_ROW_001419
M001,CUST001420,Bangalore,Koramangala,560034,South,Returning,25-34,Female,2024-09-16,14,14010.12,Facebook,2024-01-30,customer_csv,CUST_ROW_001420
M001,CUST001421,Bangalore,MG Road,560001,South,New,18-24,Female,2023-06-27,2,1134.72,Facebook,2024-05-12,customer_csv,CUST_ROW_001421
M001,CUST001422,Pune,Hinjewadi,411057,West,New,18-24,Female,2023-05-15,1,263.53,Instagram,2024-02-04,customer_csv,CUST_ROW_001422
M001,CUST001423,Mumbai,Andheri,400053,West,Returning,18-24,Male,2023-05-16,12,5300.34,Facebook,2024-08-12,customer_csv,CUST_ROW_001423
M001,CUST001424,Ahmedabad,Prahlad Nagar,380015,West,Returning,25-34,Female,2023-04-15,18,16447.58,WhatsApp,2024-06-13,customer_csv,CUST_ROW_001424
M001,CUST001425,Ahmedabad,Navrangpura,380009,West,Returning,35-44,Female,2023-07-07,11,4840.41,Facebook,2024-10-04,customer_csv,CUST_ROW_001425
M001,CUST001426,Bangalore,Electronic City,560100,South,New,35-44,Female,2023-12-14,1,289.94,Instagram,2024-01-21,customer_csv,CUST_ROW_001426
M001,CUST001427,Chennai,Velachery,600042,South,New,25-34,Female,2024-06-03,2,1347.15,Facebook,2024-11-17,customer_csv,CUST_ROW_001427
M001,CUST001428,Bangalore,Yelahanka,560064,South,Returning,18-24,Male,2023-05-14,5,2343.81,Instagram,2024-09-28,customer_csv,CUST_ROW_001428
M001,CUST001429,Bangalore,Hebbal,560024,South,New,35-44,Other,2024-07-20,4,2414.68,WhatsApp,2024-01-26,customer_csv,CUST_ROW_001429
M001,CUST001430,Delhi,Dwarka,110075,North,High-Value,45-54,Female,2024-12-11,14,30190.92,Google Ads,2024-11-02,customer_csv,CUST_ROW_001430
M001,CUST001431,Bangalore,Indiranagar,560038,South,Returning,25-34,Male,2023-12-30,8,7028.34,WhatsApp,2024-02-26,customer_csv,CUST_ROW_001431
M001,CUST001432,Bangalore,Whitefield,560066,South,New,45-54,Female,2023-09-18,2,620.31,Facebook,2024-03-24,customer_csv,CUST_ROW_001432
M001,CUST001433,Bangalore,Marathahalli,560037,South,New,18-24,Male,2024-11-26,3,1627.65,Instagram,2024-11-26,customer_csv,CUST_ROW_001433
M001,CUST001434,Bangalore,HSR Layout,560102,South,High-Value,35-44,Male,2024-07-06,35,40040.22,WhatsApp,2024-06-03,customer_csv,CUST_ROW_001434
M001,CUST001435,Bangalore,Koramangala,560034,South,New,35-44,Female,2024-09-05,3,617.62,Facebook,2024-03-26,customer_csv,CUST_ROW_001435
M001,CUST001436,Bangalore,Jayanagar,560041,South,Returning,25-34,Female,2023-12-24,5,4448.31,Email,2024-04-07,customer_csv,CUST_ROW_001436
M001,CUST001437,Jaipur,C Scheme,302001,North,New,35-44,Male,2024-03-13,2,559.96,LinkedIn,2024-06-11,customer_csv,CUST_ROW_001437
M001,CUST001438,Bangalore,Marathahalli,560037,South,New,45-54,Female,2023-06-24,2,1312.05,Facebook,2024-01-09,customer_csv,CUST_ROW_001438
M001,CUST001439,Bangalore,JP Nagar,560078,South,New,18-24,Female,2023-05-18,1,527.06,Facebook,2024-03-21,customer_csv,CUST_ROW_001439
M001,CUST001440,Bangalore,Marathahalli,560037,South,New,25-34,Female,2024-02-25,2,442.04,Facebook,2024-06-10,customer_csv,CUST_ROW_001440
M001,CUST001441,Ahmedabad,Bopal,380058,West,Returning,25-34,Female,2023-06-07,16,8606.21,WhatsApp,2024-05-31,customer_csv,CUST_ROW_001441
M001,CUST001442,Pune,Koregaon Park,411001,West,Returning,18-24,Female,2024-09-30,19,8011.43,WhatsApp,2024-06-22,customer_csv,CUST_ROW_001442
M001,CUST001443,Bangalore,HSR Layout,560102,South,Returning,18-24,Female,2023-02-11,4,2472.36,Facebook,2024-04-24,customer_csv,CUST_ROW_001443
M001,CUST001444,Pune,Koregaon Park,411001,West,High-Value,18-24,Female,2023-04-07,32,68146.84,WhatsApp,2024-05-31,customer_csv,CUST_ROW_001444
M001,CUST001445,Bangalore,Indiranagar,560038,South,Returning,25-34,Female,2024-07-10,16,13258.05,Google Ads,2024-06-01,customer_csv,CUST_ROW_001445
M001,CUST001446,Delhi,Karol Bagh,110005,North,New,25-34,Female,2023-03-01,4,1418.61,Instagram,2024-03-09,customer_csv,CUST_ROW_001446
M001,CUST001447,Mumbai,Andheri,400053,West,Returning,18-24,Female,2024-05-24,17,15480.62,Facebook,2024-06-09,customer_csv,CUST_ROW_001447
M001,CUST001448,Bangalore,Bellandur,560103,South,High-Value,25-34,Male,2024-02-13,49,103763.4,Instagram,2024-08-10,customer_csv,CUST_ROW_001448
M001,CUST001449,Hyderabad,Madhapur,500081,South,Returning,18-24,Male,2024-03-22,7,3802.66,Instagram,2024-01-09,customer_csv,CUST_ROW_001449
M001,CUST001450,Bangalore,Indiranagar,560038,South,New,18-24,Male,2023-08-11,1,340.7,Facebook,2024-09-18,customer_csv,CUST_ROW_001450
M001,CUST001451,Delhi,Connaught Place,110001,North,Returning,25-34,Male,2024-02-21,11,9463.23,Facebook,2024-11-29,customer_csv,CUST_ROW_001451
M001,CUST001452,Bangalore,Bellandur,560103,South,New,35-44,Male,2023-08-13,4,1644.5,Instagram,2024-12-18,customer_csv,CUST_ROW_001452
M001,CUST001453,Mumbai,Andheri,400053,West,New,45-54,Female,2024-07-06,3,890.09,Instagram,2024-02-19,customer_csv,CUST_ROW_001453
M001,CUST001454,Bangalore,MG Road,560001,South,New,35-44,Male,2024-06-26,2,949.83,Instagram,2024-06-30,customer_csv,CUST_ROW_001454
M001,CUST001455,Bangalore,Whitefield,560066,South,High-Value,35-44,Female,2024-11-06,17,15323.63,WhatsApp,2024-12-23,customer_csv,CUST_ROW_001455
M001,CUST001456,Bangalore,Electronic City,560100,South,Returning,45-54,Female,2023-07-01,20,23887.1,Instagram,2024-09-13,customer_csv,CUST_ROW_001456
M001,CUST001457,Bangalore,JP Nagar,560078,South,Returning,45-54,Male,2024-05-10,16,17921.64,Instagram,2024-06-21,customer_csv,CUST_ROW_001457
M001,CUST001458,Bangalore,MG Road,560001,South,High-Value,45-54,Female,2024-02-17,32,47232.13,Instagram,2024-08-10,customer_csv,CUST_ROW_001458
M001,CUST001459,Bangalore,Indiranagar,560038,South,New,18-24,Male,2024-06-01,2,601.13,Instagram,2024-11-07,customer_csv,CUST_ROW_001459
M001,CUST001460,Bangalore,MG Road,560001,South,Returning,25-34,Other,2023-12-24,8,6150.95,WhatsApp,2024-02-02,customer_csv,CUST_ROW_001460
M001,CUST001461,Bangalore,Jayanagar,560041,South,Returning,35-44,Female,2023-01-21,15,17432.01,Facebook,2024-07-16,customer_csv,CUST_ROW_001461
M001,CUST001462,Bangalore,Koramangala,560034,South,Returning,25-34,Male,2024-08-18,8,3240.15,Email,2024-10-02,customer_csv,CUST_ROW_001462
M001,CUST001463,Bangalore,MG Road,560001,South,High-Value,18-24,Male,2023-05-11,69,126365.77,Google Ads,2024-02-29,customer_csv,CUST_ROW_001463
M001,CUST001464,Bangalore,Hebbal,560024,South,Returning,25-34,Female,2024-08-16,20,18292.02,Facebook,2024-06-02,customer_csv,CUST_ROW_001464
M001,CUST001465,Bangalore,Electronic City,560100,South,New,35-44,Other,2023-06-04,4,1553.74,WhatsApp,2024-07-23,customer_csv,CUST_ROW_001465
M001,CUST001466,Bangalore,Whitefield,560066,South,Returning,25-34,Female,2023-05-22,13,9861.46,Facebook,2024-09-16,customer_csv,CUST_ROW_001466
M001,CUST001467,Bangalore,Whitefield,560066,South,New,18-24,Male,2024-03-21,1,582.0,WhatsApp,2024-03-10,customer_csv,CUST_ROW_001467
M001,CUST001468,Bangalore,Yelahanka,560064,South,New,18-24,Female,2024-09-24,4,1646.1,Google Ads,2024-06-04,customer_csv,CUST_ROW_001468
M001,CUST001469,Bangalore,Electronic City,560100,South,Returning,25-34,Male,2023-01-04,20,20509.55,Facebook,2024-12-17,customer_csv,CUST_ROW_001469
M001,CUST001470,Kolkata,New Town,700156,East,New,25-34,Female,2024-02-20,3,712.9,Facebook,2024-11-07,customer_csv,CUST_ROW_001470
M001,CUST001471,Kolkata,Park Street,700016,East,Returning,18-24,Female,2024-06-15,13,7345.08,WhatsApp,2024-10-01,customer_csv,CUST_ROW_001471
M001,CUST001472,Delhi,Dwarka,110075,North,New,25-34,Male,2023-10-24,3,614.81,Facebook,2024-12-05,customer_csv,CUST_ROW_001472
M001,CUST001473,Bangalore,JP Nagar,560078,South,High-Value,25-34,Male,2023-02-02,30,44322.05,Google Ads,2024-01-21,customer_csv,CUST_ROW_001473
M001,CUST001474,Bangalore,Marathahalli,560037,South,Returning,45-54,Male,2024-07-11,8,4931.58,Email,2024-07-02,customer_csv,CUST_ROW_001474
M001,CUST001475,Bangalore,HSR Layout,560102,South,New,45-54,Female,2023-07-14,1,364.94,Instagram,2024-10-03,customer_csv,CUST_ROW_001475
M001,CUST001476,Bangalore,Yelahanka,560064,South,Returning,25-34,Female,2023-04-19,20,13562.13,Google Ads,2024-05-01,customer_csv,CUST_ROW_001476
M001,CUST001477,Bangalore,Electronic City,560100,South,Returning,45-54,Male,2023-08-06,4,3774.9,WhatsApp,2024-12-13,customer_csv,CUST_ROW_001477
M001,CUST001478,Bangalore,Yelahanka,560064,South,High-Value,35-44,Male,2023-07-28,12,28187.67,Google Ads,2024-07-17,customer_csv,CUST_ROW_001478
M001,CUST001479,Bangalore,Hebbal,560024,South,New,25-34,Female,2024-07-08,3,1247.99,Facebook,2024-09-14,customer_csv,CUST_ROW_001479
M001,CUST001480,Mumbai,Andheri,400053,West,Returning,18-24,Female,2023-02-05,3,1471.2,WhatsApp,2024-08-06,customer_csv,CUST_ROW_001480
M001,CUST001481,Bangalore,Bellandur,560103,South,New,18-24,Female,2023-11-07,3,797.29,Facebook,2024-01-23,customer_csv,CUST_ROW_001481
M001,CUST001482,Bangalore,Marathahalli,560037,South,Returning,55+,Female,2024-02-15,14,7446.15,LinkedIn,2024-07-12,customer_csv,CUST_ROW_001482
M001,CUST001483,Bangalore,Whitefield,560066,South,New,45-54,Female,2024-03-22,4,1073.85,Google Ads,2024-04-01,customer_csv,CUST_ROW_001483
M001,CUST001484,Bangalore,Whitefield,560066,South,New,18-24,Male,2024-10-12,3,1259.37,Instagram,2024-09-12,customer_csv,CUST_ROW_001484
M001,CUST001485,Bangalore,JP Nagar,560078,South,New,18-24,Female,2024-01-17,2,1000.78,Instagram,2024-02-19,customer_csv,CUST_ROW_001485
M001,CUST001486,Hyderabad,Secunderabad,500003,South,New,18-24,Female,2023-05-21,3,1099.53,Instagram,2024-02-22,customer_csv,CUST_ROW_001486
M001,CUST001487,Bangalore,Yelahanka,560064,South,New,35-44,Male,2024-11-05,2,1346.5,Google Ads,2024-02-04,customer_csv,CUST_ROW_001487
M001,CUST001488,Jaipur,Vaishali Nagar,302021,North,High-Value,25-34,Female,2024-04-19,73,77890.27,LinkedIn,2024-10-01,customer_csv,CUST_ROW_001488
M001,CUST001489,Bangalore,Bellandur,560103,South,New,25-34,Male,2024-11-22,3,1431.22,Instagram,2024-10-26,customer_csv,CUST_ROW_001489
M001,CUST001490,Pune,Viman Nagar,411014,West,New,45-54,Male,2023-04-29,3,1333.88,Facebook,2024-08-17,customer_csv,CUST_ROW_001490
M001,CUST001491,Bangalore,Jayanagar,560041,South,High-Value,25-34,Female,2024-01-07,49,89120.55,WhatsApp,2024-08-20,customer_csv,CUST_ROW_001491
M001,CUST001492,Bangalore,Electronic City,560100,South,New,25-34,Male,2023-05-25,3,1257.54,Facebook,2024-05-31,customer_csv,CUST_ROW_001492
M001,CUST001493,Bangalore,Electronic City,560100,South,New,25-34,Female,2024-08-07,4,1198.88,Instagram,2024-11-04,customer_csv,CUST_ROW_001493
M001,CUST001494,Bangalore,Jayanagar,560041,South,New,25-34,Male,2023-07-19,1,464.93,Facebook,2024-02-05,customer_csv,CUST_ROW_001494
M001,CUST001495,Hyderabad,Secunderabad,500003,South,High-Value,55+,Male,2023-02-08,75,120490.37,Email,2024-03-30,customer_csv,CUST_ROW_001495
M001,CUST001496,Kochi,Ernakulam,682011,South,New,18-24,Female,2023-07-21,1,342.62,Facebook,2024-04-04,customer_csv,CUST_ROW_001496
M001,CUST001497,Bangalore,Indiranagar,560038,South,New,18-24,Female,2024-02-23,3,1847.6,Instagram,2024-06-16,customer_csv,CUST_ROW_001497
M001,CUST001498,Jaipur,Tonk Road,302018,North,New,25-34,Female,2023-12-31,4,2171.12,Instagram,2024-05-22,customer_csv,CUST_ROW_001498
M001,CUST001499,Jaipur,Malviya Nagar,302017,North,Returning,25-34,Male,2023-06-16,15,13066.2,Instagram,2024-06-07,customer_csv,CUST_ROW_001499
M001,CUST001500,Bangalore,JP Nagar,560078,South,New,25-34,Male,2024-01-21,4,1323.99,Google Ads,2024-01-27,customer_csv,CUST_ROW_001500
M001,CUST001501,Bangalore,Yelahanka,560064,South,Returning,18-24,Male,2023-02-19,20,17529.24,Facebook,2024-04-26,customer_csv,CUST_ROW_001501
M001,CUST001502,Bangalore,Hebbal,560024,South,High-Value,35-44,Female,2023-12-15,30,28855.18,Instagram,2024-10-31,customer_csv,CUST_ROW_001502
M001,CUST001503,Bangalore,Hebbal,560024,South,New,18-24,Female,2024-02-04,3,1704.18,Facebook,2024-09-21,customer_csv,CUST_ROW_001503
M001,CUST001504,Bangalore,MG Road,560001,South,Returning,25-34,Male,2023-06-24,20,22573.42,Facebook,2024-09-08,customer_csv,CUST_ROW_001504
M001,CUST001505,Bangalore,Bellandur,560103,South,Returning,35-44,Male,2024-06-14,6,6444.42,Instagram,2024-03-14,customer_csv,CUST_ROW_001505
M001,CUST001506,Bangalore,Bellandur,560103,South,Returning,35-44,Female,2024-11-09,5,5280.01,Instagram,2024-10-03,customer_csv,CUST_ROW_001506
M001,CUST001507,Bangalore,Yelahanka,560064,South,High-Value,25-34,Male,2023-01-15,52,107954.17,Email,2024-05-14,customer_csv,CUST_ROW_001507
M001,CUST001508,Delhi,Rohini,110085,North,Returning,18-24,Female,2023-06-13,19,22722.69,Google Ads,2024-02-23,customer_csv,CUST_ROW_001508
M001,CUST001509,Bangalore,Bellandur,560103,South,New,18-24,Female,2023-12-16,4,2497.84,Instagram,2024-02-11,customer_csv,CUST_ROW_001509
M001,CUST001510,Bangalore,Yelahanka,560064,South,High-Value,25-34,Female,2023-10-09,53,94337.04,Google Ads,2024-01-12,customer_csv,CUST_ROW_001510
M001,CUST001511,Pune,Koregaon Park,411001,West,Returning,25-34,Male,2023-06-01,20,21783.09,LinkedIn,2024-10-26,customer_csv,CUST_ROW_001511
M001,CUST001512,Bangalore,Jayanagar,560041,South,New,35-44,Male,2024-05-31,1,577.27,Facebook,2024-01-07,customer_csv,CUST_ROW_001512
M001,CUST001513,Chennai,Adyar,600020,South,New,25-34,Female,2023-05-05,1,487.84,WhatsApp,2024-02-10,customer_csv,CUST_ROW_001513
M001,CUST001514,Bangalore,Hebbal,560024,South,New,25-34,Female,2023-05-18,3,1124.34,Instagram,2024-08-06,customer_csv,CUST_ROW_001514
M001,CUST001515,Bangalore,Koramangala,560034,South,Returning,25-34,Female,2023-04-14,19,18501.12,Instagram,2024-06-16,customer_csv,CUST_ROW_001515
M001,CUST001516,Bangalore,Whitefield,560066,South,New,35-44,Male,2023-03-13,3,1999.0,WhatsApp,2024-09-28,customer_csv,CUST_ROW_001516
M001,CUST001517,Bangalore,JP Nagar,560078,South,Returning,18-24,Male,2023-08-11,14,11308.16,WhatsApp,2024-10-17,customer_csv,CUST_ROW_001517
M001,CUST001518,Bangalore,Jayanagar,560041,South,New,25-34,Female,2024-10-03,3,1416.83,Google Ads,2024-08-08,customer_csv,CUST_ROW_001518
M001,CUST001519,Bangalore,MG Road,560001,South,High-Value,25-34,Male,2024-10-28,52,117692.44,Google Ads,2024-05-02,customer_csv,CUST_ROW_001519
M001,CUST001520,Bangalore,Yelahanka,560064,South,New,25-34,Female,2023-04-14,4,1380.35,Instagram,2024-12-13,customer_csv,CUST_ROW_001520
M001,CUST001521,Bangalore,MG Road,560001,South,New,25-34,Male,2024-05-12,2,856.94,LinkedIn,2024-10-05,customer_csv,CUST_ROW_001521
M001,CUST001522,Bangalore,MG Road,560001,South,New,18-24,Female,2023-10-30,2,921.24,Instagram,2024-05-10,customer_csv,CUST_ROW_001522
M001,CUST001523,Bangalore,Bellandur,560103,South,Returning,18-24,Female,2024-09-30,17,19841.03,Facebook,2024-04-14,customer_csv,CUST_ROW_001523
M001,CUST001524,Bangalore,MG Road,560001,South,High-Value,25-34,Male,2024-01-18,25,21592.62,Email,2024-10-06,customer_csv,CUST_ROW_001524
M001,CUST001525,Bangalore,Electronic City,560100,South,High-Value,18-24,Male,2024-03-05,36,54639.91,Google Ads,2024-09-17,customer_csv,CUST_ROW_001525
M001,CUST001526,Kolkata,Ballygunge,700019,East,Returning,25-34,Female,2024-08-15,10,8735.82,WhatsApp,2024-01-12,customer_csv,CUST_ROW_001526
M001,CUST001527,Bangalore,Yelahanka,560064,South,Returning,25-34,Male,2024-12-12,3,2567.2,Instagram,2024-10-01,customer_csv,CUST_ROW_001527
M001,CUST001528,Kolkata,New Town,700156,East,Returning,35-44,Female,2023-12-26,6,6507.26,Instagram,2024-06-17,customer_csv,CUST_ROW_001528
M001,CUST001529,Bangalore,Electronic City,560100,South,New,25-34,Female,2023-07-21,1,520.9,Facebook,2024-10-10,customer_csv,CUST_ROW_001529
M001,CUST001530,Delhi,Connaught Place,110001,North,Returning,35-44,Female,2023-02-05,9,5796.48,Instagram,2024-09-14,customer_csv,CUST_ROW_001530
M001,CUST001531,Delhi,Karol Bagh,110005,North,Returning,25-34,Male,2024-01-03,19,10981.16,Instagram,2024-07-26,customer_csv,CUST_ROW_001531
M001,CUST001532,Bangalore,Electronic City,560100,South,Returning,35-44,Male,2023-01-09,3,2694.45,Instagram,2024-06-27,customer_csv,CUST_ROW_001532
M001,CUST001533,Bangalore,MG Road,560001,South,High-Value,55+,Male,2023-05-11,60,61590.51,WhatsApp,2024-03-26,customer_csv,CUST_ROW_001533
M001,CUST001534,Kolkata,Park Street,700016,East,Returning,18-24,Female,2023-03-29,4,3917.32,Facebook,2024-08-24,customer_csv,CUST_ROW_001534
M001,CUST001535,Bangalore,Marathahalli,560037,South,Returning,18-24,Male,2024-12-07,18,17128.33,Email,2024-05-19,customer_csv,CUST_ROW_001535
M001,CUST001536,Bangalore,HSR Layout,560102,South,New,25-34,Female,2024-07-18,1,229.75,Facebook,2024-11-11,customer_csv,CUST_ROW_001536
M001,CUST001537,Bangalore,MG Road,560001,South,High-Value,18-24,Male,2024-04-21,13,23381.14,Email,2024-08-31,customer_csv,CUST_ROW_001537
M001,CUST001538,Bangalore,JP Nagar,560078,South,High-Value,45-54,Female,2023-07-29,33,36355.29,Instagram,2024-09-10,customer_csv,CUST_ROW_001538
M001,CUST001539,Pune,Hinjewadi,411057,West,New,18-24,Female,2024-10-23,2,572.39,Instagram,2024-09-30,customer_csv,CUST_ROW_001539
M001,CUST001540,Mumbai,Andheri,400053,West,New,25-34,Male,2024-12-05,4,1230.22,Facebook,2024-03-17,customer_csv,CUST_ROW_001540
M001,CUST001541,Bangalore,Electronic City,560100,South,Returning,18-24,Female,2023-06-05,4,1701.75,Facebook,2024-05-01,customer_csv,CUST_ROW_001541
M001,CUST001542,Bangalore,JP Nagar,560078,South,Returning,18-24,Male,2024-02-24,20,17334.28,Instagram,2024-08-26,customer_csv,CUST_ROW_001542
M001,CUST001543,Bangalore,Jayanagar,560041,South,New,18-24,Male,2023-12-08,1,213.0,Facebook,2024-11-11,customer_csv,CUST_ROW_001543
M001,CUST001544,Bangalore,HSR Layout,560102,South,Returning,18-24,Female,2023-06-14,5,2436.63,Facebook,2024-07-13,customer_csv,CUST_ROW_001544
M001,CUST001545,Bangalore,Bellandur,560103,South,Returning,45-54,Female,2024-05-22,7,3839.57,Instagram,2024-05-09,customer_csv,CUST_ROW_001545
M001,CUST001546,Bangalore,Bellandur,560103,South,Returning,35-44,Female,2024-05-22,6,5133.5,Facebook,2024-02-05,customer_csv,CUST_ROW_001546
M001,CUST001547,Bangalore,Koramangala,560034,South,Returning,25-34,Male,2023-05-29,10,10076.61,Instagram,2024-03-08,customer_csv,CUST_ROW_001547
M001,CUST001548,Bangalore,Whitefield,560066,South,New,25-34,Male,2023-07-05,2,1311.37,Instagram,2024-02-12,customer_csv,CUST_ROW_001548
M001,CUST001549,Bangalore,Bellandur,560103,South,High-Value,35-44,Male,2023-10-06,49,101000.92,WhatsApp,2024-08-30,customer_csv,CUST_ROW_001549
M001,CUST001550,Ahmedabad,Satellite,380015,West,New,35-44,Male,2024-10-02,3,1073.71,Instagram,2024-03-07,customer_csv,CUST_ROW_001550
M001,CUST001551,Bangalore,Indiranagar,560038,South,Returning,25-34,Male,2024-07-24,3,3529.23,WhatsApp,2024-05-18,customer_csv,CUST_ROW_001551
M001,CUST001552,Chennai,Porur,600116,South,Returning,18-24,Male,2023-04-19,6,5159.87,Instagram,2024-10-01,customer_csv,CUST_ROW_001552
M001,CUST001553,Bangalore,Indiranagar,560038,South,New,25-34,Female,2024-12-20,3,1698.76,Email,2024-07-30,customer_csv,CUST_ROW_001553
M001,CUST001554,Bangalore,Hebbal,560024,South,Returning,45-54,Other,2024-11-21,16,8024.34,Facebook,2024-01-31,customer_csv,CUST_ROW_001554
M001,CUST001555,Kochi,Fort Kochi,682001,South,New,25-34,Male,2023-08-25,4,2441.73,Facebook,2024-02-15,customer_csv,CUST_ROW_001555
M001,CUST001556,Delhi,Karol Bagh,110005,North,New,18-24,Female,2023-05-14,1,418.59,Instagram,2024-07-25,customer_csv,CUST_ROW_001556
M001,CUST001557,Bangalore,Bellandur,560103,South,Returning,45-54,Female,2023-07-26,15,13295.15,WhatsApp,2024-03-06,customer_csv,CUST_ROW_001557
M001,CUST001558,Chennai,Adyar,600020,South,New,18-24,Male,2024-04-04,1,452.08,Instagram,2024-10-20,customer_csv,CUST_ROW_001558
M001,CUST001559,Ahmedabad,Prahlad Nagar,380015,West,New,18-24,Female,2023-01-10,2,465.92,Instagram,2024-09-08,customer_csv,CUST_ROW_001559
M001,CUST001560,Pune,Koregaon Park,411001,West,New,25-34,Female,2023-08-12,1,230.48,Instagram,2024-09-22,customer_csv,CUST_ROW_001560
M001,CUST001561,Bangalore,Marathahalli,560037,South,Returning,55+,Female,2024-08-30,6,5338.49,Instagram,2024-09-23,customer_csv,CUST_ROW_001561
M001,CUST001562,Bangalore,Yelahanka,560064,South,High-Value,18-24,Male,2023-01-03,12,21424.76,Google Ads,2024-02-17,customer_csv,CUST_ROW_001562
M001,CUST001563,Bangalore,Bellandur,560103,South,Returning,35-44,Male,2024-05-21,9,10323.5,WhatsApp,2024-10-24,customer_csv,CUST_ROW_001563
M001,CUST001564,Jaipur,Tonk Road,302018,North,New,18-24,Female,2023-12-11,3,1414.99,Email,2024-02-12,customer_csv,CUST_ROW_001564
M001,CUST001565,Kochi,Vyttila,682019,South,Returning,18-24,Male,2023-02-21,3,3411.26,Email,2024-10-28,customer_csv,CUST_ROW_001565
M001,CUST001566,Bangalore,MG Road,560001,South,New,25-34,Female,2023-09-08,4,964.96,Instagram,2024-02-13,customer_csv,CUST_ROW_001566
M001,CUST001567,Bangalore,MG Road,560001,South,Returning,25-34,Female,2023-12-04,19,9751.13,WhatsApp,2024-06-07,customer_csv,CUST_ROW_001567
M001,CUST001568,Bangalore,Koramangala,560034,South,New,18-24,Female,2023-01-13,1,381.51,Instagram,2024-05-02,customer_csv,CUST_ROW_001568
M001,CUST001569,Bangalore,JP Nagar,560078,South,New,25-34,Female,2024-09-13,3,1025.08,LinkedIn,2024-05-19,customer_csv,CUST_ROW_001569
M001,CUST001570,Ahmedabad,Vastrapur,380054,West,New,18-24,Male,2023-05-22,3,1921.85,WhatsApp,2024-03-12,customer_csv,CUST_ROW_001570
M001,CUST001571,Kochi,Ernakulam,682011,South,Returning,18-24,Male,2023-08-16,19,14390.42,LinkedIn,2024-05-27,customer_csv,CUST_ROW_001571
M001,CUST001572,Pune,Kothrud,411038,West,New,25-34,Female,2023-03-13,4,1324.16,Instagram,2024-03-10,customer_csv,CUST_ROW_001572
M001,CUST001573,Bangalore,Jayanagar,560041,South,Returning,18-24,Male,2023-08-16,14,16752.35,Instagram,2024-05-30,customer_csv,CUST_ROW_001573
M001,CUST001574,Bangalore,Yelahanka,560064,South,New,35-44,Other,2024-07-18,3,760.77,Instagram,2024-08-02,customer_csv,CUST_ROW_001574
M001,CUST001575,Pune,Viman Nagar,411014,West,New,18-24,Female,2024-02-12,1,641.68,Instagram,2024-11-04,customer_csv,CUST_ROW_001575
M001,CUST001576,Bangalore,Koramangala,560034,South,New,25-34,Male,2023-05-11,2,922.37,Facebook,2024-01-16,customer_csv,CUST_ROW_001576
M001,CUST001577,Bangalore,Bellandur,560103,South,High-Value,18-24,Female,2024-08-04,64,58668.44,Instagram,2024-01-16,customer_csv,CUST_ROW_001577
M001,CUST001578,Kolkata,New Town,700156,East,Returning,18-24,Female,2024-03-21,13,7533.64,Email,2024-05-12,customer_csv,CUST_ROW_001578
M001,CUST001579,Bangalore,Bellandur,560103,South,New,45-54,Female,2023-05-28,4,1637.92,Instagram,2024-11-20,customer_csv,CUST_ROW_001579
M001,CUST001580,Bangalore,Koramangala,560034,South,New,18-24,Male,2024-01-10,4,2238.36,WhatsApp,2024-04-14,customer_csv,CUST_ROW_001580
M001,CUST001581,Kolkata,Dum Dum,700028,East,High-Value,18-24,Male,2024-03-07,20,32699.75,WhatsApp,2024-03-27,customer_csv,CUST_ROW_001581
M001,CUST001582,Bangalore,Jayanagar,560041,South,Returning,35-44,Male,2024-04-14,8,5723.14,Google Ads,2024-09-17,customer_csv,CUST_ROW_001582
M001,CUST001583,Bangalore,JP Nagar,560078,South,Returning,25-34,Male,2024-12-16,15,17432.44,Email,2024-05-21,customer_csv,CUST_ROW_001583
M001,CUST001584,Jaipur,C Scheme,302001,North,High-Value,25-34,Female,2023-10-04,47,75417.07,Google Ads,2024-12-05,customer_csv,CUST_ROW_001584
M001,CUST001585,Bangalore,Koramangala,560034,South,Returning,25-34,Male,2023-04-22,19,12210.28,WhatsApp,2024-06-03,customer_csv,CUST_ROW_001585
M001,CUST001586,Pune,Hinjewadi,411057,West,New,18-24,Male,2023-02-24,3,1689.09,LinkedIn,2024-07-12,customer_csv,CUST_ROW_001586
M001,CUST001587,Bangalore,Indiranagar,560038,South,New,25-34,Female,2023-09-16,3,845.44,Instagram,2024-03-29,customer_csv,CUST_ROW_001587
M001,CUST001588,Bangalore,JP Nagar,560078,South,Returning,18-24,Male,2023-04-01,6,2885.16,WhatsApp,2024-09-09,customer_csv,CUST_ROW_001588
M001,CUST001589,Kochi,Fort Kochi,682001,South,New,18-24,Male,2024-11-15,4,1267.0,Instagram,2024-12-12,customer_csv,CUST_ROW_001589
M001,CUST001590,Bangalore,Marathahalli,560037,South,Returning,45-54,Female,2023-03-08,19,15455.62,WhatsApp,2024-08-02,customer_csv,CUST_ROW_001590
M001,CUST001591,Bangalore,JP Nagar,560078,South,Returning,45-54,Male,2023-04-11,6,7166.22,Instagram,2024-03-23,customer_csv,CUST_ROW_001591
M001,CUST001592,Chennai,Anna Nagar,600040,South,New,35-44,Male,2023-07-10,2,1263.19,Instagram,2024-07-24,customer_csv,CUST_ROW_001592
M001,CUST001593,Bangalore,Yelahanka,560064,South,Returning,25-34,Male,2023-09-03,18,9248.8,WhatsApp,2024-11-24,customer_csv,CUST_ROW_001593
M001,CUST001594,Ahmedabad,Navrangpura,380009,West,High-Value,18-24,Male,2024-12-16,35,34249.56,WhatsApp,2024-10-30,customer_csv,CUST_ROW_001594
M001,CUST001595,Bangalore,Koramangala,560034,South,New,35-44,Male,2023-01-14,2,697.81,Google Ads,2024-02-29,customer_csv,CUST_ROW_001595
M001,CUST001596,Bangalore,Bellandur,560103,South,Returning,18-24,Female,2024-10-29,20,14639.05,WhatsApp,2024-02-23,customer_csv,CUST_ROW_001596
M001,CUST001597,Ahmedabad,Bopal,380058,West,Returning,45-54,Female,2024-09-23,4,3909.63,Instagram,2024-10-24,customer_csv,CUST_ROW_001597
M001,CUST001598,Bangalore,MG Road,560001,South,Returning,25-34,Female,2023-01-10,6,2769.8,Google Ads,2024-06-23,customer_csv,CUST_ROW_001598
M001,CUST001599,Bangalore,Hebbal,560024,South,New,18-24,Female,2023-06-20,4,1845.17,Instagram,2024-03-11,customer_csv,CUST_ROW_001599
M001,CUST001600,Mumbai,Bandra,400050,West,Returning,45-54,Male,2023-01-29,20,19044.15,Instagram,2024-11-11,customer_csv,CUST_ROW_001600
M001,CUST001601,Bangalore,Whitefield,560066,South,New,18-24,Female,2024-08-25,4,1302.63,Facebook,2024-03-02,customer_csv,CUST_ROW_001601
M001,CUST001602,Bangalore,Electronic City,560100,South,New,18-24,Male,2024-03-05,1,649.84,Instagram,2024-05-26,customer_csv,CUST_ROW_001602
M001,CUST001603,Bangalore,MG Road,560001,South,Returning,25-34,Female,2024-04-21,19,8078.46,Instagram,2024-05-11,customer_csv,CUST_ROW_001603
M001,CUST001604,Kolkata,Salt Lake,700064,East,Returning,18-24,Female,2023-07-10,8,9409.78,Instagram,2024-10-26,customer_csv,CUST_ROW_001604
M001,CUST001605,Bangalore,JP Nagar,560078,South,Returning,35-44,Female,2024-04-11,11,7906.01,Facebook,2024-07-18,customer_csv,CUST_ROW_001605
M001,CUST001606,Chennai,T Nagar,600017,South,Returning,35-44,Male,2024-01-09,7,3300.88,Instagram,2024-02-29,customer_csv,CUST_ROW_001606
M001,CUST001607,Kolkata,Salt Lake,700064,East,New,18-24,Female,2023-08-11,2,763.98,Google Ads,2024-11-28,customer_csv,CUST_ROW_001607
M001,CUST001608,Bangalore,Marathahalli,560037,South,High-Value,18-24,Female,2024-12-20,24,44496.11,Google Ads,2024-10-22,customer_csv,CUST_ROW_001608
M001,CUST001609,Bangalore,Hebbal,560024,South,High-Value,25-34,Male,2023-01-11,48,112890.58,Email,2024-11-03,customer_csv,CUST_ROW_001609
M001,CUST001610,Delhi,Connaught Place,110001,North,New,18-24,Male,2024-01-13,1,388.53,WhatsApp,2024-12-31,customer_csv,CUST_ROW_001610
M001,CUST001611,Bangalore,JP Nagar,560078,South,Returning,25-34,Female,2023-08-25,13,7619.79,Facebook,2024-02-17,customer_csv,CUST_ROW_001611
M001,CUST001612,Bangalore,Koramangala,560034,South,High-Value,45-54,Male,2024-05-25,63,78200.66,Google Ads,2024-09-08,customer_csv,CUST_ROW_001612
M001,CUST001613,Bangalore,Yelahanka,560064,South,Returning,45-54,Male,2024-04-28,10,8414.48,Facebook,2024-02-26,customer_csv,CUST_ROW_001613
M001,CUST001614,Bangalore,Indiranagar,560038,South,High-Value,45-54,Male,2023-04-11,27,32350.25,WhatsApp,2024-10-15,customer_csv,CUST_ROW_001614
M001,CUST001615,Bangalore,Indiranagar,560038,South,New,18-24,Male,2024-10-16,1,581.21,Email,2024-08-24,customer_csv,CUST_ROW_001615
M001,CUST001616,Bangalore,Bellandur,560103,South,New,18-24,Female,2024-03-21,3,1757.55,Facebook,2024-08-24,customer_csv,CUST_ROW_001616
M001,CUST001617,Bangalore,Koramangala,560034,South,New,25-34,Male,2023-07-28,1,613.46,Facebook,2024-07-04,customer_csv,CUST_ROW_001617
M001,CUST001618,Bangalore,Marathahalli,560037,South,Returning,25-34,Other,2023-08-24,18,16769.94,Instagram,2024-02-20,customer_csv,CUST_ROW_001618
M001,CUST001619,Bangalore,Marathahalli,560037,South,High-Value,25-34,Female,2024-03-28,47,103224.9,Google Ads,2024-09-14,customer_csv,CUST_ROW_001619
M001,CUST001620,Jaipur,Vaishali Nagar,302021,North,New,18-24,Male,2023-09-23,4,2170.5,Facebook,2024-03-16,customer_csv,CUST_ROW_001620
M001,CUST001621,Pune,Hadapsar,411028,West,Returning,25-34,Male,2024-03-02,16,9608.6,Instagram,2024-11-30,customer_csv,CUST_ROW_001621
M001,CUST001622,Hyderabad,Gachibowli,500032,South,Returning,18-24,Female,2023-07-31,13,7365.76,Facebook,2024-07-24,customer_csv,CUST_ROW_001622
M001,CUST001623,Bangalore,Bellandur,560103,South,New,25-34,Male,2024-06-25,4,2244.07,Email,2024-11-06,customer_csv,CUST_ROW_001623
M001,CUST001624,Bangalore,MG Road,560001,South,Returning,35-44,Female,2024-06-19,15,13095.86,Instagram,2024-01-30,customer_csv,CUST_ROW_001624
M001,CUST001625,Chennai,Adyar,600020,South,New,25-34,Male,2024-06-21,2,874.27,Facebook,2024-02-12,customer_csv,CUST_ROW_001625
M001,CUST001626,Chennai,Porur,600116,South,High-Value,25-34,Male,2023-01-10,50,56307.42,Email,2024-06-13,customer_csv,CUST_ROW_001626
M001,CUST001627,Bangalore,Koramangala,560034,South,Returning,25-34,Female,2024-05-26,13,8780.32,Instagram,2024-02-09,customer_csv,CUST_ROW_001627
M001,CUST001628,Bangalore,Koramangala,560034,South,New,35-44,Male,2023-07-05,4,1220.12,Facebook,2024-03-07,customer_csv,CUST_ROW_001628
M001,CUST001629,Bangalore,HSR Layout,560102,South,New,35-44,Male,2024-10-20,2,882.15,Instagram,2024-02-08,customer_csv,CUST_ROW_001629
M001,CUST001630,Chennai,Velachery,600042,South,Returning,18-24,Female,2024-03-09,8,3566.12,Instagram,2024-11-11,customer_csv,CUST_ROW_001630
M001,CUST001631,Chennai,T Nagar,600017,South,New,35-44,Male,2024-07-20,2,432.38,Instagram,2024-02-23,customer_csv,CUST_ROW_001631
M001,CUST001632,Mumbai,Bandra,400050,West,Returning,35-44,Male,2023-07-04,16,19134.74,Google Ads,2024-10-08,customer_csv,CUST_ROW_001632
M001,CUST001633,Bangalore,Marathahalli,560037,South,New,25-34,Female,2023-03-21,1,411.15,Instagram,2024-02-06,customer_csv,CUST_ROW_001633
M001,CUST001634,Bangalore,Koramangala,560034,South,High-Value,35-44,Male,2023-07-18,67,154640.0,Instagram,2024-06-24,customer_csv,CUST_ROW_001634
M001,CUST001635,Mumbai,Dadar,400014,West,Returning,18-24,Male,2024-04-14,8,4824.35,Instagram,2024-10-22,customer_csv,CUST_ROW_001635
M001,CUST001636,Bangalore,Indiranagar,560038,South,High-Value,25-34,Female,2024-03-30,65,160167.11,Google Ads,2024-01-03,customer_csv,CUST_ROW_001636
M001,CUST001637,Bangalore,Yelahanka,560064,South,New,25-34,Female,2023-09-24,1,278.14,Instagram,2024-11-09,customer_csv,CUST_ROW_001637
M001,CUST001638,Kochi,Edapally,682024,South,New,25-34,Female,2023-08-19,2,862.02,Instagram,2024-09-09,customer_csv,CUST_ROW_001638
M001,CUST001639,Bangalore,Indiranagar,560038,South,New,25-34,Female,2023-08-16,3,1578.33,Instagram,2024-10-15,customer_csv,CUST_ROW_001639
M001,CUST001640,Mumbai,Bandra,400050,West,High-Value,35-44,Female,2024-10-23,52,114447.15,Email,2024-03-26,customer_csv,CUST_ROW_001640
M001,CUST001641,Bangalore,Marathahalli,560037,South,New,18-24,Female,2024-09-30,3,635.09,WhatsApp,2024-09-15,customer_csv,CUST_ROW_001641
M001,CUST001642,Ahmedabad,Prahlad Nagar,380015,West,High-Value,25-34,Female,2024-01-08,62,138819.79,Instagram,2024-01-23,customer_csv,CUST_ROW_001642
M001,CUST001643,Bangalore,MG Road,560001,South,Returning,18-24,Other,2023-06-25,4,2130.89,WhatsApp,2024-07-09,customer_csv,CUST_ROW_001643
M001,CUST001644,Kolkata,Salt Lake,700064,East,Returning,18-24,Female,2023-02-05,10,5386.82,Instagram,2024-04-08,customer_csv,CUST_ROW_001644
M001,CUST001645,Bangalore,Whitefield,560066,South,New,18-24,Male,2023-02-11,2,1209.59,Google Ads,2024-06-18,customer_csv,CUST_ROW_001645
M001,CUST001646,Bangalore,Koramangala,560034,South,New,45-54,Male,2023-12-12,3,1092.84,WhatsApp,2024-01-18,customer_csv,CUST_ROW_001646
M001,CUST001647,Bangalore,JP Nagar,560078,South,Returning,35-44,Female,2023-10-19,9,8091.23,WhatsApp,2024-05-05,customer_csv,CUST_ROW_001647
M001,CUST001648,Bangalore,Whitefield,560066,South,New,18-24,Female,2024-08-29,4,1064.53,Email,2024-01-14,customer_csv,CUST_ROW_001648
M001,CUST001649,Bangalore,Bellandur,560103,South,Returning,55+,Male,2023-05-10,11,11023.4,Instagram,2024-10-23,customer_csv,CUST_ROW_001649
M001,CUST001650,Bangalore,Jayanagar,560041,South,Returning,25-34,Female,2024-09-18,7,8127.72,Instagram,2024-05-04,customer_csv,CUST_ROW_001650
M001,CUST001651,Ahmedabad,Bopal,380058,West,New,25-34,Female,2023-10-12,2,465.57,Instagram,2024-04-03,customer_csv,CUST_ROW_001651
M001,CUST001652,Bangalore,Marathahalli,560037,South,Returning,25-34,Female,2023-12-17,6,5212.59,Instagram,2024-08-16,customer_csv,CUST_ROW_001652
M001,CUST001653,Bangalore,HSR Layout,560102,South,New,25-34,Female,2023-05-12,4,2509.94,Instagram,2024-06-12,customer_csv,CUST_ROW_001653
M001,CUST001654,Bangalore,Hebbal,560024,South,Returning,25-34,Male,2023-05-26,3,3336.85,Facebook,2024-08-17,customer_csv,CUST_ROW_001654
M001,CUST001655,Hyderabad,Banjara Hills,500034,South,New,25-34,Female,2024-06-29,3,1073.11,Instagram,2024-02-01,customer_csv,CUST_ROW_001655
M001,CUST001656,Bangalore,Bellandur,560103,South,New,25-34,Male,2023-12-06,3,614.9,Instagram,2024-04-17,customer_csv,CUST_ROW_001656
M001,CUST001657,Pune,Koregaon Park,411001,West,Returning,18-24,Male,2023-02-20,19,20540.56,Facebook,2024-10-29,customer_csv,CUST_ROW_001657
M001,CUST001658,Bangalore,Whitefield,560066,South,New,25-34,Male,2024-12-10,3,1889.95,Instagram,2024-02-17,customer_csv,CUST_ROW_001658
M001,CUST001659,Bangalore,HSR Layout,560102,South,Returning,18-24,Female,2023-11-26,20,20659.47,WhatsApp,2024-01-04,customer_csv,CUST_ROW_001659
M001,CUST001660,Bangalore,Hebbal,560024,South,Returning,18-24,Female,2024-01-27,9,10523.83,Email,2024-03-28,customer_csv,CUST_ROW_001660
M001,CUST001661,Bangalore,Hebbal,560024,South,Returning,18-24,Female,2023-02-28,8,5377.88,WhatsApp,2024-12-06,customer_csv,CUST_ROW_001661
M001,CUST001662,Bangalore,JP Nagar,560078,South,New,45-54,Male,2024-05-30,3,1702.86,Facebook,2024-10-04,customer_csv,CUST_ROW_001662
M001,CUST001663,Bangalore,Jayanagar,560041,South,Returning,35-44,Female,2024-02-19,8,3315.13,Facebook,2024-07-22,customer_csv,CUST_ROW_001663
M001,CUST001664,Bangalore,MG Road,560001,South,Returning,18-24,Male,2023-08-10,13,12865.98,Instagram,2024-10-26,customer_csv,CUST_ROW_001664
M001,CUST001665,Bangalore,Hebbal,560024,South,New,18-24,Male,2023-04-19,2,752.67,WhatsApp,2024-11-21,customer_csv,CUST_ROW_001665
M001,CUST001666,Bangalore,Marathahalli,560037,South,Returning,25-34,Male,2023-09-15,8,7335.16,Instagram,2024-03-27,customer_csv,CUST_ROW_001666
M001,CUST001667,Hyderabad,Madhapur,500081,South,New,25-34,Male,2023-01-12,1,502.74,WhatsApp,2024-07-20,customer_csv,CUST_ROW_001667
M001,CUST001668,Bangalore,Bellandur,560103,South,Returning,18-24,Male,2023-09-26,13,13811.52,Instagram,2024-10-24,customer_csv,CUST_ROW_001668
M001,CUST001669,Bangalore,HSR Layout,560102,South,New,25-34,Male,2023-02-10,1,558.59,Facebook,2024-01-26,customer_csv,CUST_ROW_001669
M001,CUST001670,Delhi,Karol Bagh,110005,North,New,25-34,Male,2024-09-26,2,534.47,Instagram,2024-08-25,customer_csv,CUST_ROW_001670
M001,CUST001671,Bangalore,Yelahanka,560064,South,New,45-54,Female,2024-03-05,1,665.88,Instagram,2024-09-05,customer_csv,CUST_ROW_001671
M001,CUST001672,Chennai,Velachery,600042,South,New,18-24,Female,2024-03-04,1,437.0,Facebook,2024-03-07,customer_csv,CUST_ROW_001672
M001,CUST001673,Bangalore,HSR Layout,560102,South,Returning,35-44,Male,2023-01-16,13,7574.0,Instagram,2024-05-18,customer_csv,CUST_ROW_001673
M001,CUST001674,Bangalore,Electronic City,560100,South,High-Value,35-44,Female,2024-11-20,24,27587.91,Google Ads,2024-04-11,customer_csv,CUST_ROW_001674
M001,CUST001675,Delhi,Connaught Place,110001,North,Returning,35-44,Male,2024-12-30,5,5859.99,Instagram,2024-04-12,customer_csv,CUST_ROW_001675
M001,CUST001676,Ahmedabad,Prahlad Nagar,380015,West,New,35-44,Male,2023-07-21,4,1157.35,Facebook,2024-07-17,customer_csv,CUST_ROW_001676
M001,CUST001677,Bangalore,Electronic City,560100,South,High-Value,45-54,Female,2024-03-08,36,77150.39,Email,2024-04-02,customer_csv,CUST_ROW_001677
M001,CUST001678,Bangalore,Koramangala,560034,South,High-Value,45-54,Female,2024-04-29,51,115218.77,Instagram,2024-10-08,customer_csv,CUST_ROW_001678
M001,CUST001679,Bangalore,Indiranagar,560038,South,High-Value,25-34,Female,2023-07-13,32,41908.02,Facebook,2024-03-27,customer_csv,CUST_ROW_001679
M001,CUST001680,Bangalore,HSR Layout,560102,South,Returning,18-24,Male,2024-05-23,8,4601.76,Facebook,2024-06-20,customer_csv,CUST_ROW_001680
M001,CUST001681,Kochi,Vyttila,682019,South,Returning,25-34,Female,2023-01-12,8,5497.19,Instagram,2024-10-01,customer_csv,CUST_ROW_001681
M001,CUST001682,Bangalore,HSR Layout,560102,South,New,35-44,Male,2024-08-04,1,340.44,Facebook,2024-04-11,customer_csv,CUST_ROW_001682
M001,CUST001683,Bangalore,Bellandur,560103,South,Returning,18-24,Male,2023-01-04,13,7562.22,Email,2024-11-16,customer_csv,CUST_ROW_001683
M001,CUST001684,Jaipur,Mansarovar,302020,North,New,25-34,Male,2023-11-25,1,617.61,Instagram,2024-04-22,customer_csv,CUST_ROW_001684
M001,CUST001685,Bangalore,Indiranagar,560038,South,New,25-34,Male,2024-10-25,4,2274.08,Instagram,2024-08-21,customer_csv,CUST_ROW_001685
M001,CUST001686,Bangalore,Hebbal,560024,South,New,18-24,Male,2024-01-20,1,471.12,Facebook,2024-11-29,customer_csv,CUST_ROW_001686
M001,CUST001687,Chennai,Velachery,600042,South,New,25-34,Female,2024-11-26,4,2310.04,Facebook,2024-02-04,customer_csv,CUST_ROW_001687
M001,CUST001688,Bangalore,Marathahalli,560037,South,High-Value,18-24,Male,2024-06-13,14,33533.5,Instagram,2024-08-31,customer_csv,CUST_ROW_001688
M001,CUST001689,Pune,Hadapsar,411028,West,High-Value,18-24,Female,2023-12-09,15,29786.36,Email,2024-10-14,customer_csv,CUST_ROW_001689
M001,CUST001690,Bangalore,Marathahalli,560037,South,High-Value,25-34,Female,2024-03-14,14,19231.57,Instagram,2024-12-27,customer_csv,CUST_ROW_001690
M001,CUST001691,Bangalore,Marathahalli,560037,South,High-Value,25-34,Male,2023-01-28,60,97270.79,WhatsApp,2024-04-18,customer_csv,CUST_ROW_001691
M001,CUST001692,Bangalore,JP Nagar,560078,South,Returning,35-44,Female,2024-07-15,7,3825.0,Instagram,2024-07-29,customer_csv,CUST_ROW_001692
M001,CUST001693,Jaipur,Tonk Road,302018,North,Returning,35-44,Female,2024-06-08,17,13709.96,Facebook,2024-06-17,customer_csv,CUST_ROW_001693
M001,CUST001694,Bangalore,Jayanagar,560041,South,Returning,35-44,Male,2024-04-27,9,7723.02,Instagram,2024-12-14,customer_csv,CUST_ROW_001694
M001,CUST001695,Kochi,Fort Kochi,682001,South,High-Value,25-34,Female,2024-02-14,13,26795.79,WhatsApp,2024-11-22,customer_csv,CUST_ROW_001695
M001,CUST001696,Bangalore,Koramangala,560034,South,High-Value,25-34,Female,2023-05-23,25,49514.95,Instagram,2024-11-27,customer_csv,CUST_ROW_001696
M001,CUST001697,Ahmedabad,Navrangpura,380009,West,Returning,25-34,Female,2023-01-31,16,11401.65,Instagram,2024-02-01,customer_csv,CUST_ROW_001697
M001,CUST001698,Ahmedabad,Bopal,380058,West,Returning,55+,Female,2023-01-16,18,9959.87,Email,2024-10-24,customer_csv,CUST_ROW_001698
M001,CUST001699,Bangalore,Hebbal,560024,South,High-Value,18-24,Other,2024-07-03,30,49017.44,Email,2024-08-02,customer_csv,CUST_ROW_001699
M001,CUST001700,Hyderabad,Gachibowli,500032,South,Returning,25-34,Female,2023-01-07,20,14766.22,Email,2024-11-08,customer_csv,CUST_ROW_001700
M001,CUST001701,Bangalore,JP Nagar,560078,South,Returning,18-24,Male,2024-12-13,20,18991.41,WhatsApp,2024-02-14,customer_csv,CUST_ROW_001701
M001,CUST001702,Hyderabad,Madhapur,500081,South,New,55+,Female,2023-01-20,1,341.14,WhatsApp,2024-11-08,customer_csv,CUST_ROW_001702
M001,CUST001703,Jaipur,Malviya Nagar,302017,North,High-Value,25-34,Male,2023-12-15,78,120636.49,Instagram,2024-05-12,customer_csv,CUST_ROW_001703
M001,CUST001704,Kochi,Kakkanad,682030,South,High-Value,18-24,Female,2024-06-08,45,86389.7,Facebook,2024-01-28,customer_csv,CUST_ROW_001704
M001,CUST001705,Delhi,Dwarka,110075,North,Returning,18-24,Female,2023-01-06,15,13608.21,Google Ads,2024-05-18,customer_csv,CUST_ROW_001705
M001,CUST001706,Delhi,Rohini,110085,North,High-Value,25-34,Female,2023-02-23,23,33242.89,Google Ads,2024-10-24,customer_csv,CUST_ROW_001706
M001,CUST001707,Pune,Hadapsar,411028,West,New,18-24,Female,2023-02-17,1,437.98,Google Ads,2024-03-20,customer_csv,CUST_ROW_001707
M001,CUST001708,Bangalore,Marathahalli,560037,South,New,45-54,Male,2024-06-09,1,458.79,LinkedIn,2024-02-03,customer_csv,CUST_ROW_001708
M001,CUST001709,Bangalore,JP Nagar,560078,South,New,18-24,Female,2024-07-17,2,1051.28,WhatsApp,2024-06-02,customer_csv,CUST_ROW_001709
M001,CUST001710,Chennai,T Nagar,600017,South,Returning,18-24,Male,2024-06-03,13,15094.66,Instagram,2024-11-27,customer_csv,CUST_ROW_001710
M001,CUST001711,Bangalore,Marathahalli,560037,South,New,25-34,Male,2024-08-29,1,559.62,LinkedIn,2024-07-16,customer_csv,CUST_ROW_001711
M001,CUST001712,Pune,Kothrud,411038,West,Returning,18-24,Female,2024-06-27,7,7507.76,Instagram,2024-03-02,customer_csv,CUST_ROW_001712
M001,CUST001713,Bangalore,MG Road,560001,South,Returning,18-24,Female,2023-07-19,11,6869.38,Instagram,2024-10-31,customer_csv,CUST_ROW_001713
M001,CUST001714,Bangalore,MG Road,560001,South,New,18-24,Other,2024-11-27,4,2599.98,Instagram,2024-01-06,customer_csv,CUST_ROW_001714
M001,CUST001715,Kolkata,Salt Lake,700064,East,New,35-44,Male,2024-02-22,1,492.78,Google Ads,2024-03-20,customer_csv,CUST_ROW_001715
M001,CUST001716,Jaipur,Mansarovar,302020,North,New,18-24,Female,2024-08-06,4,1610.14,Email,2024-12-26,customer_csv,CUST_ROW_001716
M001,CUST001717,Bangalore,Yelahanka,560064,South,New,35-44,Male,2023-10-28,2,775.43,Instagram,2024-12-19,customer_csv,CUST_ROW_001717
M001,CUST001718,Bangalore,Jayanagar,560041,South,New,35-44,Male,2024-05-28,1,549.96,Email,2024-07-07,customer_csv,CUST_ROW_001718
M001,CUST001719,Kolkata,Park Street,700016,East,High-Value,45-54,Female,2023-10-06,75,129715.0,Instagram,2024-10-18,customer_csv,CUST_ROW_001719
M001,CUST001720,Bangalore,Electronic City,560100,South,New,25-34,Female,2024-02-14,4,1104.54,Instagram,2024-03-06,customer_csv,CUST_ROW_001720
M001,CUST001721,Bangalore,Koramangala,560034,South,New,35-44,Female,2024-10-01,4,1367.41,Instagram,2024-07-09,customer_csv,CUST_ROW_001721
M001,CUST001722,Bangalore,Yelahanka,560064,South,High-Value,55+,Female,2024-11-13,32,32937.93,Instagram,2024-05-11,customer_csv,CUST_ROW_001722
M001,CUST001723,Bangalore,Hebbal,560024,South,New,18-24,Male,2024-09-26,2,411.08,Facebook,2024-02-07,customer_csv,CUST_ROW_001723
M001,CUST001724,Ahmedabad,Bopal,380058,West,New,25-34,Female,2024-08-27,2,987.99,WhatsApp,2024-10-07,customer_csv,CUST_ROW_001724
M001,CUST001725,Bangalore,Jayanagar,560041,South,Returning,35-44,Female,2024-02-14,20,16236.29,WhatsApp,2024-08-18,customer_csv,CUST_ROW_001725
M001,CUST001726,Bangalore,Jayanagar,560041,South,High-Value,25-34,Male,2023-09-10,42,71098.7,Instagram,2024-05-08,customer_csv,CUST_ROW_001726
M001,CUST001727,Hyderabad,Banjara Hills,500034,South,New,25-34,Female,2024-09-05,1,277.38,Instagram,2024-01-06,customer_csv,CUST_ROW_001727
M001,CUST001728,Bangalore,Indiranagar,560038,South,New,18-24,Other,2024-12-16,4,2659.89,Instagram,2024-11-11,customer_csv,CUST_ROW_001728
M001,CUST001729,Delhi,Rohini,110085,North,Returning,35-44,Female,2023-10-19,5,2870.91,Instagram,2024-04-14,customer_csv,CUST_ROW_001729
M001,CUST001730,Bangalore,Yelahanka,560064,South,Returning,18-24,Female,2024-07-10,18,9106.49,WhatsApp,2024-10-03,customer_csv,CUST_ROW_001730
M001,CUST001731,Bangalore,Jayanagar,560041,South,High-Value,25-34,Male,2024-11-14,27,35225.48,Instagram,2024-11-13,customer_csv,CUST_ROW_001731
M001,CUST001732,Pune,Koregaon Park,411001,West,Returning,18-24,Female,2023-02-01,18,21503.9,Facebook,2024-02-22,customer_csv,CUST_ROW_001732
M001,CUST001733,Bangalore,Marathahalli,560037,South,Returning,25-34,Male,2024-08-05,20,22739.47,Google Ads,2024-01-18,customer_csv,CUST_ROW_001733
M001,CUST001734,Bangalore,Jayanagar,560041,South,Returning,18-24,Male,2024-04-30,14,8355.25,LinkedIn,2024-08-17,customer_csv,CUST_ROW_001734
M001,CUST001735,Bangalore,JP Nagar,560078,South,New,25-34,Female,2024-05-06,2,1157.7,WhatsApp,2024-11-24,customer_csv,CUST_ROW_001735
M001,CUST001736,Kolkata,Park Street,700016,East,New,35-44,Male,2023-09-21,1,555.41,Instagram,2024-02-07,customer_csv,CUST_ROW_001736
M001,CUST001737,Jaipur,Tonk Road,302018,North,New,25-34,Male,2024-05-23,4,1791.74,Facebook,2024-02-07,customer_csv,CUST_ROW_001737
M001,CUST001738,Bangalore,Jayanagar,560041,South,New,25-34,Female,2024-11-10,2,1366.0,Instagram,2024-06-19,customer_csv,CUST_ROW_001738
M001,CUST001739,Delhi,Karol Bagh,110005,North,New,25-34,Male,2023-02-11,2,698.27,Instagram,2024-05-30,customer_csv,CUST_ROW_001739
M001,CUST001740,Kolkata,Ballygunge,700019,East,High-Value,18-24,Female,2023-10-05,73,111918.36,WhatsApp,2024-09-30,customer_csv,CUST_ROW_001740
M001,CUST001741,Bangalore,Whitefield,560066,South,Returning,25-34,Male,2023-01-06,18,13154.96,Instagram,2024-11-07,customer_csv,CUST_ROW_001741
M001,CUST001742,Bangalore,Electronic City,560100,South,Returning,55+,Female,2024-01-01,5,3933.29,Instagram,2024-12-02,customer_csv,CUST_ROW_001742
M001,CUST001743,Bangalore,Hebbal,560024,South,Returning,18-24,Male,2023-07-17,11,4725.95,Email,2024-10-12,customer_csv,CUST_ROW_001743
M001,CUST001744,Kochi,Ernakulam,682011,South,New,25-34,Male,2023-04-08,3,1942.8,Facebook,2024-05-18,customer_csv,CUST_ROW_001744
M001,CUST001745,Ahmedabad,Prahlad Nagar,380015,West,New,35-44,Female,2023-02-18,4,2442.52,Instagram,2024-05-25,customer_csv,CUST_ROW_001745
M001,CUST001746,Bangalore,HSR Layout,560102,South,High-Value,35-44,Female,2023-11-23,49,48965.23,WhatsApp,2024-01-10,customer_csv,CUST_ROW_001746
M001,CUST001747,Hyderabad,Secunderabad,500003,South,High-Value,35-44,Male,2023-03-25,79,66441.15,Facebook,2024-07-14,customer_csv,CUST_ROW_001747
M001,CUST001748,Bangalore,Whitefield,560066,South,Returning,35-44,Male,2024-06-10,14,15851.79,Facebook,2024-07-23,customer_csv,CUST_ROW_001748
M001,CUST001749,Kolkata,Park Street,700016,East,Returning,25-34,Male,2024-02-06,13,6837.46,WhatsApp,2024-02-16,customer_csv,CUST_ROW_001749
M001,CUST001750,Ahmedabad,Prahlad Nagar,380015,West,Returning,35-44,Male,2023-07-28,10,6740.37,Facebook,2024-04-12,customer_csv,CUST_ROW_001750
M001,CUST001751,Bangalore,HSR Layout,560102,South,Returning,25-34,Male,2023-01-22,19,21399.82,LinkedIn,2024-08-09,customer_csv,CUST_ROW_001751
M001,CUST001752,Bangalore,Hebbal,560024,South,Returning,25-34,Female,2023-02-13,8,3462.57,WhatsApp,2024-03-01,customer_csv,CUST_ROW_001752
M001,CUST001753,Bangalore,Yelahanka,560064,South,New,35-44,Female,2024-10-06,3,1898.48,Instagram,2024-04-12,customer_csv,CUST_ROW_001753
M001,CUST001754,Pune,Kothrud,411038,West,New,18-24,Female,2024-07-20,3,1441.32,Instagram,2024-07-23,customer_csv,CUST_ROW_001754
M001,CUST001755,Bangalore,MG Road,560001,South,New,25-34,Male,2023-10-30,4,2397.44,WhatsApp,2024-03-22,customer_csv,CUST_ROW_001755
M001,CUST001756,Bangalore,Jayanagar,560041,South,New,45-54,Female,2024-05-02,4,2703.95,Instagram,2024-05-22,customer_csv,CUST_ROW_001756
M001,CUST001757,Bangalore,Bellandur,560103,South,Returning,35-44,Female,2024-11-26,7,7943.79,Email,2024-02-10,customer_csv,CUST_ROW_001757
M001,CUST001758,Bangalore,Indiranagar,560038,South,New,35-44,Female,2024-08-09,3,1693.79,Facebook,2024-08-03,customer_csv,CUST_ROW_001758
M001,CUST001759,Jaipur,C Scheme,302001,North,High-Value,18-24,Male,2023-09-12,51,101760.76,Email,2024-01-02,customer_csv,CUST_ROW_001759
M001,CUST001760,Bangalore,Koramangala,560034,South,New,25-34,Female,2023-11-05,1,264.87,Facebook,2024-10-11,customer_csv,CUST_ROW_001760
M001,CUST001761,Mumbai,Bandra,400050,West,High-Value,25-34,Male,2023-02-23,60,72123.41,WhatsApp,2024-05-02,customer_csv,CUST_ROW_001761
M001,CUST001762,Bangalore,Koramangala,560034,South,New,18-24,Female,2024-10-18,1,523.49,Facebook,2024-01-05,customer_csv,CUST_ROW_001762
M001,CUST001763,Bangalore,Yelahanka,560064,South,New,45-54,Female,2024-08-29,1,694.22,Instagram,2024-05-01,customer_csv,CUST_ROW_001763
M001,CUST001764,Bangalore,Whitefield,560066,South,New,18-24,Male,2023-06-11,2,1167.39,Facebook,2024-07-08,customer_csv,CUST_ROW_001764
M001,CUST001765,Bangalore,Bellandur,560103,South,Returning,18-24,Male,2024-10-26,8,9402.73,Instagram,2024-11-15,customer_csv,CUST_ROW_001765
M001,CUST001766,Ahmedabad,Navrangpura,380009,West,New,55+,Male,2024-05-19,3,1592.38,Instagram,2024-05-19,customer_csv,CUST_ROW_001766
M001,CUST001767,Pune,Koregaon Park,411001,West,New,35-44,Other,2023-10-16,3,1988.59,Instagram,2024-02-16,customer_csv,CUST_ROW_001767
M001,CUST001768,Bangalore,Koramangala,560034,South,Returning,18-24,Female,2024-02-03,14,12647.61,Facebook,2024-05-25,customer_csv,CUST_ROW_001768
M001,CUST001769,Kolkata,Ballygunge,700019,East,New,25-34,Female,2024-09-03,3,824.11,Facebook,2024-09-10,customer_csv,CUST_ROW_001769
M001,CUST001770,Bangalore,Bellandur,560103,South,Returning,18-24,Other,2024-02-23,6,6292.13,Email,2024-06-07,customer_csv,CUST_ROW_001770
M001,CUST001771,Bangalore,Koramangala,560034,South,Returning,18-24,Female,2023-06-07,16,17943.01,Facebook,2024-03-08,customer_csv,CUST_ROW_001771
M001,CUST001772,Bangalore,Indiranagar,560038,South,New,25-34,Male,2023-07-23,1,233.93,Instagram,2024-11-21,customer_csv,CUST_ROW_001772
M001,CUST001773,Ahmedabad,Vastrapur,380054,West,High-Value,25-34,Male,2024-06-23,66,116987.56,WhatsApp,2024-04-01,customer_csv,CUST_ROW_001773
M001,CUST001774,Bangalore,Indiranagar,560038,South,New,25-34,Male,2024-08-03,3,684.92,Instagram,2024-05-15,customer_csv,CUST_ROW_001774
M001,CUST001775,Chennai,Adyar,600020,South,New,35-44,Female,2024-04-23,1,359.66,Facebook,2024-10-20,customer_csv,CUST_ROW_001775
M001,CUST001776,Delhi,Karol Bagh,110005,North,Returning,25-34,Male,2023-11-04,15,12968.84,Facebook,2024-07-17,customer_csv,CUST_ROW_001776
M001,CUST001777,Kochi,Kakkanad,682030,South,New,25-34,Female,2023-09-28,4,1591.98,Google Ads,2024-07-10,customer_csv,CUST_ROW_001777
M001,CUST001778,Mumbai,Bandra,400050,West,High-Value,55+,Female,2024-04-30,21,36151.57,Facebook,2024-01-04,customer_csv,CUST_ROW_001778
M001,CUST001779,Delhi,Karol Bagh,110005,North,New,18-24,Male,2024-05-15,2,617.01,LinkedIn,2024-03-14,customer_csv,CUST_ROW_001779
M001,CUST001780,Jaipur,Vaishali Nagar,302021,North,Returning,18-24,Female,2024-02-19,12,7287.13,Instagram,2024-10-14,customer_csv,CUST_ROW_001780
M001,CUST001781,Chennai,Adyar,600020,South,Returning,35-44,Female,2024-04-16,15,13407.74,WhatsApp,2024-04-05,customer_csv,CUST_ROW_001781
M001,CUST001782,Bangalore,Electronic City,560100,South,Returning,18-24,Female,2023-06-13,10,9767.44,Email,2024-11-29,customer_csv,CUST_ROW_001782
M001,CUST001783,Bangalore,Whitefield,560066,South,New,18-24,Female,2023-09-15,1,232.63,Facebook,2024-04-26,customer_csv,CUST_ROW_001783
M001,CUST001784,Pune,Hadapsar,411028,West,New,18-24,Other,2024-05-21,1,502.32,Facebook,2024-11-07,customer_csv,CUST_ROW_001784
M001,CUST001785,Bangalore,MG Road,560001,South,Returning,35-44,Female,2023-12-03,11,10472.38,Instagram,2024-07-18,customer_csv,CUST_ROW_001785
M001,CUST001786,Bangalore,Electronic City,560100,South,New,25-34,Female,2023-03-13,2,951.11,Instagram,2024-01-16,customer_csv,CUST_ROW_001786
M001,CUST001787,Bangalore,JP Nagar,560078,South,Returning,55+,Male,2023-06-08,8,8150.12,Facebook,2024-11-16,customer_csv,CUST_ROW_001787
M001,CUST001788,Pune,Hinjewadi,411057,West,Returning,25-34,Male,2023-03-19,16,17749.8,Facebook,2024-01-18,customer_csv,CUST_ROW_001788
M001,CUST001789,Ahmedabad,Prahlad Nagar,380015,West,Returning,18-24,Female,2023-01-04,9,7621.28,Instagram,2024-07-12,customer_csv,CUST_ROW_001789
M001,CUST001790,Chennai,Porur,600116,South,New,25-34,Female,2023-05-19,3,727.22,Email,2024-11-23,customer_csv,CUST_ROW_001790
M001,CUST001791,Bangalore,Bellandur,560103,South,New,18-24,Female,2023-10-04,1,537.7,LinkedIn,2024-08-30,customer_csv,CUST_ROW_001791
M001,CUST001792,Chennai,Porur,600116,South,New,25-34,Male,2024-08-05,1,620.93,Facebook,2024-03-22,customer_csv,CUST_ROW_001792
M001,CUST001793,Bangalore,Koramangala,560034,South,New,25-34,Female,2024-11-09,3,1551.44,WhatsApp,2024-07-25,customer_csv,CUST_ROW_001793
M001,CUST001794,Kolkata,Dum Dum,700028,East,Returning,18-24,Male,2023-11-19,18,16497.92,Instagram,2024-09-24,customer_csv,CUST_ROW_001794
M001,CUST001795,Jaipur,Tonk Road,302018,North,High-Value,35-44,Female,2024-09-04,19,23523.31,Google Ads,2024-09-16,customer_csv,CUST_ROW_001795
M001,CUST001796,Bangalore,Yelahanka,560064,South,Returning,45-54,Female,2023-01-15,12,10533.27,Email,2024-04-16,customer_csv,CUST_ROW_001796
M001,CUST001797,Bangalore,JP Nagar,560078,South,Returning,25-34,Male,2023-05-15,10,11802.88,Instagram,2024-07-14,customer_csv,CUST_ROW_001797
M001,CUST001798,Bangalore,Indiranagar,560038,South,New,25-34,Female,2024-06-30,1,530.27,Google Ads,2024-06-17,customer_csv,CUST_ROW_001798
M001,CUST001799,Bangalore,Hebbal,560024,South,High-Value,18-24,Male,2024-12-17,19,21093.22,Email,2024-12-23,customer_csv,CUST_ROW_001799
M001,CUST001800,Pune,Hinjewadi,411057,West,High-Value,35-44,Other,2024-12-21,48,115026.22,WhatsApp,2024-11-22,customer_csv,CUST_ROW_001800
M001,CUST001801,Bangalore,JP Nagar,560078,South,Returning,35-44,Female,2023-03-07,19,19370.14,Facebook,2024-03-06,customer_csv,CUST_ROW_001801
M001,CUST001802,Bangalore,Hebbal,560024,South,Returning,25-34,Male,2024-11-04,20,23560.5,Instagram,2024-07-17,customer_csv,CUST_ROW_001802
M001,CUST001803,Bangalore,JP Nagar,560078,South,Returning,55+,Male,2023-09-19,14,10089.12,Facebook,2024-10-21,customer_csv,CUST_ROW_001803
M001,CUST001804,Bangalore,Marathahalli,560037,South,New,35-44,Male,2024-03-14,4,2047.06,Facebook,2024-07-17,customer_csv,CUST_ROW_001804
M001,CUST001805,Bangalore,MG Road,560001,South,Returning,55+,Female,2024-03-31,7,3927.45,Email,2024-01-26,customer_csv,CUST_ROW_001805
M001,CUST001806,Mumbai,Thane,400601,West,High-Value,25-34,Male,2023-05-16,10,9682.26,WhatsApp,2024-06-12,customer_csv,CUST_ROW_001806
M001,CUST001807,Kochi,Vyttila,682019,South,High-Value,25-34,Female,2024-06-19,61,82240.52,LinkedIn,2024-07-02,customer_csv,CUST_ROW_001807
M001,CUST001808,Chennai,T Nagar,600017,South,High-Value,18-24,Female,2023-10-09,10,8116.43,WhatsApp,2024-08-16,customer_csv,CUST_ROW_001808
M001,CUST001809,Bangalore,JP Nagar,560078,South,High-Value,45-54,Male,2023-02-28,55,50665.72,WhatsApp,2024-05-10,customer_csv,CUST_ROW_001809
M001,CUST001810,Bangalore,Whitefield,560066,South,New,18-24,Male,2023-03-12,4,2665.91,Instagram,2024-04-13,customer_csv,CUST_ROW_001810
M001,CUST001811,Bangalore,JP Nagar,560078,South,High-Value,55+,Male,2023-08-27,50,109749.49,Google Ads,2024-02-02,customer_csv,CUST_ROW_001811
M001,CUST001812,Bangalore,HSR Layout,560102,South,Returning,18-24,Female,2023-10-02,7,7931.32,Facebook,2024-07-29,customer_csv,CUST_ROW_001812
M001,CUST001813,Bangalore,Koramangala,560034,South,Returning,25-34,Male,2024-09-18,20,11573.42,Google Ads,2024-05-22,customer_csv,CUST_ROW_001813
M001,CUST001814,Hyderabad,Madhapur,500081,South,Returning,18-24,Female,2024-10-15,5,5294.69,Facebook,2024-09-05,customer_csv,CUST_ROW_001814
M001,CUST001815,Jaipur,Vaishali Nagar,302021,North,High-Value,25-34,Male,2023-10-03,24,27757.59,WhatsApp,2024-05-18,customer_csv,CUST_ROW_001815
M001,CUST001816,Bangalore,Marathahalli,560037,South,New,18-24,Male,2024-01-22,4,1398.31,Facebook,2024-01-08,customer_csv,CUST_ROW_001816
M001,CUST001817,Bangalore,Electronic City,560100,South,Returning,55+,Female,2024-11-24,3,3331.85,WhatsApp,2024-11-17,customer_csv,CUST_ROW_001817
M001,CUST001818,Mumbai,Bandra,400050,West,Returning,25-34,Male,2024-09-23,11,6778.33,WhatsApp,2024-01-23,customer_csv,CUST_ROW_001818
M001,CUST001819,Delhi,Rohini,110085,North,High-Value,25-34,Female,2023-12-07,76,97023.37,Google Ads,2024-01-09,customer_csv,CUST_ROW_001819
M001,CUST001820,Bangalore,Marathahalli,560037,South,New,18-24,Female,2024-03-26,4,1742.33,Facebook,2024-08-23,customer_csv,CUST_ROW_001820
M001,CUST001821,Bangalore,Jayanagar,560041,South,High-Value,18-24,Male,2024-06-09,64,131474.17,Google Ads,2024-12-17,customer_csv,CUST_ROW_001821
M001,CUST001822,Bangalore,Whitefield,560066,South,New,25-34,Female,2023-05-13,3,1780.06,Facebook,2024-07-21,customer_csv,CUST_ROW_001822
M001,CUST001823,Kolkata,Park Street,700016,East,Returning,18-24,Female,2023-08-14,8,9414.87,Facebook,2024-11-25,customer_csv,CUST_ROW_001823
M001,CUST001824,Bangalore,Hebbal,560024,South,New,25-34,Male,2024-04-15,4,2477.29,Instagram,2024-09-21,customer_csv,CUST_ROW_001824
M001,CUST001825,Bangalore,Electronic City,560100,South,New,18-24,Male,2024-08-27,2,1057.2,Facebook,2024-12-14,customer_csv,CUST_ROW_001825
M001,CUST001826,Bangalore,Indiranagar,560038,South,High-Value,25-34,Female,2023-04-03,69,118645.5,Instagram,2024-03-16,customer_csv,CUST_ROW_001826
M001,CUST001827,Chennai,Anna Nagar,600040,South,Returning,25-34,Female,2023-01-24,16,18276.49,Instagram,2024-08-23,customer_csv,CUST_ROW_001827
M001,CUST001828,Hyderabad,Jubilee Hills,500033,South,New,25-34,Female,2023-01-28,2,1283.9,Instagram,2024-12-13,customer_csv,CUST_ROW_001828
M001,CUST001829,Mumbai,Andheri,400053,West,Returning,35-44,Other,2023-11-20,11,12081.71,WhatsApp,2024-11-17,customer_csv,CUST_ROW_001829
M001,CUST001830,Bangalore,Koramangala,560034,South,Returning,25-34,Female,2024-04-02,13,12513.98,Instagram,2024-08-15,customer_csv,CUST_ROW_001830
M001,CUST001831,Bangalore,Jayanagar,560041,South,New,25-34,Male,2024-07-11,1,621.5,WhatsApp,2024-08-24,customer_csv,CUST_ROW_001831
M001,CUST001832,Bangalore,Jayanagar,560041,South,Returning,25-34,Female,2024-07-25,12,8348.1,Google Ads,2024-12-30,customer_csv,CUST_ROW_001832
M001,CUST001833,Bangalore,Whitefield,560066,South,Returning,25-34,Female,2024-07-17,19,14338.07,Instagram,2024-01-12,customer_csv,CUST_ROW_001833
M001,CUST001834,Mumbai,Powai,400076,West,New,18-24,Female,2024-11-28,1,290.2,Google Ads,2024-12-07,customer_csv,CUST_ROW_001834
M001,CUST001835,Bangalore,MG Road,560001,South,High-Value,35-44,Female,2024-07-13,22,23385.27,Email,2024-10-03,customer_csv,CUST_ROW_001835
M001,CUST001836,Bangalore,JP Nagar,560078,South,High-Value,35-44,Male,2023-05-18,13,24739.72,Email,2024-07-24,customer_csv,CUST_ROW_001836
M001,CUST001837,Bangalore,Yelahanka,560064,South,New,18-24,Female,2023-05-16,2,881.05,Instagram,2024-10-11,customer_csv,CUST_ROW_001837
M001,CUST001838,Bangalore,Hebbal,560024,South,Returning,18-24,Male,2024-12-24,19,17673.86,Email,2024-12-04,customer_csv,CUST_ROW_001838
M001,CUST001839,Bangalore,Electronic City,560100,South,High-Value,18-24,Male,2024-03-06,72,97735.4,Email,2024-07-30,customer_csv,CUST_ROW_001839
M001,CUST001840,Hyderabad,Gachibowli,500032,South,New,35-44,Male,2024-05-13,4,1272.25,Instagram,2024-03-28,customer_csv,CUST_ROW_001840
M001,CUST001841,Hyderabad,Banjara Hills,500034,South,New,25-34,Male,2023-11-22,4,2152.24,Instagram,2024-03-06,customer_csv,CUST_ROW_001841
M001,CUST001842,Bangalore,Hebbal,560024,South,Returning,25-34,Female,2023-08-16,19,11762.5,Email,2024-05-14,customer_csv,CUST_ROW_001842
M001,CUST001843,Bangalore,Jayanagar,560041,South,High-Value,25-34,Male,2023-03-20,49,44522.15,Google Ads,2024-01-27,customer_csv,CUST_ROW_001843
M001,CUST001844,Delhi,Lajpat Nagar,110024,North,High-Value,55+,Female,2023-02-20,35,51835.48,Google Ads,2024-02-28,customer_csv,CUST_ROW_001844
M001,CUST001845,Bangalore,JP Nagar,560078,South,High-Value,35-44,Female,2023-02-08,66,151349.91,Email,2024-08-16,customer_csv,CUST_ROW_001845
M001,CUST001846,Bangalore,Whitefield,560066,South,New,55+,Female,2024-10-04,3,1135.74,Facebook,2024-05-14,customer_csv,CUST_ROW_001846
M001,CUST001847,Bangalore,Electronic City,560100,South,Returning,18-24,Female,2023-08-26,16,15688.05,Facebook,2024-06-01,customer_csv,CUST_ROW_001847
M001,CUST001848,Delhi,Dwarka,110075,North,New,18-24,Male,2023-08-12,4,1812.06,Instagram,2024-03-01,customer_csv,CUST_ROW_001848
M001,CUST001849,Bangalore,Electronic City,560100,South,New,35-44,Male,2024-12-21,2,1062.55,Instagram,2024-09-17,customer_csv,CUST_ROW_001849
M001,CUST001850,Bangalore,Hebbal,560024,South,Returning,18-24,Male,2024-08-01,5,3325.71,Facebook,2024-12-27,customer_csv,CUST_ROW_001850
M001,CUST001851,Pune,Hinjewadi,411057,West,New,25-34,Male,2024-01-17,1,475.0,Facebook,2024-05-10,customer_csv,CUST_ROW_001851
M001,CUST001852,Bangalore,Yelahanka,560064,South,Returning,25-34,Female,2023-08-01,12,7599.71,Facebook,2024-08-29,customer_csv,CUST_ROW_001852
M001,CUST001853,Ahmedabad,Bopal,380058,West,Returning,25-34,Female,2024-01-01,20,12534.97,Instagram,2024-11-17,customer_csv,CUST_ROW_001853
M001,CUST001854,Bangalore,Bellandur,560103,South,High-Value,45-54,Male,2023-03-07,66,53129.57,Instagram,2024-03-23,customer_csv,CUST_ROW_001854
M001,CUST001855,Delhi,Karol Bagh,110005,North,Returning,25-34,Female,2024-10-23,12,13355.91,Instagram,2024-06-02,customer_csv,CUST_ROW_001855
M001,CUST001856,Jaipur,C Scheme,302001,North,Returning,18-24,Female,2024-07-29,9,8596.76,Email,2024-05-27,customer_csv,CUST_ROW_001856
M001,CUST001857,Bangalore,Whitefield,560066,South,Returning,35-44,Male,2024-02-19,12,11178.6,Google Ads,2024-04-13,customer_csv,CUST_ROW_001857
M001,CUST001858,Mumbai,Bandra,400050,West,Returning,45-54,Male,2023-01-31,15,14484.96,Instagram,2024-10-12,customer_csv,CUST_ROW_001858
M001,CUST001859,Ahmedabad,Vastrapur,380054,West,Returning,18-24,Female,2024-03-01,16,11974.49,Instagram,2024-03-12,customer_csv,CUST_ROW_001859
M001,CUST001860,Ahmedabad,Bopal,380058,West,New,35-44,Female,2023-05-18,2,533.64,WhatsApp,2024-04-22,customer_csv,CUST_ROW_001860
M001,CUST001861,Bangalore,Yelahanka,560064,South,Returning,18-24,Other,2024-03-24,16,13487.7,Email,2024-09-06,customer_csv,CUST_ROW_001861
M001,CUST001862,Bangalore,Bellandur,560103,South,New,25-34,Female,2023-03-15,3,824.58,Instagram,2024-07-25,customer_csv,CUST_ROW_001862
M001,CUST001863,Bangalore,Marathahalli,560037,South,New,18-24,Male,2023-12-25,1,428.96,LinkedIn,2024-07-03,customer_csv,CUST_ROW_001863
M001,CUST001864,Bangalore,Marathahalli,560037,South,New,35-44,Female,2023-04-23,4,1292.67,WhatsApp,2024-07-13,customer_csv,CUST_ROW_001864
M001,CUST001865,Bangalore,Yelahanka,560064,South,Returning,35-44,Female,2024-10-20,15,16723.53,WhatsApp,2024-07-01,customer_csv,CUST_ROW_001865
M001,CUST001866,Bangalore,Whitefield,560066,South,Returning,25-34,Male,2023-09-27,5,3194.52,Instagram,2024-04-20,customer_csv,CUST_ROW_001866
M001,CUST001867,Kochi,Edapally,682024,South,New,18-24,Female,2023-12-18,1,564.3,Google Ads,2024-05-18,customer_csv,CUST_ROW_001867
M001,CUST001868,Kolkata,New Town,700156,East,New,18-24,Female,2024-07-02,2,972.66,Instagram,2024-05-03,customer_csv,CUST_ROW_001868
M001,CUST001869,Delhi,Rohini,110085,North,High-Value,18-24,Female,2024-12-13,20,28708.91,Email,2024-10-24,customer_csv,CUST_ROW_001869
M001,CUST001870,Pune,Viman Nagar,411014,West,New,18-24,Female,2024-04-13,4,1979.29,Instagram,2024-02-02,customer_csv,CUST_ROW_001870
M001,CUST001871,Bangalore,Bellandur,560103,South,New,18-24,Male,2023-09-07,4,1791.09,Facebook,2024-02-18,customer_csv,CUST_ROW_001871
M001,CUST001872,Bangalore,Koramangala,560034,South,Returning,35-44,Female,2023-03-03,6,5870.82,Facebook,2024-05-04,customer_csv,CUST_ROW_001872
M001,CUST001873,Bangalore,HSR Layout,560102,South,Returning,25-34,Female,2023-09-14,10,7465.07,Facebook,2024-03-28,customer_csv,CUST_ROW_001873
M001,CUST001874,Bangalore,Koramangala,560034,South,Returning,25-34,Female,2023-04-10,4,3568.45,Facebook,2024-09-25,customer_csv,CUST_ROW_001874
M001,CUST001875,Bangalore,Marathahalli,560037,South,New,35-44,Female,2024-02-21,1,271.39,Facebook,2024-10-23,customer_csv,CUST_ROW_001875
M001,CUST001876,Hyderabad,Banjara Hills,500034,South,New,18-24,Female,2023-07-20,1,402.12,Instagram,2024-04-09,customer_csv,CUST_ROW_001876
M001,CUST001877,Bangalore,Hebbal,560024,South,Returning,25-34,Female,2023-12-10,3,2820.67,LinkedIn,2024-03-11,customer_csv,CUST_ROW_001877
M001,CUST001878,Bangalore,Bellandur,560103,South,New,18-24,Male,2024-02-18,4,1760.8,Instagram,2024-02-08,customer_csv,CUST_ROW_001878
M001,CUST001879,Bangalore,Bellandur,560103,South,Returning,18-24,Male,2024-02-16,16,17828.31,Instagram,2024-09-22,customer_csv,CUST_ROW_001879
M001,CUST001880,Bangalore,Whitefield,560066,South,High-Value,18-24,Male,2023-11-24,39,88818.74,Email,2024-04-04,customer_csv,CUST_ROW_001880
M001,CUST001881,Mumbai,Dadar,400014,West,New,35-44,Male,2024-11-10,1,625.17,Instagram,2024-04-16,customer_csv,CUST_ROW_001881
M001,CUST001882,Bangalore,Marathahalli,560037,South,New,25-34,Male,2024-10-19,2,763.62,Facebook,2024-02-29,customer_csv,CUST_ROW_001882
M001,CUST001883,Pune,Hinjewadi,411057,West,Returning,18-24,Female,2024-02-26,12,7999.26,Instagram,2024-04-05,customer_csv,CUST_ROW_001883
M001,CUST001884,Bangalore,Marathahalli,560037,South,Returning,18-24,Male,2023-01-06,8,4887.74,Facebook,2024-08-07,customer_csv,CUST_ROW_001884
M001,CUST001885,Bangalore,Whitefield,560066,South,Returning,35-44,Female,2024-01-01,10,7498.12,Facebook,2024-12-09,customer_csv,CUST_ROW_001885
M001,CUST001886,Bangalore,HSR Layout,560102,South,New,25-34,Female,2024-01-05,2,1021.83,Email,2024-07-01,customer_csv,CUST_ROW_001886
M001,CUST001887,Bangalore,Indiranagar,560038,South,New,18-24,Male,2024-02-18,3,1821.11,Facebook,2024-02-03,customer_csv,CUST_ROW_001887
M001,CUST001888,Bangalore,JP Nagar,560078,South,High-Value,25-34,Male,2024-10-16,75,67723.78,Google Ads,2024-08-01,customer_csv,CUST_ROW_001888
M001,CUST001889,Bangalore,Marathahalli,560037,South,Returning,55+,Male,2024-02-19,14,7383.64,Email,2024-05-18,customer_csv,CUST_ROW_001889
M001,CUST001890,Ahmedabad,Vastrapur,380054,West,Returning,35-44,Male,2024-07-28,16,8029.21,WhatsApp,2024-10-22,customer_csv,CUST_ROW_001890
M001,CUST001891,Bangalore,Jayanagar,560041,South,Returning,18-24,Male,2024-12-25,15,11926.25,WhatsApp,2024-06-01,customer_csv,CUST_ROW_001891
M001,CUST001892,Bangalore,Electronic City,560100,South,New,25-34,Female,2024-12-15,4,2701.8,WhatsApp,2024-10-07,customer_csv,CUST_ROW_001892
M001,CUST001893,Chennai,Anna Nagar,600040,South,New,35-44,Male,2023-12-03,4,1292.7,Facebook,2024-07-30,customer_csv,CUST_ROW_001893
M001,CUST001894,Ahmedabad,Satellite,380015,West,New,25-34,Female,2023-08-31,1,407.64,Instagram,2024-04-24,customer_csv,CUST_ROW_001894
M001,CUST001895,Kochi,Ernakulam,682011,South,New,45-54,Female,2023-07-21,4,976.77,Instagram,2024-09-11,customer_csv,CUST_ROW_001895
M001,CUST001896,Jaipur,Vaishali Nagar,302021,North,New,25-34,Male,2023-01-05,1,336.93,Facebook,2024-09-03,customer_csv,CUST_ROW_001896
M001,CUST001897,Mumbai,Thane,400601,West,High-Value,25-34,Male,2023-08-01,25,25602.13,Instagram,2024-05-26,customer_csv,CUST_ROW_001897
M001,CUST001898,Bangalore,HSR Layout,560102,South,Returning,18-24,Female,2024-02-11,8,5269.21,Instagram,2024-03-14,customer_csv,CUST_ROW_001898
M001,CUST001899,Pune,Kothrud,411038,West,High-Value,18-24,Female,2023-07-30,34,61755.61,Email,2024-10-26,customer_csv,CUST_ROW_001899
M001,CUST001900,Kolkata,Park Street,700016,East,New,35-44,Male,2024-11-11,1,696.74,Instagram,2024-11-24,customer_csv,CUST_ROW_001900
M001,CUST001901,Bangalore,JP Nagar,560078,South,Returning,25-34,Male,2024-02-24,17,20258.21,Instagram,2024-12-15,customer_csv,CUST_ROW_001901
M001,CUST001902,Hyderabad,Gachibowli,500032,South,New,25-34,Male,2024-02-03,1,284.9,WhatsApp,2024-10-19,customer_csv,CUST_ROW_001902
M001,CUST001903,Bangalore,JP Nagar,560078,South,Returning,18-24,Female,2024-08-22,4,4036.54,Instagram,2024-04-25,customer_csv,CUST_ROW_001903
M001,CUST001904,Bangalore,Marathahalli,560037,South,New,45-54,Male,2024-05-08,2,1357.0,Instagram,2024-02-21,customer_csv,CUST_ROW_001904
M001,CUST001905,Bangalore,Yelahanka,560064,South,Returning,35-44,Male,2023-03-05,5,5459.9,Facebook,2024-04-20,customer_csv,CUST_ROW_001905
M001,CUST001906,Bangalore,Marathahalli,560037,South,High-Value,18-24,Male,2023-10-17,20,42236.41,Instagram,2024-06-08,customer_csv,CUST_ROW_001906
M001,CUST001907,Pune,Koregaon Park,411001,West,New,25-34,Female,2024-03-03,1,402.1,Facebook,2024-01-17,customer_csv,CUST_ROW_001907
M001,CUST001908,Delhi,Karol Bagh,110005,North,Returning,18-24,Male,2023-07-25,11,8817.11,WhatsApp,2024-06-17,customer_csv,CUST_ROW_001908
M001,CUST001909,Bangalore,Marathahalli,560037,South,High-Value,55+,Male,2023-07-22,19,28942.59,Email,2024-10-16,customer_csv,CUST_ROW_001909
M001,CUST001910,Delhi,Dwarka,110075,North,High-Value,45-54,Male,2024-07-10,58,52193.8,WhatsApp,2024-09-03,customer_csv,CUST_ROW_001910
M001,CUST001911,Bangalore,Bellandur,560103,South,High-Value,35-44,Male,2023-05-19,22,39402.96,WhatsApp,2024-01-09,customer_csv,CUST_ROW_001911
M001,CUST001912,Kolkata,Dum Dum,700028,East,Returning,18-24,Other,2024-06-17,20,20848.07,Instagram,2024-02-17,customer_csv,CUST_ROW_001912
M001,CUST001913,Bangalore,Hebbal,560024,South,Returning,25-34,Male,2024-05-11,5,5090.43,WhatsApp,2024-08-11,customer_csv,CUST_ROW_001913
M001,CUST001914,Bangalore,Hebbal,560024,South,New,25-34,Female,2023-07-12,1,319.42,WhatsApp,2024-02-10,customer_csv,CUST_ROW_001914
M001,CUST001915,Bangalore,MG Road,560001,South,Returning,25-34,Male,2024-01-24,6,6155.8,Google Ads,2024-03-27,customer_csv,CUST_ROW_001915
M001,CUST001916,Bangalore,Whitefield,560066,South,New,18-24,Male,2024-12-28,2,482.4,Instagram,2024-06-18,customer_csv,CUST_ROW_001916
M001,CUST001917,Bangalore,Yelahanka,560064,South,Returning,55+,Male,2023-03-10,16,13412.7,Email,2024-06-21,customer_csv,CUST_ROW_001917
M001,CUST001918,Bangalore,Jayanagar,560041,South,New,35-44,Female,2023-03-18,1,269.47,Instagram,2024-09-06,customer_csv,CUST_ROW_001918
M001,CUST001919,Delhi,Dwarka,110075,North,Returning,25-34,Female,2024-06-17,19,21506.5,Facebook,2024-07-18,customer_csv,CUST_ROW_001919
M001,CUST001920,Bangalore,Hebbal,560024,South,Returning,45-54,Male,2023-03-01,3,2086.19,WhatsApp,2024-11-17,customer_csv,CUST_ROW_001920
M001,CUST001921,Chennai,Velachery,600042,South,Returning,45-54,Female,2023-08-02,14,9677.49,Facebook,2024-03-15,customer_csv,CUST_ROW_001921
M001,CUST001922,Pune,Kothrud,411038,West,Returning,18-24,Male,2024-02-18,7,7058.36,Facebook,2024-07-06,customer_csv,CUST_ROW_001922
M001,CUST001923,Bangalore,JP Nagar,560078,South,High-Value,25-34,Female,2023-03-26,47,106235.81,Email,2024-05-20,customer_csv,CUST_ROW_001923
M001,CUST001924,Bangalore,HSR Layout,560102,South,New,35-44,Female,2024-03-07,2,660.68,WhatsApp,2024-09-19,customer_csv,CUST_ROW_001924
M001,CUST001925,Bangalore,Indiranagar,560038,South,High-Value,18-24,Female,2024-02-26,62,106673.61,Instagram,2024-05-19,customer_csv,CUST_ROW_001925
M001,CUST001926,Delhi,Dwarka,110075,North,New,18-24,Female,2023-06-22,2,901.5,Instagram,2024-06-28,customer_csv,CUST_ROW_001926
M001,CUST001927,Pune,Hinjewadi,411057,West,New,25-34,Male,2024-07-23,2,683.91,Facebook,2024-08-29,customer_csv,CUST_ROW_001927
M001,CUST001928,Bangalore,Whitefield,560066,South,Returning,25-34,Female,2024-09-01,12,5106.72,Instagram,2024-01-20,customer_csv,CUST_ROW_001928
M001,CUST001929,Kochi,Edapally,682024,South,Returning,35-44,Male,2023-04-15,6,6892.86,Facebook,2024-01-16,customer_csv,CUST_ROW_001929
M001,CUST001930,Chennai,Adyar,600020,South,New,35-44,Male,2023-05-30,2,1166.14,Facebook,2024-03-08,customer_csv,CUST_ROW_001930
M001,CUST001931,Mumbai,Powai,400076,West,New,25-34,Female,2024-01-04,4,1913.05,Instagram,2024-08-25,customer_csv,CUST_ROW_001931
M001,CUST001932,Bangalore,Koramangala,560034,South,New,25-34,Female,2023-01-25,3,753.49,Instagram,2024-12-30,customer_csv,CUST_ROW_001932
M001,CUST001933,Hyderabad,Madhapur,500081,South,New,25-34,Female,2024-06-06,1,664.92,Instagram,2024-08-28,customer_csv,CUST_ROW_001933
M001,CUST001934,Bangalore,Electronic City,560100,South,New,45-54,Male,2023-02-07,2,485.0,Facebook,2024-10-11,customer_csv,CUST_ROW_001934
M001,CUST001935,Hyderabad,Banjara Hills,500034,South,New,35-44,Female,2024-07-26,1,536.84,Instagram,2024-10-12,customer_csv,CUST_ROW_001935
M001,CUST001936,Bangalore,Indiranagar,560038,South,Returning,18-24,Female,2024-09-27,17,10207.9,LinkedIn,2024-05-02,customer_csv,CUST_ROW_001936
M001,CUST001937,Ahmedabad,Satellite,380015,West,Returning,25-34,Male,2023-11-27,14,15847.63,WhatsApp,2024-10-30,customer_csv,CUST_ROW_001937
M001,CUST001938,Bangalore,Bellandur,560103,South,Returning,25-34,Male,2024-08-12,3,3201.88,WhatsApp,2024-08-08,customer_csv,CUST_ROW_001938
M001,CUST001939,Bangalore,Koramangala,560034,South,Returning,25-34,Male,2024-09-14,20,14866.41,Facebook,2024-01-25,customer_csv,CUST_ROW_001939
M001,CUST001940,Bangalore,JP Nagar,560078,South,Returning,18-24,Female,2024-01-16,17,18954.05,Instagram,2024-06-11,customer_csv,CUST_ROW_001940
M001,CUST001941,Bangalore,JP Nagar,560078,South,New,18-24,Female,2023-03-12,3,1481.62,Facebook,2024-03-12,customer_csv,CUST_ROW_001941
M001,CUST001942,Bangalore,MG Road,560001,South,New,18-24,Female,2024-02-13,2,1040.15,Email,2024-05-31,customer_csv,CUST_ROW_001942
M001,CUST001943,Bangalore,Electronic City,560100,South,Returning,25-34,Female,2023-11-27,3,2475.61,WhatsApp,2024-05-03,customer_csv,CUST_ROW_001943
M001,CUST001944,Kolkata,Salt Lake,700064,East,New,25-34,Female,2023-10-08,1,427.18,Instagram,2024-02-26,customer_csv,CUST_ROW_001944
M001,CUST001945,Chennai,Adyar,600020,South,High-Value,25-34,Male,2024-07-01,53,70810.81,WhatsApp,2024-10-26,customer_csv,CUST_ROW_001945
M001,CUST001946,Ahmedabad,Bopal,380058,West,High-Value,25-34,Male,2023-06-16,45,48587.48,Email,2024-05-02,customer_csv,CUST_ROW_001946
M001,CUST001947,Hyderabad,Gachibowli,500032,South,Returning,25-34,Male,2024-09-06,12,8244.83,LinkedIn,2024-02-12,customer_csv,CUST_ROW_001947
M001,CUST001948,Bangalore,Hebbal,560024,South,High-Value,18-24,Male,2023-02-17,45,37549.57,Google Ads,2024-11-05,customer_csv,CUST_ROW_001948
M001,CUST001949,Bangalore,Whitefield,560066,South,High-Value,35-44,Female,2024-03-29,30,29059.65,WhatsApp,2024-03-21,customer_csv,CUST_ROW_001949
M001,CUST001950,Bangalore,Whitefield,560066,South,New,18-24,Female,2023-07-01,1,379.59,Instagram,2024-03-31,customer_csv,CUST_ROW_001950
M001,CUST001951,Ahmedabad,Satellite,380015,West,New,45-54,Female,2024-02-10,2,1386.2,Email,2024-01-17,customer_csv,CUST_ROW_001951
M001,CUST001952,Delhi,Lajpat Nagar,110024,North,Returning,25-34,Male,2024-01-02,3,1643.87,Instagram,2024-02-18,customer_csv,CUST_ROW_001952
M001,CUST001953,Mumbai,Andheri,400053,West,Returning,25-34,Male,2024-09-25,10,7915.27,Facebook,2024-11-05,customer_csv,CUST_ROW_001953
M001,CUST001954,Bangalore,Koramangala,560034,South,Returning,18-24,Female,2023-12-16,16,7672.96,Instagram,2024-06-23,customer_csv,CUST_ROW_001954
M001,CUST001955,Bangalore,Bellandur,560103,South,Returning,35-44,Male,2024-01-13,14,16462.07,Facebook,2024-08-18,customer_csv,CUST_ROW_001955
M001,CUST001956,Bangalore,Yelahanka,560064,South,High-Value,18-24,Male,2023-12-19,37,38199.46,Facebook,2024-07-16,customer_csv,CUST_ROW_001956
M001,CUST001957,Jaipur,C Scheme,302001,North,High-Value,25-34,Male,2023-12-06,58,74957.06,Email,2024-05-05,customer_csv,CUST_ROW_001957
M001,CUST001958,Bangalore,Bellandur,560103,South,New,18-24,Female,2023-07-20,1,660.0,WhatsApp,2024-09-12,customer_csv,CUST_ROW_001958
M001,CUST001959,Bangalore,JP Nagar,560078,South,Returning,25-34,Male,2024-11-05,18,16532.68,WhatsApp,2024-02-04,customer_csv,CUST_ROW_001959
M001,CUST001960,Bangalore,Yelahanka,560064,South,New,18-24,Female,2023-11-25,4,1894.88,Facebook,2024-02-07,customer_csv,CUST_ROW_001960
M001,CUST001961,Mumbai,Bandra,400050,West,New,18-24,Male,2024-05-04,4,848.08,Facebook,2024-09-01,customer_csv,CUST_ROW_001961
M001,CUST001962,Bangalore,HSR Layout,560102,South,New,18-24,Male,2024-05-12,1,469.58,Facebook,2024-02-06,customer_csv,CUST_ROW_001962
M001,CUST001963,Ahmedabad,Satellite,380015,West,Returning,25-34,Male,2023-08-14,18,8406.55,Instagram,2024-03-18,customer_csv,CUST_ROW_001963
M001,CUST001964,Bangalore,HSR Layout,560102,South,New,18-24,Female,2024-04-09,3,1759.36,Instagram,2024-10-02,customer_csv,CUST_ROW_001964
M001,CUST001965,Bangalore,Bellandur,560103,South,New,18-24,Female,2023-08-01,2,659.65,Instagram,2024-12-03,customer_csv,CUST_ROW_001965
M001,CUST001966,Bangalore,JP Nagar,560078,South,New,18-24,Other,2024-07-02,3,754.92,WhatsApp,2024-04-13,customer_csv,CUST_ROW_001966
M001,CUST001967,Jaipur,C Scheme,302001,North,New,18-24,Other,2023-08-04,2,441.24,Instagram,2024-05-20,customer_csv,CUST_ROW_001967
M001,CUST001968,Mumbai,Powai,400076,West,High-Value,18-24,Male,2023-10-27,33,50583.73,Google Ads,2024-04-22,customer_csv,CUST_ROW_001968
M001,CUST001969,Chennai,T Nagar,600017,South,High-Value,25-34,Other,2023-11-20,54,63451.76,Google Ads,2024-05-07,customer_csv,CUST_ROW_001969
M001,CUST001970,Bangalore,Jayanagar,560041,South,Returning,25-34,Female,2024-09-20,18,21274.96,Instagram,2024-08-13,customer_csv,CUST_ROW_001970
M001,CUST001971,Bangalore,Yelahanka,560064,South,Returning,18-24,Female,2024-08-14,12,11598.31,Email,2024-01-12,customer_csv,CUST_ROW_001971
M001,CUST001972,Bangalore,MG Road,560001,South,New,18-24,Male,2023-05-13,4,1453.98,Facebook,2024-06-19,customer_csv,CUST_ROW_001972
M001,CUST001973,Pune,Koregaon Park,411001,West,High-Value,35-44,Female,2024-03-03,73,80654.0,Google Ads,2024-06-12,customer_csv,CUST_ROW_001973
M001,CUST001974,Jaipur,Tonk Road,302018,North,Returning,18-24,Female,2023-05-22,5,2523.96,Instagram,2024-08-11,customer_csv,CUST_ROW_001974
M001,CUST001975,Chennai,T Nagar,600017,South,New,35-44,Male,2024-05-20,4,1900.21,LinkedIn,2024-12-24,customer_csv,CUST_ROW_001975
M001,CUST001976,Mumbai,Dadar,400014,West,High-Value,55+,Female,2024-04-19,27,38747.34,Google Ads,2024-05-29,customer_csv,CUST_ROW_001976
M001,CUST001977,Mumbai,Powai,400076,West,New,18-24,Female,2023-05-18,1,346.3,Facebook,2024-03-14,customer_csv,CUST_ROW_001977
M001,CUST001978,Hyderabad,Jubilee Hills,500033,South,Returning,45-54,Female,2024-08-04,11,7186.57,WhatsApp,2024-07-21,customer_csv,CUST_ROW_001978
M001,CUST001979,Bangalore,Bellandur,560103,South,Returning,25-34,Male,2023-08-13,7,7552.73,WhatsApp,2024-09-23,customer_csv,CUST_ROW_001979
M001,CUST001980,Bangalore,Koramangala,560034,South,New,55+,Female,2023-06-05,1,610.85,Email,2024-12-12,customer_csv,CUST_ROW_001980
M001,CUST001981,Bangalore,Hebbal,560024,South,High-Value,18-24,Female,2024-07-10,36,41321.08,LinkedIn,2024-08-04,customer_csv,CUST_ROW_001981
M001,CUST001982,Ahmedabad,Navrangpura,380009,West,High-Value,25-34,Female,2024-12-08,79,144485.35,Email,2024-11-22,customer_csv,CUST_ROW_001982
M001,CUST001983,Bangalore,HSR Layout,560102,South,New,45-54,Female,2023-09-17,3,1935.98,LinkedIn,2024-11-02,customer_csv,CUST_ROW_001983
M001,CUST001984,Bangalore,Hebbal,560024,South,High-Value,45-54,Male,2023-02-23,24,54577.15,Instagram,2024-11-14,customer_csv,CUST_ROW_001984
M001,CUST001985,Bangalore,Indiranagar,560038,South,High-Value,45-54,Male,2024-10-30,10,9316.57,Google Ads,2024-05-29,customer_csv,CUST_ROW_001985
M001,CUST001986,Bangalore,Electronic City,560100,South,New,45-54,Female,2024-12-26,1,470.45,Instagram,2024-09-25,customer_csv,CUST_ROW_001986
M001,CUST001987,Mumbai,Dadar,400014,West,New,18-24,Male,2023-10-06,2,463.87,Facebook,2024-09-17,customer_csv,CUST_ROW_001987
M001,CUST001988,Bangalore,MG Road,560001,South,New,25-34,Female,2024-11-01,1,337.22,Facebook,2024-09-01,customer_csv,CUST_ROW_001988
M001,CUST001989,Bangalore,Jayanagar,560041,South,New,18-24,Male,2024-10-16,1,251.55,Facebook,2024-06-11,customer_csv,CUST_ROW_001989
M001,CUST001990,Bangalore,Electronic City,560100,South,New,35-44,Female,2023-09-26,1,245.61,Google Ads,2024-01-20,customer_csv,CUST_ROW_001990
M001,CUST001991,Bangalore,Electronic City,560100,South,Returning,35-44,Male,2024-09-12,19,18147.51,WhatsApp,2024-04-14,customer_csv,CUST_ROW_001991
M001,CUST001992,Bangalore,Indiranagar,560038,South,Returning,18-24,Female,2024-02-03,16,18956.19,Facebook,2024-08-04,customer_csv,CUST_ROW_001992
M001,CUST001993,Bangalore,Yelahanka,560064,South,Returning,35-44,Male,2023-12-31,19,10669.86,Instagram,2024-07-30,customer_csv,CUST_ROW_001993
M001,CUST001994,Bangalore,Koramangala,560034,South,Returning,45-54,Male,2024-07-03,9,6299.45,Instagram,2024-11-25,customer_csv,CUST_ROW_001994
M001,CUST001995,Bangalore,Yelahanka,560064,South,New,25-34,Female,2024-07-12,3,970.37,Google Ads,2024-05-06,customer_csv,CUST_ROW_001995
M001,CUST001996,Bangalore,Yelahanka,560064,South,Returning,25-34,Male,2024-02-02,15,13913.5,Instagram,2024-12-24,customer_csv,CUST_ROW_001996
M001,CUST001997,Bangalore,Hebbal,560024,South,New,35-44,Female,2023-10-02,4,1655.51,Facebook,2024-04-16,customer_csv,CUST_ROW_001997
M001,CUST001998,Bangalore,HSR Layout,560102,South,New,35-44,Male,2023-06-11,4,1157.54,WhatsApp,2024-08-08,customer_csv,CUST_ROW_001998
M001,CUST001999,Bangalore,MG Road,560001,South,New,25-34,Female,2024-12-28,1,282.3,Instagram,2024-09-22,customer_csv,CUST_ROW_001999
M001,CUST002000,Bangalore,Marathahalli,560037,South,Returning,55+,Male,2024-07-11,17,17927.31,LinkedIn,2024-01-04,customer_csv,CUST_ROW_002000
M001,CUST002001,Bangalore,Yelahanka,560064,South,High-Value,18-24,Female,2023-01-09,68,142894.77,Facebook,2024-03-26,customer_csv,CUST_ROW_002001
M001,CUST002002,Jaipur,C Scheme,302001,North,Returning,35-44,Female,2023-05-04,19,12045.84,Facebook,2024-12-20,customer_csv,CUST_ROW_002002
M001,CUST002003,Kochi,Vyttila,682019,South,New,35-44,Male,2024-03-29,1,273.21,Instagram,2024-03-13,customer_csv,CUST_ROW_002003
M001,CUST002004,Kolkata,Salt Lake,700064,East,New,35-44,Female,2024-11-25,1,374.4,WhatsApp,2024-12-20,customer_csv,CUST_ROW_002004
M001,CUST002005,Jaipur,Malviya Nagar,302017,North,Returning,35-44,Female,2024-03-13,6,5653.71,WhatsApp,2024-08-31,customer_csv,CUST_ROW_002005
M001,CUST002006,Bangalore,Jayanagar,560041,South,Returning,25-34,Female,2024-02-17,17,12331.39,Instagram,2024-11-08,customer_csv,CUST_ROW_002006
M001,CUST002007,Ahmedabad,Satellite,380015,West,High-Value,18-24,Female,2023-01-17,12,22145.86,WhatsApp,2024-03-23,customer_csv,CUST_ROW_002007
M001,CUST002008,Kolkata,Salt Lake,700064,East,High-Value,25-34,Female,2023-07-20,68,126550.93,Google Ads,2024-04-03,customer_csv,CUST_ROW_002008
M001,CUST002009,Bangalore,Indiranagar,560038,South,Returning,35-44,Male,2024-09-30,3,2300.77,Facebook,2024-05-25,customer_csv,CUST_ROW_002009
M001,CUST002010,Bangalore,HSR Layout,560102,South,Returning,35-44,Male,2024-10-17,6,2796.56,LinkedIn,2024-01-20,customer_csv,CUST_ROW_002010
M001,CUST002011,Delhi,Connaught Place,110001,North,New,35-44,Female,2024-03-05,1,215.37,Instagram,2024-07-24,customer_csv,CUST_ROW_002011
M001,CUST002012,Bangalore,Yelahanka,560064,South,Returning,35-44,Female,2023-12-11,17,18543.83,LinkedIn,2024-04-14,customer_csv,CUST_ROW_002012
M001,CUST002013,Bangalore,Marathahalli,560037,South,Returning,35-44,Male,2023-04-02,8,3889.9,WhatsApp,2024-08-29,customer_csv,CUST_ROW_002013
M001,CUST002014,Bangalore,Marathahalli,560037,South,New,55+,Female,2024-02-28,4,2506.13,WhatsApp,2024-05-02,customer_csv,CUST_ROW_002014
M001,CUST002015,Mumbai,Bandra,400050,West,New,55+,Female,2023-05-23,4,1646.57,Instagram,2024-09-22,customer_csv,CUST_ROW_002015
M001,CUST002016,Bangalore,JP Nagar,560078,South,Returning,18-24,Female,2023-06-20,18,16845.27,Instagram,2024-01-21,customer_csv,CUST_ROW_002016
M001,CUST002017,Pune,Koregaon Park,411001,West,Returning,35-44,Male,2024-11-13,15,15478.93,Facebook,2024-10-28,customer_csv,CUST_ROW_002017
M001,CUST002018,Bangalore,Jayanagar,560041,South,New,35-44,Female,2023-04-28,4,2708.72,Instagram,2024-01-30,customer_csv,CUST_ROW_002018
M001,CUST002019,Hyderabad,Gachibowli,500032,South,New,25-34,Female,2023-08-11,4,1996.55,WhatsApp,2024-04-12,customer_csv,CUST_ROW_002019
M001,CUST002020,Delhi,Connaught Place,110001,North,New,18-24,Male,2024-09-01,2,465.97,Facebook,2024-02-28,customer_csv,CUST_ROW_002020
M001,CUST002021,Kolkata,New Town,700156,East,High-Value,18-24,Female,2023-08-25,52,103393.4,WhatsApp,2024-06-20,customer_csv,CUST_ROW_002021
M001,CUST002022,Bangalore,Yelahanka,560064,South,Returning,25-34,Male,2023-08-24,4,4555.08,WhatsApp,2024-11-20,customer_csv,CUST_ROW_002022
M001,CUST002023,Bangalore,JP Nagar,560078,South,New,35-44,Male,2024-06-30,1,455.92,Email,2024-03-12,customer_csv,CUST_ROW_002023
M001,CUST002024,Ahmedabad,Satellite,380015,West,New,45-54,Female,2024-08-08,3,1769.71,LinkedIn,2024-05-11,customer_csv,CUST_ROW_002024
M001,CUST002025,Mumbai,Dadar,400014,West,High-Value,18-24,Other,2023-04-01,14,34511.58,Email,2024-04-18,customer_csv,CUST_ROW_002025
M001,CUST002026,Hyderabad,Banjara Hills,500034,South,High-Value,25-34,Female,2024-09-11,67,124073.79,WhatsApp,2024-03-12,customer_csv,CUST_ROW_002026
M001,CUST002027,Bangalore,Yelahanka,560064,South,High-Value,35-44,Male,2024-03-08,39,62650.79,WhatsApp,2024-07-01,customer_csv,CUST_ROW_002027
M001,CUST002028,Bangalore,Bellandur,560103,South,New,35-44,Male,2024-12-07,1,454.54,Facebook,2024-03-05,customer_csv,CUST_ROW_002028
M001,CUST002029,Kochi,Kakkanad,682030,South,Returning,18-24,Female,2024-11-11,14,5875.24,WhatsApp,2024-07-22,customer_csv,CUST_ROW_002029
M001,CUST002030,Pune,Kothrud,411038,West,High-Value,18-24,Male,2024-03-11,65,100065.44,Email,2024-12-19,customer_csv,CUST_ROW_002030
M001,CUST002031,Bangalore,Yelahanka,560064,South,Returning,18-24,Female,2023-03-29,15,17874.13,Facebook,2024-04-05,customer_csv,CUST_ROW_002031
M001,CUST002032,Bangalore,MG Road,560001,South,Returning,45-54,Female,2024-09-15,3,2313.12,WhatsApp,2024-05-03,customer_csv,CUST_ROW_002032
M001,CUST002033,Kochi,Ernakulam,682011,South,New,25-34,Female,2024-04-21,2,833.83,Google Ads,2024-09-10,customer_csv,CUST_ROW_002033
M001,CUST002034,Bangalore,Koramangala,560034,South,Returning,18-24,Female,2024-06-28,3,1961.01,LinkedIn,2024-12-29,customer_csv,CUST_ROW_002034
M001,CUST002035,Kolkata,Park Street,700016,East,Returning,18-24,Female,2024-02-01,13,10221.6,WhatsApp,2024-10-19,customer_csv,CUST_ROW_002035
M001,CUST002036,Bangalore,Whitefield,560066,South,Returning,45-54,Male,2024-02-10,14,14576.04,Facebook,2024-08-13,customer_csv,CUST_ROW_002036
M001,CUST002037,Bangalore,Indiranagar,560038,South,High-Value,25-34,Male,2023-02-27,56,118472.22,Instagram,2024-11-04,customer_csv,CUST_ROW_002037
M001,CUST002038,Bangalore,Marathahalli,560037,South,Returning,25-34,Female,2024-04-02,20,21364.33,Facebook,2024-11-23,customer_csv,CUST_ROW_002038
M001,CUST002039,Bangalore,Koramangala,560034,South,Returning,25-34,Female,2024-08-26,9,3729.73,Instagram,2024-03-17,customer_csv,CUST_ROW_002039
M001,CUST002040,Bangalore,Koramangala,560034,South,New,25-34,Female,2023-02-06,4,1350.47,Facebook,2024-01-12,customer_csv,CUST_ROW_002040
M001,CUST002041,Bangalore,MG Road,560001,South,Returning,18-24,Male,2023-08-21,9,6538.14,Instagram,2024-03-01,customer_csv,CUST_ROW_002041
M001,CUST002042,Bangalore,Koramangala,560034,South,New,45-54,Male,2024-05-25,2,419.81,Instagram,2024-05-13,customer_csv,CUST_ROW_002042
M001,CUST002043,Ahmedabad,Vastrapur,380054,West,New,35-44,Female,2024-01-08,2,869.57,WhatsApp,2024-11-21,customer_csv,CUST_ROW_002043
M001,CUST002044,Bangalore,Koramangala,560034,South,Returning,25-34,Female,2024-12-07,5,5227.04,WhatsApp,2024-06-05,customer_csv,CUST_ROW_002044
M001,CUST002045,Bangalore,MG Road,560001,South,High-Value,25-34,Male,2024-05-22,42,37148.56,WhatsApp,2024-09-09,customer_csv,CUST_ROW_002045
M001,CUST002046,Chennai,Anna Nagar,600040,South,New,25-34,Male,2023-03-09,3,1171.23,Facebook,2024-10-08,customer_csv,CUST_ROW_002046
M001,CUST002047,Ahmedabad,Prahlad Nagar,380015,West,High-Value,25-34,Female,2023-10-02,74,84146.03,WhatsApp,2024-04-27,customer_csv,CUST_ROW_002047
M001,CUST002048,Chennai,Porur,600116,South,High-Value,25-34,Female,2024-05-21,37,56909.71,WhatsApp,2024-06-02,customer_csv,CUST_ROW_002048
M001,CUST002049,Bangalore,HSR Layout,560102,South,New,45-54,Female,2024-04-29,3,1386.79,Instagram,2024-09-17,customer_csv,CUST_ROW_002049
M001,CUST002050,Kolkata,Salt Lake,700064,East,New,45-54,Male,2024-09-16,2,1056.89,Facebook,2024-06-02,customer_csv,CUST_ROW_002050
M001,CUST002051,Bangalore,Bellandur,560103,South,Returning,25-34,Male,2024-07-02,4,2739.3,WhatsApp,2024-06-05,customer_csv,CUST_ROW_002051
M001,CUST002052,Bangalore,Koramangala,560034,South,New,35-44,Female,2024-06-28,3,1201.34,Instagram,2024-01-05,customer_csv,CUST_ROW_002052
M001,CUST002053,Bangalore,HSR Layout,560102,South,New,45-54,Female,2023-07-20,1,548.47,Facebook,2024-09-07,customer_csv,CUST_ROW_002053
M001,CUST002054,Chennai,Anna Nagar,600040,South,Returning,45-54,Female,2024-12-03,3,1780.05,LinkedIn,2024-02-02,customer_csv,CUST_ROW_002054
M001,CUST002055,Bangalore,Jayanagar,560041,South,Returning,25-34,Male,2024-11-23,7,6659.11,WhatsApp,2024-06-02,customer_csv,CUST_ROW_002055
M001,CUST002056,Mumbai,Bandra,400050,West,High-Value,18-24,Male,2023-08-21,18,18661.64,Email,2024-05-15,customer_csv,CUST_ROW_002056
M001,CUST002057,Hyderabad,Gachibowli,500032,South,Returning,25-34,Female,2023-12-05,9,4166.42,WhatsApp,2024-02-21,customer_csv,CUST_ROW_002057
M001,CUST002058,Bangalore,HSR Layout,560102,South,Returning,25-34,Male,2023-06-20,15,10295.64,Email,2024-05-15,customer_csv,CUST_ROW_002058
M001,CUST002059,Bangalore,JP Nagar,560078,South,High-Value,25-34,Male,2024-11-14,54,53390.67,Instagram,2024-07-05,customer_csv,CUST_ROW_002059
M001,CUST002060,Bangalore,Hebbal,560024,South,New,35-44,Male,2023-10-27,3,2031.84,Instagram,2024-08-08,customer_csv,CUST_ROW_002060
M001,CUST002061,Delhi,Karol Bagh,110005,North,New,18-24,Female,2023-11-08,3,1843.2,Instagram,2024-12-16,customer_csv,CUST_ROW_002061
M001,CUST002062,Bangalore,Electronic City,560100,South,Returning,45-54,Male,2024-04-30,8,6680.42,Instagram,2024-08-21,customer_csv,CUST_ROW_002062
M001,CUST002063,Bangalore,Electronic City,560100,South,New,18-24,Female,2023-03-30,3,1845.68,Instagram,2024-08-04,customer_csv,CUST_ROW_002063
M001,CUST002064,Pune,Kothrud,411038,West,New,18-24,Female,2023-01-30,3,1388.58,Facebook,2024-12-01,customer_csv,CUST_ROW_002064
M001,CUST002065,Bangalore,Whitefield,560066,South,New,25-34,Male,2024-08-07,2,483.84,Email,2024-05-03,customer_csv,CUST_ROW_002065
M001,CUST002066,Bangalore,HSR Layout,560102,South,High-Value,25-34,Female,2024-03-22,73,175181.19,WhatsApp,2024-01-17,customer_csv,CUST_ROW_002066
M001,CUST002067,Kochi,Kakkanad,682030,South,High-Value,18-24,Female,2024-03-04,66,78332.68,Google Ads,2024-03-29,customer_csv,CUST_ROW_002067
M001,CUST002068,Hyderabad,Madhapur,500081,South,Returning,35-44,Female,2024-07-23,19,22150.5,Facebook,2024-06-25,customer_csv,CUST_ROW_002068
M001,CUST002069,Delhi,Rohini,110085,North,Returning,18-24,Male,2023-09-06,15,9573.36,Instagram,2024-12-13,customer_csv,CUST_ROW_002069
M001,CUST002070,Bangalore,Whitefield,560066,South,Returning,18-24,Male,2023-05-16,18,12410.09,Facebook,2024-07-12,customer_csv,CUST_ROW_002070
M001,CUST002071,Bangalore,Yelahanka,560064,South,Returning,18-24,Male,2024-08-27,3,2996.37,WhatsApp,2024-04-09,customer_csv,CUST_ROW_002071
M001,CUST002072,Kochi,Kakkanad,682030,South,Returning,18-24,Female,2024-01-17,10,11322.81,Instagram,2024-01-20,customer_csv,CUST_ROW_002072
M001,CUST002073,Pune,Hadapsar,411028,West,Returning,18-24,Female,2023-11-25,3,2179.2,WhatsApp,2024-02-28,customer_csv,CUST_ROW_002073
M001,CUST002074,Jaipur,Tonk Road,302018,North,New,45-54,Other,2023-03-07,4,1227.26,Instagram,2024-02-27,customer_csv,CUST_ROW_002074
M001,CUST002075,Pune,Hadapsar,411028,West,New,18-24,Female,2023-08-23,2,556.73,Facebook,2024-05-06,customer_csv,CUST_ROW_002075
M001,CUST002076,Bangalore,Indiranagar,560038,South,Returning,25-34,Female,2024-03-21,18,8840.28,Instagram,2024-03-11,customer_csv,CUST_ROW_002076
M001,CUST002077,Bangalore,MG Road,560001,South,Returning,18-24,Female,2023-12-21,5,3492.64,Instagram,2024-05-10,customer_csv,CUST_ROW_002077
M001,CUST002078,Bangalore,Koramangala,560034,South,New,55+,Male,2024-10-23,4,2284.8,Facebook,2024-10-13,customer_csv,CUST_ROW_002078
M001,CUST002079,Bangalore,Yelahanka,560064,South,New,18-24,Female,2024-10-15,3,1920.75,Instagram,2024-06-10,customer_csv,CUST_ROW_002079
M001,CUST002080,Bangalore,Electronic City,560100,South,Returning,18-24,Female,2023-02-18,11,4474.88,WhatsApp,2024-04-15,customer_csv,CUST_ROW_002080
M001,CUST002081,Bangalore,MG Road,560001,South,Returning,35-44,Male,2023-03-12,20,19375.73,Instagram,2024-08-05,customer_csv,CUST_ROW_002081
M001,CUST002082,Bangalore,Indiranagar,560038,South,New,45-54,Female,2024-11-11,2,846.41,Instagram,2024-06-09,customer_csv,CUST_ROW_002082
M001,CUST002083,Bangalore,HSR Layout,560102,South,New,18-24,Female,2023-06-13,2,402.92,Instagram,2024-12-02,customer_csv,CUST_ROW_002083
M001,CUST002084,Bangalore,Jayanagar,560041,South,Returning,18-24,Female,2023-07-21,5,5525.94,WhatsApp,2024-09-24,customer_csv,CUST_ROW_002084
M001,CUST002085,Bangalore,MG Road,560001,South,Returning,25-34,Male,2024-07-04,5,4594.05,WhatsApp,2024-05-05,customer_csv,CUST_ROW_002085
M001,CUST002086,Mumbai,Powai,400076,West,Returning,25-34,Male,2024-05-12,16,12571.43,Instagram,2024-01-12,customer_csv,CUST_ROW_002086
M001,CUST002087,Bangalore,Indiranagar,560038,South,New,35-44,Female,2024-04-30,1,428.38,Facebook,2024-05-17,customer_csv,CUST_ROW_002087
M001,CUST002088,Bangalore,Koramangala,560034,South,Returning,35-44,Female,2023-11-25,6,3265.46,Facebook,2024-09-27,customer_csv,CUST_ROW_002088
M001,CUST002089,Bangalore,Indiranagar,560038,South,High-Value,25-34,Male,2023-09-29,48,67923.46,Google Ads,2024-08-03,customer_csv,CUST_ROW_002089
M001,CUST002090,Bangalore,Whitefield,560066,South,Returning,25-34,Male,2023-04-28,8,6102.52,Facebook,2024-04-30,customer_csv,CUST_ROW_002090
M001,CUST002091,Bangalore,Bellandur,560103,South,Returning,18-24,Female,2024-05-28,19,13912.16,Instagram,2024-08-05,customer_csv,CUST_ROW_002091
M001,CUST002092,Bangalore,Jayanagar,560041,South,Returning,18-24,Male,2024-01-26,17,14197.08,LinkedIn,2024-07-09,customer_csv,CUST_ROW_002092
M001,CUST002093,Bangalore,HSR Layout,560102,South,Returning,18-24,Female,2024-06-21,18,17963.13,Email,2024-01-24,customer_csv,CUST_ROW_002093
M001,CUST002094,Bangalore,Whitefield,560066,South,New,35-44,Female,2023-10-23,4,2722.83,Instagram,2024-07-19,customer_csv,CUST_ROW_002094
M001,CUST002095,Pune,Kothrud,411038,West,Returning,35-44,Male,2024-11-27,6,2743.77,Facebook,2024-02-19,customer_csv,CUST_ROW_002095
M001,CUST002096,Pune,Koregaon Park,411001,West,New,18-24,Male,2024-09-07,4,2780.7,WhatsApp,2024-04-16,customer_csv,CUST_ROW_002096
M001,CUST002097,Ahmedabad,Prahlad Nagar,380015,West,Returning,35-44,Male,2024-01-22,20,23631.32,Facebook,2024-09-18,customer_csv,CUST_ROW_002097
M001,CUST002098,Mumbai,Bandra,400050,West,New,25-34,Other,2023-01-04,1,339.15,Instagram,2024-12-15,customer_csv,CUST_ROW_002098
M001,CUST002099,Bangalore,MG Road,560001,South,New,35-44,Female,2023-03-22,3,1464.98,Instagram,2024-03-15,customer_csv,CUST_ROW_002099
M001,CUST002100,Delhi,Lajpat Nagar,110024,North,Returning,18-24,Male,2023-08-17,11,4966.84,LinkedIn,2024-01-26,customer_csv,CUST_ROW_002100
M001,CUST002101,Bangalore,MG Road,560001,South,New,18-24,Female,2023-06-24,2,913.56,Instagram,2024-03-04,customer_csv,CUST_ROW_002101
M001,CUST002102,Bangalore,Koramangala,560034,South,New,18-24,Female,2024-02-15,1,623.99,Facebook,2024-12-12,customer_csv,CUST_ROW_002102
M001,CUST002103,Bangalore,Yelahanka,560064,South,Returning,35-44,Female,2023-09-16,18,20079.22,WhatsApp,2024-08-17,customer_csv,CUST_ROW_002103
M001,CUST002104,Bangalore,Koramangala,560034,South,New,45-54,Male,2024-05-17,1,255.19,Facebook,2024-07-28,customer_csv,CUST_ROW_002104
M001,CUST002105,Ahmedabad,Prahlad Nagar,380015,West,Returning,18-24,Female,2024-11-09,6,7175.52,Email,2024-01-05,customer_csv,CUST_ROW_002105
M001,CUST002106,Bangalore,Electronic City,560100,South,New,35-44,Female,2024-12-24,3,1209.57,Instagram,2024-07-27,customer_csv,CUST_ROW_002106
M001,CUST002107,Bangalore,Indiranagar,560038,South,New,25-34,Other,2023-12-27,4,2435.95,WhatsApp,2024-07-31,customer_csv,CUST_ROW_002107
M001,CUST002108,Bangalore,Yelahanka,560064,South,New,25-34,Female,2024-07-28,1,244.34,Email,2024-04-18,customer_csv,CUST_ROW_002108
M001,CUST002109,Bangalore,Bellandur,560103,South,Returning,25-34,Female,2023-02-24,15,12364.82,LinkedIn,2024-12-23,customer_csv,CUST_ROW_002109
M001,CUST002110,Bangalore,HSR Layout,560102,South,Returning,18-24,Male,2024-05-20,14,7711.48,WhatsApp,2024-03-28,customer_csv,CUST_ROW_002110
M001,CUST002111,Bangalore,HSR Layout,560102,South,High-Value,35-44,Male,2023-05-04,40,37227.96,Email,2024-09-26,customer_csv,CUST_ROW_002111
M001,CUST002112,Bangalore,Yelahanka,560064,South,New,35-44,Male,2024-09-08,1,321.34,WhatsApp,2024-11-03,customer_csv,CUST_ROW_002112
M001,CUST002113,Bangalore,Marathahalli,560037,South,New,35-44,Female,2023-12-16,4,2607.61,Email,2024-04-30,customer_csv,CUST_ROW_002113
M001,CUST002114,Kochi,Ernakulam,682011,South,New,45-54,Other,2023-08-12,2,545.5,Instagram,2024-06-24,customer_csv,CUST_ROW_002114
M001,CUST002115,Bangalore,Marathahalli,560037,South,New,25-34,Female,2023-11-27,1,514.68,Email,2024-05-10,customer_csv,CUST_ROW_002115
M001,CUST002116,Ahmedabad,Bopal,380058,West,High-Value,18-24,Female,2023-07-06,34,50656.17,Instagram,2024-12-22,customer_csv,CUST_ROW_002116
M001,CUST002117,Bangalore,HSR Layout,560102,South,Returning,18-24,Male,2023-08-01,20,12027.03,Instagram,2024-06-09,customer_csv,CUST_ROW_002117
M001,CUST002118,Bangalore,Koramangala,560034,South,Returning,18-24,Female,2024-04-26,15,12255.8,WhatsApp,2024-11-14,customer_csv,CUST_ROW_002118
M001,CUST002119,Bangalore,Yelahanka,560064,South,Returning,35-44,Male,2024-08-16,20,15437.02,WhatsApp,2024-01-17,customer_csv,CUST_ROW_002119
M001,CUST002120,Bangalore,Bellandur,560103,South,Returning,45-54,Female,2024-04-16,18,16359.14,Email,2024-06-17,customer_csv,CUST_ROW_002120
M001,CUST002121,Delhi,Dwarka,110075,North,Returning,18-24,Female,2023-08-09,18,9966.38,Facebook,2024-01-15,customer_csv,CUST_ROW_002121
M001,CUST002122,Bangalore,Whitefield,560066,South,New,35-44,Female,2023-01-12,2,705.63,WhatsApp,2024-11-26,customer_csv,CUST_ROW_002122
M001,CUST002123,Bangalore,Marathahalli,560037,South,New,25-34,Female,2023-08-24,1,405.9,Google Ads,2024-04-04,customer_csv,CUST_ROW_002123
M001,CUST002124,Ahmedabad,Prahlad Nagar,380015,West,New,18-24,Female,2023-04-13,3,1035.28,Instagram,2024-10-10,customer_csv,CUST_ROW_002124
M001,CUST002125,Kolkata,Salt Lake,700064,East,Returning,35-44,Male,2023-10-14,10,10468.08,WhatsApp,2024-01-04,customer_csv,CUST_ROW_002125
M001,CUST002126,Kolkata,Dum Dum,700028,East,Returning,35-44,Female,2023-05-01,19,14072.11,Instagram,2024-06-21,customer_csv,CUST_ROW_002126
M001,CUST002127,Bangalore,Marathahalli,560037,South,New,35-44,Male,2023-11-13,4,1503.11,Facebook,2024-11-13,customer_csv,CUST_ROW_002127
M001,CUST002128,Hyderabad,Jubilee Hills,500033,South,New,25-34,Female,2023-11-04,3,2085.18,WhatsApp,2024-11-15,customer_csv,CUST_ROW_002128
M001,CUST002129,Bangalore,Whitefield,560066,South,New,18-24,Female,2023-03-14,1,521.5,Instagram,2024-06-12,customer_csv,CUST_ROW_002129
M001,CUST002130,Bangalore,Whitefield,560066,South,Returning,25-34,Male,2024-10-11,8,4747.92,Facebook,2024-07-14,customer_csv,CUST_ROW_002130
M001,CUST002131,Bangalore,MG Road,560001,South,High-Value,25-34,Male,2023-06-21,54,64656.2,Email,2024-02-17,customer_csv,CUST_ROW_002131
M001,CUST002132,Bangalore,Indiranagar,560038,South,High-Value,25-34,Female,2023-07-16,12,26649.8,LinkedIn,2024-06-05,customer_csv,CUST_ROW_002132
M001,CUST002133,Bangalore,MG Road,560001,South,Returning,18-24,Male,2024-03-10,8,6479.28,Instagram,2024-07-28,customer_csv,CUST_ROW_002133
M001,CUST002134,Bangalore,Marathahalli,560037,South,Returning,25-34,Male,2023-09-01,11,6236.45,Facebook,2024-09-26,customer_csv,CUST_ROW_002134
M001,CUST002135,Bangalore,Yelahanka,560064,South,New,18-24,Male,2024-01-06,3,863.59,Instagram,2024-10-14,customer_csv,CUST_ROW_002135
M001,CUST002136,Bangalore,Yelahanka,560064,South,High-Value,25-34,Male,2024-04-05,44,50474.34,Google Ads,2024-01-12,customer_csv,CUST_ROW_002136
M001,CUST002137,Bangalore,Jayanagar,560041,South,New,35-44,Female,2024-06-19,3,1513.17,LinkedIn,2024-09-02,customer_csv,CUST_ROW_002137
M001,CUST002138,Mumbai,Bandra,400050,West,Returning,35-44,Female,2024-03-08,12,7936.89,Facebook,2024-02-19,customer_csv,CUST_ROW_002138
M001,CUST002139,Jaipur,C Scheme,302001,North,New,18-24,Male,2024-07-16,2,404.53,WhatsApp,2024-10-28,customer_csv,CUST_ROW_002139
M001,CUST002140,Bangalore,Whitefield,560066,South,Returning,45-54,Male,2023-10-09,12,11899.89,WhatsApp,2024-07-24,customer_csv,CUST_ROW_002140
M001,CUST002141,Kochi,Vyttila,682019,South,Returning,25-34,Female,2023-09-22,17,7023.06,WhatsApp,2024-08-22,customer_csv,CUST_ROW_002141
M001,CUST002142,Mumbai,Powai,400076,West,Returning,18-24,Male,2024-03-26,5,2323.17,Google Ads,2024-04-20,customer_csv,CUST_ROW_002142
M001,CUST002143,Kolkata,Dum Dum,700028,East,New,25-34,Female,2024-03-04,4,2255.79,Instagram,2024-06-22,customer_csv,CUST_ROW_002143
M001,CUST002144,Bangalore,Bellandur,560103,South,Returning,45-54,Female,2024-01-29,18,16735.48,Instagram,2024-12-15,customer_csv,CUST_ROW_002144
M001,CUST002145,Bangalore,Marathahalli,560037,South,Returning,55+,Male,2024-10-17,16,13766.19,Facebook,2024-05-22,customer_csv,CUST_ROW_002145
M001,CUST002146,Bangalore,Koramangala,560034,South,Returning,35-44,Male,2024-12-25,10,7875.78,Facebook,2024-03-10,customer_csv,CUST_ROW_002146
M001,CUST002147,Kolkata,Salt Lake,700064,East,Returning,25-34,Female,2024-12-20,20,17405.24,Email,2024-08-16,customer_csv,CUST_ROW_002147
M001,CUST002148,Bangalore,Koramangala,560034,South,High-Value,25-34,Other,2024-11-29,40,68646.38,Google Ads,2024-09-08,customer_csv,CUST_ROW_002148
M001,CUST002149,Bangalore,Whitefield,560066,South,Returning,45-54,Male,2023-03-15,16,16135.57,Instagram,2024-11-27,customer_csv,CUST_ROW_002149
M001,CUST002150,Bangalore,HSR Layout,560102,South,Returning,25-34,Female,2023-02-23,15,8350.35,Facebook,2024-04-23,customer_csv,CUST_ROW_002150
M001,CUST002151,Bangalore,Indiranagar,560038,South,New,18-24,Female,2024-03-25,4,2002.16,Instagram,2024-11-08,customer_csv,CUST_ROW_002151
M001,CUST002152,Bangalore,Koramangala,560034,South,Returning,25-34,Female,2024-01-13,7,7876.69,LinkedIn,2024-09-07,customer_csv,CUST_ROW_002152
M001,CUST002153,Bangalore,Hebbal,560024,South,New,25-34,Female,2024-02-01,3,1222.43,Instagram,2024-04-09,customer_csv,CUST_ROW_002153
M001,CUST002154,Hyderabad,Madhapur,500081,South,New,18-24,Female,2023-09-22,4,1817.34,Facebook,2024-05-05,customer_csv,CUST_ROW_002154
M001,CUST002155,Bangalore,Hebbal,560024,South,New,55+,Male,2024-01-15,4,2159.26,Instagram,2024-12-31,customer_csv,CUST_ROW_002155
M001,CUST002156,Mumbai,Powai,400076,West,High-Value,35-44,Female,2023-11-05,45,102278.6,Email,2024-08-07,customer_csv,CUST_ROW_002156
M001,CUST002157,Bangalore,JP Nagar,560078,South,High-Value,25-34,Female,2024-03-31,78,103925.24,Instagram,2024-11-10,customer_csv,CUST_ROW_002157
M001,CUST002158,Kochi,Fort Kochi,682001,South,Returning,25-34,Female,2024-01-19,11,10420.42,WhatsApp,2024-05-26,customer_csv,CUST_ROW_002158
M001,CUST002159,Chennai,Adyar,600020,South,Returning,35-44,Male,2024-04-15,11,12127.96,Email,2024-05-02,customer_csv,CUST_ROW_002159
M001,CUST002160,Bangalore,Electronic City,560100,South,Returning,25-34,Male,2023-06-03,3,3499.91,Facebook,2024-08-27,customer_csv,CUST_ROW_002160
M001,CUST002161,Bangalore,Marathahalli,560037,South,Returning,25-34,Male,2023-03-19,13,13045.56,WhatsApp,2024-11-29,customer_csv,CUST_ROW_002161
M001,CUST002162,Mumbai,Thane,400601,West,Returning,35-44,Female,2023-02-17,11,10898.58,WhatsApp,2024-07-09,customer_csv,CUST_ROW_002162
M001,CUST002163,Bangalore,Bellandur,560103,South,Returning,18-24,Male,2023-09-27,13,7739.33,Google Ads,2024-06-19,customer_csv,CUST_ROW_002163
M001,CUST002164,Ahmedabad,Prahlad Nagar,380015,West,New,55+,Female,2024-11-24,2,1341.49,Facebook,2024-01-17,customer_csv,CUST_ROW_002164
M001,CUST002165,Bangalore,MG Road,560001,South,Returning,45-54,Male,2024-04-22,3,3253.12,WhatsApp,2024-02-10,customer_csv,CUST_ROW_002165
M001,CUST002166,Bangalore,Bellandur,560103,South,New,25-34,Other,2024-11-12,3,1836.71,Instagram,2024-11-03,customer_csv,CUST_ROW_002166
M001,CUST002167,Kochi,Fort Kochi,682001,South,Returning,25-34,Male,2023-03-24,5,4190.47,WhatsApp,2024-06-11,customer_csv,CUST_ROW_002167
M001,CUST002168,Bangalore,Bellandur,560103,South,High-Value,35-44,Male,2024-03-12,19,25276.27,WhatsApp,2024-08-17,customer_csv,CUST_ROW_002168
M001,CUST002169,Bangalore,Indiranagar,560038,South,Returning,35-44,Male,2024-05-13,3,1873.59,Facebook,2024-10-25,customer_csv,CUST_ROW_002169
M001,CUST002170,Bangalore,MG Road,560001,South,Returning,35-44,Male,2023-05-31,3,2976.9,WhatsApp,2024-07-07,customer_csv,CUST_ROW_002170
M001,CUST002171,Bangalore,Yelahanka,560064,South,Returning,18-24,Female,2023-03-11,11,10721.3,WhatsApp,2024-12-20,customer_csv,CUST_ROW_002171
M001,CUST002172,Bangalore,Bellandur,560103,South,New,35-44,Female,2023-10-20,1,357.77,Email,2024-12-14,customer_csv,CUST_ROW_002172
M001,CUST002173,Bangalore,Hebbal,560024,South,Returning,45-54,Male,2023-02-26,14,6353.01,Email,2024-09-29,customer_csv,CUST_ROW_002173
M001,CUST002174,Bangalore,Koramangala,560034,South,New,25-34,Female,2023-08-07,1,326.67,WhatsApp,2024-09-13,customer_csv,CUST_ROW_002174
M001,CUST002175,Bangalore,Marathahalli,560037,South,Returning,45-54,Female,2023-01-03,9,5956.66,Instagram,2024-02-22,customer_csv,CUST_ROW_002175
M001,CUST002176,Bangalore,Bellandur,560103,South,High-Value,18-24,Female,2024-05-31,71,134668.36,Google Ads,2024-02-12,customer_csv,CUST_ROW_002176
M001,CUST002177,Bangalore,Bellandur,560103,South,Returning,35-44,Male,2023-11-14,18,14098.55,Instagram,2024-02-16,customer_csv,CUST_ROW_002177
M001,CUST002178,Chennai,T Nagar,600017,South,Returning,18-24,Male,2024-06-10,14,7790.67,LinkedIn,2024-08-02,customer_csv,CUST_ROW_002178
M001,CUST002179,Kochi,Ernakulam,682011,South,New,55+,Female,2024-07-04,3,1556.54,WhatsApp,2024-09-07,customer_csv,CUST_ROW_002179
M001,CUST002180,Bangalore,Jayanagar,560041,South,New,25-34,Female,2024-08-14,3,1658.82,WhatsApp,2024-02-08,customer_csv,CUST_ROW_002180
M001,CUST002181,Kochi,Vyttila,682019,South,New,35-44,Female,2023-04-24,4,1721.43,WhatsApp,2024-04-01,customer_csv,CUST_ROW_002181
M001,CUST002182,Bangalore,HSR Layout,560102,South,High-Value,18-24,Male,2024-06-29,21,36354.02,Email,2024-01-22,customer_csv,CUST_ROW_002182
M001,CUST002183,Hyderabad,Secunderabad,500003,South,New,18-24,Male,2023-09-23,2,1103.58,Google Ads,2024-03-29,customer_csv,CUST_ROW_002183
M001,CUST002184,Bangalore,Whitefield,560066,South,New,25-34,Male,2024-04-19,2,1378.07,Email,2024-10-27,customer_csv,CUST_ROW_002184
M001,CUST002185,Delhi,Lajpat Nagar,110024,North,New,25-34,Female,2023-07-17,3,736.02,Instagram,2024-07-24,customer_csv,CUST_ROW_002185
M001,CUST002186,Bangalore,HSR Layout,560102,South,New,45-54,Male,2023-07-20,1,676.13,Instagram,2024-01-20,customer_csv,CUST_ROW_002186
M001,CUST002187,Bangalore,Marathahalli,560037,South,New,25-34,Female,2024-11-18,1,646.85,Facebook,2024-07-27,customer_csv,CUST_ROW_002187
M001,CUST002188,Bangalore,Hebbal,560024,South,New,35-44,Male,2024-02-21,4,1274.76,Email,2024-06-15,customer_csv,CUST_ROW_002188
M001,CUST002189,Kolkata,Park Street,700016,East,Returning,35-44,Male,2024-08-28,6,3078.52,LinkedIn,2024-11-02,customer_csv,CUST_ROW_002189
M001,CUST002190,Bangalore,Whitefield,560066,South,New,25-34,Male,2024-09-24,1,211.45,Google Ads,2024-12-21,customer_csv,CUST_ROW_002190
M001,CUST002191,Ahmedabad,Satellite,380015,West,New,18-24,Female,2024-12-20,2,560.04,Instagram,2024-03-04,customer_csv,CUST_ROW_002191
M001,CUST002192,Bangalore,Whitefield,560066,South,Returning,25-34,Male,2024-12-04,5,4531.28,Facebook,2024-11-22,customer_csv,CUST_ROW_002192
M001,CUST002193,Bangalore,MG Road,560001,South,Returning,35-44,Female,2024-01-26,7,2970.67,Instagram,2024-05-18,customer_csv,CUST_ROW_002193
M001,CUST002194,Bangalore,Bellandur,560103,South,New,18-24,Male,2023-08-24,2,1062.05,Facebook,2024-11-20,customer_csv,CUST_ROW_002194
M001,CUST002195,Bangalore,Whitefield,560066,South,Returning,25-34,Female,2024-12-21,9,4736.88,Instagram,2024-11-26,customer_csv,CUST_ROW_002195
M001,CUST002196,Kolkata,New Town,700156,East,New,25-34,Male,2023-07-15,4,2678.55,Instagram,2024-06-28,customer_csv,CUST_ROW_002196
M001,CUST002197,Bangalore,Jayanagar,560041,South,New,35-44,Male,2024-11-24,1,553.25,Instagram,2024-11-19,customer_csv,CUST_ROW_002197
M001,CUST002198,Ahmedabad,Navrangpura,380009,West,High-Value,18-24,Female,2023-06-27,33,41106.47,WhatsApp,2024-07-02,customer_csv,CUST_ROW_002198
M001,CUST002199,Jaipur,Mansarovar,302020,North,Returning,35-44,Female,2024-09-13,13,5633.24,WhatsApp,2024-05-11,customer_csv,CUST_ROW_002199
M001,CUST002200,Kochi,Fort Kochi,682001,South,Returning,25-34,Other,2023-09-23,9,3854.0,LinkedIn,2024-06-17,customer_csv,CUST_ROW_002200
M001,CUST002201,Bangalore,Jayanagar,560041,South,Returning,18-24,Female,2024-05-18,19,15331.62,Facebook,2024-07-14,customer_csv,CUST_ROW_002201
M001,CUST002202,Bangalore,Bellandur,560103,South,High-Value,55+,Female,2023-09-01,19,21853.92,Email,2024-01-27,customer_csv,CUST_ROW_002202
M001,CUST002203,Bangalore,Whitefield,560066,South,High-Value,18-24,Female,2023-04-01,22,47496.23,Google Ads,2024-10-11,customer_csv,CUST_ROW_002203
M001,CUST002204,Bangalore,Marathahalli,560037,South,Returning,25-34,Female,2024-04-02,5,5014.66,WhatsApp,2024-04-19,customer_csv,CUST_ROW_002204
M001,CUST002205,Bangalore,HSR Layout,560102,South,New,35-44,Female,2024-06-17,3,1694.78,Facebook,2024-10-18,customer_csv,CUST_ROW_002205
M001,CUST002206,Bangalore,Indiranagar,560038,South,Returning,35-44,Male,2024-07-30,4,4662.51,Instagram,2024-08-13,customer_csv,CUST_ROW_002206
M001,CUST002207,Bangalore,HSR Layout,560102,South,Returning,45-54,Other,2024-02-23,18,10296.76,Instagram,2024-10-15,customer_csv,CUST_ROW_002207
M001,CUST002208,Bangalore,HSR Layout,560102,South,New,35-44,Female,2024-07-23,3,1896.8,WhatsApp,2024-07-25,customer_csv,CUST_ROW_002208
M001,CUST002209,Kochi,Vyttila,682019,South,High-Value,25-34,Female,2023-06-02,31,44170.41,Email,2024-12-05,customer_csv,CUST_ROW_002209
M001,CUST002210,Bangalore,Whitefield,560066,South,High-Value,18-24,Female,2024-07-03,10,20922.32,Instagram,2024-04-21,customer_csv,CUST_ROW_002210
M001,CUST002211,Bangalore,Jayanagar,560041,South,New,25-34,Female,2023-12-18,4,1870.36,Instagram,2024-08-04,customer_csv,CUST_ROW_002211
M001,CUST002212,Bangalore,JP Nagar,560078,South,Returning,25-34,Female,2024-02-13,11,7250.74,WhatsApp,2024-09-02,customer_csv,CUST_ROW_002212
M001,CUST002213,Kolkata,New Town,700156,East,New,25-34,Male,2023-03-23,2,757.41,Instagram,2024-09-01,customer_csv,CUST_ROW_002213
M001,CUST002214,Bangalore,Jayanagar,560041,South,Returning,35-44,Female,2023-06-12,19,18240.31,Facebook,2024-10-02,customer_csv,CUST_ROW_002214
M001,CUST002215,Kolkata,Park Street,700016,East,High-Value,18-24,Female,2024-06-23,59,115795.59,Google Ads,2024-03-21,customer_csv,CUST_ROW_002215
M001,CUST002216,Bangalore,Jayanagar,560041,South,Returning,35-44,Female,2024-09-23,18,13311.37,Facebook,2024-05-17,customer_csv,CUST_ROW_002216
M001,CUST002217,Bangalore,Jayanagar,560041,South,Returning,18-24,Male,2024-10-18,16,10376.71,Instagram,2024-07-25,customer_csv,CUST_ROW_002217
M001,CUST002218,Bangalore,Yelahanka,560064,South,Returning,45-54,Male,2023-02-21,9,6126.93,Facebook,2024-04-04,customer_csv,CUST_ROW_002218
M001,CUST002219,Bangalore,Indiranagar,560038,South,New,18-24,Male,2023-12-02,4,2104.42,Instagram,2024-05-23,customer_csv,CUST_ROW_002219
M001,CUST002220,Bangalore,Hebbal,560024,South,New,25-34,Female,2023-11-09,2,879.6,Facebook,2024-01-25,customer_csv,CUST_ROW_002220
M001,CUST002221,Bangalore,Hebbal,560024,South,Returning,25-34,Female,2023-03-26,19,22356.59,Instagram,2024-04-14,customer_csv,CUST_ROW_002221
M001,CUST002222,Bangalore,Marathahalli,560037,South,Returning,18-24,Female,2023-08-13,17,16969.41,Facebook,2024-09-26,customer_csv,CUST_ROW_002222
M001,CUST002223,Bangalore,Bellandur,560103,South,Returning,45-54,Male,2023-10-07,16,17673.62,Facebook,2024-10-26,customer_csv,CUST_ROW_002223
M001,CUST002224,Bangalore,JP Nagar,560078,South,New,45-54,Female,2023-10-01,4,2065.98,Instagram,2024-03-10,customer_csv,CUST_ROW_002224
M001,CUST002225,Bangalore,Jayanagar,560041,South,Returning,25-34,Female,2023-11-03,5,2428.34,WhatsApp,2024-12-29,customer_csv,CUST_ROW_002225
M001,CUST002226,Bangalore,Jayanagar,560041,South,Returning,35-44,Female,2023-06-07,19,13139.35,Instagram,2024-02-13,customer_csv,CUST_ROW_002226
M001,CUST002227,Chennai,Anna Nagar,600040,South,Returning,35-44,Female,2024-11-03,9,7611.0,Email,2024-12-10,customer_csv,CUST_ROW_002227
M001,CUST002228,Bangalore,Jayanagar,560041,South,High-Value,25-34,Male,2023-06-12,59,65494.02,WhatsApp,2024-11-06,customer_csv,CUST_ROW_002228
M001,CUST002229,Bangalore,Electronic City,560100,South,Returning,18-24,Female,2023-01-03,17,14432.03,WhatsApp,2024-01-12,customer_csv,CUST_ROW_002229
M001,CUST002230,Chennai,T Nagar,600017,South,Returning,45-54,Female,2023-04-13,19,8583.05,Facebook,2024-07-08,customer_csv,CUST_ROW_002230
M001,CUST002231,Bangalore,Yelahanka,560064,South,Returning,18-24,Male,2023-11-11,8,5369.94,WhatsApp,2024-08-07,customer_csv,CUST_ROW_002231
M001,CUST002232,Kochi,Kakkanad,682030,South,Returning,35-44,Male,2024-10-21,13,12094.82,Facebook,2024-08-13,customer_csv,CUST_ROW_002232
M001,CUST002233,Bangalore,Jayanagar,560041,South,New,25-34,Female,2024-05-07,1,380.82,Instagram,2024-11-09,customer_csv,CUST_ROW_002233
M001,CUST002234,Bangalore,Bellandur,560103,South,New,35-44,Male,2024-03-18,4,2114.49,Instagram,2024-07-29,customer_csv,CUST_ROW_002234
M001,CUST002235,Pune,Hinjewadi,411057,West,Returning,35-44,Male,2024-09-19,4,3158.01,LinkedIn,2024-12-21,customer_csv,CUST_ROW_002235
M001,CUST002236,Bangalore,Indiranagar,560038,South,New,25-34,Female,2023-05-08,1,532.0,Instagram,2024-06-19,customer_csv,CUST_ROW_002236
M001,CUST002237,Bangalore,Electronic City,560100,South,Returning,18-24,Male,2023-09-27,10,9305.7,Email,2024-12-03,customer_csv,CUST_ROW_002237
M001,CUST002238,Bangalore,Hebbal,560024,South,Returning,18-24,Female,2024-04-24,19,12718.85,Instagram,2024-04-24,customer_csv,CUST_ROW_002238
M001,CUST002239,Bangalore,MG Road,560001,South,High-Value,25-34,Male,2024-02-07,78,105998.75,Email,2024-08-27,customer_csv,CUST_ROW_002239
M001,CUST002240,Bangalore,MG Road,560001,South,New,18-24,Male,2024-01-11,3,1124.28,Instagram,2024-12-11,customer_csv,CUST_ROW_002240
M001,CUST002241,Chennai,Velachery,600042,South,Returning,25-34,Female,2024-05-28,6,5537.38,Facebook,2024-03-20,customer_csv,CUST_ROW_002241
M001,CUST002242,Kochi,Edapally,682024,South,Returning,18-24,Male,2023-06-21,10,5707.24,WhatsApp,2024-11-22,customer_csv,CUST_ROW_002242
M001,CUST002243,Bangalore,Koramangala,560034,South,New,25-34,Male,2024-08-30,4,2067.2,Instagram,2024-09-09,customer_csv,CUST_ROW_002243
M001,CUST002244,Jaipur,Vaishali Nagar,302021,North,High-Value,18-24,Male,2023-11-24,53,132021.93,Email,2024-04-20,customer_csv,CUST_ROW_002244
M001,CUST002245,Bangalore,Marathahalli,560037,South,New,35-44,Male,2024-04-17,1,295.48,Email,2024-02-21,customer_csv,CUST_ROW_002245
M001,CUST002246,Bangalore,Electronic City,560100,South,New,35-44,Female,2023-02-10,1,419.16,Instagram,2024-07-15,customer_csv,CUST_ROW_002246
M001,CUST002247,Bangalore,MG Road,560001,South,New,18-24,Female,2024-12-18,2,1344.16,Instagram,2024-12-14,customer_csv,CUST_ROW_002247
M001,CUST002248,Bangalore,Bellandur,560103,South,New,35-44,Male,2023-08-31,4,1690.34,WhatsApp,2024-06-29,customer_csv,CUST_ROW_002248
M001,CUST002249,Ahmedabad,Vastrapur,380054,West,High-Value,25-34,Female,2023-12-31,77,139399.94,Instagram,2024-01-30,customer_csv,CUST_ROW_002249
M001,CUST002250,Bangalore,Whitefield,560066,South,Returning,18-24,Female,2023-08-07,10,10406.76,Email,2024-04-09,customer_csv,CUST_ROW_002250
M001,CUST002251,Bangalore,Indiranagar,560038,South,New,18-24,Female,2023-11-14,2,892.5,Instagram,2024-11-10,customer_csv,CUST_ROW_002251
M001,CUST002252,Bangalore,JP Nagar,560078,South,High-Value,45-54,Male,2024-12-30,62,96147.74,Google Ads,2024-02-02,customer_csv,CUST_ROW_002252
M001,CUST002253,Kolkata,New Town,700156,East,High-Value,18-24,Female,2024-11-14,11,21220.41,Google Ads,2024-12-10,customer_csv,CUST_ROW_002253
M001,CUST002254,Chennai,Velachery,600042,South,High-Value,25-34,Male,2023-01-26,75,82198.55,Google Ads,2024-04-02,customer_csv,CUST_ROW_002254
M001,CUST002255,Ahmedabad,Bopal,380058,West,High-Value,25-34,Female,2023-09-28,18,18729.61,Email,2024-09-24,customer_csv,CUST_ROW_002255
M001,CUST002256,Bangalore,Yelahanka,560064,South,New,35-44,Female,2023-07-20,2,475.56,Facebook,2024-03-26,customer_csv,CUST_ROW_002256
M001,CUST002257,Bangalore,Whitefield,560066,South,High-Value,18-24,Male,2024-05-15,79,139429.86,Google Ads,2024-06-19,customer_csv,CUST_ROW_002257
M001,CUST002258,Kolkata,Dum Dum,700028,East,High-Value,35-44,Female,2023-09-28,44,63440.17,WhatsApp,2024-04-19,customer_csv,CUST_ROW_002258
M001,CUST002259,Bangalore,MG Road,560001,South,High-Value,18-24,Female,2023-04-23,76,73404.2,LinkedIn,2024-09-29,customer_csv,CUST_ROW_002259
M001,CUST002260,Chennai,T Nagar,600017,South,New,45-54,Male,2023-01-19,3,816.58,Instagram,2024-11-27,customer_csv,CUST_ROW_002260
M001,CUST002261,Bangalore,Indiranagar,560038,South,Returning,18-24,Female,2024-03-15,19,12173.81,Instagram,2024-05-23,customer_csv,CUST_ROW_002261
M001,CUST002262,Delhi,Rohini,110085,North,New,18-24,Male,2023-03-18,3,1592.81,Instagram,2024-05-04,customer_csv,CUST_ROW_002262
M001,CUST002263,Bangalore,Koramangala,560034,South,High-Value,18-24,Male,2024-07-08,36,84578.8,Instagram,2024-01-01,customer_csv,CUST_ROW_002263
M001,CUST002264,Bangalore,JP Nagar,560078,South,High-Value,25-34,Female,2024-08-09,11,27338.89,Email,2024-09-04,customer_csv,CUST_ROW_002264
M001,CUST002265,Bangalore,Hebbal,560024,South,New,25-34,Male,2024-09-10,3,603.88,Facebook,2024-09-04,customer_csv,CUST_ROW_002265
M001,CUST002266,Delhi,Dwarka,110075,North,New,18-24,Male,2023-10-16,4,1921.83,WhatsApp,2024-02-22,customer_csv,CUST_ROW_002266
M001,CUST002267,Bangalore,Yelahanka,560064,South,New,18-24,Female,2023-06-15,4,2489.9,WhatsApp,2024-07-24,customer_csv,CUST_ROW_002267
M001,CUST002268,Bangalore,JP Nagar,560078,South,Returning,18-24,Female,2024-02-15,4,2633.28,LinkedIn,2024-04-28,customer_csv,CUST_ROW_002268
M001,CUST002269,Bangalore,Koramangala,560034,South,New,45-54,Female,2024-08-05,1,682.63,WhatsApp,2024-09-06,customer_csv,CUST_ROW_002269
M001,CUST002270,Bangalore,HSR Layout,560102,South,New,25-34,Female,2023-04-28,4,2165.35,Instagram,2024-02-05,customer_csv,CUST_ROW_002270
M001,CUST002271,Chennai,Porur,600116,South,Returning,18-24,Other,2023-05-26,15,11574.56,Instagram,2024-05-21,customer_csv,CUST_ROW_002271
M001,CUST002272,Bangalore,Jayanagar,560041,South,High-Value,18-24,Male,2024-02-12,27,57446.01,WhatsApp,2024-03-28,customer_csv,CUST_ROW_002272
M001,CUST002273,Bangalore,Koramangala,560034,South,New,18-24,Female,2023-01-26,4,1533.68,Instagram,2024-01-06,customer_csv,CUST_ROW_002273
M001,CUST002274,Bangalore,Yelahanka,560064,South,New,35-44,Male,2023-08-25,3,888.19,Email,2024-11-23,customer_csv,CUST_ROW_002274
M001,CUST002275,Bangalore,JP Nagar,560078,South,New,18-24,Female,2023-03-28,4,1423.0,Google Ads,2024-07-12,customer_csv,CUST_ROW_002275
M001,CUST002276,Bangalore,Bellandur,560103,South,Returning,18-24,Female,2023-03-25,12,5252.02,Email,2024-02-15,customer_csv,CUST_ROW_002276
M001,CUST002277,Bangalore,Hebbal,560024,South,New,18-24,Male,2024-06-09,4,1932.52,Instagram,2024-04-22,customer_csv,CUST_ROW_002277
M001,CUST002278,Bangalore,Yelahanka,560064,South,Returning,25-34,Female,2024-05-12,3,1661.39,Facebook,2024-09-13,customer_csv,CUST_ROW_002278
M001,CUST002279,Bangalore,Koramangala,560034,South,High-Value,25-34,Male,2024-12-16,58,46874.53,Instagram,2024-07-19,customer_csv,CUST_ROW_002279
M001,CUST002280,Bangalore,HSR Layout,560102,South,Returning,25-34,Female,2023-08-02,10,7585.74,WhatsApp,2024-02-29,customer_csv,CUST_ROW_002280
M001,CUST002281,Jaipur,C Scheme,302001,North,Returning,45-54,Male,2023-03-04,3,2130.66,Instagram,2024-06-15,customer_csv,CUST_ROW_002281
M001,CUST002282,Jaipur,Vaishali Nagar,302021,North,High-Value,25-34,Female,2023-08-31,15,17804.99,Facebook,2024-10-24,customer_csv,CUST_ROW_002282
M001,CUST002283,Jaipur,Mansarovar,302020,North,High-Value,55+,Female,2023-09-28,53,52879.57,Instagram,2024-10-04,customer_csv,CUST_ROW_002283
M001,CUST002284,Bangalore,Hebbal,560024,South,High-Value,25-34,Female,2024-03-25,37,82668.56,Email,2024-06-25,customer_csv,CUST_ROW_002284
M001,CUST002285,Bangalore,Jayanagar,560041,South,High-Value,18-24,Male,2024-08-31,56,122638.23,Email,2024-06-02,customer_csv,CUST_ROW_002285
M001,CUST002286,Ahmedabad,Navrangpura,380009,West,New,18-24,Other,2024-08-12,4,1584.41,LinkedIn,2024-07-04,customer_csv,CUST_ROW_002286
M001,CUST002287,Bangalore,Bellandur,560103,South,New,25-34,Male,2024-08-01,4,1103.4,Instagram,2024-10-22,customer_csv,CUST_ROW_002287
M001,CUST002288,Bangalore,Hebbal,560024,South,New,45-54,Female,2023-07-28,1,504.43,Instagram,2024-12-16,customer_csv,CUST_ROW_002288
M001,CUST002289,Bangalore,Jayanagar,560041,South,Returning,18-24,Male,2024-08-27,8,9101.88,Google Ads,2024-07-27,customer_csv,CUST_ROW_002289
M001,CUST002290,Bangalore,Hebbal,560024,South,New,25-34,Female,2023-02-04,4,2566.3,LinkedIn,2024-08-12,customer_csv,CUST_ROW_002290
M001,CUST002291,Bangalore,Electronic City,560100,South,New,35-44,Female,2024-02-21,2,776.25,Facebook,2024-10-28,customer_csv,CUST_ROW_002291
M001,CUST002292,Bangalore,Bellandur,560103,South,High-Value,45-54,Male,2023-03-29,17,40949.59,LinkedIn,2024-07-02,customer_csv,CUST_ROW_002292
M001,CUST002293,Bangalore,Hebbal,560024,South,Returning,18-24,Female,2023-02-03,16,13307.38,LinkedIn,2024-03-26,customer_csv,CUST_ROW_002293
M001,CUST002294,Bangalore,Whitefield,560066,South,New,35-44,Female,2023-02-23,2,615.68,Facebook,2024-04-27,customer_csv,CUST_ROW_002294
M001,CUST002295,Bangalore,JP Nagar,560078,South,New,25-34,Female,2023-01-29,4,1932.0,Google Ads,2024-12-28,customer_csv,CUST_ROW_002295
M001,CUST002296,Bangalore,Koramangala,560034,South,New,25-34,Male,2023-12-16,4,1875.37,Instagram,2024-03-12,customer_csv,CUST_ROW_002296
M001,CUST002297,Bangalore,Indiranagar,560038,South,New,25-34,Female,2023-02-19,1,592.73,LinkedIn,2024-05-15,customer_csv,CUST_ROW_002297
M001,CUST002298,Bangalore,Hebbal,560024,South,New,25-34,Female,2023-12-15,2,506.63,Google Ads,2024-11-19,customer_csv,CUST_ROW_002298
M001,CUST002299,Kochi,Ernakulam,682011,South,New,25-34,Other,2023-05-27,1,361.99,Google Ads,2024-07-29,customer_csv,CUST_ROW_002299
M001,CUST002300,Kolkata,Salt Lake,700064,East,New,35-44,Female,2024-03-10,4,1888.71,Instagram,2024-04-02,customer_csv,CUST_ROW_002300
M001,CUST002301,Bangalore,Bellandur,560103,South,Returning,18-24,Male,2023-03-18,18,7692.23,Email,2024-11-14,customer_csv,CUST_ROW_002301
M001,CUST002302,Chennai,Porur,600116,South,Returning,25-34,Male,2024-08-29,7,5823.7,Facebook,2024-09-25,customer_csv,CUST_ROW_002302
M001,CUST002303,Pune,Hadapsar,411028,West,Returning,35-44,Female,2023-09-15,8,8355.62,WhatsApp,2024-07-28,customer_csv,CUST_ROW_002303
M001,CUST002304,Bangalore,Indiranagar,560038,South,Returning,35-44,Male,2023-11-04,6,4450.13,Instagram,2024-04-03,customer_csv,CUST_ROW_002304
M001,CUST002305,Bangalore,Hebbal,560024,South,New,18-24,Male,2024-12-19,1,289.4,Facebook,2024-06-22,customer_csv,CUST_ROW_002305
M001,CUST002306,Pune,Koregaon Park,411001,West,New,18-24,Female,2023-01-04,1,561.58,Facebook,2024-06-01,customer_csv,CUST_ROW_002306
M001,CUST002307,Bangalore,Marathahalli,560037,South,New,18-24,Female,2023-05-21,1,227.78,LinkedIn,2024-07-26,customer_csv,CUST_ROW_002307
M001,CUST002308,Bangalore,Electronic City,560100,South,New,35-44,Female,2023-12-31,2,805.75,WhatsApp,2024-08-17,customer_csv,CUST_ROW_002308
M001,CUST002309,Bangalore,Whitefield,560066,South,High-Value,18-24,Female,2023-02-26,71,121320.64,LinkedIn,2024-05-29,customer_csv,CUST_ROW_002309
M001,CUST002310,Hyderabad,Gachibowli,500032,South,New,55+,Female,2024-05-20,2,1302.09,WhatsApp,2024-04-20,customer_csv,CUST_ROW_002310
M001,CUST002311,Bangalore,Bellandur,560103,South,Returning,25-34,Female,2023-09-23,13,9832.52,WhatsApp,2024-04-27,customer_csv,CUST_ROW_002311
M001,CUST002312,Bangalore,Electronic City,560100,South,New,35-44,Female,2024-05-27,1,510.48,Facebook,2024-02-18,customer_csv,CUST_ROW_002312
M001,CUST002313,Bangalore,Bellandur,560103,South,New,25-34,Female,2024-05-09,2,427.71,Instagram,2024-02-07,customer_csv,CUST_ROW_002313
M001,CUST002314,Bangalore,Koramangala,560034,South,New,25-34,Female,2023-12-28,2,638.27,WhatsApp,2024-10-16,customer_csv,CUST_ROW_002314
M001,CUST002315,Bangalore,Koramangala,560034,South,High-Value,25-34,Female,2024-05-03,53,87947.43,Email,2024-02-22,customer_csv,CUST_ROW_002315
M001,CUST002316,Bangalore,MG Road,560001,South,High-Value,45-54,Female,2023-03-21,64,142844.18,Google Ads,2024-11-26,customer_csv,CUST_ROW_002316
M001,CUST002317,Bangalore,Marathahalli,560037,South,Returning,55+,Female,2024-04-22,13,13837.1,Facebook,2024-12-22,customer_csv,CUST_ROW_002317
M001,CUST002318,Kolkata,Salt Lake,700064,East,New,35-44,Female,2024-08-19,4,1116.9,Instagram,2024-11-03,customer_csv,CUST_ROW_002318
M001,CUST002319,Bangalore,Hebbal,560024,South,New,18-24,Male,2024-08-11,4,2255.23,Instagram,2024-11-26,customer_csv,CUST_ROW_002319
M001,CUST002320,Bangalore,Electronic City,560100,South,Returning,45-54,Male,2023-07-15,12,6696.51,Email,2024-06-04,customer_csv,CUST_ROW_002320
M001,CUST002321,Bangalore,Electronic City,560100,South,Returning,18-24,Other,2024-01-21,14,10937.39,Facebook,2024-07-26,customer_csv,CUST_ROW_002321
M001,CUST002322,Kolkata,Salt Lake,700064,East,High-Value,45-54,Female,2023-06-10,16,33550.86,Facebook,2024-09-30,customer_csv,CUST_ROW_002322
M001,CUST002323,Bangalore,MG Road,560001,South,New,18-24,Female,2024-03-04,1,513.24,WhatsApp,2024-10-17,customer_csv,CUST_ROW_002323
M001,CUST002324,Bangalore,Yelahanka,560064,South,New,35-44,Female,2024-05-04,4,1054.89,LinkedIn,2024-07-26,customer_csv,CUST_ROW_002324
M001,CUST002325,Bangalore,Bellandur,560103,South,High-Value,18-24,Male,2023-06-07,14,16455.61,LinkedIn,2024-04-28,customer_csv,CUST_ROW_002325
M001,CUST002326,Bangalore,Indiranagar,560038,South,Returning,18-24,Female,2023-03-02,6,5658.1,Instagram,2024-05-03,customer_csv,CUST_ROW_002326
M001,CUST002327,Bangalore,Bellandur,560103,South,New,25-34,Female,2024-02-10,3,1967.16,Instagram,2024-06-17,customer_csv,CUST_ROW_002327
M001,CUST002328,Bangalore,Koramangala,560034,South,High-Value,25-34,Female,2023-05-09,38,44445.83,WhatsApp,2024-09-27,customer_csv,CUST_ROW_002328
M001,CUST002329,Kolkata,Dum Dum,700028,East,High-Value,18-24,Female,2024-10-14,41,90934.27,Google Ads,2024-11-27,customer_csv,CUST_ROW_002329
M001,CUST002330,Ahmedabad,Vastrapur,380054,West,High-Value,25-34,Female,2023-03-26,55,67299.86,Email,2024-03-27,customer_csv,CUST_ROW_002330
M001,CUST002331,Bangalore,Whitefield,560066,South,Returning,25-34,Female,2024-02-17,13,5310.22,WhatsApp,2024-03-14,customer_csv,CUST_ROW_002331
M001,CUST002332,Bangalore,Koramangala,560034,South,Returning,35-44,Female,2024-03-18,12,12887.3,Facebook,2024-11-26,customer_csv,CUST_ROW_002332
M001,CUST002333,Bangalore,Whitefield,560066,South,Returning,25-34,Female,2024-12-23,13,8508.23,WhatsApp,2024-01-27,customer_csv,CUST_ROW_002333
M001,CUST002334,Kolkata,Salt Lake,700064,East,Returning,18-24,Female,2024-09-05,7,6855.06,WhatsApp,2024-08-09,customer_csv,CUST_ROW_002334
M001,CUST002335,Bangalore,Jayanagar,560041,South,High-Value,18-24,Female,2024-09-28,35,46193.73,Facebook,2024-10-21,customer_csv,CUST_ROW_002335
M001,CUST002336,Bangalore,Koramangala,560034,South,New,45-54,Female,2024-11-18,2,1191.18,WhatsApp,2024-03-30,customer_csv,CUST_ROW_002336
M001,CUST002337,Bangalore,Hebbal,560024,South,Returning,25-34,Male,2024-06-07,6,6681.3,Instagram,2024-09-03,customer_csv,CUST_ROW_002337
M001,CUST002338,Bangalore,Jayanagar,560041,South,New,45-54,Female,2023-02-21,2,1385.76,Facebook,2024-02-21,customer_csv,CUST_ROW_002338
M001,CUST002339,Pune,Viman Nagar,411014,West,Returning,45-54,Male,2024-08-06,20,13988.93,WhatsApp,2024-08-22,customer_csv,CUST_ROW_002339
M001,CUST002340,Bangalore,HSR Layout,560102,South,New,18-24,Female,2024-02-14,1,262.76,Email,2024-06-16,customer_csv,CUST_ROW_002340
M001,CUST002341,Bangalore,Koramangala,560034,South,Returning,18-24,Female,2023-11-29,20,21747.19,Instagram,2024-10-27,customer_csv,CUST_ROW_002341
M001,CUST002342,Kolkata,Park Street,700016,East,New,18-24,Female,2024-12-04,3,2019.45,Instagram,2024-02-06,customer_csv,CUST_ROW_002342
M001,CUST002343,Bangalore,Yelahanka,560064,South,New,35-44,Female,2023-05-15,3,948.86,Email,2024-01-19,customer_csv,CUST_ROW_002343
M001,CUST002344,Kochi,Ernakulam,682011,South,Returning,35-44,Female,2023-12-20,3,2038.31,WhatsApp,2024-12-18,customer_csv,CUST_ROW_002344
M001,CUST002345,Bangalore,Marathahalli,560037,South,High-Value,55+,Female,2024-04-26,24,32793.81,Email,2024-06-09,customer_csv,CUST_ROW_002345
M001,CUST002346,Bangalore,Indiranagar,560038,South,High-Value,25-34,Female,2023-06-27,75,140554.96,Instagram,2024-05-22,customer_csv,CUST_ROW_002346
M001,CUST002347,Bangalore,Koramangala,560034,South,High-Value,25-34,Female,2023-05-18,19,36884.64,Google Ads,2024-12-02,customer_csv,CUST_ROW_002347
M001,CUST002348,Bangalore,Bellandur,560103,South,Returning,25-34,Male,2023-01-01,17,12727.13,Instagram,2024-01-22,customer_csv,CUST_ROW_002348
M001,CUST002349,Bangalore,Koramangala,560034,South,New,25-34,Male,2024-01-03,4,1991.29,Facebook,2024-02-09,customer_csv,CUST_ROW_002349
M001,CUST002350,Bangalore,MG Road,560001,South,New,55+,Male,2024-06-01,1,572.58,Facebook,2024-02-25,customer_csv,CUST_ROW_002350
M001,CUST002351,Bangalore,Marathahalli,560037,South,Returning,25-34,Male,2023-02-21,9,7919.25,Facebook,2024-09-19,customer_csv,CUST_ROW_002351
M001,CUST002352,Bangalore,Hebbal,560024,South,New,25-34,Male,2024-02-05,1,392.94,Instagram,2024-09-24,customer_csv,CUST_ROW_002352
M001,CUST002353,Bangalore,Hebbal,560024,South,Returning,25-34,Male,2024-06-24,14,16045.08,LinkedIn,2024-01-24,customer_csv,CUST_ROW_002353
M001,CUST002354,Mumbai,Thane,400601,West,New,55+,Female,2024-07-03,2,780.19,Instagram,2024-01-18,customer_csv,CUST_ROW_002354
M001,CUST002355,Bangalore,Whitefield,560066,South,Returning,18-24,Male,2024-10-15,20,9796.16,WhatsApp,2024-05-28,customer_csv,CUST_ROW_002355
M001,CUST002356,Bangalore,MG Road,560001,South,New,18-24,Male,2023-01-19,4,1831.53,WhatsApp,2024-12-30,customer_csv,CUST_ROW_002356
M001,CUST002357,Kochi,Kakkanad,682030,South,New,25-34,Male,2024-06-16,3,754.86,Instagram,2024-05-25,customer_csv,CUST_ROW_002357
M001,CUST002358,Bangalore,HSR Layout,560102,South,Returning,45-54,Male,2024-05-07,11,9365.83,LinkedIn,2024-07-13,customer_csv,CUST_ROW_002358
M001,CUST002359,Bangalore,Bellandur,560103,South,Returning,25-34,Female,2023-12-12,18,20062.3,Instagram,2024-06-04,customer_csv,CUST_ROW_002359
M001,CUST002360,Bangalore,Koramangala,560034,South,New,25-34,Male,2024-02-16,2,1396.91,Instagram,2024-02-15,customer_csv,CUST_ROW_002360
M001,CUST002361,Bangalore,MG Road,560001,South,Returning,18-24,Female,2023-01-17,4,2031.05,Facebook,2024-06-26,customer_csv,CUST_ROW_002361
M001,CUST002362,Bangalore,HSR Layout,560102,South,New,25-34,Female,2023-09-05,1,538.5,Instagram,2024-09-10,customer_csv,CUST_ROW_002362
M001,CUST002363,Jaipur,Malviya Nagar,302017,North,Returning,18-24,Male,2024-01-16,12,10056.06,WhatsApp,2024-01-07,customer_csv,CUST_ROW_002363
M001,CUST002364,Pune,Viman Nagar,411014,West,Returning,18-24,Male,2023-10-25,13,8541.0,WhatsApp,2024-06-24,customer_csv,CUST_ROW_002364
M001,CUST002365,Bangalore,Koramangala,560034,South,Returning,35-44,Male,2024-07-31,20,21486.9,WhatsApp,2024-09-10,customer_csv,CUST_ROW_002365
M001,CUST002366,Bangalore,Electronic City,560100,South,New,25-34,Male,2024-01-22,1,395.86,Instagram,2024-05-24,customer_csv,CUST_ROW_002366
M001,CUST002367,Bangalore,HSR Layout,560102,South,Returning,18-24,Male,2023-03-23,12,6944.66,Instagram,2024-06-06,customer_csv,CUST_ROW_002367
M001,CUST002368,Bangalore,HSR Layout,560102,South,High-Value,25-34,Other,2023-10-12,23,35513.4,Email,2024-11-25,customer_csv,CUST_ROW_002368
M001,CUST002369,Bangalore,Marathahalli,560037,South,Returning,25-34,Female,2024-05-23,9,6186.43,Facebook,2024-07-12,customer_csv,CUST_ROW_002369
M001,CUST002370,Bangalore,Jayanagar,560041,South,New,35-44,Female,2023-02-27,1,282.97,Instagram,2024-03-07,customer_csv,CUST_ROW_002370
M001,CUST002371,Bangalore,Marathahalli,560037,South,New,25-34,Female,2023-04-15,2,759.43,WhatsApp,2024-09-22,customer_csv,CUST_ROW_002371
M001,CUST002372,Bangalore,Koramangala,560034,South,High-Value,18-24,Female,2024-10-06,31,65495.09,Email,2024-01-07,customer_csv,CUST_ROW_002372
M001,CUST002373,Bangalore,JP Nagar,560078,South,Returning,18-24,Female,2023-04-28,8,4592.06,Instagram,2024-09-26,customer_csv,CUST_ROW_002373
M001,CUST002374,Bangalore,Marathahalli,560037,South,Returning,25-34,Female,2024-01-26,9,6597.25,Facebook,2024-08-30,customer_csv,CUST_ROW_002374
M001,CUST002375,Bangalore,Jayanagar,560041,South,High-Value,35-44,Female,2023-10-16,48,63119.17,Instagram,2024-03-22,customer_csv,CUST_ROW_002375
M001,CUST002376,Kolkata,New Town,700156,East,New,25-34,Female,2023-07-15,1,322.16,Facebook,2024-08-24,customer_csv,CUST_ROW_002376
M001,CUST002377,Bangalore,Jayanagar,560041,South,New,45-54,Female,2023-04-23,1,547.73,Instagram,2024-07-13,customer_csv,CUST_ROW_002377
M001,CUST002378,Bangalore,Indiranagar,560038,South,High-Value,35-44,Female,2023-09-12,62,50274.68,Instagram,2024-05-15,customer_csv,CUST_ROW_002378
M001,CUST002379,Bangalore,Indiranagar,560038,South,High-Value,25-34,Female,2023-04-15,26,53226.79,Google Ads,2024-07-12,customer_csv,CUST_ROW_002379
M001,CUST002380,Pune,Viman Nagar,411014,West,Returning,25-34,Female,2023-08-05,12,5408.55,Instagram,2024-05-14,customer_csv,CUST_ROW_002380
M001,CUST002381,Bangalore,Indiranagar,560038,South,New,18-24,Male,2024-07-29,1,356.03,Google Ads,2024-06-24,customer_csv,CUST_ROW_002381
M001,CUST002382,Hyderabad,Gachibowli,500032,South,New,18-24,Female,2024-11-15,1,354.86,Facebook,2024-09-14,customer_csv,CUST_ROW_002382
M001,CUST002383,Bangalore,Koramangala,560034,South,Returning,18-24,Male,2024-01-31,17,8161.19,WhatsApp,2024-09-14,customer_csv,CUST_ROW_002383
M001,CUST002384,Bangalore,HSR Layout,560102,South,New,18-24,Male,2023-12-29,4,1343.53,Facebook,2024-03-19,customer_csv,CUST_ROW_002384
M001,CUST002385,Bangalore,MG Road,560001,South,High-Value,25-34,Female,2024-04-10,44,37243.64,Facebook,2024-08-18,customer_csv,CUST_ROW_002385
M001,CUST002386,Bangalore,Yelahanka,560064,South,Returning,25-34,Other,2024-04-05,3,2650.24,Instagram,2024-11-07,customer_csv,CUST_ROW_002386
M001,CUST002387,Bangalore,HSR Layout,560102,South,New,55+,Female,2023-04-02,2,1215.82,Facebook,2024-06-02,customer_csv,CUST_ROW_002387
M001,CUST002388,Bangalore,JP Nagar,560078,South,New,18-24,Female,2024-04-06,3,950.61,Instagram,2024-11-26,customer_csv,CUST_ROW_002388
M001,CUST002389,Bangalore,Jayanagar,560041,South,Returning,45-54,Male,2024-12-02,4,1859.89,Google Ads,2024-11-04,customer_csv,CUST_ROW_002389
M001,CUST002390,Bangalore,Jayanagar,560041,South,New,35-44,Male,2023-08-20,4,874.9,Google Ads,2024-01-11,customer_csv,CUST_ROW_002390
M001,CUST002391,Bangalore,Electronic City,560100,South,New,25-34,Female,2023-11-04,4,2349.79,Facebook,2024-09-22,customer_csv,CUST_ROW_002391
M001,CUST002392,Bangalore,Hebbal,560024,South,New,18-24,Male,2024-10-27,2,805.29,Instagram,2024-01-28,customer_csv,CUST_ROW_002392
M001,CUST002393,Jaipur,C Scheme,302001,North,New,18-24,Female,2023-08-16,4,1426.4,Google Ads,2024-10-31,customer_csv,CUST_ROW_002393
M001,CUST002394,Bangalore,HSR Layout,560102,South,High-Value,45-54,Male,2023-04-16,24,57208.36,Instagram,2024-02-24,customer_csv,CUST_ROW_002394
M001,CUST002395,Bangalore,JP Nagar,560078,South,High-Value,55+,Male,2023-01-25,31,73384.85,WhatsApp,2024-05-30,customer_csv,CUST_ROW_002395
M001,CUST002396,Bangalore,Jayanagar,560041,South,New,25-34,Male,2023-08-21,2,633.29,WhatsApp,2024-06-04,customer_csv,CUST_ROW_002396
M001,CUST002397,Ahmedabad,Prahlad Nagar,380015,West,New,18-24,Female,2023-04-22,4,2352.31,Instagram,2024-04-18,customer_csv,CUST_ROW_002397
M001,CUST002398,Chennai,Adyar,600020,South,High-Value,45-54,Female,2023-11-15,33,47983.17,WhatsApp,2024-06-27,customer_csv,CUST_ROW_002398
M001,CUST002399,Bangalore,JP Nagar,560078,South,Returning,55+,Female,2024-10-25,17,10000.87,Google Ads,2024-04-20,customer_csv,CUST_ROW_002399
M001,CUST002400,Kolkata,Dum Dum,700028,East,Returning,18-24,Female,2023-06-05,9,9308.01,Email,2024-06-27,customer_csv,CUST_ROW_002400
M001,CUST002401,Ahmedabad,Prahlad Nagar,380015,West,High-Value,18-24,Female,2024-05-05,59,102706.83,Email,2024-05-13,customer_csv,CUST_ROW_002401
M001,CUST002402,Hyderabad,Madhapur,500081,South,Returning,35-44,Female,2024-05-08,15,11283.82,Instagram,2024-01-04,customer_csv,CUST_ROW_002402
M001,CUST002403,Bangalore,Hebbal,560024,South,Returning,25-34,Male,2023-11-24,17,15062.34,Instagram,2024-03-03,customer_csv,CUST_ROW_002403
M001,CUST002404,Bangalore,Jayanagar,560041,South,New,35-44,Female,2024-09-19,2,1334.46,Instagram,2024-05-14,customer_csv,CUST_ROW_002404
M001,CUST002405,Bangalore,JP Nagar,560078,South,New,25-34,Female,2024-04-03,1,250.81,Instagram,2024-11-17,customer_csv,CUST_ROW_002405
M001,CUST002406,Bangalore,Jayanagar,560041,South,Returning,35-44,Male,2023-09-01,11,10220.43,Facebook,2024-02-20,customer_csv,CUST_ROW_002406
M001,CUST002407,Ahmedabad,Vastrapur,380054,West,High-Value,25-34,Male,2023-11-26,26,47511.68,Google Ads,2024-01-29,customer_csv,CUST_ROW_002407
M001,CUST002408,Bangalore,Yelahanka,560064,South,High-Value,25-34,Male,2023-02-19,20,42648.24,LinkedIn,2024-02-26,customer_csv,CUST_ROW_002408
M001,CUST002409,Mumbai,Andheri,400053,West,High-Value,25-34,Male,2024-08-22,68,76656.06,WhatsApp,2024-05-09,customer_csv,CUST_ROW_002409
M001,CUST002410,Kochi,Ernakulam,682011,South,New,18-24,Male,2023-02-18,2,1055.15,Instagram,2024-06-04,customer_csv,CUST_ROW_002410
M001,CUST002411,Ahmedabad,Satellite,380015,West,Returning,35-44,Female,2024-12-26,20,21643.16,Facebook,2024-04-10,customer_csv,CUST_ROW_002411
M001,CUST002412,Hyderabad,Banjara Hills,500034,South,New,35-44,Female,2024-05-20,4,2697.37,Instagram,2024-07-30,customer_csv,CUST_ROW_002412
M001,CUST002413,Chennai,Anna Nagar,600040,South,Returning,18-24,Male,2023-03-15,19,15913.65,Email,2024-01-11,customer_csv,CUST_ROW_002413
M001,CUST002414,Bangalore,Indiranagar,560038,South,Returning,55+,Female,2023-05-05,18,12735.45,WhatsApp,2024-11-17,customer_csv,CUST_ROW_002414
M001,CUST002415,Hyderabad,Banjara Hills,500034,South,New,25-34,Female,2024-12-07,4,2015.1,Facebook,2024-04-06,customer_csv,CUST_ROW_002415
M001,CUST002416,Bangalore,MG Road,560001,South,Returning,18-24,Female,2024-03-20,11,4531.56,Instagram,2024-04-25,customer_csv,CUST_ROW_002416
M001,CUST002417,Delhi,Karol Bagh,110005,North,Returning,35-44,Other,2023-05-24,20,10386.96,Email,2024-07-24,customer_csv,CUST_ROW_002417
M001,CUST002418,Delhi,Lajpat Nagar,110024,North,New,25-34,Female,2023-09-24,3,1868.49,Instagram,2024-04-05,customer_csv,CUST_ROW_002418
M001,CUST002419,Bangalore,Yelahanka,560064,South,Returning,18-24,Male,2024-06-16,11,11089.06,Instagram,2024-11-18,customer_csv,CUST_ROW_002419
M001,CUST002420,Bangalore,Bellandur,560103,South,Returning,25-34,Male,2023-04-29,5,3236.44,Google Ads,2024-04-23,customer_csv,CUST_ROW_002420
M001,CUST002421,Bangalore,Marathahalli,560037,South,New,35-44,Male,2024-07-29,4,1757.81,Email,2024-06-11,customer_csv,CUST_ROW_002421
M001,CUST002422,Mumbai,Powai,400076,West,Returning,18-24,Female,2024-05-05,4,2149.54,Facebook,2024-02-20,customer_csv,CUST_ROW_002422
M001,CUST002423,Mumbai,Dadar,400014,West,High-Value,55+,Female,2023-04-30,62,68422.07,Email,2024-07-22,customer_csv,CUST_ROW_002423
M001,CUST002424,Bangalore,Koramangala,560034,South,New,18-24,Female,2023-03-16,1,287.6,Instagram,2024-12-02,customer_csv,CUST_ROW_002424
M001,CUST002425,Bangalore,Yelahanka,560064,South,High-Value,25-34,Male,2024-04-11,35,63797.84,WhatsApp,2024-09-07,customer_csv,CUST_ROW_002425
M001,CUST002426,Chennai,Anna Nagar,600040,South,New,55+,Female,2023-09-18,4,1338.86,Instagram,2024-02-02,customer_csv,CUST_ROW_002426
M001,CUST002427,Bangalore,HSR Layout,560102,South,High-Value,55+,Female,2023-08-12,77,117323.67,Google Ads,2024-07-20,customer_csv,CUST_ROW_002427
M001,CUST002428,Jaipur,C Scheme,302001,North,New,18-24,Female,2023-10-26,2,605.29,Instagram,2024-01-08,customer_csv,CUST_ROW_002428
M001,CUST002429,Bangalore,Jayanagar,560041,South,New,18-24,Female,2024-06-04,2,978.04,Instagram,2024-05-09,customer_csv,CUST_ROW_002429
M001,CUST002430,Kochi,Kakkanad,682030,South,Returning,18-24,Female,2023-06-25,6,2588.71,Facebook,2024-09-24,customer_csv,CUST_ROW_002430
M001,CUST002431,Bangalore,Indiranagar,560038,South,New,25-34,Female,2023-12-28,3,1417.15,Instagram,2024-01-02,customer_csv,CUST_ROW_002431
M001,CUST002432,Bangalore,Koramangala,560034,South,New,25-34,Male,2023-10-30,2,944.77,Instagram,2024-12-10,customer_csv,CUST_ROW_002432
M001,CUST002433,Bangalore,MG Road,560001,South,Returning,25-34,Female,2023-08-03,15,9914.97,Instagram,2024-06-16,customer_csv,CUST_ROW_002433
M001,CUST002434,Bangalore,Indiranagar,560038,South,Returning,18-24,Other,2023-03-24,4,3242.46,WhatsApp,2024-12-18,customer_csv,CUST_ROW_002434
M001,CUST002435,Bangalore,Marathahalli,560037,South,Returning,18-24,Female,2023-08-01,4,1641.17,Facebook,2024-08-19,customer_csv,CUST_ROW_002435
M001,CUST002436,Bangalore,HSR Layout,560102,South,New,18-24,Female,2023-08-25,1,552.69,Instagram,2024-05-19,customer_csv,CUST_ROW_002436
M001,CUST002437,Kolkata,Salt Lake,700064,East,High-Value,25-34,Male,2023-04-28,65,136810.97,Instagram,2024-10-13,customer_csv,CUST_ROW_002437
M001,CUST002438,Bangalore,Yelahanka,560064,South,New,25-34,Male,2023-05-07,4,2480.47,WhatsApp,2024-11-09,customer_csv,CUST_ROW_002438
M001,CUST002439,Bangalore,Hebbal,560024,South,Returning,35-44,Male,2023-07-31,3,1810.17,Instagram,2024-05-09,customer_csv,CUST_ROW_002439
M001,CUST002440,Bangalore,Koramangala,560034,South,New,25-34,Male,2024-04-20,1,215.31,Facebook,2024-05-28,customer_csv,CUST_ROW_002440
M001,CUST002441,Chennai,Porur,600116,South,New,25-34,Female,2024-05-16,4,1398.65,Facebook,2024-07-30,customer_csv,CUST_ROW_002441
M001,CUST002442,Pune,Hadapsar,411028,West,New,18-24,Male,2024-01-03,1,358.93,Instagram,2024-11-08,customer_csv,CUST_ROW_002442
M001,CUST002443,Ahmedabad,Satellite,380015,West,Returning,35-44,Male,2023-07-19,6,3983.5,Instagram,2024-06-18,customer_csv,CUST_ROW_002443
M001,CUST002444,Bangalore,Bellandur,560103,South,New,18-24,Female,2024-07-19,1,362.19,Email,2024-04-08,customer_csv,CUST_ROW_002444
M001,CUST002445,Jaipur,Mansarovar,302020,North,New,45-54,Female,2024-12-17,3,1345.42,Facebook,2024-06-23,customer_csv,CUST_ROW_002445
M001,CUST002446,Hyderabad,Secunderabad,500003,South,New,35-44,Male,2023-12-04,2,1217.07,Instagram,2024-12-17,customer_csv,CUST_ROW_002446
M001,CUST002447,Bangalore,Whitefield,560066,South,Returning,35-44,Female,2023-07-01,15,6484.52,Instagram,2024-08-15,customer_csv,CUST_ROW_002447
M001,CUST002448,Bangalore,Yelahanka,560064,South,New,18-24,Male,2024-01-03,1,553.35,Facebook,2024-03-01,customer_csv,CUST_ROW_002448
M001,CUST002449,Ahmedabad,Navrangpura,380009,West,Returning,35-44,Male,2023-05-15,8,7098.57,Email,2024-07-07,customer_csv,CUST_ROW_002449
M001,CUST002450,Chennai,Anna Nagar,600040,South,Returning,25-34,Female,2023-02-16,13,12859.1,Facebook,2024-07-27,customer_csv,CUST_ROW_002450
M001,CUST002451,Bangalore,Electronic City,560100,South,Returning,25-34,Female,2023-04-20,9,9253.83,Google Ads,2024-10-07,customer_csv,CUST_ROW_002451
M001,CUST002452,Bangalore,Bellandur,560103,South,New,25-34,Male,2023-05-27,4,2548.1,Instagram,2024-12-15,customer_csv,CUST_ROW_002452
M001,CUST002453,Bangalore,JP Nagar,560078,South,New,25-34,Female,2024-01-01,4,2623.13,Instagram,2024-02-25,customer_csv,CUST_ROW_002453
M001,CUST002454,Pune,Hinjewadi,411057,West,New,18-24,Male,2024-06-18,4,921.58,Google Ads,2024-04-10,customer_csv,CUST_ROW_002454
M001,CUST002455,Bangalore,JP Nagar,560078,South,Returning,18-24,Female,2024-10-12,19,16518.02,WhatsApp,2024-01-04,customer_csv,CUST_ROW_002455
M001,CUST002456,Jaipur,Mansarovar,302020,North,New,18-24,Male,2023-09-10,4,1954.63,LinkedIn,2024-10-31,customer_csv,CUST_ROW_002456
M001,CUST002457,Bangalore,Indiranagar,560038,South,Returning,45-54,Female,2023-02-19,10,5689.95,WhatsApp,2024-10-03,customer_csv,CUST_ROW_002457
M001,CUST002458,Chennai,Adyar,600020,South,Returning,35-44,Other,2024-07-28,19,13627.77,WhatsApp,2024-10-06,customer_csv,CUST_ROW_002458
M001,CUST002459,Kolkata,Salt Lake,700064,East,High-Value,25-34,Female,2023-02-22,11,20862.43,Email,2024-09-11,customer_csv,CUST_ROW_002459
M001,CUST002460,Bangalore,Yelahanka,560064,South,Returning,25-34,Female,2024-10-31,12,12305.6,Facebook,2024-12-16,customer_csv,CUST_ROW_002460
M001,CUST002461,Kolkata,Ballygunge,700019,East,New,35-44,Male,2024-02-17,2,1143.82,Instagram,2024-11-23,customer_csv,CUST_ROW_002461
M001,CUST002462,Chennai,Anna Nagar,600040,South,Returning,18-24,Female,2023-12-30,6,5708.97,Instagram,2024-05-12,customer_csv,CUST_ROW_002462
M001,CUST002463,Bangalore,Yelahanka,560064,South,Returning,25-34,Female,2024-06-12,13,15129.97,WhatsApp,2024-10-17,customer_csv,CUST_ROW_002463
M001,CUST002464,Jaipur,Tonk Road,302018,North,Returning,25-34,Male,2024-06-02,13,9884.57,WhatsApp,2024-12-10,customer_csv,CUST_ROW_002464
M001,CUST002465,Bangalore,JP Nagar,560078,South,Returning,35-44,Male,2024-05-03,19,12303.34,Email,2024-06-05,customer_csv,CUST_ROW_002465
M001,CUST002466,Jaipur,Vaishali Nagar,302021,North,New,25-34,Female,2024-12-04,4,1731.38,Instagram,2024-12-17,customer_csv,CUST_ROW_002466
M001,CUST002467,Bangalore,HSR Layout,560102,South,New,18-24,Female,2024-05-18,2,787.9,Instagram,2024-04-07,customer_csv,CUST_ROW_002467
M001,CUST002468,Bangalore,Bellandur,560103,South,Returning,18-24,Male,2023-07-13,16,13845.03,WhatsApp,2024-03-07,customer_csv,CUST_ROW_002468
M001,CUST002469,Chennai,T Nagar,600017,South,Returning,18-24,Female,2023-05-22,15,9780.73,Instagram,2024-05-01,customer_csv,CUST_ROW_002469
M001,CUST002470,Bangalore,MG Road,560001,South,Returning,35-44,Male,2024-04-06,7,4269.9,WhatsApp,2024-04-06,customer_csv,CUST_ROW_002470
M001,CUST002471,Bangalore,Whitefield,560066,South,New,25-34,Male,2024-03-10,3,1929.34,Facebook,2024-12-29,customer_csv,CUST_ROW_002471
M001,CUST002472,Bangalore,Jayanagar,560041,South,New,25-34,Other,2023-06-02,1,220.48,Instagram,2024-05-08,customer_csv,CUST_ROW_002472
M001,CUST002473,Bangalore,JP Nagar,560078,South,High-Value,18-24,Female,2024-01-05,45,97148.03,LinkedIn,2024-02-26,customer_csv,CUST_ROW_002473
M001,CUST002474,Delhi,Karol Bagh,110005,North,Returning,45-54,Female,2024-10-12,7,5474.61,WhatsApp,2024-01-08,customer_csv,CUST_ROW_002474
M001,CUST002475,Chennai,T Nagar,600017,South,Returning,25-34,Female,2023-06-22,7,7875.57,Facebook,2024-05-01,customer_csv,CUST_ROW_002475
M001,CUST002476,Mumbai,Dadar,400014,West,New,18-24,Female,2023-12-28,2,1071.2,Google Ads,2024-07-08,customer_csv,CUST_ROW_002476
M001,CUST002477,Bangalore,Jayanagar,560041,South,Returning,18-24,Other,2023-08-06,13,9658.52,Facebook,2024-09-06,customer_csv,CUST_ROW_002477
M001,CUST002478,Kolkata,Salt Lake,700064,East,New,18-24,Male,2023-07-16,1,331.43,Email,2024-01-19,customer_csv,CUST_ROW_002478
M001,CUST002479,Bangalore,Whitefield,560066,South,Returning,35-44,Male,2024-01-22,7,8109.02,Facebook,2024-10-15,customer_csv,CUST_ROW_002479
M001,CUST002480,Bangalore,MG Road,560001,South,New,18-24,Male,2023-12-12,1,400.21,Facebook,2024-11-06,customer_csv,CUST_ROW_002480
M001,CUST002481,Bangalore,MG Road,560001,South,High-Value,25-34,Female,2023-03-10,53,103507.19,Facebook,2024-01-29,customer_csv,CUST_ROW_002481
M001,CUST002482,Bangalore,HSR Layout,560102,South,New,25-34,Female,2024-09-05,4,2588.09,Google Ads,2024-07-14,customer_csv,CUST_ROW_002482
M001,CUST002483,Bangalore,Indiranagar,560038,South,Returning,18-24,Male,2024-12-03,10,8705.33,WhatsApp,2024-02-07,customer_csv,CUST_ROW_002483
M001,CUST002484,Pune,Hadapsar,411028,West,High-Value,35-44,Female,2023-04-26,10,22451.71,Facebook,2024-09-02,customer_csv,CUST_ROW_002484
M001,CUST002485,Bangalore,Whitefield,560066,South,High-Value,18-24,Male,2024-07-26,26,59893.16,Email,2024-11-30,customer_csv,CUST_ROW_002485
M001,CUST002486,Bangalore,Bellandur,560103,South,New,25-34,Male,2023-10-20,3,1336.49,Facebook,2024-08-15,customer_csv,CUST_ROW_002486
M001,CUST002487,Kochi,Kakkanad,682030,South,New,18-24,Male,2024-11-07,1,679.99,Google Ads,2024-03-26,customer_csv,CUST_ROW_002487
M001,CUST002488,Bangalore,Yelahanka,560064,South,Returning,45-54,Male,2024-12-21,16,11080.64,WhatsApp,2024-03-11,customer_csv,CUST_ROW_002488
M001,CUST002489,Kolkata,Dum Dum,700028,East,Returning,35-44,Male,2024-12-10,3,2752.16,Email,2024-05-15,customer_csv,CUST_ROW_002489
M001,CUST002490,Bangalore,Bellandur,560103,South,Returning,45-54,Other,2023-07-01,14,10763.56,Facebook,2024-08-26,customer_csv,CUST_ROW_002490
M001,CUST002491,Jaipur,C Scheme,302001,North,Returning,25-34,Male,2023-01-04,11,8065.85,Facebook,2024-08-22,customer_csv,CUST_ROW_002491
M001,CUST002492,Mumbai,Powai,400076,West,New,45-54,Female,2024-09-13,4,2706.99,Instagram,2024-06-05,customer_csv,CUST_ROW_002492
M001,CUST002493,Bangalore,Hebbal,560024,South,New,25-34,Female,2023-05-31,4,2174.03,Instagram,2024-11-25,customer_csv,CUST_ROW_002493
M001,CUST002494,Kolkata,Park Street,700016,East,Returning,18-24,Male,2024-05-19,5,4581.9,LinkedIn,2024-01-18,customer_csv,CUST_ROW_002494
M001,CUST002495,Bangalore,Bellandur,560103,South,Returning,25-34,Male,2023-07-26,5,4759.89,Google Ads,2024-07-24,customer_csv,CUST_ROW_002495
M001,CUST002496,Bangalore,Electronic City,560100,South,High-Value,25-34,Male,2023-03-07,28,44591.7,Email,2024-03-04,customer_csv,CUST_ROW_002496
M001,CUST002497,Kolkata,Salt Lake,700064,East,Returning,25-34,Other,2024-11-19,11,5132.21,Facebook,2024-01-10,customer_csv,CUST_ROW_002497
M001,CUST002498,Bangalore,Yelahanka,560064,South,New,25-34,Female,2024-07-23,1,461.15,Instagram,2024-12-25,customer_csv,CUST_ROW_002498
M001,CUST002499,Bangalore,Koramangala,560034,South,Returning,35-44,Female,2024-05-12,6,4161.69,Instagram,2024-08-27,customer_csv,CUST_ROW_002499
M001,CUST002500,Bangalore,Bellandur,560103,South,High-Value,25-34,Male,2023-10-19,38,44930.83,Google Ads,2024-10-23,customer_csv,CUST_ROW_002500
M001,CUST002501,Bangalore,Electronic City,560100,South,Returning,25-34,Male,2023-10-28,16,7465.44,Instagram,2024-02-04,customer_csv,CUST_ROW_002501
M001,CUST002502,Bangalore,Yelahanka,560064,South,High-Value,18-24,Female,2023-04-19,73,127308.68,WhatsApp,2024-03-31,customer_csv,CUST_ROW_002502
M001,CUST002503,Bangalore,Koramangala,560034,South,New,35-44,Female,2023-06-17,2,1103.33,Facebook,2024-01-17,customer_csv,CUST_ROW_002503
M001,CUST002504,Bangalore,MG Road,560001,South,New,45-54,Female,2024-10-01,4,1338.06,Facebook,2024-12-20,customer_csv,CUST_ROW_002504
M001,CUST002505,Chennai,Adyar,600020,South,High-Value,25-34,Female,2024-04-07,49,60391.93,LinkedIn,2024-06-26,customer_csv,CUST_ROW_002505
M001,CUST002506,Bangalore,MG Road,560001,South,Returning,25-34,Female,2024-11-16,8,3559.4,Instagram,2024-05-25,customer_csv,CUST_ROW_002506
M001,CUST002507,Bangalore,Bellandur,560103,South,New,18-24,Female,2024-11-27,3,739.37,LinkedIn,2024-04-06,customer_csv,CUST_ROW_002507
M001,CUST002508,Bangalore,Yelahanka,560064,South,Returning,45-54,Female,2024-02-09,17,11958.76,Instagram,2024-12-12,customer_csv,CUST_ROW_002508
M001,CUST002509,Mumbai,Thane,400601,West,New,25-34,Male,2024-04-13,3,1498.07,Instagram,2024-07-04,customer_csv,CUST_ROW_002509
M001,CUST002510,Bangalore,Yelahanka,560064,South,Returning,25-34,Male,2023-10-07,4,3249.63,Instagram,2024-06-21,customer_csv,CUST_ROW_002510
M001,CUST002511,Bangalore,Whitefield,560066,South,New,18-24,Male,2023-09-19,3,1096.05,Facebook,2024-10-22,customer_csv,CUST_ROW_002511
M001,CUST002512,Bangalore,HSR Layout,560102,South,New,25-34,Male,2023-05-29,4,2273.27,Instagram,2024-02-29,customer_csv,CUST_ROW_002512
M001,CUST002513,Bangalore,Koramangala,560034,South,High-Value,25-34,Female,2023-03-14,78,95587.83,Email,2024-09-18,customer_csv,CUST_ROW_002513
M001,CUST002514,Bangalore,MG Road,560001,South,High-Value,25-34,Male,2023-06-19,19,23041.24,Google Ads,2024-07-29,customer_csv,CUST_ROW_002514
M001,CUST002515,Bangalore,MG Road,560001,South,New,35-44,Female,2024-12-12,2,1050.83,WhatsApp,2024-09-29,customer_csv,CUST_ROW_002515
M001,CUST002516,Bangalore,Koramangala,560034,South,High-Value,18-24,Female,2023-09-29,29,40265.95,Google Ads,2024-09-10,customer_csv,CUST_ROW_002516
M001,CUST002517,Pune,Koregaon Park,411001,West,New,25-34,Female,2023-06-17,4,2642.78,Facebook,2024-02-22,customer_csv,CUST_ROW_002517
M001,CUST002518,Pune,Koregaon Park,411001,West,High-Value,35-44,Female,2024-11-30,42,77071.91,Email,2024-08-16,customer_csv,CUST_ROW_002518
M001,CUST002519,Bangalore,Koramangala,560034,South,New,25-34,Female,2023-04-17,4,2242.12,Google Ads,2024-12-15,customer_csv,CUST_ROW_002519
M001,CUST002520,Bangalore,Whitefield,560066,South,New,25-34,Female,2024-05-26,3,1403.0,Email,2024-06-25,customer_csv,CUST_ROW_002520
M001,CUST002521,Pune,Kothrud,411038,West,Returning,45-54,Male,2024-05-30,19,17465.61,Facebook,2024-10-04,customer_csv,CUST_ROW_002521
M001,CUST002522,Bangalore,Electronic City,560100,South,New,18-24,Female,2024-04-07,3,2049.71,Instagram,2024-01-03,customer_csv,CUST_ROW_002522
M001,CUST002523,Bangalore,Yelahanka,560064,South,High-Value,18-24,Female,2024-12-09,37,55763.18,Google Ads,2024-01-02,customer_csv,CUST_ROW_002523
M001,CUST002524,Ahmedabad,Bopal,380058,West,Returning,25-34,Other,2024-12-16,9,5408.41,Email,2024-09-21,customer_csv,CUST_ROW_002524
M001,CUST002525,Bangalore,Indiranagar,560038,South,New,18-24,Other,2023-10-21,3,1317.78,Instagram,2024-12-08,customer_csv,CUST_ROW_002525
M001,CUST002526,Bangalore,Indiranagar,560038,South,High-Value,18-24,Male,2024-07-21,61,62913.9,Instagram,2024-05-02,customer_csv,CUST_ROW_002526
M001,CUST002527,Mumbai,Powai,400076,West,New,25-34,Female,2024-06-14,1,633.19,Google Ads,2024-02-22,customer_csv,CUST_ROW_002527
M001,CUST002528,Bangalore,Whitefield,560066,South,Returning,25-34,Female,2023-09-05,10,4422.86,Email,2024-12-11,customer_csv,CUST_ROW_002528
M001,CUST002529,Bangalore,MG Road,560001,South,Returning,45-54,Male,2024-02-28,8,5019.32,Facebook,2024-06-29,customer_csv,CUST_ROW_002529
M001,CUST002530,Bangalore,Indiranagar,560038,South,Returning,18-24,Female,2023-08-03,20,19176.46,Facebook,2024-04-05,customer_csv,CUST_ROW_002530
M001,CUST002531,Bangalore,Electronic City,560100,South,Returning,35-44,Female,2024-03-02,5,3275.8,Email,2024-06-26,customer_csv,CUST_ROW_002531
M001,CUST002532,Bangalore,Hebbal,560024,South,New,25-34,Male,2024-03-19,3,1662.98,Instagram,2024-09-24,customer_csv,CUST_ROW_002532
M001,CUST002533,Pune,Hadapsar,411028,West,Returning,18-24,Male,2023-06-25,19,18314.37,Facebook,2024-10-26,customer_csv,CUST_ROW_002533
M001,CUST002534,Bangalore,Jayanagar,560041,South,High-Value,25-34,Male,2024-09-12,77,161238.44,Facebook,2024-09-13,customer_csv,CUST_ROW_002534
M001,CUST002535,Kochi,Edapally,682024,South,Returning,18-24,Male,2023-09-06,5,4679.4,Email,2024-03-26,customer_csv,CUST_ROW_002535
M001,CUST002536,Kochi,Fort Kochi,682001,South,High-Value,25-34,Female,2023-06-21,36,74442.48,Google Ads,2024-04-16,customer_csv,CUST_ROW_002536
M001,CUST002537,Ahmedabad,Satellite,380015,West,Returning,18-24,Female,2024-05-07,20,14227.18,Facebook,2024-10-04,customer_csv,CUST_ROW_002537
M001,CUST002538,Chennai,Adyar,600020,South,Returning,25-34,Female,2023-01-30,10,5196.35,Facebook,2024-09-04,customer_csv,CUST_ROW_002538
M001,CUST002539,Bangalore,HSR Layout,560102,South,High-Value,25-34,Male,2023-01-08,62,68782.45,Email,2024-04-23,customer_csv,CUST_ROW_002539
M001,CUST002540,Bangalore,MG Road,560001,South,New,45-54,Female,2024-10-13,3,1320.51,Instagram,2024-08-05,customer_csv,CUST_ROW_002540
M001,CUST002541,Bangalore,MG Road,560001,South,New,35-44,Female,2024-05-26,1,227.97,Instagram,2024-06-22,customer_csv,CUST_ROW_002541
M001,CUST002542,Bangalore,Bellandur,560103,South,Returning,18-24,Female,2024-04-18,10,9963.71,WhatsApp,2024-03-05,customer_csv,CUST_ROW_002542
M001,CUST002543,Bangalore,Jayanagar,560041,South,High-Value,35-44,Female,2023-01-24,49,98275.18,LinkedIn,2024-01-22,customer_csv,CUST_ROW_002543
M001,CUST002544,Pune,Viman Nagar,411014,West,New,18-24,Male,2024-09-10,2,1381.1,WhatsApp,2024-08-22,customer_csv,CUST_ROW_002544
M001,CUST002545,Bangalore,Marathahalli,560037,South,New,25-34,Other,2024-07-04,1,379.84,Facebook,2024-11-22,customer_csv,CUST_ROW_002545
M001,CUST002546,Kolkata,Dum Dum,700028,East,High-Value,25-34,Female,2023-12-18,58,106420.0,WhatsApp,2024-05-22,customer_csv,CUST_ROW_002546
M001,CUST002547,Bangalore,Marathahalli,560037,South,Returning,25-34,Female,2023-08-01,8,7754.72,WhatsApp,2024-02-06,customer_csv,CUST_ROW_002547
M001,CUST002548,Pune,Viman Nagar,411014,West,Returning,25-34,Female,2024-12-07,17,7194.5,WhatsApp,2024-08-04,customer_csv,CUST_ROW_002548
M001,CUST002549,Hyderabad,Secunderabad,500003,South,New,25-34,Female,2024-11-24,3,2038.33,Facebook,2024-01-17,customer_csv,CUST_ROW_002549
M001,CUST002550,Bangalore,Koramangala,560034,South,Returning,25-34,Male,2023-03-29,7,8086.71,Instagram,2024-05-05,customer_csv,CUST_ROW_002550
M001,CUST002551,Bangalore,Koramangala,560034,South,Returning,18-24,Female,2024-05-25,5,5468.58,Facebook,2024-10-05,customer_csv,CUST_ROW_002551
M001,CUST002552,Bangalore,Jayanagar,560041,South,Returning,25-34,Male,2024-07-15,5,2152.76,WhatsApp,2024-02-29,customer_csv,CUST_ROW_002552
M001,CUST002553,Bangalore,HSR Layout,560102,South,New,18-24,Female,2023-11-30,4,1716.77,Instagram,2024-12-01,customer_csv,CUST_ROW_002553
M001,CUST002554,Bangalore,Whitefield,560066,South,Returning,25-34,Other,2024-01-26,14,12411.31,WhatsApp,2024-07-07,customer_csv,CUST_ROW_002554
M001,CUST002555,Bangalore,Yelahanka,560064,South,Returning,18-24,Other,2023-12-15,13,11560.7,Facebook,2024-07-07,customer_csv,CUST_ROW_002555
M001,CUST002556,Bangalore,Jayanagar,560041,South,New,25-34,Female,2024-02-01,2,963.15,Facebook,2024-08-14,customer_csv,CUST_ROW_002556
M001,CUST002557,Bangalore,Hebbal,560024,South,New,45-54,Female,2023-03-18,2,1024.27,Google Ads,2024-12-19,customer_csv,CUST_ROW_002557
M001,CUST002558,Bangalore,Bellandur,560103,South,High-Value,45-54,Male,2023-03-05,68,157771.84,LinkedIn,2024-11-26,customer_csv,CUST_ROW_002558
M001,CUST002559,Pune,Koregaon Park,411001,West,New,25-34,Female,2024-09-16,2,492.53,Email,2024-07-10,customer_csv,CUST_ROW_002559
M001,CUST002560,Bangalore,Bellandur,560103,South,New,18-24,Female,2023-02-11,2,873.58,Instagram,2024-11-14,customer_csv,CUST_ROW_002560
M001,CUST002561,Jaipur,Vaishali Nagar,302021,North,New,35-44,Female,2023-11-04,1,294.28,WhatsApp,2024-12-15,customer_csv,CUST_ROW_002561
M001,CUST002562,Pune,Koregaon Park,411001,West,Returning,35-44,Male,2023-10-20,3,2968.28,Instagram,2024-04-12,customer_csv,CUST_ROW_002562
M001,CUST002563,Ahmedabad,Bopal,380058,West,New,35-44,Female,2024-08-12,3,735.38,WhatsApp,2024-02-15,customer_csv,CUST_ROW_002563
M001,CUST002564,Mumbai,Dadar,400014,West,Returning,35-44,Male,2024-08-08,13,11263.14,Instagram,2024-01-14,customer_csv,CUST_ROW_002564
M001,CUST002565,Bangalore,Electronic City,560100,South,Returning,18-24,Male,2024-11-02,10,11233.9,Facebook,2024-07-27,customer_csv,CUST_ROW_002565
M001,CUST002566,Bangalore,Hebbal,560024,South,High-Value,18-24,Other,2023-04-27,36,77754.87,Email,2024-04-29,customer_csv,CUST_ROW_002566
M001,CUST002567,Bangalore,Hebbal,560024,South,Returning,25-34,Male,2024-09-07,16,15256.38,Email,2024-08-06,customer_csv,CUST_ROW_002567
M001,CUST002568,Bangalore,Indiranagar,560038,South,New,18-24,Female,2023-04-29,1,275.37,WhatsApp,2024-11-13,customer_csv,CUST_ROW_002568
M001,CUST002569,Bangalore,Bellandur,560103,South,Returning,25-34,Other,2023-02-10,5,3160.0,Email,2024-10-13,customer_csv,CUST_ROW_002569
M001,CUST002570,Bangalore,Yelahanka,560064,South,Returning,25-34,Female,2024-10-22,19,18413.35,WhatsApp,2024-12-12,customer_csv,CUST_ROW_002570
M001,CUST002571,Bangalore,Jayanagar,560041,South,New,18-24,Female,2024-11-23,1,456.57,Instagram,2024-04-21,customer_csv,CUST_ROW_002571
M001,CUST002572,Bangalore,JP Nagar,560078,South,High-Value,35-44,Female,2023-04-07,66,160411.13,Facebook,2024-08-08,customer_csv,CUST_ROW_002572
M001,CUST002573,Ahmedabad,Vastrapur,380054,West,New,25-34,Female,2024-12-13,1,655.64,Instagram,2024-12-01,customer_csv,CUST_ROW_002573
M001,CUST002574,Bangalore,Hebbal,560024,South,High-Value,18-24,Male,2024-06-02,71,91870.86,WhatsApp,2024-01-16,customer_csv,CUST_ROW_002574
M001,CUST002575,Bangalore,Bellandur,560103,South,New,18-24,Female,2023-09-12,3,2029.03,Instagram,2024-07-07,customer_csv,CUST_ROW_002575
M001,CUST002576,Bangalore,Electronic City,560100,South,New,45-54,Female,2024-02-05,3,687.05,WhatsApp,2024-08-20,customer_csv,CUST_ROW_002576
M001,CUST002577,Bangalore,Bellandur,560103,South,New,35-44,Female,2023-06-05,2,475.24,Instagram,2024-04-16,customer_csv,CUST_ROW_002577
M001,CUST002578,Bangalore,Koramangala,560034,South,High-Value,35-44,Other,2024-05-30,19,18198.15,Google Ads,2024-12-09,customer_csv,CUST_ROW_002578
M001,CUST002579,Mumbai,Dadar,400014,West,Returning,35-44,Male,2023-02-01,9,9069.78,WhatsApp,2024-07-13,customer_csv,CUST_ROW_002579
M001,CUST002580,Hyderabad,Banjara Hills,500034,South,Returning,45-54,Male,2023-12-20,11,7942.82,WhatsApp,2024-07-22,customer_csv,CUST_ROW_002580
M001,CUST002581,Bangalore,Yelahanka,560064,South,New,35-44,Other,2023-09-11,2,1090.02,Instagram,2024-09-09,customer_csv,CUST_ROW_002581
M001,CUST002582,Bangalore,MG Road,560001,South,New,35-44,Female,2024-08-16,4,2533.3,Instagram,2024-12-01,customer_csv,CUST_ROW_002582
M001,CUST002583,Bangalore,JP Nagar,560078,South,New,18-24,Male,2023-02-01,4,1475.29,Facebook,2024-09-08,customer_csv,CUST_ROW_002583
M001,CUST002584,Bangalore,Bellandur,560103,South,Returning,25-34,Male,2024-10-28,8,4757.8,Facebook,2024-01-03,customer_csv,CUST_ROW_002584
M001,CUST002585,Jaipur,Vaishali Nagar,302021,North,New,45-54,Male,2024-07-08,2,1085.9,Facebook,2024-06-21,customer_csv,CUST_ROW_002585
M001,CUST002586,Chennai,Anna Nagar,600040,South,High-Value,18-24,Female,2023-04-28,63,134122.53,Google Ads,2024-06-08,customer_csv,CUST_ROW_002586
M001,CUST002587,Bangalore,Whitefield,560066,South,Returning,18-24,Female,2024-07-28,9,7544.19,Facebook,2024-07-21,customer_csv,CUST_ROW_002587
M001,CUST002588,Hyderabad,Gachibowli,500032,South,High-Value,25-34,Male,2024-12-12,40,59961.23,WhatsApp,2024-09-22,customer_csv,CUST_ROW_002588
M001,CUST002589,Bangalore,JP Nagar,560078,South,High-Value,18-24,Male,2024-05-06,44,42550.22,Facebook,2024-02-15,customer_csv,CUST_ROW_002589
M001,CUST002590,Bangalore,JP Nagar,560078,South,New,25-34,Male,2023-06-22,4,1761.57,Instagram,2024-05-13,customer_csv,CUST_ROW_002590
M001,CUST002591,Bangalore,Marathahalli,560037,South,New,18-24,Female,2023-10-03,3,1798.88,Instagram,2024-04-01,customer_csv,CUST_ROW_002591
M001,CUST002592,Bangalore,Bellandur,560103,South,New,18-24,Male,2023-03-12,1,407.04,Instagram,2024-02-22,customer_csv,CUST_ROW_002592
M001,CUST002593,Bangalore,Koramangala,560034,South,High-Value,45-54,Male,2024-06-12,31,45862.54,Email,2024-06-19,customer_csv,CUST_ROW_002593
M001,CUST002594,Bangalore,Bellandur,560103,South,Returning,25-34,Male,2023-09-22,8,7945.72,Facebook,2024-05-06,customer_csv,CUST_ROW_002594
M001,CUST002595,Bangalore,Marathahalli,560037,South,High-Value,45-54,Other,2023-08-26,73,114502.76,Google Ads,2024-01-14,customer_csv,CUST_ROW_002595
M001,CUST002596,Bangalore,MG Road,560001,South,New,35-44,Male,2023-12-13,3,1611.85,WhatsApp,2024-01-15,customer_csv,CUST_ROW_002596
M001,CUST002597,Bangalore,Koramangala,560034,South,High-Value,18-24,Other,2024-10-20,27,28585.42,LinkedIn,2024-04-22,customer_csv,CUST_ROW_002597
M001,CUST002598,Ahmedabad,Satellite,380015,West,Returning,18-24,Male,2023-04-12,17,16914.93,Email,2024-07-18,customer_csv,CUST_ROW_002598
M001,CUST002599,Hyderabad,Secunderabad,500003,South,New,35-44,Male,2024-08-17,3,1856.6,Facebook,2024-01-11,customer_csv,CUST_ROW_002599
M001,CUST002600,Hyderabad,Madhapur,500081,South,New,35-44,Female,2024-02-21,3,649.72,Instagram,2024-04-06,customer_csv,CUST_ROW_002600
M001,CUST002601,Bangalore,Bellandur,560103,South,Returning,45-54,Female,2023-01-20,10,6200.76,Facebook,2024-05-08,customer_csv,CUST_ROW_002601
M001,CUST002602,Bangalore,HSR Layout,560102,South,High-Value,55+,Female,2023-02-04,11,21722.21,Facebook,2024-09-06,customer_csv,CUST_ROW_002602
M001,CUST002603,Chennai,Porur,600116,South,New,35-44,Male,2023-07-05,3,982.62,Facebook,2024-07-17,customer_csv,CUST_ROW_002603
M001,CUST002604,Bangalore,Jayanagar,560041,South,New,35-44,Other,2024-12-14,4,2485.14,WhatsApp,2024-06-30,customer_csv,CUST_ROW_002604
M001,CUST002605,Pune,Kothrud,411038,West,New,25-34,Other,2023-04-25,4,2733.69,WhatsApp,2024-02-04,customer_csv,CUST_ROW_002605
M001,CUST002606,Bangalore,Electronic City,560100,South,New,25-34,Female,2023-10-19,3,1477.61,Instagram,2024-12-11,customer_csv,CUST_ROW_002606
M001,CUST002607,Bangalore,JP Nagar,560078,South,Returning,25-34,Female,2024-03-08,11,12403.13,Facebook,2024-09-06,customer_csv,CUST_ROW_002607
M001,CUST002608,Mumbai,Andheri,400053,West,New,18-24,Female,2023-04-16,2,1083.09,Facebook,2024-11-21,customer_csv,CUST_ROW_002608
M001,CUST002609,Jaipur,C Scheme,302001,North,High-Value,35-44,Male,2023-10-05,48,84050.08,Instagram,2024-05-27,customer_csv,CUST_ROW_002609
M001,CUST002610,Bangalore,Bellandur,560103,South,High-Value,35-44,Female,2023-11-17,54,114241.12,LinkedIn,2024-10-04,customer_csv,CUST_ROW_002610
M001,CUST002611,Bangalore,HSR Layout,560102,South,Returning,35-44,Female,2024-12-31,14,15225.79,WhatsApp,2024-10-20,customer_csv,CUST_ROW_002611
M001,CUST002612,Delhi,Lajpat Nagar,110024,North,New,18-24,Female,2024-01-23,3,1555.82,Google Ads,2024-08-29,customer_csv,CUST_ROW_002612
M001,CUST002613,Bangalore,Indiranagar,560038,South,New,25-34,Female,2023-03-08,4,2719.57,WhatsApp,2024-09-24,customer_csv,CUST_ROW_002613
M001,CUST002614,Kolkata,Park Street,700016,East,High-Value,45-54,Female,2024-08-13,25,24929.73,WhatsApp,2024-02-08,customer_csv,CUST_ROW_002614
M001,CUST002615,Bangalore,JP Nagar,560078,South,New,25-34,Female,2023-04-16,2,460.35,Facebook,2024-07-04,customer_csv,CUST_ROW_002615
M001,CUST002616,Pune,Viman Nagar,411014,West,High-Value,25-34,Other,2024-11-17,76,179308.21,Google Ads,2024-06-21,customer_csv,CUST_ROW_002616
M001,CUST002617,Pune,Hinjewadi,411057,West,Returning,35-44,Female,2023-10-27,20,18795.05,Google Ads,2024-09-10,customer_csv,CUST_ROW_002617
M001,CUST002618,Bangalore,Koramangala,560034,South,Returning,25-34,Male,2023-05-31,13,7719.4,Facebook,2024-02-18,customer_csv,CUST_ROW_002618
M001,CUST002619,Bangalore,MG Road,560001,South,Returning,25-34,Male,2023-06-17,8,5799.55,WhatsApp,2024-10-26,customer_csv,CUST_ROW_002619
M001,CUST002620,Bangalore,JP Nagar,560078,South,Returning,25-34,Male,2024-07-08,16,11015.5,WhatsApp,2024-04-14,customer_csv,CUST_ROW_002620
M001,CUST002621,Bangalore,HSR Layout,560102,South,High-Value,25-34,Male,2023-03-06,62,82004.06,LinkedIn,2024-12-08,customer_csv,CUST_ROW_002621
M001,CUST002622,Bangalore,Indiranagar,560038,South,Returning,18-24,Male,2024-11-30,18,7338.62,WhatsApp,2024-10-30,customer_csv,CUST_ROW_002622
M001,CUST002623,Mumbai,Powai,400076,West,New,18-24,Female,2023-03-04,4,2638.1,WhatsApp,2024-08-10,customer_csv,CUST_ROW_002623
M001,CUST002624,Hyderabad,Gachibowli,500032,South,New,35-44,Female,2024-12-24,1,485.32,LinkedIn,2024-09-20,customer_csv,CUST_ROW_002624
M001,CUST002625,Bangalore,Hebbal,560024,South,New,18-24,Female,2024-03-21,4,2245.07,Facebook,2024-07-28,customer_csv,CUST_ROW_002625
M001,CUST002626,Pune,Hadapsar,411028,West,Returning,18-24,Female,2023-10-21,11,11546.25,Facebook,2024-08-14,customer_csv,CUST_ROW_002626
M001,CUST002627,Bangalore,Electronic City,560100,South,New,35-44,Male,2024-09-04,2,902.15,Facebook,2024-10-27,customer_csv,CUST_ROW_002627
M001,CUST002628,Bangalore,Electronic City,560100,South,Returning,18-24,Female,2023-02-11,9,5812.79,WhatsApp,2024-03-17,customer_csv,CUST_ROW_002628
M001,CUST002629,Bangalore,JP Nagar,560078,South,High-Value,25-34,Other,2023-08-20,17,19862.82,Google Ads,2024-07-18,customer_csv,CUST_ROW_002629
M001,CUST002630,Kolkata,Ballygunge,700019,East,New,45-54,Other,2023-08-17,2,410.11,Google Ads,2024-01-17,customer_csv,CUST_ROW_002630
M001,CUST002631,Jaipur,Mansarovar,302020,North,Returning,18-24,Male,2023-12-10,5,3730.72,Facebook,2024-11-27,customer_csv,CUST_ROW_002631
M001,CUST002632,Bangalore,Electronic City,560100,South,New,25-34,Male,2023-12-17,2,882.19,Facebook,2024-10-30,customer_csv,CUST_ROW_002632
M001,CUST002633,Mumbai,Dadar,400014,West,High-Value,45-54,Male,2024-02-22,36,40680.3,Email,2024-04-28,customer_csv,CUST_ROW_002633
M001,CUST002634,Bangalore,Marathahalli,560037,South,New,25-34,Male,2024-02-14,2,1173.33,WhatsApp,2024-04-28,customer_csv,CUST_ROW_002634
M001,CUST002635,Bangalore,HSR Layout,560102,South,Returning,18-24,Male,2024-08-16,9,4334.45,Instagram,2024-04-27,customer_csv,CUST_ROW_002635
M001,CUST002636,Mumbai,Andheri,400053,West,Returning,25-34,Male,2023-08-01,11,12633.33,Instagram,2024-08-16,customer_csv,CUST_ROW_002636
M001,CUST002637,Bangalore,HSR Layout,560102,South,New,45-54,Male,2023-05-07,2,933.38,Instagram,2024-11-20,customer_csv,CUST_ROW_002637
M001,CUST002638,Delhi,Lajpat Nagar,110024,North,New,25-34,Female,2023-01-13,3,1297.11,Facebook,2024-10-30,customer_csv,CUST_ROW_002638
M001,CUST002639,Bangalore,Bellandur,560103,South,Returning,25-34,Female,2024-11-24,6,4692.09,Facebook,2024-12-03,customer_csv,CUST_ROW_002639
M001,CUST002640,Bangalore,Koramangala,560034,South,High-Value,35-44,Male,2024-01-14,55,72719.76,Email,2024-12-19,customer_csv,CUST_ROW_002640
M001,CUST002641,Bangalore,Jayanagar,560041,South,Returning,35-44,Female,2024-04-19,8,5984.49,Instagram,2024-04-15,customer_csv,CUST_ROW_002641
M001,CUST002642,Jaipur,Vaishali Nagar,302021,North,Returning,55+,Female,2024-06-18,19,13112.43,Instagram,2024-03-08,customer_csv,CUST_ROW_002642
M001,CUST002643,Bangalore,Hebbal,560024,South,New,35-44,Male,2024-09-09,4,2027.22,Facebook,2024-12-12,customer_csv,CUST_ROW_002643
M001,CUST002644,Hyderabad,Gachibowli,500032,South,New,25-34,Male,2023-04-07,3,1736.34,Email,2024-08-03,customer_csv,CUST_ROW_002644
M001,CUST002645,Chennai,T Nagar,600017,South,Returning,35-44,Male,2023-01-12,15,11230.94,Email,2024-11-28,customer_csv,CUST_ROW_002645
M001,CUST002646,Bangalore,MG Road,560001,South,Returning,18-24,Female,2023-08-17,12,9544.44,Facebook,2024-06-01,customer_csv,CUST_ROW_002646
M001,CUST002647,Kochi,Vyttila,682019,South,New,25-34,Male,2024-09-22,1,645.29,Instagram,2024-09-27,customer_csv,CUST_ROW_002647
M001,CUST002648,Bangalore,Marathahalli,560037,South,New,25-34,Male,2023-04-16,3,1128.7,WhatsApp,2024-05-03,customer_csv,CUST_ROW_002648
M001,CUST002649,Jaipur,Mansarovar,302020,North,New,35-44,Male,2024-09-02,3,1522.63,Google Ads,2024-05-27,customer_csv,CUST_ROW_002649
M001,CUST002650,Bangalore,Hebbal,560024,South,Returning,25-34,Female,2024-02-29,14,10477.37,WhatsApp,2024-07-07,customer_csv,CUST_ROW_002650
M001,CUST002651,Bangalore,Electronic City,560100,South,New,25-34,Male,2023-06-03,1,207.85,Instagram,2024-08-27,customer_csv,CUST_ROW_002651
M001,CUST002652,Ahmedabad,Vastrapur,380054,West,New,35-44,Male,2024-02-04,4,1209.78,WhatsApp,2024-04-05,customer_csv,CUST_ROW_002652
M001,CUST002653,Bangalore,Bellandur,560103,South,New,45-54,Female,2024-07-31,2,998.39,Instagram,2024-12-07,customer_csv,CUST_ROW_002653
M001,CUST002654,Bangalore,Indiranagar,560038,South,Returning,18-24,Male,2024-07-15,19,14148.03,WhatsApp,2024-01-12,customer_csv,CUST_ROW_002654
M001,CUST002655,Hyderabad,Gachibowli,500032,South,Returning,25-34,Female,2024-07-25,9,8384.21,Facebook,2024-11-10,customer_csv,CUST_ROW_002655
M001,CUST002656,Bangalore,Marathahalli,560037,South,New,55+,Female,2024-09-23,1,499.74,Facebook,2024-07-31,customer_csv,CUST_ROW_002656
M001,CUST002657,Bangalore,Bellandur,560103,South,Returning,25-34,Female,2023-04-21,3,1885.35,WhatsApp,2024-05-06,customer_csv,CUST_ROW_002657
M001,CUST002658,Ahmedabad,Vastrapur,380054,West,High-Value,35-44,Male,2024-05-20,37,72917.1,Google Ads,2024-10-03,customer_csv,CUST_ROW_002658
M001,CUST002659,Bangalore,Hebbal,560024,South,High-Value,35-44,Female,2024-12-29,51,52137.58,Google Ads,2024-01-16,customer_csv,CUST_ROW_002659
M001,CUST002660,Ahmedabad,Vastrapur,380054,West,New,55+,Female,2024-03-29,3,1710.23,Facebook,2024-10-30,customer_csv,CUST_ROW_002660
M001,CUST002661,Bangalore,Hebbal,560024,South,Returning,55+,Male,2023-09-28,14,6086.04,Email,2024-09-17,customer_csv,CUST_ROW_002661
M001,CUST002662,Bangalore,HSR Layout,560102,South,Returning,25-34,Female,2023-03-01,7,4142.56,Facebook,2024-10-19,customer_csv,CUST_ROW_002662
M001,CUST002663,Bangalore,MG Road,560001,South,New,25-34,Female,2024-10-17,2,665.22,Instagram,2024-04-28,customer_csv,CUST_ROW_002663
M001,CUST002664,Bangalore,Hebbal,560024,South,Returning,25-34,Other,2023-07-11,6,5692.94,Facebook,2024-04-30,customer_csv,CUST_ROW_002664
M001,CUST002665,Bangalore,Indiranagar,560038,South,New,25-34,Male,2023-11-14,4,2043.8,Instagram,2024-01-01,customer_csv,CUST_ROW_002665
M001,CUST002666,Mumbai,Bandra,400050,West,Returning,18-24,Male,2024-03-16,6,5553.95,Email,2024-08-06,customer_csv,CUST_ROW_002666
M001,CUST002667,Bangalore,Whitefield,560066,South,New,25-34,Other,2023-09-01,4,2197.51,Google Ads,2024-10-09,customer_csv,CUST_ROW_002667
M001,CUST002668,Kochi,Ernakulam,682011,South,Returning,45-54,Male,2023-11-06,6,3906.51,WhatsApp,2024-04-20,customer_csv,CUST_ROW_002668
M001,CUST002669,Bangalore,Whitefield,560066,South,High-Value,25-34,Female,2024-02-15,10,9707.09,Facebook,2024-06-09,customer_csv,CUST_ROW_002669
M001,CUST002670,Bangalore,Koramangala,560034,South,Returning,18-24,Female,2024-05-08,9,9286.69,Instagram,2024-01-16,customer_csv,CUST_ROW_002670
M001,CUST002671,Bangalore,Marathahalli,560037,South,High-Value,45-54,Male,2024-07-08,21,49330.58,Email,2024-07-16,customer_csv,CUST_ROW_002671
M001,CUST002672,Delhi,Karol Bagh,110005,North,New,25-34,Female,2023-07-14,4,2050.94,WhatsApp,2024-01-19,customer_csv,CUST_ROW_002672
M001,CUST002673,Chennai,T Nagar,600017,South,Returning,35-44,Female,2024-08-30,10,10666.51,WhatsApp,2024-09-29,customer_csv,CUST_ROW_002673
M001,CUST002674,Bangalore,Hebbal,560024,South,Returning,35-44,Male,2023-01-08,20,8183.49,Facebook,2024-03-16,customer_csv,CUST_ROW_002674
M001,CUST002675,Bangalore,HSR Layout,560102,South,Returning,35-44,Female,2024-07-25,14,5793.45,LinkedIn,2024-12-25,customer_csv,CUST_ROW_002675
M001,CUST002676,Bangalore,JP Nagar,560078,South,New,55+,Male,2023-05-24,1,581.2,Instagram,2024-06-29,customer_csv,CUST_ROW_002676
M001,CUST002677,Bangalore,Whitefield,560066,South,New,45-54,Female,2023-09-29,1,532.86,Google Ads,2024-04-19,customer_csv,CUST_ROW_002677
M001,CUST002678,Bangalore,MG Road,560001,South,New,45-54,Female,2024-06-18,3,1178.04,WhatsApp,2024-05-10,customer_csv,CUST_ROW_002678
M001,CUST002679,Bangalore,JP Nagar,560078,South,New,18-24,Female,2023-07-05,4,2377.99,WhatsApp,2024-01-17,customer_csv,CUST_ROW_002679
M001,CUST002680,Bangalore,Koramangala,560034,South,High-Value,25-34,Female,2023-03-17,64,85798.5,Email,2024-03-27,customer_csv,CUST_ROW_002680
M001,CUST002681,Bangalore,Hebbal,560024,South,Returning,35-44,Male,2023-03-25,6,5602.68,Instagram,2024-12-08,customer_csv,CUST_ROW_002681
M001,CUST002682,Hyderabad,Secunderabad,500003,South,High-Value,45-54,Male,2023-07-06,51,71767.27,Google Ads,2024-09-17,customer_csv,CUST_ROW_002682
M001,CUST002683,Pune,Koregaon Park,411001,West,Returning,18-24,Male,2023-10-19,13,11440.34,WhatsApp,2024-12-18,customer_csv,CUST_ROW_002683
M001,CUST002684,Bangalore,Yelahanka,560064,South,High-Value,35-44,Female,2024-08-19,59,110716.57,Email,2024-07-26,customer_csv,CUST_ROW_002684
M001,CUST002685,Mumbai,Dadar,400014,West,New,25-34,Male,2023-05-25,1,621.27,WhatsApp,2024-01-04,customer_csv,CUST_ROW_002685
M001,CUST002686,Bangalore,JP Nagar,560078,South,Returning,35-44,Female,2024-07-24,3,1807.61,WhatsApp,2024-07-27,customer_csv,CUST_ROW_002686
M001,CUST002687,Kochi,Ernakulam,682011,South,Returning,25-34,Male,2023-02-09,20,21452.48,Instagram,2024-10-15,customer_csv,CUST_ROW_002687
M001,CUST002688,Bangalore,Marathahalli,560037,South,Returning,25-34,Female,2023-01-12,13,13817.8,LinkedIn,2024-01-18,customer_csv,CUST_ROW_002688
M001,CUST002689,Bangalore,Whitefield,560066,South,Returning,25-34,Male,2024-03-18,20,11527.02,WhatsApp,2024-10-06,customer_csv,CUST_ROW_002689
M001,CUST002690,Chennai,Porur,600116,South,Returning,25-34,Male,2023-10-08,5,3220.2,WhatsApp,2024-12-02,customer_csv,CUST_ROW_002690
M001,CUST002691,Bangalore,Yelahanka,560064,South,New,45-54,Other,2024-03-29,4,1158.28,Email,2024-12-11,customer_csv,CUST_ROW_002691
M001,CUST002692,Kochi,Edapally,682024,South,Returning,35-44,Female,2024-09-06,14,7786.81,Instagram,2024-05-26,customer_csv,CUST_ROW_002692
M001,CUST002693,Bangalore,Hebbal,560024,South,High-Value,25-34,Female,2023-10-28,58,134167.51,WhatsApp,2024-01-08,customer_csv,CUST_ROW_002693
M001,CUST002694,Bangalore,MG Road,560001,South,New,25-34,Male,2024-02-02,1,260.48,Instagram,2024-03-11,customer_csv,CUST_ROW_002694
M001,CUST002695,Kochi,Vyttila,682019,South,Returning,35-44,Male,2024-06-18,7,4312.38,LinkedIn,2024-10-07,customer_csv,CUST_ROW_002695
M001,CUST002696,Bangalore,MG Road,560001,South,High-Value,35-44,Female,2023-02-17,25,36822.95,WhatsApp,2024-09-11,customer_csv,CUST_ROW_002696
M001,CUST002697,Kolkata,Park Street,700016,East,New,45-54,Female,2024-05-24,2,606.28,WhatsApp,2024-03-16,customer_csv,CUST_ROW_002697
M001,CUST002698,Bangalore,Marathahalli,560037,South,New,18-24,Male,2024-02-04,1,200.34,Instagram,2024-09-24,customer_csv,CUST_ROW_002698
M001,CUST002699,Kolkata,New Town,700156,East,New,18-24,Male,2024-01-06,1,369.74,Instagram,2024-11-16,customer_csv,CUST_ROW_002699
M001,CUST002700,Bangalore,Bellandur,560103,South,High-Value,25-34,Female,2023-07-12,25,41889.01,WhatsApp,2024-07-30,customer_csv,CUST_ROW_002700
M001,CUST002701,Bangalore,Yelahanka,560064,South,High-Value,25-34,Male,2023-06-02,41,43214.78,Email,2024-12-30,customer_csv,CUST_ROW_002701
M001,CUST002702,Bangalore,Yelahanka,560064,South,New,18-24,Female,2023-10-05,3,1933.66,Instagram,2024-02-25,customer_csv,CUST_ROW_002702
M001,CUST002703,Kolkata,Park Street,700016,East,New,18-24,Female,2024-05-12,2,665.24,Google Ads,2024-04-10,customer_csv,CUST_ROW_002703
M001,CUST002704,Jaipur,C Scheme,302001,North,Returning,25-34,Female,2023-11-08,4,4020.24,Instagram,2024-02-28,customer_csv,CUST_ROW_002704
M001,CUST002705,Bangalore,Hebbal,560024,South,New,18-24,Female,2024-08-02,1,451.12,WhatsApp,2024-01-22,customer_csv,CUST_ROW_002705
M001,CUST002706,Ahmedabad,Bopal,380058,West,High-Value,18-24,Male,2024-04-19,76,160588.51,LinkedIn,2024-08-10,customer_csv,CUST_ROW_002706
M001,CUST002707,Chennai,Anna Nagar,600040,South,Returning,25-34,Male,2023-12-22,7,5135.26,WhatsApp,2024-06-02,customer_csv,CUST_ROW_002707
M001,CUST002708,Bangalore,Hebbal,560024,South,New,35-44,Other,2024-10-03,2,714.57,Instagram,2024-04-05,customer_csv,CUST_ROW_002708
M001,CUST002709,Bangalore,Jayanagar,560041,South,New,18-24,Female,2024-06-23,2,953.54,Instagram,2024-05-07,customer_csv,CUST_ROW_002709
M001,CUST002710,Bangalore,Jayanagar,560041,South,New,35-44,Male,2024-04-28,2,407.12,Instagram,2024-07-22,customer_csv,CUST_ROW_002710
M001,CUST002711,Bangalore,JP Nagar,560078,South,High-Value,35-44,Female,2024-07-07,79,193453.39,WhatsApp,2024-12-27,customer_csv,CUST_ROW_002711
M001,CUST002712,Kochi,Vyttila,682019,South,New,35-44,Male,2024-04-28,3,911.41,WhatsApp,2024-04-20,customer_csv,CUST_ROW_002712
M001,CUST002713,Ahmedabad,Satellite,380015,West,New,18-24,Male,2024-12-27,2,796.13,Instagram,2024-12-01,customer_csv,CUST_ROW_002713
M001,CUST002714,Bangalore,Marathahalli,560037,South,Returning,45-54,Male,2023-09-27,10,4030.34,Email,2024-01-08,customer_csv,CUST_ROW_002714
M001,CUST002715,Delhi,Rohini,110085,North,High-Value,25-34,Female,2024-09-03,58,138233.44,WhatsApp,2024-08-24,customer_csv,CUST_ROW_002715
M001,CUST002716,Bangalore,HSR Layout,560102,South,New,25-34,Female,2024-05-05,1,605.39,WhatsApp,2024-07-04,customer_csv,CUST_ROW_002716
M001,CUST002717,Bangalore,HSR Layout,560102,South,High-Value,35-44,Female,2023-06-18,65,145041.03,Email,2024-02-17,customer_csv,CUST_ROW_002717
M001,CUST002718,Bangalore,Koramangala,560034,South,Returning,35-44,Male,2023-10-29,12,10557.65,Facebook,2024-12-30,customer_csv,CUST_ROW_002718
M001,CUST002719,Bangalore,Jayanagar,560041,South,High-Value,35-44,Female,2024-06-27,77,127912.41,Google Ads,2024-08-31,customer_csv,CUST_ROW_002719
M001,CUST002720,Bangalore,Koramangala,560034,South,High-Value,55+,Female,2023-05-14,24,34147.33,Email,2024-09-12,customer_csv,CUST_ROW_002720
M001,CUST002721,Bangalore,HSR Layout,560102,South,Returning,55+,Male,2023-05-11,18,20203.52,WhatsApp,2024-01-24,customer_csv,CUST_ROW_002721
M001,CUST002722,Hyderabad,Gachibowli,500032,South,New,18-24,Male,2024-09-08,3,996.06,Instagram,2024-08-12,customer_csv,CUST_ROW_002722
M001,CUST002723,Bangalore,Electronic City,560100,South,New,18-24,Male,2024-06-21,2,1197.56,Facebook,2024-06-07,customer_csv,CUST_ROW_002723
M001,CUST002724,Bangalore,Bellandur,560103,South,High-Value,18-24,Female,2023-08-15,61,88724.08,Google Ads,2024-06-29,customer_csv,CUST_ROW_002724
M001,CUST002725,Bangalore,Koramangala,560034,South,Returning,25-34,Other,2023-05-23,8,8670.77,Facebook,2024-03-20,customer_csv,CUST_ROW_002725
M001,CUST002726,Bangalore,Whitefield,560066,South,Returning,25-34,Male,2024-08-17,9,9782.77,Facebook,2024-10-02,customer_csv,CUST_ROW_002726
M001,CUST002727,Bangalore,Hebbal,560024,South,Returning,35-44,Male,2023-09-25,9,7910.62,Instagram,2024-01-06,customer_csv,CUST_ROW_002727
M001,CUST002728,Chennai,Porur,600116,South,High-Value,25-34,Male,2023-02-07,61,90371.95,Google Ads,2024-01-17,customer_csv,CUST_ROW_002728
M001,CUST002729,Kochi,Edapally,682024,South,High-Value,18-24,Male,2024-10-31,43,49428.19,WhatsApp,2024-05-21,customer_csv,CUST_ROW_002729
M001,CUST002730,Bangalore,Hebbal,560024,South,New,55+,Female,2024-03-19,3,747.12,Google Ads,2024-04-02,customer_csv,CUST_ROW_002730
M001,CUST002731,Bangalore,JP Nagar,560078,South,Returning,25-34,Female,2024-04-30,3,1936.63,WhatsApp,2024-04-25,customer_csv,CUST_ROW_002731
M001,CUST002732,Kolkata,New Town,700156,East,New,35-44,Female,2024-08-16,3,1988.57,WhatsApp,2024-10-09,customer_csv,CUST_ROW_002732
M001,CUST002733,Chennai,Porur,600116,South,High-Value,18-24,Female,2024-05-26,35,82823.07,Facebook,2024-07-28,customer_csv,CUST_ROW_002733
M001,CUST002734,Bangalore,Bellandur,560103,South,New,25-34,Male,2024-02-14,4,1655.34,Facebook,2024-09-06,customer_csv,CUST_ROW_002734
M001,CUST002735,Bangalore,HSR Layout,560102,South,New,25-34,Male,2023-11-13,1,442.76,Google Ads,2024-02-07,customer_csv,CUST_ROW_002735
M001,CUST002736,Bangalore,HSR Layout,560102,South,Returning,55+,Male,2024-07-14,20,20791.16,Instagram,2024-09-08,customer_csv,CUST_ROW_002736
M001,CUST002737,Hyderabad,Gachibowli,500032,South,Returning,18-24,Female,2024-02-20,6,4143.93,Instagram,2024-02-18,customer_csv,CUST_ROW_002737
M001,CUST002738,Bangalore,HSR Layout,560102,South,Returning,25-34,Female,2023-01-01,12,7517.36,WhatsApp,2024-07-30,customer_csv,CUST_ROW_002738
M001,CUST002739,Jaipur,Tonk Road,302018,North,New,18-24,Other,2024-09-10,1,243.52,LinkedIn,2024-09-25,customer_csv,CUST_ROW_002739
M001,CUST002740,Delhi,Dwarka,110075,North,Returning,45-54,Male,2024-04-16,3,1948.48,WhatsApp,2024-12-03,customer_csv,CUST_ROW_002740
M001,CUST002741,Bangalore,Indiranagar,560038,South,New,45-54,Male,2024-11-08,1,390.71,Facebook,2024-10-20,customer_csv,CUST_ROW_002741
M001,CUST002742,Bangalore,MG Road,560001,South,New,25-34,Other,2024-08-21,4,1036.34,Email,2024-04-09,customer_csv,CUST_ROW_002742
M001,CUST002743,Bangalore,JP Nagar,560078,South,New,35-44,Male,2024-06-05,4,1935.23,Facebook,2024-03-22,customer_csv,CUST_ROW_002743
M001,CUST002744,Chennai,Porur,600116,South,High-Value,18-24,Female,2024-10-23,56,79254.01,Email,2024-11-12,customer_csv,CUST_ROW_002744
M001,CUST002745,Bangalore,Electronic City,560100,South,Returning,18-24,Female,2023-11-12,6,6400.98,Facebook,2024-09-12,customer_csv,CUST_ROW_002745
M001,CUST002746,Bangalore,Whitefield,560066,South,Returning,45-54,Male,2024-08-23,16,12902.1,Facebook,2024-10-09,customer_csv,CUST_ROW_002746
M001,CUST002747,Kochi,Vyttila,682019,South,Returning,18-24,Female,2023-12-18,18,10086.72,Facebook,2024-07-12,customer_csv,CUST_ROW_002747
M001,CUST002748,Jaipur,Tonk Road,302018,North,New,18-24,Female,2023-07-19,4,1347.61,LinkedIn,2024-01-27,customer_csv,CUST_ROW_002748
M001,CUST002749,Bangalore,HSR Layout,560102,South,New,25-34,Female,2024-03-10,3,1491.79,Email,2024-05-15,customer_csv,CUST_ROW_002749
M001,CUST002750,Kochi,Vyttila,682019,South,Returning,25-34,Female,2024-08-20,11,12957.53,WhatsApp,2024-06-27,customer_csv,CUST_ROW_002750
M001,CUST002751,Bangalore,MG Road,560001,South,High-Value,18-24,Female,2023-09-16,50,95060.83,Email,2024-03-07,customer_csv,CUST_ROW_002751
M001,CUST002752,Bangalore,Jayanagar,560041,South,New,25-34,Female,2023-01-06,3,1618.84,WhatsApp,2024-11-08,customer_csv,CUST_ROW_002752
M001,CUST002753,Bangalore,HSR Layout,560102,South,Returning,18-24,Female,2023-08-31,17,17744.32,Facebook,2024-10-10,customer_csv,CUST_ROW_002753
M001,CUST002754,Mumbai,Powai,400076,West,Returning,25-34,Female,2023-07-23,20,13949.98,Facebook,2024-04-06,customer_csv,CUST_ROW_002754
M001,CUST002755,Bangalore,Yelahanka,560064,South,New,25-34,Male,2024-06-21,1,548.31,Instagram,2024-01-15,customer_csv,CUST_ROW_002755
M001,CUST002756,Bangalore,Electronic City,560100,South,New,55+,Female,2023-03-31,3,601.96,LinkedIn,2024-04-21,customer_csv,CUST_ROW_002756
M001,CUST002757,Bangalore,Bellandur,560103,South,New,18-24,Male,2023-05-25,4,1521.93,Instagram,2024-09-29,customer_csv,CUST_ROW_002757
M001,CUST002758,Bangalore,Yelahanka,560064,South,Returning,18-24,Male,2024-02-09,17,10623.4,Facebook,2024-12-20,customer_csv,CUST_ROW_002758
M001,CUST002759,Ahmedabad,Vastrapur,380054,West,Returning,18-24,Female,2023-05-20,18,10030.55,WhatsApp,2024-11-13,customer_csv,CUST_ROW_002759
M001,CUST002760,Bangalore,Indiranagar,560038,South,New,18-24,Male,2024-08-12,3,1827.24,Instagram,2024-02-15,customer_csv,CUST_ROW_002760
M001,CUST002761,Bangalore,MG Road,560001,South,Returning,18-24,Female,2023-04-23,13,6395.84,Instagram,2024-09-22,customer_csv,CUST_ROW_002761
M001,CUST002762,Bangalore,Electronic City,560100,South,Returning,25-34,Male,2023-07-21,10,10904.34,Instagram,2024-02-14,customer_csv,CUST_ROW_002762
M001,CUST002763,Bangalore,HSR Layout,560102,South,High-Value,25-34,Female,2023-10-04,70,118844.49,Facebook,2024-06-23,customer_csv,CUST_ROW_002763
M001,CUST002764,Bangalore,Jayanagar,560041,South,Returning,35-44,Female,2024-02-24,4,2194.33,Facebook,2024-07-25,customer_csv,CUST_ROW_002764
M001,CUST002765,Jaipur,Mansarovar,302020,North,Returning,25-34,Female,2024-10-13,20,18883.2,Instagram,2024-03-22,customer_csv,CUST_ROW_002765
M001,CUST002766,Bangalore,HSR Layout,560102,South,High-Value,25-34,Male,2023-08-12,24,24396.94,Email,2024-05-09,customer_csv,CUST_ROW_002766
M001,CUST002767,Bangalore,MG Road,560001,South,Returning,55+,Other,2023-04-15,9,10146.43,Instagram,2024-07-29,customer_csv,CUST_ROW_002767
M001,CUST002768,Jaipur,Malviya Nagar,302017,North,New,35-44,Female,2023-01-12,4,1957.56,WhatsApp,2024-11-17,customer_csv,CUST_ROW_002768
M001,CUST002769,Ahmedabad,Prahlad Nagar,380015,West,New,18-24,Male,2023-02-11,4,871.63,Facebook,2024-04-14,customer_csv,CUST_ROW_002769
M001,CUST002770,Kolkata,Dum Dum,700028,East,Returning,18-24,Other,2023-01-11,10,6034.44,Email,2024-06-28,customer_csv,CUST_ROW_002770
M001,CUST002771,Bangalore,JP Nagar,560078,South,High-Value,25-34,Male,2024-11-25,10,22755.6,Google Ads,2024-11-13,customer_csv,CUST_ROW_002771
M001,CUST002772,Bangalore,Whitefield,560066,South,Returning,25-34,Male,2024-04-07,20,21906.16,Facebook,2024-12-05,customer_csv,CUST_ROW_002772
M001,CUST002773,Kolkata,Salt Lake,700064,East,Returning,18-24,Female,2024-06-15,13,12959.57,Facebook,2024-05-16,customer_csv,CUST_ROW_002773
M001,CUST002774,Kolkata,Park Street,700016,East,Returning,35-44,Female,2024-08-24,9,3772.48,Google Ads,2024-11-16,customer_csv,CUST_ROW_002774
M001,CUST002775,Bangalore,MG Road,560001,South,High-Value,25-34,Female,2023-12-17,29,44069.95,Email,2024-01-28,customer_csv,CUST_ROW_002775
M001,CUST002776,Bangalore,Jayanagar,560041,South,New,35-44,Female,2023-05-14,4,1562.19,Instagram,2024-11-03,customer_csv,CUST_ROW_002776
M001,CUST002777,Pune,Hinjewadi,411057,West,New,55+,Male,2023-01-04,2,429.35,Facebook,2024-10-30,customer_csv,CUST_ROW_002777
M001,CUST002778,Bangalore,Jayanagar,560041,South,New,35-44,Male,2023-07-04,4,1216.96,Instagram,2024-03-01,customer_csv,CUST_ROW_002778
M001,CUST002779,Bangalore,MG Road,560001,South,Returning,18-24,Female,2023-12-01,3,1252.78,Instagram,2024-02-10,customer_csv,CUST_ROW_002779
M001,CUST002780,Kochi,Kakkanad,682030,South,Returning,35-44,Female,2024-01-29,19,9519.99,LinkedIn,2024-06-03,customer_csv,CUST_ROW_002780
M001,CUST002781,Bangalore,Indiranagar,560038,South,Returning,18-24,Male,2023-02-27,14,8930.0,Instagram,2024-08-17,customer_csv,CUST_ROW_002781
M001,CUST002782,Bangalore,Hebbal,560024,South,New,35-44,Female,2024-04-02,2,986.91,Facebook,2024-03-17,customer_csv,CUST_ROW_002782
M001,CUST002783,Bangalore,Bellandur,560103,South,New,35-44,Male,2023-04-18,3,1887.03,Facebook,2024-09-05,customer_csv,CUST_ROW_002783
M001,CUST002784,Bangalore,MG Road,560001,South,New,25-34,Male,2023-10-09,2,986.88,LinkedIn,2024-02-20,customer_csv,CUST_ROW_002784
M001,CUST002785,Bangalore,Whitefield,560066,South,High-Value,25-34,Female,2024-03-04,77,164152.62,Email,2024-02-10,customer_csv,CUST_ROW_002785
M001,CUST002786,Bangalore,Jayanagar,560041,South,Returning,18-24,Female,2023-05-07,16,15717.51,Email,2024-11-13,customer_csv,CUST_ROW_002786
M001,CUST002787,Bangalore,Marathahalli,560037,South,New,25-34,Male,2024-11-22,3,622.34,WhatsApp,2024-05-30,customer_csv,CUST_ROW_002787
M001,CUST002788,Bangalore,Marathahalli,560037,South,Returning,18-24,Female,2023-11-30,3,2425.01,Instagram,2024-05-10,customer_csv,CUST_ROW_002788
M001,CUST002789,Bangalore,Bellandur,560103,South,New,18-24,Male,2024-03-30,4,1991.32,Instagram,2024-06-29,customer_csv,CUST_ROW_002789
M001,CUST002790,Bangalore,HSR Layout,560102,South,New,25-34,Female,2023-03-05,2,1064.05,Facebook,2024-06-17,customer_csv,CUST_ROW_002790
M001,CUST002791,Bangalore,Electronic City,560100,South,Returning,45-54,Male,2024-08-11,8,5567.6,Email,2024-03-01,customer_csv,CUST_ROW_002791
M001,CUST002792,Bangalore,Hebbal,560024,South,Returning,45-54,Female,2023-09-12,18,15784.35,WhatsApp,2024-01-09,customer_csv,CUST_ROW_002792
M001,CUST002793,Bangalore,Bellandur,560103,South,New,25-34,Male,2023-10-19,3,1453.79,WhatsApp,2024-08-24,customer_csv,CUST_ROW_002793
M001,CUST002794,Delhi,Dwarka,110075,North,Returning,18-24,Female,2024-03-07,18,8890.75,Facebook,2024-10-27,customer_csv,CUST_ROW_002794
M001,CUST002795,Bangalore,Koramangala,560034,South,High-Value,35-44,Male,2023-09-27,12,17262.32,Instagram,2024-03-20,customer_csv,CUST_ROW_002795
M001,CUST002796,Pune,Kothrud,411038,West,New,25-34,Male,2023-03-06,3,1825.55,Google Ads,2024-12-21,customer_csv,CUST_ROW_002796
M001,CUST002797,Bangalore,Marathahalli,560037,South,New,45-54,Female,2023-02-20,1,369.49,Google Ads,2024-06-21,customer_csv,CUST_ROW_002797
M001,CUST002798,Bangalore,Marathahalli,560037,South,New,25-34,Male,2024-01-08,4,2402.84,Google Ads,2024-08-05,customer_csv,CUST_ROW_002798
M001,CUST002799,Hyderabad,Gachibowli,500032,South,New,55+,Female,2024-12-17,4,1629.52,Instagram,2024-11-09,customer_csv,CUST_ROW_002799
M001,CUST002800,Bangalore,Koramangala,560034,South,New,35-44,Female,2023-01-31,4,2318.26,Instagram,2024-04-12,customer_csv,CUST_ROW_002800
M001,CUST002801,Bangalore,Indiranagar,560038,South,New,25-34,Female,2023-11-25,2,493.49,WhatsApp,2024-08-21,customer_csv,CUST_ROW_002801
M001,CUST002802,Bangalore,HSR Layout,560102,South,New,25-34,Male,2024-09-22,2,1270.34,WhatsApp,2024-08-03,customer_csv,CUST_ROW_002802
M001,CUST002803,Bangalore,Yelahanka,560064,South,High-Value,45-54,Other,2024-07-13,54,102523.89,Instagram,2024-02-15,customer_csv,CUST_ROW_002803
M001,CUST002804,Bangalore,Jayanagar,560041,South,Returning,25-34,Female,2023-04-06,6,4173.24,Instagram,2024-01-23,customer_csv,CUST_ROW_002804
M001,CUST002805,Bangalore,Marathahalli,560037,South,New,25-34,Male,2024-11-25,2,1107.61,Google Ads,2024-08-09,customer_csv,CUST_ROW_002805
M001,CUST002806,Bangalore,Yelahanka,560064,South,New,45-54,Female,2023-08-30,4,1837.52,Google Ads,2024-02-02,customer_csv,CUST_ROW_002806
M001,CUST002807,Bangalore,Yelahanka,560064,South,New,18-24,Other,2024-04-05,1,576.35,Facebook,2024-08-19,customer_csv,CUST_ROW_002807
M001,CUST002808,Bangalore,HSR Layout,560102,South,Returning,18-24,Female,2023-05-19,3,2504.83,Instagram,2024-12-24,customer_csv,CUST_ROW_002808
M001,CUST002809,Bangalore,Marathahalli,560037,South,New,35-44,Male,2024-05-07,3,823.35,Email,2024-06-06,customer_csv,CUST_ROW_002809
M001,CUST002810,Bangalore,Koramangala,560034,South,New,25-34,Male,2024-12-01,2,1161.63,Facebook,2024-08-10,customer_csv,CUST_ROW_002810
M001,CUST002811,Bangalore,Electronic City,560100,South,Returning,35-44,Female,2024-11-30,20,15589.94,Email,2024-06-03,customer_csv,CUST_ROW_002811
M001,CUST002812,Bangalore,Yelahanka,560064,South,New,25-34,Male,2023-04-01,3,1998.4,Instagram,2024-11-08,customer_csv,CUST_ROW_002812
M001,CUST002813,Bangalore,Yelahanka,560064,South,Returning,25-34,Male,2023-12-01,13,13604.1,Facebook,2024-11-30,customer_csv,CUST_ROW_002813
M001,CUST002814,Bangalore,Yelahanka,560064,South,New,45-54,Female,2024-08-20,1,623.45,Google Ads,2024-07-11,customer_csv,CUST_ROW_002814
M001,CUST002815,Bangalore,Yelahanka,560064,South,New,25-34,Other,2024-06-15,1,679.37,Instagram,2024-10-02,customer_csv,CUST_ROW_002815
M001,CUST002816,Bangalore,Whitefield,560066,South,Returning,35-44,Male,2024-10-27,7,4291.22,WhatsApp,2024-03-11,customer_csv,CUST_ROW_002816
M001,CUST002817,Bangalore,Koramangala,560034,South,New,18-24,Female,2024-07-25,3,679.85,Instagram,2024-12-30,customer_csv,CUST_ROW_002817
M001,CUST002818,Bangalore,Hebbal,560024,South,Returning,45-54,Female,2024-06-17,13,10356.03,Instagram,2024-05-15,customer_csv,CUST_ROW_002818
M001,CUST002819,Chennai,Porur,600116,South,New,35-44,Female,2024-11-22,4,2125.18,WhatsApp,2024-12-07,customer_csv,CUST_ROW_002819
M001,CUST002820,Chennai,Velachery,600042,South,Returning,25-34,Male,2023-12-28,13,5897.88,WhatsApp,2024-07-21,customer_csv,CUST_ROW_002820
M001,CUST002821,Bangalore,Electronic City,560100,South,Returning,18-24,Male,2024-09-08,11,6290.55,Facebook,2024-04-24,customer_csv,CUST_ROW_002821
M001,CUST002822,Bangalore,Koramangala,560034,South,New,18-24,Other,2023-12-30,2,1282.81,WhatsApp,2024-03-31,customer_csv,CUST_ROW_002822
M001,CUST002823,Bangalore,Marathahalli,560037,South,New,55+,Female,2024-03-29,3,1283.87,Instagram,2024-07-07,customer_csv,CUST_ROW_002823
M001,CUST002824,Bangalore,HSR Layout,560102,South,New,25-34,Male,2024-06-24,3,1606.0,WhatsApp,2024-06-23,customer_csv,CUST_ROW_002824
M001,CUST002825,Bangalore,MG Road,560001,South,New,18-24,Female,2024-07-14,3,674.49,Instagram,2024-05-14,customer_csv,CUST_ROW_002825
M001,CUST002826,Pune,Hinjewadi,411057,West,Returning,25-34,Female,2024-03-09,16,15490.78,Instagram,2024-09-07,customer_csv,CUST_ROW_002826
M001,CUST002827,Mumbai,Dadar,400014,West,New,18-24,Male,2024-02-16,1,660.05,WhatsApp,2024-09-15,customer_csv,CUST_ROW_002827
M001,CUST002828,Bangalore,Indiranagar,560038,South,Returning,25-34,Male,2023-06-04,7,6177.58,Facebook,2024-06-27,customer_csv,CUST_ROW_002828
M001,CUST002829,Bangalore,MG Road,560001,South,Returning,45-54,Female,2024-02-21,14,12523.11,Instagram,2024-03-08,customer_csv,CUST_ROW_002829
M001,CUST002830,Bangalore,Bellandur,560103,South,New,25-34,Male,2023-04-26,3,923.35,Google Ads,2024-09-14,customer_csv,CUST_ROW_002830
M001,CUST002831,Mumbai,Dadar,400014,West,High-Value,18-24,Female,2024-01-11,25,29385.07,WhatsApp,2024-01-06,customer_csv,CUST_ROW_002831
M001,CUST002832,Bangalore,Whitefield,560066,South,High-Value,55+,Male,2024-07-16,68,87635.08,Google Ads,2024-04-12,customer_csv,CUST_ROW_002832
M001,CUST002833,Delhi,Rohini,110085,North,High-Value,18-24,Female,2023-02-14,46,56023.84,Email,2024-08-15,customer_csv,CUST_ROW_002833
M001,CUST002834,Bangalore,Indiranagar,560038,South,New,25-34,Male,2023-02-14,2,621.66,Facebook,2024-07-30,customer_csv,CUST_ROW_002834
M001,CUST002835,Chennai,Porur,600116,South,New,35-44,Male,2023-11-30,3,1107.56,Facebook,2024-03-12,customer_csv,CUST_ROW_002835
M001,CUST002836,Hyderabad,Jubilee Hills,500033,South,Returning,25-34,Male,2024-04-10,13,6372.44,Instagram,2024-07-01,customer_csv,CUST_ROW_002836
M001,CUST002837,Ahmedabad,Satellite,380015,West,Returning,25-34,Male,2024-04-18,5,5090.41,Google Ads,2024-02-12,customer_csv,CUST_ROW_002837
M001,CUST002838,Delhi,Dwarka,110075,North,Returning,35-44,Male,2023-07-04,10,6919.8,WhatsApp,2024-10-21,customer_csv,CUST_ROW_002838
M001,CUST002839,Hyderabad,Banjara Hills,500034,South,Returning,25-34,Female,2024-08-19,13,15270.5,Email,2024-08-02,customer_csv,CUST_ROW_002839
M001,CUST002840,Bangalore,Koramangala,560034,South,High-Value,25-34,Male,2023-04-21,77,91340.76,Instagram,2024-03-31,customer_csv,CUST_ROW_002840
M001,CUST002841,Bangalore,Marathahalli,560037,South,Returning,25-34,Male,2024-12-01,13,12887.84,WhatsApp,2024-03-14,customer_csv,CUST_ROW_002841
M001,CUST002842,Kolkata,Park Street,700016,East,High-Value,35-44,Male,2024-12-28,49,84546.28,Instagram,2024-06-10,customer_csv,CUST_ROW_002842
M001,CUST002843,Bangalore,Yelahanka,560064,South,New,18-24,Female,2023-09-11,2,1380.52,Instagram,2024-05-01,customer_csv,CUST_ROW_002843
M001,CUST002844,Bangalore,Electronic City,560100,South,Returning,25-34,Male,2024-04-21,4,1609.27,Email,2024-05-24,customer_csv,CUST_ROW_002844
M001,CUST002845,Bangalore,Marathahalli,560037,South,New,45-54,Male,2024-10-24,2,495.89,Facebook,2024-05-18,customer_csv,CUST_ROW_002845
M001,CUST002846,Bangalore,Indiranagar,560038,South,High-Value,25-34,Female,2024-09-29,31,53879.83,Email,2024-04-24,customer_csv,CUST_ROW_002846
M001,CUST002847,Jaipur,Malviya Nagar,302017,North,Returning,35-44,Female,2024-01-25,19,9248.3,Facebook,2024-08-15,customer_csv,CUST_ROW_002847
M001,CUST002848,Bangalore,Jayanagar,560041,South,Returning,25-34,Female,2024-12-06,10,4244.21,WhatsApp,2024-01-30,customer_csv,CUST_ROW_002848
M001,CUST002849,Chennai,Porur,600116,South,New,25-34,Female,2023-07-13,2,1117.47,Instagram,2024-10-28,customer_csv,CUST_ROW_002849
M001,CUST002850,Bangalore,JP Nagar,560078,South,New,25-34,Female,2024-12-31,3,1684.02,Instagram,2024-06-28,customer_csv,CUST_ROW_002850
M001,CUST002851,Kolkata,Ballygunge,700019,East,High-Value,55+,Male,2023-07-27,57,90860.5,Email,2024-07-14,customer_csv,CUST_ROW_002851
M001,CUST002852,Mumbai,Thane,400601,West,New,18-24,Male,2024-07-04,3,1238.07,WhatsApp,2024-04-03,customer_csv,CUST_ROW_002852
M001,CUST002853,Bangalore,Yelahanka,560064,South,Returning,18-24,Male,2023-05-12,15,15451.63,Email,2024-02-03,customer_csv,CUST_ROW_002853
M001,CUST002854,Bangalore,JP Nagar,560078,South,Returning,45-54,Female,2023-01-28,10,7488.04,Instagram,2024-11-28,customer_csv,CUST_ROW_002854
M001,CUST002855,Bangalore,Marathahalli,560037,South,High-Value,18-24,Female,2024-10-31,69,60942.85,Google Ads,2024-03-10,customer_csv,CUST_ROW_002855
M001,CUST002856,Bangalore,JP Nagar,560078,South,Returning,25-34,Male,2024-11-15,19,14619.85,Email,2024-09-10,customer_csv,CUST_ROW_002856
M001,CUST002857,Delhi,Rohini,110085,North,Returning,25-34,Female,2024-06-02,7,7733.27,Instagram,2024-10-15,customer_csv,CUST_ROW_002857
M001,CUST002858,Bangalore,MG Road,560001,South,Returning,35-44,Female,2023-11-10,16,6760.59,Facebook,2024-04-13,customer_csv,CUST_ROW_002858
M001,CUST002859,Bangalore,Yelahanka,560064,South,New,35-44,Female,2023-04-25,2,549.3,Instagram,2024-03-02,customer_csv,CUST_ROW_002859
M001,CUST002860,Chennai,Velachery,600042,South,New,45-54,Female,2024-11-09,4,2394.16,WhatsApp,2024-12-09,customer_csv,CUST_ROW_002860
M001,CUST002861,Bangalore,Jayanagar,560041,South,New,25-34,Male,2024-04-23,3,1918.92,WhatsApp,2024-08-01,customer_csv,CUST_ROW_002861
M001,CUST002862,Bangalore,HSR Layout,560102,South,New,18-24,Male,2023-04-26,4,2253.88,Instagram,2024-08-18,customer_csv,CUST_ROW_002862
M001,CUST002863,Kolkata,Dum Dum,700028,East,Returning,18-24,Female,2024-09-20,13,12007.9,Facebook,2024-10-01,customer_csv,CUST_ROW_002863
M001,CUST002864,Bangalore,JP Nagar,560078,South,Returning,25-34,Female,2023-07-01,14,7219.47,Instagram,2024-02-11,customer_csv,CUST_ROW_002864
M001,CUST002865,Bangalore,Koramangala,560034,South,Returning,45-54,Male,2024-08-14,6,3113.78,Email,2024-02-27,customer_csv,CUST_ROW_002865
M001,CUST002866,Bangalore,Yelahanka,560064,South,Returning,25-34,Male,2024-01-14,10,9425.95,Instagram,2024-02-09,customer_csv,CUST_ROW_002866
M001,CUST002867,Bangalore,Hebbal,560024,South,Returning,18-24,Male,2024-02-07,19,9615.59,WhatsApp,2024-09-01,customer_csv,CUST_ROW_002867
M001,CUST002868,Bangalore,HSR Layout,560102,South,New,25-34,Male,2023-06-25,1,267.88,WhatsApp,2024-10-08,customer_csv,CUST_ROW_002868
M001,CUST002869,Kolkata,Dum Dum,700028,East,Returning,18-24,Female,2024-02-17,9,5690.76,Facebook,2024-08-19,customer_csv,CUST_ROW_002869
M001,CUST002870,Bangalore,Whitefield,560066,South,High-Value,18-24,Male,2024-03-27,68,113434.98,WhatsApp,2024-01-05,customer_csv,CUST_ROW_002870
M001,CUST002871,Kolkata,Dum Dum,700028,East,New,35-44,Female,2023-11-20,3,2048.15,WhatsApp,2024-09-10,customer_csv,CUST_ROW_002871
M001,CUST002872,Delhi,Dwarka,110075,North,New,18-24,Male,2023-11-05,2,701.81,Instagram,2024-06-28,customer_csv,CUST_ROW_002872
M001,CUST002873,Bangalore,Bellandur,560103,South,New,35-44,Female,2023-02-02,2,1299.93,Facebook,2024-01-26,customer_csv,CUST_ROW_002873
M001,CUST002874,Bangalore,Hebbal,560024,South,New,35-44,Male,2024-12-19,3,1276.06,Instagram,2024-08-01,customer_csv,CUST_ROW_002874
M001,CUST002875,Bangalore,Yelahanka,560064,South,New,18-24,Male,2024-07-02,4,2579.82,WhatsApp,2024-01-03,customer_csv,CUST_ROW_002875
M001,CUST002876,Kochi,Edapally,682024,South,New,25-34,Female,2023-08-22,3,999.03,Instagram,2024-02-04,customer_csv,CUST_ROW_002876
M001,CUST002877,Bangalore,Whitefield,560066,South,High-Value,35-44,Female,2023-09-24,34,47361.09,Google Ads,2024-03-17,customer_csv,CUST_ROW_002877
M001,CUST002878,Bangalore,Koramangala,560034,South,New,25-34,Male,2024-07-12,4,2022.59,Google Ads,2024-11-24,customer_csv,CUST_ROW_002878
M001,CUST002879,Bangalore,Whitefield,560066,South,Returning,45-54,Female,2024-01-14,17,20007.38,Facebook,2024-09-27,customer_csv,CUST_ROW_002879
M001,CUST002880,Bangalore,Hebbal,560024,South,High-Value,18-24,Male,2024-05-26,14,31551.17,WhatsApp,2024-07-08,customer_csv,CUST_ROW_002880
M001,CUST002881,Bangalore,MG Road,560001,South,New,55+,Male,2024-12-04,2,784.35,Instagram,2024-06-20,customer_csv,CUST_ROW_002881
M001,CUST002882,Kolkata,Dum Dum,700028,East,High-Value,18-24,Male,2023-05-07,39,53853.56,WhatsApp,2024-07-18,customer_csv,CUST_ROW_002882
M001,CUST002883,Bangalore,Bellandur,560103,South,New,35-44,Female,2023-01-05,4,2473.07,Instagram,2024-08-15,customer_csv,CUST_ROW_002883
M001,CUST002884,Bangalore,Marathahalli,560037,South,New,25-34,Female,2024-10-01,3,1849.8,Instagram,2024-12-16,customer_csv,CUST_ROW_002884
M001,CUST002885,Bangalore,MG Road,560001,South,New,18-24,Female,2024-08-07,1,225.74,Facebook,2024-07-02,customer_csv,CUST_ROW_002885
M001,CUST002886,Bangalore,HSR Layout,560102,South,New,18-24,Female,2023-03-29,2,400.46,Instagram,2024-05-29,customer_csv,CUST_ROW_002886
M001,CUST002887,Bangalore,Electronic City,560100,South,New,18-24,Female,2024-09-13,3,1254.18,WhatsApp,2024-02-13,customer_csv,CUST_ROW_002887
M001,CUST002888,Bangalore,Jayanagar,560041,South,New,18-24,Female,2024-03-21,4,1519.31,Email,2024-03-12,customer_csv,CUST_ROW_002888
M001,CUST002889,Bangalore,Yelahanka,560064,South,High-Value,18-24,Female,2024-12-14,50,86913.65,WhatsApp,2024-11-09,customer_csv,CUST_ROW_002889
M001,CUST002890,Bangalore,Jayanagar,560041,South,Returning,25-34,Female,2024-12-21,13,7047.86,Email,2024-10-30,customer_csv,CUST_ROW_002890
M001,CUST002891,Bangalore,Indiranagar,560038,South,High-Value,45-54,Female,2023-04-16,46,49314.53,Email,2024-11-07,customer_csv,CUST_ROW_002891
M001,CUST002892,Bangalore,Indiranagar,560038,South,New,18-24,Female,2023-08-10,3,1640.05,Instagram,2024-10-22,customer_csv,CUST_ROW_002892
M001,CUST002893,Bangalore,Yelahanka,560064,South,New,45-54,Male,2023-06-07,1,652.88,Email,2024-12-29,customer_csv,CUST_ROW_002893
M001,CUST002894,Bangalore,Electronic City,560100,South,New,18-24,Male,2024-06-02,3,1652.76,Facebook,2024-09-14,customer_csv,CUST_ROW_002894
M001,CUST002895,Bangalore,Hebbal,560024,South,New,25-34,Male,2023-03-17,2,863.35,Google Ads,2024-11-03,customer_csv,CUST_ROW_002895
M001,CUST002896,Bangalore,MG Road,560001,South,New,45-54,Male,2024-09-13,1,656.57,Instagram,2024-05-19,customer_csv,CUST_ROW_002896
M001,CUST002897,Delhi,Rohini,110085,North,New,18-24,Male,2024-11-01,1,646.22,Instagram,2024-02-01,customer_csv,CUST_ROW_002897
M001,CUST002898,Bangalore,Whitefield,560066,South,New,25-34,Female,2024-06-30,2,1287.21,Instagram,2024-04-03,customer_csv,CUST_ROW_002898
M001,CUST002899,Bangalore,Bellandur,560103,South,High-Value,35-44,Male,2023-09-15,60,65763.85,WhatsApp,2024-02-11,customer_csv,CUST_ROW_002899
M001,CUST002900,Bangalore,Whitefield,560066,South,New,18-24,Male,2023-09-17,2,641.74,Facebook,2024-01-21,customer_csv,CUST_ROW_002900
M001,CUST002901,Jaipur,C Scheme,302001,North,New,35-44,Female,2023-07-22,4,2079.58,Google Ads,2024-08-06,customer_csv,CUST_ROW_002901
M001,CUST002902,Jaipur,Mansarovar,302020,North,New,25-34,Female,2024-05-26,4,2526.52,Instagram,2024-08-17,customer_csv,CUST_ROW_002902
M001,CUST002903,Pune,Viman Nagar,411014,West,High-Value,18-24,Male,2023-08-12,14,32202.78,WhatsApp,2024-02-07,customer_csv,CUST_ROW_002903
M001,CUST002904,Bangalore,MG Road,560001,South,High-Value,35-44,Female,2024-05-19,28,35902.09,Email,2024-03-11,customer_csv,CUST_ROW_002904
M001,CUST002905,Bangalore,Whitefield,560066,South,Returning,18-24,Male,2024-11-13,20,17481.77,Instagram,2024-04-01,customer_csv,CUST_ROW_002905
M001,CUST002906,Bangalore,JP Nagar,560078,South,Returning,55+,Female,2023-08-28,20,13105.0,Instagram,2024-10-11,customer_csv,CUST_ROW_002906
M001,CUST002907,Kochi,Kakkanad,682030,South,Returning,25-34,Male,2024-01-26,9,10585.77,WhatsApp,2024-08-23,customer_csv,CUST_ROW_002907
M001,CUST002908,Bangalore,JP Nagar,560078,South,Returning,25-34,Other,2023-02-10,11,5989.68,Email,2024-06-29,customer_csv,CUST_ROW_002908
M001,CUST002909,Jaipur,Vaishali Nagar,302021,North,New,25-34,Male,2023-08-29,1,610.31,WhatsApp,2024-12-15,customer_csv,CUST_ROW_002909
M001,CUST002910,Bangalore,Whitefield,560066,South,Returning,35-44,Male,2023-11-16,17,16590.84,Facebook,2024-08-28,customer_csv,CUST_ROW_002910
M001,CUST002911,Mumbai,Powai,400076,West,Returning,18-24,Female,2023-11-01,12,11122.78,WhatsApp,2024-07-23,customer_csv,CUST_ROW_002911
M001,CUST002912,Bangalore,Jayanagar,560041,South,Returning,25-34,Female,2024-02-29,7,7104.7,Instagram,2024-01-06,customer_csv,CUST_ROW_002912
M001,CUST002913,Chennai,T Nagar,600017,South,Returning,35-44,Female,2024-01-03,11,10984.62,Instagram,2024-07-08,customer_csv,CUST_ROW_002913
M001,CUST002914,Bangalore,Jayanagar,560041,South,New,35-44,Female,2024-12-25,1,571.25,Facebook,2024-06-28,customer_csv,CUST_ROW_002914
M001,CUST002915,Bangalore,Yelahanka,560064,South,Returning,35-44,Male,2024-12-21,6,2524.37,Facebook,2024-06-07,customer_csv,CUST_ROW_002915
M001,CUST002916,Bangalore,MG Road,560001,South,New,45-54,Female,2023-08-23,4,2312.62,WhatsApp,2024-01-06,customer_csv,CUST_ROW_002916
M001,CUST002917,Chennai,T Nagar,600017,South,New,25-34,Female,2023-05-26,2,637.26,Instagram,2024-12-25,customer_csv,CUST_ROW_002917
M001,CUST002918,Bangalore,Hebbal,560024,South,Returning,25-34,Other,2023-02-10,9,9961.34,Email,2024-03-29,customer_csv,CUST_ROW_002918
M001,CUST002919,Bangalore,Hebbal,560024,South,New,25-34,Male,2024-06-22,2,753.3,LinkedIn,2024-12-11,customer_csv,CUST_ROW_002919
M001,CUST002920,Bangalore,MG Road,560001,South,High-Value,25-34,Male,2023-05-03,19,44372.0,WhatsApp,2024-06-11,customer_csv,CUST_ROW_002920
M001,CUST002921,Ahmedabad,Bopal,380058,West,Returning,25-34,Female,2023-03-14,5,3223.25,Email,2024-04-15,customer_csv,CUST_ROW_002921
M001,CUST002922,Bangalore,Indiranagar,560038,South,High-Value,55+,Female,2023-06-15,40,35661.0,WhatsApp,2024-06-20,customer_csv,CUST_ROW_002922
M001,CUST002923,Kolkata,Park Street,700016,East,New,35-44,Female,2024-06-05,1,321.73,Facebook,2024-10-07,customer_csv,CUST_ROW_002923
M001,CUST002924,Delhi,Connaught Place,110001,North,High-Value,18-24,Female,2023-11-08,19,38017.43,Instagram,2024-02-14,customer_csv,CUST_ROW_002924
M001,CUST002925,Bangalore,Whitefield,560066,South,Returning,55+,Male,2024-10-11,20,15529.31,Facebook,2024-11-19,customer_csv,CUST_ROW_002925
M001,CUST002926,Bangalore,Indiranagar,560038,South,New,25-34,Female,2023-01-12,2,1064.74,Google Ads,2024-05-23,customer_csv,CUST_ROW_002926
M001,CUST002927,Bangalore,Marathahalli,560037,South,Returning,18-24,Female,2023-11-11,12,6045.21,Instagram,2024-07-03,customer_csv,CUST_ROW_002927
M001,CUST002928,Bangalore,Koramangala,560034,South,High-Value,18-24,Male,2023-03-09,11,20562.42,Instagram,2024-03-03,customer_csv,CUST_ROW_002928
M001,CUST002929,Bangalore,Jayanagar,560041,South,New,35-44,Female,2023-05-17,1,560.38,WhatsApp,2024-03-16,customer_csv,CUST_ROW_002929
M001,CUST002930,Pune,Hinjewadi,411057,West,Returning,25-34,Female,2024-12-10,17,8574.49,Instagram,2024-07-12,customer_csv,CUST_ROW_002930
M001,CUST002931,Delhi,Karol Bagh,110005,North,High-Value,25-34,Female,2024-08-19,80,131567.13,Email,2024-08-20,customer_csv,CUST_ROW_002931
M001,CUST002932,Bangalore,Electronic City,560100,South,Returning,45-54,Female,2023-08-11,19,14901.82,WhatsApp,2024-03-06,customer_csv,CUST_ROW_002932
M001,CUST002933,Kochi,Ernakulam,682011,South,Returning,25-34,Female,2024-10-20,8,3467.01,Facebook,2024-04-25,customer_csv,CUST_ROW_002933
M001,CUST002934,Bangalore,Jayanagar,560041,South,New,18-24,Male,2024-05-28,4,2658.79,Email,2024-02-13,customer_csv,CUST_ROW_002934
M001,CUST002935,Bangalore,Electronic City,560100,South,High-Value,18-24,Male,2024-07-22,13,21419.75,Google Ads,2024-12-02,customer_csv,CUST_ROW_002935
M001,CUST002936,Bangalore,Marathahalli,560037,South,Returning,18-24,Female,2023-04-20,14,15415.38,Email,2024-09-18,customer_csv,CUST_ROW_002936
M001,CUST002937,Bangalore,HSR Layout,560102,South,High-Value,18-24,Other,2024-10-14,51,61471.53,WhatsApp,2024-03-12,customer_csv,CUST_ROW_002937
M001,CUST002938,Bangalore,Marathahalli,560037,South,High-Value,25-34,Female,2024-08-20,33,51536.07,Email,2024-06-10,customer_csv,CUST_ROW_002938
M001,CUST002939,Bangalore,JP Nagar,560078,South,New,25-34,Male,2024-04-12,1,270.14,Instagram,2024-08-27,customer_csv,CUST_ROW_002939
M001,CUST002940,Delhi,Rohini,110085,North,New,25-34,Male,2023-02-26,3,1138.56,Facebook,2024-06-21,customer_csv,CUST_ROW_002940
M001,CUST002941,Chennai,Anna Nagar,600040,South,New,35-44,Male,2024-06-12,4,1712.07,WhatsApp,2024-09-14,customer_csv,CUST_ROW_002941
M001,CUST002942,Kochi,Fort Kochi,682001,South,High-Value,18-24,Female,2023-05-19,23,48205.38,Instagram,2024-01-20,customer_csv,CUST_ROW_002942
M001,CUST002943,Bangalore,Whitefield,560066,South,Returning,18-24,Male,2024-09-25,12,9547.1,Google Ads,2024-03-04,customer_csv,CUST_ROW_002943
M001,CUST002944,Kolkata,Dum Dum,700028,East,New,25-34,Female,2024-07-04,1,646.25,Instagram,2024-01-12,customer_csv,CUST_ROW_002944
M001,CUST002945,Kolkata,New Town,700156,East,Returning,25-34,Female,2023-09-21,11,5710.63,Facebook,2024-05-29,customer_csv,CUST_ROW_002945
M001,CUST002946,Bangalore,Electronic City,560100,South,New,18-24,Female,2024-04-26,1,257.49,Instagram,2024-03-01,customer_csv,CUST_ROW_002946
M001,CUST002947,Bangalore,Electronic City,560100,South,Returning,18-24,Male,2024-04-19,4,3817.4,WhatsApp,2024-04-24,customer_csv,CUST_ROW_002947
M001,CUST002948,Mumbai,Powai,400076,West,New,25-34,Male,2024-03-09,4,2114.54,Instagram,2024-12-13,customer_csv,CUST_ROW_002948
M001,CUST002949,Bangalore,HSR Layout,560102,South,Returning,18-24,Female,2023-08-22,19,22535.71,Email,2024-08-14,customer_csv,CUST_ROW_002949
M001,CUST002950,Bangalore,Bellandur,560103,South,Returning,25-34,Male,2024-02-18,8,5015.23,Instagram,2024-09-27,customer_csv,CUST_ROW_002950
M001,CUST002951,Bangalore,MG Road,560001,South,New,18-24,Male,2023-10-23,2,535.9,Instagram,2024-05-15,customer_csv,CUST_ROW_002951
M001,CUST002952,Ahmedabad,Prahlad Nagar,380015,West,New,35-44,Male,2024-01-12,1,648.77,Facebook,2024-01-12,customer_csv,CUST_ROW_002952
M001,CUST002953,Bangalore,HSR Layout,560102,South,High-Value,25-34,Male,2023-06-08,55,127056.0,Google Ads,2024-08-28,customer_csv,CUST_ROW_002953
M001,CUST002954,Bangalore,Bellandur,560103,South,New,25-34,Male,2024-10-26,2,605.5,Instagram,2024-06-21,customer_csv,CUST_ROW_002954
M001,CUST002955,Bangalore,MG Road,560001,South,New,25-34,Female,2023-01-28,2,427.77,Instagram,2024-02-22,customer_csv,CUST_ROW_002955
M001,CUST002956,Bangalore,JP Nagar,560078,South,Returning,18-24,Female,2024-01-05,7,3788.6,Google Ads,2024-06-07,customer_csv,CUST_ROW_002956
M001,CUST002957,Bangalore,MG Road,560001,South,High-Value,35-44,Male,2023-09-08,56,122511.96,Email,2024-12-08,customer_csv,CUST_ROW_002957
M001,CUST002958,Bangalore,JP Nagar,560078,South,New,35-44,Male,2024-12-02,3,1602.11,Facebook,2024-11-08,customer_csv,CUST_ROW_002958
M001,CUST002959,Bangalore,Bellandur,560103,South,New,35-44,Male,2023-10-09,3,1071.88,Facebook,2024-06-11,customer_csv,CUST_ROW_002959
M001,CUST002960,Bangalore,Whitefield,560066,South,Returning,18-24,Female,2024-01-13,4,3308.34,Instagram,2024-11-09,customer_csv,CUST_ROW_002960
M001,CUST002961,Bangalore,MG Road,560001,South,New,18-24,Female,2023-05-17,2,747.34,Instagram,2024-04-27,customer_csv,CUST_ROW_002961
M001,CUST002962,Kochi,Ernakulam,682011,South,Returning,45-54,Female,2024-10-05,13,14309.31,Instagram,2024-09-22,customer_csv,CUST_ROW_002962
M001,CUST002963,Bangalore,Koramangala,560034,South,High-Value,25-34,Male,2024-05-24,75,71223.82,Email,2024-11-18,customer_csv,CUST_ROW_002963
M001,CUST002964,Hyderabad,Madhapur,500081,South,New,35-44,Male,2023-05-15,3,871.25,WhatsApp,2024-08-30,customer_csv,CUST_ROW_002964
M001,CUST002965,Bangalore,Electronic City,560100,South,New,35-44,Male,2024-02-04,3,1791.49,Instagram,2024-06-05,customer_csv,CUST_ROW_002965
M001,CUST002966,Bangalore,Koramangala,560034,South,New,18-24,Female,2024-06-07,2,790.17,Facebook,2024-03-05,customer_csv,CUST_ROW_002966
M001,CUST002967,Jaipur,Mansarovar,302020,North,High-Value,35-44,Female,2024-08-30,39,83255.93,Google Ads,2024-10-14,customer_csv,CUST_ROW_002967
M001,CUST002968,Bangalore,MG Road,560001,South,High-Value,35-44,Male,2024-08-19,22,22825.29,Instagram,2024-05-10,customer_csv,CUST_ROW_002968
M001,CUST002969,Bangalore,Whitefield,560066,South,High-Value,18-24,Other,2023-07-22,65,56809.34,LinkedIn,2024-01-31,customer_csv,CUST_ROW_002969
M001,CUST002970,Bangalore,Yelahanka,560064,South,High-Value,35-44,Male,2024-10-09,42,67067.66,WhatsApp,2024-03-14,customer_csv,CUST_ROW_002970
M001,CUST002971,Bangalore,Whitefield,560066,South,New,45-54,Female,2024-12-24,4,1393.3,Instagram,2024-07-20,customer_csv,CUST_ROW_002971
M001,CUST002972,Hyderabad,Gachibowli,500032,South,New,25-34,Male,2024-11-27,3,969.79,Facebook,2024-09-17,customer_csv,CUST_ROW_002972
M001,CUST002973,Kolkata,Ballygunge,700019,East,High-Value,25-34,Female,2023-06-09,41,62588.37,LinkedIn,2024-09-12,customer_csv,CUST_ROW_002973
M001,CUST002974,Bangalore,Marathahalli,560037,South,Returning,35-44,Male,2023-11-10,14,13566.05,Facebook,2024-08-21,customer_csv,CUST_ROW_002974
M001,CUST002975,Delhi,Lajpat Nagar,110024,North,Returning,18-24,Male,2024-12-27,12,11338.12,Email,2024-03-14,customer_csv,CUST_ROW_002975
M001,CUST002976,Bangalore,Indiranagar,560038,South,Returning,18-24,Male,2024-11-30,11,12339.67,Instagram,2024-11-03,customer_csv,CUST_ROW_002976
M001,CUST002977,Ahmedabad,Bopal,380058,West,Returning,18-24,Male,2023-10-05,3,3039.47,Instagram,2024-01-21,customer_csv,CUST_ROW_002977
M001,CUST002978,Bangalore,JP Nagar,560078,South,New,25-34,Male,2024-07-19,4,1262.81,Instagram,2024-03-03,customer_csv,CUST_ROW_002978
M001,CUST002979,Chennai,T Nagar,600017,South,High-Value,35-44,Female,2024-06-28,30,25930.91,LinkedIn,2024-05-29,customer_csv,CUST_ROW_002979
M001,CUST002980,Chennai,Porur,600116,South,New,35-44,Female,2023-05-19,4,2359.69,LinkedIn,2024-09-08,customer_csv,CUST_ROW_002980
M001,CUST002981,Bangalore,Marathahalli,560037,South,New,25-34,Male,2023-09-29,2,1310.65,Instagram,2024-11-23,customer_csv,CUST_ROW_002981
M001,CUST002982,Jaipur,Vaishali Nagar,302021,North,Returning,18-24,Male,2023-08-10,16,16252.63,WhatsApp,2024-02-10,customer_csv,CUST_ROW_002982
M001,CUST002983,Chennai,T Nagar,600017,South,New,18-24,Male,2024-03-27,2,467.71,Instagram,2024-11-17,customer_csv,CUST_ROW_002983
M001,CUST002984,Bangalore,Bellandur,560103,South,Returning,55+,Female,2024-01-27,13,7452.39,Facebook,2024-07-03,customer_csv,CUST_ROW_002984
M001,CUST002985,Jaipur,Vaishali Nagar,302021,North,New,18-24,Male,2024-07-27,2,465.49,Facebook,2024-01-16,customer_csv,CUST_ROW_002985
M001,CUST002986,Chennai,T Nagar,600017,South,Returning,18-24,Male,2024-04-05,10,4843.6,Instagram,2024-08-31,customer_csv,CUST_ROW_002986
M001,CUST002987,Kolkata,Park Street,700016,East,Returning,25-34,Male,2023-06-13,17,15909.85,Google Ads,2024-11-06,customer_csv,CUST_ROW_002987
M001,CUST002988,Bangalore,Bellandur,560103,South,New,18-24,Female,2023-01-19,1,503.75,Facebook,2024-03-29,customer_csv,CUST_ROW_002988
M001,CUST002989,Bangalore,MG Road,560001,South,Returning,18-24,Male,2023-05-05,19,16482.02,WhatsApp,2024-05-22,customer_csv,CUST_ROW_002989
M001,CUST002990,Bangalore,HSR Layout,560102,South,Returning,25-34,Male,2024-02-28,4,2020.5,Instagram,2024-06-16,customer_csv,CUST_ROW_002990
M001,CUST002991,Kochi,Vyttila,682019,South,High-Value,18-24,Male,2024-09-27,13,14769.19,Facebook,2024-10-09,customer_csv,CUST_ROW_002991
M001,CUST002992,Bangalore,Koramangala,560034,South,Returning,45-54,Female,2023-10-17,5,3859.43,Instagram,2024-05-23,customer_csv,CUST_ROW_002992
M001,CUST002993,Bangalore,HSR Layout,560102,South,High-Value,18-24,Female,2024-07-13,64,104906.39,WhatsApp,2024-12-24,customer_csv,CUST_ROW_002993
M001,CUST002994,Chennai,Anna Nagar,600040,South,Returning,25-34,Other,2024-08-24,13,11180.42,Instagram,2024-06-20,customer_csv,CUST_ROW_002994
M001,CUST002995,Bangalore,Yelahanka,560064,South,High-Value,25-34,Female,2024-02-05,62,115161.39,Email,2024-03-06,customer_csv,CUST_ROW_002995
M001,CUST002996,Bangalore,Hebbal,560024,South,Returning,25-34,Female,2023-05-08,12,12164.85,Instagram,2024-06-06,customer_csv,CUST_ROW_002996
M001,CUST002997,Hyderabad,Secunderabad,500003,South,New,35-44,Female,2024-11-29,3,1960.0,Instagram,2024-09-06,customer_csv,CUST_ROW_002997
M001,CUST002998,Kolkata,Salt Lake,700064,East,High-Value,25-34,Male,2024-08-10,46,45137.62,LinkedIn,2024-07-12,customer_csv,CUST_ROW_002998
M001,CUST002999,Bangalore,Koramangala,560034,South,Returning,45-54,Female,2024-12-12,16,13614.59,WhatsApp,2024-12-22,customer_csv,CUST_ROW_002999
M001,CUST003000,Chennai,Porur,600116,South,New,18-24,Male,2023-03-30,1,397.65,Email,2024-08-11,customer_csv,CUST_ROW_003000
