expense_id,merchant_id,expense_date,category,subcategory,amount,payment_mode,vendor_name,approval_status
EXP000001,M001,2024-11-18,shipping,last_mile,10638.04,bank_transfer,Bangalore Packaging Co,pending
EXP000002,M001,2024-09-26,shipping,reverse_logistics,10404.85,UPI,Xpressbees,approved
EXP000003,M001,2024-05-15,shipping,air_freight,15345.07,bank_transfer,Ecom Express,approved
EXP000004,M001,2024-01-14,software,licenses,2743.16,bank_transfer,Xpressbees,pending
EXP000005,M001,2024-09-22,shipping,last_mile,8708.08,bank_transfer,BlueDart,approved
EXP000006,M001,2024-10-10,salaries,incentives,37118.76,UPI,Xpressbees,approved
EXP000007,M001,2024-12-17,shipping,last_mile,8989.31,card,Ecom Express,approved
EXP000008,M001,2024-02-18,marketing,influencer,7762.42,card,AdGrowth Marketing,approved
EXP000009,M001,2024-02-16,packaging,boxes,1924.94,cash,AdGrowth Marketing,approved
EXP000010,M001,2024-05-02,salaries,overtime,32160.24,bank_transfer,Ecom Express,pending
EXP000011,M001,2024-05-04,marketing,SEO,7233.07,card,Cashfree Fees,approved
EXP000012,M001,2024-01-19,salaries,contract,20830.11,card,AdGrowth Marketing,approved
EXP000013,M001,2024-05-08,marketing,influencer,1787.68,UPI,Cashfree Fees,approved
EXP000014,M001,2024-06-01,salaries,full_time,34159.59,bank_transfer,AdGrowth Marketing,approved
EXP000015,M001,2024-01-28,shipping,surface,9161.45,cash,Urban Warehouse Services,approved
EXP000016,M001,2024-01-11,marketing,influencer,22869.68,bank_transfer,BlueDart,approved
EXP000017,M001,2024-02-16,marketing,influencer,3949.6,bank_transfer,Urban Warehouse Services,approved
EXP000018,M001,2024-11-18,marketing,influencer,7339.39,bank_transfer,Cashfree Fees,approved
EXP000019,M001,2024-05-14,marketing,digital_ads,12953.25,bank_transfer,Xpressbees,approved
EXP000020,M001,2024-10-23,cloud,GCP,1940.09,card,Razorpay Fees,approved
EXP000021,M001,2024-01-25,salaries,contract,33301.96,bank_transfer,Delhivery,approved
EXP000022,M001,2024-02-18,salaries,full_time,38935.71,bank_transfer,Urban Warehouse Services,approved
EXP000023,M001,2024-10-22,marketing,email_campaigns,25625.87,bank_transfer,BlueDart,approved
EXP000024,M001,2024-12-25,shipping,surface,4713.48,bank_transfer,Delhivery,pending
EXP000025,M001,2024-01-17,shipping,air_freight,7347.33,card,AdGrowth Marketing,rejected
EXP000026,M001,2024-09-24,marketing,SEO,15041.2,bank_transfer,Shiprocket,approved
EXP000027,M001,2024-08-06,warehouse,equipment,10796.42,cash,Razorpay Fees,approved
EXP000028,M001,2024-08-24,marketing,SEO,2931.27,bank_transfer,Razorpay Fees,pending
EXP000029,M001,2024-06-08,marketing,digital_ads,16336.82,bank_transfer,Xpressbees,approved
EXP000030,M001,2024-06-26,marketing,influencer,27036.49,bank_transfer,Bangalore Packaging Co,approved
EXP000031,M001,2024-08-26,marketing,digital_ads,16334.42,UPI,Shiprocket,pending
EXP000032,M001,2024-04-29,refunds,partial_refund,6865.43,bank_transfer,Razorpay Fees,approved
EXP000033,M001,2024-07-02,marketing,SEO,25533.8,UPI,Cashfree Fees,approved
EXP000034,M001,2024-10-24,software,tools,3283.11,bank_transfer,Ecom Express,approved
EXP000035,M001,2024-04-04,warehouse,utilities,5159.6,bank_transfer,Bangalore Packaging Co,rejected
EXP000036,M001,2024-02-23,marketing,SEO,24143.24,bank_transfer,Urban Warehouse Services,pending
EXP000037,M001,2024-08-04,salaries,full_time,34306.35,UPI,Cashfree Fees,approved
EXP000038,M001,2024-04-14,warehouse,equipment,2938.4,card,Cashfree Fees,pending
EXP000039,M001,2024-07-28,payment_gateway,transaction_fee,1910.92,card,AdGrowth Marketing,pending
EXP000040,M001,2024-08-19,shipping,surface,9048.98,bank_transfer,AdGrowth Marketing,approved
EXP000041,M001,2024-05-01,refunds,customer_refund,3282.82,card,AdGrowth Marketing,approved
EXP000042,M001,2024-02-20,shipping,last_mile,7745.32,card,BlueDart,pending
EXP000043,M001,2024-08-07,salaries,contract,12667.77,bank_transfer,Bangalore Packaging Co,approved
EXP000044,M001,2024-11-19,returns,restocking,765.28,UPI,Cashfree Fees,approved
EXP000045,M001,2024-09-02,shipping,air_freight,13718.59,UPI,Shiprocket,approved
EXP000046,M001,2024-06-05,shipping,air_freight,9007.92,bank_transfer,Xpressbees,approved
EXP000047,M001,2024-12-28,salaries,full_time,39587.77,UPI,Razorpay Fees,approved
EXP000048,M001,2024-06-04,shipping,surface,4801.67,bank_transfer,Urban Warehouse Services,rejected
EXP000049,M001,2024-04-22,payment_gateway,dispute_fee,5551.77,card,BlueDart,approved
EXP000050,M001,2024-12-19,shipping,last_mile,8312.54,UPI,Shiprocket,approved
EXP000051,M001,2024-11-25,salaries,overtime,15765.76,card,Ecom Express,approved
EXP000052,M001,2024-03-10,shipping,reverse_logistics,14842.11,UPI,Ecom Express,approved
EXP000053,M001,2024-12-12,marketing,digital_ads,15963.55,card,Shiprocket,pending
EXP000054,M001,2024-06-26,salaries,contract,17301.21,bank_transfer,Bangalore Packaging Co,pending
EXP000055,M001,2024-01-24,warehouse,equipment,28176.97,bank_transfer,BlueDart,approved
EXP000056,M001,2024-02-20,shipping,surface,4107.55,card,Urban Warehouse Services,approved
EXP000057,M001,2024-10-06,salaries,contract,32109.47,card,BlueDart,approved
EXP000058,M001,2024-06-14,marketing,SEO,22176.97,bank_transfer,Ecom Express,approved
EXP000059,M001,2024-08-23,software,licenses,1170.17,bank_transfer,Urban Warehouse Services,approved
EXP000060,M001,2024-12-20,salaries,full_time,20794.88,UPI,AdGrowth Marketing,rejected
EXP000061,M001,2024-10-26,salaries,overtime,8869.08,card,Bangalore Packaging Co,approved
EXP000062,M001,2024-05-01,returns,quality_check,3097.04,UPI,AdGrowth Marketing,approved
EXP000063,M001,2024-04-19,warehouse,equipment,10331.13,UPI,Shiprocket,approved
EXP000064,M001,2024-11-18,marketing,influencer,18767.22,card,Razorpay Fees,approved
EXP000065,M001,2024-12-01,shipping,surface,9665.49,card,Xpressbees,approved
EXP000066,M001,2024-02-24,cloud,AWS,4123.45,UPI,Bangalore Packaging Co,pending
EXP000067,M001,2024-01-21,marketing,SEO,15867.94,card,AdGrowth Marketing,approved
EXP000068,M001,2024-09-01,shipping,surface,15328.94,bank_transfer,Xpressbees,approved
EXP000069,M001,2024-02-18,shipping,reverse_logistics,8101.03,card,Cashfree Fees,approved
EXP000070,M001,2024-06-07,refunds,partial_refund,4940.3,cash,Ecom Express,pending
EXP000071,M001,2024-01-26,marketing,email_campaigns,18874.74,UPI,AdGrowth Marketing,approved
EXP000072,M001,2024-03-29,packaging,boxes,9010.32,card,Xpressbees,pending
EXP000073,M001,2024-11-14,returns,quality_check,9833.11,UPI,Cashfree Fees,approved
EXP000074,M001,2024-05-26,shipping,air_freight,11089.26,card,Ecom Express,pending
EXP000075,M001,2024-01-01,refunds,partial_refund,2364.13,bank_transfer,Shiprocket,pending
EXP000076,M001,2024-10-15,salaries,full_time,8042.98,cash,Delhivery,approved
EXP000077,M001,2024-11-19,salaries,full_time,15445.25,UPI,Bangalore Packaging Co,approved
EXP000078,M001,2024-05-13,warehouse,rent,28898.87,card,Cashfree Fees,approved
EXP000079,M001,2024-06-23,refunds,customer_refund,735.12,card,Shiprocket,approved
EXP000080,M001,2024-04-06,refunds,customer_refund,9273.83,card,Shiprocket,approved
EXP000081,M001,2024-10-27,warehouse,rent,15483.48,bank_transfer,Cashfree Fees,pending
EXP000082,M001,2024-05-01,warehouse,staff,22249.84,card,Delhivery,approved
EXP000083,M001,2024-12-20,cloud,Azure,1896.04,card,Shiprocket,approved
EXP000084,M001,2024-12-28,warehouse,equipment,5815.96,bank_transfer,Urban Warehouse Services,approved
EXP000085,M001,2024-03-18,shipping,air_freight,15165.43,bank_transfer,Xpressbees,approved
EXP000086,M001,2024-05-07,payment_gateway,dispute_fee,8376.21,bank_transfer,BlueDart,pending
EXP000087,M001,2024-11-10,salaries,incentives,12841.69,UPI,Urban Warehouse Services,pending
EXP000088,M001,2024-09-07,shipping,last_mile,3881.32,UPI,Razorpay Fees,approved
EXP000089,M001,2024-08-09,refunds,partial_refund,5716.93,UPI,Delhivery,approved
EXP000090,M001,2024-10-20,salaries,full_time,21693.12,card,Delhivery,pending
EXP000091,M001,2024-10-20,packaging,labels,3317.44,card,AdGrowth Marketing,approved
EXP000092,M001,2024-10-31,packaging,boxes,9664.87,cash,Delhivery,pending
EXP000093,M001,2024-07-17,refunds,customer_refund,5329.56,bank_transfer,Xpressbees,approved
EXP000094,M001,2024-12-06,marketing,SEO,9675.5,bank_transfer,AdGrowth Marketing,approved
EXP000095,M001,2024-06-12,software,tools,4223.0,bank_transfer,AdGrowth Marketing,approved
EXP000096,M001,2024-11-19,shipping,reverse_logistics,4747.93,cash,Xpressbees,approved
EXP000097,M001,2024-11-21,salaries,full_time,6634.21,UPI,Cashfree Fees,approved
EXP000098,M001,2024-04-28,marketing,SEO,10853.46,bank_transfer,AdGrowth Marketing,approved
EXP000099,M001,2024-05-25,shipping,air_freight,3776.59,UPI,Bangalore Packaging Co,approved
EXP000100,M001,2024-05-06,marketing,SEO,18680.01,card,Razorpay Fees,pending
EXP000101,M001,2024-01-03,refunds,partial_refund,5131.19,UPI,Xpressbees,approved
EXP000102,M001,2024-01-24,refunds,partial_refund,9823.38,bank_transfer,Shiprocket,rejected
EXP000103,M001,2024-07-06,salaries,contract,38071.43,UPI,BlueDart,approved
EXP000104,M001,2024-03-05,returns,quality_check,6192.82,cash,Urban Warehouse Services,approved
EXP000105,M001,2024-09-11,refunds,chargeback,619.29,UPI,BlueDart,approved
EXP000106,M001,2024-08-26,shipping,reverse_logistics,13381.04,cash,Xpressbees,approved
EXP000107,M001,2024-04-06,software,SaaS,5044.74,UPI,Bangalore Packaging Co,approved
EXP000108,M001,2024-04-13,marketing,digital_ads,12929.21,bank_transfer,Delhivery,approved
EXP000109,M001,2024-04-05,shipping,last_mile,1788.82,cash,Delhivery,approved
EXP000110,M001,2024-12-30,shipping,last_mile,4281.9,UPI,Cashfree Fees,rejected
EXP000111,M001,2024-11-12,salaries,contract,33215.02,UPI,Delhivery,rejected
EXP000112,M001,2024-01-28,salaries,contract,35181.93,UPI,Ecom Express,approved
EXP000113,M001,2024-07-15,marketing,email_campaigns,2439.36,UPI,AdGrowth Marketing,approved
EXP000114,M001,2024-02-25,marketing,influencer,29723.48,UPI,Xpressbees,approved
EXP000115,M001,2024-06-16,shipping,surface,12770.82,card,Xpressbees,pending
EXP000116,M001,2024-05-01,cloud,storage,5420.49,UPI,Urban Warehouse Services,approved
EXP000117,M001,2024-08-12,salaries,overtime,36540.14,card,Razorpay Fees,approved
EXP000118,M001,2024-10-05,salaries,full_time,7602.02,bank_transfer,Xpressbees,rejected
EXP000119,M001,2024-07-17,salaries,incentives,18334.1,card,Razorpay Fees,approved
EXP000120,M001,2024-07-07,shipping,surface,7520.51,UPI,BlueDart,pending
EXP000121,M001,2024-12-26,shipping,surface,15319.05,bank_transfer,Delhivery,pending
EXP000122,M001,2024-05-15,shipping,air_freight,8313.24,card,Ecom Express,approved
EXP000123,M001,2024-07-07,software,tools,2977.1,bank_transfer,Ecom Express,approved
EXP000124,M001,2024-05-21,warehouse,utilities,3737.79,card,Ecom Express,approved
EXP000125,M001,2024-10-16,marketing,influencer,24055.26,card,Shiprocket,pending
EXP000126,M001,2024-10-12,cloud,GCP,3419.88,card,Ecom Express,approved
EXP000127,M001,2024-04-10,shipping,air_freight,8170.75,bank_transfer,Shiprocket,approved
EXP000128,M001,2024-06-30,shipping,air_freight,2462.93,bank_transfer,Shiprocket,approved
EXP000129,M001,2024-03-18,marketing,email_campaigns,28543.83,bank_transfer,Delhivery,approved
EXP000130,M001,2024-09-03,marketing,email_campaigns,5839.7,card,BlueDart,approved
EXP000131,M001,2024-03-18,salaries,incentives,30096.9,cash,Razorpay Fees,approved
EXP000132,M001,2024-11-03,marketing,influencer,25963.78,bank_transfer,Delhivery,rejected
EXP000133,M001,2024-02-27,salaries,incentives,35190.64,UPI,Delhivery,approved
EXP000134,M001,2024-01-07,salaries,contract,25450.53,bank_transfer,Urban Warehouse Services,approved
EXP000135,M001,2024-04-13,marketing,influencer,23595.16,UPI,AdGrowth Marketing,rejected
EXP000136,M001,2024-12-29,packaging,labels,9426.65,UPI,Shiprocket,approved
EXP000137,M001,2024-04-01,marketing,influencer,9260.32,card,Cashfree Fees,approved
EXP000138,M001,2024-07-05,returns,reverse_pickup,7562.05,bank_transfer,Urban Warehouse Services,approved
EXP000139,M001,2024-04-21,marketing,influencer,22564.29,bank_transfer,Xpressbees,approved
EXP000140,M001,2024-06-11,salaries,overtime,33248.12,bank_transfer,Delhivery,approved
EXP000141,M001,2024-11-08,salaries,contract,25051.64,bank_transfer,AdGrowth Marketing,approved
EXP000142,M001,2024-03-04,salaries,contract,31085.33,UPI,Xpressbees,approved
EXP000143,M001,2024-06-04,software,tools,742.22,bank_transfer,AdGrowth Marketing,approved
EXP000144,M001,2024-04-08,marketing,email_campaigns,22328.5,cash,Cashfree Fees,approved
EXP000145,M001,2024-12-30,marketing,influencer,7119.16,bank_transfer,Shiprocket,approved
EXP000146,M001,2024-09-21,refunds,chargeback,2271.07,card,Cashfree Fees,approved
EXP000147,M001,2024-05-23,refunds,chargeback,2287.32,bank_transfer,Bangalore Packaging Co,approved
EXP000148,M001,2024-02-10,cloud,storage,612.27,UPI,AdGrowth Marketing,approved
EXP000149,M001,2024-04-15,returns,reverse_pickup,8555.88,bank_transfer,Shiprocket,approved
EXP000150,M001,2024-07-08,warehouse,staff,27440.33,bank_transfer,Cashfree Fees,approved
EXP000151,M001,2024-10-04,marketing,email_campaigns,5919.44,card,Razorpay Fees,approved
EXP000152,M001,2024-06-03,salaries,full_time,19264.27,card,Razorpay Fees,pending
EXP000153,M001,2024-07-14,marketing,email_campaigns,2327.11,bank_transfer,Ecom Express,approved
EXP000154,M001,2024-05-20,marketing,SEO,5190.03,card,Razorpay Fees,rejected
EXP000155,M001,2024-05-04,warehouse,staff,16495.56,bank_transfer,Bangalore Packaging Co,approved
EXP000156,M001,2024-11-03,shipping,surface,4181.03,bank_transfer,Cashfree Fees,approved
EXP000157,M001,2024-11-12,shipping,last_mile,15365.37,card,BlueDart,approved
EXP000158,M001,2024-09-03,shipping,reverse_logistics,3024.44,UPI,Ecom Express,approved
EXP000159,M001,2024-12-17,warehouse,equipment,23919.35,bank_transfer,Ecom Express,approved
EXP000160,M001,2024-10-25,marketing,email_campaigns,22766.17,bank_transfer,BlueDart,pending
EXP000161,M001,2024-11-30,salaries,contract,20495.8,UPI,Delhivery,rejected
EXP000162,M001,2024-10-02,warehouse,rent,11718.65,bank_transfer,Cashfree Fees,approved
EXP000163,M001,2024-10-10,packaging,labels,9777.98,UPI,Razorpay Fees,approved
EXP000164,M001,2024-02-07,shipping,air_freight,5900.94,UPI,Delhivery,approved
EXP000165,M001,2024-01-27,warehouse,utilities,10383.88,UPI,Ecom Express,approved
EXP000166,M001,2024-01-31,payment_gateway,dispute_fee,4363.74,bank_transfer,Delhivery,rejected
EXP000167,M001,2024-05-16,refunds,partial_refund,4241.85,UPI,Urban Warehouse Services,approved
EXP000168,M001,2024-11-08,salaries,contract,31411.12,bank_transfer,AdGrowth Marketing,approved
EXP000169,M001,2024-04-27,shipping,air_freight,9973.92,UPI,Xpressbees,approved
EXP000170,M001,2024-02-11,marketing,email_campaigns,9267.54,bank_transfer,Xpressbees,approved
EXP000171,M001,2024-10-21,shipping,last_mile,12060.43,bank_transfer,AdGrowth Marketing,approved
EXP000172,M001,2024-03-29,shipping,surface,2650.95,card,Delhivery,approved
EXP000173,M001,2024-04-04,marketing,influencer,2309.55,cash,Shiprocket,approved
EXP000174,M001,2024-10-27,refunds,customer_refund,3664.31,UPI,Delhivery,approved
EXP000175,M001,2024-01-08,shipping,last_mile,6158.46,UPI,Xpressbees,approved
EXP000176,M001,2024-10-01,packaging,labels,317.81,cash,Xpressbees,approved
EXP000177,M001,2024-05-09,shipping,surface,3830.12,bank_transfer,Cashfree Fees,approved
EXP000178,M001,2024-01-01,warehouse,utilities,10578.38,cash,Shiprocket,approved
EXP000179,M001,2024-03-06,packaging,boxes,9810.14,card,BlueDart,rejected
EXP000180,M001,2024-08-28,refunds,partial_refund,5229.2,bank_transfer,Xpressbees,approved
EXP000181,M001,2024-07-29,shipping,last_mile,10162.91,bank_transfer,Urban Warehouse Services,approved
EXP000182,M001,2024-02-27,marketing,influencer,8959.77,bank_transfer,Shiprocket,approved
EXP000183,M001,2024-08-15,refunds,partial_refund,4909.19,card,Urban Warehouse Services,approved
EXP000184,M001,2024-11-19,marketing,SEO,24858.26,card,Delhivery,approved
EXP000185,M001,2024-09-14,marketing,email_campaigns,2776.6,card,Delhivery,pending
EXP000186,M001,2024-06-13,salaries,overtime,38086.8,UPI,AdGrowth Marketing,pending
EXP000187,M001,2024-02-20,marketing,SEO,18307.7,bank_transfer,BlueDart,approved
EXP000188,M001,2024-11-20,salaries,incentives,34406.67,bank_transfer,Razorpay Fees,approved
EXP000189,M001,2024-08-03,salaries,contract,29334.97,bank_transfer,Cashfree Fees,approved
EXP000190,M001,2024-11-05,shipping,surface,12860.79,bank_transfer,Bangalore Packaging Co,approved
EXP000191,M001,2024-07-18,shipping,surface,12505.66,card,AdGrowth Marketing,approved
EXP000192,M001,2024-11-27,warehouse,utilities,22610.3,UPI,Shiprocket,approved
EXP000193,M001,2024-01-19,salaries,overtime,24977.38,bank_transfer,AdGrowth Marketing,rejected
EXP000194,M001,2024-05-15,warehouse,utilities,25589.79,bank_transfer,Bangalore Packaging Co,approved
EXP000195,M001,2024-07-16,marketing,SEO,24082.61,bank_transfer,AdGrowth Marketing,approved
EXP000196,M001,2024-08-27,shipping,air_freight,15900.42,bank_transfer,Urban Warehouse Services,approved
EXP000197,M001,2024-08-04,payment_gateway,settlement_charge,4228.58,UPI,Shiprocket,pending
EXP000198,M001,2024-08-26,salaries,contract,26149.79,bank_transfer,Bangalore Packaging Co,approved
EXP000199,M001,2024-06-14,salaries,incentives,38744.47,card,BlueDart,pending
EXP000200,M001,2024-03-30,shipping,last_mile,10320.19,cash,Cashfree Fees,approved
EXP000201,M001,2024-03-16,returns,quality_check,9093.69,UPI,Cashfree Fees,approved
EXP000202,M001,2024-03-30,shipping,reverse_logistics,5645.63,UPI,Urban Warehouse Services,pending
EXP000203,M001,2024-04-20,marketing,email_campaigns,8244.76,bank_transfer,Shiprocket,approved
EXP000204,M001,2024-03-01,cloud,Azure,3126.13,bank_transfer,Ecom Express,approved
EXP000205,M001,2024-07-16,salaries,incentives,6048.23,bank_transfer,AdGrowth Marketing,pending
EXP000206,M001,2024-01-15,warehouse,utilities,27259.28,UPI,Bangalore Packaging Co,pending
EXP000207,M001,2024-02-22,salaries,overtime,8316.74,bank_transfer,Ecom Express,pending
EXP000208,M001,2024-08-22,shipping,surface,10201.49,card,Bangalore Packaging Co,approved
EXP000209,M001,2024-01-20,payment_gateway,settlement_charge,5590.32,UPI,Bangalore Packaging Co,approved
EXP000210,M001,2024-05-03,shipping,reverse_logistics,6496.3,bank_transfer,Ecom Express,approved
EXP000211,M001,2024-09-15,marketing,digital_ads,11732.14,card,AdGrowth Marketing,rejected
EXP000212,M001,2024-01-17,salaries,incentives,26172.21,UPI,Ecom Express,rejected
EXP000213,M001,2024-03-26,warehouse,utilities,29632.41,bank_transfer,Xpressbees,approved
EXP000214,M001,2024-10-18,warehouse,equipment,6893.03,bank_transfer,Delhivery,pending
EXP000215,M001,2024-05-08,packaging,boxes,6169.64,bank_transfer,Urban Warehouse Services,approved
EXP000216,M001,2024-01-16,payment_gateway,transaction_fee,7852.68,UPI,Xpressbees,approved
EXP000217,M001,2024-02-17,salaries,incentives,33397.37,UPI,Bangalore Packaging Co,approved
EXP000218,M001,2024-03-28,cloud,Azure,3296.55,cash,AdGrowth Marketing,approved
EXP000219,M001,2024-02-23,refunds,chargeback,8780.92,card,Bangalore Packaging Co,approved
EXP000220,M001,2024-06-22,shipping,surface,15207.35,card,BlueDart,approved
EXP000221,M001,2024-12-26,packaging,boxes,2516.02,UPI,Ecom Express,approved
EXP000222,M001,2024-03-02,returns,restocking,4526.22,bank_transfer,Urban Warehouse Services,approved
EXP000223,M001,2024-12-19,warehouse,staff,6232.71,cash,Shiprocket,pending
EXP000224,M001,2024-12-10,salaries,contract,17265.46,UPI,Cashfree Fees,approved
EXP000225,M001,2024-09-03,marketing,influencer,10737.26,bank_transfer,Urban Warehouse Services,approved
EXP000226,M001,2024-07-29,shipping,reverse_logistics,8839.95,bank_transfer,AdGrowth Marketing,pending
EXP000227,M001,2024-05-17,marketing,digital_ads,4006.63,UPI,Xpressbees,approved
EXP000228,M001,2024-10-19,packaging,boxes,9852.92,UPI,Bangalore Packaging Co,approved
EXP000229,M001,2024-01-16,warehouse,utilities,29442.33,bank_transfer,Razorpay Fees,pending
EXP000230,M001,2024-06-11,salaries,full_time,6818.95,bank_transfer,Shiprocket,approved
EXP000231,M001,2024-05-15,salaries,overtime,8809.86,card,Cashfree Fees,approved
EXP000232,M001,2024-02-03,software,SaaS,2595.29,bank_transfer,Ecom Express,approved
EXP000233,M001,2024-08-28,salaries,contract,20494.87,bank_transfer,BlueDart,rejected
EXP000234,M001,2024-07-08,returns,restocking,6106.29,bank_transfer,Bangalore Packaging Co,approved
EXP000235,M001,2024-02-22,warehouse,staff,22337.83,cash,Urban Warehouse Services,approved
EXP000236,M001,2024-04-18,salaries,overtime,22151.69,card,Delhivery,approved
EXP000237,M001,2024-08-31,marketing,influencer,13358.15,bank_transfer,Cashfree Fees,approved
EXP000238,M001,2024-08-31,marketing,SEO,27412.13,bank_transfer,Xpressbees,pending
EXP000239,M001,2024-06-11,packaging,labels,2394.38,UPI,Ecom Express,pending
EXP000240,M001,2024-05-22,shipping,surface,9511.75,card,Razorpay Fees,pending
EXP000241,M001,2024-01-11,refunds,partial_refund,100.0,bank_transfer,Shiprocket,approved
EXP000242,M001,2024-02-03,shipping,air_freight,5707.12,bank_transfer,Bangalore Packaging Co,pending
EXP000243,M001,2024-08-24,salaries,overtime,26445.79,card,AdGrowth Marketing,approved
EXP000244,M001,2024-07-27,packaging,boxes,8439.61,bank_transfer,Xpressbees,approved
EXP000245,M001,2024-04-17,shipping,surface,2514.75,bank_transfer,AdGrowth Marketing,approved
EXP000246,M001,2024-10-24,warehouse,equipment,11332.35,card,BlueDart,approved
EXP000247,M001,2024-08-20,salaries,incentives,6175.75,bank_transfer,Ecom Express,approved
EXP000248,M001,2024-08-20,shipping,reverse_logistics,2107.3,card,Bangalore Packaging Co,pending
EXP000249,M001,2024-03-30,packaging,labels,1049.71,bank_transfer,Xpressbees,approved
EXP000250,M001,2024-08-25,salaries,contract,20278.36,bank_transfer,Ecom Express,approved
EXP000251,M001,2024-09-02,returns,quality_check,5286.89,UPI,Razorpay Fees,approved
EXP000252,M001,2024-04-01,marketing,digital_ads,22725.79,bank_transfer,AdGrowth Marketing,rejected
EXP000253,M001,2024-10-25,salaries,incentives,13082.87,UPI,Razorpay Fees,rejected
EXP000254,M001,2024-11-17,shipping,last_mile,367.84,bank_transfer,Bangalore Packaging Co,approved
EXP000255,M001,2024-12-23,shipping,last_mile,8562.19,UPI,Delhivery,approved
EXP000256,M001,2024-07-06,marketing,SEO,26309.39,bank_transfer,BlueDart,approved
EXP000257,M001,2024-12-23,returns,reverse_pickup,609.46,bank_transfer,Urban Warehouse Services,approved
EXP000258,M001,2024-12-09,returns,restocking,1263.99,bank_transfer,AdGrowth Marketing,approved
EXP000259,M001,2024-10-21,warehouse,utilities,13840.25,bank_transfer,Cashfree Fees,approved
EXP000260,M001,2024-02-27,cloud,GCP,2745.27,UPI,Shiprocket,pending
EXP000261,M001,2024-07-14,packaging,boxes,5244.98,UPI,AdGrowth Marketing,approved
EXP000262,M001,2024-01-05,salaries,overtime,14322.89,UPI,AdGrowth Marketing,approved
EXP000263,M001,2024-02-28,packaging,tape,9445.98,UPI,Razorpay Fees,rejected
EXP000264,M001,2024-01-04,marketing,email_campaigns,11513.5,bank_transfer,Razorpay Fees,approved
EXP000265,M001,2024-12-28,marketing,influencer,9998.61,bank_transfer,AdGrowth Marketing,approved
EXP000266,M001,2024-08-27,refunds,partial_refund,8685.94,bank_transfer,Shiprocket,approved
EXP000267,M001,2024-03-13,salaries,overtime,20017.95,card,AdGrowth Marketing,approved
EXP000268,M001,2024-12-27,packaging,labels,9095.34,bank_transfer,Bangalore Packaging Co,approved
EXP000269,M001,2024-05-17,warehouse,staff,19790.65,cash,Bangalore Packaging Co,approved
EXP000270,M001,2024-08-28,warehouse,staff,17773.95,UPI,Ecom Express,approved
EXP000271,M001,2024-11-07,shipping,last_mile,14359.0,bank_transfer,Shiprocket,rejected
EXP000272,M001,2024-05-05,warehouse,equipment,20020.49,card,Xpressbees,approved
EXP000273,M001,2024-01-16,refunds,chargeback,1466.2,UPI,BlueDart,approved
EXP000274,M001,2024-05-03,returns,reverse_pickup,9219.24,bank_transfer,Urban Warehouse Services,approved
EXP000275,M001,2024-12-13,returns,reverse_pickup,9278.41,bank_transfer,Shiprocket,approved
EXP000276,M001,2024-11-19,salaries,incentives,21198.0,card,Cashfree Fees,approved
EXP000277,M001,2024-04-07,marketing,digital_ads,28280.04,UPI,Ecom Express,approved
EXP000278,M001,2024-04-16,shipping,last_mile,5065.54,card,Urban Warehouse Services,approved
EXP000279,M001,2024-03-16,software,subscriptions,5033.05,card,Shiprocket,pending
EXP000280,M001,2024-11-18,salaries,contract,33675.16,bank_transfer,AdGrowth Marketing,approved
EXP000281,M001,2024-08-07,payment_gateway,dispute_fee,3862.02,bank_transfer,Ecom Express,approved
EXP000282,M001,2024-09-30,cloud,GCP,876.6,bank_transfer,Xpressbees,approved
EXP000283,M001,2024-01-21,shipping,air_freight,13258.53,bank_transfer,Shiprocket,approved
EXP000284,M001,2024-12-21,refunds,partial_refund,116.79,bank_transfer,BlueDart,approved
EXP000285,M001,2024-05-25,marketing,SEO,26972.19,card,Bangalore Packaging Co,rejected
EXP000286,M001,2024-12-21,packaging,boxes,5265.19,card,Cashfree Fees,approved
EXP000287,M001,2024-03-03,refunds,partial_refund,4851.26,card,Cashfree Fees,pending
EXP000288,M001,2024-10-29,salaries,incentives,39299.06,card,Ecom Express,approved
EXP000289,M001,2024-06-18,returns,restocking,7851.11,UPI,Xpressbees,pending
EXP000290,M001,2024-04-27,warehouse,equipment,11752.36,bank_transfer,Cashfree Fees,approved
EXP000291,M001,2024-10-21,warehouse,rent,25320.9,card,Cashfree Fees,pending
EXP000292,M001,2024-04-18,shipping,reverse_logistics,7232.45,bank_transfer,BlueDart,approved
EXP000293,M001,2024-01-15,salaries,incentives,28626.48,bank_transfer,Bangalore Packaging Co,rejected
EXP000294,M001,2024-12-02,warehouse,equipment,13602.62,card,Urban Warehouse Services,approved
EXP000295,M001,2024-08-30,payment_gateway,settlement_charge,1147.3,card,Ecom Express,approved
EXP000296,M001,2024-05-31,returns,restocking,7116.99,card,AdGrowth Marketing,approved
EXP000297,M001,2024-10-22,marketing,digital_ads,7202.1,bank_transfer,Shiprocket,approved
EXP000298,M001,2024-04-22,shipping,air_freight,12972.34,bank_transfer,Delhivery,approved
EXP000299,M001,2024-02-23,salaries,overtime,14698.67,card,Bangalore Packaging Co,approved
EXP000300,M001,2024-12-19,warehouse,utilities,11932.36,card,AdGrowth Marketing,approved
EXP000301,M001,2024-12-19,refunds,customer_refund,1419.83,card,Shiprocket,pending
EXP000302,M001,2024-09-24,salaries,incentives,39385.41,bank_transfer,Razorpay Fees,approved
EXP000303,M001,2024-11-05,refunds,chargeback,1697.85,bank_transfer,Cashfree Fees,approved
EXP000304,M001,2024-10-20,marketing,SEO,14832.23,UPI,Razorpay Fees,approved
EXP000305,M001,2024-07-13,shipping,surface,5932.91,bank_transfer,Bangalore Packaging Co,approved
EXP000306,M001,2024-09-03,warehouse,utilities,27754.22,card,Shiprocket,rejected
EXP000307,M001,2024-06-02,shipping,surface,3385.19,bank_transfer,Cashfree Fees,approved
EXP000308,M001,2024-12-26,salaries,full_time,37046.21,UPI,Ecom Express,approved
EXP000309,M001,2024-11-04,packaging,bubble_wrap,4966.54,bank_transfer,Razorpay Fees,approved
EXP000310,M001,2024-04-19,shipping,air_freight,12588.95,UPI,Delhivery,approved
EXP000311,M001,2024-12-19,marketing,digital_ads,25949.51,card,Bangalore Packaging Co,pending
EXP000312,M001,2024-03-19,packaging,boxes,2198.55,card,AdGrowth Marketing,approved
EXP000313,M001,2024-04-24,shipping,last_mile,7932.9,card,Urban Warehouse Services,approved
EXP000314,M001,2024-10-30,cloud,AWS,3379.4,UPI,BlueDart,approved
EXP000315,M001,2024-01-05,marketing,digital_ads,10504.25,bank_transfer,Xpressbees,approved
EXP000316,M001,2024-01-22,salaries,full_time,16600.47,card,Bangalore Packaging Co,approved
EXP000317,M001,2024-06-22,marketing,SEO,10078.44,bank_transfer,Bangalore Packaging Co,approved
EXP000318,M001,2024-05-05,salaries,incentives,16674.26,bank_transfer,Cashfree Fees,approved
EXP000319,M001,2024-02-01,salaries,contract,12086.68,cash,Delhivery,pending
EXP000320,M001,2024-11-24,warehouse,rent,18289.32,UPI,Delhivery,approved
EXP000321,M001,2024-01-31,warehouse,equipment,27825.6,UPI,Bangalore Packaging Co,approved
EXP000322,M001,2024-11-20,warehouse,equipment,21028.92,UPI,Razorpay Fees,approved
EXP000323,M001,2024-12-23,refunds,chargeback,3882.19,bank_transfer,BlueDart,approved
EXP000324,M001,2024-01-03,marketing,influencer,16889.24,cash,Razorpay Fees,approved
EXP000325,M001,2024-11-04,refunds,customer_refund,4032.98,bank_transfer,Ecom Express,approved
EXP000326,M001,2024-01-18,marketing,influencer,28458.01,UPI,AdGrowth Marketing,approved
EXP000327,M001,2024-04-04,payment_gateway,dispute_fee,6561.82,card,Urban Warehouse Services,pending
EXP000328,M001,2024-08-12,payment_gateway,settlement_charge,9390.95,cash,Bangalore Packaging Co,approved
EXP000329,M001,2024-09-23,marketing,SEO,2088.12,UPI,Xpressbees,rejected
EXP000330,M001,2024-07-22,payment_gateway,settlement_charge,5478.84,UPI,BlueDart,approved
EXP000331,M001,2024-02-29,salaries,incentives,31447.61,bank_transfer,Cashfree Fees,approved
EXP000332,M001,2024-09-16,salaries,incentives,9759.1,bank_transfer,Shiprocket,pending
EXP000333,M001,2024-01-15,salaries,overtime,38189.7,UPI,Ecom Express,approved
EXP000334,M001,2024-02-20,salaries,overtime,38990.0,UPI,Urban Warehouse Services,approved
EXP000335,M001,2024-03-11,shipping,air_freight,5506.52,bank_transfer,BlueDart,approved
EXP000336,M001,2024-01-18,salaries,incentives,13839.62,card,Bangalore Packaging Co,approved
EXP000337,M001,2024-03-31,warehouse,rent,18190.99,card,Bangalore Packaging Co,pending
EXP000338,M001,2024-10-16,warehouse,utilities,13782.77,card,Urban Warehouse Services,pending
EXP000339,M001,2024-03-09,shipping,surface,2814.09,bank_transfer,Bangalore Packaging Co,approved
EXP000340,M001,2024-02-18,shipping,last_mile,1331.23,card,Delhivery,approved
EXP000341,M001,2024-02-02,warehouse,staff,22025.22,card,Ecom Express,approved
EXP000342,M001,2024-12-24,shipping,air_freight,7180.0,card,Shiprocket,approved
EXP000343,M001,2024-04-01,shipping,air_freight,7949.43,cash,Razorpay Fees,approved
EXP000344,M001,2024-02-28,packaging,tape,8952.86,UPI,Urban Warehouse Services,approved
EXP000345,M001,2024-05-30,salaries,contract,29071.42,card,Razorpay Fees,approved
EXP000346,M001,2024-08-28,packaging,labels,7696.0,bank_transfer,Xpressbees,approved
EXP000347,M001,2024-09-29,marketing,email_campaigns,9516.28,bank_transfer,Razorpay Fees,approved
EXP000348,M001,2024-01-30,returns,restocking,6800.79,card,AdGrowth Marketing,approved
EXP000349,M001,2024-05-08,salaries,incentives,23321.01,bank_transfer,Xpressbees,approved
EXP000350,M001,2024-10-05,salaries,incentives,6900.47,cash,Xpressbees,approved
EXP000351,M001,2024-01-16,refunds,customer_refund,3306.87,bank_transfer,Urban Warehouse Services,approved
EXP000352,M001,2024-06-11,marketing,SEO,25416.08,bank_transfer,Shiprocket,approved
EXP000353,M001,2024-12-26,salaries,contract,21314.11,bank_transfer,AdGrowth Marketing,approved
EXP000354,M001,2024-12-03,salaries,contract,32001.7,card,Bangalore Packaging Co,approved
EXP000355,M001,2024-02-18,salaries,full_time,36701.03,UPI,AdGrowth Marketing,approved
EXP000356,M001,2024-10-26,salaries,full_time,6047.07,bank_transfer,Bangalore Packaging Co,approved
EXP000357,M001,2024-01-01,warehouse,equipment,22941.44,bank_transfer,Urban Warehouse Services,approved
EXP000358,M001,2024-04-29,refunds,partial_refund,5980.27,cash,Urban Warehouse Services,approved
EXP000359,M001,2024-05-06,packaging,boxes,6687.54,bank_transfer,Razorpay Fees,approved
EXP000360,M001,2024-09-18,marketing,email_campaigns,8428.86,bank_transfer,Urban Warehouse Services,pending
EXP000361,M001,2024-08-11,refunds,partial_refund,6205.24,bank_transfer,Bangalore Packaging Co,pending
EXP000362,M001,2024-01-30,salaries,incentives,34239.92,card,Razorpay Fees,pending
EXP000363,M001,2024-06-19,warehouse,rent,17088.26,bank_transfer,Delhivery,pending
EXP000364,M001,2024-12-23,returns,reverse_pickup,2341.49,UPI,Bangalore Packaging Co,approved
EXP000365,M001,2024-10-31,refunds,chargeback,6005.33,bank_transfer,Delhivery,pending
EXP000366,M001,2024-10-15,salaries,overtime,13566.2,UPI,Delhivery,approved
EXP000367,M001,2024-02-07,salaries,incentives,7618.33,UPI,Urban Warehouse Services,pending
EXP000368,M001,2024-11-19,returns,reverse_pickup,548.73,bank_transfer,Delhivery,approved
EXP000369,M001,2024-02-23,marketing,email_campaigns,2973.29,card,Urban Warehouse Services,approved
EXP000370,M001,2024-04-22,salaries,full_time,13395.36,UPI,Shiprocket,approved
EXP000371,M001,2024-02-08,warehouse,utilities,22515.41,UPI,BlueDart,approved
EXP000372,M001,2024-02-02,salaries,full_time,33711.48,bank_transfer,Urban Warehouse Services,approved
EXP000373,M001,2024-07-10,warehouse,rent,21144.37,bank_transfer,Delhivery,approved
EXP000374,M001,2024-01-19,warehouse,equipment,3980.36,card,Cashfree Fees,approved
EXP000375,M001,2024-01-27,warehouse,staff,24006.67,cash,BlueDart,approved
EXP000376,M001,2024-12-24,salaries,full_time,6981.68,bank_transfer,Bangalore Packaging Co,approved
EXP000377,M001,2024-12-25,warehouse,utilities,11026.67,bank_transfer,Urban Warehouse Services,approved
EXP000378,M001,2024-06-18,marketing,email_campaigns,13142.74,bank_transfer,BlueDart,approved
EXP000379,M001,2024-08-13,shipping,last_mile,14092.63,UPI,Delhivery,pending
EXP000380,M001,2024-11-12,warehouse,utilities,22226.84,card,Shiprocket,approved
EXP000381,M001,2024-02-15,salaries,contract,17758.2,cash,AdGrowth Marketing,pending
EXP000382,M001,2024-03-12,salaries,contract,26876.5,bank_transfer,Delhivery,approved
EXP000383,M001,2024-11-08,marketing,influencer,20982.78,bank_transfer,Ecom Express,approved
EXP000384,M001,2024-10-17,software,SaaS,1725.66,bank_transfer,Urban Warehouse Services,approved
EXP000385,M001,2024-06-13,salaries,full_time,31289.21,UPI,Urban Warehouse Services,pending
EXP000386,M001,2024-08-26,returns,quality_check,6604.52,bank_transfer,Bangalore Packaging Co,approved
EXP000387,M001,2024-01-25,marketing,influencer,17002.39,bank_transfer,Xpressbees,approved
EXP000388,M001,2024-08-04,returns,reverse_pickup,591.01,card,Delhivery,approved
EXP000389,M001,2024-08-20,salaries,overtime,37147.34,cash,Urban Warehouse Services,rejected
EXP000390,M001,2024-04-20,packaging,boxes,320.63,UPI,Bangalore Packaging Co,pending
EXP000391,M001,2024-06-15,salaries,incentives,21371.96,bank_transfer,Razorpay Fees,approved
EXP000392,M001,2024-11-23,packaging,tape,7502.49,card,Bangalore Packaging Co,pending
EXP000393,M001,2024-08-13,marketing,SEO,26504.48,bank_transfer,Delhivery,pending
EXP000394,M001,2024-03-12,shipping,surface,3562.84,UPI,Ecom Express,pending
EXP000395,M001,2024-10-23,shipping,surface,5320.55,UPI,Bangalore Packaging Co,approved
EXP000396,M001,2024-03-09,cloud,GCP,2220.25,card,Bangalore Packaging Co,rejected
EXP000397,M001,2024-01-27,marketing,email_campaigns,12416.76,cash,Xpressbees,approved
EXP000398,M001,2024-05-07,marketing,email_campaigns,18575.36,card,Ecom Express,pending
EXP000399,M001,2024-08-12,salaries,overtime,14264.66,card,BlueDart,approved
EXP000400,M001,2024-03-06,salaries,contract,24374.5,card,Urban Warehouse Services,pending
EXP000401,M001,2024-08-05,marketing,email_campaigns,26387.92,bank_transfer,Delhivery,pending
EXP000402,M001,2024-10-06,shipping,last_mile,969.17,bank_transfer,Ecom Express,approved
EXP000403,M001,2024-06-05,packaging,bubble_wrap,6014.26,card,Delhivery,approved
EXP000404,M001,2024-04-24,refunds,customer_refund,6855.15,UPI,Ecom Express,approved
EXP000405,M001,2024-09-24,cloud,storage,4614.57,cash,Ecom Express,approved
EXP000406,M001,2024-02-09,warehouse,staff,22598.13,UPI,Urban Warehouse Services,approved
EXP000407,M001,2024-11-07,salaries,overtime,17893.89,card,Xpressbees,approved
EXP000408,M001,2024-07-05,returns,quality_check,5718.92,card,Urban Warehouse Services,approved
EXP000409,M001,2024-06-01,shipping,air_freight,1354.42,bank_transfer,Bangalore Packaging Co,pending
EXP000410,M001,2024-04-11,warehouse,staff,25025.12,bank_transfer,Shiprocket,approved
EXP000411,M001,2024-11-12,software,SaaS,3662.02,card,Razorpay Fees,approved
EXP000412,M001,2024-12-13,shipping,last_mile,4708.97,bank_transfer,AdGrowth Marketing,pending
EXP000413,M001,2024-10-20,salaries,contract,9816.33,UPI,Cashfree Fees,approved
EXP000414,M001,2024-09-17,packaging,labels,1705.62,cash,BlueDart,approved
EXP000415,M001,2024-03-02,returns,reverse_pickup,5575.26,bank_transfer,Shiprocket,approved
EXP000416,M001,2024-11-09,marketing,SEO,16397.75,card,Ecom Express,approved
EXP000417,M001,2024-11-15,marketing,influencer,8575.68,bank_transfer,Razorpay Fees,rejected
EXP000418,M001,2024-11-13,warehouse,equipment,19257.42,UPI,AdGrowth Marketing,approved
EXP000419,M001,2024-05-20,marketing,SEO,21532.59,UPI,BlueDart,approved
EXP000420,M001,2024-04-08,warehouse,equipment,2358.13,UPI,Cashfree Fees,approved
EXP000421,M001,2024-10-19,shipping,air_freight,8073.05,bank_transfer,Xpressbees,pending
EXP000422,M001,2024-05-02,marketing,SEO,14276.01,bank_transfer,Urban Warehouse Services,approved
EXP000423,M001,2024-04-22,salaries,full_time,35353.4,bank_transfer,BlueDart,approved
EXP000424,M001,2024-12-05,salaries,contract,37535.73,bank_transfer,Razorpay Fees,approved
EXP000425,M001,2024-07-10,salaries,contract,28260.39,cash,BlueDart,rejected
EXP000426,M001,2024-11-16,warehouse,equipment,23070.17,cash,Delhivery,approved
EXP000427,M001,2024-09-26,salaries,overtime,16822.92,bank_transfer,Razorpay Fees,pending
EXP000428,M001,2024-05-17,warehouse,equipment,23381.65,UPI,AdGrowth Marketing,approved
EXP000429,M001,2024-05-29,shipping,surface,10987.62,bank_transfer,BlueDart,approved
EXP000430,M001,2024-01-29,packaging,tape,2521.13,card,Delhivery,pending
EXP000431,M001,2024-07-09,software,subscriptions,3708.36,card,Delhivery,approved
EXP000432,M001,2024-01-04,salaries,overtime,6718.13,bank_transfer,Cashfree Fees,approved
EXP000433,M001,2024-04-30,salaries,full_time,19700.44,bank_transfer,Cashfree Fees,approved
EXP000434,M001,2024-11-10,salaries,incentives,26364.73,cash,Urban Warehouse Services,pending
EXP000435,M001,2024-10-27,shipping,reverse_logistics,8562.3,UPI,Shiprocket,approved
EXP000436,M001,2024-01-07,salaries,incentives,24237.53,card,BlueDart,approved
EXP000437,M001,2024-02-10,shipping,surface,9688.08,UPI,Shiprocket,approved
EXP000438,M001,2024-10-01,returns,quality_check,6700.48,UPI,Xpressbees,pending
EXP000439,M001,2024-01-24,marketing,email_campaigns,12025.8,UPI,Ecom Express,approved
EXP000440,M001,2024-03-09,packaging,labels,3879.19,bank_transfer,Urban Warehouse Services,approved
EXP000441,M001,2024-11-03,marketing,SEO,9725.74,cash,Razorpay Fees,approved
EXP000442,M001,2024-11-26,payment_gateway,dispute_fee,5481.18,bank_transfer,Xpressbees,approved
EXP000443,M001,2024-11-19,warehouse,equipment,19658.31,card,Ecom Express,approved
EXP000444,M001,2024-12-19,warehouse,equipment,27428.32,UPI,Cashfree Fees,approved
EXP000445,M001,2024-01-23,salaries,overtime,17417.42,card,Delhivery,approved
EXP000446,M001,2024-12-28,packaging,bubble_wrap,100.0,bank_transfer,Xpressbees,approved
EXP000447,M001,2024-08-14,software,subscriptions,5174.5,bank_transfer,Xpressbees,approved
EXP000448,M001,2024-04-05,salaries,full_time,29110.0,UPI,Delhivery,approved
EXP000449,M001,2024-01-19,shipping,air_freight,12868.86,card,Xpressbees,approved
EXP000450,M001,2024-03-14,warehouse,staff,1983.72,bank_transfer,Delhivery,approved
EXP000451,M001,2024-04-05,marketing,influencer,9636.35,card,Xpressbees,pending
EXP000452,M001,2024-10-01,warehouse,utilities,6182.38,card,Shiprocket,approved
EXP000453,M001,2024-10-09,warehouse,staff,4868.76,UPI,BlueDart,approved
EXP000454,M001,2024-04-06,software,SaaS,4134.51,UPI,Delhivery,approved
EXP000455,M001,2024-02-14,software,licenses,242.24,cash,BlueDart,rejected
EXP000456,M001,2024-04-04,shipping,reverse_logistics,4227.25,UPI,Razorpay Fees,approved
EXP000457,M001,2024-03-25,marketing,email_campaigns,16155.79,bank_transfer,Razorpay Fees,rejected
EXP000458,M001,2024-09-24,marketing,email_campaigns,1696.67,bank_transfer,Delhivery,approved
EXP000459,M001,2024-10-08,salaries,incentives,9420.45,UPI,AdGrowth Marketing,approved
EXP000460,M001,2024-06-06,shipping,reverse_logistics,4654.77,UPI,BlueDart,approved
EXP000461,M001,2024-10-11,marketing,influencer,5066.81,bank_transfer,Bangalore Packaging Co,approved
EXP000462,M001,2024-04-25,marketing,influencer,7357.96,bank_transfer,BlueDart,approved
EXP000463,M001,2024-01-18,shipping,air_freight,3593.0,card,Razorpay Fees,pending
EXP000464,M001,2024-04-14,marketing,email_campaigns,18834.07,card,Ecom Express,approved
EXP000465,M001,2024-11-04,packaging,bubble_wrap,274.46,bank_transfer,Shiprocket,pending
EXP000466,M001,2024-06-26,marketing,SEO,3285.11,bank_transfer,Delhivery,pending
EXP000467,M001,2024-06-20,software,licenses,3940.77,card,Cashfree Fees,rejected
EXP000468,M001,2024-07-05,warehouse,utilities,23812.02,bank_transfer,Ecom Express,approved
EXP000469,M001,2024-10-17,packaging,tape,5910.7,bank_transfer,Delhivery,approved
EXP000470,M001,2024-12-03,shipping,surface,14180.57,bank_transfer,Bangalore Packaging Co,approved
EXP000471,M001,2024-09-14,salaries,full_time,24534.8,bank_transfer,Cashfree Fees,approved
EXP000472,M001,2024-02-07,refunds,partial_refund,7704.01,bank_transfer,Razorpay Fees,approved
EXP000473,M001,2024-12-12,packaging,tape,415.47,UPI,Ecom Express,approved
EXP000474,M001,2024-10-19,salaries,contract,28734.78,card,Cashfree Fees,approved
EXP000475,M001,2024-10-10,salaries,incentives,24301.17,UPI,Cashfree Fees,approved
EXP000476,M001,2024-01-26,warehouse,equipment,9130.0,bank_transfer,Cashfree Fees,approved
EXP000477,M001,2024-02-07,marketing,email_campaigns,19611.86,bank_transfer,Delhivery,approved
EXP000478,M001,2024-03-22,marketing,digital_ads,23023.98,UPI,AdGrowth Marketing,pending
EXP000479,M001,2024-07-22,returns,quality_check,593.57,bank_transfer,Cashfree Fees,approved
EXP000480,M001,2024-04-05,packaging,labels,3070.98,card,Ecom Express,approved
EXP000481,M001,2024-02-11,salaries,full_time,17367.4,UPI,Xpressbees,pending
EXP000482,M001,2024-09-08,software,licenses,4815.0,cash,Bangalore Packaging Co,approved
EXP000483,M001,2024-02-17,marketing,email_campaigns,18903.33,cash,Urban Warehouse Services,approved
EXP000484,M001,2024-05-29,packaging,bubble_wrap,8864.57,bank_transfer,Xpressbees,approved
EXP000485,M001,2024-08-13,marketing,SEO,4928.47,bank_transfer,Cashfree Fees,approved
EXP000486,M001,2024-06-11,marketing,email_campaigns,19343.86,bank_transfer,Cashfree Fees,approved
EXP000487,M001,2024-10-22,packaging,bubble_wrap,1925.77,bank_transfer,Razorpay Fees,approved
EXP000488,M001,2024-01-14,returns,quality_check,8793.31,bank_transfer,AdGrowth Marketing,approved
EXP000489,M001,2024-01-28,marketing,SEO,12840.45,cash,BlueDart,approved
EXP000490,M001,2024-09-07,shipping,surface,12221.33,UPI,BlueDart,approved
EXP000491,M001,2024-06-07,software,tools,212.56,bank_transfer,Xpressbees,approved
EXP000492,M001,2024-05-06,shipping,last_mile,8202.32,cash,AdGrowth Marketing,approved
EXP000493,M001,2024-05-10,refunds,customer_refund,4735.34,card,Xpressbees,pending
EXP000494,M001,2024-01-01,salaries,full_time,17535.57,bank_transfer,Xpressbees,pending
EXP000495,M001,2024-02-21,marketing,influencer,12247.17,bank_transfer,Razorpay Fees,approved
EXP000496,M001,2024-08-05,warehouse,utilities,11295.2,UPI,AdGrowth Marketing,rejected
EXP000497,M001,2024-02-25,shipping,reverse_logistics,9984.25,bank_transfer,Shiprocket,approved
EXP000498,M001,2024-07-28,salaries,contract,15229.8,bank_transfer,Bangalore Packaging Co,approved
EXP000499,M001,2024-04-14,marketing,digital_ads,28145.07,bank_transfer,Razorpay Fees,approved
EXP000500,M001,2024-08-04,packaging,boxes,1883.2,card,Shiprocket,approved
EXP000501,M001,2024-06-06,software,tools,3905.81,UPI,Xpressbees,approved
EXP000502,M001,2024-03-02,marketing,influencer,2574.75,bank_transfer,Cashfree Fees,approved
EXP000503,M001,2024-11-23,warehouse,utilities,1410.36,bank_transfer,Shiprocket,approved
EXP000504,M001,2024-01-13,packaging,boxes,2744.61,card,AdGrowth Marketing,pending
EXP000505,M001,2024-02-08,refunds,partial_refund,8790.86,bank_transfer,Urban Warehouse Services,pending
EXP000506,M001,2024-02-21,cloud,Azure,1950.58,card,Shiprocket,rejected
EXP000507,M001,2024-11-10,marketing,SEO,13560.4,card,Razorpay Fees,pending
EXP000508,M001,2024-06-06,marketing,influencer,7495.76,bank_transfer,Ecom Express,pending
EXP000509,M001,2024-05-03,salaries,contract,18396.2,bank_transfer,Urban Warehouse Services,approved
EXP000510,M001,2024-05-27,marketing,email_campaigns,5905.62,bank_transfer,Bangalore Packaging Co,rejected
EXP000511,M001,2024-03-11,returns,reverse_pickup,505.73,card,Bangalore Packaging Co,approved
EXP000512,M001,2024-07-05,shipping,air_freight,15047.95,UPI,Delhivery,approved
EXP000513,M001,2024-06-05,packaging,labels,6495.38,bank_transfer,Delhivery,rejected
EXP000514,M001,2024-04-20,warehouse,staff,23900.85,card,AdGrowth Marketing,approved
EXP000515,M001,2024-05-24,warehouse,rent,8872.57,cash,Xpressbees,approved
EXP000516,M001,2024-07-09,packaging,boxes,381.75,bank_transfer,Cashfree Fees,rejected
EXP000517,M001,2024-02-27,salaries,overtime,10259.64,bank_transfer,AdGrowth Marketing,approved
EXP000518,M001,2024-07-21,returns,reverse_pickup,4494.76,cash,Ecom Express,approved
EXP000519,M001,2024-01-23,salaries,contract,24598.64,card,Ecom Express,approved
EXP000520,M001,2024-06-05,packaging,boxes,4879.67,card,Shiprocket,approved
EXP000521,M001,2024-06-01,refunds,customer_refund,7384.76,card,Razorpay Fees,approved
EXP000522,M001,2024-12-08,packaging,labels,2091.26,bank_transfer,Ecom Express,pending
EXP000523,M001,2024-04-16,marketing,digital_ads,11168.42,bank_transfer,Bangalore Packaging Co,pending
EXP000524,M001,2024-05-17,shipping,air_freight,6428.52,cash,BlueDart,approved
EXP000525,M001,2024-10-11,shipping,reverse_logistics,5019.8,card,Ecom Express,approved
EXP000526,M001,2024-01-05,salaries,incentives,18625.23,bank_transfer,Xpressbees,pending
EXP000527,M001,2024-11-19,packaging,bubble_wrap,9106.22,UPI,Shiprocket,approved
EXP000528,M001,2024-03-11,returns,quality_check,9913.27,bank_transfer,Bangalore Packaging Co,approved
EXP000529,M001,2024-11-07,warehouse,rent,3736.0,bank_transfer,Delhivery,approved
EXP000530,M001,2024-01-05,warehouse,utilities,25764.06,card,AdGrowth Marketing,approved
EXP000531,M001,2024-04-01,warehouse,staff,7378.37,bank_transfer,Xpressbees,pending
EXP000532,M001,2024-10-21,cloud,AWS,1406.5,card,Shiprocket,pending
EXP000533,M001,2024-02-13,refunds,partial_refund,2106.1,bank_transfer,Cashfree Fees,approved
EXP000534,M001,2024-10-08,shipping,reverse_logistics,11157.17,card,Urban Warehouse Services,approved
EXP000535,M001,2024-04-08,warehouse,staff,2752.53,bank_transfer,Urban Warehouse Services,rejected
EXP000536,M001,2024-12-19,packaging,boxes,5564.99,bank_transfer,Delhivery,approved
EXP000537,M001,2024-03-30,returns,quality_check,4965.39,UPI,AdGrowth Marketing,rejected
EXP000538,M001,2024-03-16,salaries,overtime,33070.0,bank_transfer,BlueDart,rejected
EXP000539,M001,2024-12-06,packaging,boxes,337.93,bank_transfer,AdGrowth Marketing,approved
EXP000540,M001,2024-01-26,warehouse,staff,4747.01,card,Razorpay Fees,approved
EXP000541,M001,2024-11-10,payment_gateway,dispute_fee,7694.96,UPI,Ecom Express,rejected
EXP000542,M001,2024-01-26,salaries,contract,26900.39,card,Urban Warehouse Services,approved
EXP000543,M001,2024-01-18,payment_gateway,dispute_fee,4494.5,UPI,Razorpay Fees,approved
EXP000544,M001,2024-10-19,packaging,tape,4256.06,bank_transfer,Ecom Express,pending
EXP000545,M001,2024-01-20,packaging,tape,920.12,cash,Razorpay Fees,approved
EXP000546,M001,2024-11-13,packaging,boxes,8693.4,card,Delhivery,pending
EXP000547,M001,2024-07-09,salaries,incentives,28381.42,UPI,Xpressbees,approved
EXP000548,M001,2024-03-13,salaries,full_time,36245.57,card,AdGrowth Marketing,pending
EXP000549,M001,2024-01-10,marketing,influencer,25860.24,bank_transfer,Ecom Express,pending
EXP000550,M001,2024-01-24,refunds,chargeback,2187.47,bank_transfer,Shiprocket,rejected
EXP000551,M001,2024-10-14,marketing,digital_ads,10286.45,bank_transfer,Delhivery,approved
EXP000552,M001,2024-01-12,shipping,reverse_logistics,11756.84,card,Urban Warehouse Services,approved
EXP000553,M001,2024-10-30,shipping,surface,310.42,UPI,Delhivery,rejected
EXP000554,M001,2024-01-27,software,subscriptions,5520.53,UPI,Delhivery,approved
EXP000555,M001,2024-11-16,returns,quality_check,5198.95,UPI,Urban Warehouse Services,approved
EXP000556,M001,2024-12-16,salaries,overtime,39602.76,bank_transfer,Bangalore Packaging Co,approved
EXP000557,M001,2024-09-14,packaging,labels,9411.19,bank_transfer,Razorpay Fees,approved
EXP000558,M001,2024-02-01,packaging,tape,2767.54,bank_transfer,Cashfree Fees,approved
EXP000559,M001,2024-01-25,salaries,incentives,13873.9,UPI,Urban Warehouse Services,approved
EXP000560,M001,2024-04-16,marketing,digital_ads,29542.96,card,AdGrowth Marketing,approved
EXP000561,M001,2024-11-03,shipping,reverse_logistics,7372.73,bank_transfer,Urban Warehouse Services,approved
EXP000562,M001,2024-05-30,salaries,full_time,28474.85,bank_transfer,Urban Warehouse Services,pending
EXP000563,M001,2024-01-04,marketing,SEO,25840.14,card,Delhivery,approved
EXP000564,M001,2024-03-07,payment_gateway,dispute_fee,9396.45,bank_transfer,BlueDart,approved
EXP000565,M001,2024-07-24,marketing,digital_ads,17125.98,card,Shiprocket,approved
EXP000566,M001,2024-04-13,marketing,SEO,5439.82,bank_transfer,BlueDart,approved
EXP000567,M001,2024-05-09,returns,restocking,6257.98,UPI,AdGrowth Marketing,approved
EXP000568,M001,2024-04-29,marketing,SEO,28860.68,bank_transfer,Cashfree Fees,approved
EXP000569,M001,2024-08-21,shipping,surface,11689.74,UPI,Delhivery,approved
EXP000570,M001,2024-04-17,warehouse,rent,17593.88,bank_transfer,Xpressbees,pending
EXP000571,M001,2024-08-03,shipping,reverse_logistics,6094.67,bank_transfer,Ecom Express,approved
EXP000572,M001,2024-12-30,packaging,bubble_wrap,6603.25,bank_transfer,Razorpay Fees,approved
EXP000573,M001,2024-11-30,cloud,GCP,5070.33,bank_transfer,BlueDart,approved
EXP000574,M001,2024-10-29,shipping,air_freight,1803.41,cash,Shiprocket,approved
EXP000575,M001,2024-05-29,refunds,chargeback,2993.63,cash,Xpressbees,approved
EXP000576,M001,2024-12-28,marketing,email_campaigns,20107.58,bank_transfer,Shiprocket,approved
EXP000577,M001,2024-05-11,software,subscriptions,2011.54,bank_transfer,Delhivery,approved
EXP000578,M001,2024-07-07,warehouse,utilities,25621.67,card,Delhivery,approved
EXP000579,M001,2024-05-07,salaries,contract,10593.21,UPI,Bangalore Packaging Co,approved
EXP000580,M001,2024-10-30,salaries,contract,13575.92,bank_transfer,Urban Warehouse Services,approved
EXP000581,M001,2024-11-19,cloud,Azure,5142.45,UPI,Delhivery,approved
EXP000582,M001,2024-12-11,shipping,reverse_logistics,11861.59,card,Urban Warehouse Services,approved
EXP000583,M001,2024-08-08,packaging,tape,3405.54,bank_transfer,Urban Warehouse Services,approved
EXP000584,M001,2024-12-30,packaging,boxes,5773.78,cash,Ecom Express,approved
EXP000585,M001,2024-06-29,shipping,last_mile,8501.41,bank_transfer,Bangalore Packaging Co,approved
EXP000586,M001,2024-11-25,shipping,surface,1238.66,bank_transfer,Cashfree Fees,approved
EXP000587,M001,2024-07-04,cloud,AWS,1132.26,UPI,Ecom Express,approved
EXP000588,M001,2024-10-26,returns,quality_check,9941.03,card,Razorpay Fees,approved
EXP000589,M001,2024-08-12,shipping,reverse_logistics,14740.5,UPI,Bangalore Packaging Co,approved
EXP000590,M001,2024-10-02,salaries,incentives,8267.01,bank_transfer,Cashfree Fees,approved
EXP000591,M001,2024-02-29,salaries,contract,10931.77,bank_transfer,Cashfree Fees,rejected
EXP000592,M001,2024-12-26,marketing,SEO,2895.09,UPI,Xpressbees,approved
EXP000593,M001,2024-12-14,cloud,storage,2099.5,card,Ecom Express,pending
EXP000594,M001,2024-11-06,shipping,last_mile,3904.79,bank_transfer,Ecom Express,approved
EXP000595,M001,2024-09-07,warehouse,equipment,19806.71,card,AdGrowth Marketing,approved
EXP000596,M001,2024-07-04,packaging,boxes,5260.55,bank_transfer,Bangalore Packaging Co,pending
EXP000597,M001,2024-05-05,salaries,full_time,21487.78,bank_transfer,BlueDart,approved
EXP000598,M001,2024-04-30,marketing,SEO,1417.22,UPI,Delhivery,approved
EXP000599,M001,2024-01-29,salaries,contract,30702.55,UPI,Shiprocket,approved
EXP000600,M001,2024-10-02,salaries,full_time,13155.29,UPI,Ecom Express,approved
EXP000601,M001,2024-02-15,shipping,air_freight,6630.93,card,Razorpay Fees,approved
EXP000602,M001,2024-12-15,software,licenses,3736.77,card,Cashfree Fees,approved
EXP000603,M001,2024-03-14,salaries,contract,29428.79,UPI,Urban Warehouse Services,rejected
EXP000604,M001,2024-10-28,packaging,tape,4148.89,UPI,BlueDart,approved
EXP000605,M001,2024-09-13,marketing,SEO,11784.26,card,Cashfree Fees,approved
EXP000606,M001,2024-01-09,packaging,bubble_wrap,4024.2,card,Delhivery,approved
EXP000607,M001,2024-04-01,marketing,digital_ads,25673.03,bank_transfer,Razorpay Fees,approved
EXP000608,M001,2024-03-27,packaging,bubble_wrap,3414.78,bank_transfer,Ecom Express,approved
EXP000609,M001,2024-10-12,warehouse,equipment,5271.09,bank_transfer,Razorpay Fees,approved
EXP000610,M001,2024-01-06,shipping,reverse_logistics,14370.05,UPI,Urban Warehouse Services,rejected
EXP000611,M001,2024-05-09,marketing,email_campaigns,15742.34,UPI,Cashfree Fees,approved
EXP000612,M001,2024-04-18,cloud,Azure,2983.84,bank_transfer,Urban Warehouse Services,approved
EXP000613,M001,2024-03-31,warehouse,utilities,18069.41,bank_transfer,Urban Warehouse Services,approved
EXP000614,M001,2024-03-18,shipping,air_freight,1562.97,UPI,Ecom Express,approved
EXP000615,M001,2024-03-08,software,SaaS,3963.11,bank_transfer,Xpressbees,rejected
EXP000616,M001,2024-11-17,salaries,incentives,18123.45,bank_transfer,Urban Warehouse Services,approved
EXP000617,M001,2024-09-15,warehouse,staff,19035.25,bank_transfer,BlueDart,pending
EXP000618,M001,2024-11-03,salaries,overtime,33179.07,cash,Xpressbees,approved
EXP000619,M001,2024-10-18,shipping,last_mile,4099.18,bank_transfer,Delhivery,pending
EXP000620,M001,2024-05-10,packaging,tape,9123.87,card,Urban Warehouse Services,pending
EXP000621,M001,2024-06-18,packaging,labels,9251.32,bank_transfer,Cashfree Fees,approved
EXP000622,M001,2024-07-06,refunds,partial_refund,9459.2,cash,Ecom Express,approved
EXP000623,M001,2024-03-20,marketing,digital_ads,3252.65,bank_transfer,Bangalore Packaging Co,approved
EXP000624,M001,2024-11-20,marketing,email_campaigns,2241.03,cash,Delhivery,approved
EXP000625,M001,2024-04-27,marketing,influencer,7912.41,bank_transfer,Ecom Express,approved
EXP000626,M001,2024-04-21,refunds,chargeback,2396.39,card,BlueDart,approved
EXP000627,M001,2024-12-12,marketing,SEO,18236.72,UPI,Razorpay Fees,approved
EXP000628,M001,2024-08-24,warehouse,staff,20660.76,UPI,BlueDart,approved
EXP000629,M001,2024-06-15,marketing,influencer,10126.53,cash,Shiprocket,approved
EXP000630,M001,2024-10-25,shipping,last_mile,12655.48,UPI,Delhivery,approved
EXP000631,M001,2024-04-10,refunds,chargeback,4353.94,card,Cashfree Fees,rejected
EXP000632,M001,2024-12-24,cloud,AWS,2032.26,card,BlueDart,approved
EXP000633,M001,2024-07-18,warehouse,utilities,12402.36,UPI,Ecom Express,pending
EXP000634,M001,2024-08-23,shipping,last_mile,3571.59,cash,Bangalore Packaging Co,approved
EXP000635,M001,2024-03-18,marketing,SEO,17827.48,card,Urban Warehouse Services,approved
EXP000636,M001,2024-12-10,refunds,customer_refund,5382.69,bank_transfer,Razorpay Fees,approved
EXP000637,M001,2024-11-14,shipping,reverse_logistics,1669.51,bank_transfer,Razorpay Fees,approved
EXP000638,M001,2024-09-16,marketing,digital_ads,3381.93,card,Xpressbees,pending
EXP000639,M001,2024-08-24,salaries,full_time,7160.91,bank_transfer,Delhivery,approved
EXP000640,M001,2024-12-11,salaries,contract,21726.82,cash,Ecom Express,approved
EXP000641,M001,2024-02-10,cloud,Azure,1273.84,card,Razorpay Fees,approved
EXP000642,M001,2024-10-16,shipping,surface,14569.19,bank_transfer,AdGrowth Marketing,pending
EXP000643,M001,2024-07-29,salaries,contract,31472.31,card,Xpressbees,pending
EXP000644,M001,2024-11-26,marketing,digital_ads,20626.87,UPI,Razorpay Fees,approved
EXP000645,M001,2024-07-05,marketing,influencer,17547.12,bank_transfer,Bangalore Packaging Co,approved
EXP000646,M001,2024-03-22,marketing,SEO,22379.66,UPI,Cashfree Fees,approved
EXP000647,M001,2024-03-22,warehouse,rent,2129.36,bank_transfer,Bangalore Packaging Co,pending
EXP000648,M001,2024-03-18,salaries,contract,7035.48,bank_transfer,BlueDart,pending
EXP000649,M001,2024-09-21,software,tools,2825.63,bank_transfer,Cashfree Fees,approved
EXP000650,M001,2024-09-02,marketing,email_campaigns,14383.56,cash,Cashfree Fees,approved
EXP000651,M001,2024-10-05,refunds,customer_refund,6644.86,bank_transfer,Urban Warehouse Services,approved
EXP000652,M001,2024-02-26,salaries,full_time,29346.61,card,Cashfree Fees,rejected
EXP000653,M001,2024-05-03,shipping,last_mile,11742.0,bank_transfer,BlueDart,pending
EXP000654,M001,2024-08-24,refunds,partial_refund,2547.69,bank_transfer,Bangalore Packaging Co,pending
EXP000655,M001,2024-07-06,returns,reverse_pickup,7662.47,bank_transfer,AdGrowth Marketing,pending
EXP000656,M001,2024-03-09,warehouse,equipment,7356.51,bank_transfer,Cashfree Fees,approved
EXP000657,M001,2024-09-25,salaries,overtime,28899.31,bank_transfer,Bangalore Packaging Co,approved
EXP000658,M001,2024-12-09,salaries,full_time,38880.0,bank_transfer,Urban Warehouse Services,approved
EXP000659,M001,2024-10-05,marketing,SEO,7161.99,bank_transfer,BlueDart,approved
EXP000660,M001,2024-03-10,warehouse,utilities,21595.97,bank_transfer,Ecom Express,approved
EXP000661,M001,2024-01-28,shipping,surface,12822.75,UPI,Urban Warehouse Services,approved
EXP000662,M001,2024-07-18,warehouse,rent,6791.15,card,BlueDart,approved
EXP000663,M001,2024-09-20,software,SaaS,4497.98,bank_transfer,Shiprocket,approved
EXP000664,M001,2024-07-21,packaging,boxes,5289.31,card,Xpressbees,approved
EXP000665,M001,2024-12-08,salaries,contract,28563.03,card,Delhivery,pending
EXP000666,M001,2024-02-01,salaries,overtime,9664.4,card,BlueDart,approved
EXP000667,M001,2024-04-29,warehouse,rent,11911.24,card,Xpressbees,pending
EXP000668,M001,2024-10-12,software,licenses,1311.06,card,Xpressbees,approved
EXP000669,M001,2024-01-06,marketing,email_campaigns,28737.82,bank_transfer,Xpressbees,rejected
EXP000670,M001,2024-07-05,marketing,influencer,3697.09,UPI,Ecom Express,pending
EXP000671,M001,2024-01-30,marketing,email_campaigns,18295.67,bank_transfer,Razorpay Fees,approved
EXP000672,M001,2024-11-03,returns,restocking,5341.83,bank_transfer,AdGrowth Marketing,approved
EXP000673,M001,2024-01-13,shipping,air_freight,11843.16,cash,Ecom Express,pending
EXP000674,M001,2024-11-08,shipping,surface,4965.42,bank_transfer,Razorpay Fees,approved
EXP000675,M001,2024-03-25,software,subscriptions,1355.86,card,Razorpay Fees,approved
EXP000676,M001,2024-06-25,shipping,last_mile,10988.68,bank_transfer,BlueDart,pending
EXP000677,M001,2024-11-07,salaries,contract,10399.47,card,Shiprocket,approved
EXP000678,M001,2024-10-25,salaries,contract,38874.15,bank_transfer,BlueDart,pending
EXP000679,M001,2024-01-12,returns,quality_check,7567.44,UPI,Xpressbees,approved
EXP000680,M001,2024-08-13,salaries,full_time,20506.59,bank_transfer,Shiprocket,pending
EXP000681,M001,2024-10-27,marketing,SEO,16560.39,card,Urban Warehouse Services,approved
EXP000682,M001,2024-05-22,salaries,full_time,12698.59,bank_transfer,Ecom Express,pending
EXP000683,M001,2024-04-02,returns,restocking,3427.03,card,Razorpay Fees,approved
EXP000684,M001,2024-01-14,warehouse,equipment,16376.13,bank_transfer,Shiprocket,approved
EXP000685,M001,2024-02-18,shipping,air_freight,12234.69,bank_transfer,Ecom Express,approved
EXP000686,M001,2024-01-21,salaries,full_time,30930.45,bank_transfer,Urban Warehouse Services,approved
EXP000687,M001,2024-10-01,refunds,customer_refund,3661.22,UPI,AdGrowth Marketing,pending
EXP000688,M001,2024-04-05,marketing,digital_ads,14363.11,card,Shiprocket,approved
EXP000689,M001,2024-01-02,payment_gateway,transaction_fee,6180.78,cash,Shiprocket,approved
EXP000690,M001,2024-05-23,shipping,air_freight,3308.91,bank_transfer,AdGrowth Marketing,pending
EXP000691,M001,2024-01-07,warehouse,equipment,3121.7,card,Ecom Express,pending
EXP000692,M001,2024-01-27,cloud,GCP,2854.02,bank_transfer,Xpressbees,approved
EXP000693,M001,2024-08-12,cloud,AWS,3535.49,card,Urban Warehouse Services,approved
EXP000694,M001,2024-05-02,packaging,bubble_wrap,9301.91,bank_transfer,Bangalore Packaging Co,approved
EXP000695,M001,2024-10-09,marketing,influencer,9434.3,bank_transfer,Razorpay Fees,approved
EXP000696,M001,2024-08-12,warehouse,equipment,9784.27,bank_transfer,AdGrowth Marketing,approved
EXP000697,M001,2024-05-09,salaries,overtime,29271.98,bank_transfer,Cashfree Fees,approved
EXP000698,M001,2024-11-16,refunds,partial_refund,4025.81,bank_transfer,Delhivery,approved
EXP000699,M001,2024-10-29,salaries,contract,24387.47,card,Bangalore Packaging Co,approved
EXP000700,M001,2024-11-06,shipping,surface,12013.75,card,Urban Warehouse Services,approved
EXP000701,M001,2024-09-05,shipping,last_mile,8767.96,bank_transfer,Razorpay Fees,approved
EXP000702,M001,2024-05-03,shipping,last_mile,14260.88,cash,Razorpay Fees,approved
EXP000703,M001,2024-06-06,cloud,Azure,2158.08,bank_transfer,Xpressbees,approved
EXP000704,M001,2024-09-22,cloud,storage,4533.68,bank_transfer,AdGrowth Marketing,pending
EXP000705,M001,2024-02-04,salaries,contract,24766.57,cash,Ecom Express,approved
EXP000706,M001,2024-06-04,warehouse,utilities,7071.23,card,AdGrowth Marketing,approved
EXP000707,M001,2024-12-12,packaging,boxes,946.15,UPI,Ecom Express,approved
EXP000708,M001,2024-11-15,marketing,SEO,6525.58,bank_transfer,BlueDart,pending
EXP000709,M001,2024-04-23,payment_gateway,settlement_charge,9856.15,UPI,Xpressbees,approved
EXP000710,M001,2024-11-11,salaries,incentives,11631.51,card,Razorpay Fees,approved
EXP000711,M001,2024-08-16,marketing,digital_ads,28670.42,cash,Bangalore Packaging Co,pending
EXP000712,M001,2024-08-16,refunds,partial_refund,8231.11,bank_transfer,Delhivery,approved
EXP000713,M001,2024-12-24,warehouse,equipment,9154.96,card,Cashfree Fees,approved
EXP000714,M001,2024-07-20,shipping,surface,199.63,UPI,BlueDart,approved
EXP000715,M001,2024-12-12,marketing,digital_ads,19318.13,cash,Urban Warehouse Services,approved
EXP000716,M001,2024-01-07,packaging,boxes,6491.8,UPI,Razorpay Fees,approved
EXP000717,M001,2024-08-14,refunds,chargeback,3993.36,bank_transfer,Bangalore Packaging Co,approved
EXP000718,M001,2024-01-23,marketing,digital_ads,1582.22,card,Urban Warehouse Services,rejected
EXP000719,M001,2024-12-29,salaries,contract,18915.21,bank_transfer,Razorpay Fees,rejected
EXP000720,M001,2024-10-05,payment_gateway,settlement_charge,1198.83,bank_transfer,Bangalore Packaging Co,rejected
EXP000721,M001,2024-07-30,shipping,air_freight,15177.97,card,AdGrowth Marketing,approved
EXP000722,M001,2024-12-07,salaries,incentives,17558.8,bank_transfer,Urban Warehouse Services,approved
EXP000723,M001,2024-11-04,software,subscriptions,5104.93,cash,Delhivery,approved
EXP000724,M001,2024-11-16,marketing,email_campaigns,13609.98,bank_transfer,Urban Warehouse Services,approved
EXP000725,M001,2024-05-15,marketing,SEO,7556.92,bank_transfer,Delhivery,approved
EXP000726,M001,2024-01-27,warehouse,staff,13501.17,bank_transfer,Urban Warehouse Services,approved
EXP000727,M001,2024-09-15,returns,quality_check,1081.43,UPI,Cashfree Fees,pending
EXP000728,M001,2024-05-25,cloud,storage,4521.82,UPI,Shiprocket,approved
EXP000729,M001,2024-11-23,salaries,incentives,36473.73,cash,BlueDart,approved
EXP000730,M001,2024-09-06,shipping,last_mile,11917.12,card,AdGrowth Marketing,approved
EXP000731,M001,2024-08-25,returns,quality_check,100.0,bank_transfer,Razorpay Fees,rejected
EXP000732,M001,2024-10-11,software,licenses,2342.18,bank_transfer,Urban Warehouse Services,rejected
EXP000733,M001,2024-06-14,marketing,digital_ads,20359.78,bank_transfer,Ecom Express,approved
EXP000734,M001,2024-10-20,salaries,full_time,12141.78,card,Ecom Express,pending
EXP000735,M001,2024-03-06,warehouse,staff,29547.12,UPI,Xpressbees,pending
EXP000736,M001,2024-12-29,salaries,contract,22883.73,UPI,Bangalore Packaging Co,pending
EXP000737,M001,2024-10-28,packaging,bubble_wrap,8815.73,bank_transfer,Shiprocket,approved
EXP000738,M001,2024-11-15,marketing,digital_ads,21018.68,bank_transfer,Razorpay Fees,approved
EXP000739,M001,2024-05-20,marketing,digital_ads,10630.79,card,Urban Warehouse Services,approved
EXP000740,M001,2024-01-20,packaging,bubble_wrap,4128.95,bank_transfer,Delhivery,approved
EXP000741,M001,2024-08-08,salaries,contract,7608.22,bank_transfer,Ecom Express,approved
EXP000742,M001,2024-10-09,packaging,boxes,2597.32,cash,Ecom Express,approved
EXP000743,M001,2024-08-22,packaging,tape,1297.28,cash,Cashfree Fees,approved
EXP000744,M001,2024-12-03,returns,reverse_pickup,1811.98,UPI,Xpressbees,pending
EXP000745,M001,2024-04-05,marketing,influencer,13514.44,bank_transfer,Cashfree Fees,pending
EXP000746,M001,2024-07-01,shipping,reverse_logistics,1898.52,bank_transfer,BlueDart,approved
EXP000747,M001,2024-12-19,warehouse,staff,27153.65,bank_transfer,Delhivery,approved
EXP000748,M001,2024-01-09,marketing,influencer,14621.25,bank_transfer,Shiprocket,approved
EXP000749,M001,2024-10-23,marketing,influencer,20249.79,bank_transfer,Ecom Express,approved
EXP000750,M001,2024-10-31,warehouse,rent,3603.28,bank_transfer,AdGrowth Marketing,rejected
EXP000751,M001,2024-02-09,salaries,contract,11381.32,UPI,Shiprocket,pending
EXP000752,M001,2024-06-07,shipping,reverse_logistics,9392.63,card,Delhivery,approved
EXP000753,M001,2024-01-30,salaries,overtime,9111.07,card,Razorpay Fees,approved
EXP000754,M001,2024-08-20,cloud,storage,2407.86,bank_transfer,Shiprocket,approved
EXP000755,M001,2024-04-16,salaries,contract,30032.43,UPI,Delhivery,approved
EXP000756,M001,2024-02-07,salaries,incentives,24024.58,bank_transfer,BlueDart,approved
EXP000757,M001,2024-07-30,salaries,full_time,32959.39,bank_transfer,Shiprocket,approved
EXP000758,M001,2024-11-30,salaries,full_time,22653.93,bank_transfer,Ecom Express,approved
EXP000759,M001,2024-12-13,shipping,air_freight,1017.67,bank_transfer,Xpressbees,pending
EXP000760,M001,2024-04-28,packaging,boxes,184.94,card,Xpressbees,approved
EXP000761,M001,2024-11-09,packaging,labels,1311.32,bank_transfer,AdGrowth Marketing,approved
EXP000762,M001,2024-08-04,warehouse,staff,9557.1,bank_transfer,Bangalore Packaging Co,approved
EXP000763,M001,2024-12-23,shipping,air_freight,7311.0,bank_transfer,Ecom Express,approved
EXP000764,M001,2024-01-16,salaries,contract,12669.34,bank_transfer,Delhivery,approved
EXP000765,M001,2024-06-20,shipping,last_mile,12370.6,UPI,Bangalore Packaging Co,approved
EXP000766,M001,2024-11-23,packaging,labels,2941.99,card,AdGrowth Marketing,pending
EXP000767,M001,2024-09-03,marketing,digital_ads,24295.78,UPI,Cashfree Fees,approved
EXP000768,M001,2024-10-23,shipping,surface,15595.11,bank_transfer,AdGrowth Marketing,approved
EXP000769,M001,2024-05-26,salaries,overtime,31786.81,UPI,Bangalore Packaging Co,approved
EXP000770,M001,2024-09-13,refunds,customer_refund,2525.89,bank_transfer,Delhivery,approved
EXP000771,M001,2024-06-23,refunds,partial_refund,5563.67,bank_transfer,Cashfree Fees,pending
EXP000772,M001,2024-10-01,warehouse,utilities,18680.34,bank_transfer,Urban Warehouse Services,approved
EXP000773,M001,2024-01-29,shipping,surface,4828.12,card,Ecom Express,pending
EXP000774,M001,2024-10-03,marketing,email_campaigns,12113.08,bank_transfer,Ecom Express,approved
EXP000775,M001,2024-11-13,packaging,tape,4902.73,bank_transfer,Urban Warehouse Services,pending
EXP000776,M001,2024-12-11,marketing,SEO,4383.42,bank_transfer,Shiprocket,approved
EXP000777,M001,2024-10-15,marketing,digital_ads,14284.15,card,Cashfree Fees,approved
EXP000778,M001,2024-09-26,salaries,incentives,8094.04,UPI,Bangalore Packaging Co,pending
EXP000779,M001,2024-07-13,shipping,last_mile,5482.89,UPI,Shiprocket,pending
EXP000780,M001,2024-05-15,shipping,air_freight,14351.11,bank_transfer,Cashfree Fees,approved
EXP000781,M001,2024-10-07,marketing,email_campaigns,21998.4,cash,Cashfree Fees,pending
EXP000782,M001,2024-09-24,salaries,overtime,23000.89,bank_transfer,Xpressbees,approved
EXP000783,M001,2024-04-26,marketing,email_campaigns,27595.92,UPI,Delhivery,approved
EXP000784,M001,2024-01-25,payment_gateway,dispute_fee,7180.53,bank_transfer,Bangalore Packaging Co,approved
EXP000785,M001,2024-03-23,salaries,incentives,26164.07,UPI,Ecom Express,approved
EXP000786,M001,2024-10-08,marketing,email_campaigns,10794.9,UPI,Razorpay Fees,pending
EXP000787,M001,2024-03-15,cloud,Azure,5746.25,bank_transfer,Xpressbees,pending
EXP000788,M001,2024-07-09,packaging,bubble_wrap,3639.26,UPI,Razorpay Fees,approved
EXP000789,M001,2024-02-02,marketing,influencer,10318.15,cash,Delhivery,approved
EXP000790,M001,2024-06-06,warehouse,rent,7909.94,bank_transfer,Urban Warehouse Services,approved
EXP000791,M001,2024-02-26,warehouse,rent,1792.37,cash,Xpressbees,pending
EXP000792,M001,2024-01-23,refunds,chargeback,9080.91,bank_transfer,Razorpay Fees,approved
EXP000793,M001,2024-08-31,warehouse,rent,22026.91,card,Urban Warehouse Services,rejected
EXP000794,M001,2024-11-13,payment_gateway,settlement_charge,8414.76,bank_transfer,Urban Warehouse Services,approved
EXP000795,M001,2024-05-24,marketing,influencer,17066.51,bank_transfer,Delhivery,approved
EXP000796,M001,2024-01-23,warehouse,staff,24159.54,cash,Ecom Express,pending
EXP000797,M001,2024-12-29,shipping,surface,2765.93,cash,AdGrowth Marketing,approved
EXP000798,M001,2024-07-30,packaging,tape,5489.06,bank_transfer,Shiprocket,approved
EXP000799,M001,2024-08-29,software,subscriptions,2514.19,bank_transfer,Razorpay Fees,approved
EXP000800,M001,2024-09-04,salaries,full_time,39168.99,cash,BlueDart,approved
EXP000801,M001,2024-11-23,refunds,partial_refund,3274.69,card,Bangalore Packaging Co,approved
EXP000802,M001,2024-11-10,shipping,air_freight,2107.34,bank_transfer,Shiprocket,approved
EXP000803,M001,2024-05-17,marketing,email_campaigns,13432.0,card,Urban Warehouse Services,approved
EXP000804,M001,2024-11-23,refunds,partial_refund,2116.3,bank_transfer,BlueDart,approved
EXP000805,M001,2024-09-21,salaries,full_time,29469.36,card,Shiprocket,approved
EXP000806,M001,2024-11-13,shipping,air_freight,1076.04,bank_transfer,Xpressbees,approved
EXP000807,M001,2024-10-05,cloud,Azure,1865.48,UPI,Ecom Express,approved
EXP000808,M001,2024-12-24,returns,restocking,3772.99,card,Razorpay Fees,approved
EXP000809,M001,2024-03-04,marketing,digital_ads,27378.44,UPI,Urban Warehouse Services,approved
EXP000810,M001,2024-08-17,returns,reverse_pickup,729.31,bank_transfer,Ecom Express,approved
EXP000811,M001,2024-08-14,salaries,overtime,27771.55,bank_transfer,Shiprocket,pending
EXP000812,M001,2024-01-12,salaries,overtime,23298.38,card,Delhivery,approved
EXP000813,M001,2024-04-14,marketing,influencer,4384.89,bank_transfer,Ecom Express,approved
EXP000814,M001,2024-06-07,salaries,contract,27594.93,cash,BlueDart,approved
EXP000815,M001,2024-01-30,warehouse,equipment,10908.29,card,Urban Warehouse Services,pending
EXP000816,M001,2024-08-18,software,licenses,1589.58,bank_transfer,Shiprocket,approved
EXP000817,M001,2024-08-19,marketing,SEO,12807.19,UPI,Ecom Express,approved
EXP000818,M001,2024-08-23,warehouse,staff,8445.73,bank_transfer,Shiprocket,approved
EXP000819,M001,2024-09-21,packaging,bubble_wrap,4699.67,bank_transfer,Urban Warehouse Services,approved
EXP000820,M001,2024-12-15,marketing,influencer,2009.2,card,Razorpay Fees,approved
EXP000821,M001,2024-10-01,marketing,digital_ads,13015.66,card,Bangalore Packaging Co,pending
EXP000822,M001,2024-07-07,payment_gateway,dispute_fee,8946.18,card,Shiprocket,approved
EXP000823,M001,2024-10-28,packaging,tape,606.1,UPI,Cashfree Fees,pending
EXP000824,M001,2024-10-31,salaries,contract,37186.14,bank_transfer,Delhivery,approved
EXP000825,M001,2024-12-08,cloud,GCP,884.07,bank_transfer,Urban Warehouse Services,rejected
EXP000826,M001,2024-11-29,software,licenses,2127.37,bank_transfer,Bangalore Packaging Co,approved
EXP000827,M001,2024-01-08,packaging,boxes,1352.1,bank_transfer,BlueDart,pending
EXP000828,M001,2024-09-12,salaries,full_time,24197.19,card,Bangalore Packaging Co,approved
EXP000829,M001,2024-01-26,salaries,incentives,8835.39,card,Bangalore Packaging Co,approved
EXP000830,M001,2024-05-17,marketing,influencer,13130.62,bank_transfer,Razorpay Fees,pending
EXP000831,M001,2024-01-02,payment_gateway,dispute_fee,1249.99,bank_transfer,Shiprocket,approved
EXP000832,M001,2024-01-21,payment_gateway,settlement_charge,9693.15,UPI,Shiprocket,approved
EXP000833,M001,2024-10-30,salaries,incentives,21085.45,card,Delhivery,approved
EXP000834,M001,2024-02-02,returns,reverse_pickup,3101.87,card,Shiprocket,approved
EXP000835,M001,2024-04-19,shipping,reverse_logistics,7261.41,bank_transfer,Delhivery,approved
EXP000836,M001,2024-09-18,warehouse,equipment,11419.47,bank_transfer,Cashfree Fees,pending
EXP000837,M001,2024-12-19,packaging,boxes,8977.94,bank_transfer,BlueDart,approved
EXP000838,M001,2024-04-12,marketing,digital_ads,12992.38,card,Razorpay Fees,approved
EXP000839,M001,2024-03-01,shipping,reverse_logistics,12752.37,bank_transfer,Urban Warehouse Services,approved
EXP000840,M001,2024-08-13,shipping,last_mile,5794.91,UPI,Razorpay Fees,approved
EXP000841,M001,2024-03-28,marketing,SEO,28240.15,bank_transfer,BlueDart,approved
EXP000842,M001,2024-08-01,shipping,last_mile,13663.85,card,Shiprocket,approved
EXP000843,M001,2024-09-06,shipping,surface,5324.46,card,Delhivery,approved
EXP000844,M001,2024-05-26,software,tools,5787.58,card,AdGrowth Marketing,approved
EXP000845,M001,2024-12-06,warehouse,rent,20941.69,bank_transfer,Urban Warehouse Services,approved
EXP000846,M001,2024-04-05,shipping,surface,12499.62,UPI,Urban Warehouse Services,approved
EXP000847,M001,2024-06-27,shipping,last_mile,4339.24,bank_transfer,Cashfree Fees,approved
EXP000848,M001,2024-08-12,cloud,Azure,5720.92,UPI,Shiprocket,approved
EXP000849,M001,2024-02-29,warehouse,rent,25850.08,card,Delhivery,approved
EXP000850,M001,2024-04-17,marketing,SEO,10320.88,bank_transfer,Xpressbees,approved
EXP000851,M001,2024-08-17,warehouse,staff,9980.58,bank_transfer,AdGrowth Marketing,approved
EXP000852,M001,2024-07-07,warehouse,rent,3641.73,bank_transfer,Xpressbees,approved
EXP000853,M001,2024-10-27,salaries,full_time,34358.29,bank_transfer,Delhivery,approved
EXP000854,M001,2024-12-29,salaries,incentives,7663.99,card,Delhivery,approved
EXP000855,M001,2024-06-18,marketing,email_campaigns,5927.36,bank_transfer,Bangalore Packaging Co,approved
EXP000856,M001,2024-01-30,shipping,surface,15106.48,card,BlueDart,approved
EXP000857,M001,2024-01-31,salaries,contract,16449.16,UPI,Shiprocket,approved
EXP000858,M001,2024-08-26,salaries,incentives,15971.37,UPI,Delhivery,approved
EXP000859,M001,2024-11-10,warehouse,rent,9853.47,UPI,Urban Warehouse Services,approved
EXP000860,M001,2024-12-25,software,licenses,5298.47,card,Xpressbees,approved
EXP000861,M001,2024-08-02,marketing,SEO,18578.95,bank_transfer,Bangalore Packaging Co,approved
EXP000862,M001,2024-03-26,shipping,reverse_logistics,11261.73,card,Razorpay Fees,rejected
EXP000863,M001,2024-02-13,warehouse,utilities,21677.99,UPI,Shiprocket,approved
EXP000864,M001,2024-11-30,warehouse,utilities,22130.02,UPI,Xpressbees,approved
EXP000865,M001,2024-09-16,salaries,contract,28096.3,UPI,Ecom Express,pending
EXP000866,M001,2024-04-29,packaging,labels,7830.2,bank_transfer,Shiprocket,rejected
EXP000867,M001,2024-12-24,marketing,email_campaigns,27392.2,card,Delhivery,approved
EXP000868,M001,2024-01-24,shipping,surface,1546.12,card,Razorpay Fees,approved
EXP000869,M001,2024-12-30,salaries,incentives,15100.53,UPI,Bangalore Packaging Co,approved
EXP000870,M001,2024-08-14,marketing,influencer,1573.87,bank_transfer,Shiprocket,pending
EXP000871,M001,2024-06-10,software,subscriptions,3222.75,bank_transfer,Cashfree Fees,approved
EXP000872,M001,2024-10-07,marketing,SEO,12500.94,bank_transfer,Bangalore Packaging Co,approved
EXP000873,M001,2024-01-10,cloud,GCP,4710.18,cash,Ecom Express,approved
EXP000874,M001,2024-08-05,cloud,storage,3787.99,bank_transfer,Shiprocket,pending
EXP000875,M001,2024-08-16,packaging,tape,8499.59,bank_transfer,Urban Warehouse Services,pending
EXP000876,M001,2024-11-28,warehouse,rent,22056.38,bank_transfer,AdGrowth Marketing,approved
EXP000877,M001,2024-05-29,marketing,email_campaigns,14314.86,cash,Ecom Express,rejected
EXP000878,M001,2024-11-04,warehouse,staff,26341.37,card,Delhivery,approved
EXP000879,M001,2024-09-06,packaging,bubble_wrap,3044.1,cash,Urban Warehouse Services,approved
EXP000880,M001,2024-04-08,shipping,surface,8038.83,UPI,Ecom Express,rejected
EXP000881,M001,2024-01-25,salaries,incentives,21837.53,bank_transfer,Bangalore Packaging Co,pending
EXP000882,M001,2024-10-08,warehouse,staff,14316.32,card,AdGrowth Marketing,rejected
EXP000883,M001,2024-12-11,payment_gateway,transaction_fee,7104.85,UPI,AdGrowth Marketing,approved
EXP000884,M001,2024-02-16,marketing,SEO,23393.56,UPI,AdGrowth Marketing,approved
EXP000885,M001,2024-02-02,salaries,contract,32644.89,bank_transfer,Urban Warehouse Services,approved
EXP000886,M001,2024-05-05,salaries,incentives,35915.53,bank_transfer,Urban Warehouse Services,rejected
EXP000887,M001,2024-10-31,salaries,contract,16641.74,UPI,Cashfree Fees,approved
EXP000888,M001,2024-11-03,packaging,labels,4894.4,bank_transfer,Delhivery,pending
EXP000889,M001,2024-03-04,shipping,reverse_logistics,4107.27,bank_transfer,Ecom Express,approved
EXP000890,M001,2024-05-13,salaries,overtime,12453.35,bank_transfer,BlueDart,approved
EXP000891,M001,2024-03-25,salaries,full_time,13583.05,bank_transfer,BlueDart,approved
EXP000892,M001,2024-12-29,salaries,overtime,11155.07,bank_transfer,Ecom Express,approved
EXP000893,M001,2024-12-30,marketing,influencer,6121.1,UPI,AdGrowth Marketing,approved
EXP000894,M001,2024-03-16,warehouse,staff,23090.27,bank_transfer,AdGrowth Marketing,approved
EXP000895,M001,2024-04-24,payment_gateway,dispute_fee,9161.16,card,Delhivery,approved
EXP000896,M001,2024-04-13,marketing,digital_ads,12402.83,UPI,Xpressbees,approved
EXP000897,M001,2024-08-02,returns,quality_check,102.9,card,Cashfree Fees,approved
EXP000898,M001,2024-09-25,warehouse,equipment,8072.2,bank_transfer,Urban Warehouse Services,approved
EXP000899,M001,2024-03-10,warehouse,rent,11100.63,bank_transfer,Bangalore Packaging Co,approved
EXP000900,M001,2024-07-05,returns,reverse_pickup,5152.84,cash,Bangalore Packaging Co,pending
EXP000901,M001,2024-08-14,shipping,air_freight,12259.27,cash,Razorpay Fees,approved
EXP000902,M001,2024-01-31,packaging,tape,8798.79,cash,BlueDart,approved
EXP000903,M001,2024-05-14,shipping,reverse_logistics,11163.03,UPI,Razorpay Fees,approved
EXP000904,M001,2024-01-01,refunds,customer_refund,3571.87,card,Delhivery,approved
EXP000905,M001,2024-08-17,marketing,SEO,9733.23,bank_transfer,BlueDart,approved
EXP000906,M001,2024-06-30,salaries,contract,10436.86,bank_transfer,Razorpay Fees,approved
EXP000907,M001,2024-03-21,salaries,overtime,20706.73,card,Delhivery,pending
EXP000908,M001,2024-01-18,shipping,air_freight,9442.31,bank_transfer,Shiprocket,approved
EXP000909,M001,2024-10-15,marketing,digital_ads,9541.44,UPI,Bangalore Packaging Co,approved
EXP000910,M001,2024-05-05,marketing,influencer,6783.65,bank_transfer,Razorpay Fees,approved
EXP000911,M001,2024-06-12,shipping,air_freight,9150.32,bank_transfer,Delhivery,approved
EXP000912,M001,2024-10-18,packaging,tape,2312.15,UPI,BlueDart,approved
EXP000913,M001,2024-01-17,packaging,labels,7571.44,bank_transfer,Bangalore Packaging Co,approved
EXP000914,M001,2024-07-07,returns,restocking,1811.43,card,Ecom Express,approved
EXP000915,M001,2024-08-13,packaging,labels,5573.59,UPI,Bangalore Packaging Co,pending
EXP000916,M001,2024-08-10,marketing,email_campaigns,19670.73,card,Bangalore Packaging Co,approved
EXP000917,M001,2024-06-18,marketing,SEO,24327.78,bank_transfer,Razorpay Fees,approved
EXP000918,M001,2024-06-10,marketing,influencer,24083.6,card,Delhivery,approved
EXP000919,M001,2024-10-14,warehouse,utilities,12611.66,card,Xpressbees,approved
EXP000920,M001,2024-02-17,marketing,digital_ads,14073.27,bank_transfer,Delhivery,pending
EXP000921,M001,2024-09-06,warehouse,utilities,14289.25,bank_transfer,Xpressbees,approved
EXP000922,M001,2024-11-17,shipping,reverse_logistics,8971.33,card,Urban Warehouse Services,approved
EXP000923,M001,2024-11-08,returns,reverse_pickup,8372.48,bank_transfer,Delhivery,approved
EXP000924,M001,2024-04-16,payment_gateway,dispute_fee,4326.64,UPI,Shiprocket,rejected
EXP000925,M001,2024-08-27,salaries,full_time,14087.35,UPI,AdGrowth Marketing,approved
EXP000926,M001,2024-06-13,marketing,SEO,15458.15,bank_transfer,Bangalore Packaging Co,approved
EXP000927,M001,2024-01-12,salaries,contract,33835.72,card,AdGrowth Marketing,approved
EXP000928,M001,2024-12-14,salaries,incentives,23313.8,bank_transfer,Cashfree Fees,approved
EXP000929,M001,2024-01-12,salaries,full_time,9000.27,card,Razorpay Fees,approved
EXP000930,M001,2024-12-20,returns,reverse_pickup,6129.27,card,Urban Warehouse Services,rejected
EXP000931,M001,2024-06-19,salaries,contract,19739.31,UPI,Bangalore Packaging Co,pending
EXP000932,M001,2024-12-14,salaries,contract,21658.7,bank_transfer,Ecom Express,approved
EXP000933,M001,2024-10-29,marketing,digital_ads,16995.79,cash,BlueDart,approved
EXP000934,M001,2024-03-22,cloud,GCP,234.34,bank_transfer,Ecom Express,approved
EXP000935,M001,2024-04-16,shipping,surface,4390.7,bank_transfer,BlueDart,approved
EXP000936,M001,2024-06-10,warehouse,staff,22353.24,UPI,Ecom Express,approved
EXP000937,M001,2024-05-23,salaries,full_time,37583.55,UPI,Xpressbees,approved
EXP000938,M001,2024-01-28,shipping,last_mile,6502.46,card,AdGrowth Marketing,pending
EXP000939,M001,2024-10-03,marketing,digital_ads,4398.32,bank_transfer,AdGrowth Marketing,pending
EXP000940,M001,2024-05-06,shipping,air_freight,4644.65,card,Bangalore Packaging Co,pending
EXP000941,M001,2024-11-22,shipping,last_mile,6655.76,card,Shiprocket,approved
EXP000942,M001,2024-09-10,shipping,air_freight,10980.2,bank_transfer,Cashfree Fees,approved
EXP000943,M001,2024-12-08,payment_gateway,settlement_charge,6216.76,bank_transfer,Shiprocket,approved
EXP000944,M001,2024-04-04,warehouse,utilities,22426.85,bank_transfer,Cashfree Fees,approved
EXP000945,M001,2024-07-22,warehouse,rent,27534.3,card,Xpressbees,pending
EXP000946,M001,2024-02-20,salaries,overtime,23568.12,cash,Xpressbees,approved
EXP000947,M001,2024-08-05,shipping,surface,7623.37,bank_transfer,Urban Warehouse Services,rejected
EXP000948,M001,2024-10-21,payment_gateway,transaction_fee,6820.39,UPI,Shiprocket,pending
EXP000949,M001,2024-07-05,returns,quality_check,7298.62,bank_transfer,Xpressbees,approved
EXP000950,M001,2024-03-24,software,licenses,1279.47,UPI,BlueDart,approved
EXP000951,M001,2024-05-06,packaging,labels,6997.82,bank_transfer,AdGrowth Marketing,approved
EXP000952,M001,2024-02-18,salaries,full_time,12535.58,cash,Bangalore Packaging Co,approved
EXP000953,M001,2024-11-09,marketing,influencer,11314.82,UPI,AdGrowth Marketing,pending
EXP000954,M001,2024-10-07,warehouse,rent,13890.32,bank_transfer,AdGrowth Marketing,approved
EXP000955,M001,2024-10-13,shipping,air_freight,8044.73,card,Bangalore Packaging Co,rejected
EXP000956,M001,2024-07-30,cloud,Azure,4964.32,card,Delhivery,approved
EXP000957,M001,2024-01-08,shipping,surface,15287.72,cash,BlueDart,approved
EXP000958,M001,2024-04-06,packaging,bubble_wrap,7175.51,bank_transfer,Cashfree Fees,pending
EXP000959,M001,2024-11-28,warehouse,utilities,12495.28,bank_transfer,Razorpay Fees,approved
EXP000960,M001,2024-08-07,warehouse,rent,14872.58,bank_transfer,Bangalore Packaging Co,approved
EXP000961,M001,2024-05-23,packaging,boxes,8006.44,UPI,Delhivery,approved
EXP000962,M001,2024-05-05,marketing,email_campaigns,18491.96,UPI,Xpressbees,approved
EXP000963,M001,2024-03-06,salaries,full_time,31097.76,bank_transfer,Shiprocket,approved
EXP000964,M001,2024-10-19,salaries,contract,12576.58,bank_transfer,Xpressbees,approved
EXP000965,M001,2024-08-13,marketing,email_campaigns,24543.08,UPI,BlueDart,approved
EXP000966,M001,2024-08-24,packaging,tape,1724.81,UPI,Bangalore Packaging Co,pending
EXP000967,M001,2024-01-01,packaging,labels,1967.61,bank_transfer,Bangalore Packaging Co,approved
EXP000968,M001,2024-05-11,salaries,overtime,7422.53,card,AdGrowth Marketing,approved
EXP000969,M001,2024-11-26,salaries,overtime,33552.35,UPI,Ecom Express,pending
EXP000970,M001,2024-11-17,shipping,air_freight,9944.9,bank_transfer,AdGrowth Marketing,approved
EXP000971,M001,2024-03-24,marketing,digital_ads,20255.27,UPI,AdGrowth Marketing,pending
EXP000972,M001,2024-05-18,salaries,overtime,28369.02,card,Shiprocket,approved
EXP000973,M001,2024-06-06,shipping,reverse_logistics,2763.8,UPI,Bangalore Packaging Co,rejected
EXP000974,M001,2024-01-26,salaries,contract,14977.31,card,Shiprocket,approved
EXP000975,M001,2024-10-27,salaries,incentives,9861.42,UPI,Ecom Express,approved
EXP000976,M001,2024-11-03,salaries,contract,8807.11,bank_transfer,Ecom Express,approved
EXP000977,M001,2024-03-30,shipping,last_mile,11383.78,bank_transfer,Shiprocket,approved
EXP000978,M001,2024-07-23,shipping,air_freight,8965.56,bank_transfer,Ecom Express,approved
EXP000979,M001,2024-12-02,shipping,surface,9489.38,card,Xpressbees,approved
EXP000980,M001,2024-06-04,shipping,air_freight,13842.39,card,Ecom Express,approved
EXP000981,M001,2024-07-06,refunds,chargeback,5200.08,bank_transfer,Bangalore Packaging Co,pending
EXP000982,M001,2024-02-04,software,subscriptions,151.06,UPI,Razorpay Fees,approved
EXP000983,M001,2024-07-26,shipping,last_mile,14450.59,card,BlueDart,approved
EXP000984,M001,2024-01-23,marketing,SEO,15243.31,UPI,Xpressbees,approved
EXP000985,M001,2024-03-05,software,licenses,1489.36,bank_transfer,Ecom Express,pending
EXP000986,M001,2024-04-14,salaries,full_time,12211.3,cash,Urban Warehouse Services,approved
EXP000987,M001,2024-07-03,marketing,digital_ads,1654.23,card,AdGrowth Marketing,pending
EXP000988,M001,2024-09-12,software,subscriptions,3070.89,card,AdGrowth Marketing,approved
EXP000989,M001,2024-07-19,shipping,air_freight,3299.89,UPI,Ecom Express,approved
EXP000990,M001,2024-06-08,marketing,SEO,25284.79,bank_transfer,Xpressbees,pending
EXP000991,M001,2024-04-21,marketing,digital_ads,16860.37,UPI,Urban Warehouse Services,pending
EXP000992,M001,2024-09-25,shipping,surface,2554.64,bank_transfer,Urban Warehouse Services,approved
EXP000993,M001,2024-04-07,shipping,air_freight,6288.35,card,Cashfree Fees,approved
EXP000994,M001,2024-02-02,marketing,SEO,27046.0,bank_transfer,Razorpay Fees,pending
EXP000995,M001,2024-05-09,marketing,email_campaigns,17080.88,card,Razorpay Fees,approved
EXP000996,M001,2024-01-06,returns,restocking,7567.42,card,AdGrowth Marketing,approved
EXP000997,M001,2024-10-23,marketing,SEO,27494.88,bank_transfer,Urban Warehouse Services,approved
EXP000998,M001,2024-04-23,salaries,incentives,32382.0,card,Shiprocket,approved
EXP000999,M001,2024-06-25,refunds,customer_refund,6899.87,UPI,Delhivery,approved
EXP001000,M001,2024-11-26,salaries,contract,9056.75,cash,Cashfree Fees,pending
EXP001001,M001,2024-05-28,cloud,GCP,2378.11,bank_transfer,Shiprocket,approved
EXP001002,M001,2024-09-10,salaries,full_time,20509.82,bank_transfer,Razorpay Fees,approved
EXP001003,M001,2024-06-25,marketing,influencer,7610.09,bank_transfer,Delhivery,approved
EXP001004,M001,2024-10-16,shipping,air_freight,11594.29,card,BlueDart,approved
EXP001005,M001,2024-09-14,software,licenses,3988.07,UPI,AdGrowth Marketing,pending
EXP001006,M001,2024-01-08,returns,reverse_pickup,4118.41,card,Shiprocket,pending
EXP001007,M001,2024-05-06,returns,restocking,5556.29,bank_transfer,Delhivery,approved
EXP001008,M001,2024-08-12,cloud,storage,2281.58,card,AdGrowth Marketing,approved
EXP001009,M001,2024-12-02,warehouse,equipment,14980.83,bank_transfer,Razorpay Fees,approved
EXP001010,M001,2024-05-05,shipping,surface,15652.13,card,Xpressbees,pending
EXP001011,M001,2024-10-16,warehouse,rent,2327.05,bank_transfer,Razorpay Fees,approved
EXP001012,M001,2024-10-22,warehouse,utilities,24160.87,bank_transfer,Xpressbees,approved
EXP001013,M001,2024-03-23,shipping,reverse_logistics,10844.89,cash,Delhivery,approved
EXP001014,M001,2024-06-19,packaging,labels,6877.62,cash,Xpressbees,approved
EXP001015,M001,2024-03-29,marketing,SEO,19482.34,UPI,Razorpay Fees,approved
EXP001016,M001,2024-06-06,cloud,AWS,5087.18,card,Urban Warehouse Services,approved
EXP001017,M001,2024-12-03,software,licenses,3623.76,cash,Razorpay Fees,approved
EXP001018,M001,2024-10-10,returns,quality_check,467.59,bank_transfer,Razorpay Fees,approved
EXP001019,M001,2024-03-31,salaries,incentives,8973.41,bank_transfer,Xpressbees,approved
EXP001020,M001,2024-11-14,marketing,SEO,17701.73,bank_transfer,Cashfree Fees,approved
EXP001021,M001,2024-06-17,packaging,tape,7525.01,card,Urban Warehouse Services,approved
EXP001022,M001,2024-01-29,salaries,incentives,12149.38,UPI,BlueDart,approved
EXP001023,M001,2024-01-15,salaries,overtime,28816.83,UPI,Delhivery,pending
EXP001024,M001,2024-10-26,cloud,storage,4924.42,bank_transfer,Cashfree Fees,approved
EXP001025,M001,2024-01-11,salaries,full_time,8505.4,cash,AdGrowth Marketing,pending
EXP001026,M001,2024-04-30,marketing,digital_ads,19282.07,UPI,Urban Warehouse Services,approved
EXP001027,M001,2024-06-21,packaging,labels,2489.41,bank_transfer,Xpressbees,approved
EXP001028,M001,2024-03-15,marketing,influencer,5106.79,bank_transfer,BlueDart,pending
EXP001029,M001,2024-12-19,marketing,influencer,21445.05,UPI,Urban Warehouse Services,approved
EXP001030,M001,2024-03-31,warehouse,utilities,3819.49,bank_transfer,Ecom Express,approved
EXP001031,M001,2024-03-28,shipping,last_mile,7737.19,bank_transfer,Xpressbees,pending
EXP001032,M001,2024-10-08,salaries,full_time,30328.46,UPI,BlueDart,approved
EXP001033,M001,2024-06-30,software,licenses,2879.58,card,Ecom Express,pending
EXP001034,M001,2024-07-17,software,tools,1798.96,card,Ecom Express,approved
EXP001035,M001,2024-05-14,marketing,SEO,13766.72,card,Ecom Express,pending
EXP001036,M001,2024-08-28,salaries,overtime,17502.53,bank_transfer,Urban Warehouse Services,approved
EXP001037,M001,2024-01-05,salaries,full_time,33931.69,UPI,Cashfree Fees,pending
EXP001038,M001,2024-04-12,warehouse,rent,23477.05,bank_transfer,Urban Warehouse Services,pending
EXP001039,M001,2024-10-22,packaging,labels,9110.21,card,Ecom Express,approved
EXP001040,M001,2024-12-30,salaries,full_time,36780.37,bank_transfer,Delhivery,approved
EXP001041,M001,2024-03-11,salaries,incentives,25826.13,bank_transfer,Razorpay Fees,approved
EXP001042,M001,2024-10-15,cloud,Azure,334.12,UPI,Delhivery,approved
EXP001043,M001,2024-07-05,salaries,overtime,18042.42,card,Delhivery,approved
EXP001044,M001,2024-06-23,refunds,partial_refund,3464.11,UPI,Urban Warehouse Services,approved
EXP001045,M001,2024-10-30,shipping,reverse_logistics,4675.88,card,Xpressbees,approved
EXP001046,M001,2024-05-27,marketing,SEO,9672.26,UPI,Urban Warehouse Services,approved
EXP001047,M001,2024-08-15,salaries,full_time,34251.63,card,Shiprocket,approved
EXP001048,M001,2024-05-17,marketing,email_campaigns,28789.67,card,Delhivery,approved
EXP001049,M001,2024-10-11,salaries,incentives,12288.36,bank_transfer,Delhivery,approved
EXP001050,M001,2024-04-03,marketing,influencer,29765.09,card,Bangalore Packaging Co,pending
EXP001051,M001,2024-11-27,salaries,contract,20211.92,cash,Delhivery,approved
EXP001052,M001,2024-04-21,returns,reverse_pickup,1571.46,bank_transfer,Bangalore Packaging Co,approved
EXP001053,M001,2024-07-30,marketing,influencer,9246.13,cash,Cashfree Fees,approved
EXP001054,M001,2024-01-12,software,SaaS,2675.71,bank_transfer,BlueDart,pending
EXP001055,M001,2024-06-16,software,licenses,294.13,bank_transfer,Xpressbees,approved
EXP001056,M001,2024-09-13,warehouse,rent,25911.8,card,Urban Warehouse Services,approved
EXP001057,M001,2024-01-11,salaries,contract,26345.25,UPI,Bangalore Packaging Co,approved
EXP001058,M001,2024-12-16,refunds,partial_refund,1716.8,bank_transfer,Ecom Express,approved
EXP001059,M001,2024-07-18,marketing,influencer,3634.62,bank_transfer,BlueDart,approved
EXP001060,M001,2024-11-29,salaries,contract,16759.78,card,Xpressbees,approved
EXP001061,M001,2024-03-05,marketing,influencer,29036.21,UPI,Xpressbees,approved
EXP001062,M001,2024-11-20,marketing,email_campaigns,10772.36,cash,BlueDart,approved
EXP001063,M001,2024-04-28,warehouse,utilities,21752.61,card,Urban Warehouse Services,approved
EXP001064,M001,2024-10-23,salaries,incentives,12792.13,card,Ecom Express,approved
EXP001065,M001,2024-05-24,marketing,influencer,22844.28,card,BlueDart,approved
EXP001066,M001,2024-10-09,warehouse,staff,14285.53,bank_transfer,Shiprocket,approved
EXP001067,M001,2024-08-24,salaries,contract,32533.55,bank_transfer,Cashfree Fees,pending
EXP001068,M001,2024-07-31,marketing,digital_ads,29323.01,bank_transfer,Urban Warehouse Services,approved
EXP001069,M001,2024-09-01,marketing,influencer,6953.99,UPI,Shiprocket,approved
EXP001070,M001,2024-06-16,packaging,bubble_wrap,1609.01,cash,Urban Warehouse Services,approved
EXP001071,M001,2024-07-14,warehouse,utilities,14558.78,UPI,AdGrowth Marketing,approved
EXP001072,M001,2024-11-24,shipping,air_freight,3317.14,bank_transfer,Ecom Express,approved
EXP001073,M001,2024-09-21,returns,reverse_pickup,5803.58,bank_transfer,Urban Warehouse Services,approved
EXP001074,M001,2024-09-12,shipping,last_mile,9756.04,card,Bangalore Packaging Co,rejected
EXP001075,M001,2024-04-24,shipping,reverse_logistics,12987.97,bank_transfer,BlueDart,approved
EXP001076,M001,2024-08-27,marketing,SEO,15430.5,UPI,BlueDart,approved
EXP001077,M001,2024-02-26,marketing,influencer,21261.88,bank_transfer,Shiprocket,pending
EXP001078,M001,2024-02-05,shipping,reverse_logistics,5880.06,bank_transfer,Urban Warehouse Services,pending
EXP001079,M001,2024-05-15,marketing,email_campaigns,26954.05,UPI,Delhivery,pending
EXP001080,M001,2024-08-03,shipping,reverse_logistics,7148.49,bank_transfer,AdGrowth Marketing,approved
EXP001081,M001,2024-12-01,software,SaaS,2682.9,bank_transfer,Delhivery,approved
EXP001082,M001,2024-02-26,marketing,influencer,5660.95,cash,Cashfree Fees,pending
EXP001083,M001,2024-10-15,shipping,air_freight,10121.32,bank_transfer,Bangalore Packaging Co,approved
EXP001084,M001,2024-03-29,marketing,SEO,2043.02,card,Xpressbees,approved
EXP001085,M001,2024-06-01,salaries,full_time,12330.25,cash,Bangalore Packaging Co,pending
EXP001086,M001,2024-05-05,payment_gateway,settlement_charge,3221.28,UPI,BlueDart,approved
EXP001087,M001,2024-11-26,software,tools,1201.3,UPI,Ecom Express,approved
EXP001088,M001,2024-07-05,marketing,SEO,15764.05,card,AdGrowth Marketing,approved
EXP001089,M001,2024-05-20,salaries,contract,10884.11,UPI,Cashfree Fees,approved
EXP001090,M001,2024-01-14,packaging,boxes,8412.91,bank_transfer,Bangalore Packaging Co,approved
EXP001091,M001,2024-07-28,warehouse,equipment,10190.72,card,Razorpay Fees,approved
EXP001092,M001,2024-01-26,packaging,tape,9479.68,bank_transfer,Bangalore Packaging Co,approved
EXP001093,M001,2024-12-28,warehouse,rent,9829.7,bank_transfer,AdGrowth Marketing,approved
EXP001094,M001,2024-11-25,salaries,incentives,12515.23,bank_transfer,Cashfree Fees,approved
EXP001095,M001,2024-12-18,marketing,email_campaigns,4255.58,card,Urban Warehouse Services,pending
EXP001096,M001,2024-03-27,returns,reverse_pickup,7716.74,card,Delhivery,rejected
EXP001097,M001,2024-01-22,salaries,contract,36809.07,card,Urban Warehouse Services,approved
EXP001098,M001,2024-09-14,shipping,reverse_logistics,13378.01,cash,Ecom Express,pending
EXP001099,M001,2024-07-06,payment_gateway,transaction_fee,6908.12,cash,Bangalore Packaging Co,rejected
EXP001100,M001,2024-12-25,refunds,partial_refund,8999.44,card,Razorpay Fees,approved
EXP001101,M001,2024-12-10,marketing,email_campaigns,24442.92,bank_transfer,Cashfree Fees,approved
EXP001102,M001,2024-09-19,marketing,digital_ads,17541.58,bank_transfer,Urban Warehouse Services,approved
EXP001103,M001,2024-10-03,marketing,digital_ads,6184.53,bank_transfer,AdGrowth Marketing,approved
EXP001104,M001,2024-12-23,software,SaaS,3397.31,card,AdGrowth Marketing,approved
EXP001105,M001,2024-08-24,returns,reverse_pickup,9071.19,UPI,Cashfree Fees,approved
EXP001106,M001,2024-06-01,salaries,full_time,9918.51,card,Bangalore Packaging Co,approved
EXP001107,M001,2024-11-07,salaries,incentives,18148.66,card,Cashfree Fees,approved
EXP001108,M001,2024-08-18,packaging,bubble_wrap,6661.28,card,BlueDart,rejected
EXP001109,M001,2024-01-10,refunds,customer_refund,3481.83,bank_transfer,Delhivery,approved
EXP001110,M001,2024-10-14,shipping,last_mile,5335.67,bank_transfer,BlueDart,rejected
EXP001111,M001,2024-12-04,shipping,air_freight,745.89,bank_transfer,Bangalore Packaging Co,approved
EXP001112,M001,2024-11-06,marketing,email_campaigns,16256.32,bank_transfer,Urban Warehouse Services,approved
EXP001113,M001,2024-09-19,warehouse,utilities,10094.12,UPI,Shiprocket,approved
EXP001114,M001,2024-09-20,shipping,last_mile,15086.4,bank_transfer,AdGrowth Marketing,approved
EXP001115,M001,2024-07-12,payment_gateway,transaction_fee,5128.61,cash,AdGrowth Marketing,approved
EXP001116,M001,2024-09-05,warehouse,rent,23975.11,bank_transfer,Razorpay Fees,approved
EXP001117,M001,2024-10-09,salaries,full_time,27198.62,card,Urban Warehouse Services,pending
EXP001118,M001,2024-11-05,salaries,full_time,12078.59,cash,Urban Warehouse Services,approved
EXP001119,M001,2024-09-16,marketing,digital_ads,5019.79,UPI,Xpressbees,approved
EXP001120,M001,2024-01-21,warehouse,rent,10478.46,UPI,Cashfree Fees,rejected
EXP001121,M001,2024-01-15,payment_gateway,settlement_charge,1638.4,cash,Urban Warehouse Services,rejected
EXP001122,M001,2024-12-29,refunds,partial_refund,1982.22,bank_transfer,AdGrowth Marketing,approved
EXP001123,M001,2024-10-02,salaries,full_time,26411.15,bank_transfer,Urban Warehouse Services,approved
EXP001124,M001,2024-04-05,shipping,last_mile,4942.74,card,Cashfree Fees,approved
EXP001125,M001,2024-10-15,salaries,incentives,34520.78,bank_transfer,Bangalore Packaging Co,approved
EXP001126,M001,2024-09-04,software,SaaS,5955.08,bank_transfer,AdGrowth Marketing,approved
EXP001127,M001,2024-11-16,payment_gateway,transaction_fee,5908.49,UPI,AdGrowth Marketing,approved
EXP001128,M001,2024-04-19,refunds,chargeback,7798.79,bank_transfer,Delhivery,approved
EXP001129,M001,2024-08-11,marketing,digital_ads,21698.41,bank_transfer,Bangalore Packaging Co,approved
EXP001130,M001,2024-08-20,salaries,overtime,26540.27,UPI,AdGrowth Marketing,approved
EXP001131,M001,2024-12-16,packaging,tape,6929.26,bank_transfer,Bangalore Packaging Co,approved
EXP001132,M001,2024-05-20,marketing,email_campaigns,19262.77,bank_transfer,Cashfree Fees,rejected
EXP001133,M001,2024-08-11,shipping,reverse_logistics,1505.68,UPI,Xpressbees,approved
EXP001134,M001,2024-10-06,shipping,reverse_logistics,7670.75,bank_transfer,BlueDart,pending
EXP001135,M001,2024-12-22,warehouse,staff,17792.71,bank_transfer,AdGrowth Marketing,pending
EXP001136,M001,2024-12-01,shipping,last_mile,10962.75,card,AdGrowth Marketing,approved
EXP001137,M001,2024-09-19,packaging,bubble_wrap,6280.87,cash,Cashfree Fees,approved
EXP001138,M001,2024-09-22,cloud,storage,1109.13,card,Razorpay Fees,approved
EXP001139,M001,2024-04-21,cloud,GCP,1217.76,UPI,Bangalore Packaging Co,pending
EXP001140,M001,2024-03-14,warehouse,rent,3137.06,card,BlueDart,pending
EXP001141,M001,2024-01-28,marketing,digital_ads,16435.37,bank_transfer,Xpressbees,approved
EXP001142,M001,2024-01-02,packaging,bubble_wrap,1010.88,bank_transfer,BlueDart,approved
EXP001143,M001,2024-08-24,refunds,partial_refund,7526.7,card,Shiprocket,approved
EXP001144,M001,2024-10-04,marketing,digital_ads,24993.84,bank_transfer,AdGrowth Marketing,approved
EXP001145,M001,2024-05-02,warehouse,staff,17808.43,card,Cashfree Fees,approved
EXP001146,M001,2024-10-13,salaries,incentives,27500.0,UPI,Razorpay Fees,approved
EXP001147,M001,2024-01-15,marketing,digital_ads,15558.05,bank_transfer,Bangalore Packaging Co,approved
EXP001148,M001,2024-01-21,warehouse,utilities,16050.63,card,Cashfree Fees,pending
EXP001149,M001,2024-10-16,shipping,air_freight,8255.22,bank_transfer,AdGrowth Marketing,approved
EXP001150,M001,2024-11-03,shipping,reverse_logistics,8622.18,bank_transfer,AdGrowth Marketing,approved
EXP001151,M001,2024-02-21,packaging,tape,6695.66,UPI,Xpressbees,approved
EXP001152,M001,2024-10-10,cloud,GCP,1144.67,bank_transfer,Delhivery,approved
EXP001153,M001,2024-06-07,warehouse,utilities,6411.17,bank_transfer,Cashfree Fees,approved
EXP001154,M001,2024-11-01,warehouse,staff,21191.17,card,Urban Warehouse Services,approved
EXP001155,M001,2024-11-20,salaries,incentives,24316.37,card,Cashfree Fees,approved
EXP001156,M001,2024-12-19,marketing,digital_ads,20159.75,bank_transfer,Delhivery,approved
EXP001157,M001,2024-12-10,packaging,labels,9020.14,bank_transfer,AdGrowth Marketing,pending
EXP001158,M001,2024-04-19,shipping,air_freight,6244.69,card,Shiprocket,approved
EXP001159,M001,2024-09-20,shipping,reverse_logistics,15337.71,UPI,Urban Warehouse Services,approved
EXP001160,M001,2024-10-07,salaries,contract,35314.15,UPI,Shiprocket,pending
EXP001161,M001,2024-04-03,salaries,full_time,9793.1,bank_transfer,Razorpay Fees,approved
EXP001162,M001,2024-06-16,shipping,reverse_logistics,8130.36,card,AdGrowth Marketing,approved
EXP001163,M001,2024-01-25,shipping,reverse_logistics,15323.74,card,AdGrowth Marketing,approved
EXP001164,M001,2024-09-13,shipping,air_freight,7251.71,UPI,Delhivery,approved
EXP001165,M001,2024-10-31,shipping,surface,2822.46,card,Shiprocket,approved
EXP001166,M001,2024-10-31,salaries,full_time,36363.22,bank_transfer,Cashfree Fees,approved
EXP001167,M001,2024-01-06,shipping,surface,14581.12,bank_transfer,Shiprocket,approved
EXP001168,M001,2024-02-19,marketing,email_campaigns,25962.13,bank_transfer,Cashfree Fees,approved
EXP001169,M001,2024-06-22,returns,reverse_pickup,2258.69,bank_transfer,Razorpay Fees,approved
EXP001170,M001,2024-12-25,returns,restocking,4028.01,card,Delhivery,approved
EXP001171,M001,2024-11-23,marketing,influencer,10436.49,cash,Cashfree Fees,pending
EXP001172,M001,2024-01-02,shipping,reverse_logistics,8132.18,bank_transfer,AdGrowth Marketing,approved
EXP001173,M001,2024-09-13,returns,quality_check,8351.15,UPI,Xpressbees,pending
EXP001174,M001,2024-05-04,marketing,digital_ads,25599.43,bank_transfer,Delhivery,approved
EXP001175,M001,2024-11-06,refunds,customer_refund,483.86,bank_transfer,Bangalore Packaging Co,approved
EXP001176,M001,2024-11-21,software,tools,2153.04,card,Xpressbees,pending
EXP001177,M001,2024-05-19,shipping,surface,8632.36,UPI,Shiprocket,approved
EXP001178,M001,2024-11-28,refunds,customer_refund,6010.8,bank_transfer,Urban Warehouse Services,approved
EXP001179,M001,2024-05-19,salaries,overtime,20954.89,card,Ecom Express,approved
EXP001180,M001,2024-08-23,shipping,air_freight,15382.71,card,Bangalore Packaging Co,approved
EXP001181,M001,2024-10-08,marketing,influencer,10655.01,card,Urban Warehouse Services,approved
EXP001182,M001,2024-05-29,marketing,digital_ads,26192.44,bank_transfer,Delhivery,pending
EXP001183,M001,2024-02-16,salaries,overtime,24544.08,bank_transfer,Bangalore Packaging Co,pending
EXP001184,M001,2024-06-14,shipping,last_mile,4185.18,UPI,Xpressbees,approved
EXP001185,M001,2024-11-30,shipping,last_mile,392.58,cash,Ecom Express,approved
EXP001186,M001,2024-12-06,marketing,email_campaigns,19580.99,bank_transfer,Razorpay Fees,pending
EXP001187,M001,2024-12-30,cloud,AWS,4881.68,bank_transfer,Urban Warehouse Services,pending
EXP001188,M001,2024-09-04,salaries,overtime,8829.75,card,Bangalore Packaging Co,approved
EXP001189,M001,2024-07-24,packaging,boxes,3028.49,bank_transfer,Ecom Express,approved
EXP001190,M001,2024-04-24,warehouse,staff,15458.88,UPI,Ecom Express,approved
EXP001191,M001,2024-05-03,warehouse,equipment,21207.24,bank_transfer,Delhivery,pending
EXP001192,M001,2024-12-09,packaging,tape,1535.86,card,Razorpay Fees,approved
EXP001193,M001,2024-12-25,refunds,chargeback,5177.28,cash,Xpressbees,approved
EXP001194,M001,2024-12-08,salaries,overtime,25655.39,bank_transfer,Xpressbees,pending
EXP001195,M001,2024-07-26,salaries,incentives,10327.11,UPI,Delhivery,approved
EXP001196,M001,2024-10-21,marketing,influencer,21104.32,card,Ecom Express,approved
EXP001197,M001,2024-06-08,salaries,full_time,23870.67,bank_transfer,Razorpay Fees,pending
EXP001198,M001,2024-05-31,warehouse,rent,29815.86,bank_transfer,Cashfree Fees,approved
EXP001199,M001,2024-09-21,shipping,surface,14252.07,bank_transfer,Xpressbees,approved
EXP001200,M001,2024-12-23,marketing,influencer,18089.71,UPI,Cashfree Fees,approved
EXP001201,M001,2024-08-15,marketing,SEO,23017.99,bank_transfer,Shiprocket,approved
EXP001202,M001,2024-03-27,warehouse,equipment,8412.95,card,Ecom Express,approved
EXP001203,M001,2024-10-13,salaries,incentives,35548.08,bank_transfer,Delhivery,approved
EXP001204,M001,2024-01-24,warehouse,utilities,7973.84,bank_transfer,Shiprocket,pending
EXP001205,M001,2024-02-04,salaries,incentives,18509.14,bank_transfer,Shiprocket,pending
EXP001206,M001,2024-02-05,salaries,overtime,27798.86,bank_transfer,AdGrowth Marketing,approved
EXP001207,M001,2024-01-25,packaging,labels,4491.62,cash,Urban Warehouse Services,approved
EXP001208,M001,2024-07-26,salaries,contract,38913.65,UPI,Shiprocket,approved
EXP001209,M001,2024-01-08,salaries,contract,18518.95,card,Shiprocket,approved
EXP001210,M001,2024-01-31,salaries,full_time,20678.92,bank_transfer,Razorpay Fees,approved
EXP001211,M001,2024-01-16,marketing,digital_ads,18468.42,bank_transfer,BlueDart,approved
EXP001212,M001,2024-04-15,shipping,air_freight,6793.08,bank_transfer,Xpressbees,approved
EXP001213,M001,2024-01-22,marketing,SEO,1950.73,UPI,Ecom Express,pending
EXP001214,M001,2024-11-12,payment_gateway,transaction_fee,9284.31,card,BlueDart,approved
EXP001215,M001,2024-08-13,shipping,reverse_logistics,7435.39,UPI,Urban Warehouse Services,approved
EXP001216,M001,2024-08-03,marketing,influencer,9829.83,bank_transfer,Xpressbees,approved
EXP001217,M001,2024-01-06,packaging,boxes,8032.88,bank_transfer,AdGrowth Marketing,approved
EXP001218,M001,2024-05-03,salaries,incentives,9833.42,bank_transfer,Cashfree Fees,approved
EXP001219,M001,2024-11-22,refunds,customer_refund,4273.95,bank_transfer,Razorpay Fees,approved
EXP001220,M001,2024-10-17,returns,quality_check,4715.81,UPI,Razorpay Fees,approved
EXP001221,M001,2024-10-28,returns,reverse_pickup,3926.62,UPI,Shiprocket,approved
EXP001222,M001,2024-04-25,salaries,incentives,37290.05,bank_transfer,Urban Warehouse Services,approved
EXP001223,M001,2024-09-20,salaries,incentives,14487.69,UPI,Shiprocket,approved
EXP001224,M001,2024-09-13,shipping,last_mile,4568.32,cash,Bangalore Packaging Co,approved
EXP001225,M001,2024-03-27,marketing,SEO,27394.19,card,Xpressbees,pending
EXP001226,M001,2024-01-17,refunds,partial_refund,688.59,UPI,Bangalore Packaging Co,approved
EXP001227,M001,2024-07-14,salaries,full_time,14942.51,card,Xpressbees,approved
EXP001228,M001,2024-10-25,marketing,SEO,28907.5,card,AdGrowth Marketing,approved
EXP001229,M001,2024-12-11,returns,restocking,9320.52,bank_transfer,Delhivery,approved
EXP001230,M001,2024-10-26,shipping,surface,2393.25,card,Bangalore Packaging Co,pending
EXP001231,M001,2024-02-21,shipping,surface,15411.24,UPI,Urban Warehouse Services,approved
EXP001232,M001,2024-04-23,returns,reverse_pickup,870.9,card,Xpressbees,approved
EXP001233,M001,2024-09-03,packaging,boxes,2278.17,cash,Xpressbees,approved
EXP001234,M001,2024-03-30,shipping,last_mile,4484.41,UPI,Razorpay Fees,approved
EXP001235,M001,2024-04-30,warehouse,utilities,19741.25,UPI,Delhivery,approved
EXP001236,M001,2024-11-30,shipping,reverse_logistics,4625.5,bank_transfer,Urban Warehouse Services,approved
EXP001237,M001,2024-02-24,returns,restocking,3995.78,bank_transfer,BlueDart,approved
EXP001238,M001,2024-05-17,salaries,contract,33474.82,bank_transfer,BlueDart,rejected
EXP001239,M001,2024-12-23,warehouse,utilities,26422.98,bank_transfer,Xpressbees,approved
EXP001240,M001,2024-05-30,marketing,influencer,5359.55,UPI,Delhivery,approved
EXP001241,M001,2024-04-13,shipping,last_mile,7640.33,bank_transfer,Cashfree Fees,pending
EXP001242,M001,2024-04-08,marketing,SEO,6530.18,cash,Shiprocket,approved
EXP001243,M001,2024-12-14,software,tools,3208.34,card,Urban Warehouse Services,approved
EXP001244,M001,2024-04-26,salaries,incentives,12799.47,bank_transfer,Ecom Express,approved
EXP001245,M001,2024-11-09,salaries,overtime,33207.38,UPI,AdGrowth Marketing,approved
EXP001246,M001,2024-08-08,shipping,last_mile,9824.6,UPI,AdGrowth Marketing,approved
EXP001247,M001,2024-08-11,payment_gateway,dispute_fee,5453.41,UPI,Ecom Express,approved
EXP001248,M001,2024-01-11,shipping,air_freight,8381.33,card,AdGrowth Marketing,approved
EXP001249,M001,2024-08-21,marketing,influencer,13529.93,UPI,AdGrowth Marketing,approved
EXP001250,M001,2024-03-10,salaries,contract,29912.12,UPI,Razorpay Fees,rejected
EXP001251,M001,2024-04-30,marketing,SEO,16919.49,card,Shiprocket,approved
EXP001252,M001,2024-09-30,shipping,reverse_logistics,5056.28,UPI,Razorpay Fees,approved
EXP001253,M001,2024-08-31,warehouse,utilities,8040.33,card,Urban Warehouse Services,pending
EXP001254,M001,2024-09-26,warehouse,utilities,24563.48,card,Delhivery,pending
EXP001255,M001,2024-01-16,warehouse,staff,3578.19,UPI,BlueDart,approved
EXP001256,M001,2024-06-13,packaging,boxes,7037.63,cash,Urban Warehouse Services,approved
EXP001257,M001,2024-06-16,packaging,boxes,9365.97,card,BlueDart,approved
EXP001258,M001,2024-03-21,salaries,contract,28490.23,card,Cashfree Fees,approved
EXP001259,M001,2024-05-17,salaries,overtime,18661.44,bank_transfer,Xpressbees,approved
EXP001260,M001,2024-12-13,marketing,email_campaigns,4287.04,UPI,Shiprocket,rejected
EXP001261,M001,2024-10-22,shipping,last_mile,6524.19,bank_transfer,Xpressbees,approved
EXP001262,M001,2024-04-20,warehouse,utilities,29832.12,card,Razorpay Fees,pending
EXP001263,M001,2024-10-02,marketing,email_campaigns,20963.94,cash,Delhivery,approved
EXP001264,M001,2024-10-02,payment_gateway,settlement_charge,6983.45,UPI,Urban Warehouse Services,rejected
EXP001265,M001,2024-02-15,marketing,influencer,26288.65,cash,Razorpay Fees,approved
EXP001266,M001,2024-10-07,marketing,SEO,11700.24,UPI,Ecom Express,approved
EXP001267,M001,2024-07-31,shipping,reverse_logistics,2474.83,cash,Shiprocket,approved
EXP001268,M001,2024-01-13,marketing,email_campaigns,20001.96,card,Xpressbees,pending
EXP001269,M001,2024-10-31,shipping,last_mile,10310.19,bank_transfer,BlueDart,approved
EXP001270,M001,2024-11-16,salaries,overtime,17859.38,card,Bangalore Packaging Co,approved
EXP001271,M001,2024-05-07,payment_gateway,dispute_fee,1731.31,bank_transfer,Ecom Express,approved
EXP001272,M001,2024-09-27,marketing,digital_ads,26975.62,cash,Shiprocket,approved
EXP001273,M001,2024-03-17,marketing,email_campaigns,14445.36,bank_transfer,Delhivery,approved
EXP001274,M001,2024-01-27,refunds,customer_refund,8501.32,cash,Shiprocket,approved
EXP001275,M001,2024-05-27,warehouse,staff,6842.84,card,Xpressbees,approved
EXP001276,M001,2024-07-30,marketing,email_campaigns,24944.55,bank_transfer,Razorpay Fees,approved
EXP001277,M001,2024-12-06,shipping,surface,3448.58,card,Razorpay Fees,approved
EXP001278,M001,2024-05-12,salaries,overtime,7588.34,card,Xpressbees,rejected
EXP001279,M001,2024-10-18,payment_gateway,dispute_fee,1701.71,UPI,Razorpay Fees,approved
EXP001280,M001,2024-07-25,shipping,surface,10305.6,UPI,Delhivery,approved
EXP001281,M001,2024-11-16,salaries,overtime,13075.1,UPI,Shiprocket,approved
EXP001282,M001,2024-05-23,shipping,surface,3161.11,UPI,BlueDart,approved
EXP001283,M001,2024-11-10,warehouse,utilities,28234.9,bank_transfer,Shiprocket,approved
EXP001284,M001,2024-11-19,salaries,contract,20293.5,card,Shiprocket,rejected
EXP001285,M001,2024-10-27,refunds,partial_refund,8985.41,UPI,AdGrowth Marketing,rejected
EXP001286,M001,2024-08-12,warehouse,rent,27239.35,bank_transfer,Xpressbees,approved
EXP001287,M001,2024-08-18,marketing,influencer,22954.96,bank_transfer,BlueDart,rejected
EXP001288,M001,2024-07-23,salaries,incentives,37027.64,UPI,Delhivery,approved
EXP001289,M001,2024-02-02,shipping,reverse_logistics,3454.47,bank_transfer,Bangalore Packaging Co,approved
EXP001290,M001,2024-05-01,marketing,influencer,25566.41,bank_transfer,Urban Warehouse Services,approved
EXP001291,M001,2024-10-27,warehouse,utilities,20363.31,UPI,Cashfree Fees,approved
EXP001292,M001,2024-04-10,payment_gateway,dispute_fee,3385.26,bank_transfer,BlueDart,approved
EXP001293,M001,2024-11-25,salaries,incentives,34726.46,UPI,BlueDart,approved
EXP001294,M001,2024-01-11,shipping,surface,14324.63,bank_transfer,Delhivery,approved
EXP001295,M001,2024-02-15,refunds,chargeback,3740.18,bank_transfer,Bangalore Packaging Co,approved
EXP001296,M001,2024-10-20,payment_gateway,transaction_fee,4410.34,bank_transfer,AdGrowth Marketing,approved
EXP001297,M001,2024-11-25,packaging,bubble_wrap,6352.03,card,BlueDart,approved
EXP001298,M001,2024-05-07,software,licenses,4219.07,bank_transfer,AdGrowth Marketing,approved
EXP001299,M001,2024-12-25,shipping,surface,9253.51,bank_transfer,Urban Warehouse Services,approved
EXP001300,M001,2024-08-19,packaging,tape,7347.96,bank_transfer,Delhivery,approved
EXP001301,M001,2024-07-04,shipping,last_mile,5288.67,card,Bangalore Packaging Co,approved
EXP001302,M001,2024-12-27,packaging,bubble_wrap,138.43,bank_transfer,Delhivery,approved
EXP001303,M001,2024-12-26,cloud,AWS,5521.54,bank_transfer,Cashfree Fees,approved
EXP001304,M001,2024-02-01,salaries,full_time,17681.84,UPI,Razorpay Fees,approved
EXP001305,M001,2024-06-07,packaging,labels,1239.99,cash,Shiprocket,rejected
EXP001306,M001,2024-06-27,marketing,influencer,13521.26,bank_transfer,Urban Warehouse Services,approved
EXP001307,M001,2024-03-01,marketing,email_campaigns,17168.59,card,BlueDart,approved
EXP001308,M001,2024-06-16,salaries,incentives,14580.83,card,Shiprocket,approved
EXP001309,M001,2024-07-02,marketing,digital_ads,22356.85,bank_transfer,Xpressbees,approved
EXP001310,M001,2024-10-03,shipping,last_mile,545.27,bank_transfer,Xpressbees,pending
EXP001311,M001,2024-01-23,warehouse,staff,6483.81,card,Shiprocket,approved
EXP001312,M001,2024-10-15,returns,quality_check,2046.93,UPI,Urban Warehouse Services,rejected
EXP001313,M001,2024-11-13,salaries,contract,39273.97,UPI,Bangalore Packaging Co,approved
EXP001314,M001,2024-11-06,returns,reverse_pickup,4491.84,bank_transfer,Xpressbees,approved
EXP001315,M001,2024-05-24,marketing,digital_ads,3982.7,cash,AdGrowth Marketing,approved
EXP001316,M001,2024-01-08,marketing,influencer,28520.65,UPI,Xpressbees,approved
EXP001317,M001,2024-06-22,salaries,full_time,18211.42,card,Razorpay Fees,approved
EXP001318,M001,2024-08-24,packaging,tape,5640.16,UPI,Xpressbees,approved
EXP001319,M001,2024-09-24,returns,restocking,7038.93,card,Bangalore Packaging Co,approved
EXP001320,M001,2024-06-12,salaries,full_time,10541.41,UPI,Bangalore Packaging Co,approved
EXP001321,M001,2024-12-24,warehouse,utilities,12910.52,UPI,Ecom Express,approved
EXP001322,M001,2024-01-04,returns,quality_check,5961.86,bank_transfer,Delhivery,approved
EXP001323,M001,2024-03-19,warehouse,utilities,21425.63,bank_transfer,Delhivery,approved
EXP001324,M001,2024-02-21,warehouse,rent,23414.29,card,Delhivery,approved
EXP001325,M001,2024-06-13,salaries,contract,7234.66,card,Xpressbees,approved
EXP001326,M001,2024-04-24,salaries,full_time,37748.42,UPI,Delhivery,approved
EXP001327,M001,2024-09-24,shipping,air_freight,11011.34,bank_transfer,Urban Warehouse Services,pending
EXP001328,M001,2024-10-21,warehouse,rent,13224.02,card,Bangalore Packaging Co,approved
EXP001329,M001,2024-08-31,packaging,boxes,294.07,bank_transfer,Ecom Express,approved
EXP001330,M001,2024-04-10,packaging,bubble_wrap,9891.4,card,Cashfree Fees,approved
EXP001331,M001,2024-09-09,packaging,tape,7353.82,bank_transfer,Cashfree Fees,approved
EXP001332,M001,2024-04-17,salaries,full_time,18256.09,bank_transfer,BlueDart,approved
EXP001333,M001,2024-07-25,salaries,contract,21642.82,bank_transfer,Ecom Express,approved
EXP001334,M001,2024-10-24,payment_gateway,dispute_fee,912.09,card,Urban Warehouse Services,pending
EXP001335,M001,2024-01-24,software,SaaS,4410.2,bank_transfer,Xpressbees,approved
EXP001336,M001,2024-11-17,salaries,incentives,15602.26,card,Bangalore Packaging Co,pending
EXP001337,M001,2024-07-28,cloud,storage,3170.42,card,Shiprocket,approved
EXP001338,M001,2024-09-03,cloud,GCP,2943.59,bank_transfer,Ecom Express,approved
EXP001339,M001,2024-03-29,shipping,air_freight,12079.4,bank_transfer,Bangalore Packaging Co,approved
EXP001340,M001,2024-06-17,shipping,last_mile,14585.78,UPI,Cashfree Fees,approved
EXP001341,M001,2024-11-25,salaries,incentives,13681.45,bank_transfer,Urban Warehouse Services,approved
EXP001342,M001,2024-10-09,salaries,incentives,9447.86,bank_transfer,Shiprocket,approved
EXP001343,M001,2024-05-27,marketing,digital_ads,2147.02,card,Shiprocket,approved
EXP001344,M001,2024-12-18,salaries,overtime,14121.26,card,Xpressbees,approved
EXP001345,M001,2024-05-22,marketing,email_campaigns,7028.62,card,Cashfree Fees,approved
EXP001346,M001,2024-01-15,marketing,digital_ads,17448.24,bank_transfer,Razorpay Fees,approved
EXP001347,M001,2024-11-01,salaries,full_time,22575.36,UPI,AdGrowth Marketing,approved
EXP001348,M001,2024-11-01,marketing,digital_ads,16361.28,bank_transfer,Urban Warehouse Services,pending
EXP001349,M001,2024-07-19,shipping,surface,7348.29,card,Bangalore Packaging Co,approved
EXP001350,M001,2024-10-19,warehouse,utilities,9698.81,card,Delhivery,approved
EXP001351,M001,2024-11-24,shipping,last_mile,15868.15,UPI,Xpressbees,approved
EXP001352,M001,2024-02-02,marketing,influencer,6648.22,bank_transfer,Ecom Express,approved
EXP001353,M001,2024-07-23,software,tools,3240.61,UPI,Xpressbees,pending
EXP001354,M001,2024-03-10,marketing,digital_ads,24156.82,bank_transfer,AdGrowth Marketing,rejected
EXP001355,M001,2024-12-16,warehouse,equipment,24024.57,cash,BlueDart,pending
EXP001356,M001,2024-11-10,shipping,surface,9225.83,bank_transfer,Razorpay Fees,approved
EXP001357,M001,2024-12-25,salaries,full_time,20395.35,card,Shiprocket,approved
EXP001358,M001,2024-10-01,packaging,bubble_wrap,2726.22,bank_transfer,Urban Warehouse Services,approved
EXP001359,M001,2024-04-15,refunds,customer_refund,8287.21,UPI,Bangalore Packaging Co,approved
EXP001360,M001,2024-11-15,shipping,reverse_logistics,6472.38,bank_transfer,Shiprocket,pending
EXP001361,M001,2024-06-22,salaries,contract,34298.97,card,Shiprocket,approved
EXP001362,M001,2024-09-28,shipping,surface,1241.26,bank_transfer,Cashfree Fees,pending
EXP001363,M001,2024-10-14,shipping,last_mile,12590.56,UPI,Shiprocket,approved
EXP001364,M001,2024-10-18,marketing,digital_ads,4013.21,card,Razorpay Fees,approved
EXP001365,M001,2024-12-17,shipping,last_mile,13894.11,bank_transfer,Ecom Express,approved
EXP001366,M001,2024-10-04,marketing,digital_ads,24048.15,bank_transfer,Shiprocket,approved
EXP001367,M001,2024-08-10,warehouse,utilities,3263.82,bank_transfer,Delhivery,pending
EXP001368,M001,2024-11-20,marketing,SEO,22905.24,bank_transfer,Urban Warehouse Services,approved
EXP001369,M001,2024-12-08,warehouse,utilities,9134.72,UPI,Urban Warehouse Services,approved
EXP001370,M001,2024-01-10,marketing,influencer,28877.47,cash,BlueDart,approved
EXP001371,M001,2024-03-11,shipping,reverse_logistics,10075.0,card,Shiprocket,approved
EXP001372,M001,2024-03-07,packaging,tape,1296.05,card,Shiprocket,approved
EXP001373,M001,2024-09-17,refunds,customer_refund,3573.35,card,Ecom Express,pending
EXP001374,M001,2024-11-21,marketing,influencer,18437.97,card,Bangalore Packaging Co,approved
EXP001375,M001,2024-04-12,packaging,labels,8650.0,bank_transfer,AdGrowth Marketing,rejected
EXP001376,M001,2024-09-18,packaging,labels,8127.09,bank_transfer,Delhivery,approved
EXP001377,M001,2024-11-14,shipping,reverse_logistics,2268.85,bank_transfer,Razorpay Fees,pending
EXP001378,M001,2024-01-20,marketing,influencer,1106.34,cash,AdGrowth Marketing,approved
EXP001379,M001,2024-04-11,shipping,reverse_logistics,14959.44,bank_transfer,Urban Warehouse Services,approved
EXP001380,M001,2024-06-17,salaries,incentives,25420.27,card,Razorpay Fees,approved
EXP001381,M001,2024-09-23,salaries,contract,15581.31,bank_transfer,Urban Warehouse Services,approved
EXP001382,M001,2024-02-04,payment_gateway,settlement_charge,6252.87,bank_transfer,Delhivery,approved
EXP001383,M001,2024-03-28,marketing,SEO,5246.61,card,Cashfree Fees,approved
EXP001384,M001,2024-04-20,shipping,surface,4535.71,card,Razorpay Fees,approved
EXP001385,M001,2024-09-14,salaries,overtime,28879.75,bank_transfer,Bangalore Packaging Co,approved
EXP001386,M001,2024-04-04,marketing,email_campaigns,25502.61,card,Xpressbees,approved
EXP001387,M001,2024-05-23,salaries,incentives,7480.29,bank_transfer,Razorpay Fees,approved
EXP001388,M001,2024-10-01,packaging,tape,1624.25,bank_transfer,Shiprocket,approved
EXP001389,M001,2024-01-17,refunds,customer_refund,9739.72,card,Bangalore Packaging Co,approved
EXP001390,M001,2024-10-12,software,SaaS,1691.01,bank_transfer,Delhivery,approved
EXP001391,M001,2024-06-16,salaries,full_time,31754.27,card,Shiprocket,pending
EXP001392,M001,2024-01-23,salaries,overtime,14063.48,UPI,AdGrowth Marketing,approved
EXP001393,M001,2024-10-28,marketing,email_campaigns,27570.24,bank_transfer,Razorpay Fees,approved
EXP001394,M001,2024-01-11,salaries,full_time,33232.88,card,AdGrowth Marketing,approved
EXP001395,M001,2024-11-24,software,subscriptions,418.61,UPI,Cashfree Fees,approved
EXP001396,M001,2024-12-15,packaging,bubble_wrap,241.12,bank_transfer,Shiprocket,approved
EXP001397,M001,2024-02-22,shipping,air_freight,9778.28,bank_transfer,Delhivery,approved
EXP001398,M001,2024-08-31,salaries,incentives,22251.09,UPI,AdGrowth Marketing,approved
EXP001399,M001,2024-08-31,salaries,contract,21460.87,card,Delhivery,pending
EXP001400,M001,2024-08-10,packaging,tape,1451.99,bank_transfer,Ecom Express,approved
EXP001401,M001,2024-12-16,shipping,reverse_logistics,1642.76,cash,Ecom Express,pending
EXP001402,M001,2024-08-23,packaging,labels,6375.19,card,BlueDart,approved
EXP001403,M001,2024-09-28,salaries,overtime,33941.74,UPI,BlueDart,approved
EXP001404,M001,2024-10-05,salaries,full_time,30645.87,UPI,Delhivery,approved
EXP001405,M001,2024-09-09,packaging,bubble_wrap,1514.12,bank_transfer,Razorpay Fees,approved
EXP001406,M001,2024-10-28,salaries,full_time,33865.32,card,Ecom Express,approved
EXP001407,M001,2024-01-29,marketing,email_campaigns,2899.09,cash,Urban Warehouse Services,approved
EXP001408,M001,2024-05-11,salaries,contract,38878.25,bank_transfer,Urban Warehouse Services,approved
EXP001409,M001,2024-04-27,salaries,contract,32803.36,bank_transfer,Delhivery,approved
EXP001410,M001,2024-05-20,shipping,surface,4715.7,cash,Xpressbees,approved
EXP001411,M001,2024-02-15,software,licenses,5181.09,bank_transfer,Ecom Express,approved
EXP001412,M001,2024-10-28,marketing,SEO,26353.11,bank_transfer,BlueDart,approved
EXP001413,M001,2024-04-22,salaries,overtime,24898.55,bank_transfer,Ecom Express,approved
EXP001414,M001,2024-12-22,software,subscriptions,361.69,card,Delhivery,approved
EXP001415,M001,2024-01-26,salaries,incentives,29758.24,card,Urban Warehouse Services,rejected
EXP001416,M001,2024-02-25,salaries,contract,32258.54,UPI,Bangalore Packaging Co,approved
EXP001417,M001,2024-05-29,shipping,air_freight,1723.25,bank_transfer,Urban Warehouse Services,approved
EXP001418,M001,2024-10-03,marketing,digital_ads,17406.68,card,Urban Warehouse Services,approved
EXP001419,M001,2024-04-07,software,subscriptions,2749.93,UPI,BlueDart,pending
EXP001420,M001,2024-05-21,salaries,contract,34652.19,bank_transfer,BlueDart,approved
EXP001421,M001,2024-11-07,shipping,surface,15467.98,bank_transfer,Xpressbees,approved
EXP001422,M001,2024-07-30,packaging,labels,6300.8,bank_transfer,BlueDart,approved
EXP001423,M001,2024-01-28,warehouse,utilities,20769.61,bank_transfer,Ecom Express,approved
EXP001424,M001,2024-06-23,salaries,full_time,23930.37,bank_transfer,Ecom Express,approved
EXP001425,M001,2024-11-18,cloud,AWS,313.69,card,Shiprocket,pending
EXP001426,M001,2024-09-17,returns,reverse_pickup,7504.54,cash,AdGrowth Marketing,approved
EXP001427,M001,2024-07-22,salaries,contract,17881.24,bank_transfer,BlueDart,pending
EXP001428,M001,2024-07-13,salaries,incentives,12959.68,bank_transfer,Delhivery,approved
EXP001429,M001,2024-11-28,salaries,contract,36116.87,UPI,Cashfree Fees,approved
EXP001430,M001,2024-08-27,marketing,influencer,26455.86,bank_transfer,Shiprocket,rejected
EXP001431,M001,2024-04-17,marketing,SEO,23458.81,UPI,Delhivery,approved
EXP001432,M001,2024-10-27,cloud,Azure,1655.94,UPI,Ecom Express,pending
EXP001433,M001,2024-03-07,refunds,customer_refund,8768.7,UPI,Cashfree Fees,pending
EXP001434,M001,2024-09-19,shipping,reverse_logistics,5367.03,bank_transfer,Cashfree Fees,approved
EXP001435,M001,2024-04-19,salaries,overtime,21321.24,bank_transfer,Cashfree Fees,approved
EXP001436,M001,2024-01-18,marketing,email_campaigns,13851.29,bank_transfer,Cashfree Fees,pending
EXP001437,M001,2024-04-28,shipping,last_mile,1993.18,bank_transfer,Cashfree Fees,approved
EXP001438,M001,2024-05-15,refunds,customer_refund,9776.44,card,Shiprocket,approved
EXP001439,M001,2024-10-04,shipping,reverse_logistics,4107.51,bank_transfer,Ecom Express,approved
EXP001440,M001,2024-05-14,shipping,surface,7911.84,bank_transfer,Cashfree Fees,approved
EXP001441,M001,2024-07-24,cloud,GCP,5731.97,bank_transfer,Shiprocket,approved
EXP001442,M001,2024-11-13,marketing,email_campaigns,16066.75,bank_transfer,Shiprocket,approved
EXP001443,M001,2024-11-28,salaries,overtime,9226.41,bank_transfer,Ecom Express,approved
EXP001444,M001,2024-12-04,refunds,customer_refund,6259.55,bank_transfer,AdGrowth Marketing,approved
EXP001445,M001,2024-10-08,cloud,AWS,1366.88,bank_transfer,Xpressbees,approved
EXP001446,M001,2024-03-14,salaries,full_time,8407.16,card,Urban Warehouse Services,approved
EXP001447,M001,2024-01-12,warehouse,staff,20201.24,cash,Urban Warehouse Services,approved
EXP001448,M001,2024-06-27,salaries,full_time,16196.9,bank_transfer,Urban Warehouse Services,approved
EXP001449,M001,2024-03-14,marketing,SEO,21970.88,bank_transfer,Xpressbees,approved
EXP001450,M001,2024-11-27,warehouse,rent,23567.01,UPI,Bangalore Packaging Co,approved
EXP001451,M001,2024-02-19,warehouse,equipment,24085.33,cash,Bangalore Packaging Co,pending
EXP001452,M001,2024-08-30,marketing,email_campaigns,11696.96,bank_transfer,Delhivery,approved
EXP001453,M001,2024-10-30,shipping,last_mile,12635.9,UPI,Ecom Express,approved
EXP001454,M001,2024-08-19,shipping,reverse_logistics,5204.36,card,Xpressbees,approved
EXP001455,M001,2024-11-03,marketing,influencer,23372.78,UPI,Delhivery,approved
EXP001456,M001,2024-03-25,warehouse,rent,14159.66,bank_transfer,Ecom Express,rejected
EXP001457,M001,2024-08-01,marketing,SEO,27210.3,card,Shiprocket,approved
EXP001458,M001,2024-01-26,shipping,reverse_logistics,9213.49,bank_transfer,Delhivery,pending
EXP001459,M001,2024-04-14,returns,reverse_pickup,7876.07,card,AdGrowth Marketing,approved
EXP001460,M001,2024-04-25,refunds,customer_refund,6194.16,bank_transfer,AdGrowth Marketing,approved
EXP001461,M001,2024-10-05,shipping,reverse_logistics,4913.48,card,Delhivery,approved
EXP001462,M001,2024-03-17,shipping,surface,4599.33,card,Razorpay Fees,approved
EXP001463,M001,2024-06-14,marketing,influencer,1963.58,bank_transfer,AdGrowth Marketing,pending
EXP001464,M001,2024-07-21,packaging,boxes,4033.53,bank_transfer,Delhivery,pending
EXP001465,M001,2024-01-31,marketing,email_campaigns,21412.82,UPI,Cashfree Fees,approved
EXP001466,M001,2024-10-06,salaries,incentives,18772.72,bank_transfer,BlueDart,approved
EXP001467,M001,2024-01-15,shipping,air_freight,9291.66,bank_transfer,AdGrowth Marketing,approved
EXP001468,M001,2024-08-08,warehouse,equipment,28556.99,UPI,Ecom Express,approved
EXP001469,M001,2024-08-28,shipping,last_mile,603.33,card,Urban Warehouse Services,approved
EXP001470,M001,2024-11-01,marketing,email_campaigns,13139.63,bank_transfer,Ecom Express,approved
EXP001471,M001,2024-04-21,salaries,full_time,16311.46,card,AdGrowth Marketing,pending
EXP001472,M001,2024-06-18,packaging,labels,1953.06,UPI,Urban Warehouse Services,approved
EXP001473,M001,2024-05-08,salaries,overtime,17695.38,card,Ecom Express,pending
EXP001474,M001,2024-03-01,marketing,digital_ads,16590.85,card,Xpressbees,approved
EXP001475,M001,2024-10-20,salaries,contract,29166.99,bank_transfer,Razorpay Fees,approved
EXP001476,M001,2024-10-31,salaries,overtime,7037.91,UPI,Delhivery,approved
EXP001477,M001,2024-11-15,marketing,influencer,17405.95,bank_transfer,Razorpay Fees,approved
EXP001478,M001,2024-04-26,salaries,overtime,17934.41,card,BlueDart,pending
EXP001479,M001,2024-02-21,marketing,email_campaigns,21238.73,UPI,Delhivery,approved
EXP001480,M001,2024-02-05,salaries,overtime,23196.61,bank_transfer,BlueDart,approved
EXP001481,M001,2024-07-10,warehouse,rent,15347.22,card,Ecom Express,approved
EXP001482,M001,2024-12-17,packaging,boxes,9461.14,UPI,Razorpay Fees,pending
EXP001483,M001,2024-08-26,returns,restocking,5377.8,bank_transfer,Delhivery,approved
EXP001484,M001,2024-09-29,salaries,overtime,23445.11,cash,Bangalore Packaging Co,approved
EXP001485,M001,2024-03-06,marketing,SEO,26842.0,bank_transfer,Ecom Express,approved
EXP001486,M001,2024-01-07,shipping,surface,10376.26,cash,Cashfree Fees,rejected
EXP001487,M001,2024-01-14,salaries,overtime,11656.46,bank_transfer,Bangalore Packaging Co,rejected
EXP001488,M001,2024-11-23,cloud,GCP,2743.9,UPI,Razorpay Fees,approved
EXP001489,M001,2024-02-17,marketing,SEO,18309.4,card,Razorpay Fees,approved
EXP001490,M001,2024-10-12,returns,restocking,3474.49,card,Delhivery,approved
EXP001491,M001,2024-08-08,refunds,chargeback,3458.02,card,Urban Warehouse Services,approved
EXP001492,M001,2024-03-25,returns,restocking,7312.68,bank_transfer,BlueDart,approved
EXP001493,M001,2024-11-07,marketing,email_campaigns,10285.09,bank_transfer,Ecom Express,rejected
EXP001494,M001,2024-01-07,packaging,boxes,6450.17,bank_transfer,BlueDart,approved
EXP001495,M001,2024-04-30,shipping,surface,14445.75,card,Shiprocket,pending
EXP001496,M001,2024-04-21,warehouse,equipment,28473.28,UPI,Cashfree Fees,pending
EXP001497,M001,2024-05-06,salaries,incentives,36174.45,bank_transfer,Cashfree Fees,approved
EXP001498,M001,2024-01-21,marketing,digital_ads,24023.18,cash,Delhivery,approved
EXP001499,M001,2024-05-19,warehouse,utilities,20885.02,cash,Delhivery,approved
EXP001500,M001,2024-12-25,salaries,full_time,18262.1,card,Ecom Express,pending
EXP001501,M001,2024-04-17,marketing,influencer,10371.78,cash,BlueDart,approved
EXP001502,M001,2024-08-29,salaries,incentives,18048.54,bank_transfer,Ecom Express,approved
EXP001503,M001,2024-12-12,marketing,digital_ads,11798.43,cash,Razorpay Fees,approved
EXP001504,M001,2024-12-12,marketing,email_campaigns,28694.13,UPI,Bangalore Packaging Co,pending
EXP001505,M001,2024-12-25,salaries,full_time,23963.83,bank_transfer,Shiprocket,pending
EXP001506,M001,2024-05-03,warehouse,rent,25786.54,UPI,AdGrowth Marketing,approved
EXP001507,M001,2024-08-09,salaries,overtime,11783.3,card,Ecom Express,approved
EXP001508,M001,2024-10-14,refunds,partial_refund,4083.9,bank_transfer,Bangalore Packaging Co,pending
EXP001509,M001,2024-04-24,warehouse,rent,9482.78,cash,Bangalore Packaging Co,rejected
EXP001510,M001,2024-05-30,salaries,full_time,28267.59,bank_transfer,Ecom Express,rejected
EXP001511,M001,2024-02-01,packaging,bubble_wrap,2125.93,bank_transfer,BlueDart,pending
EXP001512,M001,2024-06-13,warehouse,staff,23604.35,UPI,Bangalore Packaging Co,approved
EXP001513,M001,2024-08-08,marketing,digital_ads,9725.07,UPI,Bangalore Packaging Co,pending
EXP001514,M001,2024-04-25,shipping,reverse_logistics,12121.72,bank_transfer,Cashfree Fees,rejected
EXP001515,M001,2024-04-12,shipping,air_freight,13036.48,cash,BlueDart,approved
EXP001516,M001,2024-01-07,shipping,reverse_logistics,3411.3,bank_transfer,Razorpay Fees,approved
EXP001517,M001,2024-03-18,packaging,boxes,5572.62,bank_transfer,Cashfree Fees,approved
EXP001518,M001,2024-12-18,warehouse,rent,23267.75,bank_transfer,Cashfree Fees,approved
EXP001519,M001,2024-10-31,shipping,surface,2719.82,bank_transfer,Delhivery,pending
EXP001520,M001,2024-01-24,salaries,full_time,7799.92,card,Bangalore Packaging Co,pending
EXP001521,M001,2024-12-19,salaries,incentives,27796.66,card,BlueDart,approved
EXP001522,M001,2024-01-10,marketing,email_campaigns,8927.6,bank_transfer,Razorpay Fees,approved
EXP001523,M001,2024-01-05,payment_gateway,transaction_fee,359.3,bank_transfer,Urban Warehouse Services,approved
EXP001524,M001,2024-03-24,salaries,overtime,24241.0,card,Xpressbees,approved
EXP001525,M001,2024-03-30,salaries,overtime,32771.28,bank_transfer,Cashfree Fees,approved
EXP001526,M001,2024-02-03,salaries,contract,8438.36,UPI,Cashfree Fees,approved
EXP001527,M001,2024-01-11,salaries,incentives,13893.9,UPI,BlueDart,pending
EXP001528,M001,2024-01-17,marketing,email_campaigns,14331.74,bank_transfer,Xpressbees,approved
EXP001529,M001,2024-07-06,packaging,labels,9578.58,bank_transfer,Razorpay Fees,approved
EXP001530,M001,2024-09-08,salaries,overtime,36749.52,bank_transfer,Delhivery,approved
EXP001531,M001,2024-01-08,warehouse,equipment,21227.22,bank_transfer,BlueDart,pending
EXP001532,M001,2024-08-15,warehouse,equipment,26666.03,UPI,Ecom Express,pending
EXP001533,M001,2024-01-23,salaries,full_time,12484.56,card,AdGrowth Marketing,approved
EXP001534,M001,2024-11-13,marketing,email_campaigns,27622.17,card,Cashfree Fees,pending
EXP001535,M001,2024-04-02,salaries,incentives,13367.39,bank_transfer,Bangalore Packaging Co,approved
EXP001536,M001,2024-01-11,returns,reverse_pickup,446.06,UPI,AdGrowth Marketing,approved
EXP001537,M001,2024-11-11,marketing,digital_ads,20638.51,cash,BlueDart,approved
EXP001538,M001,2024-12-16,packaging,tape,6520.31,bank_transfer,Ecom Express,approved
EXP001539,M001,2024-03-09,cloud,storage,3114.63,UPI,BlueDart,approved
EXP001540,M001,2024-12-15,shipping,reverse_logistics,12752.5,card,Cashfree Fees,approved
EXP001541,M001,2024-10-04,shipping,surface,8289.43,card,Xpressbees,approved
EXP001542,M001,2024-02-26,salaries,full_time,6292.35,card,BlueDart,approved
EXP001543,M001,2024-12-11,marketing,digital_ads,9503.17,UPI,Cashfree Fees,rejected
EXP001544,M001,2024-12-02,salaries,full_time,11623.54,cash,Shiprocket,approved
EXP001545,M001,2024-12-08,warehouse,equipment,1921.67,card,Razorpay Fees,approved
EXP001546,M001,2024-05-04,salaries,overtime,19486.93,bank_transfer,BlueDart,approved
EXP001547,M001,2024-07-26,refunds,chargeback,4765.33,bank_transfer,BlueDart,approved
EXP001548,M001,2024-07-05,marketing,digital_ads,2996.05,bank_transfer,Razorpay Fees,approved
EXP001549,M001,2024-09-22,cloud,GCP,719.97,bank_transfer,Bangalore Packaging Co,approved
EXP001550,M001,2024-08-28,shipping,last_mile,881.19,card,Xpressbees,approved
EXP001551,M001,2024-12-30,marketing,influencer,5264.77,cash,Bangalore Packaging Co,approved
EXP001552,M001,2024-07-04,salaries,incentives,14503.89,card,Shiprocket,approved
EXP001553,M001,2024-11-28,salaries,overtime,26417.94,bank_transfer,Razorpay Fees,pending
EXP001554,M001,2024-12-24,marketing,influencer,20355.34,card,BlueDart,pending
EXP001555,M001,2024-04-05,shipping,reverse_logistics,15703.65,bank_transfer,Xpressbees,approved
EXP001556,M001,2024-09-18,marketing,digital_ads,15998.74,bank_transfer,AdGrowth Marketing,approved
EXP001557,M001,2024-10-21,warehouse,staff,20263.32,bank_transfer,Cashfree Fees,approved
EXP001558,M001,2024-12-12,cloud,GCP,1359.04,bank_transfer,Ecom Express,approved
EXP001559,M001,2024-12-05,salaries,contract,28791.65,cash,Ecom Express,approved
EXP001560,M001,2024-07-09,marketing,influencer,18650.22,bank_transfer,Ecom Express,pending
EXP001561,M001,2024-02-13,shipping,air_freight,4367.49,bank_transfer,Razorpay Fees,approved
EXP001562,M001,2024-11-20,shipping,last_mile,15219.65,bank_transfer,Delhivery,approved
EXP001563,M001,2024-06-04,packaging,labels,726.77,bank_transfer,Razorpay Fees,approved
EXP001564,M001,2024-10-05,marketing,email_campaigns,7613.43,card,Ecom Express,pending
EXP001565,M001,2024-11-25,returns,reverse_pickup,5696.37,card,Cashfree Fees,approved
EXP001566,M001,2024-02-05,salaries,full_time,32365.19,bank_transfer,Razorpay Fees,approved
EXP001567,M001,2024-04-21,cloud,GCP,271.98,bank_transfer,Cashfree Fees,pending
EXP001568,M001,2024-06-19,cloud,GCP,968.69,card,Urban Warehouse Services,approved
EXP001569,M001,2024-02-13,warehouse,equipment,20822.64,UPI,Xpressbees,approved
EXP001570,M001,2024-07-29,salaries,overtime,9705.37,cash,Xpressbees,approved
EXP001571,M001,2024-10-27,marketing,digital_ads,18125.37,card,BlueDart,approved
EXP001572,M001,2024-10-10,salaries,incentives,14409.03,bank_transfer,Xpressbees,approved
EXP001573,M001,2024-12-29,salaries,contract,17252.59,UPI,Shiprocket,approved
EXP001574,M001,2024-11-22,marketing,SEO,26796.66,bank_transfer,Cashfree Fees,approved
EXP001575,M001,2024-11-24,marketing,influencer,1535.32,card,BlueDart,approved
EXP001576,M001,2024-07-07,cloud,GCP,2905.41,UPI,Shiprocket,pending
EXP001577,M001,2024-09-18,warehouse,utilities,16733.5,card,Xpressbees,approved
EXP001578,M001,2024-03-02,salaries,overtime,31608.72,bank_transfer,Shiprocket,approved
EXP001579,M001,2024-03-28,marketing,digital_ads,10719.32,card,Bangalore Packaging Co,approved
EXP001580,M001,2024-10-14,warehouse,rent,7105.31,bank_transfer,BlueDart,approved
EXP001581,M001,2024-10-09,warehouse,utilities,15192.11,bank_transfer,Xpressbees,approved
EXP001582,M001,2024-05-18,salaries,full_time,31207.37,UPI,BlueDart,pending
EXP001583,M001,2024-11-05,shipping,air_freight,4660.3,UPI,Bangalore Packaging Co,rejected
EXP001584,M001,2024-06-21,warehouse,utilities,10328.42,bank_transfer,BlueDart,pending
EXP001585,M001,2024-09-04,marketing,influencer,19292.1,UPI,Shiprocket,approved
EXP001586,M001,2024-08-11,warehouse,utilities,12203.35,bank_transfer,BlueDart,pending
EXP001587,M001,2024-03-29,salaries,contract,9153.16,bank_transfer,Xpressbees,pending
EXP001588,M001,2024-11-06,packaging,tape,2381.32,bank_transfer,Delhivery,approved
EXP001589,M001,2024-12-12,salaries,incentives,26700.61,bank_transfer,Shiprocket,approved
EXP001590,M001,2024-12-19,cloud,storage,422.65,card,BlueDart,pending
EXP001591,M001,2024-05-21,marketing,SEO,3209.31,bank_transfer,Bangalore Packaging Co,rejected
EXP001592,M001,2024-10-16,packaging,boxes,3523.06,card,AdGrowth Marketing,approved
EXP001593,M001,2024-10-30,marketing,SEO,24359.74,bank_transfer,Urban Warehouse Services,approved
EXP001594,M001,2024-08-28,warehouse,equipment,20154.07,card,Shiprocket,approved
EXP001595,M001,2024-12-23,shipping,air_freight,10296.77,card,Shiprocket,approved
EXP001596,M001,2024-02-01,warehouse,staff,4558.29,UPI,Ecom Express,pending
EXP001597,M001,2024-10-28,cloud,Azure,2556.3,bank_transfer,Shiprocket,approved
EXP001598,M001,2024-05-20,shipping,reverse_logistics,11396.11,bank_transfer,Xpressbees,approved
EXP001599,M001,2024-07-29,salaries,contract,14081.16,card,Cashfree Fees,approved
EXP001600,M001,2024-12-26,warehouse,utilities,20640.98,UPI,Razorpay Fees,approved
EXP001601,M001,2024-11-02,packaging,bubble_wrap,1534.81,UPI,Ecom Express,approved
EXP001602,M001,2024-11-14,marketing,digital_ads,20194.23,card,Shiprocket,approved
EXP001603,M001,2024-09-17,shipping,surface,7202.25,card,Delhivery,approved
EXP001604,M001,2024-12-10,shipping,reverse_logistics,7090.57,cash,Bangalore Packaging Co,pending
EXP001605,M001,2024-04-15,shipping,reverse_logistics,6902.79,UPI,Razorpay Fees,approved
EXP001606,M001,2024-05-27,warehouse,rent,3181.79,bank_transfer,Shiprocket,approved
EXP001607,M001,2024-07-26,warehouse,rent,26863.46,bank_transfer,AdGrowth Marketing,approved
EXP001608,M001,2024-01-11,marketing,influencer,1171.06,cash,AdGrowth Marketing,rejected
EXP001609,M001,2024-03-18,warehouse,utilities,21799.41,UPI,Xpressbees,approved
EXP001610,M001,2024-05-30,marketing,influencer,7365.67,card,Urban Warehouse Services,rejected
EXP001611,M001,2024-04-08,marketing,SEO,4232.74,card,Delhivery,approved
EXP001612,M001,2024-07-20,salaries,contract,19744.46,cash,Ecom Express,rejected
EXP001613,M001,2024-07-16,salaries,full_time,6559.57,bank_transfer,Cashfree Fees,approved
EXP001614,M001,2024-03-24,refunds,chargeback,6255.83,bank_transfer,Razorpay Fees,approved
EXP001615,M001,2024-12-06,salaries,incentives,32354.29,cash,Xpressbees,pending
EXP001616,M001,2024-07-26,warehouse,equipment,9314.48,bank_transfer,BlueDart,approved
EXP001617,M001,2024-07-03,returns,restocking,2136.35,UPI,Razorpay Fees,approved
EXP001618,M001,2024-08-02,refunds,partial_refund,1138.03,bank_transfer,BlueDart,approved
EXP001619,M001,2024-09-21,marketing,SEO,5269.96,bank_transfer,Xpressbees,approved
EXP001620,M001,2024-03-23,salaries,overtime,37891.31,cash,BlueDart,pending
EXP001621,M001,2024-01-26,warehouse,equipment,13641.39,bank_transfer,Xpressbees,approved
EXP001622,M001,2024-05-10,shipping,reverse_logistics,11308.84,bank_transfer,Bangalore Packaging Co,approved
EXP001623,M001,2024-11-08,salaries,full_time,25314.22,bank_transfer,Ecom Express,approved
EXP001624,M001,2024-01-16,refunds,chargeback,180.11,card,BlueDart,approved
EXP001625,M001,2024-08-29,refunds,chargeback,6976.34,UPI,Razorpay Fees,rejected
EXP001626,M001,2024-10-16,marketing,digital_ads,19109.67,card,Ecom Express,approved
EXP001627,M001,2024-11-27,shipping,reverse_logistics,15611.85,UPI,Shiprocket,approved
EXP001628,M001,2024-05-13,refunds,partial_refund,9674.29,UPI,Razorpay Fees,approved
EXP001629,M001,2024-08-27,salaries,full_time,38660.88,card,Bangalore Packaging Co,approved
EXP001630,M001,2024-02-19,marketing,digital_ads,21304.41,card,Delhivery,pending
EXP001631,M001,2024-10-21,shipping,surface,1449.72,bank_transfer,Urban Warehouse Services,approved
EXP001632,M001,2024-12-01,shipping,air_freight,10732.87,card,Cashfree Fees,approved
EXP001633,M001,2024-08-19,marketing,SEO,1263.51,UPI,Bangalore Packaging Co,rejected
EXP001634,M001,2024-02-26,marketing,SEO,12344.96,bank_transfer,Xpressbees,approved
EXP001635,M001,2024-01-02,marketing,SEO,25249.14,bank_transfer,Urban Warehouse Services,pending
EXP001636,M001,2024-02-05,salaries,contract,34201.5,card,Delhivery,approved
EXP001637,M001,2024-05-02,cloud,storage,5356.46,cash,Ecom Express,approved
EXP001638,M001,2024-10-24,marketing,SEO,5151.81,cash,Bangalore Packaging Co,approved
EXP001639,M001,2024-07-22,marketing,digital_ads,28462.11,cash,BlueDart,approved
EXP001640,M001,2024-11-28,shipping,last_mile,7551.87,bank_transfer,Xpressbees,approved
EXP001641,M001,2024-07-29,shipping,air_freight,7849.41,bank_transfer,Bangalore Packaging Co,approved
EXP001642,M001,2024-10-09,marketing,digital_ads,15494.94,cash,BlueDart,approved
EXP001643,M001,2024-03-20,shipping,reverse_logistics,15413.15,card,Xpressbees,approved
EXP001644,M001,2024-01-25,shipping,surface,11075.98,bank_transfer,Shiprocket,approved
EXP001645,M001,2024-06-13,marketing,influencer,26484.62,card,AdGrowth Marketing,approved
EXP001646,M001,2024-05-31,salaries,incentives,13096.56,bank_transfer,Cashfree Fees,pending
EXP001647,M001,2024-10-26,salaries,contract,27874.47,bank_transfer,BlueDart,pending
EXP001648,M001,2024-01-22,warehouse,staff,26306.14,bank_transfer,Xpressbees,rejected
EXP001649,M001,2024-04-07,warehouse,utilities,7281.38,card,Urban Warehouse Services,pending
EXP001650,M001,2024-06-06,salaries,full_time,8347.54,bank_transfer,AdGrowth Marketing,approved
EXP001651,M001,2024-07-23,salaries,full_time,37515.91,bank_transfer,Ecom Express,pending
EXP001652,M001,2024-03-12,salaries,full_time,10774.79,card,Bangalore Packaging Co,approved
EXP001653,M001,2024-03-08,marketing,email_campaigns,29538.54,card,Xpressbees,approved
EXP001654,M001,2024-01-29,shipping,surface,4240.53,UPI,Razorpay Fees,approved
EXP001655,M001,2024-12-10,marketing,SEO,15773.8,bank_transfer,Razorpay Fees,pending
EXP001656,M001,2024-04-26,packaging,boxes,766.26,bank_transfer,Cashfree Fees,approved
EXP001657,M001,2024-06-20,cloud,storage,818.38,bank_transfer,Xpressbees,approved
EXP001658,M001,2024-02-02,salaries,full_time,23662.55,UPI,Shiprocket,pending
EXP001659,M001,2024-07-01,salaries,contract,30813.57,card,Cashfree Fees,approved
EXP001660,M001,2024-06-17,shipping,surface,5241.69,UPI,AdGrowth Marketing,approved
EXP001661,M001,2024-05-10,marketing,SEO,1809.69,UPI,Cashfree Fees,approved
EXP001662,M001,2024-11-05,salaries,contract,35250.12,UPI,Delhivery,approved
EXP001663,M001,2024-07-17,marketing,digital_ads,20190.08,card,Urban Warehouse Services,approved
EXP001664,M001,2024-06-13,salaries,full_time,20795.56,card,Ecom Express,approved
EXP001665,M001,2024-09-05,marketing,email_campaigns,6664.45,card,Shiprocket,approved
EXP001666,M001,2024-05-27,warehouse,utilities,6103.42,UPI,Urban Warehouse Services,approved
EXP001667,M001,2024-12-28,refunds,chargeback,4283.11,UPI,AdGrowth Marketing,approved
EXP001668,M001,2024-06-05,warehouse,staff,16090.37,bank_transfer,Shiprocket,approved
EXP001669,M001,2024-08-17,warehouse,rent,2172.19,bank_transfer,Razorpay Fees,approved
EXP001670,M001,2024-09-30,marketing,influencer,17876.88,UPI,Shiprocket,pending
EXP001671,M001,2024-05-17,warehouse,rent,24264.92,UPI,AdGrowth Marketing,approved
EXP001672,M001,2024-08-27,marketing,SEO,26376.93,bank_transfer,Cashfree Fees,pending
EXP001673,M001,2024-04-29,packaging,tape,4914.94,bank_transfer,Urban Warehouse Services,approved
EXP001674,M001,2024-03-27,returns,restocking,8920.39,card,Razorpay Fees,pending
EXP001675,M001,2024-02-28,returns,restocking,100.0,bank_transfer,Cashfree Fees,approved
EXP001676,M001,2024-12-27,salaries,contract,10575.87,UPI,Delhivery,pending
EXP001677,M001,2024-11-03,packaging,tape,3772.34,UPI,Bangalore Packaging Co,rejected
EXP001678,M001,2024-10-11,shipping,last_mile,9746.27,card,Xpressbees,pending
EXP001679,M001,2024-03-01,marketing,SEO,8836.76,card,Ecom Express,pending
EXP001680,M001,2024-10-27,warehouse,equipment,24549.78,cash,Bangalore Packaging Co,approved
EXP001681,M001,2024-07-21,salaries,overtime,30528.41,card,Cashfree Fees,approved
EXP001682,M001,2024-05-18,shipping,reverse_logistics,12308.3,card,AdGrowth Marketing,approved
EXP001683,M001,2024-10-03,shipping,surface,4212.21,card,Shiprocket,approved
EXP001684,M001,2024-07-22,cloud,GCP,5522.47,UPI,BlueDart,rejected
EXP001685,M001,2024-11-30,salaries,contract,27860.07,bank_transfer,Ecom Express,pending
EXP001686,M001,2024-07-16,refunds,chargeback,3100.69,card,Delhivery,approved
EXP001687,M001,2024-12-19,shipping,reverse_logistics,5561.6,bank_transfer,Xpressbees,approved
EXP001688,M001,2024-12-10,warehouse,staff,17083.44,card,Ecom Express,pending
EXP001689,M001,2024-04-03,refunds,partial_refund,3733.56,card,Delhivery,approved
EXP001690,M001,2024-04-02,returns,quality_check,8124.62,card,Urban Warehouse Services,approved
EXP001691,M001,2024-10-18,marketing,digital_ads,26639.2,bank_transfer,Urban Warehouse Services,pending
EXP001692,M001,2024-01-18,marketing,influencer,28084.27,bank_transfer,Delhivery,approved
EXP001693,M001,2024-04-29,salaries,incentives,29008.91,cash,BlueDart,approved
EXP001694,M001,2024-12-23,packaging,tape,2754.11,bank_transfer,Bangalore Packaging Co,approved
EXP001695,M001,2024-11-28,packaging,bubble_wrap,4052.03,card,Shiprocket,approved
EXP001696,M001,2024-05-14,warehouse,rent,20930.26,UPI,Bangalore Packaging Co,approved
EXP001697,M001,2024-11-02,salaries,full_time,10943.16,card,Urban Warehouse Services,approved
EXP001698,M001,2024-09-15,salaries,full_time,38578.81,bank_transfer,Shiprocket,approved
EXP001699,M001,2024-09-10,packaging,bubble_wrap,9620.42,bank_transfer,AdGrowth Marketing,approved
EXP001700,M001,2024-12-11,refunds,partial_refund,3918.43,bank_transfer,Razorpay Fees,rejected
EXP001701,M001,2024-11-15,shipping,last_mile,11893.11,bank_transfer,Urban Warehouse Services,rejected
EXP001702,M001,2024-10-26,salaries,contract,34307.36,UPI,Urban Warehouse Services,approved
EXP001703,M001,2024-09-30,software,subscriptions,1065.72,card,BlueDart,pending
EXP001704,M001,2024-11-14,payment_gateway,transaction_fee,762.79,card,Shiprocket,approved
EXP001705,M001,2024-05-11,salaries,overtime,20608.0,bank_transfer,Cashfree Fees,approved
EXP001706,M001,2024-04-17,salaries,full_time,15522.11,bank_transfer,Razorpay Fees,pending
EXP001707,M001,2024-04-09,salaries,full_time,9340.63,cash,Urban Warehouse Services,approved
EXP001708,M001,2024-01-04,salaries,full_time,32777.15,card,Shiprocket,approved
EXP001709,M001,2024-05-16,warehouse,staff,6559.31,bank_transfer,Shiprocket,approved
EXP001710,M001,2024-10-16,salaries,incentives,21911.5,bank_transfer,Xpressbees,approved
EXP001711,M001,2024-12-21,software,licenses,2399.54,card,AdGrowth Marketing,approved
EXP001712,M001,2024-12-18,marketing,influencer,12103.61,bank_transfer,Bangalore Packaging Co,approved
EXP001713,M001,2024-08-06,shipping,reverse_logistics,6760.53,bank_transfer,AdGrowth Marketing,approved
EXP001714,M001,2024-04-30,salaries,contract,13802.61,UPI,Ecom Express,approved
EXP001715,M001,2024-06-16,shipping,air_freight,15745.68,bank_transfer,Xpressbees,rejected
EXP001716,M001,2024-01-25,salaries,contract,27842.72,bank_transfer,AdGrowth Marketing,approved
EXP001717,M001,2024-12-26,marketing,email_campaigns,1803.43,card,Shiprocket,approved
EXP001718,M001,2024-02-04,marketing,influencer,3535.95,card,Bangalore Packaging Co,approved
EXP001719,M001,2024-11-07,shipping,surface,12404.09,bank_transfer,Shiprocket,approved
EXP001720,M001,2024-01-14,payment_gateway,dispute_fee,2747.24,bank_transfer,Bangalore Packaging Co,approved
EXP001721,M001,2024-03-30,packaging,labels,8326.8,bank_transfer,Razorpay Fees,approved
EXP001722,M001,2024-11-09,shipping,surface,14881.64,bank_transfer,Bangalore Packaging Co,approved
EXP001723,M001,2024-10-01,shipping,surface,6532.12,bank_transfer,Cashfree Fees,pending
EXP001724,M001,2024-01-01,marketing,influencer,13337.43,cash,AdGrowth Marketing,approved
EXP001725,M001,2024-05-01,warehouse,equipment,10662.07,UPI,Razorpay Fees,approved
EXP001726,M001,2024-09-17,software,subscriptions,3868.88,bank_transfer,Shiprocket,approved
EXP001727,M001,2024-10-25,marketing,SEO,1254.65,bank_transfer,Bangalore Packaging Co,approved
EXP001728,M001,2024-01-27,marketing,email_campaigns,10661.01,card,Razorpay Fees,approved
EXP001729,M001,2024-04-02,salaries,full_time,38733.36,bank_transfer,Bangalore Packaging Co,pending
EXP001730,M001,2024-02-02,marketing,email_campaigns,5457.76,cash,Xpressbees,approved
EXP001731,M001,2024-11-02,marketing,influencer,16573.56,card,Razorpay Fees,approved
EXP001732,M001,2024-11-24,salaries,incentives,19678.1,card,Ecom Express,approved
EXP001733,M001,2024-12-20,marketing,email_campaigns,1820.37,bank_transfer,Cashfree Fees,approved
EXP001734,M001,2024-08-11,salaries,incentives,35897.44,UPI,Cashfree Fees,approved
EXP001735,M001,2024-01-11,warehouse,staff,4685.72,bank_transfer,Cashfree Fees,approved
EXP001736,M001,2024-03-01,packaging,bubble_wrap,3328.0,card,Shiprocket,approved
EXP001737,M001,2024-10-24,payment_gateway,settlement_charge,3710.29,cash,Ecom Express,pending
EXP001738,M001,2024-12-21,shipping,surface,7821.63,cash,AdGrowth Marketing,approved
EXP001739,M001,2024-12-26,payment_gateway,dispute_fee,335.43,bank_transfer,Urban Warehouse Services,approved
EXP001740,M001,2024-04-30,marketing,SEO,7468.06,cash,Shiprocket,approved
EXP001741,M001,2024-04-30,marketing,digital_ads,16438.54,bank_transfer,Shiprocket,approved
EXP001742,M001,2024-05-14,payment_gateway,transaction_fee,648.68,card,Shiprocket,pending
EXP001743,M001,2024-05-17,warehouse,equipment,5447.1,bank_transfer,Xpressbees,approved
EXP001744,M001,2024-11-03,shipping,surface,14161.98,UPI,Bangalore Packaging Co,approved
EXP001745,M001,2024-05-04,salaries,overtime,18104.65,UPI,Shiprocket,approved
EXP001746,M001,2024-10-10,returns,quality_check,2045.87,bank_transfer,Razorpay Fees,approved
EXP001747,M001,2024-08-02,shipping,surface,389.14,bank_transfer,Ecom Express,approved
EXP001748,M001,2024-07-16,salaries,overtime,26390.93,bank_transfer,Urban Warehouse Services,approved
EXP001749,M001,2024-11-02,shipping,air_freight,12297.96,bank_transfer,Shiprocket,approved
EXP001750,M001,2024-11-03,payment_gateway,dispute_fee,4896.24,card,Xpressbees,approved
EXP001751,M001,2024-10-09,shipping,surface,342.12,cash,Bangalore Packaging Co,pending
EXP001752,M001,2024-06-26,software,licenses,2959.4,UPI,AdGrowth Marketing,approved
EXP001753,M001,2024-11-22,returns,reverse_pickup,379.27,card,Bangalore Packaging Co,approved
EXP001754,M001,2024-02-16,shipping,air_freight,10496.21,card,Ecom Express,approved
EXP001755,M001,2024-12-04,warehouse,rent,28401.44,card,BlueDart,approved
EXP001756,M001,2024-11-04,shipping,surface,15213.21,card,Shiprocket,approved
EXP001757,M001,2024-12-13,salaries,incentives,6024.81,bank_transfer,BlueDart,approved
EXP001758,M001,2024-10-20,salaries,full_time,37834.31,bank_transfer,Ecom Express,approved
EXP001759,M001,2024-05-25,packaging,boxes,6600.36,card,Xpressbees,approved
EXP001760,M001,2024-10-30,shipping,reverse_logistics,2173.92,card,Razorpay Fees,approved
EXP001761,M001,2024-02-17,salaries,full_time,9672.25,bank_transfer,AdGrowth Marketing,approved
EXP001762,M001,2024-01-05,shipping,air_freight,10188.62,bank_transfer,Cashfree Fees,rejected
EXP001763,M001,2024-08-27,refunds,chargeback,1860.56,bank_transfer,Delhivery,approved
EXP001764,M001,2024-01-11,salaries,full_time,29984.01,UPI,Shiprocket,approved
EXP001765,M001,2024-04-28,payment_gateway,dispute_fee,1656.62,bank_transfer,Ecom Express,approved
EXP001766,M001,2024-07-06,salaries,incentives,19501.8,bank_transfer,BlueDart,approved
EXP001767,M001,2024-02-26,marketing,email_campaigns,25464.38,bank_transfer,Bangalore Packaging Co,rejected
EXP001768,M001,2024-08-03,marketing,SEO,6718.89,bank_transfer,Xpressbees,approved
EXP001769,M001,2024-04-15,salaries,incentives,37925.13,card,Razorpay Fees,pending
EXP001770,M001,2024-07-02,packaging,boxes,4257.61,bank_transfer,Urban Warehouse Services,approved
EXP001771,M001,2024-01-15,salaries,full_time,13104.02,card,BlueDart,approved
EXP001772,M001,2024-09-24,packaging,bubble_wrap,399.77,card,Shiprocket,rejected
EXP001773,M001,2024-10-24,marketing,email_campaigns,19035.64,cash,Delhivery,approved
EXP001774,M001,2024-03-10,packaging,boxes,3581.08,UPI,Cashfree Fees,approved
EXP001775,M001,2024-04-07,salaries,full_time,8314.42,bank_transfer,Bangalore Packaging Co,rejected
EXP001776,M001,2024-09-04,shipping,surface,7029.38,bank_transfer,BlueDart,approved
EXP001777,M001,2024-11-12,warehouse,utilities,9533.93,bank_transfer,Bangalore Packaging Co,approved
EXP001778,M001,2024-12-10,shipping,surface,7847.61,card,AdGrowth Marketing,approved
EXP001779,M001,2024-09-24,marketing,influencer,23326.75,card,Shiprocket,approved
EXP001780,M001,2024-11-26,salaries,overtime,33904.53,UPI,Urban Warehouse Services,pending
EXP001781,M001,2024-01-30,marketing,SEO,22114.91,bank_transfer,Xpressbees,rejected
EXP001782,M001,2024-06-12,marketing,SEO,10910.65,bank_transfer,Cashfree Fees,approved
EXP001783,M001,2024-04-06,shipping,surface,13342.77,card,Razorpay Fees,pending
EXP001784,M001,2024-01-16,warehouse,equipment,18900.08,bank_transfer,Urban Warehouse Services,pending
EXP001785,M001,2024-05-18,returns,restocking,100.0,card,Ecom Express,approved
EXP001786,M001,2024-10-22,salaries,overtime,9023.74,bank_transfer,BlueDart,pending
EXP001787,M001,2024-12-22,salaries,overtime,31285.85,card,AdGrowth Marketing,rejected
EXP001788,M001,2024-11-03,warehouse,equipment,24285.83,card,AdGrowth Marketing,approved
EXP001789,M001,2024-10-14,refunds,customer_refund,8584.01,UPI,Ecom Express,rejected
EXP001790,M001,2024-04-05,shipping,surface,10991.02,cash,Urban Warehouse Services,pending
EXP001791,M001,2024-04-10,returns,reverse_pickup,8515.35,card,Ecom Express,approved
EXP001792,M001,2024-04-28,shipping,air_freight,15147.1,bank_transfer,Bangalore Packaging Co,approved
EXP001793,M001,2024-05-22,marketing,digital_ads,4698.75,UPI,Cashfree Fees,approved
EXP001794,M001,2024-06-28,returns,restocking,8864.08,UPI,BlueDart,approved
EXP001795,M001,2024-10-16,marketing,digital_ads,24846.34,bank_transfer,BlueDart,approved
EXP001796,M001,2024-09-08,salaries,incentives,7697.56,card,Ecom Express,approved
EXP001797,M001,2024-06-04,salaries,contract,27321.19,bank_transfer,Xpressbees,approved
EXP001798,M001,2024-07-26,refunds,partial_refund,100.0,bank_transfer,Razorpay Fees,approved
EXP001799,M001,2024-11-27,warehouse,rent,17687.44,bank_transfer,Bangalore Packaging Co,approved
EXP001800,M001,2024-11-29,shipping,air_freight,7801.66,bank_transfer,Razorpay Fees,pending
EXP001801,M001,2024-01-07,marketing,influencer,23333.06,bank_transfer,Shiprocket,approved
EXP001802,M001,2024-09-12,warehouse,rent,29140.49,bank_transfer,Urban Warehouse Services,approved
EXP001803,M001,2024-01-24,marketing,email_campaigns,28766.74,bank_transfer,Cashfree Fees,approved
EXP001804,M001,2024-09-14,marketing,email_campaigns,22175.17,cash,Bangalore Packaging Co,approved
EXP001805,M001,2024-08-04,marketing,digital_ads,13916.01,UPI,Ecom Express,rejected
EXP001806,M001,2024-08-27,marketing,digital_ads,4074.71,bank_transfer,Bangalore Packaging Co,rejected
EXP001807,M001,2024-05-06,software,licenses,5270.72,card,Razorpay Fees,approved
EXP001808,M001,2024-08-30,returns,reverse_pickup,509.22,cash,Urban Warehouse Services,pending
EXP001809,M001,2024-10-30,returns,reverse_pickup,2938.61,card,Urban Warehouse Services,approved
EXP001810,M001,2024-08-26,marketing,influencer,25927.54,cash,Xpressbees,approved
EXP001811,M001,2024-09-08,packaging,labels,2135.17,bank_transfer,Xpressbees,approved
EXP001812,M001,2024-12-28,payment_gateway,dispute_fee,4460.65,UPI,Xpressbees,approved
EXP001813,M001,2024-12-20,packaging,boxes,7190.38,UPI,Urban Warehouse Services,approved
EXP001814,M001,2024-11-13,salaries,overtime,8064.98,bank_transfer,Shiprocket,approved
EXP001815,M001,2024-05-19,salaries,incentives,35278.12,cash,Xpressbees,pending
EXP001816,M001,2024-12-16,returns,restocking,958.53,card,Bangalore Packaging Co,approved
EXP001817,M001,2024-03-23,marketing,email_campaigns,22046.57,bank_transfer,Delhivery,approved
EXP001818,M001,2024-01-23,cloud,Azure,4473.11,card,Shiprocket,approved
EXP001819,M001,2024-05-12,salaries,full_time,6046.48,bank_transfer,Delhivery,approved
EXP001820,M001,2024-09-27,marketing,influencer,13201.2,cash,Delhivery,approved
EXP001821,M001,2024-05-31,shipping,reverse_logistics,14539.03,bank_transfer,Ecom Express,pending
EXP001822,M001,2024-11-11,salaries,overtime,18257.56,card,Ecom Express,approved
EXP001823,M001,2024-05-09,refunds,customer_refund,5188.73,card,Bangalore Packaging Co,approved
EXP001824,M001,2024-08-16,software,SaaS,3162.87,UPI,Bangalore Packaging Co,pending
EXP001825,M001,2024-09-09,salaries,overtime,10076.45,cash,BlueDart,approved
EXP001826,M001,2024-03-12,payment_gateway,dispute_fee,4138.22,UPI,Razorpay Fees,approved
EXP001827,M001,2024-04-06,salaries,incentives,28068.57,bank_transfer,Xpressbees,approved
EXP001828,M001,2024-07-13,warehouse,utilities,25991.55,card,Bangalore Packaging Co,approved
EXP001829,M001,2024-03-02,payment_gateway,dispute_fee,3082.42,card,Delhivery,rejected
EXP001830,M001,2024-03-01,warehouse,equipment,25989.44,bank_transfer,BlueDart,pending
EXP001831,M001,2024-04-08,refunds,chargeback,6400.74,bank_transfer,BlueDart,approved
EXP001832,M001,2024-04-17,salaries,contract,35880.86,cash,Shiprocket,approved
EXP001833,M001,2024-03-19,marketing,SEO,13068.95,card,Shiprocket,pending
EXP001834,M001,2024-11-08,warehouse,staff,14733.9,UPI,Urban Warehouse Services,approved
EXP001835,M001,2024-12-04,payment_gateway,dispute_fee,1578.95,UPI,Shiprocket,pending
EXP001836,M001,2024-10-11,salaries,overtime,21162.36,UPI,Xpressbees,pending
EXP001837,M001,2024-05-28,salaries,incentives,16109.57,UPI,Delhivery,pending
EXP001838,M001,2024-07-02,marketing,SEO,22552.78,card,Xpressbees,approved
EXP001839,M001,2024-12-07,warehouse,rent,9507.63,card,Ecom Express,approved
EXP001840,M001,2024-02-25,marketing,email_campaigns,28952.67,UPI,Cashfree Fees,rejected
EXP001841,M001,2024-09-16,shipping,reverse_logistics,7843.42,bank_transfer,Delhivery,approved
EXP001842,M001,2024-10-11,shipping,air_freight,4317.21,card,Xpressbees,approved
EXP001843,M001,2024-06-08,salaries,full_time,33982.04,UPI,Delhivery,rejected
EXP001844,M001,2024-11-10,shipping,air_freight,321.52,bank_transfer,Cashfree Fees,approved
EXP001845,M001,2024-12-17,salaries,overtime,34821.17,card,Razorpay Fees,approved
EXP001846,M001,2024-08-12,salaries,contract,32019.41,card,Cashfree Fees,approved
EXP001847,M001,2024-02-12,cloud,GCP,559.21,cash,Shiprocket,approved
EXP001848,M001,2024-12-08,marketing,email_campaigns,21422.98,bank_transfer,Ecom Express,approved
EXP001849,M001,2024-09-01,shipping,air_freight,11644.89,card,Bangalore Packaging Co,approved
EXP001850,M001,2024-03-07,shipping,air_freight,3619.93,UPI,BlueDart,approved
EXP001851,M001,2024-12-10,cloud,GCP,1385.82,card,Xpressbees,approved
EXP001852,M001,2024-01-13,shipping,reverse_logistics,3693.75,bank_transfer,Xpressbees,pending
EXP001853,M001,2024-05-21,warehouse,equipment,9302.83,bank_transfer,AdGrowth Marketing,pending
EXP001854,M001,2024-07-01,returns,quality_check,5785.06,bank_transfer,Razorpay Fees,pending
EXP001855,M001,2024-03-30,warehouse,utilities,3200.28,bank_transfer,Razorpay Fees,approved
EXP001856,M001,2024-11-03,packaging,boxes,7226.36,card,Xpressbees,rejected
EXP001857,M001,2024-08-28,marketing,digital_ads,3409.78,bank_transfer,Shiprocket,approved
EXP001858,M001,2024-01-01,warehouse,rent,19320.9,UPI,Shiprocket,approved
EXP001859,M001,2024-01-12,shipping,reverse_logistics,7702.85,bank_transfer,Cashfree Fees,rejected
EXP001860,M001,2024-10-31,salaries,incentives,37728.67,cash,AdGrowth Marketing,pending
EXP001861,M001,2024-10-30,marketing,influencer,8130.17,cash,Urban Warehouse Services,approved
EXP001862,M001,2024-10-16,salaries,contract,31489.83,cash,Xpressbees,pending
EXP001863,M001,2024-07-11,payment_gateway,transaction_fee,465.8,UPI,Ecom Express,pending
EXP001864,M001,2024-09-01,salaries,contract,16739.27,bank_transfer,Cashfree Fees,approved
EXP001865,M001,2024-11-04,warehouse,equipment,14060.77,bank_transfer,Razorpay Fees,approved
EXP001866,M001,2024-01-05,cloud,Azure,3367.72,bank_transfer,AdGrowth Marketing,approved
EXP001867,M001,2024-02-14,salaries,overtime,18137.25,bank_transfer,Bangalore Packaging Co,approved
EXP001868,M001,2024-10-22,shipping,surface,12541.76,cash,AdGrowth Marketing,pending
EXP001869,M001,2024-03-30,warehouse,utilities,15816.62,card,Razorpay Fees,approved
EXP001870,M001,2024-05-15,shipping,reverse_logistics,7996.81,bank_transfer,Xpressbees,approved
EXP001871,M001,2024-08-03,cloud,AWS,4228.26,bank_transfer,Ecom Express,approved
EXP001872,M001,2024-04-25,returns,quality_check,3387.66,bank_transfer,Delhivery,approved
EXP001873,M001,2024-04-19,packaging,bubble_wrap,3951.52,card,BlueDart,approved
EXP001874,M001,2024-12-03,salaries,contract,39805.84,card,AdGrowth Marketing,approved
EXP001875,M001,2024-07-29,salaries,contract,11145.57,bank_transfer,AdGrowth Marketing,approved
EXP001876,M001,2024-08-27,salaries,incentives,30218.71,bank_transfer,Cashfree Fees,approved
EXP001877,M001,2024-09-21,software,tools,5245.67,UPI,Delhivery,approved
EXP001878,M001,2024-09-22,marketing,SEO,5304.85,cash,AdGrowth Marketing,approved
EXP001879,M001,2024-07-13,warehouse,staff,28699.53,bank_transfer,Xpressbees,rejected
EXP001880,M001,2024-11-13,returns,reverse_pickup,8634.81,UPI,Xpressbees,approved
EXP001881,M001,2024-09-22,cloud,storage,3530.55,cash,Urban Warehouse Services,approved
EXP001882,M001,2024-10-10,salaries,full_time,14079.42,card,Xpressbees,rejected
EXP001883,M001,2024-06-04,refunds,customer_refund,7625.55,bank_transfer,Bangalore Packaging Co,approved
EXP001884,M001,2024-08-14,warehouse,rent,9720.72,cash,Razorpay Fees,approved
EXP001885,M001,2024-02-22,marketing,SEO,3397.1,UPI,BlueDart,approved
EXP001886,M001,2024-08-13,refunds,partial_refund,4617.01,card,BlueDart,rejected
EXP001887,M001,2024-10-01,marketing,digital_ads,4206.31,bank_transfer,Ecom Express,rejected
EXP001888,M001,2024-01-05,software,subscriptions,5521.68,cash,Cashfree Fees,approved
EXP001889,M001,2024-11-12,software,subscriptions,1174.4,UPI,AdGrowth Marketing,approved
EXP001890,M001,2024-11-03,shipping,surface,7572.75,cash,Ecom Express,pending
EXP001891,M001,2024-05-31,marketing,SEO,4859.25,bank_transfer,Ecom Express,approved
EXP001892,M001,2024-04-07,salaries,overtime,29299.88,bank_transfer,Razorpay Fees,approved
EXP001893,M001,2024-11-21,software,SaaS,3116.8,bank_transfer,Razorpay Fees,approved
EXP001894,M001,2024-03-05,software,licenses,5050.18,UPI,AdGrowth Marketing,approved
EXP001895,M001,2024-05-13,salaries,incentives,20318.13,bank_transfer,Ecom Express,approved
EXP001896,M001,2024-12-30,returns,quality_check,7035.56,cash,AdGrowth Marketing,approved
EXP001897,M001,2024-11-04,shipping,reverse_logistics,12607.56,bank_transfer,Cashfree Fees,approved
EXP001898,M001,2024-01-28,shipping,surface,10334.13,card,Xpressbees,approved
EXP001899,M001,2024-07-09,salaries,full_time,36058.61,UPI,Xpressbees,approved
EXP001900,M001,2024-09-13,software,subscriptions,5441.25,UPI,AdGrowth Marketing,approved
EXP001901,M001,2024-08-20,software,subscriptions,5205.35,UPI,AdGrowth Marketing,approved
EXP001902,M001,2024-01-27,salaries,incentives,20958.29,UPI,Cashfree Fees,approved
EXP001903,M001,2024-02-14,salaries,full_time,10349.22,bank_transfer,Cashfree Fees,approved
EXP001904,M001,2024-04-07,salaries,incentives,11469.61,UPI,Shiprocket,approved
EXP001905,M001,2024-01-12,shipping,surface,14591.87,bank_transfer,Ecom Express,approved
EXP001906,M001,2024-11-10,shipping,reverse_logistics,14774.57,bank_transfer,Urban Warehouse Services,approved
EXP001907,M001,2024-11-11,salaries,incentives,22397.67,cash,Cashfree Fees,approved
EXP001908,M001,2024-09-18,refunds,chargeback,2534.85,bank_transfer,Razorpay Fees,approved
EXP001909,M001,2024-08-13,marketing,influencer,21299.83,cash,BlueDart,approved
EXP001910,M001,2024-07-30,shipping,reverse_logistics,15724.7,bank_transfer,Bangalore Packaging Co,pending
EXP001911,M001,2024-07-29,shipping,air_freight,15077.36,bank_transfer,Cashfree Fees,approved
EXP001912,M001,2024-11-28,returns,restocking,8680.19,bank_transfer,Xpressbees,approved
EXP001913,M001,2024-05-12,salaries,overtime,37763.35,bank_transfer,Razorpay Fees,approved
EXP001914,M001,2024-02-27,shipping,surface,12984.67,card,Urban Warehouse Services,approved
EXP001915,M001,2024-08-06,shipping,last_mile,6600.69,bank_transfer,Xpressbees,approved
EXP001916,M001,2024-03-12,marketing,influencer,10091.23,cash,Bangalore Packaging Co,approved
EXP001917,M001,2024-09-03,refunds,customer_refund,6161.37,bank_transfer,Cashfree Fees,pending
EXP001918,M001,2024-11-17,salaries,incentives,13830.16,UPI,Cashfree Fees,approved
EXP001919,M001,2024-09-30,salaries,full_time,16351.39,card,Razorpay Fees,approved
EXP001920,M001,2024-07-07,shipping,last_mile,14698.08,UPI,Shiprocket,pending
EXP001921,M001,2024-02-15,marketing,email_campaigns,3616.49,bank_transfer,Ecom Express,approved
EXP001922,M001,2024-04-26,warehouse,staff,6772.92,cash,AdGrowth Marketing,approved
EXP001923,M001,2024-11-29,marketing,influencer,3850.37,bank_transfer,Xpressbees,approved
EXP001924,M001,2024-12-14,returns,reverse_pickup,1859.66,card,Bangalore Packaging Co,rejected
EXP001925,M001,2024-10-19,cloud,AWS,3985.27,bank_transfer,Urban Warehouse Services,approved
EXP001926,M001,2024-05-11,marketing,email_campaigns,12652.59,UPI,Cashfree Fees,approved
EXP001927,M001,2024-10-21,warehouse,staff,9364.83,bank_transfer,AdGrowth Marketing,approved
EXP001928,M001,2024-10-16,marketing,influencer,12694.0,cash,Delhivery,approved
EXP001929,M001,2024-01-17,marketing,email_campaigns,23006.38,card,Cashfree Fees,approved
EXP001930,M001,2024-08-30,salaries,incentives,30938.54,UPI,BlueDart,approved
EXP001931,M001,2024-10-22,warehouse,staff,3797.53,UPI,Xpressbees,rejected
EXP001932,M001,2024-11-12,marketing,digital_ads,14842.02,card,AdGrowth Marketing,approved
EXP001933,M001,2024-11-13,shipping,reverse_logistics,6309.33,cash,Bangalore Packaging Co,pending
EXP001934,M001,2024-06-29,warehouse,staff,16633.15,bank_transfer,Xpressbees,approved
EXP001935,M001,2024-08-24,marketing,email_campaigns,5865.68,bank_transfer,Urban Warehouse Services,rejected
EXP001936,M001,2024-04-27,cloud,Azure,1000.32,bank_transfer,Xpressbees,approved
EXP001937,M001,2024-07-08,shipping,reverse_logistics,1829.09,bank_transfer,Urban Warehouse Services,approved
EXP001938,M001,2024-08-29,salaries,full_time,16463.58,bank_transfer,BlueDart,approved
EXP001939,M001,2024-12-25,shipping,last_mile,14839.32,bank_transfer,Razorpay Fees,approved
EXP001940,M001,2024-11-03,packaging,tape,9573.64,UPI,BlueDart,approved
EXP001941,M001,2024-05-11,marketing,digital_ads,12079.95,card,Urban Warehouse Services,pending
EXP001942,M001,2024-11-25,returns,quality_check,6667.68,bank_transfer,Cashfree Fees,approved
EXP001943,M001,2024-10-25,refunds,chargeback,494.56,bank_transfer,Cashfree Fees,approved
EXP001944,M001,2024-12-12,marketing,digital_ads,26171.43,card,Delhivery,pending
EXP001945,M001,2024-04-04,returns,restocking,9586.79,bank_transfer,Delhivery,approved
EXP001946,M001,2024-12-18,returns,restocking,403.17,cash,Ecom Express,approved
EXP001947,M001,2024-08-06,marketing,influencer,8729.54,card,Xpressbees,approved
EXP001948,M001,2024-12-05,shipping,air_freight,13510.74,bank_transfer,AdGrowth Marketing,pending
EXP001949,M001,2024-07-07,salaries,contract,33858.88,card,Cashfree Fees,rejected
EXP001950,M001,2024-05-05,salaries,contract,18130.44,bank_transfer,Urban Warehouse Services,approved
EXP001951,M001,2024-05-20,salaries,overtime,24450.92,UPI,Ecom Express,approved
EXP001952,M001,2024-03-11,returns,reverse_pickup,5600.08,bank_transfer,Bangalore Packaging Co,rejected
EXP001953,M001,2024-04-03,warehouse,equipment,10703.09,card,Xpressbees,approved
EXP001954,M001,2024-07-08,marketing,digital_ads,20502.05,card,AdGrowth Marketing,approved
EXP001955,M001,2024-10-18,warehouse,equipment,23905.79,bank_transfer,Bangalore Packaging Co,approved
EXP001956,M001,2024-04-13,shipping,reverse_logistics,12159.15,cash,AdGrowth Marketing,approved
EXP001957,M001,2024-01-03,returns,reverse_pickup,5489.97,bank_transfer,Ecom Express,approved
EXP001958,M001,2024-02-15,warehouse,equipment,4778.01,card,Ecom Express,approved
EXP001959,M001,2024-12-16,salaries,overtime,7977.1,UPI,Razorpay Fees,approved
EXP001960,M001,2024-09-11,cloud,GCP,250.49,bank_transfer,Urban Warehouse Services,approved
EXP001961,M001,2024-11-25,shipping,air_freight,3253.77,UPI,Ecom Express,approved
EXP001962,M001,2024-12-14,marketing,influencer,27220.86,card,Cashfree Fees,pending
EXP001963,M001,2024-06-23,salaries,contract,18777.99,bank_transfer,Bangalore Packaging Co,approved
EXP001964,M001,2024-06-22,shipping,surface,9701.85,card,Ecom Express,approved
EXP001965,M001,2024-03-06,returns,restocking,720.32,card,Urban Warehouse Services,approved
EXP001966,M001,2024-02-12,marketing,email_campaigns,10160.18,card,Delhivery,approved
EXP001967,M001,2024-10-27,cloud,storage,1219.99,bank_transfer,Delhivery,approved
EXP001968,M001,2024-12-20,cloud,AWS,2281.1,UPI,Razorpay Fees,rejected
EXP001969,M001,2024-12-25,packaging,tape,9562.77,cash,Ecom Express,approved
EXP001970,M001,2024-10-28,packaging,boxes,1864.12,bank_transfer,Ecom Express,approved
EXP001971,M001,2024-11-26,marketing,SEO,24158.52,UPI,Cashfree Fees,approved
EXP001972,M001,2024-09-10,marketing,influencer,27701.25,cash,Cashfree Fees,approved
EXP001973,M001,2024-03-11,salaries,full_time,20034.66,UPI,Ecom Express,approved
EXP001974,M001,2024-07-25,software,licenses,3851.61,bank_transfer,Ecom Express,approved
EXP001975,M001,2024-06-21,warehouse,equipment,28795.45,cash,Razorpay Fees,approved
EXP001976,M001,2024-09-18,shipping,last_mile,5579.91,bank_transfer,Razorpay Fees,pending
EXP001977,M001,2024-09-05,shipping,surface,8064.71,bank_transfer,Cashfree Fees,approved
EXP001978,M001,2024-12-20,shipping,surface,14840.74,UPI,Urban Warehouse Services,approved
EXP001979,M001,2024-12-07,salaries,full_time,32870.17,bank_transfer,AdGrowth Marketing,approved
EXP001980,M001,2024-03-08,marketing,SEO,25689.72,UPI,Bangalore Packaging Co,approved
EXP001981,M001,2024-01-13,salaries,incentives,12401.66,bank_transfer,Urban Warehouse Services,pending
EXP001982,M001,2024-05-19,shipping,air_freight,15090.09,UPI,Delhivery,approved
EXP001983,M001,2024-11-23,salaries,contract,21543.76,card,Cashfree Fees,approved
EXP001984,M001,2024-11-30,marketing,SEO,16811.81,bank_transfer,AdGrowth Marketing,approved
EXP001985,M001,2024-05-04,warehouse,staff,5285.82,bank_transfer,AdGrowth Marketing,approved
EXP001986,M001,2024-11-23,packaging,boxes,5529.3,cash,Delhivery,approved
EXP001987,M001,2024-08-27,salaries,full_time,15980.99,bank_transfer,Cashfree Fees,approved
EXP001988,M001,2024-02-24,marketing,email_campaigns,8139.88,card,AdGrowth Marketing,approved
EXP001989,M001,2024-06-17,warehouse,staff,15638.55,bank_transfer,BlueDart,rejected
EXP001990,M001,2024-07-18,packaging,labels,9568.73,UPI,Urban Warehouse Services,approved
EXP001991,M001,2024-10-16,salaries,overtime,22292.32,card,BlueDart,approved
EXP001992,M001,2024-04-27,salaries,full_time,10064.82,card,BlueDart,pending
EXP001993,M001,2024-11-21,returns,reverse_pickup,2449.02,card,Urban Warehouse Services,pending
EXP001994,M001,2024-10-25,marketing,digital_ads,16025.55,card,Ecom Express,approved
EXP001995,M001,2024-06-23,marketing,influencer,6235.92,UPI,Ecom Express,approved
EXP001996,M001,2024-06-23,warehouse,rent,12578.81,cash,Cashfree Fees,pending
EXP001997,M001,2024-08-04,salaries,contract,23129.93,bank_transfer,Ecom Express,approved
EXP001998,M001,2024-04-17,warehouse,staff,14903.32,UPI,Xpressbees,approved
EXP001999,M001,2024-10-15,warehouse,staff,22219.78,bank_transfer,Ecom Express,approved
EXP002000,M001,2024-02-19,marketing,email_campaigns,13823.75,card,Cashfree Fees,approved
EXP002001,M001,2024-05-25,shipping,surface,14479.78,bank_transfer,Urban Warehouse Services,pending
EXP002002,M001,2024-10-12,software,subscriptions,624.12,bank_transfer,Shiprocket,approved
EXP002003,M001,2024-07-14,salaries,full_time,12002.93,UPI,Bangalore Packaging Co,approved
EXP002004,M001,2024-02-05,marketing,email_campaigns,19018.98,bank_transfer,Xpressbees,approved
EXP002005,M001,2024-02-20,packaging,tape,8481.63,UPI,Delhivery,approved
EXP002006,M001,2024-07-02,warehouse,utilities,26648.91,card,AdGrowth Marketing,pending
EXP002007,M001,2024-01-26,marketing,influencer,29435.31,card,Ecom Express,approved
EXP002008,M001,2024-10-13,shipping,surface,1009.48,card,Xpressbees,approved
EXP002009,M001,2024-08-10,marketing,digital_ads,23109.6,UPI,Shiprocket,approved
EXP002010,M001,2024-06-19,shipping,reverse_logistics,5545.66,bank_transfer,AdGrowth Marketing,approved
EXP002011,M001,2024-12-04,salaries,incentives,13490.62,bank_transfer,Shiprocket,pending
EXP002012,M001,2024-08-20,salaries,contract,33942.8,bank_transfer,BlueDart,approved
EXP002013,M001,2024-08-28,salaries,contract,13397.0,bank_transfer,BlueDart,rejected
EXP002014,M001,2024-11-26,marketing,influencer,10538.7,bank_transfer,Cashfree Fees,approved
EXP002015,M001,2024-01-01,packaging,bubble_wrap,5337.36,bank_transfer,BlueDart,pending
EXP002016,M001,2024-03-23,software,subscriptions,5674.21,bank_transfer,Xpressbees,approved
EXP002017,M001,2024-10-13,shipping,reverse_logistics,7040.82,bank_transfer,Delhivery,approved
EXP002018,M001,2024-01-01,payment_gateway,transaction_fee,344.84,bank_transfer,AdGrowth Marketing,pending
EXP002019,M001,2024-04-08,cloud,GCP,412.45,bank_transfer,Xpressbees,pending
EXP002020,M001,2024-07-05,cloud,GCP,3552.51,bank_transfer,Xpressbees,approved
EXP002021,M001,2024-04-10,salaries,contract,23000.75,UPI,Cashfree Fees,approved
EXP002022,M001,2024-03-22,marketing,email_campaigns,29208.42,card,Cashfree Fees,approved
EXP002023,M001,2024-11-28,refunds,customer_refund,4665.42,bank_transfer,Razorpay Fees,approved
EXP002024,M001,2024-10-20,shipping,air_freight,13491.63,card,Razorpay Fees,pending
EXP002025,M001,2024-08-05,packaging,labels,5150.9,UPI,Xpressbees,approved
EXP002026,M001,2024-04-05,shipping,air_freight,8897.79,card,Cashfree Fees,approved
EXP002027,M001,2024-11-01,shipping,surface,14210.92,UPI,Delhivery,approved
EXP002028,M001,2024-06-07,marketing,SEO,19555.06,bank_transfer,AdGrowth Marketing,pending
EXP002029,M001,2024-11-28,shipping,reverse_logistics,15022.95,UPI,Shiprocket,approved
EXP002030,M001,2024-02-06,shipping,reverse_logistics,13945.62,cash,Bangalore Packaging Co,approved
EXP002031,M001,2024-12-05,salaries,full_time,22795.85,UPI,Ecom Express,approved
EXP002032,M001,2024-06-11,marketing,influencer,19926.67,bank_transfer,Razorpay Fees,approved
EXP002033,M001,2024-08-21,shipping,reverse_logistics,4262.61,card,Bangalore Packaging Co,approved
EXP002034,M001,2024-11-25,marketing,influencer,13389.99,card,Shiprocket,approved
EXP002035,M001,2024-10-15,shipping,last_mile,2690.59,bank_transfer,Delhivery,approved
EXP002036,M001,2024-08-07,marketing,SEO,27929.72,UPI,Xpressbees,approved
EXP002037,M001,2024-10-28,salaries,full_time,9923.31,bank_transfer,BlueDart,approved
EXP002038,M001,2024-02-27,warehouse,equipment,29145.13,bank_transfer,Urban Warehouse Services,approved
EXP002039,M001,2024-08-03,warehouse,rent,10247.89,UPI,Xpressbees,approved
EXP002040,M001,2024-08-11,salaries,full_time,20016.98,bank_transfer,Urban Warehouse Services,pending
EXP002041,M001,2024-10-08,returns,reverse_pickup,7343.65,bank_transfer,Ecom Express,approved
EXP002042,M001,2024-11-09,shipping,air_freight,493.86,UPI,AdGrowth Marketing,approved
EXP002043,M001,2024-09-16,refunds,chargeback,3746.5,card,AdGrowth Marketing,approved
EXP002044,M001,2024-12-02,software,tools,4314.84,card,Bangalore Packaging Co,pending
EXP002045,M001,2024-04-22,cloud,storage,5176.37,bank_transfer,BlueDart,approved
EXP002046,M001,2024-10-19,packaging,boxes,3834.54,cash,Delhivery,approved
EXP002047,M001,2024-10-27,marketing,SEO,27876.11,cash,BlueDart,approved
EXP002048,M001,2024-12-12,salaries,overtime,10905.91,bank_transfer,AdGrowth Marketing,approved
EXP002049,M001,2024-08-01,warehouse,rent,22815.8,bank_transfer,Delhivery,approved
EXP002050,M001,2024-07-02,marketing,email_campaigns,16894.66,card,Bangalore Packaging Co,pending
EXP002051,M001,2024-10-15,marketing,influencer,9360.97,bank_transfer,AdGrowth Marketing,pending
EXP002052,M001,2024-05-30,salaries,contract,23951.68,card,Delhivery,approved
EXP002053,M001,2024-01-24,refunds,chargeback,7936.06,cash,Delhivery,approved
EXP002054,M001,2024-01-30,shipping,surface,5779.29,bank_transfer,Urban Warehouse Services,approved
EXP002055,M001,2024-03-30,cloud,Azure,3905.31,bank_transfer,Cashfree Fees,approved
EXP002056,M001,2024-10-10,returns,quality_check,4064.35,UPI,Ecom Express,pending
EXP002057,M001,2024-10-19,software,SaaS,518.54,cash,Xpressbees,approved
EXP002058,M001,2024-05-18,shipping,surface,5630.51,bank_transfer,Razorpay Fees,approved
EXP002059,M001,2024-03-23,shipping,reverse_logistics,2827.55,bank_transfer,Shiprocket,approved
EXP002060,M001,2024-11-15,salaries,incentives,26682.99,bank_transfer,Ecom Express,rejected
EXP002061,M001,2024-08-04,packaging,labels,457.47,UPI,Delhivery,approved
EXP002062,M001,2024-06-16,salaries,full_time,29376.6,UPI,Ecom Express,approved
EXP002063,M001,2024-08-06,packaging,boxes,729.21,bank_transfer,BlueDart,approved
EXP002064,M001,2024-01-06,shipping,surface,13716.52,bank_transfer,Bangalore Packaging Co,approved
EXP002065,M001,2024-08-07,shipping,last_mile,6269.95,cash,Delhivery,approved
EXP002066,M001,2024-08-26,marketing,digital_ads,28943.43,card,Ecom Express,approved
EXP002067,M001,2024-09-24,shipping,surface,10674.09,bank_transfer,AdGrowth Marketing,approved
EXP002068,M001,2024-06-13,warehouse,equipment,12014.66,card,Razorpay Fees,approved
EXP002069,M001,2024-04-25,packaging,boxes,9781.25,card,BlueDart,approved
EXP002070,M001,2024-05-19,marketing,email_campaigns,6073.45,cash,BlueDart,approved
EXP002071,M001,2024-05-27,packaging,labels,5782.01,cash,AdGrowth Marketing,approved
EXP002072,M001,2024-02-28,cloud,storage,4423.27,UPI,Xpressbees,pending
EXP002073,M001,2024-03-28,warehouse,staff,14885.29,bank_transfer,AdGrowth Marketing,approved
EXP002074,M001,2024-12-27,marketing,email_campaigns,25434.37,bank_transfer,Razorpay Fees,approved
EXP002075,M001,2024-02-05,cloud,AWS,1461.77,card,Ecom Express,approved
EXP002076,M001,2024-03-10,marketing,email_campaigns,2205.99,card,Urban Warehouse Services,approved
EXP002077,M001,2024-01-07,salaries,full_time,19853.6,bank_transfer,Shiprocket,pending
EXP002078,M001,2024-08-04,salaries,overtime,10400.65,card,Shiprocket,approved
EXP002079,M001,2024-09-27,salaries,overtime,29799.1,card,Delhivery,approved
EXP002080,M001,2024-11-18,salaries,incentives,21431.69,UPI,Ecom Express,approved
EXP002081,M001,2024-11-21,returns,restocking,2036.34,UPI,Xpressbees,approved
EXP002082,M001,2024-03-20,shipping,reverse_logistics,11944.93,cash,Shiprocket,approved
EXP002083,M001,2024-07-26,salaries,contract,17080.37,UPI,Delhivery,pending
EXP002084,M001,2024-04-01,software,SaaS,4818.46,bank_transfer,Urban Warehouse Services,pending
EXP002085,M001,2024-03-03,shipping,last_mile,5450.86,card,AdGrowth Marketing,approved
EXP002086,M001,2024-10-11,warehouse,utilities,8736.92,bank_transfer,Bangalore Packaging Co,approved
EXP002087,M001,2024-06-26,shipping,last_mile,10195.67,bank_transfer,Xpressbees,approved
EXP002088,M001,2024-09-09,payment_gateway,dispute_fee,7021.15,bank_transfer,Razorpay Fees,approved
EXP002089,M001,2024-08-02,marketing,email_campaigns,9382.43,bank_transfer,Delhivery,approved
EXP002090,M001,2024-04-26,payment_gateway,transaction_fee,8722.23,cash,Razorpay Fees,rejected
EXP002091,M001,2024-11-07,shipping,reverse_logistics,4263.5,UPI,Delhivery,pending
EXP002092,M001,2024-10-30,salaries,contract,28092.29,bank_transfer,Cashfree Fees,approved
EXP002093,M001,2024-10-29,marketing,SEO,2980.77,card,Xpressbees,approved
EXP002094,M001,2024-10-20,shipping,reverse_logistics,15412.86,bank_transfer,Urban Warehouse Services,pending
EXP002095,M001,2024-05-11,salaries,incentives,20112.36,bank_transfer,Bangalore Packaging Co,pending
EXP002096,M001,2024-12-21,packaging,labels,7879.3,bank_transfer,Shiprocket,approved
EXP002097,M001,2024-09-13,salaries,incentives,35485.25,card,Cashfree Fees,approved
EXP002098,M001,2024-09-22,payment_gateway,transaction_fee,8047.04,card,Cashfree Fees,approved
EXP002099,M001,2024-12-12,marketing,digital_ads,9281.13,bank_transfer,Xpressbees,approved
EXP002100,M001,2024-09-05,warehouse,rent,14625.57,bank_transfer,Razorpay Fees,approved
EXP002101,M001,2024-09-21,shipping,last_mile,727.72,UPI,Urban Warehouse Services,pending
EXP002102,M001,2024-08-06,shipping,air_freight,5566.98,card,Xpressbees,approved
EXP002103,M001,2024-09-18,warehouse,equipment,23647.4,cash,Ecom Express,approved
EXP002104,M001,2024-02-22,shipping,air_freight,7783.93,cash,Bangalore Packaging Co,approved
EXP002105,M001,2024-01-03,warehouse,rent,14748.08,cash,BlueDart,approved
EXP002106,M001,2024-11-18,returns,reverse_pickup,9558.9,card,Urban Warehouse Services,approved
EXP002107,M001,2024-06-25,warehouse,rent,25583.19,bank_transfer,Bangalore Packaging Co,approved
EXP002108,M001,2024-03-26,warehouse,staff,18799.03,bank_transfer,Ecom Express,approved
EXP002109,M001,2024-10-17,refunds,partial_refund,3379.35,card,Cashfree Fees,approved
EXP002110,M001,2024-03-29,marketing,influencer,23200.69,card,BlueDart,approved
EXP002111,M001,2024-11-17,salaries,contract,13253.75,UPI,Bangalore Packaging Co,rejected
EXP002112,M001,2024-04-06,shipping,surface,12241.59,card,AdGrowth Marketing,approved
EXP002113,M001,2024-07-05,software,SaaS,4014.88,UPI,Xpressbees,rejected
EXP002114,M001,2024-12-29,salaries,incentives,7529.14,bank_transfer,Delhivery,approved
EXP002115,M001,2024-01-09,marketing,email_campaigns,11324.25,bank_transfer,Delhivery,approved
EXP002116,M001,2024-02-23,salaries,full_time,23271.55,UPI,AdGrowth Marketing,approved
EXP002117,M001,2024-12-27,packaging,labels,9705.16,bank_transfer,AdGrowth Marketing,approved
EXP002118,M001,2024-11-16,marketing,digital_ads,20842.86,bank_transfer,Razorpay Fees,pending
EXP002119,M001,2024-08-06,packaging,boxes,7714.45,card,Shiprocket,approved
EXP002120,M001,2024-01-31,salaries,contract,8601.42,bank_transfer,Shiprocket,approved
EXP002121,M001,2024-01-15,salaries,incentives,26344.39,card,Ecom Express,pending
EXP002122,M001,2024-05-24,shipping,last_mile,13375.39,bank_transfer,Xpressbees,approved
EXP002123,M001,2024-04-15,salaries,contract,27481.48,card,Urban Warehouse Services,approved
EXP002124,M001,2024-02-21,salaries,overtime,37342.86,cash,BlueDart,approved
EXP002125,M001,2024-07-27,warehouse,equipment,23919.66,bank_transfer,Razorpay Fees,approved
EXP002126,M001,2024-04-09,refunds,partial_refund,5803.68,bank_transfer,Cashfree Fees,approved
EXP002127,M001,2024-11-29,salaries,full_time,7307.35,UPI,Razorpay Fees,approved
EXP002128,M001,2024-09-05,marketing,email_campaigns,6774.34,bank_transfer,Delhivery,approved
EXP002129,M001,2024-01-06,cloud,storage,5052.78,cash,Cashfree Fees,approved
EXP002130,M001,2024-08-21,shipping,surface,10002.93,bank_transfer,Shiprocket,rejected
EXP002131,M001,2024-01-04,marketing,SEO,25709.54,bank_transfer,Shiprocket,pending
EXP002132,M001,2024-10-02,marketing,influencer,22043.83,bank_transfer,Shiprocket,approved
EXP002133,M001,2024-12-24,salaries,incentives,31170.38,bank_transfer,Razorpay Fees,approved
EXP002134,M001,2024-11-23,refunds,customer_refund,3803.1,bank_transfer,BlueDart,approved
EXP002135,M001,2024-12-09,salaries,contract,20513.58,bank_transfer,Razorpay Fees,approved
EXP002136,M001,2024-01-01,marketing,digital_ads,8383.01,bank_transfer,Cashfree Fees,approved
EXP002137,M001,2024-12-20,salaries,overtime,28580.83,UPI,Razorpay Fees,pending
EXP002138,M001,2024-03-25,warehouse,utilities,9707.81,card,Xpressbees,approved
EXP002139,M001,2024-03-08,returns,restocking,7903.64,bank_transfer,Cashfree Fees,approved
EXP002140,M001,2024-06-07,shipping,air_freight,3227.5,UPI,AdGrowth Marketing,approved
EXP002141,M001,2024-10-17,warehouse,rent,19526.44,bank_transfer,Urban Warehouse Services,approved
EXP002142,M001,2024-09-23,payment_gateway,transaction_fee,8789.77,card,Razorpay Fees,approved
EXP002143,M001,2024-06-25,warehouse,rent,7814.32,cash,AdGrowth Marketing,approved
EXP002144,M001,2024-08-10,marketing,SEO,6252.21,bank_transfer,Razorpay Fees,pending
EXP002145,M001,2024-05-13,payment_gateway,dispute_fee,8849.89,card,Bangalore Packaging Co,pending
EXP002146,M001,2024-10-02,shipping,reverse_logistics,10026.72,bank_transfer,Ecom Express,approved
EXP002147,M001,2024-10-30,marketing,SEO,4258.29,bank_transfer,Urban Warehouse Services,approved
EXP002148,M001,2024-04-18,shipping,reverse_logistics,2469.73,bank_transfer,Ecom Express,approved
EXP002149,M001,2024-07-27,shipping,air_freight,489.9,card,Bangalore Packaging Co,rejected
EXP002150,M001,2024-12-07,marketing,digital_ads,22071.23,cash,Ecom Express,pending
EXP002151,M001,2024-12-15,marketing,email_campaigns,27931.33,bank_transfer,Delhivery,approved
EXP002152,M001,2024-07-08,marketing,influencer,9819.6,card,Ecom Express,approved
EXP002153,M001,2024-03-19,shipping,last_mile,1256.88,UPI,Delhivery,approved
EXP002154,M001,2024-03-06,payment_gateway,transaction_fee,3036.05,bank_transfer,BlueDart,approved
EXP002155,M001,2024-12-15,shipping,air_freight,11849.17,card,BlueDart,approved
EXP002156,M001,2024-10-23,packaging,tape,2272.99,UPI,Xpressbees,rejected
EXP002157,M001,2024-11-05,shipping,surface,6809.86,UPI,Delhivery,approved
EXP002158,M001,2024-12-18,shipping,surface,10499.72,bank_transfer,Razorpay Fees,approved
EXP002159,M001,2024-11-10,shipping,last_mile,8292.09,bank_transfer,AdGrowth Marketing,rejected
EXP002160,M001,2024-06-30,shipping,air_freight,9331.31,bank_transfer,Urban Warehouse Services,rejected
EXP002161,M001,2024-11-01,marketing,SEO,25987.16,UPI,Cashfree Fees,approved
EXP002162,M001,2024-10-19,software,SaaS,2099.24,card,Bangalore Packaging Co,approved
EXP002163,M001,2024-11-22,salaries,overtime,14853.39,bank_transfer,BlueDart,approved
EXP002164,M001,2024-03-22,returns,quality_check,8974.23,bank_transfer,Cashfree Fees,approved
EXP002165,M001,2024-03-04,marketing,email_campaigns,6224.52,UPI,Xpressbees,approved
EXP002166,M001,2024-12-23,marketing,influencer,25228.73,UPI,Bangalore Packaging Co,approved
EXP002167,M001,2024-03-13,marketing,influencer,24800.95,card,Xpressbees,approved
EXP002168,M001,2024-04-16,shipping,reverse_logistics,7348.9,card,Ecom Express,approved
EXP002169,M001,2024-07-11,marketing,digital_ads,2744.92,bank_transfer,Xpressbees,approved
EXP002170,M001,2024-02-16,shipping,surface,2042.59,card,Shiprocket,pending
EXP002171,M001,2024-03-12,cloud,Azure,2557.26,UPI,Bangalore Packaging Co,approved
EXP002172,M001,2024-01-28,marketing,digital_ads,1597.01,UPI,Urban Warehouse Services,approved
EXP002173,M001,2024-12-22,salaries,contract,19454.01,bank_transfer,BlueDart,approved
EXP002174,M001,2024-10-23,salaries,incentives,19957.64,bank_transfer,Xpressbees,rejected
EXP002175,M001,2024-07-25,marketing,email_campaigns,7316.56,card,Shiprocket,pending
EXP002176,M001,2024-10-19,salaries,incentives,19307.17,bank_transfer,Cashfree Fees,rejected
EXP002177,M001,2024-07-02,cloud,storage,501.92,bank_transfer,AdGrowth Marketing,pending
EXP002178,M001,2024-11-29,warehouse,rent,3286.37,bank_transfer,Urban Warehouse Services,pending
EXP002179,M001,2024-11-06,shipping,last_mile,4219.32,UPI,Shiprocket,pending
EXP002180,M001,2024-09-08,cloud,GCP,173.69,cash,BlueDart,approved
EXP002181,M001,2024-01-06,salaries,overtime,25048.71,bank_transfer,Bangalore Packaging Co,approved
EXP002182,M001,2024-11-24,warehouse,rent,23965.72,bank_transfer,Urban Warehouse Services,approved
EXP002183,M001,2024-12-22,salaries,full_time,26392.44,bank_transfer,Xpressbees,rejected
EXP002184,M001,2024-06-16,marketing,email_campaigns,13115.94,bank_transfer,AdGrowth Marketing,approved
EXP002185,M001,2024-07-21,salaries,full_time,7058.02,card,Razorpay Fees,approved
EXP002186,M001,2024-05-23,salaries,contract,27826.17,bank_transfer,Delhivery,pending
EXP002187,M001,2024-02-28,marketing,influencer,6009.96,cash,AdGrowth Marketing,approved
EXP002188,M001,2024-03-02,shipping,surface,8760.67,card,Cashfree Fees,approved
EXP002189,M001,2024-04-08,cloud,AWS,4552.41,bank_transfer,Bangalore Packaging Co,approved
EXP002190,M001,2024-07-30,warehouse,staff,27967.78,UPI,Razorpay Fees,approved
EXP002191,M001,2024-08-26,shipping,surface,11347.44,card,Ecom Express,approved
EXP002192,M001,2024-11-11,software,SaaS,213.76,bank_transfer,Delhivery,approved
EXP002193,M001,2024-09-02,warehouse,staff,27177.39,UPI,Razorpay Fees,approved
EXP002194,M001,2024-01-02,cloud,Azure,1255.26,UPI,Delhivery,pending
EXP002195,M001,2024-10-09,warehouse,rent,11501.95,cash,Shiprocket,approved
EXP002196,M001,2024-12-12,packaging,tape,2042.83,bank_transfer,Delhivery,approved
EXP002197,M001,2024-08-06,packaging,tape,4024.16,card,Urban Warehouse Services,rejected
EXP002198,M001,2024-11-26,warehouse,rent,1800.36,bank_transfer,BlueDart,approved
EXP002199,M001,2024-01-06,salaries,incentives,7995.23,UPI,Bangalore Packaging Co,approved
EXP002200,M001,2024-03-21,payment_gateway,dispute_fee,8145.09,card,Delhivery,pending
EXP002201,M001,2024-03-11,marketing,influencer,13682.62,bank_transfer,Bangalore Packaging Co,approved
EXP002202,M001,2024-10-30,marketing,digital_ads,16113.44,UPI,AdGrowth Marketing,approved
EXP002203,M001,2024-01-17,marketing,influencer,2671.63,cash,Urban Warehouse Services,approved
EXP002204,M001,2024-04-07,shipping,last_mile,2812.37,bank_transfer,Cashfree Fees,approved
EXP002205,M001,2024-05-18,marketing,influencer,21135.78,bank_transfer,Bangalore Packaging Co,approved
EXP002206,M001,2024-05-16,salaries,contract,26568.51,bank_transfer,Ecom Express,approved
EXP002207,M001,2024-08-09,refunds,chargeback,421.83,UPI,Razorpay Fees,pending
EXP002208,M001,2024-04-14,packaging,boxes,9885.53,card,Delhivery,approved
EXP002209,M001,2024-04-04,warehouse,equipment,26914.48,bank_transfer,Bangalore Packaging Co,approved
EXP002210,M001,2024-08-24,marketing,influencer,20178.59,bank_transfer,Urban Warehouse Services,approved
EXP002211,M001,2024-09-08,warehouse,rent,7584.95,cash,Ecom Express,approved
EXP002212,M001,2024-10-11,warehouse,rent,5407.01,card,Shiprocket,approved
EXP002213,M001,2024-11-29,salaries,overtime,11747.94,bank_transfer,AdGrowth Marketing,pending
EXP002214,M001,2024-11-04,salaries,overtime,38037.15,bank_transfer,AdGrowth Marketing,approved
EXP002215,M001,2024-04-06,shipping,last_mile,8174.64,bank_transfer,Delhivery,approved
EXP002216,M001,2024-02-04,salaries,overtime,21638.98,bank_transfer,Delhivery,approved
EXP002217,M001,2024-01-16,shipping,reverse_logistics,12394.53,bank_transfer,Cashfree Fees,rejected
EXP002218,M001,2024-10-29,warehouse,utilities,25492.03,bank_transfer,Urban Warehouse Services,approved
EXP002219,M001,2024-08-01,shipping,surface,8790.77,bank_transfer,Bangalore Packaging Co,approved
EXP002220,M001,2024-09-11,marketing,SEO,29518.68,cash,BlueDart,approved
EXP002221,M001,2024-07-21,shipping,reverse_logistics,7811.32,bank_transfer,Bangalore Packaging Co,approved
EXP002222,M001,2024-01-29,marketing,digital_ads,18287.57,bank_transfer,BlueDart,approved
EXP002223,M001,2024-04-09,shipping,surface,11867.09,card,Razorpay Fees,approved
EXP002224,M001,2024-12-23,shipping,surface,2230.51,UPI,Cashfree Fees,approved
EXP002225,M001,2024-01-04,salaries,overtime,36168.47,bank_transfer,AdGrowth Marketing,approved
EXP002226,M001,2024-11-25,returns,quality_check,100.0,bank_transfer,Xpressbees,approved
EXP002227,M001,2024-08-16,salaries,incentives,16286.67,UPI,AdGrowth Marketing,approved
EXP002228,M001,2024-05-12,cloud,AWS,863.31,bank_transfer,Cashfree Fees,approved
EXP002229,M001,2024-09-02,warehouse,equipment,22230.09,bank_transfer,Shiprocket,approved
EXP002230,M001,2024-11-13,marketing,email_campaigns,9069.22,UPI,Razorpay Fees,approved
EXP002231,M001,2024-09-11,salaries,contract,14914.47,card,Bangalore Packaging Co,approved
EXP002232,M001,2024-02-18,packaging,boxes,7223.86,bank_transfer,Ecom Express,rejected
EXP002233,M001,2024-11-07,salaries,incentives,16835.74,UPI,AdGrowth Marketing,approved
EXP002234,M001,2024-12-11,warehouse,staff,14163.98,bank_transfer,Razorpay Fees,approved
EXP002235,M001,2024-01-22,cloud,Azure,5408.04,UPI,Xpressbees,pending
EXP002236,M001,2024-06-11,returns,restocking,9627.87,card,Bangalore Packaging Co,approved
EXP002237,M001,2024-07-02,salaries,contract,19708.36,cash,Cashfree Fees,approved
EXP002238,M001,2024-12-29,salaries,overtime,37366.69,cash,Shiprocket,approved
EXP002239,M001,2024-01-06,marketing,digital_ads,6579.51,card,Cashfree Fees,approved
EXP002240,M001,2024-05-13,salaries,incentives,14818.22,bank_transfer,Delhivery,approved
EXP002241,M001,2024-11-26,salaries,incentives,39461.48,card,AdGrowth Marketing,rejected
EXP002242,M001,2024-01-16,shipping,last_mile,14450.12,bank_transfer,BlueDart,approved
EXP002243,M001,2024-10-10,cloud,AWS,5830.6,cash,Cashfree Fees,approved
EXP002244,M001,2024-06-04,shipping,reverse_logistics,587.23,cash,Xpressbees,rejected
EXP002245,M001,2024-11-08,shipping,air_freight,14100.98,bank_transfer,Ecom Express,approved
EXP002246,M001,2024-12-30,cloud,storage,3353.05,UPI,Delhivery,approved
EXP002247,M001,2024-06-30,packaging,bubble_wrap,8645.7,card,Razorpay Fees,pending
EXP002248,M001,2024-11-01,returns,reverse_pickup,4471.39,cash,Ecom Express,approved
EXP002249,M001,2024-01-01,shipping,last_mile,12311.98,bank_transfer,BlueDart,approved
EXP002250,M001,2024-11-18,software,SaaS,811.07,bank_transfer,Shiprocket,approved
EXP002251,M001,2024-08-11,shipping,surface,362.05,bank_transfer,Delhivery,approved
EXP002252,M001,2024-04-18,salaries,full_time,29808.88,cash,Delhivery,approved
EXP002253,M001,2024-04-19,warehouse,staff,13383.58,card,Delhivery,approved
EXP002254,M001,2024-07-01,returns,quality_check,2978.0,bank_transfer,AdGrowth Marketing,approved
EXP002255,M001,2024-11-06,packaging,tape,2200.81,UPI,BlueDart,approved
EXP002256,M001,2024-02-08,salaries,overtime,30578.64,bank_transfer,Delhivery,rejected
EXP002257,M001,2024-03-31,marketing,influencer,13289.3,card,Cashfree Fees,approved
EXP002258,M001,2024-05-13,salaries,incentives,20050.74,bank_transfer,Bangalore Packaging Co,approved
EXP002259,M001,2024-03-11,refunds,chargeback,6322.05,cash,Shiprocket,approved
EXP002260,M001,2024-05-20,salaries,overtime,15980.24,cash,Xpressbees,approved
EXP002261,M001,2024-06-28,warehouse,equipment,1424.07,bank_transfer,Xpressbees,rejected
EXP002262,M001,2024-10-30,salaries,full_time,22920.42,bank_transfer,Urban Warehouse Services,approved
EXP002263,M001,2024-12-04,payment_gateway,dispute_fee,7706.4,bank_transfer,Cashfree Fees,approved
EXP002264,M001,2024-10-26,software,SaaS,3921.67,bank_transfer,Xpressbees,approved
EXP002265,M001,2024-01-27,salaries,contract,22049.58,bank_transfer,Urban Warehouse Services,approved
EXP002266,M001,2024-01-07,marketing,digital_ads,24522.77,bank_transfer,AdGrowth Marketing,pending
EXP002267,M001,2024-10-18,warehouse,equipment,5333.19,bank_transfer,Cashfree Fees,approved
EXP002268,M001,2024-09-25,payment_gateway,dispute_fee,1315.34,bank_transfer,Cashfree Fees,approved
EXP002269,M001,2024-02-03,salaries,full_time,13432.86,cash,Xpressbees,approved
EXP002270,M001,2024-07-14,shipping,reverse_logistics,12360.22,bank_transfer,Delhivery,rejected
EXP002271,M001,2024-04-18,marketing,influencer,12005.57,UPI,Shiprocket,approved
EXP002272,M001,2024-11-11,marketing,email_campaigns,10549.75,bank_transfer,Xpressbees,approved
EXP002273,M001,2024-12-06,salaries,full_time,13905.75,cash,AdGrowth Marketing,approved
EXP002274,M001,2024-01-17,salaries,incentives,6888.01,bank_transfer,Razorpay Fees,approved
EXP002275,M001,2024-11-09,salaries,contract,33071.64,card,Bangalore Packaging Co,approved
EXP002276,M001,2024-06-24,shipping,air_freight,3814.19,bank_transfer,Bangalore Packaging Co,pending
EXP002277,M001,2024-10-02,packaging,labels,5410.12,card,Delhivery,approved
EXP002278,M001,2024-01-12,marketing,digital_ads,15690.14,bank_transfer,Urban Warehouse Services,pending
EXP002279,M001,2024-11-28,marketing,digital_ads,9533.63,bank_transfer,Xpressbees,approved
EXP002280,M001,2024-05-16,software,subscriptions,1353.87,bank_transfer,Razorpay Fees,pending
EXP002281,M001,2024-05-04,payment_gateway,transaction_fee,2386.63,bank_transfer,Razorpay Fees,approved
EXP002282,M001,2024-04-18,salaries,incentives,24551.94,bank_transfer,Cashfree Fees,rejected
EXP002283,M001,2024-10-11,packaging,boxes,8531.61,bank_transfer,Delhivery,approved
EXP002284,M001,2024-12-19,salaries,incentives,9358.14,card,Bangalore Packaging Co,pending
EXP002285,M001,2024-05-26,shipping,reverse_logistics,15344.97,UPI,Urban Warehouse Services,approved
EXP002286,M001,2024-10-01,marketing,influencer,24699.95,bank_transfer,Razorpay Fees,approved
EXP002287,M001,2024-03-26,marketing,email_campaigns,9447.1,cash,BlueDart,approved
EXP002288,M001,2024-09-22,cloud,Azure,4395.14,card,Urban Warehouse Services,approved
EXP002289,M001,2024-10-27,warehouse,rent,5241.19,card,Razorpay Fees,approved
EXP002290,M001,2024-04-29,salaries,incentives,23887.26,UPI,Razorpay Fees,approved
EXP002291,M001,2024-07-16,cloud,AWS,1734.05,UPI,Razorpay Fees,approved
EXP002292,M001,2024-07-03,payment_gateway,transaction_fee,9796.32,card,Bangalore Packaging Co,approved
EXP002293,M001,2024-11-16,refunds,customer_refund,2932.83,card,Delhivery,approved
EXP002294,M001,2024-07-04,salaries,full_time,39099.71,bank_transfer,AdGrowth Marketing,approved
EXP002295,M001,2024-08-09,warehouse,equipment,2742.99,card,Cashfree Fees,approved
EXP002296,M001,2024-10-11,salaries,contract,26706.46,card,Razorpay Fees,approved
EXP002297,M001,2024-05-09,packaging,tape,1621.09,bank_transfer,Ecom Express,pending
EXP002298,M001,2024-08-30,salaries,contract,21351.88,card,Bangalore Packaging Co,pending
EXP002299,M001,2024-05-20,salaries,full_time,37565.07,bank_transfer,Xpressbees,approved
EXP002300,M001,2024-10-27,payment_gateway,dispute_fee,5709.08,bank_transfer,Xpressbees,approved
EXP002301,M001,2024-12-23,salaries,incentives,23143.49,bank_transfer,Razorpay Fees,pending
EXP002302,M001,2024-02-18,packaging,labels,913.93,bank_transfer,Bangalore Packaging Co,pending
EXP002303,M001,2024-02-09,packaging,boxes,9350.33,card,Ecom Express,approved
EXP002304,M001,2024-07-14,shipping,surface,5470.13,card,Cashfree Fees,approved
EXP002305,M001,2024-01-02,marketing,digital_ads,15211.42,bank_transfer,Xpressbees,approved
EXP002306,M001,2024-12-08,packaging,boxes,2454.26,bank_transfer,Xpressbees,approved
EXP002307,M001,2024-02-27,salaries,full_time,38392.68,bank_transfer,Razorpay Fees,pending
EXP002308,M001,2024-11-03,marketing,SEO,21176.36,bank_transfer,AdGrowth Marketing,approved
EXP002309,M001,2024-01-27,salaries,contract,12119.26,bank_transfer,Ecom Express,approved
EXP002310,M001,2024-04-12,shipping,air_freight,8237.98,bank_transfer,Bangalore Packaging Co,approved
EXP002311,M001,2024-03-11,marketing,email_campaigns,8581.29,card,Razorpay Fees,approved
EXP002312,M001,2024-02-12,marketing,SEO,27084.12,bank_transfer,AdGrowth Marketing,pending
EXP002313,M001,2024-08-17,warehouse,rent,6762.29,bank_transfer,Ecom Express,approved
EXP002314,M001,2024-03-27,warehouse,utilities,8607.54,UPI,Razorpay Fees,approved
EXP002315,M001,2024-08-14,marketing,SEO,3928.61,bank_transfer,Urban Warehouse Services,approved
EXP002316,M001,2024-11-22,shipping,air_freight,7803.89,card,Xpressbees,approved
EXP002317,M001,2024-02-10,warehouse,equipment,1222.67,bank_transfer,Cashfree Fees,approved
EXP002318,M001,2024-01-27,refunds,chargeback,7987.69,card,BlueDart,approved
EXP002319,M001,2024-01-17,returns,quality_check,1327.42,bank_transfer,AdGrowth Marketing,approved
EXP002320,M001,2024-01-24,packaging,boxes,7593.42,cash,Delhivery,pending
EXP002321,M001,2024-01-26,salaries,incentives,11403.09,bank_transfer,BlueDart,approved
EXP002322,M001,2024-01-13,salaries,contract,20812.74,bank_transfer,Shiprocket,pending
EXP002323,M001,2024-06-08,shipping,last_mile,13045.15,card,Razorpay Fees,approved
EXP002324,M001,2024-06-03,salaries,full_time,35798.96,card,Razorpay Fees,approved
EXP002325,M001,2024-09-24,salaries,overtime,37233.33,bank_transfer,Ecom Express,approved
EXP002326,M001,2024-12-27,payment_gateway,transaction_fee,1272.91,card,Razorpay Fees,approved
EXP002327,M001,2024-03-09,returns,reverse_pickup,4099.43,bank_transfer,AdGrowth Marketing,approved
EXP002328,M001,2024-10-09,salaries,incentives,23966.1,bank_transfer,AdGrowth Marketing,approved
EXP002329,M001,2024-11-22,shipping,air_freight,4263.58,UPI,Bangalore Packaging Co,approved
EXP002330,M001,2024-05-13,salaries,overtime,12378.94,bank_transfer,Xpressbees,pending
EXP002331,M001,2024-10-12,shipping,reverse_logistics,4459.19,card,Bangalore Packaging Co,approved
EXP002332,M001,2024-07-01,shipping,last_mile,5178.59,bank_transfer,Xpressbees,pending
EXP002333,M001,2024-12-02,salaries,contract,19437.47,bank_transfer,Bangalore Packaging Co,approved
EXP002334,M001,2024-10-31,marketing,email_campaigns,14069.23,bank_transfer,Bangalore Packaging Co,pending
EXP002335,M001,2024-08-19,shipping,reverse_logistics,4446.95,bank_transfer,Bangalore Packaging Co,approved
EXP002336,M001,2024-03-10,shipping,reverse_logistics,2379.55,card,Cashfree Fees,approved
EXP002337,M001,2024-07-13,warehouse,rent,28686.02,bank_transfer,Bangalore Packaging Co,pending
EXP002338,M001,2024-08-30,salaries,incentives,23122.14,bank_transfer,Bangalore Packaging Co,approved
EXP002339,M001,2024-07-29,salaries,incentives,17515.79,cash,Razorpay Fees,approved
EXP002340,M001,2024-01-06,marketing,email_campaigns,17417.15,card,BlueDart,approved
EXP002341,M001,2024-03-03,software,licenses,4314.58,bank_transfer,Urban Warehouse Services,approved
EXP002342,M001,2024-11-26,packaging,labels,4978.1,card,Shiprocket,pending
EXP002343,M001,2024-01-27,packaging,tape,6082.24,card,Urban Warehouse Services,approved
EXP002344,M001,2024-01-02,salaries,contract,13876.54,bank_transfer,Cashfree Fees,rejected
EXP002345,M001,2024-01-10,shipping,surface,15634.54,bank_transfer,Bangalore Packaging Co,approved
EXP002346,M001,2024-02-10,salaries,overtime,25081.53,card,Razorpay Fees,approved
EXP002347,M001,2024-02-21,marketing,influencer,21245.55,bank_transfer,Shiprocket,approved
EXP002348,M001,2024-11-04,refunds,chargeback,4652.28,UPI,Delhivery,approved
EXP002349,M001,2024-05-16,shipping,reverse_logistics,5305.68,UPI,Cashfree Fees,pending
EXP002350,M001,2024-04-19,salaries,overtime,37796.71,bank_transfer,AdGrowth Marketing,approved
EXP002351,M001,2024-08-15,marketing,email_campaigns,5183.65,card,Urban Warehouse Services,approved
EXP002352,M001,2024-11-24,salaries,full_time,26557.66,bank_transfer,Cashfree Fees,approved
EXP002353,M001,2024-11-25,refunds,partial_refund,1347.08,bank_transfer,AdGrowth Marketing,approved
EXP002354,M001,2024-05-13,warehouse,utilities,2313.49,bank_transfer,Ecom Express,pending
EXP002355,M001,2024-05-29,salaries,incentives,22896.91,cash,Cashfree Fees,approved
EXP002356,M001,2024-06-13,shipping,last_mile,9786.83,card,BlueDart,pending
EXP002357,M001,2024-10-28,marketing,SEO,10488.74,bank_transfer,Shiprocket,approved
EXP002358,M001,2024-10-03,warehouse,staff,17457.83,cash,Urban Warehouse Services,approved
EXP002359,M001,2024-08-10,returns,quality_check,1062.35,UPI,Urban Warehouse Services,pending
EXP002360,M001,2024-11-15,refunds,customer_refund,9125.12,UPI,Bangalore Packaging Co,approved
EXP002361,M001,2024-01-24,salaries,contract,36009.13,bank_transfer,AdGrowth Marketing,approved
EXP002362,M001,2024-12-09,packaging,boxes,685.49,card,Delhivery,pending
EXP002363,M001,2024-05-20,salaries,overtime,24401.64,bank_transfer,Shiprocket,rejected
EXP002364,M001,2024-06-18,shipping,surface,4796.51,cash,BlueDart,approved
EXP002365,M001,2024-12-25,salaries,incentives,29515.3,card,Cashfree Fees,approved
EXP002366,M001,2024-07-25,refunds,chargeback,4791.04,bank_transfer,Shiprocket,approved
EXP002367,M001,2024-08-04,salaries,contract,30226.68,bank_transfer,Delhivery,approved
EXP002368,M001,2024-01-18,software,subscriptions,367.24,bank_transfer,Delhivery,approved
EXP002369,M001,2024-12-24,marketing,SEO,27819.94,UPI,Razorpay Fees,approved
EXP002370,M001,2024-02-24,shipping,air_freight,8158.95,UPI,Razorpay Fees,approved
EXP002371,M001,2024-02-04,marketing,email_campaigns,26208.77,bank_transfer,Cashfree Fees,approved
EXP002372,M001,2024-07-30,shipping,reverse_logistics,9179.83,cash,BlueDart,pending
EXP002373,M001,2024-01-18,warehouse,staff,15218.55,UPI,AdGrowth Marketing,approved
EXP002374,M001,2024-01-05,cloud,storage,5856.28,UPI,Cashfree Fees,approved
EXP002375,M001,2024-05-11,salaries,full_time,29833.23,bank_transfer,Shiprocket,approved
EXP002376,M001,2024-04-09,warehouse,equipment,12101.03,UPI,AdGrowth Marketing,approved
EXP002377,M001,2024-12-25,returns,quality_check,3392.22,cash,AdGrowth Marketing,approved
EXP002378,M001,2024-09-27,salaries,contract,27320.86,bank_transfer,Ecom Express,approved
EXP002379,M001,2024-07-14,salaries,contract,33088.95,card,Urban Warehouse Services,pending
EXP002380,M001,2024-04-08,shipping,reverse_logistics,14415.88,card,AdGrowth Marketing,approved
EXP002381,M001,2024-07-02,marketing,digital_ads,7490.07,UPI,Xpressbees,pending
EXP002382,M001,2024-09-23,salaries,full_time,21865.21,card,Razorpay Fees,approved
EXP002383,M001,2024-09-05,packaging,labels,1098.32,bank_transfer,Cashfree Fees,approved
EXP002384,M001,2024-08-05,warehouse,rent,25035.88,bank_transfer,Bangalore Packaging Co,approved
EXP002385,M001,2024-06-09,marketing,influencer,22244.33,bank_transfer,Shiprocket,approved
EXP002386,M001,2024-08-16,payment_gateway,transaction_fee,5735.14,UPI,Razorpay Fees,approved
EXP002387,M001,2024-05-03,marketing,email_campaigns,9104.79,cash,Xpressbees,approved
EXP002388,M001,2024-09-07,salaries,incentives,6667.57,bank_transfer,AdGrowth Marketing,approved
EXP002389,M001,2024-08-24,warehouse,utilities,20655.56,bank_transfer,BlueDart,approved
EXP002390,M001,2024-01-04,warehouse,rent,28678.28,UPI,Bangalore Packaging Co,approved
EXP002391,M001,2024-10-21,cloud,AWS,3999.01,card,AdGrowth Marketing,approved
EXP002392,M001,2024-09-10,packaging,tape,5447.89,card,Urban Warehouse Services,approved
EXP002393,M001,2024-12-04,warehouse,utilities,18906.43,bank_transfer,Xpressbees,approved
EXP002394,M001,2024-11-07,warehouse,rent,20806.14,card,Cashfree Fees,approved
EXP002395,M001,2024-11-14,packaging,boxes,488.28,UPI,Shiprocket,approved
EXP002396,M001,2024-11-25,shipping,surface,700.65,bank_transfer,Xpressbees,approved
EXP002397,M001,2024-03-24,marketing,digital_ads,4493.67,bank_transfer,Ecom Express,approved
EXP002398,M001,2024-09-25,salaries,incentives,24403.12,bank_transfer,Razorpay Fees,approved
EXP002399,M001,2024-12-27,packaging,tape,6298.39,bank_transfer,Shiprocket,approved
EXP002400,M001,2024-01-01,marketing,SEO,21921.72,bank_transfer,Cashfree Fees,approved
EXP002401,M001,2024-01-14,warehouse,utilities,19267.29,card,Cashfree Fees,approved
EXP002402,M001,2024-02-01,salaries,contract,8236.75,bank_transfer,Ecom Express,approved
EXP002403,M001,2024-10-01,shipping,air_freight,7233.37,bank_transfer,Bangalore Packaging Co,approved
EXP002404,M001,2024-07-06,packaging,boxes,1759.3,bank_transfer,Shiprocket,pending
EXP002405,M001,2024-07-01,refunds,partial_refund,4160.0,bank_transfer,Cashfree Fees,approved
EXP002406,M001,2024-09-24,salaries,contract,34755.59,bank_transfer,Shiprocket,approved
EXP002407,M001,2024-12-09,shipping,last_mile,10095.65,cash,Xpressbees,approved
EXP002408,M001,2024-09-23,salaries,contract,11745.4,bank_transfer,Ecom Express,approved
EXP002409,M001,2024-08-19,marketing,SEO,1378.5,bank_transfer,BlueDart,pending
EXP002410,M001,2024-10-04,refunds,chargeback,1580.34,card,Cashfree Fees,pending
EXP002411,M001,2024-08-15,shipping,last_mile,7869.55,UPI,Razorpay Fees,rejected
EXP002412,M001,2024-07-09,salaries,contract,13407.13,UPI,Razorpay Fees,approved
EXP002413,M001,2024-04-10,packaging,tape,8366.09,bank_transfer,Razorpay Fees,approved
EXP002414,M001,2024-02-06,salaries,incentives,6640.74,bank_transfer,Shiprocket,approved
EXP002415,M001,2024-12-20,marketing,email_campaigns,18209.69,card,Cashfree Fees,approved
EXP002416,M001,2024-11-09,shipping,reverse_logistics,13246.04,bank_transfer,Urban Warehouse Services,approved
EXP002417,M001,2024-09-03,salaries,contract,14429.41,bank_transfer,AdGrowth Marketing,approved
EXP002418,M001,2024-08-04,marketing,influencer,12113.26,bank_transfer,Ecom Express,pending
EXP002419,M001,2024-03-01,salaries,contract,18378.99,UPI,Cashfree Fees,pending
EXP002420,M001,2024-08-24,warehouse,staff,7039.23,card,Cashfree Fees,approved
EXP002421,M001,2024-02-16,packaging,boxes,118.94,card,Ecom Express,approved
EXP002422,M001,2024-07-18,packaging,bubble_wrap,2540.24,bank_transfer,Shiprocket,rejected
EXP002423,M001,2024-01-06,shipping,reverse_logistics,8201.07,bank_transfer,Cashfree Fees,approved
EXP002424,M001,2024-11-26,warehouse,utilities,5519.25,card,BlueDart,pending
EXP002425,M001,2024-07-24,shipping,reverse_logistics,13478.36,bank_transfer,Xpressbees,approved
EXP002426,M001,2024-10-21,warehouse,equipment,3461.41,card,Razorpay Fees,approved
EXP002427,M001,2024-09-07,refunds,chargeback,537.01,bank_transfer,AdGrowth Marketing,approved
EXP002428,M001,2024-09-05,warehouse,utilities,5736.39,cash,Bangalore Packaging Co,pending
EXP002429,M001,2024-07-04,shipping,surface,3207.08,bank_transfer,Xpressbees,pending
EXP002430,M001,2024-03-21,returns,reverse_pickup,1917.33,bank_transfer,Razorpay Fees,approved
EXP002431,M001,2024-11-28,shipping,surface,8699.87,card,Delhivery,approved
EXP002432,M001,2024-05-08,salaries,overtime,38067.15,card,AdGrowth Marketing,pending
EXP002433,M001,2024-04-05,packaging,boxes,6172.88,card,Ecom Express,pending
EXP002434,M001,2024-04-03,packaging,labels,429.91,bank_transfer,Delhivery,approved
EXP002435,M001,2024-08-03,salaries,incentives,20196.97,bank_transfer,Razorpay Fees,approved
EXP002436,M001,2024-11-07,cloud,Azure,3454.58,card,Xpressbees,approved
EXP002437,M001,2024-02-16,refunds,customer_refund,4958.97,card,Shiprocket,approved
EXP002438,M001,2024-01-31,salaries,full_time,8369.16,bank_transfer,AdGrowth Marketing,approved
EXP002439,M001,2024-07-25,warehouse,utilities,14043.0,card,Cashfree Fees,approved
EXP002440,M001,2024-06-09,software,tools,940.07,bank_transfer,AdGrowth Marketing,approved
EXP002441,M001,2024-10-16,warehouse,rent,8783.84,UPI,Urban Warehouse Services,pending
EXP002442,M001,2024-12-08,packaging,bubble_wrap,4848.39,UPI,Bangalore Packaging Co,approved
EXP002443,M001,2024-08-01,shipping,last_mile,6772.4,UPI,Shiprocket,approved
EXP002444,M001,2024-08-22,refunds,customer_refund,9383.92,card,Xpressbees,approved
EXP002445,M001,2024-12-15,salaries,overtime,38279.51,cash,Bangalore Packaging Co,rejected
EXP002446,M001,2024-11-25,returns,reverse_pickup,7516.07,card,Ecom Express,approved
EXP002447,M001,2024-11-17,shipping,surface,1383.19,card,Xpressbees,approved
EXP002448,M001,2024-09-21,packaging,labels,8864.26,bank_transfer,Ecom Express,approved
EXP002449,M001,2024-06-08,software,tools,492.84,bank_transfer,Delhivery,approved
EXP002450,M001,2024-11-21,marketing,influencer,8089.17,bank_transfer,Delhivery,approved
EXP002451,M001,2024-01-09,marketing,email_campaigns,11173.33,UPI,Xpressbees,approved
EXP002452,M001,2024-09-05,marketing,digital_ads,16155.47,bank_transfer,Ecom Express,approved
EXP002453,M001,2024-05-16,salaries,incentives,37811.98,bank_transfer,Bangalore Packaging Co,approved
EXP002454,M001,2024-10-05,shipping,air_freight,4169.19,bank_transfer,Ecom Express,approved
EXP002455,M001,2024-08-26,salaries,full_time,37028.05,card,Razorpay Fees,approved
EXP002456,M001,2024-01-01,shipping,surface,10466.34,UPI,Urban Warehouse Services,approved
EXP002457,M001,2024-06-30,shipping,reverse_logistics,8342.52,bank_transfer,Shiprocket,approved
EXP002458,M001,2024-09-01,payment_gateway,dispute_fee,8883.1,bank_transfer,Razorpay Fees,approved
EXP002459,M001,2024-03-21,salaries,overtime,12182.69,bank_transfer,Cashfree Fees,approved
EXP002460,M001,2024-08-02,shipping,reverse_logistics,14999.78,UPI,Xpressbees,approved
EXP002461,M001,2024-09-19,salaries,contract,15460.78,bank_transfer,Cashfree Fees,approved
EXP002462,M001,2024-08-20,shipping,surface,8592.16,bank_transfer,Razorpay Fees,approved
EXP002463,M001,2024-10-26,salaries,incentives,37122.29,card,Razorpay Fees,approved
EXP002464,M001,2024-02-19,warehouse,staff,26090.13,UPI,Ecom Express,pending
EXP002465,M001,2024-11-19,shipping,reverse_logistics,1039.1,bank_transfer,Razorpay Fees,approved
EXP002466,M001,2024-12-14,salaries,incentives,16077.05,bank_transfer,Xpressbees,rejected
EXP002467,M001,2024-11-03,marketing,influencer,15583.33,card,Urban Warehouse Services,approved
EXP002468,M001,2024-11-15,salaries,full_time,11636.79,UPI,Xpressbees,approved
EXP002469,M001,2024-10-01,warehouse,rent,26246.47,bank_transfer,Cashfree Fees,approved
EXP002470,M001,2024-05-21,salaries,full_time,25761.2,cash,BlueDart,approved
EXP002471,M001,2024-12-26,refunds,chargeback,2872.02,cash,Xpressbees,approved
EXP002472,M001,2024-06-03,marketing,influencer,14594.09,card,Ecom Express,approved
EXP002473,M001,2024-10-14,salaries,full_time,27966.55,card,Razorpay Fees,pending
EXP002474,M001,2024-07-23,salaries,overtime,17073.86,bank_transfer,AdGrowth Marketing,approved
EXP002475,M001,2024-11-25,marketing,digital_ads,29778.74,card,Delhivery,pending
EXP002476,M001,2024-05-19,software,tools,3793.63,bank_transfer,BlueDart,approved
EXP002477,M001,2024-02-20,salaries,incentives,26892.09,UPI,Cashfree Fees,pending
EXP002478,M001,2024-11-03,refunds,partial_refund,4124.32,cash,BlueDart,approved
EXP002479,M001,2024-04-02,warehouse,staff,12834.57,bank_transfer,Ecom Express,approved
EXP002480,M001,2024-07-15,packaging,tape,6485.54,bank_transfer,Shiprocket,approved
EXP002481,M001,2024-06-06,warehouse,rent,13444.08,bank_transfer,Cashfree Fees,approved
EXP002482,M001,2024-06-14,payment_gateway,dispute_fee,3400.97,bank_transfer,Shiprocket,pending
EXP002483,M001,2024-07-22,shipping,air_freight,8232.58,card,Ecom Express,approved
EXP002484,M001,2024-11-18,payment_gateway,dispute_fee,2966.43,bank_transfer,Shiprocket,approved
EXP002485,M001,2024-01-27,salaries,contract,20632.01,cash,Bangalore Packaging Co,approved
EXP002486,M001,2024-02-13,salaries,contract,24265.24,bank_transfer,BlueDart,approved
EXP002487,M001,2024-04-19,salaries,overtime,29395.33,bank_transfer,Delhivery,approved
EXP002488,M001,2024-06-15,marketing,email_campaigns,5140.54,card,BlueDart,approved
EXP002489,M001,2024-12-21,marketing,digital_ads,26958.88,bank_transfer,Shiprocket,pending
EXP002490,M001,2024-05-23,returns,restocking,1036.65,card,Xpressbees,approved
EXP002491,M001,2024-01-14,salaries,incentives,19870.06,bank_transfer,Urban Warehouse Services,approved
EXP002492,M001,2024-09-09,packaging,labels,6664.61,card,AdGrowth Marketing,pending
EXP002493,M001,2024-01-18,salaries,full_time,23155.62,cash,Ecom Express,approved
EXP002494,M001,2024-01-18,cloud,Azure,3671.58,card,Delhivery,approved
EXP002495,M001,2024-02-02,refunds,partial_refund,2411.7,card,Cashfree Fees,approved
EXP002496,M001,2024-10-05,warehouse,equipment,1058.68,bank_transfer,Bangalore Packaging Co,approved
EXP002497,M001,2024-11-03,refunds,chargeback,5585.64,bank_transfer,Delhivery,approved
EXP002498,M001,2024-11-30,salaries,overtime,10149.64,UPI,Razorpay Fees,approved
EXP002499,M001,2024-11-11,marketing,influencer,15528.23,bank_transfer,Shiprocket,pending
EXP002500,M001,2024-02-03,packaging,boxes,2025.35,card,Urban Warehouse Services,rejected
