merchant_id,invoice_id,order_id,vendor_name,invoice_number,invoice_date,billing_period_start,billing_period_end,subtotal,tax_amount,total_amount,currency,invoice_status
M001,INV000001,ORD002865,Bangalore Packaging Co,VINV-000001,2024-05-03,2024-04-24,2024-05-03,4392.36,790.63,5182.99,INR,pending
M001,INV000002,ORD008517,Delhivery,VINV-000002,2024-12-13,2024-12-11,2024-12-13,3213.72,578.47,3792.19,INR,approved
M001,INV000003,ORD009132,AdGrowth Marketing,VINV-000003,2024-12-07,2024-11-22,2024-12-07,3817.97,687.24,4505.21,INR,approved
M001,INV000004,ORD009964,AdGrowth Marketing,VINV-000004,2025-01-18,2024-12-25,2025-01-18,4077.17,733.89,4811.06,INR,approved
M001,INV000005,ORD001573,Shiprocket,VINV-000005,2024-03-13,2024-03-12,2024-03-13,2436.88,438.64,2875.52,INR,approved
M001,INV000006,ORD005161,Cashfree Fees,VINV-000006,2024-07-29,2024-07-23,2024-07-29,6874.12,1237.34,8111.46,INR,approved
M001,INV000007,ORD007067,Delhivery,VINV-000007,2024-10-07,2024-09-14,2024-10-07,6037.13,1086.68,7123.81,INR,disputed
M001,INV000008,ORD008909,Bangalore Packaging Co,VINV-000008,2024-12-13,2024-11-21,2024-12-13,2679.72,482.35,3162.07,INR,approved
M001,INV000009,ORD000777,Delhivery,VINV-000009,2024-02-02,2024-01-03,2024-02-02,5083.58,915.05,5998.63,INR,approved
M001,INV000010,ORD000951,AdGrowth Marketing,VINV-000010,2024-02-20,2024-02-19,2024-02-20,1006.92,181.24,1188.16,INR,approved
M001,INV000011,VORD000066,Xpressbees,VINV-001388,2024-08-28,2024-08-25,2024-08-28,24530.57,4415.5,28946.07,INR,disputed
M001,INV000012,ORD003821,Ecom Express,VINV-000012,2024-05-31,2024-05-28,2024-05-31,4076.2,733.72,4809.92,INR,approved
M001,INV000013,ORD000974,Ecom Express,VINV-000013,2024-02-26,2024-02-18,2024-02-26,1866.58,335.99,2202.57,INR,approved
M001,INV000014,ORD004796,BlueDart,VINV-000014,2024-07-08,2024-06-19,2024-07-08,3301.31,594.23,3895.54,INR,rejected
M001,INV000015,VORD000021,Urban Warehouse Services,VINV-000015,2024-10-31,2024-10-19,2024-10-31,16762.03,3017.16,19779.19,INR,approved
M001,INV000016,ORD009841,AdGrowth Marketing,VINV-000016,2025-01-02,2024-12-20,2025-01-02,2577.54,463.96,3041.5,INR,approved
M001,INV000017,ORD000330,BlueDart,VINV-000017,2024-02-03,2024-01-12,2024-02-03,1020.38,183.67,1204.05,INR,approved
M001,INV000018,ORD006412,Ecom Express,VINV-000018,2024-10-07,2024-09-22,2024-10-07,2795.86,503.25,3299.11,INR,approved
M001,INV000019,ORD002196,Xpressbees,VINV-000019,2024-04-08,2024-04-04,2024-04-08,4785.53,861.39,5646.92,INR,pending
M001,INV000020,ORD009273,Razorpay Fees,VINV-000020,2024-12-13,2024-11-18,2024-12-13,5185.14,933.32,6118.46,INR,approved
M001,INV000021,ORD008449,Xpressbees,VINV-000021,2024-12-01,2024-11-30,2024-12-01,4134.04,744.13,4878.17,INR,disputed
M001,INV000022,ORD000659,Delhivery,VINV-000022,2024-02-03,2024-01-22,2024-02-03,8395.03,1511.11,9906.14,INR,approved
M001,INV000023,ORD009276,AdGrowth Marketing,VINV-000023,2024-12-09,2024-11-25,2024-12-09,6652.67,1197.48,7850.15,INR,approved
M001,INV000024,ORD001152,Shiprocket,VINV-000024,2024-02-15,2024-01-24,2024-02-15,6157.41,1108.33,7265.74,INR,pending
M001,INV000025,ORD001749,Urban Warehouse Services,VINV-000025,2024-03-07,2024-02-10,2024-03-07,5272.47,949.04,6221.51,INR,approved
M001,INV000026,ORD008138,Ecom Express,VINV-000026,2024-12-02,2024-11-19,2024-12-02,4585.4,825.37,5410.77,INR,pending
M001,INV000027,ORD009563,AdGrowth Marketing,VINV-000027,2025-01-11,2024-12-20,2025-01-11,9264.97,1667.69,10932.66,INR,approved
M001,INV000028,ORD001539,Cashfree Fees,VINV-000028,2024-03-16,2024-03-15,2024-03-16,2386.8,429.62,2816.42,INR,approved
M001,INV000029,ORD001653,Razorpay Fees,VINV-000029,2024-03-20,2024-02-21,2024-03-20,3787.92,681.82,4469.74,INR,approved
M001,INV000030,VORD000060,Ecom Express,VINV-000030,2024-01-01,2023-12-18,2024-01-01,30184.0,5433.12,35617.12,INR,approved
M001,INV000031,ORD003016,Shiprocket,VINV-000031,2024-05-16,2024-04-22,2024-05-16,3375.88,607.66,3983.54,INR,approved
M001,INV000032,ORD000532,Shiprocket,VINV-000032,2024-02-03,2024-01-27,2024-02-03,3457.21,622.3,4079.51,INR,approved
M001,INV000033,ORD008923,Shiprocket,VINV-000033,2024-12-07,2024-11-26,2024-12-07,598.1,107.66,705.76,INR,approved
M001,INV000034,ORD000752,Delhivery,VINV-000034,2024-02-02,2024-01-05,2024-02-02,4846.43,872.36,5718.79,INR,approved
M001,INV000035,ORD008559,Razorpay Fees,VINV-000035,2024-12-12,2024-12-05,2024-12-12,2520.97,453.77,2974.74,INR,approved
M001,INV000036,ORD005523,Bangalore Packaging Co,VINV-000036,2024-08-17,2024-07-30,2024-08-17,7386.92,1329.65,8716.57,INR,disputed
M001,INV000037,ORD005247,AdGrowth Marketing,VINV-000037,2024-07-28,2024-07-20,2024-07-28,2668.64,480.35,3148.99,INR,approved
M001,INV000038,ORD001578,Xpressbees,VINV-000038,2024-03-03,2024-02-26,2024-03-03,1294.38,232.99,1527.37,INR,approved
M001,INV000039,ORD003900,BlueDart,VINV-000039,2024-06-23,2024-05-27,2024-06-23,6280.58,1130.51,7411.09,INR,approved
M001,INV000040,ORD003902,Razorpay Fees,VINV-000040,2024-05-29,2024-05-17,2024-05-29,6073.69,1093.27,7166.96,INR,approved
M001,INV000041,ORD001867,Razorpay Fees,VINV-000041,2024-03-20,2024-03-19,2024-03-20,2638.62,474.95,3113.57,INR,approved
M001,INV000042,ORD009652,Delhivery,VINV-000042,2025-01-03,2024-12-27,2025-01-03,5523.78,994.28,6518.06,INR,approved
M001,INV000043,ORD006458,Urban Warehouse Services,VINV-000043,2024-10-08,2024-10-04,2024-10-08,8314.52,1496.61,9811.13,INR,pending
M001,INV000044,ORD007908,AdGrowth Marketing,VINV-000044,2024-11-27,2024-10-31,2024-11-27,1636.7,294.61,1931.31,INR,approved
M001,INV000045,ORD003579,Xpressbees,VINV-000045,2024-06-10,2024-05-25,2024-06-10,5446.45,980.36,6426.81,INR,approved
M001,INV000046,ORD000376,Urban Warehouse Services,VINV-000046,2024-01-14,2024-01-05,2024-01-14,1107.51,199.35,1306.86,INR,approved
M001,INV000047,ORD007431,Shiprocket,VINV-000667,2024-10-18,2024-10-15,2024-10-18,2693.33,484.8,3178.13,INR,approved
M001,INV000048,ORD005127,AdGrowth Marketing,VINV-000048,2024-07-24,2024-07-21,2024-07-24,4901.39,882.25,5783.64,INR,pending
M001,INV000049,ORD009656,Urban Warehouse Services,VINV-000049,2024-12-27,2024-12-23,2024-12-27,968.82,174.39,1143.21,INR,pending
M001,INV000050,ORD006826,AdGrowth Marketing,VINV-000050,2024-10-04,2024-09-23,2024-10-04,3199.72,575.95,3775.67,INR,approved
M001,INV000051,VORD000107,Razorpay Fees,VINV-000051,2024-05-05,2024-04-13,2024-05-05,8334.8,1500.26,9835.06,INR,pending
M001,INV000052,ORD007608,Urban Warehouse Services,VINV-000052,2024-10-30,2024-10-15,2024-10-30,7328.5,1319.13,8647.63,INR,approved
M001,INV000053,ORD002632,AdGrowth Marketing,VINV-000053,2024-05-02,2024-04-22,2024-05-02,880.08,158.42,1038.5,INR,approved
M001,INV000054,VORD000004,Xpressbees,VINV-000054,2024-10-31,2024-10-08,2024-10-31,1355.58,244.01,1599.59,INR,approved
M001,INV000055,ORD006208,BlueDart,VINV-000055,2024-09-10,2024-08-11,2024-09-10,8403.43,1512.62,9916.05,INR,approved
M001,INV000056,ORD004857,Bangalore Packaging Co,VINV-000056,2024-07-16,2024-07-06,2024-07-16,769.33,138.48,907.81,INR,disputed
M001,INV000057,ORD005269,Razorpay Fees,VINV-000057,2024-08-03,2024-07-31,2024-08-03,3519.43,633.5,4152.93,INR,approved
M001,INV000058,ORD007978,Shiprocket,VINV-000058,2024-11-14,2024-10-26,2024-11-14,3072.72,553.09,3625.81,INR,approved
M001,INV000059,ORD007343,Cashfree Fees,VINV-000059,2024-10-28,2024-10-20,2024-10-28,5667.75,1020.2,6687.95,INR,disputed
M001,INV000060,ORD004753,Xpressbees,VINV-000060,2024-07-04,2024-06-25,2024-07-04,1731.65,311.7,2043.35,INR,approved
M001,INV000061,ORD003102,Xpressbees,VINV-000061,2024-05-03,2024-04-05,2024-05-03,4733.03,851.94,5584.97,INR,approved
M001,INV000062,ORD005126,Bangalore Packaging Co,VINV-000062,2024-08-12,2024-08-09,2024-08-12,4669.76,840.56,5510.32,INR,pending
M001,INV000063,ORD003506,Ecom Express,VINV-000063,2024-05-16,2024-04-28,2024-05-16,4967.05,894.07,5861.12,INR,approved
M001,INV000064,ORD008334,Delhivery,VINV-000064,2024-12-11,2024-11-19,2024-12-11,8216.47,1478.96,9695.43,INR,approved
M001,INV000065,ORD000280,Delhivery,VINV-000065,2024-02-06,2024-01-26,2024-02-06,2094.14,376.94,2471.08,INR,approved
M001,INV000066,ORD005252,Ecom Express,VINV-000330,2024-08-09,2024-07-22,2024-08-09,6340.18,1141.23,7481.41,INR,pending
M001,INV000067,ORD008450,BlueDart,VINV-000067,2024-11-21,2024-10-31,2024-11-21,3068.85,552.39,3621.24,INR,approved
M001,INV000068,ORD005436,AdGrowth Marketing,VINV-000068,2024-08-17,2024-07-28,2024-08-17,21657.47,3898.34,25555.81,INR,disputed
M001,INV000069,VORD000044,AdGrowth Marketing,VINV-000069,2024-11-13,2024-10-22,2024-11-13,31910.36,5743.87,37654.23,INR,approved
M001,INV000070,ORD000737,Ecom Express,VINV-000070,2024-01-25,2024-01-09,2024-01-25,1745.98,314.28,2060.26,INR,approved
M001,INV000071,ORD001818,Shiprocket,VINV-000071,2024-03-23,2024-03-06,2024-03-23,6497.25,1169.51,7666.76,INR,approved
M001,INV000072,VORD000010,Razorpay Fees,VINV-000072,2024-09-21,2024-09-05,2024-09-21,5023.43,904.22,5927.65,INR,pending
M001,INV000073,ORD005278,Urban Warehouse Services,VINV-000073,2024-08-10,2024-07-12,2024-08-10,1591.07,286.39,1877.46,INR,approved
M001,INV000074,ORD007263,Razorpay Fees,VINV-000074,2024-11-11,2024-11-10,2024-11-11,6238.31,1122.9,7361.21,INR,approved
M001,INV000075,ORD003335,Xpressbees,VINV-000075,2024-05-16,2024-05-12,2024-05-16,6162.09,1109.18,7271.27,INR,disputed
M001,INV000076,ORD004866,Razorpay Fees,VINV-000076,2024-07-08,2024-06-10,2024-07-08,22813.11,4106.36,26919.47,INR,disputed
M001,INV000077,ORD000352,Bangalore Packaging Co,VINV-000077,2024-02-01,2024-01-09,2024-02-01,6881.81,1238.73,8120.54,INR,approved
M001,INV000078,ORD005155,Ecom Express,VINV-000078,2024-07-25,2024-07-11,2024-07-25,2339.59,421.13,2760.72,INR,disputed
M001,INV000079,ORD001341,Xpressbees,VINV-000079,2024-03-03,2024-02-12,2024-03-03,6114.51,1100.61,7215.12,INR,approved
M001,INV000080,ORD009641,Xpressbees,VINV-000080,2025-01-16,2024-12-21,2025-01-16,7136.42,1284.56,8420.98,INR,approved
M001,INV000081,VORD000024,Delhivery,VINV-000081,2024-04-19,2024-04-18,2024-04-19,41887.33,7539.72,49427.05,INR,approved
M001,INV000082,ORD008242,AdGrowth Marketing,VINV-000082,2024-12-03,2024-11-25,2024-12-03,3595.73,647.23,4242.96,INR,approved
M001,INV000083,ORD009769,BlueDart,VINV-000083,2024-12-28,2024-12-20,2024-12-28,2460.69,442.92,2903.61,INR,approved
M001,INV000084,ORD000652,Ecom Express,VINV-000084,2024-02-17,2024-01-21,2024-02-17,6429.99,1157.4,7587.39,INR,pending
M001,INV000085,ORD002245,Razorpay Fees,VINV-000085,2024-04-08,2024-03-27,2024-04-08,8535.48,1536.39,10071.87,INR,approved
M001,INV000086,VORD000086,Bangalore Packaging Co,VINV-000086,2024-04-11,2024-03-20,2024-04-11,31108.02,5599.44,36707.46,INR,approved
M001,INV000087,ORD002987,Razorpay Fees,VINV-000087,2024-05-12,2024-05-05,2024-05-12,7089.18,1276.05,8365.23,INR,approved
M001,INV000088,ORD001825,AdGrowth Marketing,VINV-000088,2024-03-31,2024-03-21,2024-03-31,1450.58,261.11,1711.69,INR,approved
M001,INV000089,ORD000978,Urban Warehouse Services,VINV-000089,2024-02-20,2024-01-23,2024-02-20,5428.07,977.05,6405.12,INR,approved
M001,INV000090,ORD008573,AdGrowth Marketing,VINV-000090,2024-12-13,2024-12-05,2024-12-13,4039.78,727.16,4766.94,INR,approved
M001,INV000091,ORD002208,Shiprocket,VINV-000091,2024-03-27,2024-03-10,2024-03-27,5086.97,915.66,6002.63,INR,approved
M001,INV000092,ORD001697,Shiprocket,VINV-000092,2024-03-15,2024-02-23,2024-03-15,1271.37,228.85,1500.22,INR,approved
M001,INV000093,ORD004554,Bangalore Packaging Co,VINV-000093,2024-07-08,2024-06-18,2024-07-08,19070.85,3432.75,22503.6,INR,pending
M001,INV000094,ORD003258,Urban Warehouse Services,VINV-000094,2024-05-20,2024-04-26,2024-05-20,707.48,127.35,834.83,INR,rejected
M001,INV000095,ORD003985,Urban Warehouse Services,VINV-000095,2024-06-24,2024-06-10,2024-06-24,3061.22,551.02,3612.24,INR,approved
M001,INV000096,ORD002670,Delhivery,VINV-000096,2024-04-23,2024-04-15,2024-04-23,5056.53,910.18,5966.71,INR,approved
M001,INV000097,ORD003826,Urban Warehouse Services,VINV-000097,2024-06-02,2024-05-16,2024-06-02,5734.3,1032.17,6766.47,INR,approved
M001,INV000098,ORD005319,AdGrowth Marketing,VINV-000098,2024-08-12,2024-07-14,2024-08-12,8680.98,1562.58,10243.56,INR,pending
M001,INV000099,ORD004986,Delhivery,VINV-000099,2024-07-30,2024-07-13,2024-07-30,3132.67,563.88,3696.55,INR,approved
M001,INV000100,ORD004658,Shiprocket,VINV-000100,2024-07-15,2024-07-05,2024-07-15,37550.16,6759.03,44309.19,INR,approved
M001,INV000101,ORD002025,Urban Warehouse Services,VINV-000101,2024-03-26,2024-03-01,2024-03-26,730.19,131.44,861.63,INR,approved
M001,INV000102,ORD005743,Urban Warehouse Services,VINV-000102,2024-08-24,2024-08-22,2024-08-24,5708.14,1027.46,6735.6,INR,approved
M001,INV000103,ORD004450,Shiprocket,VINV-000103,2024-06-29,2024-06-10,2024-06-29,4164.65,749.64,4914.29,INR,pending
M001,INV000104,ORD000827,Ecom Express,VINV-000104,2024-02-10,2024-02-01,2024-02-10,5381.27,968.63,6349.9,INR,approved
M001,INV000105,ORD009086,Shiprocket,VINV-000105,2024-12-05,2024-11-24,2024-12-05,7740.15,1393.23,9133.38,INR,approved
M001,INV000106,ORD001516,Ecom Express,VINV-000106,2024-03-09,2024-03-02,2024-03-09,3909.04,703.63,4612.67,INR,approved
M001,INV000107,ORD005416,Ecom Express,VINV-000107,2024-08-06,2024-07-27,2024-08-06,2556.31,460.13,3016.44,INR,approved
M001,INV000108,ORD008011,Ecom Express,VINV-000108,2024-11-26,2024-10-28,2024-11-26,5232.1,941.78,6173.88,INR,approved
M001,INV000109,VORD000106,Razorpay Fees,VINV-000109,2024-08-04,2024-08-03,2024-08-04,8141.92,1465.55,9607.47,INR,pending
M001,INV000110,ORD005530,Shiprocket,VINV-000110,2024-09-04,2024-08-06,2024-09-04,9518.66,1713.36,11232.02,INR,approved
M001,INV000111,ORD008245,Ecom Express,VINV-000111,2024-11-29,2024-11-26,2024-11-29,12465.96,2243.87,14709.83,INR,approved
M001,INV000112,VORD000062,Urban Warehouse Services,VINV-000112,2024-07-14,2024-06-28,2024-07-14,2566.44,461.96,3028.4,INR,pending
M001,INV000113,ORD008588,Delhivery,VINV-000113,2024-12-16,2024-11-24,2024-12-16,780.82,140.55,921.37,INR,approved
M001,INV000114,ORD009577,Urban Warehouse Services,VINV-000114,2025-01-03,2025-01-02,2025-01-03,6813.19,1226.37,8039.56,INR,approved
M001,INV000115,ORD005499,Cashfree Fees,VINV-000115,2024-08-13,2024-07-29,2024-08-13,1126.03,202.68,1328.71,INR,approved
M001,INV000116,ORD007080,Delhivery,VINV-000116,2024-10-29,2024-10-08,2024-10-29,2426.57,436.78,2863.35,INR,approved
M001,INV000117,ORD006365,Xpressbees,VINV-000117,2024-09-24,2024-09-19,2024-09-24,2696.51,485.37,3181.88,INR,pending
M001,INV000118,ORD007453,Ecom Express,VINV-000118,2024-10-23,2024-10-11,2024-10-23,3532.42,635.83,4168.25,INR,approved
M001,INV000119,ORD004212,Razorpay Fees,VINV-000119,2024-07-02,2024-06-19,2024-07-02,1102.97,198.54,1301.51,INR,approved
M001,INV000120,ORD000035,Shiprocket,VINV-000120,2024-01-03,2023-12-30,2024-01-03,6480.54,1166.5,7647.04,INR,approved
M001,INV000121,ORD002867,Xpressbees,VINV-000121,2024-04-24,2024-03-27,2024-04-24,16950.25,3051.05,20001.3,INR,approved
M001,INV000122,VORD000043,Razorpay Fees,VINV-000122,2024-05-17,2024-04-17,2024-05-17,9893.19,1780.77,11673.96,INR,approved
M001,INV000123,ORD001808,Shiprocket,VINV-000123,2024-03-12,2024-03-08,2024-03-12,4810.03,865.8,5675.83,INR,approved
M001,INV000124,ORD006692,Urban Warehouse Services,VINV-000124,2024-10-25,2024-09-26,2024-10-25,8706.05,1567.09,10273.14,INR,disputed
M001,INV000125,ORD005362,AdGrowth Marketing,VINV-000125,2024-08-04,2024-08-03,2024-08-04,4178.47,752.12,4930.59,INR,pending
M001,INV000126,VORD000019,AdGrowth Marketing,VINV-000126,2024-09-21,2024-09-07,2024-09-21,26586.67,4785.6,31372.27,INR,approved
M001,INV000127,ORD009856,Shiprocket,VINV-000127,2025-01-22,2025-01-05,2025-01-22,7062.25,1271.21,8333.46,INR,approved
M001,INV000128,ORD006993,Ecom Express,VINV-000128,2024-11-03,2024-10-29,2024-11-03,3646.42,656.36,4302.78,INR,pending
M001,INV000129,ORD009632,Razorpay Fees,VINV-000129,2025-01-18,2025-01-02,2025-01-18,5319.25,957.46,6276.71,INR,approved
M001,INV000130,ORD006740,BlueDart,VINV-000130,2024-10-23,2024-10-20,2024-10-23,8326.2,1498.72,9824.92,INR,pending
M001,INV000131,ORD005889,Ecom Express,VINV-000131,2024-09-21,2024-09-05,2024-09-21,1888.68,339.96,2228.64,INR,pending
M001,INV000132,ORD004447,Shiprocket,VINV-000132,2024-06-21,2024-05-23,2024-06-21,1699.23,305.86,2005.09,INR,pending
M001,INV000133,ORD003486,BlueDart,VINV-000133,2024-06-01,2024-05-26,2024-06-01,846.87,152.44,999.31,INR,approved
M001,INV000134,ORD007539,Xpressbees,VINV-000134,2024-11-06,2024-11-05,2024-11-06,3370.0,606.6,3976.6,INR,disputed
M001,INV000135,ORD002865,Delhivery,VINV-000135,2024-05-05,2024-04-17,2024-05-05,4451.46,801.26,5252.72,INR,approved
M001,INV000136,ORD001691,Urban Warehouse Services,VINV-000136,2024-03-16,2024-02-29,2024-03-16,757.75,136.39,894.14,INR,disputed
M001,INV000137,ORD001115,Xpressbees,VINV-000137,2024-02-29,2024-02-06,2024-02-29,780.53,140.5,921.03,INR,approved
M001,INV000138,VORD000103,Delhivery,VINV-000138,2024-02-18,2024-02-11,2024-02-18,15726.31,2830.73,18557.04,INR,approved
M001,INV000139,ORD009962,Ecom Express,VINV-000139,2025-01-14,2025-01-11,2025-01-14,27516.93,4953.05,32469.98,INR,approved
M001,INV000140,ORD007090,AdGrowth Marketing,VINV-000140,2024-11-04,2024-10-20,2024-11-04,5197.69,935.59,6133.28,INR,approved
M001,INV000141,ORD008521,Urban Warehouse Services,VINV-000141,2024-12-02,2024-11-21,2024-12-02,3012.02,542.16,3554.18,INR,approved
M001,INV000142,ORD007849,Urban Warehouse Services,VINV-000142,2024-11-03,2024-10-09,2024-11-03,6215.92,1118.86,7334.78,INR,approved
M001,INV000143,ORD004284,AdGrowth Marketing,VINV-000143,2024-07-08,2024-06-21,2024-07-08,1754.51,315.81,2070.32,INR,approved
M001,INV000144,ORD006770,Delhivery,VINV-000144,2024-10-18,2024-10-02,2024-10-18,6758.64,1216.55,7975.19,INR,approved
M001,INV000145,ORD002336,Shiprocket,VINV-000145,2024-04-13,2024-04-03,2024-04-13,7603.94,1368.71,8972.65,INR,approved
M001,INV000146,ORD001371,Ecom Express,VINV-000146,2024-02-17,2024-01-24,2024-02-17,6533.01,1175.94,7708.95,INR,pending
M001,INV000147,ORD003523,Shiprocket,VINV-000147,2024-06-01,2024-05-10,2024-06-01,2748.22,494.68,3242.9,INR,approved
M001,INV000148,ORD000213,Ecom Express,VINV-000148,2024-01-27,2024-01-24,2024-01-27,413.58,74.44,488.02,INR,pending
M001,INV000149,ORD001496,Xpressbees,VINV-000149,2024-02-25,2024-02-20,2024-02-25,3864.16,695.55,4559.71,INR,pending
M001,INV000150,ORD003825,Bangalore Packaging Co,VINV-000150,2024-06-03,2024-06-01,2024-06-03,2081.8,374.72,2456.52,INR,approved
M001,INV000151,ORD003878,Cashfree Fees,VINV-000151,2024-06-04,2024-06-02,2024-06-04,373.81,67.28,441.09,INR,disputed
M001,INV000152,ORD006284,Bangalore Packaging Co,VINV-000152,2024-09-11,2024-08-22,2024-09-11,4623.42,832.22,5455.64,INR,approved
M001,INV000153,ORD000582,Cashfree Fees,VINV-000153,2024-01-24,2023-12-26,2024-01-24,1542.76,277.7,1820.46,INR,approved
M001,INV000154,ORD007615,BlueDart,VINV-000154,2024-11-04,2024-10-19,2024-11-04,5263.4,947.41,6210.81,INR,approved
M001,INV000155,ORD002791,Cashfree Fees,VINV-000155,2024-04-29,2024-03-31,2024-04-29,2587.92,465.82,3053.74,INR,approved
M001,INV000156,ORD005830,Shiprocket,VINV-000156,2024-09-02,2024-08-26,2024-09-02,6589.43,1186.1,7775.53,INR,pending
M001,INV000157,ORD003385,Xpressbees,VINV-000157,2024-05-17,2024-04-20,2024-05-17,4315.23,776.74,5091.97,INR,approved
M001,INV000158,ORD005325,Razorpay Fees,VINV-000158,2024-08-18,2024-08-14,2024-08-18,6219.9,1119.58,7339.48,INR,approved
M001,INV000159,ORD004859,Ecom Express,VINV-000159,2024-07-10,2024-07-06,2024-07-10,6357.04,1144.27,7501.31,INR,approved
M001,INV000160,ORD009174,Shiprocket,VINV-000160,2024-12-24,2024-12-10,2024-12-24,8450.88,1521.16,9972.04,INR,approved
M001,INV000161,ORD005528,Ecom Express,VINV-000161,2024-08-26,2024-07-27,2024-08-26,1999.52,359.91,2359.43,INR,disputed
M001,INV000162,ORD002603,Delhivery,VINV-000162,2024-04-11,2024-03-19,2024-04-11,30112.11,5420.18,35532.29,INR,approved
M001,INV000163,ORD002211,Delhivery,VINV-000163,2024-04-07,2024-03-20,2024-04-07,2212.43,398.24,2610.67,INR,pending
M001,INV000164,ORD002594,AdGrowth Marketing,VINV-000164,2024-04-15,2024-04-12,2024-04-15,6862.09,1235.18,8097.27,INR,approved
M001,INV000165,ORD007072,Cashfree Fees,VINV-000165,2024-11-03,2024-10-09,2024-11-03,7573.83,1363.29,8937.12,INR,approved
M001,INV000166,ORD003476,Shiprocket,VINV-000166,2024-05-19,2024-05-07,2024-05-19,4331.53,779.67,5111.2,INR,approved
M001,INV000167,ORD004740,Bangalore Packaging Co,VINV-000167,2024-07-31,2024-07-06,2024-07-31,8050.76,1449.14,9499.9,INR,approved
M001,INV000168,ORD003556,Shiprocket,VINV-000168,2024-05-20,2024-04-25,2024-05-20,2806.98,505.26,3312.24,INR,approved
M001,INV000169,ORD005879,Ecom Express,VINV-000169,2024-08-29,2024-08-15,2024-08-29,554.86,99.88,654.74,INR,approved
M001,INV000170,ORD001525,Cashfree Fees,VINV-000170,2024-03-13,2024-02-12,2024-03-13,40031.15,7205.61,47236.76,INR,pending
M001,INV000171,ORD007061,Urban Warehouse Services,VINV-000171,2024-10-21,2024-09-24,2024-10-21,3584.99,645.3,4230.29,INR,pending
M001,INV000172,ORD009877,AdGrowth Marketing,VINV-000172,2025-01-03,2024-12-06,2025-01-03,5644.76,1016.06,6660.82,INR,approved
M001,INV000173,ORD009839,BlueDart,VINV-000173,2025-01-06,2024-12-17,2025-01-06,1804.14,324.74,2128.88,INR,approved
M001,INV000174,ORD003497,Bangalore Packaging Co,VINV-000174,2024-06-09,2024-05-28,2024-06-09,5053.37,909.61,5962.98,INR,approved
M001,INV000175,ORD002747,BlueDart,VINV-000175,2024-04-23,2024-04-10,2024-04-23,4499.27,809.87,5309.14,INR,pending
M001,INV000176,VORD000007,Razorpay Fees,VINV-000176,2024-09-16,2024-08-17,2024-09-16,29860.35,5374.86,35235.21,INR,approved
M001,INV000177,ORD009318,Ecom Express,VINV-000177,2025-01-01,2024-12-17,2025-01-01,1115.6,200.81,1316.41,INR,approved
M001,INV000178,ORD009857,AdGrowth Marketing,VINV-000178,2025-01-07,2024-12-19,2025-01-07,2714.25,488.57,3202.82,INR,approved
M001,INV000179,ORD007282,Urban Warehouse Services,VINV-000179,2024-10-21,2024-10-06,2024-10-21,3477.51,625.95,4103.46,INR,approved
M001,INV000180,ORD004076,AdGrowth Marketing,VINV-000180,2024-06-22,2024-05-29,2024-06-22,5999.94,1079.99,7079.93,INR,pending
M001,INV000181,VORD000056,Ecom Express,VINV-000181,2024-12-19,2024-11-29,2024-12-19,6003.49,1080.63,7084.12,INR,pending
M001,INV000182,ORD004824,Urban Warehouse Services,VINV-000182,2024-07-15,2024-07-14,2024-07-15,4592.47,826.65,5419.12,INR,approved
M001,INV000183,ORD008766,Ecom Express,VINV-000183,2024-11-27,2024-11-01,2024-11-27,2434.92,438.28,2873.2,INR,pending
M001,INV000184,ORD002919,Shiprocket,VINV-000184,2024-05-18,2024-04-25,2024-05-18,4646.47,836.37,5482.84,INR,rejected
M001,INV000185,ORD009345,Delhivery,VINV-000185,2024-12-31,2024-12-03,2024-12-31,2267.75,408.19,2675.94,INR,approved
M001,INV000186,ORD003599,Delhivery,VINV-000186,2024-06-01,2024-05-25,2024-06-01,720.92,129.77,850.69,INR,approved
M001,INV000187,ORD008692,Urban Warehouse Services,VINV-000187,2024-12-21,2024-12-10,2024-12-21,35069.51,6312.51,41382.02,INR,approved
M001,INV000188,ORD006558,Xpressbees,VINV-000188,2024-09-22,2024-08-30,2024-09-22,2937.09,528.68,3465.77,INR,approved
M001,INV000189,ORD002035,Urban Warehouse Services,VINV-000189,2024-04-04,2024-03-05,2024-04-04,5653.89,1017.7,6671.59,INR,approved
M001,INV000190,ORD008475,Shiprocket,VINV-000190,2024-12-16,2024-12-15,2024-12-16,8614.65,1550.64,10165.29,INR,approved
M001,INV000191,ORD007119,Xpressbees,VINV-000191,2024-10-20,2024-09-28,2024-10-20,2894.17,520.95,3415.12,INR,approved
M001,INV000192,ORD002962,Cashfree Fees,VINV-000192,2024-05-01,2024-04-27,2024-05-01,3586.2,645.52,4231.72,INR,approved
M001,INV000193,ORD001072,Cashfree Fees,VINV-000193,2024-03-01,2024-02-05,2024-03-01,5671.29,1020.83,6692.12,INR,approved
M001,INV000194,ORD002995,AdGrowth Marketing,VINV-000194,2024-05-19,2024-04-29,2024-05-19,8507.95,1531.43,10039.38,INR,approved
M001,INV000195,ORD002488,Bangalore Packaging Co,VINV-000195,2024-05-01,2024-04-03,2024-05-01,5630.22,1013.44,6643.66,INR,pending
M001,INV000196,ORD005022,Ecom Express,VINV-000196,2024-08-15,2024-08-03,2024-08-15,4017.29,723.11,4740.4,INR,approved
M001,INV000197,ORD007151,BlueDart,VINV-000197,2024-10-19,2024-10-03,2024-10-19,5449.38,980.89,6430.27,INR,approved
M001,INV000198,ORD003906,Cashfree Fees,VINV-000198,2024-06-21,2024-05-30,2024-06-21,5098.25,917.69,6015.94,INR,approved
M001,INV000199,ORD005830,BlueDart,VINV-000199,2024-09-18,2024-09-15,2024-09-18,4152.03,747.37,4899.4,INR,approved
M001,INV000200,ORD004064,Shiprocket,VINV-000200,2024-06-08,2024-05-16,2024-06-08,5985.97,1077.48,7063.45,INR,approved
M001,INV000201,ORD001402,Urban Warehouse Services,VINV-000201,2024-02-25,2024-02-17,2024-02-25,1601.02,288.18,1889.2,INR,pending
M001,INV000202,ORD002036,Delhivery,VINV-000202,2024-03-23,2024-02-22,2024-03-23,6011.79,1082.12,7093.91,INR,approved
M001,INV000203,ORD009721,BlueDart,VINV-000203,2025-01-14,2025-01-09,2025-01-14,842.69,151.69,994.38,INR,approved
M001,INV000204,ORD005526,Cashfree Fees,VINV-000204,2024-08-20,2024-08-02,2024-08-20,3793.18,682.77,4475.95,INR,pending
M001,INV000205,ORD007590,Shiprocket,VINV-000205,2024-11-18,2024-10-22,2024-11-18,967.6,174.17,1141.77,INR,disputed
M001,INV000206,ORD009008,BlueDart,VINV-000206,2024-12-23,2024-11-30,2024-12-23,8074.42,1453.39,9527.81,INR,approved
M001,INV000207,ORD000949,Bangalore Packaging Co,VINV-000207,2024-02-23,2024-02-19,2024-02-23,4358.04,784.45,5142.49,INR,rejected
M001,INV000208,ORD009306,Razorpay Fees,VINV-000208,2024-12-16,2024-12-13,2024-12-16,4646.55,836.38,5482.93,INR,approved
M001,INV000209,ORD003812,Xpressbees,VINV-000209,2024-05-28,2024-05-03,2024-05-28,3715.8,668.84,4384.64,INR,approved
M001,INV000210,ORD009526,Razorpay Fees,VINV-000210,2024-12-19,2024-11-27,2024-12-19,2153.57,387.64,2541.21,INR,approved
M001,INV000211,ORD005360,Bangalore Packaging Co,VINV-000211,2024-08-28,2024-08-16,2024-08-28,4241.31,763.44,5004.75,INR,approved
M001,INV000212,ORD008709,Urban Warehouse Services,VINV-000212,2024-11-24,2024-10-28,2024-11-24,5354.42,963.79,6318.21,INR,pending
M001,INV000213,ORD008371,Bangalore Packaging Co,VINV-000213,2024-11-23,2024-10-27,2024-11-23,5888.86,1060.0,6948.86,INR,approved
M001,INV000214,ORD008658,Ecom Express,VINV-000214,2024-11-27,2024-11-03,2024-11-27,7382.42,1328.83,8711.25,INR,pending
M001,INV000215,ORD000292,Shiprocket,VINV-000215,2024-01-11,2023-12-17,2024-01-11,7678.72,1382.17,9060.89,INR,disputed
M001,INV000216,ORD003061,Razorpay Fees,VINV-000216,2024-05-08,2024-04-27,2024-05-08,3726.97,670.86,4397.83,INR,approved
M001,INV000217,ORD004362,AdGrowth Marketing,VINV-000217,2024-06-25,2024-06-24,2024-06-25,2274.08,409.33,2683.41,INR,approved
M001,INV000218,ORD000683,BlueDart,VINV-000218,2024-02-20,2024-02-17,2024-02-20,3409.21,613.66,4022.87,INR,approved
M001,INV000219,ORD000585,BlueDart,VINV-000219,2024-02-18,2024-01-23,2024-02-18,1263.64,227.46,1491.1,INR,approved
M001,INV000220,ORD007595,AdGrowth Marketing,VINV-000220,2024-10-24,2024-10-06,2024-10-24,6859.89,1234.78,8094.67,INR,disputed
M001,INV000221,ORD002207,AdGrowth Marketing,VINV-000221,2024-03-30,2024-03-19,2024-03-30,5767.14,1038.08,6805.22,INR,approved
M001,INV000222,ORD007664,Delhivery,VINV-000222,2024-11-09,2024-10-13,2024-11-09,9301.67,1674.3,10975.97,INR,pending
M001,INV000223,ORD005776,Cashfree Fees,VINV-000223,2024-09-06,2024-08-27,2024-09-06,4596.36,827.34,5423.7,INR,approved
M001,INV000224,ORD002234,Shiprocket,VINV-000224,2024-04-18,2024-03-24,2024-04-18,6252.97,1125.54,7378.51,INR,approved
M001,INV000225,ORD003704,Cashfree Fees,VINV-000225,2024-05-24,2024-05-20,2024-05-24,4980.09,896.42,5876.51,INR,approved
M001,INV000226,ORD006584,Ecom Express,VINV-000226,2024-10-21,2024-10-09,2024-10-21,1767.68,318.18,2085.86,INR,approved
M001,INV000227,ORD009208,AdGrowth Marketing,VINV-000227,2024-12-25,2024-12-11,2024-12-25,1517.41,273.13,1790.54,INR,approved
M001,INV000228,ORD001009,Delhivery,VINV-000228,2024-02-19,2024-02-06,2024-02-19,3850.99,693.18,4544.17,INR,disputed
M001,INV000229,ORD008841,Shiprocket,VINV-000229,2024-12-23,2024-12-19,2024-12-23,14320.33,2577.66,16897.99,INR,pending
M001,INV000230,ORD000434,Xpressbees,VINV-000230,2024-01-29,2024-01-13,2024-01-29,10195.76,1835.24,12031.0,INR,pending
M001,INV000231,VORD000046,Delhivery,VINV-000231,2024-11-07,2024-11-04,2024-11-07,11493.67,2068.86,13562.53,INR,approved
M001,INV000232,ORD004083,Cashfree Fees,VINV-000232,2024-06-02,2024-05-30,2024-06-02,7066.71,1272.01,8338.72,INR,approved
M001,INV000233,ORD006952,Cashfree Fees,VINV-000233,2024-10-25,2024-10-04,2024-10-25,4060.84,730.95,4791.79,INR,pending
M001,INV000234,ORD006841,Delhivery,VINV-000234,2024-10-10,2024-09-19,2024-10-10,6378.9,1148.2,7527.1,INR,approved
M001,INV000235,ORD003862,Bangalore Packaging Co,VINV-000235,2024-06-01,2024-05-17,2024-06-01,1829.87,329.38,2159.25,INR,approved
M001,INV000236,ORD000283,BlueDart,VINV-000236,2024-01-29,2024-01-14,2024-01-29,6631.45,1193.66,7825.11,INR,approved
M001,INV000237,ORD007814,Xpressbees,VINV-000237,2024-11-20,2024-10-25,2024-11-20,2498.97,449.82,2948.79,INR,approved
M001,INV000238,ORD009200,Shiprocket,VINV-000238,2024-12-18,2024-12-04,2024-12-18,1517.53,273.15,1790.68,INR,approved
M001,INV000239,ORD005349,BlueDart,VINV-000239,2024-08-03,2024-07-04,2024-08-03,4023.43,724.22,4747.65,INR,approved
M001,INV000240,ORD004528,Razorpay Fees,VINV-000240,2024-06-26,2024-05-28,2024-06-26,1639.25,295.06,1934.31,INR,approved
M001,INV000241,ORD000728,Cashfree Fees,VINV-000241,2024-02-22,2024-02-21,2024-02-22,409.47,73.7,483.17,INR,approved
M001,INV000242,ORD007520,Cashfree Fees,VINV-000242,2024-11-04,2024-10-07,2024-11-04,8157.72,1468.39,9626.11,INR,approved
M001,INV000243,ORD001934,Cashfree Fees,VINV-000243,2024-03-14,2024-02-19,2024-03-14,6636.97,1194.65,7831.62,INR,pending
M001,INV000244,ORD009681,Urban Warehouse Services,VINV-000244,2025-01-04,2024-12-20,2025-01-04,8583.57,1545.04,10128.61,INR,approved
M001,INV000245,ORD004021,Urban Warehouse Services,VINV-000245,2024-06-11,2024-05-29,2024-06-11,5385.36,969.36,6354.72,INR,approved
M001,INV000246,ORD006780,Urban Warehouse Services,VINV-000246,2024-10-27,2024-09-27,2024-10-27,8782.44,1580.84,10363.28,INR,pending
M001,INV000247,ORD004667,Delhivery,VINV-000247,2024-07-07,2024-06-24,2024-07-07,3486.68,627.6,4114.28,INR,pending
M001,INV000248,ORD000815,Urban Warehouse Services,VINV-000248,2024-01-29,2024-01-25,2024-01-29,6438.18,1158.87,7597.05,INR,approved
M001,INV000249,VORD000064,Razorpay Fees,VINV-000249,2024-09-02,2024-08-29,2024-09-02,2206.72,397.21,2603.93,INR,approved
M001,INV000250,ORD005932,Razorpay Fees,VINV-000250,2024-09-03,2024-08-19,2024-09-03,2753.29,495.59,3248.88,INR,rejected
M001,INV000251,ORD005429,BlueDart,VINV-000251,2024-08-22,2024-08-02,2024-08-22,768.41,138.31,906.72,INR,pending
M001,INV000252,ORD004428,Ecom Express,VINV-000252,2024-07-04,2024-06-27,2024-07-04,6459.78,1162.76,7622.54,INR,approved
M001,INV000253,ORD008516,AdGrowth Marketing,VINV-000253,2024-12-01,2024-11-02,2024-12-01,1197.02,215.46,1412.48,INR,approved
M001,INV000254,ORD001950,BlueDart,VINV-000254,2024-04-01,2024-03-09,2024-04-01,6431.73,1157.71,7589.44,INR,approved
M001,INV000255,ORD007848,Xpressbees,VINV-000255,2024-11-23,2024-10-28,2024-11-23,3346.67,602.4,3949.07,INR,pending
M001,INV000256,ORD003632,Bangalore Packaging Co,VINV-000256,2024-05-28,2024-05-09,2024-05-28,3254.64,585.83,3840.47,INR,approved
M001,INV000257,ORD005639,Shiprocket,VINV-000257,2024-09-03,2024-08-12,2024-09-03,3254.31,585.78,3840.09,INR,pending
M001,INV000258,ORD002132,Delhivery,VINV-000258,2024-04-03,2024-04-02,2024-04-03,5935.75,1068.43,7004.18,INR,approved
M001,INV000259,ORD002303,Razorpay Fees,VINV-000259,2024-03-30,2024-03-12,2024-03-30,4015.47,722.79,4738.26,INR,approved
M001,INV000260,ORD002671,Urban Warehouse Services,VINV-000260,2024-04-26,2024-04-01,2024-04-26,1235.17,222.33,1457.5,INR,approved
M001,INV000261,ORD004668,Urban Warehouse Services,VINV-000261,2024-07-15,2024-06-30,2024-07-15,1155.1,207.92,1363.02,INR,disputed
M001,INV000262,ORD003389,Xpressbees,VINV-000262,2024-06-03,2024-06-02,2024-06-03,3374.7,607.45,3982.15,INR,approved
M001,INV000263,ORD008364,BlueDart,VINV-000263,2024-11-20,2024-11-17,2024-11-20,4244.41,763.99,5008.4,INR,approved
M001,INV000264,ORD000587,Delhivery,VINV-000264,2024-01-26,2024-01-04,2024-01-26,2714.54,488.62,3203.16,INR,approved
M001,INV000265,ORD009657,Ecom Express,VINV-000265,2025-01-17,2025-01-10,2025-01-17,1818.85,327.39,2146.24,INR,approved
M001,INV000266,ORD009014,Bangalore Packaging Co,VINV-000266,2024-12-25,2024-12-19,2024-12-25,2120.5,381.69,2502.19,INR,approved
M001,INV000267,ORD009040,Ecom Express,VINV-000267,2024-12-11,2024-11-16,2024-12-11,4786.43,861.56,5647.99,INR,approved
M001,INV000268,ORD006344,Xpressbees,VINV-000268,2024-10-07,2024-09-27,2024-10-07,5693.19,1024.77,6717.96,INR,approved
M001,INV000269,ORD003701,Urban Warehouse Services,VINV-000269,2024-05-19,2024-05-11,2024-05-19,4959.66,892.74,5852.4,INR,approved
M001,INV000270,ORD001306,Urban Warehouse Services,VINV-000270,2024-03-11,2024-02-25,2024-03-11,6549.1,1178.84,7727.94,INR,approved
M001,INV000271,ORD001372,Razorpay Fees,VINV-000271,2024-03-01,2024-02-20,2024-03-01,4326.8,778.82,5105.62,INR,disputed
M001,INV000272,ORD009277,Shiprocket,VINV-000272,2024-12-30,2024-12-13,2024-12-30,3114.69,560.64,3675.33,INR,approved
M001,INV000273,ORD005826,Urban Warehouse Services,VINV-000273,2024-09-19,2024-08-24,2024-09-19,3482.77,626.9,4109.67,INR,approved
M001,INV000274,ORD005244,Delhivery,VINV-000274,2024-08-17,2024-08-16,2024-08-17,5402.5,972.45,6374.95,INR,approved
M001,INV000275,ORD003307,Delhivery,VINV-000275,2024-05-10,2024-04-17,2024-05-10,3607.52,649.35,4256.87,INR,approved
M001,INV000276,ORD000677,Bangalore Packaging Co,VINV-000276,2024-01-31,2024-01-12,2024-01-31,2789.58,502.13,3291.71,INR,disputed
M001,INV000277,ORD002236,Razorpay Fees,VINV-000277,2024-03-26,2024-02-28,2024-03-26,723.58,130.24,853.82,INR,approved
M001,INV000278,ORD007867,Cashfree Fees,VINV-000278,2024-11-13,2024-10-31,2024-11-13,4571.05,822.79,5393.84,INR,approved
M001,INV000279,ORD007167,Shiprocket,VINV-000279,2024-10-28,2024-10-12,2024-10-28,5845.15,1052.13,6897.28,INR,rejected
M001,INV000280,ORD008173,Razorpay Fees,VINV-000280,2024-11-17,2024-11-07,2024-11-17,24258.01,4366.44,28624.45,INR,disputed
M001,INV000281,ORD006058,Razorpay Fees,VINV-000281,2024-09-06,2024-08-27,2024-09-06,7796.83,1403.43,9200.26,INR,approved
M001,INV000282,ORD008778,Ecom Express,VINV-000282,2024-11-29,2024-11-01,2024-11-29,1494.64,269.03,1763.67,INR,approved
M001,INV000283,ORD007075,Ecom Express,VINV-000283,2024-10-30,2024-10-09,2024-10-30,8119.4,1461.49,9580.89,INR,approved
M001,INV000284,ORD001261,Urban Warehouse Services,VINV-000687,2024-02-22,2024-02-05,2024-02-22,985.12,177.32,1162.44,INR,approved
M001,INV000285,ORD002447,Delhivery,VINV-000285,2024-04-05,2024-03-07,2024-04-05,8062.25,1451.2,9513.45,INR,approved
M001,INV000286,ORD002462,BlueDart,VINV-000286,2024-04-28,2024-04-01,2024-04-28,3231.86,581.74,3813.6,INR,approved
M001,INV000287,ORD003220,Razorpay Fees,VINV-000287,2024-05-14,2024-04-15,2024-05-14,3413.93,614.51,4028.44,INR,disputed
M001,INV000288,ORD001307,Ecom Express,VINV-000288,2024-02-21,2024-02-15,2024-02-21,1483.75,267.07,1750.82,INR,approved
M001,INV000289,ORD003646,Cashfree Fees,VINV-002813,2024-05-17,2024-05-10,2024-05-17,14204.01,2556.72,16760.73,INR,approved
M001,INV000290,ORD004166,Urban Warehouse Services,VINV-000290,2024-06-28,2024-06-08,2024-06-28,4090.31,736.26,4826.57,INR,pending
M001,INV000291,ORD009306,Urban Warehouse Services,VINV-000291,2024-12-30,2024-12-10,2024-12-30,4578.66,824.16,5402.82,INR,approved
M001,INV000292,ORD005346,Cashfree Fees,VINV-000292,2024-08-18,2024-08-06,2024-08-18,3586.19,645.52,4231.71,INR,approved
M001,INV000293,ORD002542,Delhivery,VINV-000293,2024-04-17,2024-03-31,2024-04-17,2667.84,480.21,3148.05,INR,approved
M001,INV000294,ORD005097,Ecom Express,VINV-000294,2024-07-25,2024-07-02,2024-07-25,5065.3,911.75,5977.05,INR,disputed
M001,INV000295,ORD000239,Razorpay Fees,VINV-000295,2024-01-14,2024-01-03,2024-01-14,6490.29,1168.25,7658.54,INR,approved
M001,INV000296,ORD008501,Bangalore Packaging Co,VINV-000296,2024-11-18,2024-11-08,2024-11-18,7637.93,1374.83,9012.76,INR,approved
M001,INV000297,VORD000097,Delhivery,VINV-000297,2024-01-08,2023-12-13,2024-01-08,6044.95,1088.09,7133.04,INR,approved
M001,INV000298,ORD001865,BlueDart,VINV-000298,2024-04-02,2024-03-23,2024-04-02,6555.26,1179.95,7735.21,INR,approved
M001,INV000299,ORD000410,AdGrowth Marketing,VINV-000299,2024-01-22,2024-01-10,2024-01-22,6896.47,1241.36,8137.83,INR,pending
M001,INV000300,ORD007824,Shiprocket,VINV-000300,2024-11-23,2024-11-09,2024-11-23,7433.39,1338.01,8771.4,INR,approved
M001,INV000301,ORD005590,Razorpay Fees,VINV-000301,2024-08-28,2024-08-07,2024-08-28,19289.69,3472.14,22761.83,INR,approved
M001,INV000302,ORD007678,Urban Warehouse Services,VINV-000302,2024-10-30,2024-10-15,2024-10-30,5301.59,954.29,6255.88,INR,approved
M001,INV000303,ORD000128,Xpressbees,VINV-000303,2024-02-03,2024-01-27,2024-02-03,1308.05,235.45,1543.5,INR,disputed
M001,INV000304,ORD009670,Xpressbees,VINV-000304,2024-12-28,2024-12-03,2024-12-28,6025.16,1084.53,7109.69,INR,approved
M001,INV000305,ORD006995,Cashfree Fees,VINV-000305,2024-11-02,2024-10-12,2024-11-02,5575.53,1003.59,6579.12,INR,approved
M001,INV000306,ORD007875,Bangalore Packaging Co,VINV-000306,2024-11-01,2024-10-04,2024-11-01,5188.93,934.01,6122.94,INR,pending
M001,INV000307,ORD000870,AdGrowth Marketing,VINV-000307,2024-02-01,2024-01-07,2024-02-01,2795.28,503.15,3298.43,INR,approved
M001,INV000308,ORD000824,Bangalore Packaging Co,VINV-000308,2024-02-08,2024-01-09,2024-02-08,5110.09,919.82,6029.91,INR,disputed
M001,INV000309,ORD007768,AdGrowth Marketing,VINV-000309,2024-11-10,2024-10-30,2024-11-10,926.2,166.72,1092.92,INR,approved
M001,INV000310,ORD007939,Razorpay Fees,VINV-000310,2024-11-29,2024-11-03,2024-11-29,4500.99,810.18,5311.17,INR,disputed
M001,INV000311,ORD005976,Delhivery,VINV-000311,2024-08-27,2024-08-24,2024-08-27,4448.1,800.66,5248.76,INR,pending
M001,INV000312,ORD004892,Razorpay Fees,VINV-000312,2024-07-22,2024-07-05,2024-07-22,591.58,106.48,698.06,INR,pending
M001,INV000313,ORD007280,Ecom Express,VINV-000313,2024-10-20,2024-10-14,2024-10-20,2457.28,442.31,2899.59,INR,pending
M001,INV000314,ORD000829,Delhivery,VINV-000314,2024-02-23,2024-01-25,2024-02-23,479.21,86.26,565.47,INR,approved
M001,INV000315,ORD005099,Ecom Express,VINV-000315,2024-07-22,2024-07-10,2024-07-22,1408.65,253.56,1662.21,INR,approved
M001,INV000316,ORD003270,Shiprocket,VINV-000316,2024-05-13,2024-05-04,2024-05-13,6555.25,1179.94,7735.19,INR,approved
M001,INV000317,ORD001250,Shiprocket,VINV-000317,2024-03-02,2024-02-26,2024-03-02,4694.5,845.01,5539.51,INR,pending
M001,INV000318,ORD009844,BlueDart,VINV-000318,2025-01-17,2025-01-11,2025-01-17,6633.04,1193.95,7826.99,INR,approved
M001,INV000319,ORD008579,Delhivery,VINV-000319,2024-12-01,2024-11-19,2024-12-01,4012.27,722.21,4734.48,INR,approved
M001,INV000320,ORD007458,AdGrowth Marketing,VINV-001092,2024-10-28,2024-10-09,2024-10-28,8098.31,1457.7,9556.01,INR,rejected
M001,INV000321,ORD002111,Bangalore Packaging Co,VINV-000321,2024-03-31,2024-03-07,2024-03-31,6372.18,1146.99,7519.17,INR,approved
M001,INV000322,ORD000442,Delhivery,VINV-000322,2024-01-31,2024-01-20,2024-01-31,7302.67,1314.48,8617.15,INR,approved
M001,INV000323,VORD000017,Xpressbees,VINV-000323,2024-07-16,2024-07-09,2024-07-16,21098.92,3797.81,24896.73,INR,approved
M001,INV000324,ORD000113,BlueDart,VINV-000324,2024-01-05,2024-01-01,2024-01-05,2517.37,453.13,2970.5,INR,approved
M001,INV000325,ORD001390,Shiprocket,VINV-000325,2024-03-11,2024-03-09,2024-03-11,9196.69,1655.4,10852.09,INR,approved
M001,INV000326,ORD005417,Delhivery,VINV-000326,2024-08-26,2024-08-17,2024-08-26,40758.36,7336.51,48094.87,INR,approved
M001,INV000327,ORD001783,Delhivery,VINV-000327,2024-03-20,2024-03-15,2024-03-20,7263.73,1307.47,8571.2,INR,approved
M001,INV000328,ORD003108,Ecom Express,VINV-000328,2024-05-26,2024-05-22,2024-05-26,5274.5,949.41,6223.91,INR,pending
M001,INV000329,ORD000479,Xpressbees,VINV-000329,2024-01-25,2024-01-21,2024-01-25,2140.38,385.27,2525.65,INR,approved
M001,INV000330,ORD000914,BlueDart,VINV-000330,2024-02-08,2024-02-05,2024-02-08,6257.9,1126.42,7384.32,INR,rejected
M001,INV000331,ORD000513,Cashfree Fees,VINV-000331,2024-01-26,2024-01-05,2024-01-26,5449.68,980.94,6430.62,INR,pending
M001,INV000332,ORD003251,Bangalore Packaging Co,VINV-000332,2024-05-16,2024-05-01,2024-05-16,673.51,121.23,794.74,INR,disputed
M001,INV000333,ORD005123,Shiprocket,VINV-000333,2024-07-30,2024-07-27,2024-07-30,13431.45,2417.66,15849.11,INR,approved
M001,INV000334,ORD006523,Urban Warehouse Services,VINV-000334,2024-09-27,2024-08-30,2024-09-27,2332.03,419.77,2751.8,INR,approved
M001,INV000335,ORD008193,Xpressbees,VINV-000335,2024-11-14,2024-11-09,2024-11-14,16651.29,2997.23,19648.52,INR,pending
M001,INV000336,VORD000068,BlueDart,VINV-000336,2024-09-12,2024-09-07,2024-09-12,32316.92,5817.04,38133.96,INR,approved
M001,INV000337,ORD001658,Delhivery,VINV-000337,2024-03-08,2024-02-14,2024-03-08,1843.32,331.8,2175.12,INR,rejected
M001,INV000338,ORD007692,Urban Warehouse Services,VINV-000338,2024-11-20,2024-11-10,2024-11-20,24584.39,4425.19,29009.58,INR,disputed
M001,INV000339,ORD009409,Bangalore Packaging Co,VINV-000339,2024-12-28,2024-11-30,2024-12-28,1079.57,194.32,1273.89,INR,approved
M001,INV000340,ORD001152,BlueDart,VINV-000340,2024-02-21,2024-02-18,2024-02-21,4147.45,746.54,4893.99,INR,approved
M001,INV000341,VORD000042,Razorpay Fees,VINV-000341,2024-09-25,2024-09-23,2024-09-25,18264.86,3287.67,21552.53,INR,approved
M001,INV000342,ORD000269,Xpressbees,VINV-000342,2024-01-13,2024-01-08,2024-01-13,4476.65,805.8,5282.45,INR,approved
M001,INV000343,ORD003901,AdGrowth Marketing,VINV-000343,2024-06-15,2024-06-12,2024-06-15,5750.33,1035.06,6785.39,INR,pending
M001,INV000344,ORD007684,AdGrowth Marketing,VINV-000344,2024-10-30,2024-10-18,2024-10-30,1379.34,248.28,1627.62,INR,pending
M001,INV000345,ORD009685,Ecom Express,VINV-000345,2024-12-22,2024-12-21,2024-12-22,5254.26,945.77,6200.03,INR,approved
M001,INV000346,ORD001924,Shiprocket,VINV-000346,2024-03-15,2024-03-05,2024-03-15,3907.41,703.33,4610.74,INR,approved
M001,INV000347,ORD007499,Delhivery,VINV-000347,2024-11-13,2024-11-12,2024-11-13,2473.59,445.25,2918.84,INR,approved
M001,INV000348,ORD004297,Xpressbees,VINV-000348,2024-06-17,2024-06-11,2024-06-17,4532.37,815.83,5348.2,INR,approved
M001,INV000349,ORD006256,Cashfree Fees,VINV-000349,2024-09-23,2024-08-26,2024-09-23,6583.25,1184.99,7768.24,INR,pending
M001,INV000350,ORD003910,Cashfree Fees,VINV-001062,2024-06-02,2024-05-05,2024-06-02,4442.31,799.61,5241.92,INR,approved
M001,INV000351,ORD000944,Delhivery,VINV-000351,2024-02-06,2024-01-23,2024-02-06,7882.42,1418.83,9301.25,INR,approved
M001,INV000352,ORD002970,BlueDart,VINV-000352,2024-04-25,2024-04-05,2024-04-25,22709.58,4087.73,26797.31,INR,disputed
M001,INV000353,ORD008695,Bangalore Packaging Co,VINV-000353,2024-12-13,2024-12-02,2024-12-13,3201.53,576.28,3777.81,INR,pending
M001,INV000354,ORD008027,Cashfree Fees,VINV-000354,2024-12-03,2024-11-19,2024-12-03,8237.94,1482.83,9720.77,INR,approved
M001,INV000355,ORD006815,Bangalore Packaging Co,VINV-000355,2024-10-28,2024-10-12,2024-10-28,4546.47,818.36,5364.83,INR,approved
M001,INV000356,ORD005203,Shiprocket,VINV-000356,2024-07-29,2024-07-17,2024-07-29,6449.11,1160.84,7609.95,INR,approved
M001,INV000357,ORD006306,BlueDart,VINV-000357,2024-09-17,2024-08-29,2024-09-17,2386.03,429.49,2815.52,INR,approved
M001,INV000358,ORD002816,Delhivery,VINV-000358,2024-05-01,2024-04-20,2024-05-01,4389.58,790.13,5179.71,INR,approved
M001,INV000359,ORD007696,Urban Warehouse Services,VINV-000359,2024-11-16,2024-10-21,2024-11-16,8482.47,1526.84,10009.31,INR,approved
M001,INV000360,ORD001136,Shiprocket,VINV-000360,2024-03-04,2024-02-19,2024-03-04,1900.03,342.0,2242.03,INR,pending
M001,INV000361,ORD007172,Shiprocket,VINV-000361,2024-10-10,2024-09-19,2024-10-10,5251.77,945.32,6197.09,INR,pending
M001,INV000362,ORD003732,Ecom Express,VINV-000362,2024-06-11,2024-05-15,2024-06-11,1686.33,303.54,1989.87,INR,approved
M001,INV000363,ORD003090,Ecom Express,VINV-000363,2024-05-06,2024-04-22,2024-05-06,7640.81,1375.34,9016.15,INR,approved
M001,INV000364,ORD005820,Shiprocket,VINV-000364,2024-09-08,2024-08-14,2024-09-08,5658.76,1018.58,6677.34,INR,approved
M001,INV000365,ORD005944,Urban Warehouse Services,VINV-000365,2024-09-03,2024-08-05,2024-09-03,518.56,93.34,611.9,INR,approved
M001,INV000366,ORD006444,Ecom Express,VINV-000366,2024-10-01,2024-09-20,2024-10-01,6486.94,1167.65,7654.59,INR,approved
M001,INV000367,ORD004629,Razorpay Fees,VINV-000367,2024-07-07,2024-07-01,2024-07-07,3458.17,622.47,4080.64,INR,approved
M001,INV000368,ORD003113,Delhivery,VINV-000368,2024-05-01,2024-04-29,2024-05-01,4983.63,897.05,5880.68,INR,approved
M001,INV000369,ORD005842,Bangalore Packaging Co,VINV-000369,2024-08-22,2024-07-26,2024-08-22,2822.81,508.1,3330.91,INR,approved
M001,INV000370,ORD006278,Shiprocket,VINV-000370,2024-09-11,2024-08-19,2024-09-11,6880.7,1238.53,8119.23,INR,approved
M001,INV000371,ORD004915,Ecom Express,VINV-000371,2024-08-09,2024-07-30,2024-08-09,5001.2,900.22,5901.42,INR,pending
M001,INV000372,ORD002196,Ecom Express,VINV-000372,2024-03-25,2024-02-29,2024-03-25,3557.82,640.41,4198.23,INR,approved
M001,INV000373,ORD004451,Bangalore Packaging Co,VINV-000373,2024-06-28,2024-05-29,2024-06-28,6841.49,1231.47,8072.96,INR,pending
M001,INV000374,ORD001532,Delhivery,VINV-000374,2024-03-11,2024-03-06,2024-03-11,3490.67,628.32,4118.99,INR,approved
M001,INV000375,ORD008244,Shiprocket,VINV-000375,2024-12-03,2024-11-15,2024-12-03,3727.43,670.94,4398.37,INR,approved
M001,INV000376,ORD004766,Urban Warehouse Services,VINV-000376,2024-08-02,2024-07-25,2024-08-02,1985.86,357.46,2343.32,INR,disputed
M001,INV000377,ORD006561,Delhivery,VINV-000377,2024-09-22,2024-09-20,2024-09-22,3458.99,622.62,4081.61,INR,approved
M001,INV000378,ORD005416,Razorpay Fees,VINV-000378,2024-08-09,2024-07-27,2024-08-09,2594.76,467.06,3061.82,INR,approved
M001,INV000379,ORD009622,BlueDart,VINV-000379,2024-12-27,2024-12-07,2024-12-27,3502.17,630.39,4132.56,INR,approved
M001,INV000380,ORD005248,Bangalore Packaging Co,VINV-000380,2024-08-25,2024-08-11,2024-08-25,8675.33,1561.56,10236.89,INR,approved
M001,INV000381,ORD000132,Shiprocket,VINV-000381,2024-01-15,2024-01-08,2024-01-15,2296.79,413.42,2710.21,INR,disputed
M001,INV000382,ORD005871,Razorpay Fees,VINV-000382,2024-09-15,2024-08-18,2024-09-15,6833.38,1230.01,8063.39,INR,approved
M001,INV000383,ORD001374,Razorpay Fees,VINV-000383,2024-02-29,2024-02-13,2024-02-29,378.69,68.16,446.85,INR,approved
M001,INV000384,ORD001074,AdGrowth Marketing,VINV-000384,2024-02-07,2024-01-09,2024-02-07,6091.43,1096.46,7187.89,INR,approved
M001,INV000385,ORD008211,Xpressbees,VINV-000385,2024-11-13,2024-10-21,2024-11-13,1163.62,209.45,1373.07,INR,approved
M001,INV000386,ORD001469,Cashfree Fees,VINV-002103,2024-02-29,2024-02-04,2024-02-29,4200.36,756.06,4956.42,INR,disputed
M001,INV000387,ORD004083,Bangalore Packaging Co,VINV-000387,2024-06-16,2024-05-19,2024-06-16,7107.25,1279.31,8386.56,INR,approved
M001,INV000388,VORD000093,Bangalore Packaging Co,VINV-000388,2024-05-26,2024-05-13,2024-05-26,19887.14,3579.68,23466.82,INR,approved
M001,INV000389,ORD002600,Urban Warehouse Services,VINV-000389,2024-04-30,2024-04-12,2024-04-30,1199.97,215.99,1415.96,INR,approved
M001,INV000390,ORD007014,Razorpay Fees,VINV-000390,2024-10-24,2024-10-08,2024-10-24,1816.69,327.01,2143.7,INR,approved
M001,INV000391,ORD001609,Ecom Express,VINV-000391,2024-03-28,2024-03-15,2024-03-28,3169.18,570.45,3739.63,INR,approved
M001,INV000392,ORD004405,Cashfree Fees,VINV-000392,2024-07-13,2024-06-23,2024-07-13,5323.77,958.28,6282.05,INR,approved
M001,INV000393,ORD003760,Cashfree Fees,VINV-000393,2024-05-22,2024-05-20,2024-05-22,17914.33,3224.58,21138.91,INR,approved
M001,INV000394,ORD006175,Cashfree Fees,VINV-000394,2024-09-16,2024-09-02,2024-09-16,5222.25,940.01,6162.26,INR,approved
M001,INV000395,ORD002692,BlueDart,VINV-000395,2024-05-11,2024-04-24,2024-05-11,2504.54,450.82,2955.36,INR,approved
M001,INV000396,ORD000579,Bangalore Packaging Co,VINV-000396,2024-02-06,2024-01-23,2024-02-06,2593.53,466.84,3060.37,INR,approved
M001,INV000397,ORD005482,Urban Warehouse Services,VINV-000397,2024-08-20,2024-08-14,2024-08-20,3047.84,548.61,3596.45,INR,approved
M001,INV000398,ORD005490,Xpressbees,VINV-000398,2024-08-24,2024-08-14,2024-08-24,6267.78,1128.2,7395.98,INR,approved
M001,INV000399,ORD005403,Ecom Express,VINV-000399,2024-08-10,2024-08-09,2024-08-10,2831.1,509.6,3340.7,INR,approved
M001,INV000400,ORD000253,BlueDart,VINV-000400,2024-01-23,2024-01-15,2024-01-23,703.6,126.65,830.25,INR,pending
M001,INV000401,ORD004750,AdGrowth Marketing,VINV-000401,2024-07-10,2024-06-28,2024-07-10,13513.57,2432.44,15946.01,INR,approved
M001,INV000402,ORD009675,Cashfree Fees,VINV-000402,2024-12-28,2024-12-11,2024-12-28,1023.39,184.21,1207.6,INR,approved
M001,INV000403,ORD002939,Delhivery,VINV-000403,2024-05-01,2024-04-27,2024-05-01,2727.73,490.99,3218.72,INR,approved
M001,INV000404,ORD007101,AdGrowth Marketing,VINV-000404,2024-10-09,2024-09-17,2024-10-09,587.08,105.68,692.76,INR,approved
M001,INV000405,ORD007334,Shiprocket,VINV-000405,2024-11-09,2024-10-22,2024-11-09,6855.13,1233.92,8089.05,INR,pending
M001,INV000406,ORD006535,Bangalore Packaging Co,VINV-000406,2024-10-13,2024-09-13,2024-10-13,835.18,150.33,985.51,INR,approved
M001,INV000407,ORD009589,Shiprocket,VINV-000407,2024-12-25,2024-12-19,2024-12-25,4680.08,842.41,5522.49,INR,pending
M001,INV000408,ORD004006,Cashfree Fees,VINV-000408,2024-06-01,2024-05-08,2024-06-01,2065.21,371.74,2436.95,INR,approved
M001,INV000409,ORD008406,Xpressbees,VINV-000409,2024-12-07,2024-11-19,2024-12-07,3638.64,654.96,4293.6,INR,disputed
M001,INV000410,ORD008714,Cashfree Fees,VINV-000410,2024-12-02,2024-11-12,2024-12-02,5875.28,1057.55,6932.83,INR,disputed
M001,INV000411,ORD009127,BlueDart,VINV-000411,2024-12-15,2024-12-07,2024-12-15,3215.94,578.87,3794.81,INR,approved
M001,INV000412,ORD004958,Urban Warehouse Services,VINV-000412,2024-08-11,2024-07-13,2024-08-11,7338.43,1320.92,8659.35,INR,approved
M001,INV000413,ORD003635,Cashfree Fees,VINV-000413,2024-06-05,2024-05-26,2024-06-05,2463.01,443.34,2906.35,INR,approved
M001,INV000414,ORD005635,AdGrowth Marketing,VINV-000414,2024-08-13,2024-07-28,2024-08-13,6000.12,1080.02,7080.14,INR,approved
M001,INV000415,ORD001903,BlueDart,VINV-000415,2024-04-07,2024-04-04,2024-04-07,4783.6,861.05,5644.65,INR,approved
M001,INV000416,ORD002392,Razorpay Fees,VINV-000416,2024-04-04,2024-03-25,2024-04-04,746.19,134.31,880.5,INR,approved
M001,INV000417,ORD007923,Urban Warehouse Services,VINV-000417,2024-11-03,2024-10-31,2024-11-03,7858.85,1414.59,9273.44,INR,approved
M001,INV000418,ORD004751,Xpressbees,VINV-000418,2024-07-06,2024-06-11,2024-07-06,6700.44,1206.08,7906.52,INR,approved
M001,INV000419,ORD001722,Xpressbees,VINV-000419,2024-03-17,2024-03-16,2024-03-17,4140.66,745.32,4885.98,INR,disputed
M001,INV000420,ORD003811,Bangalore Packaging Co,VINV-000420,2024-06-02,2024-05-09,2024-06-02,6563.31,1181.4,7744.71,INR,approved
M001,INV000421,ORD002052,Cashfree Fees,VINV-000421,2024-03-19,2024-02-21,2024-03-19,2080.02,374.4,2454.42,INR,approved
M001,INV000422,ORD001216,Delhivery,VINV-000422,2024-03-08,2024-02-08,2024-03-08,6374.63,1147.43,7522.06,INR,approved
M001,INV000423,ORD008756,Cashfree Fees,VINV-000423,2024-12-11,2024-11-12,2024-12-11,3348.73,602.77,3951.5,INR,pending
M001,INV000424,ORD002746,Razorpay Fees,VINV-000424,2024-04-15,2024-03-26,2024-04-15,7714.14,1388.55,9102.69,INR,approved
M001,INV000425,ORD006894,Delhivery,VINV-000425,2024-10-11,2024-10-07,2024-10-11,1128.53,203.13,1331.66,INR,approved
M001,INV000426,ORD003027,Delhivery,VINV-000426,2024-05-12,2024-04-20,2024-05-12,3424.94,616.49,4041.43,INR,approved
M001,INV000427,ORD009897,Shiprocket,VINV-000427,2025-01-08,2025-01-07,2025-01-08,6708.98,1207.62,7916.6,INR,approved
M001,INV000428,ORD007757,Delhivery,VINV-000428,2024-11-04,2024-10-19,2024-11-04,3691.2,664.42,4355.62,INR,pending
M001,INV000429,ORD001318,Cashfree Fees,VINV-000429,2024-03-13,2024-02-21,2024-03-13,6490.93,1168.37,7659.3,INR,approved
M001,INV000430,ORD004118,Razorpay Fees,VINV-000430,2024-06-30,2024-06-16,2024-06-30,2414.58,434.63,2849.21,INR,approved
M001,INV000431,ORD006626,Urban Warehouse Services,VINV-000431,2024-10-10,2024-09-21,2024-10-10,5380.06,968.41,6348.47,INR,disputed
M001,INV000432,ORD003063,Ecom Express,VINV-000432,2024-05-01,2024-04-16,2024-05-01,3075.52,553.59,3629.11,INR,pending
M001,INV000433,ORD009349,Bangalore Packaging Co,VINV-000433,2024-12-18,2024-12-09,2024-12-18,6780.3,1220.45,8000.75,INR,approved
M001,INV000434,ORD003997,Cashfree Fees,VINV-000434,2024-06-07,2024-05-26,2024-06-07,6951.93,1251.35,8203.28,INR,approved
M001,INV000435,ORD008647,Bangalore Packaging Co,VINV-000435,2024-11-23,2024-11-02,2024-11-23,2819.55,507.52,3327.07,INR,approved
M001,INV000436,ORD004830,Cashfree Fees,VINV-000436,2024-07-24,2024-07-13,2024-07-24,675.49,121.59,797.08,INR,approved
M001,INV000437,ORD008044,Shiprocket,VINV-000437,2024-12-04,2024-11-16,2024-12-04,3798.2,683.68,4481.88,INR,approved
M001,INV000438,ORD000870,Razorpay Fees,VINV-000438,2024-02-07,2024-01-14,2024-02-07,4627.02,832.86,5459.88,INR,approved
M001,INV000439,ORD004114,Bangalore Packaging Co,VINV-000439,2024-06-06,2024-06-04,2024-06-06,357.19,64.3,421.49,INR,approved
M001,INV000440,ORD009482,Cashfree Fees,VINV-000440,2024-12-24,2024-11-24,2024-12-24,609.68,109.74,719.42,INR,approved
M001,INV000441,ORD004841,Urban Warehouse Services,VINV-000441,2024-07-17,2024-07-05,2024-07-17,6569.29,1182.47,7751.76,INR,approved
M001,INV000442,ORD009108,Urban Warehouse Services,VINV-000442,2024-12-17,2024-11-19,2024-12-17,893.22,160.78,1054.0,INR,approved
M001,INV000443,ORD001124,BlueDart,VINV-000443,2024-02-15,2024-02-14,2024-02-15,1154.39,207.79,1362.18,INR,approved
M001,INV000444,ORD009963,Xpressbees,VINV-000444,2025-01-05,2024-12-08,2025-01-05,8508.45,1531.52,10039.97,INR,approved
M001,INV000445,ORD005878,Bangalore Packaging Co,VINV-000445,2024-09-11,2024-08-13,2024-09-11,6067.41,1092.13,7159.54,INR,approved
M001,INV000446,ORD001210,Cashfree Fees,VINV-000446,2024-02-13,2024-02-03,2024-02-13,7517.82,1353.21,8871.03,INR,approved
M001,INV000447,ORD009380,Urban Warehouse Services,VINV-000447,2024-12-30,2024-12-24,2024-12-30,885.14,159.33,1044.47,INR,pending
M001,INV000448,ORD002305,Urban Warehouse Services,VINV-000448,2024-04-08,2024-03-12,2024-04-08,8681.13,1562.6,10243.73,INR,disputed
M001,INV000449,ORD001180,BlueDart,VINV-000449,2024-02-11,2024-01-31,2024-02-11,7212.07,1298.17,8510.24,INR,approved
M001,INV000450,ORD001760,Ecom Express,VINV-000450,2024-03-15,2024-03-06,2024-03-15,551.71,99.31,651.02,INR,approved
M001,INV000451,ORD009326,Bangalore Packaging Co,VINV-000451,2024-12-24,2024-11-30,2024-12-24,1663.74,299.47,1963.21,INR,pending
M001,INV000452,ORD009486,BlueDart,VINV-000452,2024-12-24,2024-12-23,2024-12-24,6619.03,1191.43,7810.46,INR,disputed
M001,INV000453,ORD004248,BlueDart,VINV-000453,2024-06-11,2024-06-01,2024-06-11,5847.14,1052.49,6899.63,INR,pending
M001,INV000454,ORD002287,Ecom Express,VINV-000454,2024-04-21,2024-03-22,2024-04-21,4542.98,817.74,5360.72,INR,approved
M001,INV000455,ORD005402,Bangalore Packaging Co,VINV-000455,2024-08-19,2024-08-03,2024-08-19,2325.84,418.65,2744.49,INR,approved
M001,INV000456,ORD000924,Xpressbees,VINV-000456,2024-02-10,2024-01-29,2024-02-10,8049.51,1448.91,9498.42,INR,approved
M001,INV000457,ORD001208,Urban Warehouse Services,VINV-000457,2024-02-10,2024-01-29,2024-02-10,1774.26,319.37,2093.63,INR,approved
M001,INV000458,ORD008778,Ecom Express,VINV-000458,2024-12-16,2024-12-03,2024-12-16,1805.71,325.03,2130.74,INR,approved
M001,INV000459,ORD002048,Delhivery,VINV-000459,2024-03-20,2024-03-12,2024-03-20,3081.34,554.64,3635.98,INR,approved
M001,INV000460,ORD009225,Bangalore Packaging Co,VINV-000460,2024-12-29,2024-12-11,2024-12-29,586.5,105.57,692.07,INR,approved
M001,INV000461,ORD001195,Cashfree Fees,VINV-000461,2024-02-18,2024-01-22,2024-02-18,7711.36,1388.04,9099.4,INR,approved
M001,INV000462,ORD008526,Razorpay Fees,VINV-000462,2024-11-19,2024-11-03,2024-11-19,5156.28,928.13,6084.41,INR,approved
M001,INV000463,ORD002215,Razorpay Fees,VINV-000463,2024-04-11,2024-03-26,2024-04-11,6095.42,1097.18,7192.6,INR,approved
M001,INV000464,ORD001540,Xpressbees,VINV-000464,2024-03-24,2024-03-15,2024-03-24,4352.57,783.46,5136.03,INR,approved
M001,INV000465,ORD001459,Shiprocket,VINV-000465,2024-03-17,2024-02-21,2024-03-17,7019.96,1263.59,8283.55,INR,approved
M001,INV000466,ORD000382,Urban Warehouse Services,VINV-000466,2024-01-25,2024-01-05,2024-01-25,5746.71,1034.41,6781.12,INR,approved
M001,INV000467,ORD005429,Urban Warehouse Services,VINV-000467,2024-08-09,2024-07-12,2024-08-09,749.13,134.84,883.97,INR,approved
M001,INV000468,ORD003737,Delhivery,VINV-000468,2024-06-05,2024-05-26,2024-06-05,3340.83,601.35,3942.18,INR,pending
M001,INV000469,ORD001639,Urban Warehouse Services,VINV-000469,2024-03-29,2024-03-05,2024-03-29,3367.41,606.13,3973.54,INR,approved
M001,INV000470,ORD003168,Bangalore Packaging Co,VINV-000470,2024-05-11,2024-05-02,2024-05-11,2625.83,472.65,3098.48,INR,pending
M001,INV000471,ORD005522,Urban Warehouse Services,VINV-000471,2024-08-26,2024-08-11,2024-08-26,884.46,159.2,1043.66,INR,disputed
M001,INV000472,ORD008639,Xpressbees,VINV-000472,2024-11-26,2024-11-02,2024-11-26,529.73,95.35,625.08,INR,pending
M001,INV000473,ORD005596,Razorpay Fees,VINV-000473,2024-09-01,2024-08-10,2024-09-01,996.69,179.41,1176.1,INR,approved
M001,INV000474,ORD004005,Ecom Express,VINV-000474,2024-06-04,2024-05-08,2024-06-04,2764.38,497.59,3261.97,INR,approved
M001,INV000475,ORD001755,Cashfree Fees,VINV-000475,2024-03-07,2024-02-24,2024-03-07,3879.1,698.24,4577.34,INR,approved
M001,INV000476,ORD005428,Razorpay Fees,VINV-000476,2024-08-27,2024-07-28,2024-08-27,3419.26,615.47,4034.73,INR,approved
M001,INV000477,ORD008489,Bangalore Packaging Co,VINV-000477,2024-12-01,2024-11-01,2024-12-01,7292.01,1312.56,8604.57,INR,approved
M001,INV000478,ORD004832,AdGrowth Marketing,VINV-000478,2024-07-16,2024-07-14,2024-07-16,5928.14,1067.06,6995.2,INR,approved
M001,INV000479,ORD007100,Cashfree Fees,VINV-000479,2024-10-08,2024-09-14,2024-10-08,6621.03,1191.78,7812.81,INR,approved
M001,INV000480,ORD004942,Xpressbees,VINV-000480,2024-07-18,2024-07-09,2024-07-18,1404.92,252.89,1657.81,INR,approved
M001,INV000481,ORD006118,AdGrowth Marketing,VINV-000481,2024-09-28,2024-09-05,2024-09-28,2756.82,496.23,3253.05,INR,approved
M001,INV000482,ORD001766,BlueDart,VINV-000482,2024-03-16,2024-03-01,2024-03-16,890.14,160.22,1050.36,INR,approved
M001,INV000483,ORD008324,Razorpay Fees,VINV-000483,2024-12-11,2024-11-16,2024-12-11,2415.66,434.82,2850.48,INR,approved
M001,INV000484,ORD005309,Bangalore Packaging Co,VINV-000484,2024-08-05,2024-07-19,2024-08-05,1516.49,272.97,1789.46,INR,approved
M001,INV000485,ORD007855,Bangalore Packaging Co,VINV-000485,2024-10-31,2024-10-01,2024-10-31,546.74,98.41,645.15,INR,approved
M001,INV000486,ORD006483,Bangalore Packaging Co,VINV-000486,2024-09-20,2024-09-07,2024-09-20,8043.03,1447.75,9490.78,INR,disputed
M001,INV000487,ORD006073,Razorpay Fees,VINV-000487,2024-09-12,2024-08-20,2024-09-12,1812.8,326.3,2139.1,INR,approved
M001,INV000488,ORD001006,Razorpay Fees,VINV-000488,2024-02-28,2024-01-31,2024-02-28,2705.72,487.03,3192.75,INR,approved
M001,INV000489,ORD005376,Xpressbees,VINV-000489,2024-08-28,2024-08-02,2024-08-28,33386.87,6009.64,39396.51,INR,approved
M001,INV000490,ORD005811,Cashfree Fees,VINV-000490,2024-09-10,2024-08-17,2024-09-10,5754.93,1035.89,6790.82,INR,approved
M001,INV000491,ORD003296,Cashfree Fees,VINV-000491,2024-05-24,2024-05-07,2024-05-24,869.56,156.52,1026.08,INR,disputed
M001,INV000492,ORD009092,Bangalore Packaging Co,VINV-000492,2024-12-07,2024-11-07,2024-12-07,898.1,161.66,1059.76,INR,approved
M001,INV000493,ORD004173,Xpressbees,VINV-000493,2024-06-30,2024-06-16,2024-06-30,2896.48,521.37,3417.85,INR,approved
M001,INV000494,ORD004043,BlueDart,VINV-000494,2024-06-05,2024-05-30,2024-06-05,525.5,94.59,620.09,INR,approved
M001,INV000495,ORD004411,Cashfree Fees,VINV-000495,2024-07-10,2024-06-13,2024-07-10,7024.67,1264.44,8289.11,INR,approved
M001,INV000496,ORD004783,Razorpay Fees,VINV-000496,2024-07-29,2024-07-22,2024-07-29,4373.61,787.25,5160.86,INR,approved
M001,INV000497,VORD000039,Xpressbees,VINV-000497,2024-11-07,2024-11-02,2024-11-07,31558.64,5680.56,37239.2,INR,approved
M001,INV000498,ORD009250,Delhivery,VINV-000498,2024-12-08,2024-11-13,2024-12-08,4059.56,730.72,4790.28,INR,pending
M001,INV000499,ORD006543,Xpressbees,VINV-000499,2024-10-01,2024-09-18,2024-10-01,2322.62,418.07,2740.69,INR,disputed
M001,INV000500,ORD003326,Xpressbees,VINV-000500,2024-05-26,2024-05-03,2024-05-26,4040.35,727.26,4767.61,INR,approved
M001,INV000501,ORD005950,Urban Warehouse Services,VINV-000501,2024-09-11,2024-08-25,2024-09-11,1542.13,277.58,1819.71,INR,approved
M001,INV000502,ORD005585,Cashfree Fees,VINV-000502,2024-08-28,2024-08-16,2024-08-28,6857.37,1234.33,8091.7,INR,approved
M001,INV000503,ORD006443,Urban Warehouse Services,VINV-000503,2024-09-25,2024-09-06,2024-09-25,2344.42,422.0,2766.42,INR,approved
M001,INV000504,ORD002087,Cashfree Fees,VINV-000504,2024-04-16,2024-04-11,2024-04-16,4122.91,742.12,4865.03,INR,approved
M001,INV000505,ORD002290,Urban Warehouse Services,VINV-000505,2024-04-18,2024-04-15,2024-04-18,32121.61,5781.89,37903.5,INR,approved
M001,INV000506,ORD000590,Delhivery,VINV-000506,2024-01-22,2024-01-15,2024-01-22,6206.4,1117.15,7323.55,INR,approved
M001,INV000507,ORD006595,Razorpay Fees,VINV-000507,2024-10-12,2024-09-12,2024-10-12,410.75,73.93,484.68,INR,approved
M001,INV000508,ORD000633,Shiprocket,VINV-000508,2024-01-24,2024-01-08,2024-01-24,938.44,168.92,1107.36,INR,pending
M001,INV000509,ORD004384,Ecom Express,VINV-000509,2024-07-09,2024-06-14,2024-07-09,5315.49,956.79,6272.28,INR,approved
M001,INV000510,ORD007912,Ecom Express,VINV-000510,2024-12-01,2024-11-30,2024-12-01,7089.56,1276.12,8365.68,INR,approved
M001,INV000511,ORD005891,Ecom Express,VINV-000511,2024-09-18,2024-08-26,2024-09-18,6794.87,1223.08,8017.95,INR,approved
M001,INV000512,ORD003721,Urban Warehouse Services,VINV-000512,2024-06-12,2024-06-02,2024-06-12,17566.52,3161.97,20728.49,INR,pending
M001,INV000513,ORD000199,Bangalore Packaging Co,VINV-000513,2024-01-30,2024-01-08,2024-01-30,616.91,111.04,727.95,INR,approved
M001,INV000514,ORD000442,Cashfree Fees,VINV-000514,2024-02-07,2024-01-13,2024-02-07,7113.56,1280.44,8394.0,INR,approved
M001,INV000515,ORD004833,Ecom Express,VINV-000515,2024-07-23,2024-07-18,2024-07-23,9729.86,1751.37,11481.23,INR,approved
M001,INV000516,ORD006313,Delhivery,VINV-000516,2024-10-02,2024-09-21,2024-10-02,1900.84,342.15,2242.99,INR,approved
M001,INV000517,ORD009513,Ecom Express,VINV-000517,2024-12-19,2024-12-11,2024-12-19,9245.32,1664.16,10909.48,INR,disputed
M001,INV000518,ORD009195,Delhivery,VINV-000518,2024-12-27,2024-12-20,2024-12-27,5692.14,1024.58,6716.72,INR,approved
M001,INV000519,ORD000442,Bangalore Packaging Co,VINV-000519,2024-01-16,2024-01-15,2024-01-16,7101.12,1278.2,8379.32,INR,disputed
M001,INV000520,ORD005332,BlueDart,VINV-000520,2024-08-22,2024-08-19,2024-08-22,4612.92,830.33,5443.25,INR,approved
M001,INV000521,ORD000522,Ecom Express,VINV-000521,2024-02-07,2024-02-04,2024-02-07,5375.31,967.55,6342.86,INR,disputed
M001,INV000522,ORD002551,Cashfree Fees,VINV-000522,2024-05-03,2024-04-12,2024-05-03,9182.08,1652.77,10834.85,INR,pending
M001,INV000523,ORD009259,Urban Warehouse Services,VINV-000523,2024-12-24,2024-12-06,2024-12-24,1082.89,194.92,1277.81,INR,approved
M001,INV000524,ORD002438,Urban Warehouse Services,VINV-000936,2024-04-13,2024-04-08,2024-04-13,1430.93,257.57,1688.5,INR,approved
M001,INV000525,ORD006609,Shiprocket,VINV-000525,2024-10-11,2024-09-23,2024-10-11,37521.32,6753.84,44275.16,INR,approved
M001,INV000526,ORD007642,Shiprocket,VINV-000526,2024-11-20,2024-11-14,2024-11-20,8377.43,1507.94,9885.37,INR,approved
M001,INV000527,ORD002319,Cashfree Fees,VINV-000527,2024-04-13,2024-04-09,2024-04-13,1154.28,207.77,1362.05,INR,approved
M001,INV000528,ORD009142,Xpressbees,VINV-000528,2024-12-10,2024-11-10,2024-12-10,5943.84,1069.89,7013.73,INR,approved
M001,INV000529,ORD003271,Cashfree Fees,VINV-000529,2024-05-26,2024-05-21,2024-05-26,5164.44,929.6,6094.04,INR,approved
M001,INV000530,ORD009396,Delhivery,VINV-000530,2024-12-14,2024-11-17,2024-12-14,5274.12,949.34,6223.46,INR,rejected
M001,INV000531,ORD006135,Xpressbees,VINV-000531,2024-09-04,2024-08-18,2024-09-04,301.64,54.29,355.93,INR,approved
M001,INV000532,ORD009244,Delhivery,VINV-000532,2025-01-05,2025-01-02,2025-01-05,8973.63,1615.25,10588.88,INR,approved
M001,INV000533,ORD005403,Bangalore Packaging Co,VINV-000533,2024-08-25,2024-08-16,2024-08-25,2831.69,509.7,3341.39,INR,approved
M001,INV000534,ORD000384,Delhivery,VINV-000534,2024-02-07,2024-01-11,2024-02-07,6042.74,1087.69,7130.43,INR,approved
M001,INV000535,ORD005584,Shiprocket,VINV-000535,2024-08-20,2024-07-31,2024-08-20,6147.0,1106.46,7253.46,INR,approved
M001,INV000536,ORD008284,Delhivery,VINV-000536,2024-11-18,2024-10-28,2024-11-18,1341.13,241.4,1582.53,INR,approved
M001,INV000537,ORD005142,Cashfree Fees,VINV-000537,2024-07-23,2024-06-28,2024-07-23,987.83,177.81,1165.64,INR,approved
M001,INV000538,ORD008756,Shiprocket,VINV-000538,2024-11-28,2024-11-08,2024-11-28,4840.49,871.29,5711.78,INR,pending
M001,INV000539,ORD005326,Delhivery,VINV-000539,2024-08-08,2024-07-27,2024-08-08,6735.92,1212.47,7948.39,INR,approved
M001,INV000540,ORD004445,Shiprocket,VINV-000540,2024-07-04,2024-07-01,2024-07-04,4464.85,803.67,5268.52,INR,approved
M001,INV000541,ORD001006,BlueDart,VINV-000541,2024-02-29,2024-02-14,2024-02-29,2695.0,485.1,3180.1,INR,approved
M001,INV000542,ORD009645,Shiprocket,VINV-000542,2025-01-13,2025-01-12,2025-01-13,18710.88,3367.96,22078.84,INR,approved
M001,INV000543,ORD000269,Shiprocket,VINV-000543,2024-01-10,2023-12-20,2024-01-10,4378.59,788.15,5166.74,INR,pending
M001,INV000544,ORD002420,Urban Warehouse Services,VINV-000544,2024-04-20,2024-04-01,2024-04-20,6617.41,1191.13,7808.54,INR,pending
M001,INV000545,ORD004619,Shiprocket,VINV-000545,2024-07-08,2024-07-04,2024-07-08,1049.42,188.89,1238.31,INR,disputed
M001,INV000546,ORD004788,AdGrowth Marketing,VINV-000546,2024-07-27,2024-07-18,2024-07-27,4874.22,877.36,5751.58,INR,approved
M001,INV000547,ORD005201,Urban Warehouse Services,VINV-000547,2024-08-06,2024-07-19,2024-08-06,3772.08,678.97,4451.05,INR,approved
M001,INV000548,ORD003253,Delhivery,VINV-000548,2024-05-30,2024-05-02,2024-05-30,6996.41,1259.35,8255.76,INR,approved
M001,INV000549,VORD000037,Cashfree Fees,VINV-000549,2024-12-01,2024-11-09,2024-12-01,16108.36,2899.5,19007.86,INR,approved
M001,INV000550,ORD004390,Razorpay Fees,VINV-000550,2024-07-06,2024-06-15,2024-07-06,957.95,172.43,1130.38,INR,approved
M001,INV000551,ORD000323,AdGrowth Marketing,VINV-000551,2024-01-29,2024-01-21,2024-01-29,5917.48,1065.15,6982.63,INR,approved
M001,INV000552,ORD000985,BlueDart,VINV-000552,2024-02-02,2024-01-17,2024-02-02,2931.36,527.64,3459.0,INR,approved
M001,INV000553,ORD002851,Bangalore Packaging Co,VINV-000553,2024-04-21,2024-03-29,2024-04-21,6431.79,1157.72,7589.51,INR,approved
M001,INV000554,ORD000029,AdGrowth Marketing,VINV-000554,2024-01-04,2023-12-23,2024-01-04,4399.92,791.99,5191.91,INR,approved
M001,INV000555,ORD004500,AdGrowth Marketing,VINV-000555,2024-06-22,2024-06-02,2024-06-22,3387.16,609.69,3996.85,INR,approved
M001,INV000556,ORD000448,Delhivery,VINV-000556,2024-01-16,2023-12-31,2024-01-16,1112.69,200.28,1312.97,INR,approved
M001,INV000557,ORD007878,Urban Warehouse Services,VINV-000557,2024-11-25,2024-10-31,2024-11-25,5393.39,970.81,6364.2,INR,approved
M001,INV000558,ORD007858,Ecom Express,VINV-000558,2024-11-25,2024-11-19,2024-11-25,1551.62,279.29,1830.91,INR,approved
M001,INV000559,ORD006300,Ecom Express,VINV-000559,2024-09-16,2024-09-13,2024-09-16,5255.99,946.08,6202.07,INR,approved
M001,INV000560,ORD001081,Cashfree Fees,VINV-000560,2024-03-04,2024-02-19,2024-03-04,2432.97,437.94,2870.91,INR,disputed
M001,INV000561,ORD003426,BlueDart,VINV-000561,2024-05-19,2024-05-18,2024-05-19,5141.86,925.54,6067.4,INR,approved
M001,INV000562,ORD006483,Xpressbees,VINV-000562,2024-09-22,2024-08-31,2024-09-22,8145.28,1466.15,9611.43,INR,approved
M001,INV000563,ORD008065,Razorpay Fees,VINV-000563,2024-11-17,2024-10-21,2024-11-17,1200.44,216.08,1416.52,INR,pending
M001,INV000564,ORD001613,Delhivery,VINV-000564,2024-03-08,2024-02-09,2024-03-08,6083.42,1095.02,7178.44,INR,approved
M001,INV000565,ORD005449,Razorpay Fees,VINV-000565,2024-08-15,2024-08-01,2024-08-15,1803.04,324.55,2127.59,INR,approved
M001,INV000566,VORD000073,Cashfree Fees,VINV-000566,2024-02-28,2024-02-14,2024-02-28,18439.4,3319.09,21758.49,INR,approved
M001,INV000567,ORD006726,Ecom Express,VINV-000567,2024-10-21,2024-09-22,2024-10-21,41863.94,7535.51,49399.45,INR,approved
M001,INV000568,ORD003087,Xpressbees,VINV-000568,2024-05-08,2024-04-28,2024-05-08,2177.62,391.97,2569.59,INR,pending
M001,INV000569,ORD001891,Delhivery,VINV-000569,2024-04-05,2024-03-17,2024-04-05,3203.18,576.57,3779.75,INR,approved
M001,INV000570,VORD000108,Urban Warehouse Services,VINV-000570,2024-05-18,2024-04-27,2024-05-18,38377.58,6907.96,45285.54,INR,pending
M001,INV000571,ORD003785,Shiprocket,VINV-000571,2024-06-17,2024-06-10,2024-06-17,3446.88,620.44,4067.32,INR,approved
M001,INV000572,ORD007242,Ecom Express,VINV-000572,2024-10-29,2024-09-29,2024-10-29,4494.89,809.08,5303.97,INR,approved
M001,INV000573,VORD000012,AdGrowth Marketing,VINV-000573,2024-07-28,2024-07-11,2024-07-28,13393.49,2410.83,15804.32,INR,approved
M001,INV000574,ORD000939,Bangalore Packaging Co,VINV-000574,2024-02-09,2024-01-27,2024-02-09,9056.53,1630.17,10686.7,INR,approved
M001,INV000575,ORD000483,Urban Warehouse Services,VINV-000575,2024-02-13,2024-01-19,2024-02-13,38477.19,6925.89,45403.08,INR,approved
M001,INV000576,VORD000079,Cashfree Fees,VINV-000576,2024-01-30,2024-01-25,2024-01-30,39867.45,7176.14,47043.59,INR,approved
M001,INV000577,ORD007601,Xpressbees,VINV-000577,2024-10-27,2024-10-25,2024-10-27,5609.91,1009.78,6619.69,INR,approved
M001,INV000578,ORD000188,Bangalore Packaging Co,VINV-000578,2024-01-20,2023-12-24,2024-01-20,8585.04,1545.31,10130.35,INR,approved
M001,INV000579,ORD003450,AdGrowth Marketing,VINV-000579,2024-05-20,2024-05-04,2024-05-20,5022.69,904.08,5926.77,INR,approved
M001,INV000580,VORD000011,Delhivery,VINV-000580,2024-07-21,2024-06-21,2024-07-21,8177.95,1472.03,9649.98,INR,approved
M001,INV000581,ORD002524,Shiprocket,VINV-000581,2024-04-25,2024-04-23,2024-04-25,4910.14,883.83,5793.97,INR,approved
M001,INV000582,ORD007537,Ecom Express,VINV-000582,2024-11-09,2024-11-07,2024-11-09,3267.56,588.16,3855.72,INR,approved
M001,INV000583,ORD000662,Delhivery,VINV-000583,2024-02-15,2024-02-01,2024-02-15,2289.16,412.05,2701.21,INR,approved
M001,INV000584,ORD009681,BlueDart,VINV-000584,2025-01-05,2024-12-16,2025-01-05,5851.83,1053.33,6905.16,INR,approved
M001,INV000585,ORD005450,AdGrowth Marketing,VINV-000585,2024-09-03,2024-08-18,2024-09-03,2405.51,432.99,2838.5,INR,approved
M001,INV000586,ORD000933,BlueDart,VINV-000586,2024-02-28,2024-02-08,2024-02-28,690.79,124.34,815.13,INR,approved
M001,INV000587,ORD000292,Ecom Express,VINV-000587,2024-01-28,2023-12-31,2024-01-28,7679.35,1382.28,9061.63,INR,approved
M001,INV000588,ORD004612,Cashfree Fees,VINV-000588,2024-06-26,2024-06-11,2024-06-26,7046.58,1268.38,8314.96,INR,approved
M001,INV000589,ORD009662,Urban Warehouse Services,VINV-000589,2025-01-15,2025-01-02,2025-01-15,6768.03,1218.25,7986.28,INR,disputed
M001,INV000590,ORD009526,Urban Warehouse Services,VINV-000590,2024-12-30,2024-12-08,2024-12-30,2097.37,377.53,2474.9,INR,disputed
M001,INV000591,ORD003513,Shiprocket,VINV-000591,2024-05-19,2024-05-04,2024-05-19,5068.54,912.34,5980.88,INR,approved
M001,INV000592,ORD008730,Ecom Express,VINV-000592,2024-12-05,2024-12-02,2024-12-05,6458.24,1162.48,7620.72,INR,pending
M001,INV000593,ORD005682,BlueDart,VINV-000593,2024-09-11,2024-08-21,2024-09-11,2516.37,452.95,2969.32,INR,approved
M001,INV000594,ORD009197,Cashfree Fees,VINV-000594,2025-01-03,2024-12-13,2025-01-03,12607.77,2269.4,14877.17,INR,approved
M001,INV000595,ORD005893,Xpressbees,VINV-000595,2024-09-03,2024-08-11,2024-09-03,1186.9,213.64,1400.54,INR,rejected
M001,INV000596,ORD006921,Xpressbees,VINV-000596,2024-10-29,2024-10-27,2024-10-29,472.65,85.08,557.73,INR,approved
M001,INV000597,ORD005620,Razorpay Fees,VINV-000597,2024-09-07,2024-08-19,2024-09-07,3268.21,588.28,3856.49,INR,approved
M001,INV000598,ORD002229,Bangalore Packaging Co,VINV-000598,2024-04-02,2024-03-03,2024-04-02,3979.42,716.29,4695.71,INR,approved
M001,INV000599,ORD000138,Delhivery,VINV-000599,2024-01-10,2023-12-12,2024-01-10,6032.49,1085.85,7118.34,INR,approved
M001,INV000600,ORD001907,BlueDart,VINV-000600,2024-03-29,2024-03-12,2024-03-29,6090.13,1096.22,7186.35,INR,approved
M001,INV000601,VORD000089,Delhivery,VINV-000601,2024-02-15,2024-02-02,2024-02-15,22386.24,4029.52,26415.76,INR,pending
M001,INV000602,ORD004153,Xpressbees,VINV-000602,2024-06-17,2024-05-20,2024-06-17,4795.95,863.27,5659.22,INR,approved
M001,INV000603,ORD001334,Shiprocket,VINV-000603,2024-03-08,2024-02-17,2024-03-08,1799.13,323.84,2122.97,INR,pending
M001,INV000604,ORD000495,BlueDart,VINV-000604,2024-01-21,2024-01-08,2024-01-21,1590.17,286.23,1876.4,INR,approved
M001,INV000605,ORD001859,AdGrowth Marketing,VINV-000605,2024-04-03,2024-03-10,2024-04-03,4900.28,882.05,5782.33,INR,approved
M001,INV000606,ORD009885,AdGrowth Marketing,VINV-000606,2025-01-20,2024-12-30,2025-01-20,8891.08,1600.4,10491.48,INR,disputed
M001,INV000607,ORD003666,Razorpay Fees,VINV-000607,2024-05-24,2024-04-25,2024-05-24,1658.23,298.48,1956.71,INR,approved
M001,INV000608,ORD002372,Urban Warehouse Services,VINV-000608,2024-04-15,2024-03-16,2024-04-15,5161.45,929.06,6090.51,INR,approved
M001,INV000609,ORD001638,Razorpay Fees,VINV-000609,2024-03-24,2024-03-04,2024-03-24,6575.97,1183.67,7759.64,INR,approved
M001,INV000610,ORD005327,BlueDart,VINV-000610,2024-08-04,2024-07-12,2024-08-04,5776.63,1039.79,6816.42,INR,approved
M001,INV000611,ORD003517,Shiprocket,VINV-000611,2024-06-02,2024-05-31,2024-06-02,1129.18,203.25,1332.43,INR,approved
M001,INV000612,ORD000933,Shiprocket,VINV-000612,2024-02-04,2024-01-30,2024-02-04,424.89,76.48,501.37,INR,approved
M001,INV000613,ORD007373,Cashfree Fees,VINV-000613,2024-11-07,2024-11-01,2024-11-07,7442.43,1339.64,8782.07,INR,approved
M001,INV000614,ORD005237,BlueDart,VINV-000614,2024-08-10,2024-07-28,2024-08-10,2602.47,468.45,3070.92,INR,approved
M001,INV000615,ORD007911,Cashfree Fees,VINV-000615,2024-11-05,2024-10-24,2024-11-05,2538.17,456.87,2995.04,INR,pending
M001,INV000616,ORD007742,AdGrowth Marketing,VINV-000616,2024-11-21,2024-11-17,2024-11-21,1170.86,210.75,1381.61,INR,pending
M001,INV000617,ORD007667,BlueDart,VINV-000617,2024-11-22,2024-10-26,2024-11-22,2676.07,481.69,3157.76,INR,approved
M001,INV000618,ORD006492,Cashfree Fees,VINV-000618,2024-09-19,2024-09-07,2024-09-19,3133.21,563.98,3697.19,INR,disputed
M001,INV000619,ORD000429,Ecom Express,VINV-000619,2024-01-27,2024-01-03,2024-01-27,5947.14,1070.49,7017.63,INR,approved
M001,INV000620,ORD005040,Cashfree Fees,VINV-000620,2024-07-19,2024-06-27,2024-07-19,28291.66,5092.5,33384.16,INR,approved
M001,INV000621,ORD001612,AdGrowth Marketing,VINV-000621,2024-03-04,2024-02-12,2024-03-04,8647.78,1556.6,10204.38,INR,pending
M001,INV000622,ORD006089,BlueDart,VINV-000622,2024-09-07,2024-09-05,2024-09-07,3087.99,555.84,3643.83,INR,approved
M001,INV000623,ORD002183,Delhivery,VINV-000623,2024-04-17,2024-04-09,2024-04-17,5304.99,954.9,6259.89,INR,approved
M001,INV000624,ORD007885,Cashfree Fees,VINV-000624,2024-11-07,2024-10-23,2024-11-07,4789.53,862.12,5651.65,INR,approved
M001,INV000625,ORD007422,Ecom Express,VINV-000625,2024-10-20,2024-10-10,2024-10-20,7813.89,1406.5,9220.39,INR,approved
M001,INV000626,ORD006712,Cashfree Fees,VINV-000626,2024-10-08,2024-10-05,2024-10-08,5826.81,1048.83,6875.64,INR,approved
M001,INV000627,ORD005635,Xpressbees,VINV-000627,2024-08-19,2024-08-16,2024-08-19,6083.03,1094.94,7177.97,INR,approved
M001,INV000628,ORD004452,Bangalore Packaging Co,VINV-000628,2024-07-11,2024-06-29,2024-07-11,5709.08,1027.63,6736.71,INR,approved
M001,INV000629,ORD002370,BlueDart,VINV-000629,2024-04-22,2024-04-14,2024-04-22,12258.63,2206.55,14465.18,INR,rejected
M001,INV000630,ORD007163,BlueDart,VINV-000630,2024-10-11,2024-09-24,2024-10-11,9124.28,1642.37,10766.65,INR,approved
M001,INV000631,ORD005959,Ecom Express,VINV-000631,2024-09-24,2024-08-28,2024-09-24,8220.89,1479.76,9700.65,INR,approved
M001,INV000632,ORD005232,AdGrowth Marketing,VINV-000632,2024-08-03,2024-08-02,2024-08-03,1146.62,206.39,1353.01,INR,approved
M001,INV000633,ORD006848,Cashfree Fees,VINV-000633,2024-10-14,2024-09-14,2024-10-14,1603.75,288.68,1892.43,INR,approved
M001,INV000634,ORD008923,Razorpay Fees,VINV-000634,2024-12-08,2024-11-21,2024-12-08,588.41,105.91,694.32,INR,approved
M001,INV000635,ORD001076,Razorpay Fees,VINV-000635,2024-02-25,2024-01-27,2024-02-25,881.01,158.58,1039.59,INR,approved
M001,INV000636,ORD009987,Cashfree Fees,VINV-000636,2025-01-11,2024-12-31,2025-01-11,3556.55,640.18,4196.73,INR,approved
M001,INV000637,ORD009509,Delhivery,VINV-000637,2024-12-22,2024-11-25,2024-12-22,1224.07,220.33,1444.4,INR,approved
M001,INV000638,ORD007329,Bangalore Packaging Co,VINV-000638,2024-10-27,2024-10-06,2024-10-27,4761.13,857.0,5618.13,INR,approved
M001,INV000639,ORD001350,Razorpay Fees,VINV-000639,2024-03-06,2024-03-03,2024-03-06,7417.08,1335.07,8752.15,INR,pending
M001,INV000640,ORD002952,Delhivery,VINV-000640,2024-05-05,2024-05-04,2024-05-05,2656.98,478.26,3135.24,INR,approved
M001,INV000641,ORD005818,Delhivery,VINV-000641,2024-09-17,2024-08-18,2024-09-17,2988.19,537.88,3526.07,INR,approved
M001,INV000642,ORD009391,Cashfree Fees,VINV-000642,2024-12-24,2024-12-05,2024-12-24,6629.33,1193.28,7822.61,INR,approved
M001,INV000643,VORD000020,Razorpay Fees,VINV-000643,2024-12-04,2024-11-29,2024-12-04,19418.31,3495.29,22913.6,INR,approved
M001,INV000644,ORD001962,Delhivery,VINV-000644,2024-04-04,2024-03-17,2024-04-04,736.95,132.65,869.6,INR,approved
M001,INV000645,ORD002410,Razorpay Fees,VINV-000645,2024-04-03,2024-03-19,2024-04-03,4426.87,796.84,5223.71,INR,approved
M001,INV000646,ORD003732,Urban Warehouse Services,VINV-000646,2024-05-25,2024-05-09,2024-05-25,1282.21,230.8,1513.01,INR,approved
M001,INV000647,ORD001260,Ecom Express,VINV-000647,2024-03-04,2024-02-22,2024-03-04,7514.99,1352.7,8867.69,INR,approved
M001,INV000648,ORD005505,Cashfree Fees,VINV-000648,2024-09-02,2024-08-25,2024-09-02,4515.7,812.83,5328.53,INR,approved
M001,INV000649,ORD002935,Cashfree Fees,VINV-000649,2024-04-22,2024-03-27,2024-04-22,2294.07,412.93,2707.0,INR,approved
M001,INV000650,ORD007478,BlueDart,VINV-000650,2024-11-05,2024-10-13,2024-11-05,5458.19,982.48,6440.67,INR,approved
M001,INV000651,ORD006139,Cashfree Fees,VINV-000651,2024-09-27,2024-09-04,2024-09-27,1930.32,347.46,2277.78,INR,approved
M001,INV000652,ORD002351,Shiprocket,VINV-000652,2024-04-11,2024-03-14,2024-04-11,6506.14,1171.1,7677.24,INR,approved
M001,INV000653,ORD002882,BlueDart,VINV-000653,2024-05-05,2024-04-18,2024-05-05,15765.21,2837.74,18602.95,INR,approved
M001,INV000654,ORD003491,Ecom Express,VINV-000654,2024-06-03,2024-05-13,2024-06-03,1255.47,225.98,1481.45,INR,approved
M001,INV000655,ORD002158,Shiprocket,VINV-000655,2024-04-16,2024-04-06,2024-04-16,5588.71,1005.97,6594.68,INR,approved
M001,INV000656,ORD000960,Xpressbees,VINV-000656,2024-02-13,2024-01-16,2024-02-13,3255.64,586.01,3841.65,INR,approved
M001,INV000657,ORD005608,Delhivery,VINV-000657,2024-08-25,2024-08-20,2024-08-25,3579.09,644.24,4223.33,INR,approved
M001,INV000658,ORD008054,Urban Warehouse Services,VINV-000658,2024-11-19,2024-10-23,2024-11-19,2288.14,411.87,2700.01,INR,approved
M001,INV000659,ORD001313,Shiprocket,VINV-000659,2024-02-24,2024-02-02,2024-02-24,1482.74,266.89,1749.63,INR,approved
M001,INV000660,ORD004780,Xpressbees,VINV-000660,2024-07-28,2024-07-24,2024-07-28,560.1,100.82,660.92,INR,approved
M001,INV000661,ORD006403,Xpressbees,VINV-000661,2024-09-21,2024-09-18,2024-09-21,2974.43,535.4,3509.83,INR,pending
M001,INV000662,ORD002688,AdGrowth Marketing,VINV-000662,2024-04-18,2024-04-14,2024-04-18,5141.16,925.41,6066.57,INR,approved
M001,INV000663,ORD009814,Urban Warehouse Services,VINV-000663,2025-01-24,2025-01-15,2025-01-24,548.43,98.72,647.15,INR,approved
M001,INV000664,ORD006801,Xpressbees,VINV-000664,2024-10-24,2024-10-22,2024-10-24,2575.47,463.58,3039.05,INR,approved
M001,INV000665,ORD004114,Bangalore Packaging Co,VINV-000665,2024-06-09,2024-06-04,2024-06-09,351.68,63.3,414.98,INR,pending
M001,INV000666,ORD002899,BlueDart,VINV-000666,2024-05-16,2024-04-25,2024-05-16,7350.64,1323.11,8673.75,INR,approved
M001,INV000667,ORD009552,Urban Warehouse Services,VINV-000667,2025-01-12,2024-12-22,2025-01-12,33701.58,6066.29,39767.87,INR,approved
M001,INV000668,ORD009199,Shiprocket,VINV-000668,2024-12-15,2024-11-23,2024-12-15,2439.85,439.17,2879.02,INR,approved
M001,INV000669,ORD008242,Ecom Express,VINV-000669,2024-11-29,2024-10-30,2024-11-29,3587.67,645.78,4233.45,INR,disputed
M001,INV000670,VORD000025,Shiprocket,VINV-000670,2024-02-22,2024-02-06,2024-02-22,10187.97,1833.84,12021.81,INR,approved
M001,INV000671,ORD005470,Delhivery,VINV-000671,2024-08-17,2024-07-22,2024-08-17,3847.91,692.62,4540.53,INR,approved
M001,INV000672,ORD000268,Urban Warehouse Services,VINV-000672,2024-02-07,2024-02-01,2024-02-07,5286.14,951.51,6237.65,INR,approved
M001,INV000673,ORD007691,Urban Warehouse Services,VINV-000673,2024-11-13,2024-10-27,2024-11-13,6405.02,1152.9,7557.92,INR,pending
M001,INV000674,VORD000052,Cashfree Fees,VINV-000674,2024-08-22,2024-08-06,2024-08-22,23726.59,4270.79,27997.38,INR,approved
M001,INV000675,ORD004799,Shiprocket,VINV-000675,2024-07-10,2024-07-03,2024-07-10,3797.06,683.47,4480.53,INR,approved
M001,INV000676,ORD002992,Bangalore Packaging Co,VINV-000676,2024-05-12,2024-05-11,2024-05-12,1331.31,239.63,1570.94,INR,approved
M001,INV000677,VORD000006,Ecom Express,VINV-000677,2024-07-08,2024-07-06,2024-07-08,7792.72,1402.69,9195.41,INR,approved
M001,INV000678,ORD008878,Urban Warehouse Services,VINV-000678,2024-12-17,2024-12-04,2024-12-17,2374.17,427.35,2801.52,INR,pending
M001,INV000679,ORD007288,Cashfree Fees,VINV-000679,2024-10-16,2024-09-18,2024-10-16,6416.56,1154.98,7571.54,INR,pending
M001,INV000680,ORD004352,AdGrowth Marketing,VINV-000680,2024-07-11,2024-06-20,2024-07-11,3352.29,603.41,3955.7,INR,approved
M001,INV000681,ORD002839,Xpressbees,VINV-000681,2024-05-08,2024-04-08,2024-05-08,8249.17,1484.85,9734.02,INR,approved
M001,INV000682,ORD007614,Delhivery,VINV-000682,2024-11-08,2024-10-16,2024-11-08,4179.96,752.39,4932.35,INR,approved
M001,INV000683,ORD003832,Urban Warehouse Services,VINV-000683,2024-06-03,2024-05-15,2024-06-03,2050.49,369.09,2419.58,INR,approved
M001,INV000684,ORD006050,Xpressbees,VINV-000684,2024-09-07,2024-09-04,2024-09-07,2876.94,517.85,3394.79,INR,pending
M001,INV000685,ORD003994,Bangalore Packaging Co,VINV-000685,2024-06-14,2024-05-17,2024-06-14,5177.27,931.91,6109.18,INR,pending
M001,INV000686,ORD008737,Ecom Express,VINV-000686,2024-11-30,2024-11-13,2024-11-30,6735.0,1212.3,7947.3,INR,pending
M001,INV000687,ORD008535,BlueDart,VINV-000687,2024-11-27,2024-11-15,2024-11-27,2467.91,444.22,2912.13,INR,approved
M001,INV000688,ORD005360,Shiprocket,VINV-000688,2024-08-30,2024-08-02,2024-08-30,5319.89,957.58,6277.47,INR,approved
M001,INV000689,ORD003483,Delhivery,VINV-000689,2024-05-20,2024-05-01,2024-05-20,5524.53,994.42,6518.95,INR,approved
M001,INV000690,ORD006268,Ecom Express,VINV-000690,2024-09-22,2024-09-17,2024-09-22,1565.37,281.77,1847.14,INR,pending
M001,INV000691,ORD006515,Delhivery,VINV-000691,2024-10-17,2024-10-09,2024-10-17,4562.83,821.31,5384.14,INR,approved
M001,INV000692,ORD009037,Urban Warehouse Services,VINV-000692,2024-12-07,2024-11-18,2024-12-07,3548.23,638.68,4186.91,INR,approved
M001,INV000693,ORD003502,Delhivery,VINV-000693,2024-05-11,2024-04-26,2024-05-11,3896.53,701.38,4597.91,INR,pending
M001,INV000694,ORD003054,Delhivery,VINV-000694,2024-04-27,2024-04-09,2024-04-27,9102.18,1638.39,10740.57,INR,pending
M001,INV000695,ORD005486,Cashfree Fees,VINV-000695,2024-08-18,2024-08-02,2024-08-18,6900.0,1242.0,8142.0,INR,approved
M001,INV000696,ORD007444,Shiprocket,VINV-000696,2024-10-22,2024-10-12,2024-10-22,1991.0,358.38,2349.38,INR,approved
M001,INV000697,ORD006478,Bangalore Packaging Co,VINV-000697,2024-10-09,2024-09-19,2024-10-09,35418.17,6375.27,41793.44,INR,approved
M001,INV000698,ORD003831,BlueDart,VINV-000698,2024-06-04,2024-05-27,2024-06-04,1241.92,223.54,1465.46,INR,disputed
M001,INV000699,ORD006777,Xpressbees,VINV-000699,2024-10-22,2024-09-27,2024-10-22,5891.75,1060.52,6952.27,INR,approved
M001,INV000700,ORD005934,Razorpay Fees,VINV-000700,2024-08-25,2024-07-26,2024-08-25,15061.92,2711.15,17773.07,INR,approved
M001,INV000701,ORD006709,AdGrowth Marketing,VINV-000701,2024-10-14,2024-10-12,2024-10-14,7320.91,1317.76,8638.67,INR,approved
M001,INV000702,ORD009212,Xpressbees,VINV-000702,2024-12-19,2024-12-18,2024-12-19,8995.22,1619.14,10614.36,INR,approved
M001,INV000703,ORD002816,Bangalore Packaging Co,VINV-000703,2024-04-24,2024-04-08,2024-04-24,4398.92,791.8,5190.72,INR,approved
M001,INV000704,ORD005468,AdGrowth Marketing,VINV-000704,2024-08-22,2024-08-05,2024-08-22,5711.58,1028.09,6739.67,INR,approved
M001,INV000705,ORD002328,Bangalore Packaging Co,VINV-000705,2024-03-29,2024-03-26,2024-03-29,6139.82,1105.17,7244.99,INR,pending
M001,INV000706,ORD001842,Bangalore Packaging Co,VINV-000706,2024-03-12,2024-03-08,2024-03-12,2989.67,538.14,3527.81,INR,approved
M001,INV000707,ORD007838,Shiprocket,VINV-000707,2024-11-25,2024-11-03,2024-11-25,5120.81,921.75,6042.56,INR,approved
M001,INV000708,ORD000404,Ecom Express,VINV-000708,2024-02-12,2024-01-14,2024-02-12,5072.22,913.0,5985.22,INR,approved
M001,INV000709,ORD001939,Urban Warehouse Services,VINV-000709,2024-03-24,2024-03-02,2024-03-24,5607.42,1009.33,6616.75,INR,approved
M001,INV000710,ORD002000,Bangalore Packaging Co,VINV-000710,2024-03-23,2024-02-27,2024-03-23,2298.96,413.81,2712.77,INR,approved
M001,INV000711,ORD003489,Bangalore Packaging Co,VINV-000711,2024-05-19,2024-05-08,2024-05-19,6402.02,1152.36,7554.38,INR,approved
M001,INV000712,ORD003079,Razorpay Fees,VINV-000712,2024-05-21,2024-05-01,2024-05-21,1373.85,247.29,1621.14,INR,approved
M001,INV000713,ORD002973,Ecom Express,VINV-000713,2024-05-13,2024-05-06,2024-05-13,5705.69,1027.03,6732.72,INR,disputed
M001,INV000714,ORD006654,Urban Warehouse Services,VINV-000714,2024-09-26,2024-09-02,2024-09-26,5110.81,919.94,6030.75,INR,approved
M001,INV000715,ORD003691,Ecom Express,VINV-000715,2024-06-11,2024-06-09,2024-06-11,5141.78,925.52,6067.3,INR,approved
M001,INV000716,VORD000085,Cashfree Fees,VINV-000716,2024-09-15,2024-08-30,2024-09-15,25115.7,4520.83,29636.53,INR,approved
M001,INV000717,ORD000155,Razorpay Fees,VINV-000717,2024-01-29,2024-01-19,2024-01-29,7582.97,1364.93,8947.9,INR,pending
M001,INV000718,ORD001561,Xpressbees,VINV-000718,2024-03-14,2024-03-13,2024-03-14,9580.4,1724.47,11304.87,INR,approved
M001,INV000719,ORD000892,Ecom Express,VINV-000719,2024-02-10,2024-01-21,2024-02-10,536.22,96.52,632.74,INR,pending
M001,INV000720,ORD003507,AdGrowth Marketing,VINV-000720,2024-05-15,2024-04-21,2024-05-15,4078.92,734.2,4813.12,INR,approved
M001,INV000721,ORD002272,Ecom Express,VINV-000721,2024-04-03,2024-03-06,2024-04-03,7271.92,1308.94,8580.86,INR,approved
M001,INV000722,ORD003162,Cashfree Fees,VINV-000722,2024-05-14,2024-05-10,2024-05-14,2770.67,498.72,3269.39,INR,approved
M001,INV000723,ORD002137,BlueDart,VINV-000723,2024-03-25,2024-03-20,2024-03-25,1937.93,348.83,2286.76,INR,approved
M001,INV000724,ORD006079,AdGrowth Marketing,VINV-000724,2024-09-15,2024-09-12,2024-09-15,3864.44,695.6,4560.04,INR,pending
M001,INV000725,ORD001632,Shiprocket,VINV-000725,2024-03-01,2024-02-20,2024-03-01,1360.29,244.85,1605.14,INR,approved
M001,INV000726,ORD003663,Cashfree Fees,VINV-000726,2024-06-09,2024-06-04,2024-06-09,630.89,113.56,744.45,INR,approved
M001,INV000727,ORD007831,Ecom Express,VINV-000727,2024-11-12,2024-10-13,2024-11-12,1327.68,238.98,1566.66,INR,pending
M001,INV000728,ORD008575,AdGrowth Marketing,VINV-000728,2024-12-01,2024-11-13,2024-12-01,552.6,99.47,652.07,INR,approved
M001,INV000729,ORD009876,Xpressbees,VINV-000729,2025-01-10,2024-12-25,2025-01-10,4009.58,721.72,4731.3,INR,pending
M001,INV000730,VORD000063,Ecom Express,VINV-000730,2024-04-04,2024-03-24,2024-04-04,27105.46,4878.98,31984.44,INR,approved
M001,INV000731,VORD000082,Shiprocket,VINV-000731,2024-06-23,2024-05-24,2024-06-23,8008.99,1441.62,9450.61,INR,pending
M001,INV000732,ORD001384,Shiprocket,VINV-000732,2024-03-10,2024-02-21,2024-03-10,5770.2,1038.64,6808.84,INR,pending
M001,INV000733,ORD008374,Shiprocket,VINV-000733,2024-11-17,2024-11-02,2024-11-17,884.08,159.14,1043.22,INR,pending
M001,INV000734,ORD003888,Cashfree Fees,VINV-000734,2024-06-11,2024-06-06,2024-06-11,6058.93,1090.61,7149.54,INR,approved
M001,INV000735,ORD008589,Shiprocket,VINV-000735,2024-11-21,2024-11-13,2024-11-21,5715.8,1028.84,6744.64,INR,approved
M001,INV000736,ORD000734,Delhivery,VINV-000736,2024-02-01,2024-01-18,2024-02-01,4266.52,767.97,5034.49,INR,approved
M001,INV000737,ORD005127,Delhivery,VINV-000737,2024-08-10,2024-07-12,2024-08-10,4858.37,874.51,5732.88,INR,approved
M001,INV000738,ORD009896,Xpressbees,VINV-000738,2025-01-18,2024-12-27,2025-01-18,9010.31,1621.86,10632.17,INR,approved
M001,INV000739,ORD006891,Razorpay Fees,VINV-000739,2024-10-09,2024-10-01,2024-10-09,6422.18,1155.99,7578.17,INR,approved
M001,INV000740,ORD005366,Ecom Express,VINV-000740,2024-08-14,2024-08-10,2024-08-14,2987.42,537.74,3525.16,INR,pending
M001,INV000741,ORD000361,Xpressbees,VINV-000741,2024-02-09,2024-02-03,2024-02-09,1877.72,337.99,2215.71,INR,approved
M001,INV000742,ORD004246,Cashfree Fees,VINV-000742,2024-06-10,2024-05-29,2024-06-10,6774.0,1219.32,7993.32,INR,approved
M001,INV000743,ORD003382,AdGrowth Marketing,VINV-000743,2024-05-07,2024-05-06,2024-05-07,7256.97,1306.26,8563.23,INR,disputed
M001,INV000744,ORD005128,Xpressbees,VINV-000744,2024-07-28,2024-06-28,2024-07-28,4614.83,830.67,5445.5,INR,pending
M001,INV000745,ORD006087,Delhivery,VINV-000745,2024-09-05,2024-08-25,2024-09-05,1044.21,187.96,1232.17,INR,approved
M001,INV000746,ORD001049,Urban Warehouse Services,VINV-000746,2024-02-23,2024-02-01,2024-02-23,8558.48,1540.53,10099.01,INR,approved
M001,INV000747,ORD005898,Urban Warehouse Services,VINV-000747,2024-08-28,2024-08-09,2024-08-28,6160.95,1108.97,7269.92,INR,rejected
M001,INV000748,ORD008480,Shiprocket,VINV-000748,2024-12-13,2024-12-06,2024-12-13,7172.38,1291.03,8463.41,INR,pending
M001,INV000749,ORD004570,Urban Warehouse Services,VINV-000749,2024-07-21,2024-07-07,2024-07-21,1968.43,354.32,2322.75,INR,pending
M001,INV000750,ORD001524,Xpressbees,VINV-000750,2024-03-06,2024-02-13,2024-03-06,4101.75,738.31,4840.06,INR,rejected
M001,INV000751,ORD000476,AdGrowth Marketing,VINV-000751,2024-01-28,2024-01-19,2024-01-28,5764.28,1037.57,6801.85,INR,approved
M001,INV000752,ORD004644,Xpressbees,VINV-002957,2024-07-05,2024-06-08,2024-07-05,2738.58,492.94,3231.52,INR,approved
M001,INV000753,ORD003318,BlueDart,VINV-000753,2024-05-21,2024-05-16,2024-05-21,1435.42,258.37,1693.79,INR,approved
M001,INV000754,ORD008880,Cashfree Fees,VINV-000754,2024-12-12,2024-11-29,2024-12-12,3691.18,664.41,4355.59,INR,approved
M001,INV000755,ORD007827,Bangalore Packaging Co,VINV-000755,2024-11-22,2024-10-31,2024-11-22,7669.01,1380.42,9049.43,INR,pending
M001,INV000756,ORD005872,BlueDart,VINV-000756,2024-08-28,2024-08-22,2024-08-28,9121.83,1641.93,10763.76,INR,approved
M001,INV000757,ORD001643,Bangalore Packaging Co,VINV-000757,2024-03-11,2024-02-19,2024-03-11,6385.81,1149.44,7535.25,INR,approved
M001,INV000758,ORD004411,Shiprocket,VINV-000758,2024-07-15,2024-07-09,2024-07-15,7199.48,1295.91,8495.39,INR,approved
M001,INV000759,ORD000548,Xpressbees,VINV-000759,2024-02-02,2024-01-09,2024-02-02,4573.01,823.14,5396.15,INR,approved
M001,INV000760,ORD002114,Razorpay Fees,VINV-000760,2024-04-14,2024-03-26,2024-04-14,8535.74,1536.43,10072.17,INR,approved
M001,INV000761,ORD001724,Cashfree Fees,VINV-000761,2024-03-13,2024-02-14,2024-03-13,5572.41,1003.03,6575.44,INR,approved
M001,INV000762,ORD003869,Shiprocket,VINV-000762,2024-06-21,2024-06-18,2024-06-21,1547.14,278.48,1825.62,INR,pending
M001,INV000763,ORD006911,Shiprocket,VINV-000763,2024-10-23,2024-10-10,2024-10-23,1994.88,359.08,2353.96,INR,pending
M001,INV000764,ORD009379,Xpressbees,VINV-000764,2025-01-07,2024-12-19,2025-01-07,6671.91,1200.94,7872.85,INR,pending
M001,INV000765,ORD006878,Delhivery,VINV-000765,2024-10-30,2024-09-30,2024-10-30,7259.91,1306.78,8566.69,INR,approved
M001,INV000766,ORD001833,Ecom Express,VINV-000766,2024-04-01,2024-03-18,2024-04-01,3863.59,695.45,4559.04,INR,disputed
M001,INV000767,ORD009427,Bangalore Packaging Co,VINV-000767,2024-12-31,2024-12-25,2024-12-31,2582.61,464.87,3047.48,INR,disputed
M001,INV000768,ORD003932,Bangalore Packaging Co,VINV-000768,2024-06-02,2024-05-21,2024-06-02,4011.39,722.05,4733.44,INR,approved
M001,INV000769,ORD006654,Urban Warehouse Services,VINV-000769,2024-10-03,2024-09-11,2024-10-03,5207.86,937.41,6145.27,INR,approved
M001,INV000770,VORD000099,BlueDart,VINV-000770,2024-03-12,2024-02-27,2024-03-12,31349.92,5642.98,36992.9,INR,approved
M001,INV000771,ORD002650,Shiprocket,VINV-000771,2024-04-30,2024-04-06,2024-04-30,1684.88,303.28,1988.16,INR,pending
M001,INV000772,ORD009434,Shiprocket,VINV-000772,2025-01-03,2024-12-15,2025-01-03,3523.86,634.3,4158.16,INR,approved
M001,INV000773,ORD001003,Xpressbees,VINV-000773,2024-02-09,2024-01-30,2024-02-09,5806.7,1045.21,6851.91,INR,approved
M001,INV000774,ORD007249,Cashfree Fees,VINV-000774,2024-11-01,2024-10-03,2024-11-01,6607.43,1189.34,7796.77,INR,disputed
M001,INV000775,ORD002695,Ecom Express,VINV-000775,2024-05-08,2024-05-05,2024-05-08,4779.93,860.39,5640.32,INR,approved
M001,INV000776,ORD005640,Shiprocket,VINV-000776,2024-08-22,2024-08-16,2024-08-22,4673.4,841.21,5514.61,INR,pending
M001,INV000777,ORD003856,Razorpay Fees,VINV-000777,2024-06-01,2024-05-16,2024-06-01,2266.59,407.99,2674.58,INR,pending
M001,INV000778,ORD004272,Cashfree Fees,VINV-000778,2024-07-04,2024-06-25,2024-07-04,479.55,86.32,565.87,INR,approved
M001,INV000779,ORD004443,AdGrowth Marketing,VINV-000779,2024-07-11,2024-06-18,2024-07-11,7797.05,1403.47,9200.52,INR,approved
M001,INV000780,ORD001534,AdGrowth Marketing,VINV-000780,2024-03-23,2024-03-11,2024-03-23,3824.81,688.46,4513.27,INR,disputed
M001,INV000781,ORD008114,Ecom Express,VINV-000781,2024-11-24,2024-11-23,2024-11-24,3585.68,645.42,4231.1,INR,approved
M001,INV000782,ORD002620,Cashfree Fees,VINV-000782,2024-04-09,2024-04-05,2024-04-09,4975.66,895.62,5871.28,INR,approved
M001,INV000783,ORD007723,Ecom Express,VINV-000783,2024-11-05,2024-10-31,2024-11-05,1342.66,241.68,1584.34,INR,approved
M001,INV000784,ORD002704,Razorpay Fees,VINV-000784,2024-04-25,2024-04-21,2024-04-25,2312.66,416.28,2728.94,INR,approved
M001,INV000785,ORD007178,Urban Warehouse Services,VINV-000785,2024-10-16,2024-09-26,2024-10-16,1460.06,262.81,1722.87,INR,approved
M001,INV000786,ORD009096,Xpressbees,VINV-000786,2024-12-15,2024-12-07,2024-12-15,981.72,176.71,1158.43,INR,disputed
M001,INV000787,ORD009077,BlueDart,VINV-000787,2024-12-08,2024-12-02,2024-12-08,4029.42,725.29,4754.71,INR,approved
M001,INV000788,ORD005740,Xpressbees,VINV-000788,2024-08-24,2024-08-13,2024-08-24,1952.31,351.41,2303.72,INR,approved
M001,INV000789,ORD002339,Urban Warehouse Services,VINV-000789,2024-04-06,2024-03-14,2024-04-06,8400.14,1512.02,9912.16,INR,approved
M001,INV000790,VORD000075,Xpressbees,VINV-000790,2024-02-08,2024-01-12,2024-02-08,13615.52,2450.79,16066.31,INR,pending
M001,INV000791,ORD005728,Cashfree Fees,VINV-000791,2024-08-17,2024-07-30,2024-08-17,13151.53,2367.28,15518.81,INR,approved
M001,INV000792,ORD005092,Xpressbees,VINV-000792,2024-08-01,2024-07-27,2024-08-01,2965.6,533.81,3499.41,INR,pending
M001,INV000793,ORD005963,AdGrowth Marketing,VINV-000793,2024-09-20,2024-08-22,2024-09-20,10507.41,1891.33,12398.74,INR,approved
M001,INV000794,ORD000805,Cashfree Fees,VINV-000794,2024-01-28,2024-01-23,2024-01-28,6695.83,1205.25,7901.08,INR,approved
M001,INV000795,ORD007811,AdGrowth Marketing,VINV-000795,2024-11-16,2024-11-02,2024-11-16,6336.89,1140.64,7477.53,INR,approved
M001,INV000796,ORD008783,Razorpay Fees,VINV-000796,2024-12-05,2024-11-12,2024-12-05,22590.68,4066.32,26657.0,INR,approved
M001,INV000797,ORD009108,Urban Warehouse Services,VINV-000797,2024-12-04,2024-11-10,2024-12-04,911.45,164.06,1075.51,INR,approved
M001,INV000798,ORD000950,Bangalore Packaging Co,VINV-000798,2024-02-14,2024-02-12,2024-02-14,659.74,118.75,778.49,INR,approved
M001,INV000799,ORD002389,Urban Warehouse Services,VINV-000799,2024-04-19,2024-03-21,2024-04-19,3390.46,610.28,4000.74,INR,approved
M001,INV000800,ORD004984,Shiprocket,VINV-000800,2024-07-20,2024-07-06,2024-07-20,6940.47,1249.29,8189.76,INR,disputed
M001,INV000801,ORD002315,Xpressbees,VINV-000801,2024-04-07,2024-03-16,2024-04-07,3501.78,630.32,4132.1,INR,approved
M001,INV000802,ORD007452,Delhivery,VINV-000802,2024-11-09,2024-10-20,2024-11-09,8155.34,1467.96,9623.3,INR,pending
M001,INV000803,ORD005434,AdGrowth Marketing,VINV-000803,2024-08-30,2024-08-04,2024-08-30,2540.97,457.37,2998.34,INR,rejected
M001,INV000804,ORD004274,Ecom Express,VINV-000804,2024-07-04,2024-06-14,2024-07-04,5063.42,911.42,5974.84,INR,approved
M001,INV000805,ORD001556,Delhivery,VINV-000805,2024-03-11,2024-02-20,2024-03-11,7071.45,1272.86,8344.31,INR,approved
M001,INV000806,ORD001832,Delhivery,VINV-000806,2024-04-01,2024-03-19,2024-04-01,3955.3,711.95,4667.25,INR,approved
M001,INV000807,ORD008274,Bangalore Packaging Co,VINV-000807,2024-11-13,2024-10-25,2024-11-13,2902.49,522.45,3424.94,INR,disputed
M001,INV000808,ORD009141,Urban Warehouse Services,VINV-000808,2024-12-16,2024-12-04,2024-12-16,5204.45,936.8,6141.25,INR,approved
M001,INV000809,ORD005062,Ecom Express,VINV-000809,2024-07-23,2024-07-05,2024-07-23,8426.39,1516.75,9943.14,INR,pending
M001,INV000810,ORD001103,Xpressbees,VINV-000810,2024-02-14,2024-02-13,2024-02-14,961.61,173.09,1134.7,INR,approved
M001,INV000811,ORD002823,Bangalore Packaging Co,VINV-000811,2024-05-11,2024-05-04,2024-05-11,1267.77,228.2,1495.97,INR,approved
M001,INV000812,ORD006306,Xpressbees,VINV-000812,2024-09-24,2024-09-01,2024-09-24,2424.08,436.34,2860.42,INR,approved
M001,INV000813,ORD008695,BlueDart,VINV-000813,2024-11-29,2024-10-30,2024-11-29,3197.79,575.6,3773.39,INR,approved
M001,INV000814,ORD002800,Urban Warehouse Services,VINV-000814,2024-04-29,2024-03-31,2024-04-29,4151.22,747.22,4898.44,INR,approved
M001,INV000815,ORD000368,Ecom Express,VINV-000815,2024-02-11,2024-01-17,2024-02-11,7203.95,1296.71,8500.66,INR,approved
M001,INV000816,ORD002687,Razorpay Fees,VINV-000816,2024-04-14,2024-04-12,2024-04-14,2794.0,502.92,3296.92,INR,pending
M001,INV000817,ORD003146,Cashfree Fees,VINV-000817,2024-05-10,2024-04-20,2024-05-10,2309.5,415.71,2725.21,INR,approved
M001,INV000818,ORD008660,Bangalore Packaging Co,VINV-000818,2024-12-18,2024-11-24,2024-12-18,4121.75,741.92,4863.67,INR,approved
M001,INV000819,ORD005543,Ecom Express,VINV-000819,2024-09-04,2024-09-01,2024-09-04,4924.51,886.41,5810.92,INR,pending
M001,INV000820,ORD004111,Urban Warehouse Services,VINV-000820,2024-06-22,2024-06-08,2024-06-22,571.6,102.89,674.49,INR,approved
M001,INV000821,ORD005323,AdGrowth Marketing,VINV-000821,2024-08-10,2024-08-09,2024-08-10,6727.64,1210.97,7938.61,INR,approved
M001,INV000822,ORD000514,Shiprocket,VINV-000822,2024-01-31,2024-01-01,2024-01-31,1826.94,328.85,2155.79,INR,approved
M001,INV000823,ORD002696,Razorpay Fees,VINV-000823,2024-05-02,2024-04-06,2024-05-02,1530.28,275.45,1805.73,INR,approved
M001,INV000824,ORD008939,BlueDart,VINV-000824,2024-12-01,2024-11-09,2024-12-01,5501.71,990.31,6492.02,INR,approved
M001,INV000825,ORD003013,Urban Warehouse Services,VINV-000825,2024-05-09,2024-04-13,2024-05-09,5937.22,1068.7,7005.92,INR,approved
M001,INV000826,ORD007870,Ecom Express,VINV-000826,2024-11-24,2024-11-23,2024-11-24,945.93,170.27,1116.2,INR,approved
M001,INV000827,ORD002066,Ecom Express,VINV-000306,2024-03-20,2024-02-29,2024-03-20,766.69,138.01,904.7,INR,approved
M001,INV000828,ORD000920,Cashfree Fees,VINV-000828,2024-02-11,2024-01-18,2024-02-11,7626.2,1372.72,8998.92,INR,pending
M001,INV000829,ORD005310,Urban Warehouse Services,VINV-000829,2024-08-02,2024-07-20,2024-08-02,4497.06,809.47,5306.53,INR,pending
M001,INV000830,ORD003134,Razorpay Fees,VINV-000830,2024-05-02,2024-04-15,2024-05-02,3844.72,692.05,4536.77,INR,approved
M001,INV000831,ORD003350,Delhivery,VINV-000831,2024-05-06,2024-04-11,2024-05-06,4481.52,806.67,5288.19,INR,pending
M001,INV000832,ORD007537,Razorpay Fees,VINV-000832,2024-11-01,2024-10-23,2024-11-01,3225.51,580.59,3806.1,INR,approved
M001,INV000833,ORD005798,Shiprocket,VINV-000833,2024-08-31,2024-08-09,2024-08-31,1128.01,203.04,1331.05,INR,approved
M001,INV000834,ORD002444,Bangalore Packaging Co,VINV-000834,2024-04-12,2024-04-09,2024-04-12,1938.8,348.98,2287.78,INR,pending
M001,INV000835,ORD003089,Bangalore Packaging Co,VINV-000835,2024-04-29,2024-04-03,2024-04-29,958.42,172.51,1130.93,INR,approved
M001,INV000836,ORD000889,Bangalore Packaging Co,VINV-000836,2024-02-01,2024-01-19,2024-02-01,2260.14,406.83,2666.97,INR,approved
M001,INV000837,ORD005373,Cashfree Fees,VINV-000837,2024-08-24,2024-08-09,2024-08-24,5313.12,956.36,6269.48,INR,rejected
M001,INV000838,ORD000696,Delhivery,VINV-000838,2024-02-01,2024-01-15,2024-02-01,5054.38,909.79,5964.17,INR,approved
M001,INV000839,ORD002012,Bangalore Packaging Co,VINV-000839,2024-03-19,2024-03-02,2024-03-19,3869.81,696.56,4566.37,INR,rejected
M001,INV000840,ORD001146,Delhivery,VINV-000840,2024-02-24,2024-01-31,2024-02-24,3452.79,621.5,4074.29,INR,approved
M001,INV000841,ORD000745,Ecom Express,VINV-000841,2024-01-25,2024-01-19,2024-01-25,2947.57,530.56,3478.13,INR,approved
M001,INV000842,ORD009699,Urban Warehouse Services,VINV-000842,2025-01-14,2024-12-24,2025-01-14,4003.07,720.55,4723.62,INR,approved
M001,INV000843,ORD004969,BlueDart,VINV-000843,2024-07-14,2024-06-26,2024-07-14,3048.94,548.81,3597.75,INR,disputed
M001,INV000844,ORD008635,AdGrowth Marketing,VINV-000844,2024-12-09,2024-11-10,2024-12-09,2141.64,385.5,2527.14,INR,approved
M001,INV000845,ORD003844,Ecom Express,VINV-000845,2024-06-15,2024-05-30,2024-06-15,6523.3,1174.19,7697.49,INR,approved
M001,INV000846,ORD003879,Delhivery,VINV-000846,2024-06-21,2024-06-10,2024-06-21,21779.44,3920.3,25699.74,INR,approved
M001,INV000847,ORD007958,Ecom Express,VINV-000847,2024-11-23,2024-11-02,2024-11-23,4072.86,733.12,4805.98,INR,approved
M001,INV000848,ORD002551,Xpressbees,VINV-000848,2024-05-05,2024-05-01,2024-05-05,9152.8,1647.5,10800.3,INR,approved
M001,INV000849,ORD005513,Cashfree Fees,VINV-000849,2024-08-28,2024-08-21,2024-08-28,7153.14,1287.57,8440.71,INR,approved
M001,INV000850,ORD001403,Urban Warehouse Services,VINV-000850,2024-02-19,2024-02-12,2024-02-19,6936.93,1248.65,8185.58,INR,pending
M001,INV000851,ORD000991,Ecom Express,VINV-000851,2024-02-12,2024-02-11,2024-02-12,1293.28,232.79,1526.07,INR,disputed
M001,INV000852,ORD001380,Cashfree Fees,VINV-000852,2024-03-10,2024-02-17,2024-03-10,8071.06,1452.79,9523.85,INR,rejected
M001,INV000853,ORD008785,AdGrowth Marketing,VINV-000853,2024-12-09,2024-11-17,2024-12-09,6018.12,1083.26,7101.38,INR,approved
M001,INV000854,ORD001137,Urban Warehouse Services,VINV-000854,2024-02-20,2024-02-08,2024-02-20,1852.52,333.45,2185.97,INR,disputed
M001,INV000855,ORD002361,Razorpay Fees,VINV-000855,2024-04-19,2024-03-22,2024-04-19,8324.08,1498.34,9822.42,INR,approved
M001,INV000856,ORD009146,Delhivery,VINV-000856,2025-01-01,2024-12-04,2025-01-01,3046.96,548.45,3595.41,INR,approved
M001,INV000857,ORD009754,AdGrowth Marketing,VINV-000857,2025-01-06,2024-12-19,2025-01-06,4484.54,807.22,5291.76,INR,disputed
M001,INV000858,ORD004577,AdGrowth Marketing,VINV-000858,2024-07-10,2024-06-10,2024-07-10,886.36,159.55,1045.91,INR,disputed
M001,INV000859,ORD002745,AdGrowth Marketing,VINV-000859,2024-05-06,2024-04-08,2024-05-06,3763.56,677.44,4441.0,INR,approved
M001,INV000860,ORD006881,Cashfree Fees,VINV-000860,2024-10-11,2024-10-07,2024-10-11,8122.19,1461.99,9584.18,INR,approved
M001,INV000861,ORD000969,Shiprocket,VINV-000861,2024-02-16,2024-02-03,2024-02-16,5670.81,1020.75,6691.56,INR,approved
M001,INV000862,ORD003420,Cashfree Fees,VINV-000862,2024-05-27,2024-05-19,2024-05-27,2988.66,537.96,3526.62,INR,approved
M001,INV000863,ORD006507,Cashfree Fees,VINV-000863,2024-09-23,2024-08-25,2024-09-23,2551.84,459.33,3011.17,INR,approved
M001,INV000864,ORD004949,Ecom Express,VINV-000864,2024-08-08,2024-07-27,2024-08-08,3273.25,589.19,3862.44,INR,approved
M001,INV000865,ORD007942,AdGrowth Marketing,VINV-000865,2024-11-05,2024-10-23,2024-11-05,5333.35,960.0,6293.35,INR,approved
M001,INV000866,ORD004711,Cashfree Fees,VINV-000866,2024-07-03,2024-06-17,2024-07-03,3250.4,585.07,3835.47,INR,approved
M001,INV000867,ORD003447,Bangalore Packaging Co,VINV-000867,2024-05-10,2024-04-26,2024-05-10,3361.33,605.04,3966.37,INR,approved
M001,INV000868,ORD000028,Razorpay Fees,VINV-000868,2024-01-31,2024-01-12,2024-01-31,4888.41,879.91,5768.32,INR,approved
M001,INV000869,ORD000411,AdGrowth Marketing,VINV-000869,2024-01-29,2024-01-12,2024-01-29,39595.94,7127.27,46723.21,INR,approved
M001,INV000870,ORD006927,Cashfree Fees,VINV-000870,2024-10-04,2024-09-04,2024-10-04,479.56,86.32,565.88,INR,approved
M001,INV000871,ORD009143,Shiprocket,VINV-000871,2024-12-14,2024-12-01,2024-12-14,5974.69,1075.45,7050.14,INR,approved
M001,INV000872,ORD002051,Delhivery,VINV-001751,2024-04-06,2024-03-13,2024-04-06,5770.15,1038.63,6808.78,INR,approved
M001,INV000873,ORD000868,Ecom Express,VINV-000873,2024-01-31,2024-01-12,2024-01-31,6353.58,1143.64,7497.22,INR,approved
M001,INV000874,ORD006419,Shiprocket,VINV-000874,2024-09-17,2024-08-20,2024-09-17,6562.64,1181.27,7743.91,INR,pending
M001,INV000875,ORD009305,Delhivery,VINV-000875,2024-12-13,2024-12-10,2024-12-13,1164.55,209.62,1374.17,INR,approved
M001,INV000876,ORD001969,Shiprocket,VINV-000876,2024-04-03,2024-03-23,2024-04-03,4487.47,807.74,5295.21,INR,approved
M001,INV000877,ORD000755,Shiprocket,VINV-000877,2024-02-13,2024-01-29,2024-02-13,3552.29,639.41,4191.7,INR,approved
M001,INV000878,ORD003443,Xpressbees,VINV-000878,2024-06-07,2024-05-10,2024-06-07,6451.42,1161.25,7612.67,INR,approved
M001,INV000879,ORD006833,Cashfree Fees,VINV-000879,2024-10-15,2024-09-21,2024-10-15,6339.7,1141.15,7480.85,INR,approved
M001,INV000880,ORD002628,Urban Warehouse Services,VINV-000880,2024-05-07,2024-04-20,2024-05-07,2807.04,505.27,3312.31,INR,approved
M001,INV000881,ORD007026,Xpressbees,VINV-000881,2024-10-25,2024-10-18,2024-10-25,5340.79,961.34,6302.13,INR,approved
M001,INV000882,ORD007715,Razorpay Fees,VINV-000882,2024-10-27,2024-10-19,2024-10-27,7985.11,1437.32,9422.43,INR,disputed
M001,INV000883,ORD005795,Bangalore Packaging Co,VINV-000883,2024-09-13,2024-08-17,2024-09-13,3933.26,707.99,4641.25,INR,approved
M001,INV000884,ORD000979,Shiprocket,VINV-000884,2024-02-26,2024-02-22,2024-02-26,4282.47,770.85,5053.32,INR,approved
M001,INV000885,ORD006858,Xpressbees,VINV-000885,2024-10-05,2024-09-20,2024-10-05,3063.25,551.38,3614.63,INR,pending
M001,INV000886,ORD002978,BlueDart,VINV-000886,2024-05-05,2024-04-07,2024-05-05,2500.01,450.0,2950.01,INR,pending
M001,INV000887,ORD008607,BlueDart,VINV-000887,2024-11-28,2024-11-10,2024-11-28,775.51,139.59,915.1,INR,pending
M001,INV000888,ORD003808,Urban Warehouse Services,VINV-000888,2024-05-26,2024-05-25,2024-05-26,4510.36,811.86,5322.22,INR,approved
M001,INV000889,ORD009725,Ecom Express,VINV-000889,2025-01-15,2024-12-26,2025-01-15,1470.98,264.78,1735.76,INR,approved
M001,INV000890,ORD009174,Delhivery,VINV-000890,2024-12-25,2024-12-16,2024-12-25,5829.14,1049.24,6878.38,INR,approved
M001,INV000891,ORD009666,Delhivery,VINV-000891,2024-12-30,2024-12-17,2024-12-30,4059.91,730.78,4790.69,INR,approved
M001,INV000892,ORD008548,Razorpay Fees,VINV-000892,2024-11-30,2024-11-19,2024-11-30,487.22,87.7,574.92,INR,approved
M001,INV000893,ORD006701,Shiprocket,VINV-000893,2024-10-17,2024-09-28,2024-10-17,5571.05,1002.79,6573.84,INR,pending
M001,INV000894,ORD007295,Razorpay Fees,VINV-000894,2024-10-16,2024-10-12,2024-10-16,7674.69,1381.44,9056.13,INR,approved
M001,INV000895,ORD005513,Delhivery,VINV-000895,2024-08-11,2024-08-08,2024-08-11,7158.12,1288.46,8446.58,INR,approved
M001,INV000896,ORD009119,Shiprocket,VINV-000896,2024-12-28,2024-12-22,2024-12-28,4298.12,773.66,5071.78,INR,approved
M001,INV000897,ORD006273,Bangalore Packaging Co,VINV-000897,2024-10-06,2024-09-23,2024-10-06,2216.71,399.01,2615.72,INR,approved
M001,INV000898,ORD008399,Razorpay Fees,VINV-000898,2024-11-21,2024-10-28,2024-11-21,1463.59,263.45,1727.04,INR,disputed
M001,INV000899,ORD005001,Ecom Express,VINV-000899,2024-08-08,2024-07-12,2024-08-08,4692.24,844.6,5536.84,INR,approved
M001,INV000900,ORD002830,Ecom Express,VINV-000900,2024-05-08,2024-04-12,2024-05-08,3364.36,605.58,3969.94,INR,approved
M001,INV000901,ORD003392,BlueDart,VINV-000901,2024-05-19,2024-05-17,2024-05-19,5319.97,957.59,6277.56,INR,approved
M001,INV000902,ORD008805,Xpressbees,VINV-000902,2024-12-12,2024-11-26,2024-12-12,2519.42,453.5,2972.92,INR,approved
M001,INV000903,ORD000829,Shiprocket,VINV-000903,2024-01-29,2024-01-18,2024-01-29,473.36,85.21,558.57,INR,approved
M001,INV000904,ORD006443,AdGrowth Marketing,VINV-000904,2024-09-23,2024-09-17,2024-09-23,2326.27,418.73,2745.0,INR,approved
M001,INV000905,ORD000160,Xpressbees,VINV-000905,2024-01-20,2024-01-01,2024-01-20,6598.86,1187.79,7786.65,INR,pending
M001,INV000906,ORD005508,Ecom Express,VINV-000906,2024-08-28,2024-08-20,2024-08-28,821.63,147.89,969.52,INR,approved
M001,INV000907,ORD002458,AdGrowth Marketing,VINV-000907,2024-04-13,2024-04-02,2024-04-13,5302.64,954.47,6257.11,INR,pending
M001,INV000908,ORD000093,Bangalore Packaging Co,VINV-000908,2024-01-23,2024-01-10,2024-01-23,3797.97,683.63,4481.6,INR,approved
M001,INV000909,ORD006985,AdGrowth Marketing,VINV-000909,2024-10-15,2024-09-19,2024-10-15,719.29,129.47,848.76,INR,approved
M001,INV000910,ORD000494,BlueDart,VINV-000910,2024-02-01,2024-01-13,2024-02-01,26875.0,4837.5,31712.5,INR,approved
M001,INV000911,ORD004113,Cashfree Fees,VINV-000911,2024-06-22,2024-06-02,2024-06-22,3490.71,628.33,4119.04,INR,approved
M001,INV000912,ORD008234,Bangalore Packaging Co,VINV-000912,2024-12-01,2024-11-04,2024-12-01,9619.25,1731.46,11350.71,INR,approved
M001,INV000913,ORD001248,Razorpay Fees,VINV-000913,2024-02-29,2024-02-27,2024-02-29,2535.89,456.46,2992.35,INR,approved
M001,INV000914,ORD009382,Razorpay Fees,VINV-000914,2024-12-14,2024-11-15,2024-12-14,1643.18,295.77,1938.95,INR,pending
M001,INV000915,ORD005413,Urban Warehouse Services,VINV-000915,2024-08-20,2024-07-26,2024-08-20,2906.31,523.14,3429.45,INR,approved
M001,INV000916,VORD000035,Xpressbees,VINV-000916,2024-08-07,2024-07-16,2024-08-07,11474.19,2065.35,13539.54,INR,approved
M001,INV000917,VORD000045,BlueDart,VINV-000917,2024-11-25,2024-10-27,2024-11-25,13068.71,2352.37,15421.08,INR,approved
M001,INV000918,ORD008150,Xpressbees,VINV-000918,2024-11-22,2024-10-28,2024-11-22,4559.98,820.8,5380.78,INR,approved
M001,INV000919,ORD004345,AdGrowth Marketing,VINV-000919,2024-07-12,2024-06-13,2024-07-12,9977.11,1795.88,11772.99,INR,pending
M001,INV000920,ORD001247,Xpressbees,VINV-000920,2024-03-04,2024-03-01,2024-03-04,1134.88,204.28,1339.16,INR,approved
M001,INV000921,ORD008039,Shiprocket,VINV-000921,2024-11-29,2024-11-26,2024-11-29,4438.75,798.97,5237.72,INR,pending
M001,INV000922,ORD006185,Bangalore Packaging Co,VINV-000282,2024-09-14,2024-09-11,2024-09-14,5391.86,970.53,6362.39,INR,approved
M001,INV000923,ORD000162,Urban Warehouse Services,VINV-000923,2024-01-28,2024-01-26,2024-01-28,4426.32,796.74,5223.06,INR,approved
M001,INV000924,ORD002143,Shiprocket,VINV-000924,2024-04-07,2024-03-21,2024-04-07,4797.97,863.64,5661.61,INR,approved
M001,INV000925,ORD000519,Razorpay Fees,VINV-002600,2024-01-30,2024-01-20,2024-01-30,7533.36,1356.0,8889.36,INR,approved
M001,INV000926,VORD000069,Ecom Express,VINV-000926,2024-01-29,2023-12-31,2024-01-29,32883.07,5918.95,38802.02,INR,pending
M001,INV000927,ORD002207,Delhivery,VINV-000927,2024-04-04,2024-03-07,2024-04-04,5819.21,1047.46,6866.67,INR,approved
M001,INV000928,ORD006063,Xpressbees,VINV-000928,2024-09-14,2024-08-22,2024-09-14,2490.36,448.27,2938.63,INR,pending
M001,INV000929,ORD004213,AdGrowth Marketing,VINV-000929,2024-06-29,2024-06-11,2024-06-29,1573.14,283.16,1856.3,INR,disputed
M001,INV000930,ORD004043,Cashfree Fees,VINV-000930,2024-06-29,2024-06-15,2024-06-29,529.16,95.25,624.41,INR,pending
M001,INV000931,ORD008303,Shiprocket,VINV-000931,2024-11-22,2024-11-03,2024-11-22,4952.6,891.47,5844.07,INR,approved
M001,INV000932,VORD000055,Razorpay Fees,VINV-000932,2024-01-29,2024-01-08,2024-01-29,21681.5,3902.67,25584.17,INR,approved
M001,INV000933,ORD001920,Bangalore Packaging Co,VINV-000933,2024-04-06,2024-03-11,2024-04-06,2251.59,405.29,2656.88,INR,pending
M001,INV000934,ORD009840,Delhivery,VINV-000628,2025-01-21,2025-01-11,2025-01-21,925.25,166.54,1091.79,INR,approved
M001,INV000935,ORD002379,Ecom Express,VINV-000935,2024-04-20,2024-04-12,2024-04-20,8682.82,1562.91,10245.73,INR,pending
M001,INV000936,ORD008661,Xpressbees,VINV-000936,2024-12-01,2024-11-16,2024-12-01,1051.56,189.28,1240.84,INR,approved
M001,INV000937,ORD003599,Delhivery,VINV-000937,2024-05-16,2024-05-01,2024-05-16,713.58,128.45,842.03,INR,approved
M001,INV000938,ORD008986,Razorpay Fees,VINV-000938,2024-12-13,2024-11-19,2024-12-13,7255.42,1305.98,8561.4,INR,approved
M001,INV000939,ORD006148,Xpressbees,VINV-000939,2024-09-23,2024-09-14,2024-09-23,3242.51,583.65,3826.16,INR,approved
M001,INV000940,ORD003725,Xpressbees,VINV-000940,2024-06-14,2024-05-26,2024-06-14,2350.0,423.0,2773.0,INR,approved
M001,INV000941,ORD003273,Razorpay Fees,VINV-000941,2024-05-16,2024-05-03,2024-05-16,4990.23,898.24,5888.47,INR,approved
M001,INV000942,ORD003782,Urban Warehouse Services,VINV-000942,2024-05-30,2024-05-28,2024-05-30,7482.11,1346.78,8828.89,INR,approved
M001,INV000943,ORD009885,Xpressbees,VINV-000943,2025-01-07,2024-12-20,2025-01-07,6417.87,1155.22,7573.09,INR,approved
M001,INV000944,ORD005033,BlueDart,VINV-000944,2024-07-23,2024-07-07,2024-07-23,3893.7,700.87,4594.57,INR,approved
M001,INV000945,ORD007506,Cashfree Fees,VINV-000945,2024-10-29,2024-10-27,2024-10-29,2999.45,539.9,3539.35,INR,approved
M001,INV000946,ORD009891,BlueDart,VINV-000946,2025-01-14,2025-01-04,2025-01-14,1708.54,307.54,2016.08,INR,approved
M001,INV000947,ORD008564,BlueDart,VINV-000947,2024-12-10,2024-12-03,2024-12-10,4994.07,898.93,5893.0,INR,approved
M001,INV000948,ORD009834,Delhivery,VINV-000948,2025-01-16,2025-01-09,2025-01-16,6221.16,1119.81,7340.97,INR,approved
M001,INV000949,ORD002937,Urban Warehouse Services,VINV-000949,2024-05-19,2024-05-07,2024-05-19,442.62,79.67,522.29,INR,approved
M001,INV000950,ORD007547,Ecom Express,VINV-000950,2024-11-17,2024-10-22,2024-11-17,3819.47,687.51,4506.98,INR,rejected
M001,INV000951,ORD009028,BlueDart,VINV-000951,2024-12-23,2024-12-02,2024-12-23,4202.16,756.39,4958.55,INR,approved
M001,INV000952,ORD007166,Razorpay Fees,VINV-000952,2024-10-30,2024-10-15,2024-10-30,2982.89,536.92,3519.81,INR,approved
M001,INV000953,ORD001750,BlueDart,VINV-000953,2024-03-31,2024-03-05,2024-03-31,1895.42,341.18,2236.6,INR,approved
M001,INV000954,ORD006201,Xpressbees,VINV-000954,2024-09-11,2024-08-28,2024-09-11,5571.77,1002.92,6574.69,INR,approved
M001,INV000955,ORD003261,Urban Warehouse Services,VINV-000955,2024-05-25,2024-05-04,2024-05-25,1780.22,320.44,2100.66,INR,approved
M001,INV000956,ORD002768,BlueDart,VINV-000956,2024-04-24,2024-04-22,2024-04-24,1071.53,192.88,1264.41,INR,approved
M001,INV000957,ORD008710,Razorpay Fees,VINV-000957,2024-12-09,2024-11-14,2024-12-09,7351.17,1323.21,8674.38,INR,approved
M001,INV000958,ORD001926,Razorpay Fees,VINV-000958,2024-03-21,2024-03-11,2024-03-21,1941.51,349.47,2290.98,INR,approved
M001,INV000959,ORD009027,Bangalore Packaging Co,VINV-000959,2024-12-16,2024-12-12,2024-12-16,1017.0,183.06,1200.06,INR,pending
M001,INV000960,ORD002476,Cashfree Fees,VINV-000960,2024-04-10,2024-03-26,2024-04-10,7614.89,1370.68,8985.57,INR,approved
M001,INV000961,ORD005398,Bangalore Packaging Co,VINV-000961,2024-08-31,2024-08-17,2024-08-31,31960.05,5752.81,37712.86,INR,approved
M001,INV000962,ORD008244,Xpressbees,VINV-000962,2024-11-28,2024-10-31,2024-11-28,3792.04,682.57,4474.61,INR,disputed
M001,INV000963,ORD009819,Bangalore Packaging Co,VINV-000963,2025-01-02,2024-12-08,2025-01-02,3772.65,679.08,4451.73,INR,disputed
M001,INV000964,ORD007687,Cashfree Fees,VINV-000964,2024-10-25,2024-10-04,2024-10-25,5627.52,1012.95,6640.47,INR,approved
M001,INV000965,ORD000212,Cashfree Fees,VINV-000965,2024-01-18,2023-12-26,2024-01-18,2500.63,450.11,2950.74,INR,rejected
M001,INV000966,ORD009221,AdGrowth Marketing,VINV-000966,2025-01-01,2024-12-06,2025-01-01,5117.02,921.06,6038.08,INR,approved
M001,INV000967,ORD006793,Razorpay Fees,VINV-000967,2024-10-22,2024-10-03,2024-10-22,4141.69,745.5,4887.19,INR,disputed
M001,INV000968,ORD009322,Xpressbees,VINV-000968,2024-12-11,2024-12-02,2024-12-11,4894.55,881.02,5775.57,INR,approved
M001,INV000969,ORD008393,BlueDart,VINV-000969,2024-11-21,2024-11-07,2024-11-21,5112.29,920.21,6032.5,INR,approved
M001,INV000970,ORD001694,BlueDart,VINV-000970,2024-03-08,2024-02-13,2024-03-08,7486.64,1347.6,8834.24,INR,approved
M001,INV000971,ORD007221,Xpressbees,VINV-000971,2024-10-31,2024-10-02,2024-10-31,2784.36,501.19,3285.55,INR,pending
M001,INV000972,VORD000102,BlueDart,VINV-000972,2024-09-12,2024-09-03,2024-09-12,21283.76,3831.08,25114.84,INR,approved
M001,INV000973,ORD001538,Delhivery,VINV-000973,2024-03-17,2024-03-04,2024-03-17,7084.47,1275.2,8359.67,INR,pending
M001,INV000974,ORD001436,Delhivery,VINV-000974,2024-03-01,2024-02-02,2024-03-01,3972.29,715.01,4687.3,INR,approved
M001,INV000975,ORD001841,Xpressbees,VINV-000975,2024-03-31,2024-03-21,2024-03-31,3752.38,675.43,4427.81,INR,approved
M001,INV000976,ORD001729,Xpressbees,VINV-000976,2024-03-18,2024-03-15,2024-03-18,6560.48,1180.89,7741.37,INR,disputed
M001,INV000977,ORD005396,Razorpay Fees,VINV-000977,2024-09-01,2024-08-23,2024-09-01,9048.08,1628.65,10676.73,INR,rejected
M001,INV000978,ORD003163,Shiprocket,VINV-000978,2024-05-28,2024-05-15,2024-05-28,35020.7,6303.73,41324.43,INR,pending
M001,INV000979,ORD007480,Urban Warehouse Services,VINV-000979,2024-11-01,2024-10-21,2024-11-01,6344.25,1141.97,7486.22,INR,approved
M001,INV000980,ORD009951,Cashfree Fees,VINV-000980,2025-01-22,2025-01-03,2025-01-22,4320.59,777.71,5098.3,INR,approved
M001,INV000981,ORD006184,Ecom Express,VINV-000981,2024-09-28,2024-08-30,2024-09-28,4869.24,876.46,5745.7,INR,disputed
M001,INV000982,ORD004020,Delhivery,VINV-000982,2024-06-11,2024-05-30,2024-06-11,6031.42,1085.66,7117.08,INR,approved
M001,INV000983,ORD008108,Bangalore Packaging Co,VINV-000983,2024-11-18,2024-11-14,2024-11-18,1625.15,292.53,1917.68,INR,approved
M001,INV000984,ORD005604,Bangalore Packaging Co,VINV-000984,2024-08-17,2024-08-03,2024-08-17,6748.56,1214.74,7963.3,INR,pending
M001,INV000985,ORD003631,AdGrowth Marketing,VINV-000985,2024-06-10,2024-05-19,2024-06-10,6855.75,1234.04,8089.79,INR,approved
M001,INV000986,ORD008864,Cashfree Fees,VINV-000986,2024-12-09,2024-11-20,2024-12-09,1264.57,227.62,1492.19,INR,approved
M001,INV000987,ORD006573,Razorpay Fees,VINV-000987,2024-10-01,2024-09-20,2024-10-01,6208.59,1117.55,7326.14,INR,approved
M001,INV000988,ORD006530,BlueDart,VINV-000988,2024-09-22,2024-09-08,2024-09-22,5497.75,989.6,6487.35,INR,approved
M001,INV000989,ORD009013,Delhivery,VINV-000989,2024-12-24,2024-11-24,2024-12-24,4752.2,855.4,5607.6,INR,approved
M001,INV000990,ORD009257,Xpressbees,VINV-000990,2024-12-31,2024-12-04,2024-12-31,23399.9,4211.98,27611.88,INR,approved
M001,INV000991,ORD008931,Urban Warehouse Services,VINV-000991,2024-12-22,2024-12-14,2024-12-22,1617.66,291.18,1908.84,INR,approved
M001,INV000992,ORD001815,AdGrowth Marketing,VINV-000992,2024-03-23,2024-02-26,2024-03-23,3386.82,609.63,3996.45,INR,approved
M001,INV000993,ORD007673,Shiprocket,VINV-000993,2024-11-16,2024-10-30,2024-11-16,7460.09,1342.82,8802.91,INR,approved
M001,INV000994,VORD000084,BlueDart,VINV-000994,2024-07-03,2024-06-18,2024-07-03,39141.64,7045.5,46187.14,INR,disputed
M001,INV000995,ORD003737,Urban Warehouse Services,VINV-000995,2024-06-04,2024-05-24,2024-06-04,3378.18,608.07,3986.25,INR,approved
M001,INV000996,ORD008883,Xpressbees,VINV-000996,2024-12-04,2024-11-29,2024-12-04,2905.55,523.0,3428.55,INR,approved
M001,INV000997,ORD003953,Xpressbees,VINV-000997,2024-06-19,2024-06-16,2024-06-19,4632.16,833.79,5465.95,INR,approved
M001,INV000998,ORD008193,Ecom Express,VINV-000998,2024-11-23,2024-10-25,2024-11-23,39817.47,7167.15,46984.62,INR,approved
M001,INV000999,ORD006954,Urban Warehouse Services,VINV-000999,2024-10-15,2024-09-26,2024-10-15,2313.78,416.48,2730.26,INR,approved
M001,INV001000,ORD002962,Bangalore Packaging Co,VINV-001000,2024-04-29,2024-04-03,2024-04-29,3559.3,640.67,4199.97,INR,approved
M001,INV001001,ORD006410,Xpressbees,VINV-001001,2024-10-06,2024-09-20,2024-10-06,25711.43,4628.06,30339.49,INR,approved
M001,INV001002,ORD002602,AdGrowth Marketing,VINV-001002,2024-04-26,2024-03-28,2024-04-26,26630.2,4793.44,31423.64,INR,approved
M001,INV001003,ORD008654,Razorpay Fees,VINV-001003,2024-12-18,2024-11-27,2024-12-18,6569.72,1182.55,7752.27,INR,approved
M001,INV001004,ORD005891,Shiprocket,VINV-001004,2024-09-12,2024-08-28,2024-09-12,6835.86,1230.45,8066.31,INR,approved
M001,INV001005,ORD001041,Ecom Express,VINV-001005,2024-02-03,2024-01-07,2024-02-03,2818.83,507.39,3326.22,INR,approved
M001,INV001006,ORD005577,Delhivery,VINV-001006,2024-08-22,2024-08-05,2024-08-22,25582.18,4604.79,30186.97,INR,disputed
M001,INV001007,ORD000121,BlueDart,VINV-001591,2024-01-25,2024-01-11,2024-01-25,8507.17,1531.29,10038.46,INR,approved
M001,INV001008,ORD001357,Razorpay Fees,VINV-001008,2024-03-02,2024-02-18,2024-03-02,4565.18,821.73,5386.91,INR,approved
M001,INV001009,ORD000896,BlueDart,VINV-001009,2024-02-15,2024-02-14,2024-02-15,806.92,145.25,952.17,INR,approved
M001,INV001010,ORD007645,Urban Warehouse Services,VINV-001010,2024-11-14,2024-11-07,2024-11-14,2615.59,470.81,3086.4,INR,approved
M001,INV001011,ORD001612,BlueDart,VINV-001011,2024-03-04,2024-02-03,2024-03-04,8471.31,1524.84,9996.15,INR,approved
M001,INV001012,ORD006042,Xpressbees,VINV-001012,2024-09-25,2024-09-01,2024-09-25,1343.77,241.88,1585.65,INR,approved
M001,INV001013,ORD002865,Delhivery,VINV-001013,2024-04-24,2024-04-11,2024-04-24,4367.68,786.18,5153.86,INR,approved
M001,INV001014,ORD001145,Shiprocket,VINV-000057,2024-03-07,2024-02-18,2024-03-07,3172.32,571.02,3743.34,INR,approved
M001,INV001015,ORD000070,AdGrowth Marketing,VINV-001015,2024-01-27,2024-01-12,2024-01-27,27176.39,4891.75,32068.14,INR,approved
M001,INV001016,VORD000072,Xpressbees,VINV-001016,2024-04-08,2024-03-11,2024-04-08,14839.31,2671.08,17510.39,INR,pending
M001,INV001017,ORD007412,AdGrowth Marketing,VINV-001017,2024-11-03,2024-10-12,2024-11-03,1978.06,356.05,2334.11,INR,approved
M001,INV001018,ORD001701,Urban Warehouse Services,VINV-001527,2024-03-08,2024-03-01,2024-03-08,1928.85,347.19,2276.04,INR,approved
M001,INV001019,ORD009305,Shiprocket,VINV-001019,2024-12-23,2024-12-09,2024-12-23,1141.57,205.48,1347.05,INR,pending
M001,INV001020,ORD003241,Cashfree Fees,VINV-001020,2024-05-02,2024-04-11,2024-05-02,2201.03,396.18,2597.21,INR,approved
M001,INV001021,ORD000823,Cashfree Fees,VINV-001021,2024-02-12,2024-02-11,2024-02-12,1564.49,281.61,1846.1,INR,pending
M001,INV001022,ORD005104,Urban Warehouse Services,VINV-001022,2024-08-01,2024-07-23,2024-08-01,2342.11,421.58,2763.69,INR,approved
M001,INV001023,ORD009834,BlueDart,VINV-001023,2025-01-19,2025-01-17,2025-01-19,6133.68,1104.06,7237.74,INR,approved
M001,INV001024,ORD009231,BlueDart,VINV-001024,2024-12-21,2024-12-18,2024-12-21,5841.48,1051.47,6892.95,INR,disputed
M001,INV001025,ORD000359,AdGrowth Marketing,VINV-001025,2024-01-17,2024-01-15,2024-01-17,8197.47,1475.54,9673.01,INR,rejected
M001,INV001026,ORD000401,Razorpay Fees,VINV-000042,2024-01-20,2024-01-04,2024-01-20,6862.89,1235.32,8098.21,INR,pending
M001,INV001027,ORD001986,Bangalore Packaging Co,VINV-001027,2024-03-30,2024-03-10,2024-03-30,3888.86,699.99,4588.85,INR,pending
M001,INV001028,ORD003929,BlueDart,VINV-001028,2024-05-26,2024-05-10,2024-05-26,1419.92,255.58,1675.5,INR,approved
M001,INV001029,ORD007380,Delhivery,VINV-001029,2024-11-10,2024-10-17,2024-11-10,613.42,110.42,723.84,INR,disputed
M001,INV001030,ORD008422,Bangalore Packaging Co,VINV-001030,2024-11-29,2024-11-14,2024-11-29,5021.19,903.81,5925.0,INR,pending
M001,INV001031,ORD003676,Cashfree Fees,VINV-001031,2024-05-22,2024-05-08,2024-05-22,6716.22,1208.92,7925.14,INR,approved
M001,INV001032,ORD000078,AdGrowth Marketing,VINV-001032,2024-01-21,2023-12-25,2024-01-21,6729.92,1211.39,7941.31,INR,approved
M001,INV001033,ORD008108,Shiprocket,VINV-001033,2024-11-30,2024-11-08,2024-11-30,1623.1,292.16,1915.26,INR,approved
M001,INV001034,ORD009131,Bangalore Packaging Co,VINV-001034,2024-12-06,2024-11-16,2024-12-06,1518.54,273.34,1791.88,INR,approved
M001,INV001035,ORD005788,BlueDart,VINV-001035,2024-08-22,2024-07-30,2024-08-22,6587.7,1185.79,7773.49,INR,approved
M001,INV001036,ORD003599,Shiprocket,VINV-001036,2024-06-06,2024-05-24,2024-06-06,707.88,127.42,835.3,INR,approved
M001,INV001037,ORD004775,BlueDart,VINV-001037,2024-07-11,2024-06-18,2024-07-11,4984.76,897.26,5882.02,INR,approved
M001,INV001038,ORD005723,Xpressbees,VINV-001038,2024-08-22,2024-08-18,2024-08-22,5547.88,998.62,6546.5,INR,pending
M001,INV001039,ORD001894,Urban Warehouse Services,VINV-001039,2024-03-23,2024-02-25,2024-03-23,2993.75,538.88,3532.63,INR,approved
M001,INV001040,ORD004026,Bangalore Packaging Co,VINV-001040,2024-06-27,2024-05-29,2024-06-27,1386.95,249.65,1636.6,INR,approved
M001,INV001041,ORD007972,Shiprocket,VINV-001041,2024-11-11,2024-11-09,2024-11-11,5235.51,942.39,6177.9,INR,approved
M001,INV001042,ORD006428,BlueDart,VINV-001042,2024-09-22,2024-08-23,2024-09-22,7529.64,1355.34,8884.98,INR,approved
M001,INV001043,ORD003811,Shiprocket,VINV-001043,2024-05-28,2024-05-20,2024-05-28,6673.42,1201.22,7874.64,INR,approved
M001,INV001044,ORD009296,Xpressbees,VINV-001044,2024-12-14,2024-11-15,2024-12-14,5739.72,1033.15,6772.87,INR,approved
M001,INV001045,ORD005826,Urban Warehouse Services,VINV-001045,2024-09-07,2024-08-30,2024-09-07,4840.73,871.33,5712.06,INR,approved
M001,INV001046,ORD009632,BlueDart,VINV-001046,2024-12-24,2024-12-09,2024-12-24,5158.19,928.48,6086.67,INR,pending
M001,INV001047,ORD009797,Xpressbees,VINV-001047,2025-01-20,2025-01-11,2025-01-20,7041.44,1267.46,8308.9,INR,approved
M001,INV001048,ORD008152,BlueDart,VINV-001048,2024-11-16,2024-11-03,2024-11-16,3303.78,594.68,3898.46,INR,approved
M001,INV001049,ORD004865,Ecom Express,VINV-001049,2024-07-18,2024-07-16,2024-07-18,618.63,111.35,729.98,INR,approved
M001,INV001050,ORD001681,Xpressbees,VINV-001050,2024-03-30,2024-03-16,2024-03-30,4538.91,817.0,5355.91,INR,pending
M001,INV001051,ORD001233,Shiprocket,VINV-001051,2024-03-10,2024-02-21,2024-03-10,7661.56,1379.08,9040.64,INR,approved
M001,INV001052,ORD001087,Razorpay Fees,VINV-001052,2024-02-13,2024-01-16,2024-02-13,2003.86,360.69,2364.55,INR,disputed
M001,INV001053,ORD002482,Cashfree Fees,VINV-001053,2024-04-30,2024-04-23,2024-04-30,6448.64,1160.76,7609.4,INR,approved
M001,INV001054,VORD000023,BlueDart,VINV-001054,2024-12-10,2024-11-24,2024-12-10,40512.81,7292.3,47805.11,INR,approved
M001,INV001055,ORD004956,BlueDart,VINV-001055,2024-08-06,2024-08-04,2024-08-06,8475.47,1525.59,10001.06,INR,approved
M001,INV001056,ORD007619,Ecom Express,VINV-001056,2024-11-01,2024-10-15,2024-11-01,6785.31,1221.35,8006.66,INR,approved
M001,INV001057,ORD004302,AdGrowth Marketing,VINV-001057,2024-07-04,2024-06-15,2024-07-04,6511.0,1171.98,7682.98,INR,approved
M001,INV001058,ORD000552,Urban Warehouse Services,VINV-001058,2024-02-16,2024-02-09,2024-02-16,936.08,168.5,1104.58,INR,approved
M001,INV001059,ORD009141,Razorpay Fees,VINV-001059,2024-12-07,2024-11-09,2024-12-07,5255.9,946.06,6201.96,INR,approved
M001,INV001060,ORD000693,Xpressbees,VINV-001060,2024-01-25,2023-12-30,2024-01-25,746.04,134.29,880.33,INR,approved
M001,INV001061,ORD007111,AdGrowth Marketing,VINV-001061,2024-10-15,2024-09-22,2024-10-15,4277.55,769.96,5047.51,INR,approved
M001,INV001062,ORD001029,Xpressbees,VINV-001062,2024-02-19,2024-02-08,2024-02-19,5929.53,1067.32,6996.85,INR,approved
M001,INV001063,ORD007309,Delhivery,VINV-001063,2024-11-04,2024-10-14,2024-11-04,4023.24,724.18,4747.42,INR,approved
M001,INV001064,ORD003976,Shiprocket,VINV-001064,2024-05-28,2024-04-30,2024-05-28,5477.63,985.97,6463.6,INR,approved
M001,INV001065,ORD003057,Razorpay Fees,VINV-001065,2024-05-16,2024-05-05,2024-05-16,2934.31,528.18,3462.49,INR,pending
M001,INV001066,ORD008904,Xpressbees,VINV-001066,2024-12-25,2024-11-27,2024-12-25,4584.8,825.26,5410.06,INR,approved
M001,INV001067,ORD000986,Urban Warehouse Services,VINV-001067,2024-02-29,2024-02-27,2024-02-29,2680.64,482.51,3163.15,INR,approved
M001,INV001068,ORD009838,Ecom Express,VINV-001068,2025-01-20,2025-01-12,2025-01-20,3810.58,685.91,4496.49,INR,approved
M001,INV001069,ORD007933,Urban Warehouse Services,VINV-001069,2024-11-06,2024-10-17,2024-11-06,3077.09,553.88,3630.97,INR,approved
M001,INV001070,ORD009609,Bangalore Packaging Co,VINV-001070,2024-12-19,2024-12-13,2024-12-19,5307.16,955.29,6262.45,INR,pending
M001,INV001071,ORD005669,Bangalore Packaging Co,VINV-001071,2024-08-18,2024-08-15,2024-08-18,3739.53,673.12,4412.65,INR,approved
M001,INV001072,ORD009563,Cashfree Fees,VINV-001072,2025-01-04,2024-12-28,2025-01-04,9393.31,1690.79,11084.1,INR,approved
M001,INV001073,ORD002241,BlueDart,VINV-000918,2024-04-16,2024-03-23,2024-04-16,2457.31,442.31,2899.62,INR,approved
M001,INV001074,ORD001504,Urban Warehouse Services,VINV-001074,2024-03-16,2024-03-06,2024-03-16,4830.24,869.44,5699.68,INR,approved
M001,INV001075,ORD000302,Shiprocket,VINV-001075,2024-02-03,2024-01-08,2024-02-03,7749.21,1394.86,9144.07,INR,approved
M001,INV001076,VORD000080,Urban Warehouse Services,VINV-001076,2024-08-03,2024-07-22,2024-08-03,32451.32,5841.24,38292.56,INR,approved
M001,INV001077,ORD002313,Shiprocket,VINV-001077,2024-04-23,2024-04-09,2024-04-23,4153.69,747.67,4901.36,INR,approved
M001,INV001078,ORD002489,AdGrowth Marketing,VINV-001078,2024-04-16,2024-04-03,2024-04-16,5625.47,1012.58,6638.05,INR,pending
M001,INV001079,ORD008608,BlueDart,VINV-001079,2024-12-09,2024-11-30,2024-12-09,518.53,93.34,611.87,INR,approved
M001,INV001080,ORD008723,Xpressbees,VINV-001080,2024-12-17,2024-11-25,2024-12-17,5730.78,1031.54,6762.32,INR,approved
M001,INV001081,ORD008986,Bangalore Packaging Co,VINV-001081,2024-12-11,2024-11-16,2024-12-11,9073.27,1633.19,10706.46,INR,disputed
M001,INV001082,ORD004997,AdGrowth Marketing,VINV-001082,2024-08-04,2024-07-18,2024-08-04,5892.42,1060.64,6953.06,INR,approved
M001,INV001083,ORD000731,Shiprocket,VINV-001083,2024-02-04,2024-02-01,2024-02-04,2486.47,447.56,2934.03,INR,disputed
M001,INV001084,ORD006172,Cashfree Fees,VINV-001084,2024-09-11,2024-08-26,2024-09-11,1800.97,324.17,2125.14,INR,pending
M001,INV001085,ORD009031,Delhivery,VINV-001085,2024-12-10,2024-11-26,2024-12-10,637.25,114.7,751.95,INR,approved
M001,INV001086,ORD000113,Xpressbees,VINV-001086,2024-01-25,2024-01-21,2024-01-25,2501.06,450.19,2951.25,INR,approved
M001,INV001087,ORD001683,BlueDart,VINV-001087,2024-03-15,2024-02-14,2024-03-15,8345.75,1502.24,9847.99,INR,approved
M001,INV001088,ORD001043,Urban Warehouse Services,VINV-001088,2024-02-07,2024-01-22,2024-02-07,3902.19,702.39,4604.58,INR,approved
M001,INV001089,ORD002882,BlueDart,VINV-001089,2024-05-10,2024-05-08,2024-05-10,31671.68,5700.9,37372.58,INR,pending
M001,INV001090,ORD006510,AdGrowth Marketing,VINV-001090,2024-09-23,2024-09-11,2024-09-23,5700.3,1026.05,6726.35,INR,approved
M001,INV001091,ORD000925,Xpressbees,VINV-001091,2024-01-30,2024-01-12,2024-01-30,6696.88,1205.44,7902.32,INR,approved
M001,INV001092,ORD008009,Cashfree Fees,VINV-001092,2024-11-24,2024-10-28,2024-11-24,2882.73,518.89,3401.62,INR,approved
M001,INV001093,ORD003777,Ecom Express,VINV-001093,2024-06-02,2024-05-10,2024-06-02,2588.64,465.96,3054.6,INR,approved
M001,INV001094,ORD000605,Cashfree Fees,VINV-001094,2024-01-20,2023-12-23,2024-01-20,3532.51,635.85,4168.36,INR,approved
M001,INV001095,ORD007301,Bangalore Packaging Co,VINV-001095,2024-10-31,2024-10-13,2024-10-31,4165.55,749.8,4915.35,INR,approved
M001,INV001096,ORD006373,AdGrowth Marketing,VINV-001096,2024-09-29,2024-09-18,2024-09-29,3872.17,696.99,4569.16,INR,approved
M001,INV001097,ORD007904,AdGrowth Marketing,VINV-001097,2024-11-14,2024-11-03,2024-11-14,2630.79,473.54,3104.33,INR,approved
M001,INV001098,ORD006782,BlueDart,VINV-001098,2024-10-14,2024-09-29,2024-10-14,5705.58,1027.01,6732.59,INR,approved
M001,INV001099,ORD003038,AdGrowth Marketing,VINV-001099,2024-05-01,2024-04-24,2024-05-01,3570.02,642.6,4212.62,INR,approved
M001,INV001100,ORD006841,Cashfree Fees,VINV-001100,2024-10-24,2024-10-17,2024-10-24,6500.17,1170.03,7670.2,INR,approved
M001,INV001101,ORD007534,AdGrowth Marketing,VINV-001101,2024-11-09,2024-10-14,2024-11-09,4474.05,805.33,5279.38,INR,approved
M001,INV001102,ORD007265,Delhivery,VINV-001102,2024-11-05,2024-10-28,2024-11-05,4937.75,888.8,5826.55,INR,pending
M001,INV001103,ORD009848,Razorpay Fees,VINV-001103,2025-01-05,2024-12-19,2025-01-05,3751.99,675.36,4427.35,INR,approved
M001,INV001104,ORD001420,Xpressbees,VINV-001104,2024-03-05,2024-02-28,2024-03-05,7040.16,1267.23,8307.39,INR,approved
M001,INV001105,ORD007737,Shiprocket,VINV-001105,2024-11-06,2024-11-03,2024-11-06,1395.71,251.23,1646.94,INR,approved
M001,INV001106,ORD009451,Ecom Express,VINV-001106,2024-12-27,2024-12-06,2024-12-27,8863.97,1595.52,10459.49,INR,pending
M001,INV001107,ORD002247,BlueDart,VINV-001107,2024-04-18,2024-04-07,2024-04-18,1233.13,221.96,1455.09,INR,approved
M001,INV001108,ORD000822,BlueDart,VINV-001108,2024-02-10,2024-01-19,2024-02-10,2403.86,432.69,2836.55,INR,pending
M001,INV001109,ORD008003,Razorpay Fees,VINV-001109,2024-11-25,2024-11-18,2024-11-25,5468.68,984.36,6453.04,INR,approved
M001,INV001110,ORD000678,Delhivery,VINV-001110,2024-02-15,2024-01-18,2024-02-15,1587.95,285.83,1873.78,INR,approved
M001,INV001111,ORD001623,Ecom Express,VINV-001111,2024-03-01,2024-02-20,2024-03-01,4468.47,804.32,5272.79,INR,approved
M001,INV001112,ORD002458,AdGrowth Marketing,VINV-001112,2024-04-22,2024-04-14,2024-04-22,5296.55,953.38,6249.93,INR,approved
M001,INV001113,ORD000758,Razorpay Fees,VINV-001113,2024-02-13,2024-02-07,2024-02-13,2479.78,446.36,2926.14,INR,pending
M001,INV001114,ORD005258,Delhivery,VINV-001114,2024-08-09,2024-07-19,2024-08-09,1248.03,224.65,1472.68,INR,approved
M001,INV001115,ORD001444,Ecom Express,VINV-001115,2024-03-10,2024-03-02,2024-03-10,3687.69,663.78,4351.47,INR,pending
M001,INV001116,ORD009138,Delhivery,VINV-001116,2024-12-12,2024-11-29,2024-12-12,9161.53,1649.07,10810.6,INR,approved
M001,INV001117,ORD006624,Delhivery,VINV-001117,2024-10-05,2024-09-17,2024-10-05,1143.69,205.87,1349.56,INR,approved
M001,INV001118,ORD008151,Ecom Express,VINV-001118,2024-11-17,2024-11-09,2024-11-17,8612.35,1550.22,10162.57,INR,approved
M001,INV001119,ORD000690,Cashfree Fees,VINV-001119,2024-01-26,2024-01-11,2024-01-26,5893.11,1060.76,6953.87,INR,approved
M001,INV001120,ORD003110,BlueDart,VINV-001120,2024-05-24,2024-05-23,2024-05-24,4352.64,783.48,5136.12,INR,rejected
M001,INV001121,ORD004813,BlueDart,VINV-001121,2024-07-17,2024-06-29,2024-07-17,1300.1,234.02,1534.12,INR,approved
M001,INV001122,ORD006362,Urban Warehouse Services,VINV-001122,2024-09-25,2024-09-24,2024-09-25,7863.45,1415.42,9278.87,INR,approved
M001,INV001123,ORD007206,Xpressbees,VINV-001123,2024-10-19,2024-09-19,2024-10-19,32974.94,5935.49,38910.43,INR,pending
M001,INV001124,ORD007694,AdGrowth Marketing,VINV-001124,2024-10-30,2024-10-22,2024-10-30,11772.18,2118.99,13891.17,INR,approved
M001,INV001125,ORD000196,Urban Warehouse Services,VINV-001125,2024-01-21,2024-01-17,2024-01-21,1499.19,269.85,1769.04,INR,approved
M001,INV001126,ORD001584,Xpressbees,VINV-001126,2024-03-24,2024-02-28,2024-03-24,1104.56,198.82,1303.38,INR,disputed
M001,INV001127,ORD004650,Ecom Express,VINV-001127,2024-07-08,2024-06-22,2024-07-08,779.31,140.27,919.58,INR,disputed
M001,INV001128,ORD007675,Urban Warehouse Services,VINV-001128,2024-11-01,2024-10-30,2024-11-01,2279.76,410.36,2690.12,INR,approved
M001,INV001129,ORD005136,Cashfree Fees,VINV-001129,2024-08-01,2024-07-02,2024-08-01,2951.25,531.23,3482.48,INR,approved
M001,INV001130,ORD008311,Cashfree Fees,VINV-001130,2024-11-29,2024-11-15,2024-11-29,6758.3,1216.49,7974.79,INR,approved
M001,INV001131,ORD007975,Xpressbees,VINV-001131,2024-11-06,2024-10-21,2024-11-06,6454.51,1161.81,7616.32,INR,approved
M001,INV001132,ORD003728,Razorpay Fees,VINV-001132,2024-06-14,2024-06-05,2024-06-14,3977.15,715.89,4693.04,INR,approved
M001,INV001133,ORD001233,Shiprocket,VINV-001133,2024-02-25,2024-02-20,2024-02-25,7832.79,1409.9,9242.69,INR,approved
M001,INV001134,ORD004755,Cashfree Fees,VINV-001134,2024-07-22,2024-07-03,2024-07-22,8661.19,1559.01,10220.2,INR,pending
M001,INV001135,ORD000797,Xpressbees,VINV-001135,2024-02-07,2024-02-05,2024-02-07,2540.58,457.3,2997.88,INR,disputed
M001,INV001136,ORD005066,Shiprocket,VINV-001136,2024-07-20,2024-07-10,2024-07-20,782.35,140.82,923.17,INR,approved
M001,INV001137,ORD004429,Ecom Express,VINV-001137,2024-06-29,2024-06-27,2024-06-29,33087.71,5955.79,39043.5,INR,approved
M001,INV001138,ORD001367,AdGrowth Marketing,VINV-001138,2024-02-16,2024-01-17,2024-02-16,1910.75,343.93,2254.68,INR,pending
M001,INV001139,ORD002017,Urban Warehouse Services,VINV-001139,2024-04-11,2024-03-17,2024-04-11,5617.78,1011.2,6628.98,INR,pending
M001,INV001140,ORD009746,Ecom Express,VINV-001140,2025-01-19,2025-01-07,2025-01-19,2585.44,465.38,3050.82,INR,approved
M001,INV001141,ORD001222,Razorpay Fees,VINV-001141,2024-02-16,2024-01-17,2024-02-16,4927.15,886.89,5814.04,INR,approved
M001,INV001142,ORD009852,Urban Warehouse Services,VINV-001142,2025-01-10,2025-01-07,2025-01-10,974.63,175.43,1150.06,INR,approved
M001,INV001143,ORD000330,Xpressbees,VINV-001143,2024-01-30,2024-01-01,2024-01-30,1523.03,274.15,1797.18,INR,approved
M001,INV001144,ORD005133,Delhivery,VINV-001144,2024-08-12,2024-07-15,2024-08-12,4885.74,879.43,5765.17,INR,pending
M001,INV001145,ORD003518,Razorpay Fees,VINV-001145,2024-06-09,2024-05-26,2024-06-09,1168.11,210.26,1378.37,INR,approved
M001,INV001146,ORD008750,Shiprocket,VINV-001146,2024-12-13,2024-11-27,2024-12-13,1446.6,260.39,1706.99,INR,approved
M001,INV001147,ORD002686,Urban Warehouse Services,VINV-001147,2024-04-14,2024-04-10,2024-04-14,2701.5,486.27,3187.77,INR,approved
M001,INV001148,ORD005788,Ecom Express,VINV-001148,2024-09-09,2024-08-13,2024-09-09,7613.36,1370.4,8983.76,INR,approved
M001,INV001149,ORD002933,Bangalore Packaging Co,VINV-001149,2024-05-11,2024-04-30,2024-05-11,1142.58,205.66,1348.24,INR,approved
M001,INV001150,ORD000514,AdGrowth Marketing,VINV-001150,2024-01-26,2024-01-21,2024-01-26,1867.19,336.09,2203.28,INR,approved
M001,INV001151,ORD000933,Cashfree Fees,VINV-001151,2024-02-01,2024-01-27,2024-02-01,547.35,98.52,645.87,INR,pending
M001,INV001152,ORD009580,Delhivery,VINV-001152,2025-01-08,2024-12-10,2025-01-08,2036.86,366.64,2403.5,INR,approved
M001,INV001153,ORD005908,Delhivery,VINV-001153,2024-09-01,2024-08-10,2024-09-01,5223.6,940.25,6163.85,INR,disputed
M001,INV001154,ORD006049,Urban Warehouse Services,VINV-001154,2024-09-16,2024-09-12,2024-09-16,2620.14,471.63,3091.77,INR,approved
M001,INV001155,ORD006770,Razorpay Fees,VINV-001155,2024-10-08,2024-10-07,2024-10-08,6843.64,1231.85,8075.49,INR,approved
M001,INV001156,ORD008120,BlueDart,VINV-001156,2024-11-11,2024-11-05,2024-11-11,37714.72,6788.65,44503.37,INR,approved
M001,INV001157,ORD009384,Ecom Express,VINV-001157,2025-01-06,2024-12-25,2025-01-06,3762.17,677.19,4439.36,INR,disputed
M001,INV001158,ORD000439,Xpressbees,VINV-001158,2024-02-12,2024-01-18,2024-02-12,3203.49,576.63,3780.12,INR,approved
M001,INV001159,ORD000229,Bangalore Packaging Co,VINV-001159,2024-01-21,2024-01-13,2024-01-21,6126.69,1102.81,7229.5,INR,approved
M001,INV001160,ORD005071,Ecom Express,VINV-001160,2024-08-09,2024-07-30,2024-08-09,7216.02,1298.88,8514.9,INR,approved
M001,INV001161,ORD005360,Ecom Express,VINV-001161,2024-08-04,2024-07-30,2024-08-04,4259.75,766.76,5026.51,INR,pending
M001,INV001162,ORD000966,Bangalore Packaging Co,VINV-001162,2024-02-02,2024-01-18,2024-02-02,9515.2,1712.74,11227.94,INR,pending
M001,INV001163,ORD005993,Razorpay Fees,VINV-001163,2024-09-06,2024-08-28,2024-09-06,12210.85,2197.95,14408.8,INR,approved
M001,INV001164,ORD006388,AdGrowth Marketing,VINV-001164,2024-09-17,2024-09-08,2024-09-17,2852.44,513.44,3365.88,INR,approved
M001,INV001165,ORD008468,Ecom Express,VINV-001165,2024-12-09,2024-11-18,2024-12-09,4438.31,798.89,5237.2,INR,approved
M001,INV001166,VORD000026,Xpressbees,VINV-001166,2024-05-13,2024-04-28,2024-05-13,15826.56,2848.78,18675.34,INR,approved
M001,INV001167,ORD003022,Ecom Express,VINV-001167,2024-05-06,2024-04-13,2024-05-06,1887.47,339.74,2227.21,INR,approved
M001,INV001168,ORD004530,Bangalore Packaging Co,VINV-001168,2024-06-30,2024-06-09,2024-06-30,4878.86,878.2,5757.06,INR,approved
M001,INV001169,ORD003779,Shiprocket,VINV-001169,2024-05-27,2024-05-04,2024-05-27,899.08,161.83,1060.91,INR,approved
M001,INV001170,ORD006879,AdGrowth Marketing,VINV-001170,2024-10-28,2024-10-08,2024-10-28,4817.38,867.13,5684.51,INR,approved
M001,INV001171,ORD007188,Shiprocket,VINV-001171,2024-10-17,2024-09-29,2024-10-17,7481.91,1346.74,8828.65,INR,approved
M001,INV001172,ORD002568,Urban Warehouse Services,VINV-001172,2024-04-21,2024-04-07,2024-04-21,1953.15,351.57,2304.72,INR,approved
M001,INV001173,ORD000641,Urban Warehouse Services,VINV-001173,2024-01-22,2023-12-27,2024-01-22,1734.16,312.15,2046.31,INR,approved
M001,INV001174,ORD003264,Ecom Express,VINV-001174,2024-05-07,2024-04-26,2024-05-07,5170.16,930.63,6100.79,INR,approved
M001,INV001175,ORD006046,Shiprocket,VINV-001175,2024-09-15,2024-08-29,2024-09-15,7687.2,1383.7,9070.9,INR,approved
M001,INV001176,ORD000324,Razorpay Fees,VINV-001176,2024-01-20,2024-01-16,2024-01-20,11109.08,1999.63,13108.71,INR,approved
M001,INV001177,ORD002191,Ecom Express,VINV-001177,2024-04-17,2024-03-22,2024-04-17,4284.62,771.23,5055.85,INR,approved
M001,INV001178,ORD004523,Cashfree Fees,VINV-001178,2024-07-06,2024-06-06,2024-07-06,6363.26,1145.39,7508.65,INR,approved
M001,INV001179,ORD001816,Cashfree Fees,VINV-001179,2024-03-13,2024-02-14,2024-03-13,560.98,100.98,661.96,INR,approved
M001,INV001180,ORD006119,Xpressbees,VINV-001180,2024-09-07,2024-08-09,2024-09-07,866.5,155.97,1022.47,INR,approved
M001,INV001181,ORD006065,AdGrowth Marketing,VINV-001181,2024-09-24,2024-08-31,2024-09-24,3020.58,543.7,3564.28,INR,disputed
M001,INV001182,ORD006285,Shiprocket,VINV-001182,2024-09-08,2024-09-01,2024-09-08,5381.51,968.67,6350.18,INR,approved
M001,INV001183,ORD004605,Razorpay Fees,VINV-001183,2024-07-21,2024-07-06,2024-07-21,4959.53,892.71,5852.24,INR,approved
M001,INV001184,ORD007853,Cashfree Fees,VINV-001184,2024-11-08,2024-11-06,2024-11-08,500.42,90.08,590.5,INR,approved
M001,INV001185,ORD004539,Razorpay Fees,VINV-001185,2024-07-17,2024-07-14,2024-07-17,5546.24,998.32,6544.56,INR,approved
M001,INV001186,ORD006900,Urban Warehouse Services,VINV-001186,2024-10-08,2024-10-06,2024-10-08,2050.61,369.11,2419.72,INR,pending
M001,INV001187,ORD009749,Bangalore Packaging Co,VINV-001187,2025-01-15,2025-01-13,2025-01-15,6169.48,1110.51,7279.99,INR,approved
M001,INV001188,ORD006013,Shiprocket,VINV-001188,2024-09-22,2024-09-11,2024-09-22,2639.22,475.06,3114.28,INR,approved
M001,INV001189,ORD000567,BlueDart,VINV-001189,2024-02-01,2024-01-25,2024-02-01,22623.62,4072.25,26695.87,INR,approved
M001,INV001190,ORD004478,Xpressbees,VINV-001190,2024-07-14,2024-06-24,2024-07-14,3536.76,636.62,4173.38,INR,pending
M001,INV001191,ORD000068,Bangalore Packaging Co,VINV-001191,2024-02-01,2024-01-20,2024-02-01,4108.48,739.53,4848.01,INR,approved
M001,INV001192,ORD005372,Razorpay Fees,VINV-001192,2024-08-20,2024-08-02,2024-08-20,1923.72,346.27,2269.99,INR,approved
M001,INV001193,ORD005159,Xpressbees,VINV-001193,2024-07-25,2024-06-26,2024-07-25,4590.58,826.31,5416.89,INR,approved
M001,INV001194,ORD002571,AdGrowth Marketing,VINV-001194,2024-04-25,2024-04-16,2024-04-25,3297.68,593.58,3891.26,INR,approved
M001,INV001195,ORD006446,AdGrowth Marketing,VINV-001195,2024-09-29,2024-09-12,2024-09-29,5371.18,966.81,6337.99,INR,approved
M001,INV001196,ORD001707,BlueDart,VINV-001196,2024-03-19,2024-03-10,2024-03-19,6473.86,1165.29,7639.15,INR,pending
M001,INV001197,ORD000357,Cashfree Fees,VINV-001197,2024-01-27,2024-01-02,2024-01-27,7610.16,1369.83,8979.99,INR,approved
M001,INV001198,ORD009574,Shiprocket,VINV-001198,2025-01-06,2024-12-26,2025-01-06,1153.39,207.61,1361.0,INR,disputed
M001,INV001199,ORD004802,BlueDart,VINV-001199,2024-07-14,2024-07-05,2024-07-14,7629.76,1373.36,9003.12,INR,pending
M001,INV001200,ORD002230,Urban Warehouse Services,VINV-001200,2024-03-30,2024-03-29,2024-03-30,7570.08,1362.61,8932.69,INR,approved
M001,INV001201,ORD008717,Shiprocket,VINV-001201,2024-11-26,2024-11-19,2024-11-26,9597.64,1727.58,11325.22,INR,pending
M001,INV001202,ORD000427,Bangalore Packaging Co,VINV-001202,2024-02-02,2024-01-14,2024-02-02,25262.16,4547.19,29809.35,INR,approved
M001,INV001203,ORD005975,Razorpay Fees,VINV-001203,2024-09-23,2024-08-29,2024-09-23,5316.31,956.93,6273.24,INR,approved
M001,INV001204,ORD001818,AdGrowth Marketing,VINV-001204,2024-03-09,2024-02-23,2024-03-09,5124.14,922.34,6046.48,INR,approved
M001,INV001205,ORD009061,Shiprocket,VINV-001205,2024-12-05,2024-11-05,2024-12-05,8440.44,1519.28,9959.72,INR,approved
M001,INV001206,ORD008557,Cashfree Fees,VINV-001206,2024-11-20,2024-11-12,2024-11-20,5652.17,1017.39,6669.56,INR,pending
M001,INV001207,ORD003455,Urban Warehouse Services,VINV-001207,2024-06-01,2024-05-07,2024-06-01,5780.03,1040.41,6820.44,INR,approved
M001,INV001208,ORD005597,Cashfree Fees,VINV-001208,2024-09-02,2024-08-26,2024-09-02,35594.47,6407.01,42001.48,INR,pending
M001,INV001209,ORD002561,Delhivery,VINV-001209,2024-04-11,2024-03-12,2024-04-11,2718.3,489.29,3207.59,INR,approved
M001,INV001210,ORD007861,Shiprocket,VINV-001210,2024-11-21,2024-11-12,2024-11-21,7435.06,1338.31,8773.37,INR,approved
M001,INV001211,ORD005682,BlueDart,VINV-001211,2024-08-16,2024-08-07,2024-08-16,2445.29,440.15,2885.44,INR,approved
M001,INV001212,ORD009958,Urban Warehouse Services,VINV-001212,2025-01-25,2025-01-11,2025-01-25,4830.51,869.49,5700.0,INR,rejected
M001,INV001213,ORD006965,Razorpay Fees,VINV-001213,2024-10-25,2024-10-16,2024-10-25,1858.68,334.56,2193.24,INR,approved
M001,INV001214,ORD009819,Delhivery,VINV-001214,2025-01-19,2025-01-16,2025-01-19,3153.7,567.67,3721.37,INR,approved
M001,INV001215,ORD001443,Razorpay Fees,VINV-001215,2024-02-29,2024-02-21,2024-02-29,7357.18,1324.29,8681.47,INR,approved
M001,INV001216,ORD005566,Razorpay Fees,VINV-001216,2024-09-05,2024-09-01,2024-09-05,1400.81,252.14,1652.95,INR,approved
M001,INV001217,ORD000161,Shiprocket,VINV-001217,2024-01-16,2024-01-11,2024-01-16,6032.86,1085.92,7118.78,INR,approved
M001,INV001218,ORD007441,Xpressbees,VINV-001218,2024-10-22,2024-10-12,2024-10-22,4380.39,788.47,5168.86,INR,approved
M001,INV001219,ORD001478,Urban Warehouse Services,VINV-001219,2024-03-16,2024-02-22,2024-03-16,6556.69,1180.2,7736.89,INR,approved
M001,INV001220,ORD002375,Bangalore Packaging Co,VINV-001220,2024-04-13,2024-03-31,2024-04-13,2662.68,479.28,3141.96,INR,approved
M001,INV001221,ORD005662,Bangalore Packaging Co,VINV-001221,2024-09-01,2024-08-25,2024-09-01,6614.15,1190.55,7804.7,INR,approved
M001,INV001222,ORD004392,Xpressbees,VINV-001222,2024-07-13,2024-07-08,2024-07-13,7899.54,1421.92,9321.46,INR,approved
M001,INV001223,ORD000150,BlueDart,VINV-001223,2024-01-23,2023-12-31,2024-01-23,23284.05,4191.13,27475.18,INR,disputed
M001,INV001224,ORD004704,Cashfree Fees,VINV-001224,2024-07-26,2024-07-15,2024-07-26,1401.55,252.28,1653.83,INR,approved
M001,INV001225,ORD004108,Xpressbees,VINV-001225,2024-06-06,2024-05-18,2024-06-06,7388.29,1329.89,8718.18,INR,approved
M001,INV001226,ORD009915,Shiprocket,VINV-001226,2025-01-01,2024-12-28,2025-01-01,6590.13,1186.22,7776.35,INR,approved
M001,INV001227,ORD008193,Shiprocket,VINV-001227,2024-11-15,2024-10-31,2024-11-15,6997.4,1259.53,8256.93,INR,approved
M001,INV001228,ORD009789,AdGrowth Marketing,VINV-001228,2025-01-03,2024-12-19,2025-01-03,7455.77,1342.04,8797.81,INR,approved
M001,INV001229,ORD005120,BlueDart,VINV-001229,2024-07-29,2024-07-08,2024-07-29,1374.66,247.44,1622.1,INR,approved
M001,INV001230,ORD005690,Shiprocket,VINV-001230,2024-09-09,2024-08-25,2024-09-09,5624.59,1012.43,6637.02,INR,disputed
M001,INV001231,ORD006176,Shiprocket,VINV-001231,2024-09-13,2024-09-06,2024-09-13,1959.23,352.66,2311.89,INR,approved
M001,INV001232,ORD005357,Cashfree Fees,VINV-001232,2024-08-07,2024-07-19,2024-08-07,1041.75,187.51,1229.26,INR,pending
M001,INV001233,ORD009351,Shiprocket,VINV-001233,2025-01-04,2024-12-22,2025-01-04,7625.04,1372.51,8997.55,INR,approved
M001,INV001234,ORD006381,Delhivery,VINV-001234,2024-10-02,2024-09-09,2024-10-02,27047.34,4868.52,31915.86,INR,approved
M001,INV001235,ORD002342,Bangalore Packaging Co,VINV-001235,2024-04-27,2024-03-30,2024-04-27,667.13,120.08,787.21,INR,rejected
M001,INV001236,ORD005963,Razorpay Fees,VINV-001236,2024-08-27,2024-08-16,2024-08-27,28109.82,5059.77,33169.59,INR,pending
M001,INV001237,ORD008427,Shiprocket,VINV-001237,2024-12-05,2024-11-29,2024-12-05,7466.19,1343.92,8810.11,INR,disputed
M001,INV001238,ORD002941,Xpressbees,VINV-001238,2024-05-03,2024-04-28,2024-05-03,7438.46,1338.92,8777.38,INR,approved
M001,INV001239,ORD000603,BlueDart,VINV-001239,2024-01-21,2024-01-15,2024-01-21,6088.17,1095.87,7184.04,INR,approved
M001,INV001240,ORD006886,BlueDart,VINV-001240,2024-10-17,2024-09-21,2024-10-17,7131.53,1283.67,8415.2,INR,approved
M001,INV001241,ORD002403,Xpressbees,VINV-001241,2024-04-19,2024-03-24,2024-04-19,5569.97,1002.6,6572.57,INR,approved
M001,INV001242,ORD000440,Xpressbees,VINV-001242,2024-02-06,2024-01-30,2024-02-06,8902.64,1602.47,10505.11,INR,disputed
M001,INV001243,ORD002990,AdGrowth Marketing,VINV-001243,2024-05-06,2024-05-02,2024-05-06,4718.75,849.38,5568.13,INR,approved
M001,INV001244,ORD006015,Shiprocket,VINV-001244,2024-09-07,2024-08-30,2024-09-07,2812.58,506.26,3318.84,INR,approved
M001,INV001245,ORD004648,Razorpay Fees,VINV-001245,2024-07-26,2024-07-04,2024-07-26,899.13,161.84,1060.97,INR,approved
M001,INV001246,ORD002731,Xpressbees,VINV-001246,2024-05-12,2024-04-30,2024-05-12,1107.12,199.28,1306.4,INR,approved
M001,INV001247,ORD009894,BlueDart,VINV-001247,2025-01-04,2024-12-10,2025-01-04,5510.42,991.87,6502.29,INR,pending
M001,INV001248,ORD007686,Urban Warehouse Services,VINV-001248,2024-11-16,2024-11-02,2024-11-16,6161.24,1109.02,7270.26,INR,approved
M001,INV001249,ORD005437,BlueDart,VINV-001249,2024-08-23,2024-08-04,2024-08-23,634.11,114.14,748.25,INR,approved
M001,INV001250,ORD005929,Cashfree Fees,VINV-001250,2024-09-01,2024-08-15,2024-09-01,1954.3,351.77,2306.07,INR,approved
M001,INV001251,ORD005899,Xpressbees,VINV-001251,2024-08-25,2024-08-09,2024-08-25,5111.21,920.02,6031.23,INR,disputed
M001,INV001252,ORD005618,Xpressbees,VINV-001252,2024-08-31,2024-08-19,2024-08-31,4058.08,730.45,4788.53,INR,approved
M001,INV001253,ORD003661,Bangalore Packaging Co,VINV-001253,2024-06-08,2024-05-16,2024-06-08,5821.43,1047.86,6869.29,INR,pending
M001,INV001254,ORD004643,Cashfree Fees,VINV-001254,2024-07-10,2024-06-18,2024-07-10,1676.64,301.79,1978.43,INR,approved
M001,INV001255,ORD005050,BlueDart,VINV-001255,2024-07-28,2024-06-29,2024-07-28,5197.63,935.57,6133.2,INR,approved
M001,INV001256,ORD000192,Urban Warehouse Services,VINV-001256,2024-01-27,2024-01-04,2024-01-27,388.86,69.99,458.85,INR,pending
M001,INV001257,ORD003984,Ecom Express,VINV-001257,2024-06-20,2024-06-03,2024-06-20,2571.77,462.92,3034.69,INR,approved
M001,INV001258,ORD006935,AdGrowth Marketing,VINV-001258,2024-10-29,2024-10-04,2024-10-29,3615.98,650.88,4266.86,INR,approved
M001,INV001259,ORD005804,Cashfree Fees,VINV-001259,2024-09-12,2024-09-11,2024-09-12,6531.22,1175.62,7706.84,INR,approved
M001,INV001260,ORD005439,Razorpay Fees,VINV-001260,2024-08-25,2024-08-11,2024-08-25,891.79,160.52,1052.31,INR,approved
M001,INV001261,ORD006596,Razorpay Fees,VINV-001261,2024-10-09,2024-09-12,2024-10-09,5663.53,1019.44,6682.97,INR,approved
M001,INV001262,ORD008491,Xpressbees,VINV-001262,2024-12-13,2024-11-21,2024-12-13,8088.77,1455.98,9544.75,INR,approved
M001,INV001263,ORD006142,AdGrowth Marketing,VINV-001263,2024-09-23,2024-09-15,2024-09-23,6567.16,1182.09,7749.25,INR,approved
M001,INV001264,ORD009587,Xpressbees,VINV-001264,2025-01-04,2024-12-24,2025-01-04,6052.02,1089.36,7141.38,INR,rejected
M001,INV001265,ORD002441,Ecom Express,VINV-001265,2024-04-07,2024-04-03,2024-04-07,5949.69,1070.94,7020.63,INR,approved
M001,INV001266,ORD004166,Delhivery,VINV-001266,2024-06-17,2024-06-08,2024-06-17,5076.07,913.69,5989.76,INR,pending
M001,INV001267,ORD002308,AdGrowth Marketing,VINV-001267,2024-04-08,2024-03-28,2024-04-08,8627.63,1552.97,10180.6,INR,approved
M001,INV001268,ORD006687,Shiprocket,VINV-001268,2024-09-26,2024-09-17,2024-09-26,5421.63,975.89,6397.52,INR,approved
M001,INV001269,ORD006436,AdGrowth Marketing,VINV-001269,2024-09-18,2024-08-25,2024-09-18,7834.52,1410.21,9244.73,INR,disputed
M001,INV001270,ORD001167,BlueDart,VINV-001270,2024-02-24,2024-01-26,2024-02-24,7939.26,1429.07,9368.33,INR,approved
M001,INV001271,ORD009831,Bangalore Packaging Co,VINV-001271,2024-12-27,2024-12-12,2024-12-27,4389.31,790.08,5179.39,INR,approved
M001,INV001272,ORD001882,BlueDart,VINV-001272,2024-03-10,2024-03-05,2024-03-10,29987.99,5397.84,35385.83,INR,approved
M001,INV001273,ORD006245,Delhivery,VINV-001273,2024-09-20,2024-08-26,2024-09-20,3019.86,543.57,3563.43,INR,approved
M001,INV001274,ORD000991,Shiprocket,VINV-001274,2024-02-17,2024-02-05,2024-02-17,1304.25,234.76,1539.01,INR,approved
M001,INV001275,ORD004672,Bangalore Packaging Co,VINV-001275,2024-07-15,2024-07-05,2024-07-15,2211.59,398.09,2609.68,INR,approved
M001,INV001276,ORD008231,Xpressbees,VINV-001276,2024-12-06,2024-11-12,2024-12-06,1200.58,216.1,1416.68,INR,approved
M001,INV001277,ORD009105,Ecom Express,VINV-001277,2024-12-16,2024-12-08,2024-12-16,7132.42,1283.84,8416.26,INR,approved
M001,INV001278,ORD000729,Bangalore Packaging Co,VINV-001278,2024-01-30,2024-01-29,2024-01-30,11391.09,2050.4,13441.49,INR,disputed
M001,INV001279,ORD006105,Ecom Express,VINV-001279,2024-09-20,2024-08-21,2024-09-20,1052.92,189.53,1242.45,INR,approved
M001,INV001280,ORD006936,Razorpay Fees,VINV-001280,2024-10-08,2024-10-05,2024-10-08,7087.42,1275.73,8363.15,INR,pending
M001,INV001281,ORD006470,Urban Warehouse Services,VINV-001281,2024-10-13,2024-09-20,2024-10-13,10222.69,1840.08,12062.77,INR,disputed
M001,INV001282,ORD004526,Razorpay Fees,VINV-001282,2024-07-09,2024-06-12,2024-07-09,4211.97,758.15,4970.12,INR,approved
M001,INV001283,ORD009583,Cashfree Fees,VINV-001283,2025-01-08,2024-12-09,2025-01-08,1011.92,182.14,1194.06,INR,approved
M001,INV001284,ORD005328,Urban Warehouse Services,VINV-001284,2024-08-07,2024-07-08,2024-08-07,901.78,162.32,1064.1,INR,approved
M001,INV001285,ORD005960,Xpressbees,VINV-001285,2024-09-14,2024-09-03,2024-09-14,2949.4,530.89,3480.29,INR,approved
M001,INV001286,ORD001505,Xpressbees,VINV-001286,2024-03-23,2024-03-04,2024-03-23,7642.43,1375.64,9018.07,INR,approved
M001,INV001287,ORD008598,Shiprocket,VINV-001287,2024-11-30,2024-11-04,2024-11-30,1146.43,206.36,1352.79,INR,approved
M001,INV001288,ORD005756,AdGrowth Marketing,VINV-001288,2024-09-07,2024-08-09,2024-09-07,5424.0,976.32,6400.32,INR,approved
M001,INV001289,ORD002965,Xpressbees,VINV-001289,2024-05-18,2024-04-23,2024-05-18,2653.99,477.72,3131.71,INR,approved
M001,INV001290,ORD001706,BlueDart,VINV-002265,2024-03-31,2024-03-18,2024-03-31,1008.14,181.47,1189.61,INR,approved
M001,INV001291,ORD002578,Razorpay Fees,VINV-001291,2024-04-24,2024-04-06,2024-04-24,5978.17,1076.07,7054.24,INR,approved
M001,INV001292,ORD002634,Urban Warehouse Services,VINV-001292,2024-04-21,2024-04-18,2024-04-21,4151.2,747.22,4898.42,INR,approved
M001,INV001293,VORD000036,Ecom Express,VINV-001293,2024-11-14,2024-10-26,2024-11-14,3549.05,638.83,4187.88,INR,approved
M001,INV001294,ORD000600,Cashfree Fees,VINV-001294,2024-02-07,2024-01-24,2024-02-07,3302.76,594.5,3897.26,INR,approved
M001,INV001295,ORD000912,AdGrowth Marketing,VINV-001295,2024-02-11,2024-01-27,2024-02-11,1385.97,249.47,1635.44,INR,disputed
M001,INV001296,ORD007955,BlueDart,VINV-001296,2024-11-04,2024-11-01,2024-11-04,2197.47,395.55,2593.02,INR,pending
M001,INV001297,ORD004171,Bangalore Packaging Co,VINV-001297,2024-06-24,2024-06-15,2024-06-24,2841.38,511.45,3352.83,INR,approved
M001,INV001298,ORD005377,Shiprocket,VINV-001298,2024-08-04,2024-08-03,2024-08-04,6648.13,1196.66,7844.79,INR,pending
M001,INV001299,ORD009315,Ecom Express,VINV-001299,2024-12-20,2024-12-14,2024-12-20,537.53,96.75,634.28,INR,approved
M001,INV001300,ORD006189,Bangalore Packaging Co,VINV-001300,2024-09-24,2024-08-28,2024-09-24,5262.84,947.31,6210.15,INR,approved
M001,INV001301,ORD007241,Shiprocket,VINV-001301,2024-11-02,2024-10-13,2024-11-02,5354.79,963.86,6318.65,INR,approved
M001,INV001302,VORD000087,Delhivery,VINV-001592,2024-05-25,2024-05-02,2024-05-25,15448.53,2780.74,18229.27,INR,disputed
M001,INV001303,ORD000973,Razorpay Fees,VINV-001303,2024-02-26,2024-02-21,2024-02-26,1248.31,224.7,1473.01,INR,approved
M001,INV001304,ORD009233,BlueDart,VINV-001304,2024-12-20,2024-12-19,2024-12-20,5978.55,1076.14,7054.69,INR,approved
M001,INV001305,ORD003639,AdGrowth Marketing,VINV-001305,2024-05-17,2024-04-27,2024-05-17,5451.08,981.19,6432.27,INR,rejected
M001,INV001306,ORD001573,Bangalore Packaging Co,VINV-001306,2024-03-03,2024-02-29,2024-03-03,1885.75,339.43,2225.18,INR,pending
M001,INV001307,ORD003901,Cashfree Fees,VINV-001307,2024-06-20,2024-05-26,2024-06-20,4484.18,807.15,5291.33,INR,pending
M001,INV001308,ORD006078,Cashfree Fees,VINV-001308,2024-09-25,2024-09-18,2024-09-25,1747.08,314.48,2061.56,INR,approved
M001,INV001309,ORD003487,Delhivery,VINV-001309,2024-05-20,2024-04-28,2024-05-20,935.02,168.3,1103.32,INR,approved
M001,INV001310,ORD007844,Cashfree Fees,VINV-001310,2024-11-06,2024-10-28,2024-11-06,3093.33,556.8,3650.13,INR,rejected
M001,INV001311,ORD006626,BlueDart,VINV-001311,2024-10-18,2024-09-24,2024-10-18,5385.13,969.32,6354.45,INR,approved
M001,INV001312,ORD003072,Delhivery,VINV-001312,2024-05-18,2024-04-23,2024-05-18,4664.36,839.59,5503.95,INR,approved
M001,INV001313,ORD005469,Xpressbees,VINV-001313,2024-08-17,2024-07-27,2024-08-17,7842.25,1411.61,9253.86,INR,approved
M001,INV001314,ORD002634,Urban Warehouse Services,VINV-001314,2024-04-25,2024-04-19,2024-04-25,5351.47,963.27,6314.74,INR,pending
M001,INV001315,ORD003286,Shiprocket,VINV-001315,2024-05-28,2024-05-21,2024-05-28,3271.53,588.87,3860.4,INR,approved
M001,INV001316,ORD004551,Razorpay Fees,VINV-001316,2024-07-18,2024-07-11,2024-07-18,3285.8,591.44,3877.24,INR,disputed
M001,INV001317,ORD001559,Cashfree Fees,VINV-001317,2024-03-16,2024-03-11,2024-03-16,1168.91,210.4,1379.31,INR,pending
M001,INV001318,ORD001203,BlueDart,VINV-001318,2024-03-01,2024-02-10,2024-03-01,2045.47,368.19,2413.66,INR,approved
M001,INV001319,ORD003817,BlueDart,VINV-001319,2024-06-08,2024-05-09,2024-06-08,4489.08,808.03,5297.11,INR,rejected
M001,INV001320,ORD003545,AdGrowth Marketing,VINV-001320,2024-05-21,2024-05-05,2024-05-21,6605.41,1188.97,7794.38,INR,approved
M001,INV001321,ORD006739,Razorpay Fees,VINV-001321,2024-10-16,2024-09-26,2024-10-16,7885.35,1419.36,9304.71,INR,approved
M001,INV001322,ORD000779,Razorpay Fees,VINV-001322,2024-02-04,2024-01-21,2024-02-04,6442.14,1159.58,7601.72,INR,approved
M001,INV001323,ORD006574,BlueDart,VINV-001323,2024-10-18,2024-10-08,2024-10-18,4395.07,791.11,5186.18,INR,pending
M001,INV001324,ORD000664,Razorpay Fees,VINV-001324,2024-01-27,2024-01-21,2024-01-27,3852.34,693.42,4545.76,INR,approved
M001,INV001325,ORD004510,AdGrowth Marketing,VINV-001325,2024-06-25,2024-06-07,2024-06-25,2211.39,398.05,2609.44,INR,approved
M001,INV001326,ORD004888,Ecom Express,VINV-001326,2024-07-20,2024-07-18,2024-07-20,3539.95,637.19,4177.14,INR,approved
M001,INV001327,ORD001035,Delhivery,VINV-001327,2024-02-26,2024-01-27,2024-02-26,6315.6,1136.81,7452.41,INR,approved
M001,INV001328,ORD008475,Xpressbees,VINV-001328,2024-12-01,2024-11-12,2024-12-01,4497.62,809.57,5307.19,INR,approved
M001,INV001329,ORD004273,Urban Warehouse Services,VINV-001329,2024-06-13,2024-05-17,2024-06-13,2534.62,456.23,2990.85,INR,approved
M001,INV001330,ORD006813,AdGrowth Marketing,VINV-001330,2024-10-19,2024-09-19,2024-10-19,5163.25,929.39,6092.64,INR,approved
M001,INV001331,ORD000767,Bangalore Packaging Co,VINV-001331,2024-02-08,2024-01-16,2024-02-08,4387.62,789.77,5177.39,INR,approved
M001,INV001332,ORD009594,Ecom Express,VINV-001332,2025-01-01,2024-12-21,2025-01-01,4859.07,874.63,5733.7,INR,approved
M001,INV001333,ORD003505,Xpressbees,VINV-001333,2024-05-12,2024-05-04,2024-05-12,6914.54,1244.62,8159.16,INR,approved
M001,INV001334,ORD009342,Shiprocket,VINV-001334,2024-12-12,2024-11-30,2024-12-12,8381.71,1508.71,9890.42,INR,disputed
M001,INV001335,ORD009567,AdGrowth Marketing,VINV-001335,2025-01-02,2024-12-10,2025-01-02,1859.85,334.77,2194.62,INR,approved
M001,INV001336,ORD001006,Ecom Express,VINV-001336,2024-02-28,2024-01-30,2024-02-28,1723.86,310.29,2034.15,INR,approved
M001,INV001337,ORD000653,BlueDart,VINV-001337,2024-02-14,2024-01-17,2024-02-14,5328.97,959.22,6288.19,INR,approved
M001,INV001338,ORD000695,Urban Warehouse Services,VINV-001338,2024-02-06,2024-01-19,2024-02-06,2674.09,481.34,3155.43,INR,approved
M001,INV001339,ORD003168,Urban Warehouse Services,VINV-001339,2024-05-06,2024-05-03,2024-05-06,2663.78,479.48,3143.26,INR,approved
M001,INV001340,ORD005811,Bangalore Packaging Co,VINV-001340,2024-09-10,2024-08-17,2024-09-10,4511.81,812.12,5323.93,INR,approved
M001,INV001341,ORD003923,Shiprocket,VINV-001341,2024-06-04,2024-05-05,2024-06-04,609.19,109.65,718.84,INR,approved
M001,INV001342,ORD003004,Razorpay Fees,VINV-001342,2024-05-13,2024-04-20,2024-05-13,1102.72,198.49,1301.21,INR,approved
M001,INV001343,ORD008610,Delhivery,VINV-001343,2024-11-26,2024-11-25,2024-11-26,5966.69,1074.0,7040.69,INR,approved
M001,INV001344,ORD004656,BlueDart,VINV-001344,2024-07-25,2024-07-14,2024-07-25,5310.92,955.97,6266.89,INR,rejected
M001,INV001345,ORD006919,Ecom Express,VINV-001345,2024-10-03,2024-09-10,2024-10-03,2374.81,427.46,2802.27,INR,pending
M001,INV001346,ORD009894,Delhivery,VINV-001346,2025-01-25,2025-01-09,2025-01-25,5472.46,985.04,6457.5,INR,disputed
M001,INV001347,ORD006262,Bangalore Packaging Co,VINV-001347,2024-09-25,2024-09-07,2024-09-25,6650.24,1197.04,7847.28,INR,approved
M001,INV001348,ORD007373,Shiprocket,VINV-001348,2024-11-14,2024-10-21,2024-11-14,7473.41,1345.21,8818.62,INR,approved
M001,INV001349,ORD007309,Ecom Express,VINV-001349,2024-10-19,2024-10-01,2024-10-19,4030.07,725.41,4755.48,INR,approved
M001,INV001350,ORD001976,Urban Warehouse Services,VINV-001350,2024-03-14,2024-02-14,2024-03-14,5969.29,1074.47,7043.76,INR,approved
M001,INV001351,VORD000090,AdGrowth Marketing,VINV-001351,2024-10-19,2024-10-17,2024-10-19,29430.04,5297.41,34727.45,INR,approved
M001,INV001352,ORD009642,Shiprocket,VINV-001352,2025-01-12,2025-01-02,2025-01-12,2355.03,423.91,2778.94,INR,approved
M001,INV001353,ORD005584,Shiprocket,VINV-001353,2024-09-04,2024-09-03,2024-09-04,6214.11,1118.54,7332.65,INR,approved
M001,INV001354,ORD008048,Xpressbees,VINV-001354,2024-11-06,2024-10-11,2024-11-06,7513.29,1352.39,8865.68,INR,approved
M001,INV001355,ORD009954,Urban Warehouse Services,VINV-001355,2025-01-18,2024-12-24,2025-01-18,2750.34,495.06,3245.4,INR,approved
M001,INV001356,ORD001523,Delhivery,VINV-001356,2024-03-10,2024-03-05,2024-03-10,6411.02,1153.98,7565.0,INR,approved
M001,INV001357,ORD009166,AdGrowth Marketing,VINV-001357,2024-12-25,2024-12-04,2024-12-25,32856.19,5914.11,38770.3,INR,approved
M001,INV001358,ORD000561,Delhivery,VINV-001358,2024-01-21,2024-01-14,2024-01-21,7368.49,1326.33,8694.82,INR,pending
M001,INV001359,ORD001695,Delhivery,VINV-001359,2024-03-09,2024-02-12,2024-03-09,4710.43,847.88,5558.31,INR,approved
M001,INV001360,ORD000758,Xpressbees,VINV-001360,2024-02-02,2024-01-06,2024-02-02,2487.75,447.79,2935.54,INR,approved
M001,INV001361,ORD006694,Shiprocket,VINV-001361,2024-10-16,2024-10-01,2024-10-16,7160.96,1288.97,8449.93,INR,approved
M001,INV001362,ORD004895,Cashfree Fees,VINV-001362,2024-07-13,2024-06-28,2024-07-13,483.47,87.02,570.49,INR,approved
M001,INV001363,ORD005837,Bangalore Packaging Co,VINV-001363,2024-09-19,2024-09-07,2024-09-19,3870.29,696.65,4566.94,INR,disputed
M001,INV001364,ORD007069,Bangalore Packaging Co,VINV-001364,2024-10-29,2024-10-06,2024-10-29,2563.77,461.48,3025.25,INR,approved
M001,INV001365,ORD003391,Ecom Express,VINV-001365,2024-05-31,2024-05-17,2024-05-31,3194.45,575.0,3769.45,INR,disputed
M001,INV001366,ORD002919,Bangalore Packaging Co,VINV-001366,2024-05-01,2024-04-09,2024-05-01,3467.12,624.08,4091.2,INR,approved
M001,INV001367,VORD000032,Xpressbees,VINV-001367,2024-05-31,2024-05-17,2024-05-31,34117.27,6141.11,40258.38,INR,approved
M001,INV001368,ORD001630,Bangalore Packaging Co,VINV-001368,2024-03-10,2024-02-12,2024-03-10,1069.4,192.49,1261.89,INR,approved
M001,INV001369,ORD004917,Xpressbees,VINV-001369,2024-08-07,2024-07-21,2024-08-07,4518.52,813.33,5331.85,INR,disputed
M001,INV001370,ORD001272,Cashfree Fees,VINV-001370,2024-02-21,2024-01-26,2024-02-21,2402.07,432.37,2834.44,INR,approved
M001,INV001371,ORD007200,Delhivery,VINV-001371,2024-11-01,2024-10-18,2024-11-01,6704.75,1206.85,7911.6,INR,disputed
M001,INV001372,ORD000825,Shiprocket,VINV-001372,2024-02-21,2024-02-14,2024-02-21,1986.08,357.5,2343.58,INR,disputed
M001,INV001373,ORD008541,Bangalore Packaging Co,VINV-001373,2024-11-24,2024-11-17,2024-11-24,3872.35,697.02,4569.37,INR,approved
M001,INV001374,ORD003621,Ecom Express,VINV-001374,2024-06-07,2024-05-21,2024-06-07,2219.63,399.53,2619.16,INR,disputed
M001,INV001375,ORD000594,Bangalore Packaging Co,VINV-001375,2024-02-18,2024-01-24,2024-02-18,3686.21,663.52,4349.73,INR,approved
M001,INV001376,ORD008739,Bangalore Packaging Co,VINV-001376,2024-12-08,2024-12-05,2024-12-08,8285.47,1491.39,9776.86,INR,approved
M001,INV001377,ORD009651,Bangalore Packaging Co,VINV-001377,2024-12-27,2024-11-30,2024-12-27,7120.52,1281.69,8402.21,INR,approved
M001,INV001378,ORD009017,Xpressbees,VINV-001378,2024-12-08,2024-11-28,2024-12-08,1615.69,290.83,1906.52,INR,rejected
M001,INV001379,ORD002726,Razorpay Fees,VINV-001379,2024-05-07,2024-04-12,2024-05-07,28437.58,5118.77,33556.35,INR,approved
M001,INV001380,ORD002430,Razorpay Fees,VINV-001380,2024-04-27,2024-04-20,2024-04-27,5018.79,903.38,5922.17,INR,rejected
M001,INV001381,ORD003789,BlueDart,VINV-001381,2024-06-06,2024-05-27,2024-06-06,26815.57,4826.8,31642.37,INR,approved
M001,INV001382,ORD001876,Cashfree Fees,VINV-001382,2024-03-23,2024-03-19,2024-03-23,4379.36,788.29,5167.65,INR,approved
M001,INV001383,ORD007626,Delhivery,VINV-001383,2024-11-04,2024-10-11,2024-11-04,642.28,115.61,757.89,INR,approved
M001,INV001384,ORD001699,Bangalore Packaging Co,VINV-001384,2024-03-25,2024-03-05,2024-03-25,5004.12,900.74,5904.86,INR,approved
M001,INV001385,ORD009430,Xpressbees,VINV-001385,2024-12-31,2024-12-01,2024-12-31,4383.73,789.07,5172.8,INR,disputed
M001,INV001386,ORD001079,Urban Warehouse Services,VINV-001386,2024-02-03,2024-01-19,2024-02-03,4536.3,816.53,5352.83,INR,approved
M001,INV001387,ORD009199,Cashfree Fees,VINV-001387,2024-12-31,2024-12-15,2024-12-31,2443.81,439.88,2883.69,INR,approved
M001,INV001388,ORD008390,Razorpay Fees,VINV-001388,2024-12-13,2024-11-19,2024-12-13,640.92,115.36,756.28,INR,approved
M001,INV001389,ORD006374,Urban Warehouse Services,VINV-001389,2024-10-02,2024-09-16,2024-10-02,3482.23,626.8,4109.03,INR,approved
M001,INV001390,ORD000454,Shiprocket,VINV-001390,2024-02-04,2024-01-16,2024-02-04,4202.86,756.52,4959.38,INR,pending
M001,INV001391,ORD002345,Urban Warehouse Services,VINV-001391,2024-04-10,2024-04-09,2024-04-10,2403.22,432.58,2835.8,INR,approved
M001,INV001392,ORD003563,Delhivery,VINV-001392,2024-05-26,2024-05-03,2024-05-26,808.42,145.51,953.93,INR,approved
M001,INV001393,ORD001993,Urban Warehouse Services,VINV-001393,2024-04-13,2024-04-02,2024-04-13,8817.67,1587.18,10404.85,INR,pending
M001,INV001394,ORD007573,Xpressbees,VINV-001394,2024-10-22,2024-09-28,2024-10-22,1151.31,207.24,1358.55,INR,approved
M001,INV001395,ORD002645,Bangalore Packaging Co,VINV-001395,2024-05-04,2024-04-20,2024-05-04,3602.87,648.52,4251.39,INR,approved
M001,INV001396,ORD002892,AdGrowth Marketing,VINV-001396,2024-04-28,2024-04-12,2024-04-28,1893.67,340.86,2234.53,INR,rejected
M001,INV001397,ORD008852,Razorpay Fees,VINV-001397,2024-12-25,2024-12-19,2024-12-25,2479.41,446.29,2925.7,INR,approved
M001,INV001398,ORD002914,Ecom Express,VINV-001398,2024-04-26,2024-04-09,2024-04-26,7751.03,1395.19,9146.22,INR,pending
M001,INV001399,ORD004150,Xpressbees,VINV-001399,2024-06-25,2024-06-01,2024-06-25,1364.31,245.58,1609.89,INR,approved
M001,INV001400,ORD004230,Urban Warehouse Services,VINV-001400,2024-07-07,2024-06-23,2024-07-07,2271.8,408.92,2680.72,INR,approved
M001,INV001401,ORD005769,Urban Warehouse Services,VINV-001401,2024-09-06,2024-08-14,2024-09-06,19516.61,3512.99,23029.6,INR,approved
M001,INV001402,ORD004812,AdGrowth Marketing,VINV-001402,2024-07-21,2024-06-22,2024-07-21,2237.52,402.75,2640.27,INR,approved
M001,INV001403,ORD009456,Cashfree Fees,VINV-001403,2025-01-09,2024-12-31,2025-01-09,8139.77,1465.16,9604.93,INR,approved
M001,INV001404,ORD008351,Ecom Express,VINV-001404,2024-12-06,2024-11-13,2024-12-06,5013.84,902.49,5916.33,INR,pending
M001,INV001405,ORD006776,AdGrowth Marketing,VINV-001405,2024-10-15,2024-09-19,2024-10-15,3003.35,540.6,3543.95,INR,pending
M001,INV001406,ORD001478,Razorpay Fees,VINV-001406,2024-03-20,2024-03-17,2024-03-20,6578.66,1184.16,7762.82,INR,approved
M001,INV001407,ORD002206,Bangalore Packaging Co,VINV-001407,2024-04-17,2024-04-08,2024-04-17,687.48,123.75,811.23,INR,disputed
M001,INV001408,ORD004819,Delhivery,VINV-001408,2024-07-06,2024-06-18,2024-07-06,6056.24,1090.12,7146.36,INR,approved
M001,INV001409,ORD006578,Delhivery,VINV-001409,2024-09-26,2024-09-14,2024-09-26,4681.09,842.6,5523.69,INR,approved
M001,INV001410,ORD009141,Cashfree Fees,VINV-001410,2024-12-18,2024-11-18,2024-12-18,5174.03,931.32,6105.35,INR,approved
M001,INV001411,ORD009839,Xpressbees,VINV-001411,2025-01-19,2024-12-31,2025-01-19,1774.08,319.33,2093.41,INR,approved
M001,INV001412,VORD000083,Cashfree Fees,VINV-001412,2024-11-12,2024-10-16,2024-11-12,36702.0,6606.36,43308.36,INR,pending
M001,INV001413,ORD004682,BlueDart,VINV-001413,2024-07-15,2024-07-05,2024-07-15,6736.18,1212.51,7948.69,INR,approved
M001,INV001414,ORD005816,AdGrowth Marketing,VINV-001414,2024-09-01,2024-08-27,2024-09-01,3029.54,545.32,3574.86,INR,approved
M001,INV001415,ORD006353,Bangalore Packaging Co,VINV-001415,2024-09-18,2024-09-14,2024-09-18,2475.6,445.61,2921.21,INR,approved
M001,INV001416,ORD007014,Xpressbees,VINV-001416,2024-10-22,2024-10-09,2024-10-22,1817.66,327.18,2144.84,INR,disputed
M001,INV001417,ORD000672,Xpressbees,VINV-001417,2024-02-03,2024-01-25,2024-02-03,7368.21,1326.28,8694.49,INR,disputed
M001,INV001418,ORD004077,AdGrowth Marketing,VINV-001418,2024-06-25,2024-05-26,2024-06-25,3895.75,701.24,4596.99,INR,approved
M001,INV001419,ORD009512,Ecom Express,VINV-001419,2024-12-19,2024-11-30,2024-12-19,7266.56,1307.98,8574.54,INR,approved
M001,INV001420,ORD007654,AdGrowth Marketing,VINV-001420,2024-11-15,2024-11-10,2024-11-15,1565.23,281.74,1846.97,INR,approved
M001,INV001421,ORD007108,Shiprocket,VINV-001421,2024-10-26,2024-10-13,2024-10-26,4455.08,801.91,5256.99,INR,approved
M001,INV001422,ORD007559,Bangalore Packaging Co,VINV-001422,2024-11-13,2024-11-12,2024-11-13,4663.96,839.51,5503.47,INR,approved
M001,INV001423,ORD003245,Razorpay Fees,VINV-001423,2024-05-10,2024-04-15,2024-05-10,5830.2,1049.44,6879.64,INR,disputed
M001,INV001424,ORD005880,AdGrowth Marketing,VINV-001424,2024-09-12,2024-08-19,2024-09-12,6104.82,1098.87,7203.69,INR,approved
M001,INV001425,ORD006268,BlueDart,VINV-001425,2024-09-29,2024-09-26,2024-09-29,1520.81,273.75,1794.56,INR,approved
M001,INV001426,ORD002868,Razorpay Fees,VINV-001426,2024-04-26,2024-04-04,2024-04-26,3206.83,577.23,3784.06,INR,approved
M001,INV001427,ORD003475,BlueDart,VINV-001427,2024-06-06,2024-05-19,2024-06-06,1082.33,194.82,1277.15,INR,approved
M001,INV001428,ORD008173,BlueDart,VINV-001428,2024-11-26,2024-11-20,2024-11-26,37173.1,6691.16,43864.26,INR,approved
M001,INV001429,ORD000889,AdGrowth Marketing,VINV-001429,2024-02-01,2024-01-18,2024-02-01,3703.4,666.61,4370.01,INR,approved
M001,INV001430,ORD008105,AdGrowth Marketing,VINV-001430,2024-11-22,2024-10-29,2024-11-22,7700.28,1386.05,9086.33,INR,approved
M001,INV001431,ORD000048,Urban Warehouse Services,VINV-001431,2024-01-10,2023-12-11,2024-01-10,4442.19,799.59,5241.78,INR,approved
M001,INV001432,ORD006123,Razorpay Fees,VINV-001432,2024-10-01,2024-09-21,2024-10-01,2519.74,453.55,2973.29,INR,approved
M001,INV001433,ORD003523,Cashfree Fees,VINV-001433,2024-05-30,2024-05-14,2024-05-30,2828.96,509.21,3338.17,INR,approved
M001,INV001434,ORD002173,Ecom Express,VINV-001434,2024-04-13,2024-04-06,2024-04-13,1124.95,202.49,1327.44,INR,approved
M001,INV001435,ORD000122,Bangalore Packaging Co,VINV-001435,2024-01-14,2023-12-22,2024-01-14,3565.36,641.76,4207.12,INR,approved
M001,INV001436,ORD006115,Shiprocket,VINV-001436,2024-09-13,2024-09-07,2024-09-13,37965.24,6833.74,44798.98,INR,approved
M001,INV001437,ORD005217,Xpressbees,VINV-001437,2024-08-21,2024-08-18,2024-08-21,7691.13,1384.4,9075.53,INR,approved
M001,INV001438,ORD006014,Urban Warehouse Services,VINV-001438,2024-09-27,2024-09-19,2024-09-27,3593.14,646.77,4239.91,INR,approved
M001,INV001439,ORD006962,Xpressbees,VINV-001439,2024-10-24,2024-10-16,2024-10-24,7960.36,1432.87,9393.23,INR,approved
M001,INV001440,ORD001547,Cashfree Fees,VINV-001440,2024-03-08,2024-02-26,2024-03-08,2865.89,515.86,3381.75,INR,approved
M001,INV001441,ORD000534,BlueDart,VINV-001441,2024-02-03,2024-01-11,2024-02-03,7029.98,1265.4,8295.38,INR,approved
M001,INV001442,ORD006731,Ecom Express,VINV-001442,2024-10-02,2024-09-13,2024-10-02,7040.02,1267.2,8307.22,INR,pending
M001,INV001443,ORD009022,Xpressbees,VINV-001443,2024-12-10,2024-12-08,2024-12-10,2156.19,388.12,2544.31,INR,disputed
M001,INV001444,ORD007948,BlueDart,VINV-001444,2024-11-18,2024-11-03,2024-11-18,9294.47,1673.0,10967.47,INR,approved
M001,INV001445,ORD005137,BlueDart,VINV-001757,2024-08-08,2024-07-25,2024-08-08,3373.22,607.18,3980.4,INR,disputed
M001,INV001446,ORD000756,Delhivery,VINV-001446,2024-01-28,2024-01-25,2024-01-28,4203.14,756.56,4959.7,INR,disputed
M001,INV001447,ORD000378,Delhivery,VINV-001447,2024-01-24,2024-01-06,2024-01-24,6976.04,1255.69,8231.73,INR,approved
M001,INV001448,ORD001914,AdGrowth Marketing,VINV-001448,2024-04-04,2024-03-24,2024-04-04,1437.5,258.75,1696.25,INR,approved
M001,INV001449,ORD003390,Urban Warehouse Services,VINV-001449,2024-05-11,2024-04-28,2024-05-11,2460.56,442.9,2903.46,INR,approved
M001,INV001450,ORD007388,AdGrowth Marketing,VINV-001450,2024-10-31,2024-10-06,2024-10-31,6730.19,1211.44,7941.63,INR,pending
M001,INV001451,ORD005659,Delhivery,VINV-001451,2024-08-23,2024-08-02,2024-08-23,3794.64,683.03,4477.67,INR,pending
M001,INV001452,ORD004260,Razorpay Fees,VINV-001452,2024-06-19,2024-06-11,2024-06-19,4824.77,868.46,5693.23,INR,approved
M001,INV001453,ORD003953,AdGrowth Marketing,VINV-001453,2024-05-29,2024-04-30,2024-05-29,28206.97,5077.26,33284.23,INR,pending
M001,INV001454,ORD003593,Shiprocket,VINV-001454,2024-06-08,2024-06-01,2024-06-08,606.14,109.11,715.25,INR,pending
M001,INV001455,ORD004985,Ecom Express,VINV-001455,2024-07-15,2024-07-01,2024-07-15,2412.0,434.16,2846.16,INR,approved
M001,INV001456,ORD006705,Shiprocket,VINV-000231,2024-10-24,2024-09-30,2024-10-24,5085.71,915.43,6001.14,INR,approved
M001,INV001457,ORD009317,Bangalore Packaging Co,VINV-001457,2024-12-26,2024-12-23,2024-12-26,4743.1,853.76,5596.86,INR,approved
M001,INV001458,ORD005097,Xpressbees,VINV-001458,2024-08-13,2024-07-25,2024-08-13,5131.57,923.68,6055.25,INR,approved
M001,INV001459,ORD001865,Delhivery,VINV-001459,2024-03-23,2024-03-02,2024-03-23,6406.32,1153.14,7559.46,INR,approved
M001,INV001460,ORD009038,AdGrowth Marketing,VINV-001460,2024-12-19,2024-12-04,2024-12-19,4693.65,844.86,5538.51,INR,approved
M001,INV001461,ORD000516,Cashfree Fees,VINV-001461,2024-01-21,2024-01-10,2024-01-21,2018.37,363.31,2381.68,INR,approved
M001,INV001462,ORD003790,Cashfree Fees,VINV-001462,2024-06-13,2024-05-23,2024-06-13,5985.64,1077.41,7063.05,INR,approved
M001,INV001463,ORD009215,Shiprocket,VINV-001463,2024-12-10,2024-11-20,2024-12-10,7608.51,1369.53,8978.04,INR,approved
M001,INV001464,ORD004999,Ecom Express,VINV-001464,2024-08-13,2024-07-23,2024-08-13,8731.7,1571.71,10303.41,INR,pending
M001,INV001465,ORD004755,Cashfree Fees,VINV-001465,2024-07-20,2024-06-28,2024-07-20,8782.69,1580.88,10363.57,INR,approved
M001,INV001466,ORD003718,Bangalore Packaging Co,VINV-001466,2024-05-26,2024-05-18,2024-05-26,2340.81,421.35,2762.16,INR,approved
M001,INV001467,ORD002777,Shiprocket,VINV-001467,2024-04-23,2024-04-19,2024-04-23,4828.51,869.13,5697.64,INR,approved
M001,INV001468,ORD007525,Delhivery,VINV-001468,2024-11-04,2024-10-15,2024-11-04,5189.15,934.05,6123.2,INR,approved
M001,INV001469,ORD003082,BlueDart,VINV-001469,2024-05-13,2024-04-23,2024-05-13,4500.51,810.09,5310.6,INR,pending
M001,INV001470,ORD004925,Cashfree Fees,VINV-000867,2024-07-16,2024-06-29,2024-07-16,7457.67,1342.38,8800.05,INR,rejected
M001,INV001471,ORD001564,BlueDart,VINV-001471,2024-03-16,2024-03-15,2024-03-16,7183.27,1292.99,8476.26,INR,approved
M001,INV001472,ORD002966,Bangalore Packaging Co,VINV-001472,2024-04-28,2024-03-31,2024-04-28,625.18,112.53,737.71,INR,approved
M001,INV001473,ORD003249,AdGrowth Marketing,VINV-001473,2024-05-26,2024-05-19,2024-05-26,6883.0,1238.94,8121.94,INR,approved
M001,INV001474,ORD009460,Urban Warehouse Services,VINV-001474,2025-01-01,2024-12-06,2025-01-01,3472.97,625.13,4098.1,INR,approved
M001,INV001475,ORD003780,Cashfree Fees,VINV-001475,2024-05-25,2024-05-22,2024-05-25,7026.1,1264.7,8290.8,INR,pending
M001,INV001476,ORD006941,BlueDart,VINV-001476,2024-10-29,2024-10-27,2024-10-29,9404.57,1692.82,11097.39,INR,rejected
M001,INV001477,ORD005276,BlueDart,VINV-001477,2024-08-21,2024-08-06,2024-08-21,392.81,70.7,463.51,INR,approved
M001,INV001478,ORD004154,Xpressbees,VINV-001478,2024-06-23,2024-06-02,2024-06-23,3914.86,704.67,4619.53,INR,approved
M001,INV001479,ORD002903,Delhivery,VINV-001479,2024-05-09,2024-04-26,2024-05-09,6730.25,1211.44,7941.69,INR,approved
M001,INV001480,ORD008441,Ecom Express,VINV-001480,2024-12-13,2024-11-30,2024-12-13,1045.65,188.22,1233.87,INR,approved
M001,INV001481,ORD005580,Razorpay Fees,VINV-001481,2024-08-29,2024-08-04,2024-08-29,3875.75,697.64,4573.39,INR,approved
M001,INV001482,ORD009327,Urban Warehouse Services,VINV-001482,2024-12-16,2024-11-24,2024-12-16,38572.64,6943.08,45515.72,INR,pending
M001,INV001483,ORD005193,Bangalore Packaging Co,VINV-001483,2024-08-13,2024-08-11,2024-08-13,2630.88,473.56,3104.44,INR,approved
M001,INV001484,ORD003657,Urban Warehouse Services,VINV-001484,2024-06-01,2024-05-08,2024-06-01,5037.97,906.84,5944.81,INR,approved
M001,INV001485,ORD000615,Delhivery,VINV-001485,2024-01-25,2023-12-28,2024-01-25,1956.49,352.17,2308.66,INR,approved
M001,INV001486,ORD006437,Cashfree Fees,VINV-001486,2024-10-03,2024-10-01,2024-10-03,7570.62,1362.71,8933.33,INR,approved
M001,INV001487,ORD007836,BlueDart,VINV-001487,2024-11-02,2024-10-17,2024-11-02,7208.42,1297.51,8505.93,INR,approved
M001,INV001488,ORD007204,Urban Warehouse Services,VINV-001488,2024-10-20,2024-10-11,2024-10-20,35545.9,6398.26,41944.16,INR,approved
M001,INV001489,ORD001493,Ecom Express,VINV-001489,2024-03-12,2024-02-22,2024-03-12,3166.18,569.91,3736.09,INR,approved
M001,INV001490,ORD002968,Ecom Express,VINV-001490,2024-05-03,2024-04-27,2024-05-03,994.89,179.08,1173.97,INR,rejected
M001,INV001491,ORD004826,Delhivery,VINV-001491,2024-08-04,2024-08-01,2024-08-04,4622.51,832.05,5454.56,INR,approved
M001,INV001492,ORD005147,Cashfree Fees,VINV-001492,2024-07-23,2024-06-26,2024-07-23,5159.75,928.76,6088.51,INR,approved
M001,INV001493,ORD006401,Bangalore Packaging Co,VINV-001493,2024-10-08,2024-09-10,2024-10-08,1418.8,255.38,1674.18,INR,approved
M001,INV001494,ORD007160,Delhivery,VINV-001494,2024-10-21,2024-10-18,2024-10-21,7368.68,1326.36,8695.04,INR,approved
M001,INV001495,ORD003795,Ecom Express,VINV-001495,2024-06-11,2024-05-15,2024-06-11,5717.01,1029.06,6746.07,INR,approved
M001,INV001496,ORD000977,Ecom Express,VINV-001496,2024-02-24,2024-02-08,2024-02-24,2033.82,366.09,2399.91,INR,approved
M001,INV001497,ORD004578,BlueDart,VINV-001497,2024-06-24,2024-06-15,2024-06-24,6419.29,1155.47,7574.76,INR,approved
M001,INV001498,ORD005761,Urban Warehouse Services,VINV-001498,2024-09-03,2024-08-18,2024-09-03,37959.36,6832.68,44792.04,INR,approved
M001,INV001499,ORD002492,Shiprocket,VINV-001499,2024-04-07,2024-03-22,2024-04-07,6056.18,1090.11,7146.29,INR,approved
M001,INV001500,ORD002810,Xpressbees,VINV-001500,2024-04-17,2024-04-12,2024-04-17,41642.62,7495.67,49138.29,INR,approved
M001,INV001501,ORD004945,Bangalore Packaging Co,VINV-001501,2024-08-04,2024-07-05,2024-08-04,4353.83,783.69,5137.52,INR,approved
M001,INV001502,ORD001295,Bangalore Packaging Co,VINV-001502,2024-03-03,2024-02-18,2024-03-03,4535.75,816.43,5352.18,INR,approved
M001,INV001503,ORD009846,Razorpay Fees,VINV-001503,2025-01-16,2024-12-23,2025-01-16,3282.97,590.93,3873.9,INR,pending
M001,INV001504,ORD004767,Razorpay Fees,VINV-001504,2024-07-14,2024-07-06,2024-07-14,6668.42,1200.32,7868.74,INR,pending
M001,INV001505,ORD001376,Cashfree Fees,VINV-001505,2024-03-04,2024-02-09,2024-03-04,6105.81,1099.04,7204.85,INR,pending
M001,INV001506,ORD006937,Xpressbees,VINV-001506,2024-10-20,2024-09-26,2024-10-20,4936.42,888.56,5824.98,INR,approved
M001,INV001507,ORD006643,Razorpay Fees,VINV-001507,2024-09-24,2024-09-21,2024-09-24,3312.84,596.31,3909.15,INR,pending
M001,INV001508,ORD006026,Delhivery,VINV-001508,2024-09-04,2024-09-01,2024-09-04,3052.78,549.5,3602.28,INR,approved
M001,INV001509,ORD007436,Shiprocket,VINV-001509,2024-11-08,2024-10-31,2024-11-08,1984.91,357.28,2342.19,INR,approved
M001,INV001510,ORD004551,BlueDart,VINV-001510,2024-07-15,2024-07-08,2024-07-15,3355.09,603.92,3959.01,INR,approved
M001,INV001511,ORD001698,Ecom Express,VINV-001511,2024-03-18,2024-03-01,2024-03-18,2468.27,444.29,2912.56,INR,approved
M001,INV001512,ORD000854,Cashfree Fees,VINV-001512,2024-02-01,2024-01-14,2024-02-01,2999.54,539.92,3539.46,INR,approved
M001,INV001513,ORD000171,Bangalore Packaging Co,VINV-001513,2024-01-20,2024-01-15,2024-01-20,5882.32,1058.82,6941.14,INR,approved
M001,INV001514,ORD009702,Urban Warehouse Services,VINV-001514,2025-01-07,2024-12-26,2025-01-07,4889.03,880.02,5769.05,INR,pending
M001,INV001515,ORD007573,Ecom Express,VINV-001515,2024-11-12,2024-10-17,2024-11-12,1131.42,203.66,1335.08,INR,pending
M001,INV001516,ORD006365,Shiprocket,VINV-001516,2024-10-09,2024-10-05,2024-10-09,3278.97,590.22,3869.19,INR,approved
M001,INV001517,ORD006154,Xpressbees,VINV-001517,2024-09-06,2024-08-12,2024-09-06,3698.38,665.71,4364.09,INR,disputed
M001,INV001518,ORD005345,Urban Warehouse Services,VINV-001518,2024-08-13,2024-07-21,2024-08-13,2482.06,446.77,2928.83,INR,pending
M001,INV001519,ORD000228,BlueDart,VINV-001519,2024-01-14,2023-12-28,2024-01-14,3143.69,565.86,3709.55,INR,approved
M001,INV001520,ORD007198,Shiprocket,VINV-001520,2024-11-06,2024-11-03,2024-11-06,1350.83,243.15,1593.98,INR,approved
M001,INV001521,ORD001181,Cashfree Fees,VINV-001521,2024-02-22,2024-02-07,2024-02-22,2470.67,444.72,2915.39,INR,approved
M001,INV001522,ORD006266,Delhivery,VINV-001522,2024-10-01,2024-09-23,2024-10-01,5380.2,968.44,6348.64,INR,pending
M001,INV001523,ORD009317,Ecom Express,VINV-001523,2024-12-31,2024-12-04,2024-12-31,3040.62,547.31,3587.93,INR,disputed
M001,INV001524,ORD002905,Xpressbees,VINV-001524,2024-05-03,2024-04-21,2024-05-03,470.51,84.69,555.2,INR,approved
M001,INV001525,ORD008261,Ecom Express,VINV-001525,2024-12-03,2024-11-22,2024-12-03,2688.51,483.93,3172.44,INR,approved
M001,INV001526,ORD003525,Bangalore Packaging Co,VINV-001526,2024-05-11,2024-05-01,2024-05-11,1319.9,237.58,1557.48,INR,approved
M001,INV001527,VORD000054,Xpressbees,VINV-001527,2024-09-04,2024-08-24,2024-09-04,14780.6,2660.51,17441.11,INR,approved
M001,INV001528,ORD007005,Delhivery,VINV-001528,2024-10-30,2024-10-03,2024-10-30,7205.6,1297.01,8502.61,INR,approved
M001,INV001529,ORD000224,Shiprocket,VINV-001529,2024-01-17,2023-12-31,2024-01-17,2726.92,490.84,3217.76,INR,approved
M001,INV001530,ORD005247,Delhivery,VINV-001530,2024-07-30,2024-07-19,2024-07-30,3336.7,600.61,3937.31,INR,approved
M001,INV001531,ORD003263,Cashfree Fees,VINV-001531,2024-05-07,2024-04-19,2024-05-07,5163.96,929.51,6093.47,INR,approved
M001,INV001532,ORD005273,AdGrowth Marketing,VINV-001532,2024-08-21,2024-08-02,2024-08-21,3867.19,696.1,4563.29,INR,approved
M001,INV001533,ORD003470,Cashfree Fees,VINV-001533,2024-05-21,2024-05-19,2024-05-21,7891.19,1420.41,9311.6,INR,pending
M001,INV001534,ORD001287,Urban Warehouse Services,VINV-001534,2024-03-04,2024-02-25,2024-03-04,4369.58,786.52,5156.1,INR,approved
M001,INV001535,ORD006930,Delhivery,VINV-001535,2024-10-21,2024-10-07,2024-10-21,1943.52,349.83,2293.35,INR,approved
M001,INV001536,ORD005750,Bangalore Packaging Co,VINV-001536,2024-09-01,2024-08-30,2024-09-01,5340.68,961.32,6302.0,INR,approved
M001,INV001537,ORD009486,Urban Warehouse Services,VINV-001537,2024-12-28,2024-12-02,2024-12-28,6495.75,1169.23,7664.98,INR,disputed
M001,INV001538,VORD000081,AdGrowth Marketing,VINV-001538,2024-07-15,2024-06-19,2024-07-15,5847.93,1052.63,6900.56,INR,approved
M001,INV001539,ORD004212,Razorpay Fees,VINV-001539,2024-07-02,2024-06-12,2024-07-02,1079.36,194.29,1273.65,INR,approved
M001,INV001540,VORD000105,BlueDart,VINV-001540,2024-01-30,2024-01-17,2024-01-30,7061.74,1271.11,8332.85,INR,approved
M001,INV001541,ORD006724,Xpressbees,VINV-001541,2024-10-19,2024-09-21,2024-10-19,2504.39,450.79,2955.18,INR,pending
M001,INV001542,ORD008607,AdGrowth Marketing,VINV-001542,2024-12-04,2024-11-08,2024-12-04,1016.83,183.03,1199.86,INR,approved
M001,INV001543,ORD003424,AdGrowth Marketing,VINV-001543,2024-05-13,2024-04-24,2024-05-13,4694.41,844.99,5539.4,INR,approved
M001,INV001544,ORD002269,Bangalore Packaging Co,VINV-001544,2024-04-22,2024-04-09,2024-04-22,718.16,129.27,847.43,INR,approved
M001,INV001545,ORD009208,Razorpay Fees,VINV-001545,2024-12-23,2024-12-11,2024-12-23,2248.59,404.75,2653.34,INR,approved
M001,INV001546,ORD004628,BlueDart,VINV-001546,2024-07-22,2024-07-19,2024-07-22,5775.45,1039.58,6815.03,INR,pending
M001,INV001547,ORD000973,AdGrowth Marketing,VINV-001547,2024-02-02,2024-01-24,2024-02-02,1276.09,229.7,1505.79,INR,approved
M001,INV001548,ORD000285,Bangalore Packaging Co,VINV-001548,2024-02-02,2024-01-17,2024-02-02,6324.79,1138.46,7463.25,INR,pending
M001,INV001549,ORD008944,Bangalore Packaging Co,VINV-001549,2024-12-16,2024-12-01,2024-12-16,6894.4,1240.99,8135.39,INR,approved
M001,INV001550,ORD000971,AdGrowth Marketing,VINV-001550,2024-02-24,2024-02-17,2024-02-24,1649.78,296.96,1946.74,INR,pending
M001,INV001551,ORD003143,AdGrowth Marketing,VINV-001551,2024-05-20,2024-04-28,2024-05-20,7118.06,1281.25,8399.31,INR,disputed
M001,INV001552,ORD007347,Xpressbees,VINV-001552,2024-10-15,2024-09-16,2024-10-15,2389.01,430.02,2819.03,INR,approved
M001,INV001553,ORD007793,Delhivery,VINV-001553,2024-11-21,2024-10-27,2024-11-21,5887.74,1059.79,6947.53,INR,approved
M001,INV001554,ORD005742,Shiprocket,VINV-001554,2024-09-04,2024-08-08,2024-09-04,41897.82,7541.61,49439.43,INR,approved
M001,INV001555,ORD001548,Ecom Express,VINV-001555,2024-03-25,2024-02-25,2024-03-25,2028.68,365.16,2393.84,INR,approved
M001,INV001556,ORD002654,Razorpay Fees,VINV-001556,2024-04-30,2024-04-24,2024-04-30,7329.47,1319.31,8648.78,INR,approved
M001,INV001557,ORD009530,Ecom Express,VINV-001557,2024-12-30,2024-12-14,2024-12-30,944.57,170.02,1114.59,INR,approved
M001,INV001558,ORD006963,AdGrowth Marketing,VINV-001558,2024-10-25,2024-09-30,2024-10-25,2392.25,430.61,2822.86,INR,disputed
M001,INV001559,ORD004966,Urban Warehouse Services,VINV-001559,2024-07-21,2024-06-27,2024-07-21,36562.43,6581.24,43143.67,INR,pending
M001,INV001560,ORD000020,Ecom Express,VINV-001560,2024-01-26,2023-12-31,2024-01-26,5901.57,1062.28,6963.85,INR,approved
M001,INV001561,ORD006223,Xpressbees,VINV-001561,2024-09-19,2024-09-04,2024-09-19,5760.94,1036.97,6797.91,INR,approved
M001,INV001562,ORD007512,Cashfree Fees,VINV-001562,2024-11-12,2024-10-19,2024-11-12,520.54,93.7,614.24,INR,pending
M001,INV001563,ORD000948,Urban Warehouse Services,VINV-001563,2024-02-04,2024-02-01,2024-02-04,1424.39,256.39,1680.78,INR,approved
M001,INV001564,ORD001985,Bangalore Packaging Co,VINV-001564,2024-04-08,2024-04-02,2024-04-08,21909.14,3943.64,25852.78,INR,approved
M001,INV001565,ORD008686,Razorpay Fees,VINV-001565,2024-11-24,2024-11-17,2024-11-24,3887.04,699.67,4586.71,INR,disputed
M001,INV001566,ORD004467,Razorpay Fees,VINV-001566,2024-06-25,2024-06-09,2024-06-25,1124.95,202.49,1327.44,INR,pending
M001,INV001567,ORD003725,Razorpay Fees,VINV-001567,2024-06-03,2024-05-25,2024-06-03,2391.03,430.38,2821.41,INR,approved
M001,INV001568,ORD000944,Delhivery,VINV-001568,2024-02-20,2024-02-03,2024-02-20,10756.42,1936.16,12692.58,INR,approved
M001,INV001569,ORD000067,Razorpay Fees,VINV-001569,2024-01-21,2023-12-31,2024-01-21,5512.03,992.16,6504.19,INR,approved
M001,INV001570,ORD000552,AdGrowth Marketing,VINV-001570,2024-02-10,2024-01-12,2024-02-10,965.27,173.75,1139.02,INR,approved
M001,INV001571,ORD005913,AdGrowth Marketing,VINV-001571,2024-09-09,2024-08-26,2024-09-09,7717.66,1389.18,9106.84,INR,approved
M001,INV001572,ORD004953,Delhivery,VINV-001572,2024-07-30,2024-07-13,2024-07-30,3515.53,632.79,4148.32,INR,disputed
M001,INV001573,ORD007566,BlueDart,VINV-001573,2024-11-07,2024-10-08,2024-11-07,6528.2,1175.08,7703.28,INR,approved
M001,INV001574,ORD003257,Delhivery,VINV-001574,2024-05-18,2024-05-04,2024-05-18,3240.56,583.3,3823.86,INR,approved
M001,INV001575,ORD002238,Urban Warehouse Services,VINV-001575,2024-04-08,2024-03-24,2024-04-08,4197.42,755.53,4952.95,INR,approved
M001,INV001576,ORD009867,BlueDart,VINV-001576,2025-01-12,2025-01-08,2025-01-12,5693.42,1024.81,6718.23,INR,approved
M001,INV001577,ORD004270,Ecom Express,VINV-001577,2024-07-04,2024-06-19,2024-07-04,3035.14,546.33,3581.47,INR,pending
M001,INV001578,ORD008812,Bangalore Packaging Co,VINV-001578,2024-11-30,2024-11-01,2024-11-30,2844.64,512.04,3356.68,INR,approved
M001,INV001579,ORD005011,Bangalore Packaging Co,VINV-001579,2024-07-21,2024-06-25,2024-07-21,1146.72,206.41,1353.13,INR,approved
M001,INV001580,ORD006952,Ecom Express,VINV-001580,2024-10-12,2024-09-30,2024-10-12,4072.73,733.09,4805.82,INR,approved
M001,INV001581,ORD003650,Urban Warehouse Services,VINV-001581,2024-06-12,2024-06-09,2024-06-12,1654.79,297.86,1952.65,INR,approved
M001,INV001582,ORD005227,Xpressbees,VINV-001582,2024-08-23,2024-07-31,2024-08-23,9045.3,1628.15,10673.45,INR,approved
M001,INV001583,ORD008590,Shiprocket,VINV-001583,2024-11-30,2024-11-09,2024-11-30,33403.35,6012.6,39415.95,INR,approved
M001,INV001584,ORD006959,Bangalore Packaging Co,VINV-001584,2024-10-23,2024-10-01,2024-10-23,3012.08,542.17,3554.25,INR,approved
M001,INV001585,ORD001074,BlueDart,VINV-001585,2024-02-27,2024-02-15,2024-02-27,6093.39,1096.81,7190.2,INR,approved
M001,INV001586,ORD001624,Bangalore Packaging Co,VINV-001586,2024-02-29,2024-02-26,2024-02-29,1297.19,233.49,1530.68,INR,approved
M001,INV001587,VORD000057,Shiprocket,VINV-001587,2024-11-09,2024-10-20,2024-11-09,17761.36,3197.04,20958.4,INR,approved
M001,INV001588,ORD009743,Ecom Express,VINV-001588,2025-01-21,2025-01-20,2025-01-21,4622.84,832.11,5454.95,INR,approved
M001,INV001589,ORD007797,Cashfree Fees,VINV-001563,2024-11-10,2024-11-06,2024-11-10,2063.75,371.47,2435.22,INR,pending
M001,INV001590,ORD002534,Delhivery,VINV-001590,2024-04-20,2024-04-14,2024-04-20,4008.93,721.61,4730.54,INR,approved
M001,INV001591,ORD002450,Urban Warehouse Services,VINV-001591,2024-04-14,2024-03-27,2024-04-14,11309.38,2035.69,13345.07,INR,approved
M001,INV001592,ORD006492,Bangalore Packaging Co,VINV-001592,2024-09-19,2024-09-12,2024-09-19,3115.25,560.75,3676.0,INR,pending
M001,INV001593,ORD009363,Cashfree Fees,VINV-001593,2024-12-27,2024-12-04,2024-12-27,6826.39,1228.75,8055.14,INR,approved
M001,INV001594,ORD003249,Cashfree Fees,VINV-001594,2024-05-04,2024-04-24,2024-05-04,6957.83,1252.41,8210.24,INR,approved
M001,INV001595,VORD000014,Shiprocket,VINV-001595,2024-08-04,2024-07-31,2024-08-04,5517.07,993.07,6510.14,INR,pending
M001,INV001596,ORD008430,Bangalore Packaging Co,VINV-001596,2024-11-27,2024-11-20,2024-11-27,1610.2,289.84,1900.04,INR,approved
M001,INV001597,ORD004060,Urban Warehouse Services,VINV-001597,2024-06-03,2024-05-08,2024-06-03,1498.14,269.66,1767.8,INR,disputed
M001,INV001598,ORD006508,Xpressbees,VINV-001598,2024-10-05,2024-09-30,2024-10-05,1287.1,231.68,1518.78,INR,disputed
M001,INV001599,ORD008354,Shiprocket,VINV-001599,2024-11-19,2024-10-30,2024-11-19,2597.28,467.51,3064.79,INR,disputed
M001,INV001600,ORD001315,BlueDart,VINV-001600,2024-03-09,2024-02-15,2024-03-09,4942.01,889.56,5831.57,INR,approved
M001,INV001601,ORD008391,Delhivery,VINV-001601,2024-11-30,2024-11-20,2024-11-30,6472.72,1165.09,7637.81,INR,approved
M001,INV001602,ORD007554,Delhivery,VINV-001602,2024-10-25,2024-09-29,2024-10-25,4431.58,797.69,5229.27,INR,approved
M001,INV001603,ORD007169,Ecom Express,VINV-001603,2024-10-13,2024-10-07,2024-10-13,6786.65,1221.6,8008.25,INR,rejected
M001,INV001604,ORD002938,Ecom Express,VINV-001604,2024-05-03,2024-04-10,2024-05-03,2406.0,433.08,2839.08,INR,approved
M001,INV001605,ORD003739,BlueDart,VINV-001605,2024-05-23,2024-05-19,2024-05-23,5283.14,950.96,6234.1,INR,approved
M001,INV001606,ORD002169,Shiprocket,VINV-001606,2024-03-24,2024-03-19,2024-03-24,7071.57,1272.88,8344.45,INR,approved
M001,INV001607,ORD007902,BlueDart,VINV-001607,2024-11-18,2024-10-22,2024-11-18,36827.32,6628.92,43456.24,INR,approved
M001,INV001608,ORD005316,Xpressbees,VINV-001608,2024-07-31,2024-07-21,2024-07-31,5852.74,1053.49,6906.23,INR,pending
M001,INV001609,ORD009203,Bangalore Packaging Co,VINV-001609,2024-12-13,2024-11-28,2024-12-13,5812.69,1046.29,6858.98,INR,approved
M001,INV001610,ORD004838,Ecom Express,VINV-001610,2024-07-29,2024-07-11,2024-07-29,915.92,164.87,1080.79,INR,approved
M001,INV001611,ORD002301,AdGrowth Marketing,VINV-001611,2024-04-16,2024-03-19,2024-04-16,10070.88,1812.76,11883.64,INR,approved
M001,INV001612,ORD000782,Delhivery,VINV-001612,2024-02-04,2024-01-17,2024-02-04,7697.68,1385.58,9083.26,INR,approved
M001,INV001613,ORD001857,Shiprocket,VINV-001613,2024-03-30,2024-03-20,2024-03-30,373.84,67.29,441.13,INR,approved
M001,INV001614,ORD002610,Urban Warehouse Services,VINV-001614,2024-05-05,2024-04-15,2024-05-05,8228.59,1481.15,9709.74,INR,approved
M001,INV001615,ORD004508,Xpressbees,VINV-001615,2024-06-26,2024-06-04,2024-06-26,1887.92,339.83,2227.75,INR,approved
M001,INV001616,ORD007455,Ecom Express,VINV-001616,2024-11-10,2024-10-18,2024-11-10,3034.53,546.21,3580.74,INR,approved
M001,INV001617,ORD009593,AdGrowth Marketing,VINV-001617,2025-01-09,2024-12-17,2025-01-09,4905.52,882.99,5788.51,INR,approved
M001,INV001618,ORD005329,Ecom Express,VINV-001618,2024-08-23,2024-07-31,2024-08-23,5483.75,987.07,6470.82,INR,disputed
M001,INV001619,ORD004009,AdGrowth Marketing,VINV-001619,2024-06-27,2024-06-15,2024-06-27,2028.86,365.19,2394.05,INR,approved
M001,INV001620,VORD000047,BlueDart,VINV-001620,2024-08-30,2024-08-24,2024-08-30,37629.08,6773.23,44402.31,INR,approved
M001,INV001621,ORD002631,Cashfree Fees,VINV-001621,2024-04-10,2024-03-26,2024-04-10,13818.46,2487.32,16305.78,INR,approved
M001,INV001622,ORD004911,Delhivery,VINV-001622,2024-08-01,2024-07-20,2024-08-01,7973.47,1435.23,9408.7,INR,approved
M001,INV001623,ORD005658,Delhivery,VINV-001623,2024-08-26,2024-08-17,2024-08-26,6049.01,1088.82,7137.83,INR,approved
M001,INV001624,ORD009526,Cashfree Fees,VINV-001624,2024-12-21,2024-12-08,2024-12-21,2077.75,374.0,2451.75,INR,approved
M001,INV001625,ORD003022,Cashfree Fees,VINV-001625,2024-05-06,2024-04-13,2024-05-06,1879.84,338.37,2218.21,INR,approved
M001,INV001626,ORD006839,AdGrowth Marketing,VINV-001626,2024-10-10,2024-10-06,2024-10-10,22333.55,4020.04,26353.59,INR,approved
M001,INV001627,ORD003961,Razorpay Fees,VINV-001627,2024-06-22,2024-05-24,2024-06-22,5932.7,1067.89,7000.59,INR,approved
M001,INV001628,ORD009007,Delhivery,VINV-001628,2024-12-29,2024-12-20,2024-12-29,5448.43,980.72,6429.15,INR,approved
M001,INV001629,ORD003262,Bangalore Packaging Co,VINV-001629,2024-05-27,2024-05-22,2024-05-27,3402.98,612.54,4015.52,INR,approved
M001,INV001630,ORD002375,Shiprocket,VINV-001630,2024-04-03,2024-03-06,2024-04-03,2637.45,474.74,3112.19,INR,approved
M001,INV001631,ORD009906,Shiprocket,VINV-001631,2025-01-06,2024-12-30,2025-01-06,3889.14,700.04,4589.18,INR,approved
M001,INV001632,ORD006048,Shiprocket,VINV-001632,2024-08-30,2024-08-06,2024-08-30,1189.6,214.13,1403.73,INR,disputed
M001,INV001633,ORD005279,Delhivery,VINV-001633,2024-07-30,2024-07-20,2024-07-30,3650.98,657.18,4308.16,INR,approved
M001,INV001634,ORD008364,Bangalore Packaging Co,VINV-001634,2024-12-08,2024-11-25,2024-12-08,6540.08,1177.21,7717.29,INR,approved
M001,INV001635,ORD003248,Shiprocket,VINV-001446,2024-05-30,2024-05-08,2024-05-30,5820.55,1047.7,6868.25,INR,approved
M001,INV001636,ORD009762,Cashfree Fees,VINV-001636,2025-01-13,2025-01-10,2025-01-13,1270.11,228.62,1498.73,INR,approved
M001,INV001637,ORD004502,Urban Warehouse Services,VINV-001637,2024-06-28,2024-06-05,2024-06-28,689.27,124.07,813.34,INR,pending
M001,INV001638,ORD006955,Urban Warehouse Services,VINV-001638,2024-11-01,2024-10-19,2024-11-01,3927.91,707.02,4634.93,INR,pending
M001,INV001639,ORD004503,Ecom Express,VINV-001639,2024-07-04,2024-06-19,2024-07-04,1614.09,290.54,1904.63,INR,pending
M001,INV001640,ORD002592,BlueDart,VINV-001640,2024-04-29,2024-04-28,2024-04-29,1325.53,238.59,1564.12,INR,approved
M001,INV001641,ORD009076,AdGrowth Marketing,VINV-001641,2024-12-05,2024-11-24,2024-12-05,847.93,152.63,1000.56,INR,pending
M001,INV001642,ORD003196,Xpressbees,VINV-001642,2024-05-02,2024-04-05,2024-05-02,6181.04,1112.59,7293.63,INR,approved
M001,INV001643,ORD002782,Cashfree Fees,VINV-001643,2024-05-04,2024-05-01,2024-05-04,3088.25,555.88,3644.13,INR,approved
M001,INV001644,ORD002344,Ecom Express,VINV-001644,2024-04-17,2024-04-14,2024-04-17,7100.63,1278.11,8378.74,INR,approved
M001,INV001645,ORD004946,AdGrowth Marketing,VINV-001645,2024-07-31,2024-07-06,2024-07-31,5848.19,1052.68,6900.87,INR,pending
M001,INV001646,ORD005871,BlueDart,VINV-001646,2024-09-20,2024-09-01,2024-09-20,6813.28,1226.39,8039.67,INR,approved
M001,INV001647,ORD009201,Shiprocket,VINV-001647,2025-01-01,2024-12-19,2025-01-01,8441.55,1519.48,9961.03,INR,approved
M001,INV001648,ORD009551,Ecom Express,VINV-001648,2024-12-26,2024-12-25,2024-12-26,5339.53,961.11,6300.64,INR,disputed
M001,INV001649,ORD002549,Urban Warehouse Services,VINV-001649,2024-04-12,2024-04-03,2024-04-12,4956.08,892.09,5848.17,INR,disputed
M001,INV001650,ORD003439,Ecom Express,VINV-001650,2024-05-18,2024-05-17,2024-05-18,4643.08,835.75,5478.83,INR,approved
M001,INV001651,ORD007998,Ecom Express,VINV-001651,2024-11-07,2024-10-10,2024-11-07,19523.74,3514.27,23038.01,INR,approved
M001,INV001652,ORD008832,Xpressbees,VINV-001652,2024-11-29,2024-11-20,2024-11-29,6029.52,1085.31,7114.83,INR,approved
M001,INV001653,ORD003892,Bangalore Packaging Co,VINV-001653,2024-06-18,2024-06-13,2024-06-18,7132.45,1283.84,8416.29,INR,approved
M001,INV001654,ORD000944,Shiprocket,VINV-001654,2024-02-23,2024-02-21,2024-02-23,35445.75,6380.24,41825.99,INR,pending
M001,INV001655,ORD005956,Ecom Express,VINV-001655,2024-09-14,2024-08-21,2024-09-14,5618.17,1011.27,6629.44,INR,approved
M001,INV001656,ORD009397,Shiprocket,VINV-001656,2024-12-31,2024-12-02,2024-12-31,3355.73,604.03,3959.76,INR,approved
M001,INV001657,ORD007511,Shiprocket,VINV-001657,2024-11-15,2024-11-11,2024-11-15,3160.21,568.84,3729.05,INR,pending
M001,INV001658,ORD003828,Urban Warehouse Services,VINV-001658,2024-06-18,2024-05-29,2024-06-18,2476.66,445.8,2922.46,INR,rejected
M001,INV001659,ORD007431,Urban Warehouse Services,VINV-001659,2024-11-07,2024-10-21,2024-11-07,2686.08,483.49,3169.57,INR,approved
M001,INV001660,ORD005488,Ecom Express,VINV-001660,2024-08-26,2024-08-16,2024-08-26,5219.25,939.46,6158.71,INR,approved
M001,INV001661,ORD008150,Shiprocket,VINV-001661,2024-11-24,2024-11-16,2024-11-24,6746.72,1214.41,7961.13,INR,approved
M001,INV001662,ORD008415,AdGrowth Marketing,VINV-001662,2024-12-04,2024-11-24,2024-12-04,4818.71,867.37,5686.08,INR,approved
M001,INV001663,ORD009551,Ecom Express,VINV-001663,2025-01-12,2024-12-21,2025-01-12,5440.05,979.21,6419.26,INR,approved
M001,INV001664,ORD007118,AdGrowth Marketing,VINV-001664,2024-10-28,2024-10-14,2024-10-28,1658.22,298.48,1956.7,INR,approved
M001,INV001665,ORD006960,Razorpay Fees,VINV-001665,2024-10-28,2024-10-07,2024-10-28,1038.33,186.9,1225.23,INR,approved
M001,INV001666,ORD001891,Cashfree Fees,VINV-001666,2024-03-27,2024-03-26,2024-03-27,3312.24,596.2,3908.44,INR,approved
M001,INV001667,ORD000839,Xpressbees,VINV-001667,2024-02-18,2024-01-28,2024-02-18,7516.05,1352.89,8868.94,INR,approved
M001,INV001668,ORD009044,Cashfree Fees,VINV-001668,2024-12-21,2024-12-06,2024-12-21,4154.04,747.73,4901.77,INR,approved
M001,INV001669,ORD006685,Bangalore Packaging Co,VINV-001669,2024-10-05,2024-09-06,2024-10-05,2475.32,445.56,2920.88,INR,pending
M001,INV001670,ORD008327,Delhivery,VINV-001670,2024-12-07,2024-11-18,2024-12-07,6242.57,1123.66,7366.23,INR,approved
M001,INV001671,ORD009042,AdGrowth Marketing,VINV-001671,2024-12-30,2024-12-10,2024-12-30,4300.78,774.14,5074.92,INR,approved
M001,INV001672,ORD002894,Xpressbees,VINV-001672,2024-05-11,2024-04-13,2024-05-11,2849.88,512.98,3362.86,INR,rejected
M001,INV001673,ORD009790,Razorpay Fees,VINV-001673,2025-01-16,2024-12-24,2025-01-16,8404.05,1512.73,9916.78,INR,pending
M001,INV001674,ORD001670,Urban Warehouse Services,VINV-001674,2024-03-11,2024-02-23,2024-03-11,2267.36,408.13,2675.49,INR,approved
M001,INV001675,ORD006301,Shiprocket,VINV-001675,2024-09-16,2024-09-03,2024-09-16,4489.56,808.12,5297.68,INR,approved
M001,INV001676,ORD006153,Urban Warehouse Services,VINV-001676,2024-09-18,2024-09-03,2024-09-18,7707.21,1387.3,9094.51,INR,pending
M001,INV001677,ORD007642,Razorpay Fees,VINV-001677,2024-11-22,2024-11-14,2024-11-22,8356.93,1504.25,9861.18,INR,approved
M001,INV001678,ORD009797,Razorpay Fees,VINV-001678,2025-01-02,2024-12-28,2025-01-02,6941.07,1249.39,8190.46,INR,pending
M001,INV001679,ORD006326,Razorpay Fees,VINV-001679,2024-09-19,2024-08-23,2024-09-19,3793.37,682.81,4476.18,INR,rejected
M001,INV001680,ORD007339,AdGrowth Marketing,VINV-001680,2024-10-24,2024-10-07,2024-10-24,9660.03,1738.81,11398.84,INR,approved
M001,INV001681,ORD008940,Xpressbees,VINV-001681,2024-12-26,2024-12-04,2024-12-26,5200.58,936.1,6136.68,INR,approved
M001,INV001682,ORD001440,Urban Warehouse Services,VINV-001682,2024-03-06,2024-02-29,2024-03-06,7971.61,1434.89,9406.5,INR,approved
M001,INV001683,ORD000192,Urban Warehouse Services,VINV-001683,2024-01-24,2024-01-05,2024-01-24,389.21,70.06,459.27,INR,pending
M001,INV001684,ORD006555,Razorpay Fees,VINV-001684,2024-10-09,2024-09-27,2024-10-09,6436.43,1158.56,7594.99,INR,pending
M001,INV001685,ORD004384,Razorpay Fees,VINV-001685,2024-06-23,2024-06-06,2024-06-23,5265.5,947.79,6213.29,INR,approved
M001,INV001686,ORD004471,AdGrowth Marketing,VINV-001686,2024-06-21,2024-05-31,2024-06-21,8791.06,1582.39,10373.45,INR,approved
M001,INV001687,ORD005832,Xpressbees,VINV-001687,2024-09-11,2024-09-04,2024-09-11,1230.63,221.51,1452.14,INR,disputed
M001,INV001688,VORD000051,Delhivery,VINV-001688,2024-02-09,2024-01-29,2024-02-09,3407.96,613.43,4021.39,INR,disputed
M001,INV001689,ORD000725,Xpressbees,VINV-001689,2024-02-04,2024-01-07,2024-02-04,7056.21,1270.12,8326.33,INR,approved
M001,INV001690,ORD007741,Cashfree Fees,VINV-001690,2024-11-07,2024-10-27,2024-11-07,6470.71,1164.73,7635.44,INR,approved
M001,INV001691,ORD008055,BlueDart,VINV-001691,2024-11-06,2024-10-18,2024-11-06,6599.78,1187.96,7787.74,INR,approved
M001,INV001692,ORD001448,Bangalore Packaging Co,VINV-001692,2024-03-11,2024-03-08,2024-03-11,6231.91,1121.74,7353.65,INR,pending
M001,INV001693,ORD000246,AdGrowth Marketing,VINV-001693,2024-01-15,2023-12-17,2024-01-15,1685.69,303.42,1989.11,INR,approved
M001,INV001694,ORD009163,Razorpay Fees,VINV-001694,2024-12-08,2024-11-14,2024-12-08,5268.3,948.29,6216.59,INR,approved
M001,INV001695,ORD008904,Ecom Express,VINV-001695,2024-12-13,2024-12-07,2024-12-13,4662.84,839.31,5502.15,INR,pending
M001,INV001696,ORD009095,AdGrowth Marketing,VINV-001696,2025-01-01,2024-12-21,2025-01-01,1271.88,228.94,1500.82,INR,approved
M001,INV001697,VORD000008,Razorpay Fees,VINV-001697,2024-09-19,2024-09-07,2024-09-19,24774.34,4459.38,29233.72,INR,approved
M001,INV001698,ORD005105,Bangalore Packaging Co,VINV-001698,2024-07-24,2024-07-22,2024-07-24,7056.71,1270.21,8326.92,INR,approved
M001,INV001699,ORD006901,Razorpay Fees,VINV-001699,2024-10-07,2024-09-29,2024-10-07,3818.32,687.3,4505.62,INR,pending
M001,INV001700,ORD000806,Ecom Express,VINV-001700,2024-02-15,2024-01-23,2024-02-15,1759.82,316.77,2076.59,INR,disputed
M001,INV001701,ORD000173,Bangalore Packaging Co,VINV-001701,2024-01-27,2024-01-06,2024-01-27,6379.39,1148.29,7527.68,INR,approved
M001,INV001702,ORD009521,Shiprocket,VINV-001702,2024-12-26,2024-12-23,2024-12-26,35187.04,6333.67,41520.71,INR,approved
M001,INV001703,ORD002840,Ecom Express,VINV-001703,2024-05-14,2024-04-23,2024-05-14,1171.96,210.95,1382.91,INR,approved
M001,INV001704,ORD000802,Xpressbees,VINV-001704,2024-01-29,2024-01-27,2024-01-29,3743.02,673.74,4416.76,INR,approved
M001,INV001705,ORD008800,BlueDart,VINV-001705,2024-12-20,2024-11-29,2024-12-20,5698.98,1025.82,6724.8,INR,approved
M001,INV001706,ORD006943,Xpressbees,VINV-001706,2024-10-06,2024-09-08,2024-10-06,4318.33,777.3,5095.63,INR,approved
M001,INV001707,ORD006318,Ecom Express,VINV-001707,2024-09-16,2024-09-11,2024-09-16,4253.33,765.6,5018.93,INR,pending
M001,INV001708,ORD006300,Urban Warehouse Services,VINV-001708,2024-10-05,2024-10-03,2024-10-05,5201.35,936.24,6137.59,INR,approved
M001,INV001709,ORD004726,Delhivery,VINV-001709,2024-07-08,2024-07-03,2024-07-08,7094.53,1277.02,8371.55,INR,approved
M001,INV001710,ORD004112,Xpressbees,VINV-001710,2024-06-05,2024-05-19,2024-06-05,8486.58,1527.58,10014.16,INR,approved
M001,INV001711,ORD004965,Delhivery,VINV-001711,2024-07-28,2024-07-06,2024-07-28,6398.75,1151.78,7550.53,INR,approved
M001,INV001712,ORD004401,Ecom Express,VINV-001712,2024-07-07,2024-06-16,2024-07-07,6537.58,1176.77,7714.35,INR,pending
M001,INV001713,ORD003287,AdGrowth Marketing,VINV-001713,2024-05-13,2024-05-08,2024-05-13,2540.15,457.23,2997.38,INR,pending
M001,INV001714,ORD004741,AdGrowth Marketing,VINV-001714,2024-07-22,2024-06-30,2024-07-22,5316.97,957.06,6274.03,INR,approved
M001,INV001715,ORD001841,Shiprocket,VINV-001715,2024-03-13,2024-03-10,2024-03-13,2324.19,418.36,2742.55,INR,approved
M001,INV001716,ORD003035,Cashfree Fees,VINV-001716,2024-05-20,2024-04-22,2024-05-20,4576.69,823.81,5400.5,INR,approved
M001,INV001717,ORD000759,Xpressbees,VINV-001717,2024-02-06,2024-01-09,2024-02-06,3677.54,661.96,4339.5,INR,pending
M001,INV001718,ORD006482,Bangalore Packaging Co,VINV-001718,2024-10-08,2024-09-11,2024-10-08,573.11,103.16,676.27,INR,approved
M001,INV001719,ORD001970,Bangalore Packaging Co,VINV-001719,2024-03-18,2024-03-13,2024-03-18,8120.64,1461.71,9582.35,INR,approved
M001,INV001720,ORD006135,Xpressbees,VINV-001720,2024-09-03,2024-08-26,2024-09-03,453.06,81.55,534.61,INR,approved
M001,INV001721,ORD002399,Xpressbees,VINV-001721,2024-04-25,2024-04-02,2024-04-25,4595.8,827.24,5423.04,INR,approved
M001,INV001722,ORD008130,Shiprocket,VINV-001722,2024-11-09,2024-10-30,2024-11-09,2781.52,500.67,3282.19,INR,approved
M001,INV001723,ORD004250,BlueDart,VINV-001723,2024-06-13,2024-05-23,2024-06-13,5335.57,960.4,6295.97,INR,approved
M001,INV001724,ORD007351,Xpressbees,VINV-001724,2024-10-15,2024-10-07,2024-10-15,3904.57,702.82,4607.39,INR,approved
M001,INV001725,ORD009067,Shiprocket,VINV-001725,2024-12-02,2024-11-23,2024-12-02,2304.36,414.79,2719.15,INR,approved
M001,INV001726,ORD006934,AdGrowth Marketing,VINV-001726,2024-10-16,2024-09-26,2024-10-16,2415.72,434.83,2850.55,INR,pending
M001,INV001727,ORD007650,Razorpay Fees,VINV-001727,2024-11-17,2024-10-21,2024-11-17,1624.49,292.41,1916.9,INR,approved
M001,INV001728,ORD004574,Bangalore Packaging Co,VINV-001728,2024-06-29,2024-06-15,2024-06-29,2019.7,363.55,2383.25,INR,approved
M001,INV001729,ORD008087,Cashfree Fees,VINV-001729,2024-11-14,2024-10-19,2024-11-14,1135.8,204.44,1340.24,INR,pending
M001,INV001730,ORD003377,Cashfree Fees,VINV-001730,2024-05-11,2024-05-02,2024-05-11,471.41,84.85,556.26,INR,approved
M001,INV001731,ORD000793,BlueDart,VINV-001731,2024-02-13,2024-01-15,2024-02-13,411.57,74.08,485.65,INR,disputed
M001,INV001732,ORD005587,Urban Warehouse Services,VINV-001732,2024-08-30,2024-08-11,2024-08-30,2686.24,483.52,3169.76,INR,approved
M001,INV001733,ORD004942,Cashfree Fees,VINV-001733,2024-07-20,2024-07-10,2024-07-20,1175.23,211.54,1386.77,INR,pending
M001,INV001734,ORD003575,Cashfree Fees,VINV-001734,2024-05-25,2024-05-05,2024-05-25,1672.25,301.01,1973.26,INR,approved
M001,INV001735,ORD004027,Razorpay Fees,VINV-001735,2024-06-20,2024-06-07,2024-06-20,962.49,173.25,1135.74,INR,approved
M001,INV001736,ORD007071,Delhivery,VINV-001736,2024-10-08,2024-09-16,2024-10-08,4901.83,882.33,5784.16,INR,disputed
M001,INV001737,ORD008265,Ecom Express,VINV-001737,2024-11-26,2024-11-10,2024-11-26,628.93,113.21,742.14,INR,approved
M001,INV001738,ORD002160,Ecom Express,VINV-001738,2024-04-14,2024-03-24,2024-04-14,3212.89,578.32,3791.21,INR,approved
M001,INV001739,ORD006930,Bangalore Packaging Co,VINV-001739,2024-10-09,2024-10-05,2024-10-09,1926.43,346.76,2273.19,INR,approved
M001,INV001740,ORD007703,BlueDart,VINV-001740,2024-10-30,2024-10-25,2024-10-30,2456.28,442.13,2898.41,INR,approved
M001,INV001741,ORD005381,Razorpay Fees,VINV-001741,2024-08-24,2024-07-25,2024-08-24,1464.63,263.63,1728.26,INR,approved
M001,INV001742,ORD002896,AdGrowth Marketing,VINV-001742,2024-05-01,2024-04-08,2024-05-01,6222.72,1120.09,7342.81,INR,approved
M001,INV001743,ORD007321,Shiprocket,VINV-001743,2024-10-19,2024-10-01,2024-10-19,3950.31,711.05,4661.36,INR,approved
M001,INV001744,ORD005006,AdGrowth Marketing,VINV-001744,2024-08-05,2024-07-13,2024-08-05,5556.7,1000.21,6556.91,INR,approved
M001,INV001745,ORD003359,BlueDart,VINV-001745,2024-05-12,2024-04-26,2024-05-12,1386.08,249.5,1635.58,INR,approved
M001,INV001746,ORD000525,Shiprocket,VINV-001746,2024-01-22,2023-12-31,2024-01-22,8002.11,1440.38,9442.49,INR,pending
M001,INV001747,ORD004069,Urban Warehouse Services,VINV-001747,2024-06-11,2024-05-27,2024-06-11,3869.36,696.49,4565.85,INR,approved
M001,INV001748,ORD002387,Razorpay Fees,VINV-001748,2024-04-18,2024-04-06,2024-04-18,4508.54,811.54,5320.08,INR,approved
M001,INV001749,ORD006797,Shiprocket,VINV-001749,2024-10-25,2024-10-12,2024-10-25,2584.34,465.18,3049.52,INR,pending
M001,INV001750,ORD000052,Xpressbees,VINV-001750,2024-01-30,2024-01-02,2024-01-30,1725.31,310.55,2035.86,INR,rejected
M001,INV001751,ORD005553,Cashfree Fees,VINV-001751,2024-08-22,2024-07-30,2024-08-22,3106.79,559.22,3666.01,INR,approved
M001,INV001752,ORD006209,Urban Warehouse Services,VINV-001752,2024-09-15,2024-08-23,2024-09-15,1955.25,351.94,2307.19,INR,approved
M001,INV001753,ORD002133,Urban Warehouse Services,VINV-001753,2024-03-31,2024-03-07,2024-03-31,9759.53,1756.71,11516.24,INR,pending
M001,INV001754,ORD005491,Urban Warehouse Services,VINV-001754,2024-08-21,2024-07-28,2024-08-21,8712.58,1568.27,10280.85,INR,approved
M001,INV001755,ORD006819,Ecom Express,VINV-001755,2024-10-23,2024-10-21,2024-10-23,5348.74,962.77,6311.51,INR,approved
M001,INV001756,ORD003880,BlueDart,VINV-001756,2024-06-22,2024-05-23,2024-06-22,7401.17,1332.21,8733.38,INR,approved
M001,INV001757,ORD009828,BlueDart,VINV-001757,2025-01-15,2025-01-08,2025-01-15,5376.45,967.76,6344.21,INR,disputed
M001,INV001758,ORD007975,BlueDart,VINV-001758,2024-12-01,2024-11-07,2024-12-01,7841.26,1411.43,9252.69,INR,approved
M001,INV001759,ORD006772,Delhivery,VINV-001759,2024-09-28,2024-09-26,2024-09-28,5301.92,954.34,6256.26,INR,disputed
M001,INV001760,ORD005094,AdGrowth Marketing,VINV-001760,2024-08-15,2024-08-02,2024-08-15,2068.66,372.36,2441.02,INR,disputed
M001,INV001761,ORD000472,Ecom Express,VINV-000682,2024-02-04,2024-01-18,2024-02-04,1758.65,316.56,2075.21,INR,pending
M001,INV001762,ORD000078,Cashfree Fees,VINV-001762,2024-01-19,2024-01-05,2024-01-19,6880.64,1238.51,8119.15,INR,approved
M001,INV001763,ORD005671,Cashfree Fees,VINV-001763,2024-08-15,2024-08-08,2024-08-15,7804.64,1404.84,9209.48,INR,approved
M001,INV001764,ORD008673,Bangalore Packaging Co,VINV-001764,2024-12-06,2024-11-15,2024-12-06,2988.37,537.91,3526.28,INR,approved
M001,INV001765,ORD003793,Ecom Express,VINV-001765,2024-05-30,2024-05-24,2024-05-30,1232.25,221.8,1454.05,INR,approved
M001,INV001766,ORD005885,AdGrowth Marketing,VINV-001766,2024-09-13,2024-08-30,2024-09-13,7979.07,1436.23,9415.3,INR,approved
M001,INV001767,ORD004336,Ecom Express,VINV-001767,2024-06-23,2024-05-27,2024-06-23,545.08,98.11,643.19,INR,pending
M001,INV001768,ORD007220,BlueDart,VINV-001768,2024-10-31,2024-10-29,2024-10-31,4631.14,833.61,5464.75,INR,approved
M001,INV001769,ORD003734,Razorpay Fees,VINV-001769,2024-05-29,2024-05-24,2024-05-29,6327.49,1138.95,7466.44,INR,approved
M001,INV001770,ORD000012,Urban Warehouse Services,VINV-001770,2024-01-20,2024-01-01,2024-01-20,5031.83,905.73,5937.56,INR,approved
M001,INV001771,ORD000717,AdGrowth Marketing,VINV-001771,2024-02-04,2024-02-01,2024-02-04,1599.55,287.92,1887.47,INR,approved
M001,INV001772,ORD009065,Ecom Express,VINV-001772,2024-12-19,2024-11-26,2024-12-19,4402.94,792.53,5195.47,INR,approved
M001,INV001773,ORD002049,Xpressbees,VINV-001773,2024-04-05,2024-04-01,2024-04-05,3007.59,541.37,3548.96,INR,pending
M001,INV001774,ORD004449,Bangalore Packaging Co,VINV-001774,2024-07-04,2024-06-26,2024-07-04,1258.53,226.53,1485.06,INR,disputed
M001,INV001775,ORD008890,Shiprocket,VINV-001775,2024-12-05,2024-11-27,2024-12-05,527.93,95.03,622.96,INR,approved
M001,INV001776,ORD008919,Shiprocket,VINV-001776,2024-12-09,2024-11-29,2024-12-09,7533.64,1356.05,8889.69,INR,approved
M001,INV001777,ORD001901,AdGrowth Marketing,VINV-001777,2024-04-04,2024-03-31,2024-04-04,4493.39,808.81,5302.2,INR,approved
M001,INV001778,ORD002124,Cashfree Fees,VINV-001778,2024-03-30,2024-03-29,2024-03-30,4325.15,778.53,5103.68,INR,approved
M001,INV001779,ORD006104,Delhivery,VINV-001779,2024-09-30,2024-09-19,2024-09-30,6570.87,1182.76,7753.63,INR,disputed
M001,INV001780,ORD005126,AdGrowth Marketing,VINV-001780,2024-07-29,2024-07-26,2024-07-29,20049.39,3608.89,23658.28,INR,approved
M001,INV001781,VORD000078,AdGrowth Marketing,VINV-001781,2024-05-18,2024-04-22,2024-05-18,29147.15,5246.49,34393.64,INR,approved
M001,INV001782,ORD000566,Urban Warehouse Services,VINV-001782,2024-01-22,2024-01-03,2024-01-22,1293.41,232.81,1526.22,INR,approved
M001,INV001783,ORD001358,Bangalore Packaging Co,VINV-001783,2024-02-27,2024-01-31,2024-02-27,2277.36,409.93,2687.29,INR,approved
M001,INV001784,ORD000677,Shiprocket,VINV-001784,2024-01-25,2023-12-28,2024-01-25,3641.54,655.48,4297.02,INR,approved
M001,INV001785,ORD007818,Shiprocket,VINV-001785,2024-10-31,2024-10-04,2024-10-31,4925.35,886.56,5811.91,INR,approved
M001,INV001786,VORD000067,Razorpay Fees,VINV-001786,2024-12-22,2024-12-07,2024-12-22,23403.9,4212.7,27616.6,INR,pending
M001,INV001787,ORD005421,Xpressbees,VINV-001787,2024-08-08,2024-07-28,2024-08-08,4213.08,758.36,4971.44,INR,approved
M001,INV001788,ORD001775,Bangalore Packaging Co,VINV-001788,2024-03-06,2024-02-10,2024-03-06,31842.2,5731.6,37573.8,INR,approved
M001,INV001789,ORD002532,BlueDart,VINV-001789,2024-04-27,2024-04-01,2024-04-27,21222.26,3820.01,25042.27,INR,disputed
M001,INV001790,ORD006173,Cashfree Fees,VINV-001790,2024-09-24,2024-09-06,2024-09-24,2377.14,427.89,2805.03,INR,approved
M001,INV001791,ORD004888,Delhivery,VINV-001791,2024-07-20,2024-07-13,2024-07-20,3570.91,642.76,4213.67,INR,disputed
M001,INV001792,ORD008966,AdGrowth Marketing,VINV-001792,2024-12-27,2024-12-25,2024-12-27,6914.25,1244.57,8158.82,INR,approved
M001,INV001793,ORD006607,Bangalore Packaging Co,VINV-001793,2024-10-21,2024-10-08,2024-10-21,1476.68,265.8,1742.48,INR,approved
M001,INV001794,ORD002726,BlueDart,VINV-001794,2024-04-20,2024-03-29,2024-04-20,34614.57,6230.62,40845.19,INR,approved
M001,INV001795,ORD008235,Urban Warehouse Services,VINV-001795,2024-11-21,2024-10-29,2024-11-21,7877.82,1418.01,9295.83,INR,approved
M001,INV001796,ORD000161,Shiprocket,VINV-001796,2024-01-17,2024-01-15,2024-01-17,5850.16,1053.03,6903.19,INR,approved
M001,INV001797,ORD004626,Urban Warehouse Services,VINV-001797,2024-07-22,2024-07-21,2024-07-22,4960.13,892.82,5852.95,INR,approved
M001,INV001798,ORD001981,AdGrowth Marketing,VINV-001798,2024-04-02,2024-03-07,2024-04-02,1050.8,189.14,1239.94,INR,approved
M001,INV001799,ORD000970,Razorpay Fees,VINV-001799,2024-02-07,2024-01-20,2024-02-07,39062.49,7031.25,46093.74,INR,approved
M001,INV001800,ORD002559,BlueDart,VINV-001800,2024-04-07,2024-03-21,2024-04-07,7526.77,1354.82,8881.59,INR,approved
M001,INV001801,ORD002594,Cashfree Fees,VINV-001801,2024-04-18,2024-04-06,2024-04-18,6916.7,1245.01,8161.71,INR,approved
M001,INV001802,ORD002588,BlueDart,VINV-001802,2024-05-04,2024-04-11,2024-05-04,7115.37,1280.77,8396.14,INR,approved
M001,INV001803,ORD006190,Ecom Express,VINV-001803,2024-09-22,2024-09-12,2024-09-22,7300.29,1314.05,8614.34,INR,pending
M001,INV001804,ORD000566,Cashfree Fees,VINV-001804,2024-01-19,2023-12-25,2024-01-19,1294.87,233.08,1527.95,INR,approved
M001,INV001805,ORD006152,Razorpay Fees,VINV-001805,2024-09-21,2024-08-23,2024-09-21,1493.16,268.77,1761.93,INR,approved
M001,INV001806,ORD001663,Delhivery,VINV-001806,2024-03-05,2024-02-28,2024-03-05,5994.37,1078.99,7073.36,INR,approved
M001,INV001807,ORD000226,Xpressbees,VINV-001807,2024-01-25,2024-01-19,2024-01-25,8017.95,1443.23,9461.18,INR,approved
M001,INV001808,ORD008608,Ecom Express,VINV-001808,2024-11-24,2024-11-05,2024-11-24,520.11,93.62,613.73,INR,approved
M001,INV001809,ORD001943,Bangalore Packaging Co,VINV-001809,2024-04-07,2024-03-15,2024-04-07,7086.58,1275.58,8362.16,INR,approved
M001,INV001810,ORD006247,Ecom Express,VINV-001810,2024-10-06,2024-09-21,2024-10-06,758.31,136.5,894.81,INR,pending
M001,INV001811,VORD000074,Cashfree Fees,VINV-001811,2024-03-24,2024-03-10,2024-03-24,34628.31,6233.1,40861.41,INR,approved
M001,INV001812,VORD000100,BlueDart,VINV-001812,2024-03-18,2024-02-27,2024-03-18,10280.24,1850.44,12130.68,INR,approved
M001,INV001813,ORD002242,Shiprocket,VINV-001813,2024-04-22,2024-03-31,2024-04-22,5622.04,1011.97,6634.01,INR,approved
M001,INV001814,ORD008719,Delhivery,VINV-000114,2024-12-08,2024-11-20,2024-12-08,4586.53,825.58,5412.11,INR,approved
M001,INV001815,ORD000918,Delhivery,VINV-001815,2024-02-23,2024-02-04,2024-02-23,5913.74,1064.47,6978.21,INR,disputed
M001,INV001816,ORD008464,Cashfree Fees,VINV-001816,2024-11-21,2024-11-11,2024-11-21,5953.75,1071.67,7025.42,INR,approved
M001,INV001817,ORD003978,Shiprocket,VINV-001817,2024-06-21,2024-06-12,2024-06-21,844.42,152.0,996.42,INR,approved
M001,INV001818,ORD002304,AdGrowth Marketing,VINV-001818,2024-04-09,2024-03-20,2024-04-09,606.34,109.14,715.48,INR,approved
M001,INV001819,ORD004275,Cashfree Fees,VINV-001819,2024-07-02,2024-06-12,2024-07-02,2716.58,488.99,3205.57,INR,approved
M001,INV001820,ORD008713,Delhivery,VINV-001820,2024-12-01,2024-11-11,2024-12-01,7566.6,1361.99,8928.59,INR,approved
M001,INV001821,ORD006934,BlueDart,VINV-001821,2024-11-01,2024-10-18,2024-11-01,2332.31,419.82,2752.13,INR,approved
M001,INV001822,ORD000764,Delhivery,VINV-001822,2024-02-22,2024-02-03,2024-02-22,521.98,93.96,615.94,INR,approved
M001,INV001823,ORD008790,BlueDart,VINV-001823,2024-11-30,2024-11-22,2024-11-30,5603.97,1008.72,6612.69,INR,pending
M001,INV001824,ORD002661,Shiprocket,VINV-001824,2024-04-26,2024-04-25,2024-04-26,4415.16,794.73,5209.89,INR,pending
M001,INV001825,ORD002352,Cashfree Fees,VINV-001825,2024-04-23,2024-03-27,2024-04-23,4682.69,842.88,5525.57,INR,rejected
M001,INV001826,VORD000016,BlueDart,VINV-001826,2024-04-29,2024-04-17,2024-04-29,30062.86,5411.31,35474.17,INR,approved
M001,INV001827,ORD007957,BlueDart,VINV-001290,2024-11-07,2024-11-06,2024-11-07,3346.25,602.32,3948.57,INR,approved
M001,INV001828,ORD003763,Delhivery,VINV-001828,2024-05-21,2024-05-18,2024-05-21,5857.29,1054.31,6911.6,INR,approved
M001,INV001829,ORD003652,Bangalore Packaging Co,VINV-001829,2024-06-13,2024-05-23,2024-06-13,1108.86,199.6,1308.46,INR,pending
M001,INV001830,ORD003647,AdGrowth Marketing,VINV-001830,2024-05-23,2024-05-03,2024-05-23,7684.58,1383.23,9067.81,INR,approved
M001,INV001831,ORD003113,Xpressbees,VINV-001831,2024-05-19,2024-05-02,2024-05-19,4974.24,895.36,5869.6,INR,pending
M001,INV001832,ORD009139,Delhivery,VINV-001832,2024-12-08,2024-12-07,2024-12-08,533.0,95.94,628.94,INR,pending
M001,INV001833,ORD002136,Xpressbees,VINV-001833,2024-03-25,2024-03-19,2024-03-25,7588.72,1365.97,8954.69,INR,approved
M001,INV001834,ORD006179,BlueDart,VINV-001834,2024-09-10,2024-08-27,2024-09-10,4574.75,823.46,5398.21,INR,disputed
M001,INV001835,ORD000596,Delhivery,VINV-002928,2024-01-22,2023-12-30,2024-01-22,5486.68,987.6,6474.28,INR,rejected
M001,INV001836,ORD001544,Delhivery,VINV-001836,2024-03-09,2024-02-21,2024-03-09,3310.93,595.97,3906.9,INR,approved
M001,INV001837,ORD001874,Ecom Express,VINV-001837,2024-03-20,2024-03-14,2024-03-20,1582.77,284.9,1867.67,INR,approved
M001,INV001838,ORD007228,Shiprocket,VINV-001838,2024-10-20,2024-10-18,2024-10-20,4521.52,813.87,5335.39,INR,approved
M001,INV001839,ORD002287,BlueDart,VINV-001839,2024-04-05,2024-03-20,2024-04-05,4544.95,818.09,5363.04,INR,approved
M001,INV001840,ORD002369,Bangalore Packaging Co,VINV-001840,2024-04-18,2024-04-04,2024-04-18,7618.94,1371.41,8990.35,INR,approved
M001,INV001841,ORD006799,Cashfree Fees,VINV-001841,2024-10-14,2024-09-30,2024-10-14,4225.38,760.57,4985.95,INR,approved
M001,INV001842,ORD006642,Ecom Express,VINV-001842,2024-10-18,2024-09-27,2024-10-18,1934.11,348.14,2282.25,INR,approved
M001,INV001843,ORD004998,Xpressbees,VINV-001843,2024-07-26,2024-07-18,2024-07-26,5399.92,971.98,6371.9,INR,approved
M001,INV001844,ORD006414,Delhivery,VINV-001844,2024-10-12,2024-09-13,2024-10-12,2501.83,450.33,2952.16,INR,approved
M001,INV001845,ORD006128,Urban Warehouse Services,VINV-001845,2024-09-24,2024-08-28,2024-09-24,22014.29,3962.57,25976.86,INR,approved
M001,INV001846,ORD003946,Shiprocket,VINV-001846,2024-06-23,2024-06-10,2024-06-23,3056.12,550.1,3606.22,INR,pending
M001,INV001847,ORD009335,Razorpay Fees,VINV-001847,2024-12-16,2024-11-19,2024-12-16,4005.59,721.01,4726.6,INR,pending
M001,INV001848,VORD000041,AdGrowth Marketing,VINV-001848,2024-09-23,2024-08-25,2024-09-23,9836.72,1770.61,11607.33,INR,approved
M001,INV001849,ORD000887,BlueDart,VINV-001849,2024-01-29,2024-01-14,2024-01-29,3568.51,642.33,4210.84,INR,approved
M001,INV001850,ORD005727,Xpressbees,VINV-001850,2024-09-11,2024-08-14,2024-09-11,21471.33,3864.84,25336.17,INR,approved
M001,INV001851,ORD009870,AdGrowth Marketing,VINV-001851,2025-01-24,2025-01-03,2025-01-24,6509.83,1171.77,7681.6,INR,approved
M001,INV001852,ORD000058,BlueDart,VINV-001852,2024-01-30,2024-01-21,2024-01-30,5451.46,981.26,6432.72,INR,approved
M001,INV001853,ORD004847,BlueDart,VINV-001853,2024-07-30,2024-07-23,2024-07-30,6496.69,1169.4,7666.09,INR,approved
M001,INV001854,ORD009037,Shiprocket,VINV-001854,2024-12-02,2024-11-10,2024-12-02,3563.52,641.43,4204.95,INR,approved
M001,INV001855,ORD007680,Delhivery,VINV-001855,2024-10-31,2024-10-29,2024-10-31,1581.59,284.69,1866.28,INR,approved
M001,INV001856,ORD006044,Shiprocket,VINV-001856,2024-09-13,2024-09-05,2024-09-13,3722.81,670.1,4392.91,INR,approved
M001,INV001857,ORD003948,Ecom Express,VINV-001857,2024-05-31,2024-05-13,2024-05-31,814.66,146.64,961.3,INR,rejected
M001,INV001858,ORD003720,Razorpay Fees,VINV-001858,2024-06-01,2024-05-14,2024-06-01,5779.04,1040.23,6819.27,INR,approved
M001,INV001859,ORD001618,AdGrowth Marketing,VINV-001859,2024-03-14,2024-02-14,2024-03-14,5575.28,1003.55,6578.83,INR,approved
M001,INV001860,ORD003671,BlueDart,VINV-001860,2024-06-08,2024-06-05,2024-06-08,5898.14,1061.67,6959.81,INR,approved
M001,INV001861,ORD002613,Delhivery,VINV-001861,2024-04-10,2024-03-16,2024-04-10,27803.26,5004.59,32807.85,INR,approved
M001,INV001862,ORD008766,BlueDart,VINV-001862,2024-12-01,2024-11-18,2024-12-01,2364.76,425.66,2790.42,INR,rejected
M001,INV001863,ORD001070,Shiprocket,VINV-001863,2024-02-09,2024-02-03,2024-02-09,7651.0,1377.18,9028.18,INR,approved
M001,INV001864,ORD004656,BlueDart,VINV-001864,2024-07-03,2024-06-05,2024-07-03,4382.59,788.87,5171.46,INR,approved
M001,INV001865,ORD001027,Ecom Express,VINV-001865,2024-02-03,2024-01-25,2024-02-03,5291.05,952.39,6243.44,INR,disputed
M001,INV001866,ORD008273,Cashfree Fees,VINV-001866,2024-11-12,2024-10-14,2024-11-12,1363.04,245.35,1608.39,INR,approved
M001,INV001867,ORD007410,Urban Warehouse Services,VINV-001867,2024-11-11,2024-10-20,2024-11-11,2831.97,509.76,3341.73,INR,approved
M001,INV001868,ORD008735,Ecom Express,VINV-001868,2024-11-30,2024-11-14,2024-11-30,4936.95,888.65,5825.6,INR,disputed
M001,INV001869,ORD007751,Urban Warehouse Services,VINV-001869,2024-11-19,2024-10-29,2024-11-19,3134.37,564.19,3698.56,INR,pending
M001,INV001870,ORD006158,Delhivery,VINV-001870,2024-09-23,2024-08-29,2024-09-23,6301.41,1134.25,7435.66,INR,approved
M001,INV001871,ORD007159,Cashfree Fees,VINV-001871,2024-10-29,2024-10-11,2024-10-29,1127.17,202.89,1330.06,INR,approved
M001,INV001872,ORD005259,Urban Warehouse Services,VINV-001872,2024-08-26,2024-08-13,2024-08-26,3087.54,555.76,3643.3,INR,approved
M001,INV001873,ORD006110,Shiprocket,VINV-001873,2024-10-01,2024-09-10,2024-10-01,2454.82,441.87,2896.69,INR,approved
M001,INV001874,ORD005279,Urban Warehouse Services,VINV-001874,2024-08-27,2024-08-08,2024-08-27,3705.36,666.97,4372.33,INR,approved
M001,INV001875,ORD001110,Urban Warehouse Services,VINV-001875,2024-02-29,2024-02-11,2024-02-29,6356.53,1144.18,7500.71,INR,approved
M001,INV001876,ORD002762,AdGrowth Marketing,VINV-001876,2024-05-01,2024-04-30,2024-05-01,1418.5,255.33,1673.83,INR,approved
M001,INV001877,ORD001236,Cashfree Fees,VINV-001877,2024-03-08,2024-03-02,2024-03-08,6984.67,1257.24,8241.91,INR,approved
M001,INV001878,ORD004010,Shiprocket,VINV-001878,2024-06-04,2024-06-02,2024-06-04,3127.36,562.92,3690.28,INR,approved
M001,INV001879,ORD005989,Urban Warehouse Services,VINV-001879,2024-09-08,2024-08-31,2024-09-08,2896.6,521.39,3417.99,INR,approved
M001,INV001880,ORD005522,Urban Warehouse Services,VINV-001880,2024-08-13,2024-07-23,2024-08-13,857.66,154.38,1012.04,INR,approved
M001,INV001881,ORD001777,Ecom Express,VINV-001881,2024-03-24,2024-03-21,2024-03-24,11298.85,2033.79,13332.64,INR,approved
M001,INV001882,ORD006372,Razorpay Fees,VINV-001882,2024-09-30,2024-09-09,2024-09-30,3752.87,675.52,4428.39,INR,approved
M001,INV001883,ORD004142,Shiprocket,VINV-001883,2024-06-23,2024-06-20,2024-06-23,4658.72,838.57,5497.29,INR,approved
M001,INV001884,ORD008303,Razorpay Fees,VINV-001884,2024-11-12,2024-11-05,2024-11-12,4875.08,877.51,5752.59,INR,approved
M001,INV001885,ORD007222,AdGrowth Marketing,VINV-001885,2024-11-10,2024-10-15,2024-11-10,6717.19,1209.09,7926.28,INR,approved
M001,INV001886,ORD007932,BlueDart,VINV-001886,2024-11-22,2024-11-06,2024-11-22,907.42,163.33,1070.75,INR,approved
M001,INV001887,ORD009918,Ecom Express,VINV-001887,2025-01-19,2024-12-25,2025-01-19,3702.67,666.48,4369.15,INR,pending
M001,INV001888,VORD000015,Razorpay Fees,VINV-001888,2024-06-08,2024-05-16,2024-06-08,851.72,153.31,1005.03,INR,approved
M001,INV001889,ORD000042,AdGrowth Marketing,VINV-001889,2024-01-17,2023-12-25,2024-01-17,2236.36,402.55,2638.91,INR,approved
M001,INV001890,ORD004986,BlueDart,VINV-001890,2024-08-06,2024-07-09,2024-08-06,3164.14,569.55,3733.69,INR,approved
M001,INV001891,ORD002248,Delhivery,VINV-001891,2024-04-16,2024-03-23,2024-04-16,2579.64,464.34,3043.98,INR,approved
M001,INV001892,ORD009510,Shiprocket,VINV-001892,2024-12-19,2024-12-08,2024-12-19,1204.06,216.73,1420.79,INR,pending
M001,INV001893,ORD006060,Cashfree Fees,VINV-001893,2024-09-17,2024-08-24,2024-09-17,7016.31,1262.93,8279.24,INR,pending
M001,INV001894,ORD000597,Bangalore Packaging Co,VINV-001894,2024-02-13,2024-01-25,2024-02-13,4044.27,727.97,4772.24,INR,pending
M001,INV001895,ORD006080,BlueDart,VINV-001895,2024-09-22,2024-09-04,2024-09-22,1595.84,287.25,1883.09,INR,approved
M001,INV001896,ORD001978,BlueDart,VINV-001896,2024-04-04,2024-03-05,2024-04-04,4729.02,851.22,5580.24,INR,approved
M001,INV001897,VORD000027,BlueDart,VINV-001897,2024-04-15,2024-03-29,2024-04-15,34490.42,6208.28,40698.7,INR,approved
M001,INV001898,ORD004142,Urban Warehouse Services,VINV-001898,2024-06-18,2024-06-09,2024-06-18,4786.98,861.66,5648.64,INR,pending
M001,INV001899,ORD000385,Shiprocket,VINV-001899,2024-01-24,2024-01-08,2024-01-24,8682.93,1562.93,10245.86,INR,approved
M001,INV001900,ORD009220,Ecom Express,VINV-002080,2024-12-22,2024-11-27,2024-12-22,1528.47,275.13,1803.6,INR,approved
M001,INV001901,ORD007688,Bangalore Packaging Co,VINV-001901,2024-11-11,2024-11-10,2024-11-11,9228.31,1661.09,10889.4,INR,pending
M001,INV001902,ORD007091,AdGrowth Marketing,VINV-001902,2024-10-29,2024-09-30,2024-10-29,3534.57,636.22,4170.79,INR,approved
M001,INV001903,ORD008729,Delhivery,VINV-001903,2024-12-22,2024-12-07,2024-12-22,6745.62,1214.21,7959.83,INR,approved
M001,INV001904,ORD007956,Urban Warehouse Services,VINV-001904,2024-11-16,2024-10-29,2024-11-16,9122.54,1642.06,10764.6,INR,approved
M001,INV001905,ORD003256,AdGrowth Marketing,VINV-001905,2024-05-31,2024-05-09,2024-05-31,2980.3,536.45,3516.75,INR,approved
M001,INV001906,ORD000155,Delhivery,VINV-001906,2024-01-31,2024-01-16,2024-01-31,7429.88,1337.38,8767.26,INR,approved
M001,INV001907,ORD002971,Bangalore Packaging Co,VINV-001907,2024-05-01,2024-04-08,2024-05-01,780.71,140.53,921.24,INR,approved
M001,INV001908,ORD006413,Xpressbees,VINV-001908,2024-09-25,2024-09-12,2024-09-25,36595.63,6587.21,43182.84,INR,disputed
M001,INV001909,ORD008402,Bangalore Packaging Co,VINV-001909,2024-12-01,2024-11-26,2024-12-01,6556.57,1180.18,7736.75,INR,approved
M001,INV001910,ORD001206,Urban Warehouse Services,VINV-001910,2024-02-20,2024-02-10,2024-02-20,4489.1,808.04,5297.14,INR,approved
M001,INV001911,ORD005291,Bangalore Packaging Co,VINV-001911,2024-08-20,2024-08-07,2024-08-20,6314.93,1136.69,7451.62,INR,approved
M001,INV001912,ORD004916,Cashfree Fees,VINV-001912,2024-07-29,2024-07-11,2024-07-29,649.27,116.87,766.14,INR,approved
M001,INV001913,ORD004787,Razorpay Fees,VINV-001913,2024-07-11,2024-06-17,2024-07-11,6206.22,1117.12,7323.34,INR,approved
M001,INV001914,VORD000048,Xpressbees,VINV-001914,2024-12-27,2024-12-04,2024-12-27,39517.46,7113.14,46630.6,INR,approved
M001,INV001915,ORD007412,Delhivery,VINV-001915,2024-11-03,2024-10-21,2024-11-03,1974.25,355.36,2329.61,INR,approved
M001,INV001916,VORD000091,Cashfree Fees,VINV-001916,2024-01-25,2024-01-10,2024-01-25,8320.78,1497.74,9818.52,INR,approved
M001,INV001917,ORD000947,Delhivery,VINV-001917,2024-01-31,2024-01-30,2024-01-31,3733.15,671.97,4405.12,INR,approved
M001,INV001918,ORD004429,Delhivery,VINV-001918,2024-07-11,2024-06-30,2024-07-11,31901.37,5742.25,37643.62,INR,approved
M001,INV001919,ORD000113,AdGrowth Marketing,VINV-001919,2024-01-20,2024-01-09,2024-01-20,3198.64,575.75,3774.39,INR,approved
M001,INV001920,ORD000263,Shiprocket,VINV-001920,2024-02-07,2024-01-24,2024-02-07,5162.0,929.16,6091.16,INR,approved
M001,INV001921,ORD009553,Bangalore Packaging Co,VINV-001921,2025-01-10,2024-12-29,2025-01-10,4396.8,791.42,5188.22,INR,approved
M001,INV001922,ORD002591,Urban Warehouse Services,VINV-001922,2024-04-25,2024-03-27,2024-04-25,5360.27,964.85,6325.12,INR,approved
M001,INV001923,ORD005617,Ecom Express,VINV-001923,2024-09-03,2024-08-13,2024-09-03,5424.67,976.44,6401.11,INR,approved
M001,INV001924,ORD003243,Bangalore Packaging Co,VINV-001924,2024-05-19,2024-05-02,2024-05-19,2266.76,408.02,2674.78,INR,approved
M001,INV001925,ORD003165,BlueDart,VINV-001925,2024-05-05,2024-04-08,2024-05-05,2980.43,536.48,3516.91,INR,approved
M001,INV001926,ORD005782,Xpressbees,VINV-001926,2024-08-23,2024-08-11,2024-08-23,8503.79,1530.68,10034.47,INR,disputed
M001,INV001927,ORD007493,Shiprocket,VINV-001927,2024-11-03,2024-10-10,2024-11-03,1085.62,195.41,1281.03,INR,approved
M001,INV001928,ORD008892,AdGrowth Marketing,VINV-001928,2024-12-25,2024-12-15,2024-12-25,2384.78,429.26,2814.04,INR,pending
M001,INV001929,ORD007175,AdGrowth Marketing,VINV-001929,2024-10-23,2024-10-09,2024-10-23,5619.99,1011.6,6631.59,INR,approved
M001,INV001930,ORD007332,Urban Warehouse Services,VINV-001930,2024-10-27,2024-10-06,2024-10-27,1725.36,310.56,2035.92,INR,approved
M001,INV001931,ORD000656,Razorpay Fees,VINV-001931,2024-02-05,2024-01-21,2024-02-05,6556.61,1180.19,7736.8,INR,approved
M001,INV001932,ORD007313,Shiprocket,VINV-001932,2024-10-30,2024-10-04,2024-10-30,882.81,158.9,1041.71,INR,approved
M001,INV001933,ORD007332,BlueDart,VINV-001933,2024-11-03,2024-10-06,2024-11-03,1407.26,253.31,1660.57,INR,approved
M001,INV001934,VORD000053,Ecom Express,VINV-001934,2024-12-04,2024-11-13,2024-12-04,30409.12,5473.64,35882.76,INR,approved
M001,INV001935,ORD005634,Urban Warehouse Services,VINV-001935,2024-08-27,2024-08-25,2024-08-27,3524.75,634.46,4159.21,INR,rejected
M001,INV001936,ORD000355,Bangalore Packaging Co,VINV-001936,2024-01-17,2023-12-28,2024-01-17,3495.31,629.16,4124.47,INR,pending
M001,INV001937,ORD005064,Ecom Express,VINV-001937,2024-08-17,2024-08-11,2024-08-17,5343.39,961.81,6305.2,INR,approved
M001,INV001938,ORD002337,AdGrowth Marketing,VINV-001938,2024-04-21,2024-04-10,2024-04-21,2997.74,539.59,3537.33,INR,pending
M001,INV001939,ORD006675,AdGrowth Marketing,VINV-001939,2024-10-19,2024-09-26,2024-10-19,3775.53,679.6,4455.13,INR,approved
M001,INV001940,ORD001243,Xpressbees,VINV-001940,2024-02-15,2024-01-19,2024-02-15,1364.24,245.56,1609.8,INR,approved
M001,INV001941,ORD002704,Shiprocket,VINV-001941,2024-05-03,2024-04-29,2024-05-03,1810.51,325.89,2136.4,INR,approved
M001,INV001942,ORD006579,Ecom Express,VINV-001942,2024-10-06,2024-10-01,2024-10-06,4435.93,798.47,5234.4,INR,approved
M001,INV001943,ORD008039,Cashfree Fees,VINV-001943,2024-11-17,2024-11-12,2024-11-17,4460.69,802.92,5263.61,INR,approved
M001,INV001944,ORD003641,AdGrowth Marketing,VINV-001944,2024-06-07,2024-06-04,2024-06-07,5157.38,928.33,6085.71,INR,approved
M001,INV001945,ORD000774,Bangalore Packaging Co,VINV-001945,2024-02-24,2024-02-12,2024-02-24,6618.64,1191.36,7810.0,INR,approved
M001,INV001946,ORD008368,Bangalore Packaging Co,VINV-001946,2024-11-24,2024-11-19,2024-11-24,3136.45,564.56,3701.01,INR,rejected
M001,INV001947,ORD008592,Razorpay Fees,VINV-001947,2024-11-26,2024-11-15,2024-11-26,5788.69,1041.97,6830.66,INR,approved
M001,INV001948,ORD001608,Ecom Express,VINV-001948,2024-03-19,2024-03-03,2024-03-19,2085.19,375.33,2460.52,INR,approved
M001,INV001949,ORD001051,Delhivery,VINV-001949,2024-02-10,2024-02-03,2024-02-10,8354.88,1503.88,9858.76,INR,approved
M001,INV001950,VORD000096,Urban Warehouse Services,VINV-001950,2024-05-19,2024-05-10,2024-05-19,33807.42,6085.33,39892.75,INR,approved
M001,INV001951,ORD001293,Razorpay Fees,VINV-001951,2024-02-25,2024-02-20,2024-02-25,2233.19,401.98,2635.17,INR,disputed
M001,INV001952,ORD007611,Ecom Express,VINV-001952,2024-11-05,2024-11-04,2024-11-05,8581.79,1544.72,10126.51,INR,approved
M001,INV001953,ORD000939,Razorpay Fees,VINV-001953,2024-02-22,2024-02-02,2024-02-22,7533.78,1356.08,8889.86,INR,pending
M001,INV001954,ORD005518,Cashfree Fees,VINV-001954,2024-09-03,2024-08-13,2024-09-03,6861.75,1235.11,8096.86,INR,pending
M001,INV001955,ORD000152,Bangalore Packaging Co,VINV-001955,2024-01-24,2023-12-28,2024-01-24,7302.27,1314.41,8616.68,INR,disputed
M001,INV001956,ORD000308,AdGrowth Marketing,VINV-001956,2024-02-08,2024-02-05,2024-02-08,3725.97,670.68,4396.65,INR,approved
M001,INV001957,ORD003487,Bangalore Packaging Co,VINV-001957,2024-06-02,2024-05-23,2024-06-02,912.25,164.21,1076.46,INR,approved
M001,INV001958,ORD003808,Xpressbees,VINV-001958,2024-06-04,2024-06-03,2024-06-04,4511.1,812.0,5323.1,INR,pending
M001,INV001959,ORD008961,Bangalore Packaging Co,VINV-001959,2024-12-20,2024-12-13,2024-12-20,3784.95,681.29,4466.24,INR,approved
M001,INV001960,ORD002542,Urban Warehouse Services,VINV-001960,2024-04-17,2024-04-05,2024-04-17,2641.77,475.52,3117.29,INR,approved
M001,INV001961,ORD002574,Urban Warehouse Services,VINV-001961,2024-04-21,2024-04-19,2024-04-21,3619.54,651.52,4271.06,INR,approved
M001,INV001962,ORD000157,Razorpay Fees,VINV-001962,2024-01-13,2024-01-07,2024-01-13,7359.76,1324.76,8684.52,INR,approved
M001,INV001963,ORD002848,Shiprocket,VINV-001963,2024-04-28,2024-04-15,2024-04-28,3764.05,677.53,4441.58,INR,approved
M001,INV001964,ORD004632,Razorpay Fees,VINV-001964,2024-07-11,2024-06-20,2024-07-11,6330.05,1139.41,7469.46,INR,approved
M001,INV001965,ORD007324,Delhivery,VINV-001965,2024-11-04,2024-10-24,2024-11-04,19103.69,3438.67,22542.36,INR,approved
M001,INV001966,ORD008625,Cashfree Fees,VINV-001966,2024-12-12,2024-11-29,2024-12-12,3642.6,655.67,4298.27,INR,approved
M001,INV001967,ORD008655,Xpressbees,VINV-001967,2024-12-12,2024-11-30,2024-12-12,1168.31,210.3,1378.61,INR,approved
M001,INV001968,ORD000605,Razorpay Fees,VINV-001968,2024-01-30,2024-01-20,2024-01-30,2210.58,397.91,2608.49,INR,disputed
M001,INV001969,ORD009385,BlueDart,VINV-001969,2024-12-18,2024-12-14,2024-12-18,3048.36,548.71,3597.07,INR,approved
M001,INV001970,ORD009714,Delhivery,VINV-001970,2025-01-18,2024-12-20,2025-01-18,6105.13,1098.92,7204.05,INR,disputed
M001,INV001971,ORD004112,Delhivery,VINV-001971,2024-06-15,2024-06-03,2024-06-15,8673.92,1561.3,10235.22,INR,approved
M001,INV001972,ORD005750,Ecom Express,VINV-001972,2024-08-29,2024-08-22,2024-08-29,5340.64,961.31,6301.95,INR,approved
M001,INV001973,ORD007089,Razorpay Fees,VINV-001973,2024-11-05,2024-10-29,2024-11-05,3939.91,709.18,4649.09,INR,pending
M001,INV001974,ORD004209,Urban Warehouse Services,VINV-001974,2024-06-07,2024-05-29,2024-06-07,4719.11,849.44,5568.55,INR,approved
M001,INV001975,ORD005931,Delhivery,VINV-001975,2024-09-19,2024-08-29,2024-09-19,21935.73,3948.43,25884.16,INR,approved
M001,INV001976,ORD007267,Cashfree Fees,VINV-001976,2024-10-26,2024-09-26,2024-10-26,8766.73,1578.01,10344.74,INR,approved
M001,INV001977,ORD000253,Razorpay Fees,VINV-001977,2024-02-07,2024-02-03,2024-02-07,1096.64,197.4,1294.04,INR,approved
M001,INV001978,ORD000460,Xpressbees,VINV-001978,2024-02-03,2024-01-06,2024-02-03,4441.1,799.4,5240.5,INR,pending
M001,INV001979,ORD004783,Razorpay Fees,VINV-001979,2024-07-18,2024-06-20,2024-07-18,4500.64,810.12,5310.76,INR,approved
M001,INV001980,ORD003716,Delhivery,VINV-001980,2024-06-01,2024-05-28,2024-06-01,1954.72,351.85,2306.57,INR,pending
M001,INV001981,ORD004927,BlueDart,VINV-001981,2024-07-20,2024-06-22,2024-07-20,41747.69,7514.58,49262.27,INR,approved
M001,INV001982,ORD007237,Urban Warehouse Services,VINV-001982,2024-11-05,2024-10-26,2024-11-05,6416.4,1154.95,7571.35,INR,pending
M001,INV001983,ORD008659,AdGrowth Marketing,VINV-001983,2024-12-01,2024-11-07,2024-12-01,3733.01,671.94,4404.95,INR,pending
M001,INV001984,ORD004814,AdGrowth Marketing,VINV-001984,2024-07-15,2024-06-15,2024-07-15,4934.38,888.19,5822.57,INR,approved
M001,INV001985,ORD000271,Delhivery,VINV-001985,2024-01-11,2023-12-26,2024-01-11,5137.05,924.67,6061.72,INR,approved
M001,INV001986,ORD004746,Ecom Express,VINV-001986,2024-07-13,2024-07-12,2024-07-13,6727.19,1210.9,7938.09,INR,approved
M001,INV001987,ORD003066,Bangalore Packaging Co,VINV-001987,2024-05-14,2024-04-19,2024-05-14,32229.45,5801.3,38030.75,INR,approved
M001,INV001988,ORD005919,Urban Warehouse Services,VINV-001988,2024-09-01,2024-08-07,2024-09-01,3129.49,563.31,3692.8,INR,approved
M001,INV001989,ORD001188,Cashfree Fees,VINV-001989,2024-02-11,2024-01-13,2024-02-11,6796.16,1223.31,8019.47,INR,approved
M001,INV001990,ORD004098,BlueDart,VINV-001990,2024-06-20,2024-05-24,2024-06-20,7745.5,1394.19,9139.69,INR,approved
M001,INV001991,VORD000022,Urban Warehouse Services,VINV-001991,2024-08-20,2024-07-30,2024-08-20,2758.8,496.58,3255.38,INR,approved
M001,INV001992,ORD007758,BlueDart,VINV-001992,2024-11-18,2024-10-20,2024-11-18,2372.18,426.99,2799.17,INR,approved
M001,INV001993,ORD002093,Xpressbees,VINV-001993,2024-04-07,2024-03-24,2024-04-07,7215.05,1298.71,8513.76,INR,approved
M001,INV001994,ORD008773,Urban Warehouse Services,VINV-001994,2024-12-06,2024-11-28,2024-12-06,6369.58,1146.53,7516.11,INR,approved
M001,INV001995,ORD008282,Urban Warehouse Services,VINV-001995,2024-11-19,2024-10-30,2024-11-19,1792.86,322.71,2115.57,INR,pending
M001,INV001996,ORD008900,Urban Warehouse Services,VINV-001996,2024-12-27,2024-12-26,2024-12-27,5259.26,946.67,6205.93,INR,approved
M001,INV001997,ORD008727,Bangalore Packaging Co,VINV-001997,2024-12-13,2024-11-15,2024-12-13,6052.99,1089.54,7142.53,INR,approved
M001,INV001998,ORD006490,Xpressbees,VINV-001998,2024-09-21,2024-09-03,2024-09-21,6619.43,1191.5,7810.93,INR,approved
M001,INV001999,ORD003622,Bangalore Packaging Co,VINV-001999,2024-05-28,2024-05-13,2024-05-28,2775.02,499.5,3274.52,INR,approved
M001,INV002000,ORD007021,Cashfree Fees,VINV-002000,2024-10-30,2024-10-03,2024-10-30,7656.44,1378.16,9034.6,INR,pending
M001,INV002001,ORD004875,Shiprocket,VINV-002001,2024-07-18,2024-06-26,2024-07-18,2965.47,533.78,3499.25,INR,pending
M001,INV002002,ORD002361,Urban Warehouse Services,VINV-002002,2024-04-26,2024-04-04,2024-04-26,8266.68,1488.0,9754.68,INR,pending
M001,INV002003,ORD000487,AdGrowth Marketing,VINV-002003,2024-01-30,2024-01-13,2024-01-30,6515.78,1172.84,7688.62,INR,approved
M001,INV002004,ORD004057,BlueDart,VINV-002004,2024-06-29,2024-06-04,2024-06-29,2418.45,435.32,2853.77,INR,disputed
M001,INV002005,ORD009865,Xpressbees,VINV-002005,2025-01-05,2024-12-28,2025-01-05,7675.35,1381.56,9056.91,INR,approved
M001,INV002006,ORD005769,Delhivery,VINV-002006,2024-08-22,2024-07-26,2024-08-22,39702.36,7146.42,46848.78,INR,approved
M001,INV002007,ORD001952,BlueDart,VINV-002007,2024-03-31,2024-03-23,2024-03-31,4946.43,890.36,5836.79,INR,approved
M001,INV002008,ORD002071,Xpressbees,VINV-002008,2024-03-20,2024-03-18,2024-03-20,4223.39,760.21,4983.6,INR,pending
M001,INV002009,ORD004054,AdGrowth Marketing,VINV-002009,2024-06-13,2024-05-28,2024-06-13,5273.75,949.27,6223.02,INR,approved
M001,INV002010,ORD003224,Urban Warehouse Services,VINV-002010,2024-05-05,2024-04-21,2024-05-05,2966.41,533.95,3500.36,INR,approved
M001,INV002011,ORD007496,Razorpay Fees,VINV-002011,2024-10-19,2024-10-04,2024-10-19,5857.47,1054.35,6911.82,INR,approved
M001,INV002012,ORD000197,Razorpay Fees,VINV-002012,2024-01-10,2023-12-24,2024-01-10,4693.35,844.8,5538.15,INR,approved
M001,INV002013,ORD004388,Razorpay Fees,VINV-002013,2024-06-29,2024-06-26,2024-06-29,11603.03,2088.55,13691.58,INR,approved
M001,INV002014,ORD007420,Razorpay Fees,VINV-002014,2024-11-11,2024-11-04,2024-11-11,895.01,161.1,1056.11,INR,pending
M001,INV002015,ORD008385,AdGrowth Marketing,VINV-002015,2024-11-20,2024-11-05,2024-11-20,5408.97,973.62,6382.59,INR,approved
M001,INV002016,ORD008601,Shiprocket,VINV-002016,2024-11-21,2024-11-10,2024-11-21,30822.14,5547.99,36370.13,INR,approved
M001,INV002017,ORD004077,Razorpay Fees,VINV-002017,2024-06-01,2024-05-12,2024-06-01,3951.07,711.19,4662.26,INR,approved
M001,INV002018,ORD008211,Razorpay Fees,VINV-002018,2024-11-20,2024-11-01,2024-11-20,1172.18,210.99,1383.17,INR,pending
M001,INV002019,ORD000130,Cashfree Fees,VINV-002019,2024-01-23,2024-01-12,2024-01-23,4771.49,858.87,5630.36,INR,approved
M001,INV002020,ORD004420,Razorpay Fees,VINV-002020,2024-07-06,2024-06-17,2024-07-06,12070.81,2172.74,14243.55,INR,disputed
M001,INV002021,ORD006434,Ecom Express,VINV-002021,2024-10-04,2024-09-10,2024-10-04,7622.47,1372.04,8994.51,INR,approved
M001,INV002022,ORD001898,AdGrowth Marketing,VINV-002022,2024-03-18,2024-03-09,2024-03-18,1954.48,351.81,2306.29,INR,approved
M001,INV002023,ORD005223,Urban Warehouse Services,VINV-002023,2024-07-28,2024-07-12,2024-07-28,2156.19,388.11,2544.3,INR,approved
M001,INV002024,ORD001055,Ecom Express,VINV-002024,2024-02-06,2024-01-28,2024-02-06,5621.78,1011.92,6633.7,INR,disputed
M001,INV002025,ORD002462,BlueDart,VINV-002025,2024-04-08,2024-03-29,2024-04-08,4380.3,788.45,5168.75,INR,approved
M001,INV002026,ORD002709,AdGrowth Marketing,VINV-002026,2024-05-04,2024-04-21,2024-05-04,5805.86,1045.05,6850.91,INR,approved
M001,INV002027,ORD005822,Urban Warehouse Services,VINV-002027,2024-08-24,2024-08-14,2024-08-24,1464.67,263.64,1728.31,INR,approved
M001,INV002028,ORD000766,BlueDart,VINV-002028,2024-02-19,2024-02-12,2024-02-19,11209.68,2017.74,13227.42,INR,pending
M001,INV002029,ORD002408,Urban Warehouse Services,VINV-002029,2024-04-29,2024-04-27,2024-04-29,2022.48,364.05,2386.53,INR,approved
M001,INV002030,ORD004995,Ecom Express,VINV-002030,2024-07-25,2024-07-16,2024-07-25,7689.2,1384.06,9073.26,INR,rejected
M001,INV002031,ORD001899,Shiprocket,VINV-002031,2024-03-19,2024-02-24,2024-03-19,1217.81,219.21,1437.02,INR,approved
M001,INV002032,ORD001013,AdGrowth Marketing,VINV-002032,2024-02-01,2024-01-28,2024-02-01,7980.21,1436.44,9416.65,INR,approved
M001,INV002033,ORD000546,Cashfree Fees,VINV-002033,2024-02-10,2024-02-09,2024-02-10,7290.17,1312.23,8602.4,INR,approved
M001,INV002034,ORD006659,Bangalore Packaging Co,VINV-002034,2024-10-13,2024-10-12,2024-10-13,5311.26,956.03,6267.29,INR,approved
M001,INV002035,ORD002552,Razorpay Fees,VINV-002035,2024-04-15,2024-03-25,2024-04-15,1782.37,320.83,2103.2,INR,approved
M001,INV002036,ORD005185,Shiprocket,VINV-002036,2024-08-16,2024-08-05,2024-08-16,4054.86,729.87,4784.73,INR,approved
M001,INV002037,ORD004116,Bangalore Packaging Co,VINV-002037,2024-06-04,2024-05-15,2024-06-04,5790.61,1042.31,6832.92,INR,approved
M001,INV002038,ORD004738,Cashfree Fees,VINV-002038,2024-07-04,2024-06-28,2024-07-04,5044.82,908.07,5952.89,INR,approved
M001,INV002039,ORD000891,Bangalore Packaging Co,VINV-002039,2024-02-08,2024-01-23,2024-02-08,840.2,151.24,991.44,INR,approved
M001,INV002040,ORD006570,Xpressbees,VINV-002040,2024-09-30,2024-09-28,2024-09-30,3393.02,610.74,4003.76,INR,pending
M001,INV002041,ORD002255,AdGrowth Marketing,VINV-002041,2024-04-22,2024-03-30,2024-04-22,5803.72,1044.67,6848.39,INR,approved
M001,INV002042,ORD002251,Cashfree Fees,VINV-002042,2024-03-25,2024-03-10,2024-03-25,1331.25,239.62,1570.87,INR,approved
M001,INV002043,ORD003129,Cashfree Fees,VINV-002043,2024-05-04,2024-04-28,2024-05-04,1930.75,347.53,2278.28,INR,approved
M001,INV002044,ORD007455,Ecom Express,VINV-002044,2024-10-25,2024-10-19,2024-10-25,2937.3,528.71,3466.01,INR,approved
M001,INV002045,ORD009612,BlueDart,VINV-002045,2025-01-05,2024-12-20,2025-01-05,5605.86,1009.05,6614.91,INR,approved
M001,INV002046,ORD005604,Ecom Express,VINV-002046,2024-09-03,2024-09-01,2024-09-03,5343.6,961.85,6305.45,INR,approved
M001,INV002047,ORD001417,Shiprocket,VINV-002047,2024-03-17,2024-02-25,2024-03-17,2812.79,506.3,3319.09,INR,approved
M001,INV002048,ORD002387,Cashfree Fees,VINV-002048,2024-04-22,2024-03-25,2024-04-22,4606.55,829.18,5435.73,INR,approved
M001,INV002049,ORD006210,Razorpay Fees,VINV-002049,2024-09-11,2024-08-28,2024-09-11,1516.85,273.03,1789.88,INR,approved
M001,INV002050,ORD006437,Shiprocket,VINV-002050,2024-09-22,2024-09-10,2024-09-22,7715.99,1388.88,9104.87,INR,approved
M001,INV002051,ORD005357,Bangalore Packaging Co,VINV-002051,2024-08-05,2024-07-22,2024-08-05,1076.75,193.82,1270.57,INR,approved
M001,INV002052,ORD004412,Cashfree Fees,VINV-002052,2024-07-15,2024-07-04,2024-07-15,1595.51,287.19,1882.7,INR,approved
M001,INV002053,ORD008734,Bangalore Packaging Co,VINV-002053,2024-12-07,2024-11-15,2024-12-07,23967.15,4314.09,28281.24,INR,approved
M001,INV002054,ORD009524,Cashfree Fees,VINV-002054,2024-12-23,2024-12-12,2024-12-23,7018.01,1263.24,8281.25,INR,pending
M001,INV002055,ORD002366,BlueDart,VINV-002055,2024-04-25,2024-04-05,2024-04-25,1204.36,216.79,1421.15,INR,pending
M001,INV002056,ORD001224,Cashfree Fees,VINV-002056,2024-03-02,2024-02-19,2024-03-02,7190.75,1294.34,8485.09,INR,approved
M001,INV002057,ORD002093,Xpressbees,VINV-002057,2024-04-05,2024-04-01,2024-04-05,7013.87,1262.5,8276.37,INR,approved
M001,INV002058,ORD000432,Bangalore Packaging Co,VINV-002058,2024-01-15,2024-01-02,2024-01-15,1219.0,219.42,1438.42,INR,pending
M001,INV002059,ORD007754,Cashfree Fees,VINV-002059,2024-11-22,2024-11-04,2024-11-22,6055.67,1090.02,7145.69,INR,pending
M001,INV002060,ORD003066,Ecom Express,VINV-002060,2024-04-28,2024-04-04,2024-04-28,23119.43,4161.5,27280.93,INR,approved
M001,INV002061,ORD008038,Shiprocket,VINV-002061,2024-11-17,2024-10-28,2024-11-17,644.54,116.02,760.56,INR,approved
M001,INV002062,ORD003793,Urban Warehouse Services,VINV-002062,2024-05-29,2024-05-18,2024-05-29,1624.35,292.38,1916.73,INR,approved
M001,INV002063,ORD004077,Ecom Express,VINV-002063,2024-06-04,2024-06-02,2024-06-04,3935.14,708.33,4643.47,INR,approved
M001,INV002064,ORD004081,Delhivery,VINV-002064,2024-06-15,2024-05-18,2024-06-15,966.87,174.04,1140.91,INR,approved
M001,INV002065,ORD003646,Urban Warehouse Services,VINV-002065,2024-06-02,2024-05-08,2024-06-02,41972.06,7554.97,49527.03,INR,approved
M001,INV002066,VORD000018,AdGrowth Marketing,VINV-002066,2024-06-09,2024-05-11,2024-06-09,25497.86,4589.61,30087.47,INR,disputed
M001,INV002067,ORD008814,Bangalore Packaging Co,VINV-002067,2024-12-14,2024-11-27,2024-12-14,4425.92,796.67,5222.59,INR,approved
M001,INV002068,ORD000255,Urban Warehouse Services,VINV-002068,2024-01-16,2023-12-25,2024-01-16,5323.18,958.17,6281.35,INR,pending
M001,INV002069,ORD009602,Urban Warehouse Services,VINV-002069,2024-12-22,2024-12-19,2024-12-22,7087.94,1275.83,8363.77,INR,approved
M001,INV002070,ORD004339,Bangalore Packaging Co,VINV-002070,2024-06-19,2024-05-20,2024-06-19,4665.11,839.72,5504.83,INR,approved
M001,INV002071,ORD001937,Urban Warehouse Services,VINV-002071,2024-03-24,2024-03-16,2024-03-24,9873.64,1777.25,11650.89,INR,approved
M001,INV002072,ORD004490,Ecom Express,VINV-002072,2024-06-30,2024-06-28,2024-06-30,5694.45,1025.0,6719.45,INR,approved
M001,INV002073,ORD006110,Bangalore Packaging Co,VINV-002073,2024-09-19,2024-08-25,2024-09-19,2486.48,447.57,2934.05,INR,approved
M001,INV002074,ORD006579,Razorpay Fees,VINV-002074,2024-09-23,2024-09-01,2024-09-23,4310.92,775.96,5086.88,INR,approved
M001,INV002075,ORD006578,Razorpay Fees,VINV-002075,2024-10-15,2024-10-07,2024-10-15,4777.51,859.95,5637.46,INR,approved
M001,INV002076,ORD002535,Shiprocket,VINV-002076,2024-04-16,2024-04-05,2024-04-16,23503.93,4230.71,27734.64,INR,approved
M001,INV002077,ORD002805,Shiprocket,VINV-002077,2024-05-10,2024-04-24,2024-05-10,4090.38,736.27,4826.65,INR,approved
M001,INV002078,ORD002301,Bangalore Packaging Co,VINV-002078,2024-04-16,2024-04-03,2024-04-16,7396.73,1331.41,8728.14,INR,approved
M001,INV002079,ORD009520,Ecom Express,VINV-002079,2024-12-22,2024-11-22,2024-12-22,1567.32,282.12,1849.44,INR,approved
M001,INV002080,ORD008363,Ecom Express,VINV-002080,2024-11-21,2024-11-03,2024-11-21,1116.77,201.02,1317.79,INR,approved
M001,INV002081,ORD000388,Ecom Express,VINV-002081,2024-01-23,2023-12-27,2024-01-23,3860.92,694.97,4555.89,INR,approved
M001,INV002082,ORD000424,Urban Warehouse Services,VINV-002082,2024-01-17,2023-12-19,2024-01-17,1472.9,265.12,1738.02,INR,approved
M001,INV002083,ORD003713,Razorpay Fees,VINV-002083,2024-06-05,2024-06-01,2024-06-05,2641.68,475.5,3117.18,INR,rejected
M001,INV002084,ORD006369,Urban Warehouse Services,VINV-002084,2024-09-18,2024-09-07,2024-09-18,3129.72,563.35,3693.07,INR,approved
M001,INV002085,ORD003571,Ecom Express,VINV-002085,2024-06-09,2024-05-21,2024-06-09,7032.26,1265.81,8298.07,INR,approved
M001,INV002086,ORD009923,Xpressbees,VINV-002086,2025-01-04,2024-12-27,2025-01-04,2841.75,511.52,3353.27,INR,approved
M001,INV002087,ORD009529,Xpressbees,VINV-002087,2024-12-31,2024-12-26,2024-12-31,4140.16,745.23,4885.39,INR,approved
M001,INV002088,ORD009918,Ecom Express,VINV-002088,2025-01-16,2024-12-28,2025-01-16,3805.06,684.91,4489.97,INR,pending
M001,INV002089,ORD002187,AdGrowth Marketing,VINV-002089,2024-04-02,2024-03-19,2024-04-02,2770.07,498.61,3268.68,INR,pending
M001,INV002090,ORD001815,Delhivery,VINV-002090,2024-03-24,2024-03-10,2024-03-24,2308.55,415.54,2724.09,INR,approved
M001,INV002091,VORD000040,Delhivery,VINV-002091,2024-12-29,2024-12-12,2024-12-29,7569.74,1362.55,8932.29,INR,pending
M001,INV002092,ORD007367,Ecom Express,VINV-002092,2024-11-04,2024-10-07,2024-11-04,4789.04,862.03,5651.07,INR,approved
M001,INV002093,ORD006711,Delhivery,VINV-002093,2024-10-03,2024-09-03,2024-10-03,5909.88,1063.78,6973.66,INR,disputed
M001,INV002094,ORD005517,BlueDart,VINV-002094,2024-08-20,2024-07-29,2024-08-20,3858.21,694.48,4552.69,INR,approved
M001,INV002095,ORD005736,Shiprocket,VINV-002095,2024-09-13,2024-08-14,2024-09-13,2682.58,482.86,3165.44,INR,approved
M001,INV002096,ORD005263,Bangalore Packaging Co,VINV-002096,2024-08-24,2024-08-16,2024-08-24,6031.43,1085.66,7117.09,INR,approved
M001,INV002097,ORD002307,Ecom Express,VINV-002097,2024-04-12,2024-04-05,2024-04-12,1705.92,307.06,2012.98,INR,approved
M001,INV002098,ORD007744,Delhivery,VINV-002098,2024-11-08,2024-10-10,2024-11-08,1602.38,288.43,1890.81,INR,approved
M001,INV002099,ORD008748,Razorpay Fees,VINV-002099,2024-12-01,2024-11-03,2024-12-01,5221.06,939.79,6160.85,INR,pending
M001,INV002100,ORD006901,AdGrowth Marketing,VINV-002100,2024-10-03,2024-09-26,2024-10-03,3939.75,709.16,4648.91,INR,rejected
M001,INV002101,ORD001436,Cashfree Fees,VINV-002101,2024-03-20,2024-03-08,2024-03-20,3907.35,703.32,4610.67,INR,approved
M001,INV002102,ORD002333,BlueDart,VINV-002102,2024-04-10,2024-03-24,2024-04-10,5260.18,946.83,6207.01,INR,approved
M001,INV002103,ORD005704,Ecom Express,VINV-002103,2024-08-25,2024-08-07,2024-08-25,7133.23,1283.98,8417.21,INR,approved
M001,INV002104,ORD007894,Cashfree Fees,VINV-002104,2024-11-23,2024-10-26,2024-11-23,1693.51,304.83,1998.34,INR,approved
M001,INV002105,ORD005532,Urban Warehouse Services,VINV-002105,2024-08-19,2024-07-24,2024-08-19,5102.32,918.42,6020.74,INR,approved
M001,INV002106,ORD003058,Shiprocket,VINV-002080,2024-05-09,2024-05-01,2024-05-09,4445.42,800.18,5245.6,INR,disputed
M001,INV002107,ORD000498,Cashfree Fees,VINV-002107,2024-01-18,2023-12-28,2024-01-18,4958.57,892.54,5851.11,INR,approved
M001,INV002108,ORD004530,Razorpay Fees,VINV-002108,2024-07-01,2024-06-03,2024-07-01,4961.7,893.11,5854.81,INR,approved
M001,INV002109,ORD009987,Xpressbees,VINV-002109,2025-01-12,2024-12-22,2025-01-12,3646.76,656.42,4303.18,INR,approved
M001,INV002110,ORD000120,AdGrowth Marketing,VINV-002110,2024-01-29,2024-01-07,2024-01-29,4795.62,863.21,5658.83,INR,approved
M001,INV002111,ORD004461,AdGrowth Marketing,VINV-002111,2024-06-26,2024-06-01,2024-06-26,580.14,104.42,684.56,INR,approved
M001,INV002112,ORD000962,Bangalore Packaging Co,VINV-002112,2024-02-11,2024-01-29,2024-02-11,5157.92,928.43,6086.35,INR,approved
M001,INV002113,ORD005927,Razorpay Fees,VINV-002113,2024-09-09,2024-08-27,2024-09-09,5417.69,975.18,6392.87,INR,rejected
M001,INV002114,ORD001205,AdGrowth Marketing,VINV-002114,2024-02-27,2024-02-15,2024-02-27,2011.14,362.0,2373.14,INR,approved
M001,INV002115,ORD007104,Razorpay Fees,VINV-002115,2024-10-12,2024-09-12,2024-10-12,3582.77,644.9,4227.67,INR,disputed
M001,INV002116,ORD006341,Bangalore Packaging Co,VINV-002116,2024-09-13,2024-08-17,2024-09-13,2245.87,404.26,2650.13,INR,approved
M001,INV002117,ORD009448,AdGrowth Marketing,VINV-002117,2024-12-17,2024-12-15,2024-12-17,2579.16,464.25,3043.41,INR,disputed
M001,INV002118,ORD003917,Urban Warehouse Services,VINV-002118,2024-06-05,2024-05-24,2024-06-05,810.08,145.81,955.89,INR,disputed
M001,INV002119,ORD005940,Urban Warehouse Services,VINV-002119,2024-09-19,2024-08-23,2024-09-19,9480.53,1706.49,11187.02,INR,approved
M001,INV002120,ORD003023,AdGrowth Marketing,VINV-002120,2024-05-02,2024-04-21,2024-05-02,9043.67,1627.86,10671.53,INR,approved
M001,INV002121,ORD002473,AdGrowth Marketing,VINV-002121,2024-04-18,2024-04-09,2024-04-18,7720.92,1389.77,9110.69,INR,approved
M001,INV002122,ORD009797,Delhivery,VINV-002122,2024-12-30,2024-12-19,2024-12-30,7108.29,1279.49,8387.78,INR,approved
M001,INV002123,ORD001953,BlueDart,VINV-002123,2024-03-29,2024-03-05,2024-03-29,3988.54,717.94,4706.48,INR,approved
M001,INV002124,ORD008160,Razorpay Fees,VINV-002124,2024-11-22,2024-10-25,2024-11-22,7721.94,1389.95,9111.89,INR,approved
M001,INV002125,ORD006688,Ecom Express,VINV-002125,2024-10-19,2024-09-28,2024-10-19,2398.0,431.64,2829.64,INR,approved
M001,INV002126,ORD006021,Ecom Express,VINV-002126,2024-09-24,2024-09-07,2024-09-24,5174.65,931.44,6106.09,INR,approved
M001,INV002127,ORD005191,Shiprocket,VINV-002127,2024-07-30,2024-07-24,2024-07-30,834.75,150.26,985.01,INR,approved
M001,INV002128,ORD006248,Cashfree Fees,VINV-002128,2024-09-30,2024-09-27,2024-09-30,2337.26,420.71,2757.97,INR,approved
M001,INV002129,ORD002004,Bangalore Packaging Co,VINV-002129,2024-03-22,2024-03-19,2024-03-22,7898.73,1421.77,9320.5,INR,approved
M001,INV002130,ORD004316,Shiprocket,VINV-002130,2024-06-28,2024-06-18,2024-06-28,9129.17,1643.25,10772.42,INR,approved
M001,INV002131,ORD001891,AdGrowth Marketing,VINV-002131,2024-03-12,2024-02-21,2024-03-12,4067.82,732.21,4800.03,INR,pending
M001,INV002132,ORD008143,Xpressbees,VINV-002132,2024-11-14,2024-11-11,2024-11-14,6802.87,1224.52,8027.39,INR,pending
M001,INV002133,ORD001423,Ecom Express,VINV-002133,2024-03-06,2024-02-22,2024-03-06,6077.42,1093.93,7171.35,INR,approved
M001,INV002134,ORD004984,AdGrowth Marketing,VINV-002134,2024-07-19,2024-07-15,2024-07-19,6813.78,1226.48,8040.26,INR,approved
M001,INV002135,ORD000031,Xpressbees,VINV-002135,2024-01-19,2024-01-01,2024-01-19,2323.08,418.16,2741.24,INR,disputed
M001,INV002136,ORD005381,Shiprocket,VINV-002136,2024-08-19,2024-07-20,2024-08-19,1446.31,260.34,1706.65,INR,approved
M001,INV002137,ORD002874,Bangalore Packaging Co,VINV-002137,2024-05-08,2024-04-16,2024-05-08,5865.55,1055.8,6921.35,INR,approved
M001,INV002138,ORD008647,Ecom Express,VINV-002138,2024-12-01,2024-11-08,2024-12-01,2371.65,426.9,2798.55,INR,approved
M001,INV002139,ORD002887,Ecom Express,VINV-002139,2024-05-17,2024-04-26,2024-05-17,4123.14,742.16,4865.3,INR,approved
M001,INV002140,ORD006082,Xpressbees,VINV-002140,2024-09-04,2024-08-25,2024-09-04,4868.19,876.27,5744.46,INR,approved
M001,INV002141,ORD005481,Cashfree Fees,VINV-002141,2024-08-13,2024-07-21,2024-08-13,916.25,164.92,1081.17,INR,approved
M001,INV002142,ORD009669,Ecom Express,VINV-002142,2024-12-27,2024-12-24,2024-12-27,3230.68,581.52,3812.2,INR,approved
M001,INV002143,ORD002110,Urban Warehouse Services,VINV-002143,2024-03-19,2024-03-03,2024-03-19,7316.92,1317.05,8633.97,INR,approved
M001,INV002144,ORD000531,Shiprocket,VINV-002144,2024-01-23,2024-01-22,2024-01-23,2329.62,419.33,2748.95,INR,pending
M001,INV002145,ORD003320,Bangalore Packaging Co,VINV-002145,2024-05-15,2024-04-16,2024-05-15,1147.13,206.48,1353.61,INR,pending
M001,INV002146,ORD002483,Bangalore Packaging Co,VINV-002146,2024-04-20,2024-03-30,2024-04-20,5355.11,963.92,6319.03,INR,approved
M001,INV002147,ORD000977,AdGrowth Marketing,VINV-002147,2024-02-09,2024-01-19,2024-02-09,2103.63,378.65,2482.28,INR,approved
M001,INV002148,ORD004227,Delhivery,VINV-002148,2024-06-13,2024-05-16,2024-06-13,6280.31,1130.46,7410.77,INR,approved
M001,INV002149,ORD003497,Xpressbees,VINV-002149,2024-06-07,2024-05-08,2024-06-07,5048.13,908.66,5956.79,INR,approved
M001,INV002150,ORD002567,Bangalore Packaging Co,VINV-002150,2024-04-24,2024-04-09,2024-04-24,8770.28,1578.65,10348.93,INR,approved
M001,INV002151,ORD000516,Cashfree Fees,VINV-002151,2024-01-23,2024-01-06,2024-01-23,2083.04,374.95,2457.99,INR,approved
M001,INV002152,ORD004602,Cashfree Fees,VINV-002152,2024-07-06,2024-06-09,2024-07-06,4929.35,887.28,5816.63,INR,approved
M001,INV002153,ORD003105,Xpressbees,VINV-002153,2024-05-22,2024-05-14,2024-05-22,1319.97,237.6,1557.57,INR,approved
M001,INV002154,ORD005167,Urban Warehouse Services,VINV-002154,2024-07-26,2024-07-18,2024-07-26,4733.06,851.95,5585.01,INR,disputed
M001,INV002155,ORD006191,Ecom Express,VINV-002155,2024-09-07,2024-09-01,2024-09-07,2347.81,422.61,2770.42,INR,disputed
M001,INV002156,ORD008503,BlueDart,VINV-002156,2024-12-02,2024-12-01,2024-12-02,8552.33,1539.42,10091.75,INR,approved
M001,INV002157,ORD009950,Xpressbees,VINV-002157,2025-01-20,2025-01-03,2025-01-20,4828.22,869.08,5697.3,INR,approved
M001,INV002158,ORD001107,Urban Warehouse Services,VINV-002158,2024-02-22,2024-02-09,2024-02-22,6810.03,1225.81,8035.84,INR,approved
M001,INV002159,ORD006453,Razorpay Fees,VINV-002159,2024-10-02,2024-09-07,2024-10-02,9372.14,1686.99,11059.13,INR,approved
M001,INV002160,ORD000650,Shiprocket,VINV-002160,2024-02-13,2024-02-09,2024-02-13,5868.31,1056.3,6924.61,INR,approved
M001,INV002161,ORD003856,BlueDart,VINV-002161,2024-06-03,2024-05-25,2024-06-03,3146.5,566.37,3712.87,INR,approved
M001,INV002162,ORD006602,BlueDart,VINV-002162,2024-10-02,2024-09-22,2024-10-02,5885.43,1059.38,6944.81,INR,approved
M001,INV002163,ORD000836,BlueDart,VINV-002163,2024-02-18,2024-02-08,2024-02-18,3069.16,552.45,3621.61,INR,approved
M001,INV002164,ORD009620,BlueDart,VINV-002164,2025-01-01,2024-12-27,2025-01-01,5800.92,1044.17,6845.09,INR,approved
M001,INV002165,ORD006569,Shiprocket,VINV-002165,2024-10-19,2024-10-09,2024-10-19,1325.18,238.53,1563.71,INR,approved
M001,INV002166,ORD009750,Razorpay Fees,VINV-002166,2024-12-30,2024-12-08,2024-12-30,1750.69,315.12,2065.81,INR,approved
M001,INV002167,ORD004979,Shiprocket,VINV-002167,2024-07-23,2024-07-21,2024-07-23,4505.14,810.93,5316.07,INR,rejected
M001,INV002168,ORD008841,Delhivery,VINV-002168,2024-12-09,2024-11-18,2024-12-09,3007.38,541.33,3548.71,INR,approved
M001,INV002169,ORD006572,Delhivery,VINV-002169,2024-10-03,2024-09-16,2024-10-03,2676.58,481.79,3158.37,INR,approved
M001,INV002170,ORD009152,BlueDart,VINV-002170,2024-12-09,2024-11-13,2024-12-09,6758.19,1216.48,7974.67,INR,approved
M001,INV002171,ORD006455,Delhivery,VINV-002171,2024-10-07,2024-10-05,2024-10-07,4664.16,839.55,5503.71,INR,approved
M001,INV002172,ORD000888,Xpressbees,VINV-002172,2024-02-01,2024-01-05,2024-02-01,4235.16,762.33,4997.49,INR,approved
M001,INV002173,ORD005322,BlueDart,VINV-002173,2024-08-05,2024-08-03,2024-08-05,3718.71,669.37,4388.08,INR,approved
M001,INV002174,ORD003438,Razorpay Fees,VINV-002174,2024-05-24,2024-05-07,2024-05-24,4208.31,757.5,4965.81,INR,approved
M001,INV002175,ORD000648,Ecom Express,VINV-002175,2024-01-26,2023-12-29,2024-01-26,3127.02,562.86,3689.88,INR,approved
M001,INV002176,ORD002087,AdGrowth Marketing,VINV-002176,2024-04-10,2024-03-21,2024-04-10,4218.34,759.3,4977.64,INR,pending
M001,INV002177,ORD004426,Shiprocket,VINV-002177,2024-06-21,2024-06-16,2024-06-21,6029.92,1085.38,7115.3,INR,approved
M001,INV002178,ORD001563,Bangalore Packaging Co,VINV-002178,2024-03-05,2024-02-24,2024-03-05,5847.72,1052.59,6900.31,INR,approved
M001,INV002179,ORD008706,Razorpay Fees,VINV-002179,2024-12-20,2024-12-02,2024-12-20,3256.53,586.18,3842.71,INR,pending
M001,INV002180,ORD005565,AdGrowth Marketing,VINV-002180,2024-09-08,2024-08-19,2024-09-08,902.57,162.46,1065.03,INR,approved
M001,INV002181,ORD008576,Shiprocket,VINV-002181,2024-12-04,2024-11-28,2024-12-04,3969.44,714.5,4683.94,INR,approved
M001,INV002182,ORD005078,Bangalore Packaging Co,VINV-002182,2024-08-07,2024-07-08,2024-08-07,8758.33,1576.5,10334.83,INR,approved
M001,INV002183,ORD000944,Delhivery,VINV-002183,2024-02-09,2024-01-15,2024-02-09,17156.95,3088.25,20245.2,INR,pending
M001,INV002184,ORD002664,Xpressbees,VINV-002184,2024-04-11,2024-03-29,2024-04-11,2511.48,452.07,2963.55,INR,approved
M001,INV002185,ORD006037,AdGrowth Marketing,VINV-002185,2024-09-28,2024-09-03,2024-09-28,1453.96,261.71,1715.67,INR,approved
M001,INV002186,ORD002658,Xpressbees,VINV-002186,2024-05-09,2024-05-08,2024-05-09,9420.21,1695.64,11115.85,INR,disputed
M001,INV002187,ORD001818,Cashfree Fees,VINV-002187,2024-03-09,2024-02-15,2024-03-09,6522.04,1173.97,7696.01,INR,approved
M001,INV002188,ORD005275,Shiprocket,VINV-002188,2024-08-21,2024-08-02,2024-08-21,6480.8,1166.54,7647.34,INR,pending
M001,INV002189,ORD002210,Urban Warehouse Services,VINV-002189,2024-03-23,2024-03-07,2024-03-23,1548.45,278.72,1827.17,INR,approved
M001,INV002190,ORD005962,Cashfree Fees,VINV-002190,2024-09-22,2024-08-23,2024-09-22,13433.63,2418.05,15851.68,INR,approved
M001,INV002191,ORD003807,Xpressbees,VINV-002191,2024-05-22,2024-05-10,2024-05-22,7457.78,1342.4,8800.18,INR,pending
M001,INV002192,ORD002446,Xpressbees,VINV-002192,2024-04-27,2024-04-18,2024-04-27,4507.43,811.34,5318.77,INR,approved
M001,INV002193,VORD000070,Razorpay Fees,VINV-002193,2024-10-24,2024-10-05,2024-10-24,5704.39,1026.79,6731.18,INR,approved
M001,INV002194,ORD000915,Shiprocket,VINV-001740,2024-02-20,2024-01-23,2024-02-20,2877.58,517.96,3395.54,INR,approved
M001,INV002195,ORD009609,Delhivery,VINV-002195,2024-12-31,2024-12-24,2024-12-31,5223.97,940.32,6164.29,INR,pending
M001,INV002196,ORD008340,Shiprocket,VINV-002196,2024-12-06,2024-11-17,2024-12-06,4488.75,807.97,5296.72,INR,rejected
M001,INV002197,ORD007746,Delhivery,VINV-002197,2024-10-30,2024-10-07,2024-10-30,4555.39,819.97,5375.36,INR,approved
M001,INV002198,ORD005112,Ecom Express,VINV-002198,2024-08-18,2024-07-19,2024-08-18,6642.13,1195.58,7837.71,INR,approved
M001,INV002199,ORD006231,Xpressbees,VINV-002199,2024-09-10,2024-08-16,2024-09-10,3814.44,686.6,4501.04,INR,approved
M001,INV002200,ORD002459,Shiprocket,VINV-002200,2024-04-25,2024-04-18,2024-04-25,3208.4,577.51,3785.91,INR,disputed
M001,INV002201,ORD009097,Shiprocket,VINV-002201,2024-12-26,2024-12-23,2024-12-26,3089.86,556.17,3646.03,INR,approved
M001,INV002202,ORD009850,BlueDart,VINV-002202,2025-01-20,2024-12-22,2025-01-20,3315.61,596.81,3912.42,INR,pending
M001,INV002203,ORD004530,Shiprocket,VINV-002203,2024-07-12,2024-06-14,2024-07-12,3527.7,634.99,4162.69,INR,approved
M001,INV002204,ORD009815,Ecom Express,VINV-002204,2025-01-15,2025-01-09,2025-01-15,1683.14,302.97,1986.11,INR,approved
M001,INV002205,ORD003293,Cashfree Fees,VINV-002205,2024-05-27,2024-05-07,2024-05-27,2641.75,475.52,3117.27,INR,rejected
M001,INV002206,ORD008445,Delhivery,VINV-002206,2024-12-01,2024-11-06,2024-12-01,3203.75,576.68,3780.43,INR,approved
M001,INV002207,ORD009181,BlueDart,VINV-002207,2024-12-25,2024-12-08,2024-12-25,3308.34,595.5,3903.84,INR,approved
M001,INV002208,ORD003526,Urban Warehouse Services,VINV-002208,2024-06-04,2024-05-21,2024-06-04,12820.36,2307.66,15128.02,INR,pending
M001,INV002209,ORD003353,Cashfree Fees,VINV-002209,2024-05-11,2024-04-20,2024-05-11,6175.54,1111.6,7287.14,INR,pending
M001,INV002210,ORD006900,Shiprocket,VINV-002210,2024-10-12,2024-10-10,2024-10-12,2026.35,364.74,2391.09,INR,approved
M001,INV002211,ORD004035,Delhivery,VINV-002211,2024-06-13,2024-05-24,2024-06-13,2141.82,385.53,2527.35,INR,pending
M001,INV002212,ORD009641,Xpressbees,VINV-002212,2025-01-08,2024-12-20,2025-01-08,7205.25,1296.94,8502.19,INR,approved
M001,INV002213,ORD005286,AdGrowth Marketing,VINV-002213,2024-08-04,2024-07-30,2024-08-04,2249.52,404.91,2654.43,INR,approved
M001,INV002214,ORD006768,Shiprocket,VINV-002214,2024-10-27,2024-10-25,2024-10-27,5172.94,931.13,6104.07,INR,pending
M001,INV002215,ORD009145,Urban Warehouse Services,VINV-002215,2024-12-21,2024-11-22,2024-12-21,2322.8,418.1,2740.9,INR,approved
M001,INV002216,ORD001969,BlueDart,VINV-002216,2024-03-24,2024-03-02,2024-03-24,4546.17,818.31,5364.48,INR,approved
M001,INV002217,ORD007226,Delhivery,VINV-002217,2024-11-05,2024-10-12,2024-11-05,5720.02,1029.6,6749.62,INR,approved
M001,INV002218,ORD006252,Urban Warehouse Services,VINV-002218,2024-10-05,2024-09-14,2024-10-05,4712.68,848.28,5560.96,INR,approved
M001,INV002219,ORD002984,Cashfree Fees,VINV-002219,2024-04-24,2024-04-08,2024-04-24,14152.79,2547.5,16700.29,INR,approved
M001,INV002220,ORD006456,Urban Warehouse Services,VINV-002220,2024-09-23,2024-09-01,2024-09-23,5016.3,902.93,5919.23,INR,pending
M001,INV002221,ORD001222,BlueDart,VINV-002221,2024-03-06,2024-02-20,2024-03-06,5953.54,1071.64,7025.18,INR,approved
M001,INV002222,VORD000013,AdGrowth Marketing,VINV-002222,2024-03-22,2024-03-03,2024-03-22,28998.86,5219.8,34218.66,INR,approved
M001,INV002223,ORD000360,AdGrowth Marketing,VINV-002223,2024-01-20,2023-12-24,2024-01-20,2396.14,431.31,2827.45,INR,approved
M001,INV002224,ORD006082,Shiprocket,VINV-002224,2024-09-25,2024-09-19,2024-09-25,7569.33,1362.48,8931.81,INR,approved
M001,INV002225,ORD005113,Ecom Express,VINV-002225,2024-07-26,2024-07-18,2024-07-26,7960.3,1432.85,9393.15,INR,approved
M001,INV002226,ORD006251,Razorpay Fees,VINV-002226,2024-09-15,2024-08-20,2024-09-15,4601.22,828.22,5429.44,INR,disputed
M001,INV002227,ORD008507,Ecom Express,VINV-002227,2024-11-28,2024-11-01,2024-11-28,487.13,87.68,574.81,INR,approved
M001,INV002228,ORD006493,Xpressbees,VINV-002228,2024-09-24,2024-09-09,2024-09-24,5442.63,979.67,6422.3,INR,approved
M001,INV002229,ORD008125,Delhivery,VINV-002229,2024-11-11,2024-10-23,2024-11-11,1445.19,260.13,1705.32,INR,approved
M001,INV002230,ORD003010,AdGrowth Marketing,VINV-002230,2024-05-10,2024-05-04,2024-05-10,2950.33,531.06,3481.39,INR,pending
M001,INV002231,ORD000012,Ecom Express,VINV-002231,2024-01-11,2024-01-02,2024-01-11,4846.66,872.4,5719.06,INR,pending
M001,INV002232,ORD005951,Delhivery,VINV-002232,2024-09-23,2024-08-30,2024-09-23,4832.92,869.93,5702.85,INR,approved
M001,INV002233,ORD003393,Razorpay Fees,VINV-002233,2024-05-16,2024-05-10,2024-05-16,5278.81,950.19,6229.0,INR,approved
M001,INV002234,ORD000738,BlueDart,VINV-002234,2024-02-16,2024-01-18,2024-02-16,6689.58,1204.12,7893.7,INR,approved
M001,INV002235,ORD003012,BlueDart,VINV-002235,2024-05-05,2024-04-30,2024-05-05,7804.69,1404.84,9209.53,INR,approved
M001,INV002236,ORD001465,Delhivery,VINV-002236,2024-03-07,2024-02-29,2024-03-07,4704.75,846.85,5551.6,INR,approved
M001,INV002237,ORD000227,BlueDart,VINV-002237,2024-01-11,2023-12-29,2024-01-11,6629.89,1193.38,7823.27,INR,approved
M001,INV002238,VORD000001,Urban Warehouse Services,VINV-002238,2024-07-27,2024-07-12,2024-07-27,37400.59,6732.11,44132.7,INR,approved
M001,INV002239,ORD005230,Urban Warehouse Services,VINV-002239,2024-08-06,2024-08-01,2024-08-06,7310.36,1315.87,8626.23,INR,disputed
M001,INV002240,ORD001896,AdGrowth Marketing,VINV-002240,2024-03-17,2024-03-12,2024-03-17,7100.58,1278.11,8378.69,INR,approved
M001,INV002241,ORD006913,Shiprocket,VINV-002241,2024-10-13,2024-09-20,2024-10-13,5060.57,910.9,5971.47,INR,approved
M001,INV002242,ORD008554,Razorpay Fees,VINV-002242,2024-11-29,2024-11-05,2024-11-29,3679.92,662.38,4342.3,INR,pending
M001,INV002243,ORD000657,Urban Warehouse Services,VINV-002243,2024-02-07,2024-01-19,2024-02-07,5515.37,992.77,6508.14,INR,approved
M001,INV002244,ORD006640,Ecom Express,VINV-002244,2024-10-01,2024-09-19,2024-10-01,7635.47,1374.38,9009.85,INR,approved
M001,INV002245,ORD005732,Urban Warehouse Services,VINV-002245,2024-08-24,2024-08-12,2024-08-24,6320.66,1137.72,7458.38,INR,approved
M001,INV002246,ORD006331,BlueDart,VINV-002246,2024-10-05,2024-09-25,2024-10-05,3580.96,644.57,4225.53,INR,approved
M001,INV002247,ORD008033,AdGrowth Marketing,VINV-002247,2024-11-17,2024-11-12,2024-11-17,1707.9,307.42,2015.32,INR,approved
M001,INV002248,ORD005955,Cashfree Fees,VINV-002248,2024-09-11,2024-08-17,2024-09-11,4182.8,752.9,4935.7,INR,approved
M001,INV002249,ORD008631,Delhivery,VINV-002249,2024-12-13,2024-12-06,2024-12-13,7527.61,1354.97,8882.58,INR,approved
M001,INV002250,ORD005786,Cashfree Fees,VINV-002250,2024-09-04,2024-08-20,2024-09-04,2141.79,385.52,2527.31,INR,rejected
M001,INV002251,ORD008876,Delhivery,VINV-002251,2024-12-02,2024-11-29,2024-12-02,6852.97,1233.53,8086.5,INR,approved
M001,INV002252,ORD001730,Urban Warehouse Services,VINV-002252,2024-03-17,2024-03-07,2024-03-17,3909.25,703.67,4612.92,INR,approved
M001,INV002253,ORD006781,AdGrowth Marketing,VINV-002253,2024-10-12,2024-09-17,2024-10-12,1499.01,269.82,1768.83,INR,approved
M001,INV002254,ORD001268,Delhivery,VINV-002254,2024-02-13,2024-01-19,2024-02-13,4233.11,761.96,4995.07,INR,approved
M001,INV002255,ORD005409,Razorpay Fees,VINV-002255,2024-08-27,2024-08-06,2024-08-27,38950.02,7011.0,45961.02,INR,pending
M001,INV002256,ORD003940,Shiprocket,VINV-002256,2024-06-22,2024-06-03,2024-06-22,20859.55,3754.72,24614.27,INR,approved
M001,INV002257,ORD006600,Cashfree Fees,VINV-002257,2024-10-08,2024-09-21,2024-10-08,648.85,116.79,765.64,INR,approved
M001,INV002258,ORD009872,Delhivery,VINV-002258,2025-01-17,2025-01-05,2025-01-17,6017.58,1083.16,7100.74,INR,approved
M001,INV002259,ORD001510,AdGrowth Marketing,VINV-002259,2024-03-11,2024-03-01,2024-03-11,1301.74,234.31,1536.05,INR,approved
M001,INV002260,ORD000524,Bangalore Packaging Co,VINV-002260,2024-02-14,2024-02-13,2024-02-14,6934.67,1248.24,8182.91,INR,approved
M001,INV002261,ORD001886,AdGrowth Marketing,VINV-002261,2024-03-28,2024-03-11,2024-03-28,7317.72,1317.19,8634.91,INR,pending
M001,INV002262,ORD002654,Shiprocket,VINV-002262,2024-05-09,2024-04-28,2024-05-09,7296.86,1313.43,8610.29,INR,approved
M001,INV002263,ORD001093,Delhivery,VINV-002263,2024-02-18,2024-01-28,2024-02-18,5666.13,1019.9,6686.03,INR,approved
M001,INV002264,ORD000346,AdGrowth Marketing,VINV-002264,2024-01-20,2023-12-23,2024-01-20,7920.52,1425.69,9346.21,INR,approved
M001,INV002265,ORD000530,Shiprocket,VINV-002265,2024-01-26,2024-01-02,2024-01-26,2256.25,406.12,2662.37,INR,approved
M001,INV002266,ORD004610,Ecom Express,VINV-002266,2024-07-14,2024-06-19,2024-07-14,1001.25,180.22,1181.47,INR,pending
M001,INV002267,ORD005481,Shiprocket,VINV-002267,2024-08-22,2024-07-29,2024-08-22,761.75,137.12,898.87,INR,approved
M001,INV002268,ORD005623,Shiprocket,VINV-002268,2024-09-10,2024-08-15,2024-09-10,849.57,152.92,1002.49,INR,approved
M001,INV002269,ORD008998,Ecom Express,VINV-002269,2024-12-27,2024-12-01,2024-12-27,4637.06,834.67,5471.73,INR,approved
M001,INV002270,ORD001367,AdGrowth Marketing,VINV-002270,2024-03-09,2024-02-11,2024-03-09,1916.0,344.88,2260.88,INR,approved
M001,INV002271,ORD004732,BlueDart,VINV-002271,2024-07-03,2024-06-19,2024-07-03,4445.91,800.26,5246.17,INR,pending
M001,INV002272,ORD001568,Razorpay Fees,VINV-002272,2024-03-08,2024-02-28,2024-03-08,4916.18,884.91,5801.09,INR,approved
M001,INV002273,ORD004113,BlueDart,VINV-002273,2024-06-05,2024-05-15,2024-06-05,3475.26,625.55,4100.81,INR,approved
M001,INV002274,ORD009718,Cashfree Fees,VINV-002274,2025-01-19,2025-01-01,2025-01-19,664.71,119.65,784.36,INR,approved
M001,INV002275,ORD004209,Delhivery,VINV-002275,2024-06-30,2024-06-29,2024-06-30,5714.46,1028.6,6743.06,INR,approved
M001,INV002276,ORD005614,BlueDart,VINV-002276,2024-08-30,2024-08-10,2024-08-30,4284.86,771.27,5056.13,INR,approved
M001,INV002277,VORD000101,BlueDart,VINV-002277,2024-10-30,2024-10-09,2024-10-30,35087.27,6315.71,41402.98,INR,approved
M001,INV002278,ORD002663,Ecom Express,VINV-002278,2024-05-04,2024-04-23,2024-05-04,31075.2,5593.54,36668.74,INR,approved
M001,INV002279,ORD006784,Delhivery,VINV-002279,2024-10-01,2024-09-04,2024-10-01,3607.37,649.33,4256.7,INR,approved
M001,INV002280,ORD006518,Xpressbees,VINV-002280,2024-09-22,2024-08-30,2024-09-22,4628.07,833.05,5461.12,INR,approved
M001,INV002281,ORD005018,Urban Warehouse Services,VINV-002281,2024-07-19,2024-06-30,2024-07-19,472.09,84.98,557.07,INR,pending
M001,INV002282,ORD009585,Delhivery,VINV-002282,2025-01-07,2024-12-28,2025-01-07,3662.39,659.23,4321.62,INR,approved
M001,INV002283,ORD008325,Shiprocket,VINV-002283,2024-12-09,2024-11-22,2024-12-09,3694.97,665.09,4360.06,INR,rejected
M001,INV002284,ORD003707,Razorpay Fees,VINV-002284,2024-06-15,2024-05-30,2024-06-15,2947.87,530.62,3478.49,INR,approved
M001,INV002285,ORD009752,AdGrowth Marketing,VINV-002285,2024-12-24,2024-12-13,2024-12-24,29980.49,5396.49,35376.98,INR,approved
M001,INV002286,ORD005293,Bangalore Packaging Co,VINV-002286,2024-08-13,2024-08-05,2024-08-13,1191.19,214.42,1405.61,INR,approved
M001,INV002287,ORD000050,Shiprocket,VINV-002287,2024-01-13,2023-12-27,2024-01-13,7225.86,1300.65,8526.51,INR,approved
M001,INV002288,ORD007175,Xpressbees,VINV-002288,2024-10-31,2024-10-20,2024-10-31,5676.13,1021.7,6697.83,INR,approved
M001,INV002289,ORD008079,BlueDart,VINV-002289,2024-12-03,2024-12-02,2024-12-03,5194.53,935.01,6129.54,INR,approved
M001,INV002290,ORD007197,Bangalore Packaging Co,VINV-002290,2024-10-31,2024-10-11,2024-10-31,3048.54,548.74,3597.28,INR,approved
M001,INV002291,ORD004693,Razorpay Fees,VINV-002291,2024-07-24,2024-07-23,2024-07-24,8587.42,1545.73,10133.15,INR,approved
M001,INV002292,ORD000291,Urban Warehouse Services,VINV-002292,2024-01-29,2024-01-06,2024-01-29,4911.08,884.0,5795.08,INR,disputed
M001,INV002293,ORD002048,Urban Warehouse Services,VINV-002293,2024-04-04,2024-03-16,2024-04-04,3086.81,555.63,3642.44,INR,approved
M001,INV002294,ORD005423,Razorpay Fees,VINV-002294,2024-08-19,2024-08-13,2024-08-19,2400.71,432.13,2832.84,INR,pending
M001,INV002295,ORD003711,Delhivery,VINV-002295,2024-06-04,2024-05-07,2024-06-04,773.53,139.23,912.76,INR,pending
M001,INV002296,ORD002687,Razorpay Fees,VINV-002296,2024-05-06,2024-04-18,2024-05-06,2804.81,504.86,3309.67,INR,approved
M001,INV002297,ORD003608,Cashfree Fees,VINV-002297,2024-05-28,2024-05-20,2024-05-28,4599.24,827.86,5427.1,INR,approved
M001,INV002298,ORD007024,Delhivery,VINV-002298,2024-10-19,2024-10-15,2024-10-19,4443.61,799.85,5243.46,INR,approved
M001,INV002299,ORD000217,AdGrowth Marketing,VINV-002299,2024-01-12,2023-12-24,2024-01-12,5913.0,1064.34,6977.34,INR,pending
M001,INV002300,ORD007301,AdGrowth Marketing,VINV-002300,2024-10-27,2024-10-06,2024-10-27,5053.58,909.65,5963.23,INR,approved
M001,INV002301,ORD003683,Shiprocket,VINV-002301,2024-05-18,2024-04-30,2024-05-18,1902.81,342.5,2245.31,INR,approved
M001,INV002302,ORD000507,Shiprocket,VINV-002302,2024-01-17,2024-01-03,2024-01-17,2486.62,447.59,2934.21,INR,approved
M001,INV002303,ORD003518,Shiprocket,VINV-002303,2024-05-30,2024-05-22,2024-05-30,1180.73,212.53,1393.26,INR,approved
M001,INV002304,ORD009208,Shiprocket,VINV-002304,2025-01-02,2024-12-07,2025-01-02,2208.22,397.48,2605.7,INR,approved
M001,INV002305,ORD008867,Shiprocket,VINV-002305,2024-12-19,2024-12-03,2024-12-19,7388.61,1329.95,8718.56,INR,disputed
M001,INV002306,ORD006876,Shiprocket,VINV-002306,2024-10-12,2024-10-03,2024-10-12,5318.25,957.28,6275.53,INR,approved
M001,INV002307,ORD005861,Urban Warehouse Services,VINV-002307,2024-09-05,2024-08-20,2024-09-05,2538.83,456.99,2995.82,INR,approved
M001,INV002308,ORD002407,Razorpay Fees,VINV-002308,2024-04-21,2024-03-29,2024-04-21,1965.81,353.84,2319.65,INR,approved
M001,INV002309,ORD004960,Shiprocket,VINV-002309,2024-08-08,2024-07-24,2024-08-08,2486.45,447.56,2934.01,INR,approved
M001,INV002310,ORD009479,Bangalore Packaging Co,VINV-002310,2025-01-03,2024-12-20,2025-01-03,6163.99,1109.52,7273.51,INR,disputed
M001,INV002311,ORD007343,BlueDart,VINV-002311,2024-10-24,2024-10-02,2024-10-24,5596.69,1007.4,6604.09,INR,approved
M001,INV002312,ORD002374,Shiprocket,VINV-002312,2024-04-18,2024-03-21,2024-04-18,1891.88,340.54,2232.42,INR,approved
M001,INV002313,ORD001406,Delhivery,VINV-002313,2024-02-20,2024-01-31,2024-02-20,6146.56,1106.38,7252.94,INR,pending
M001,INV002314,ORD002762,Delhivery,VINV-002314,2024-05-09,2024-05-06,2024-05-09,1420.21,255.64,1675.85,INR,disputed
M001,INV002315,ORD009758,Xpressbees,VINV-002315,2025-01-07,2024-12-30,2025-01-07,1113.04,200.35,1313.39,INR,approved
M001,INV002316,ORD008768,Delhivery,VINV-002316,2024-11-26,2024-10-27,2024-11-26,4247.2,764.5,5011.7,INR,approved
M001,INV002317,ORD004614,BlueDart,VINV-002317,2024-06-27,2024-06-10,2024-06-27,6604.89,1188.88,7793.77,INR,pending
M001,INV002318,ORD003525,Razorpay Fees,VINV-002318,2024-05-16,2024-04-19,2024-05-16,1340.07,241.21,1581.28,INR,approved
M001,INV002319,ORD003473,AdGrowth Marketing,VINV-002319,2024-05-14,2024-05-08,2024-05-14,2843.15,511.77,3354.92,INR,approved
M001,INV002320,ORD002641,AdGrowth Marketing,VINV-002320,2024-04-13,2024-04-07,2024-04-13,560.53,100.9,661.43,INR,approved
M001,INV002321,ORD000748,Xpressbees,VINV-002321,2024-02-05,2024-01-08,2024-02-05,4635.32,834.36,5469.68,INR,pending
M001,INV002322,ORD005765,Shiprocket,VINV-002322,2024-09-08,2024-08-10,2024-09-08,2836.24,510.52,3346.76,INR,pending
M001,INV002323,VORD000028,Razorpay Fees,VINV-002323,2024-10-30,2024-10-06,2024-10-30,39804.09,7164.74,46968.83,INR,approved
M001,INV002324,ORD007692,Urban Warehouse Services,VINV-002324,2024-11-10,2024-11-04,2024-11-10,27388.05,4929.85,32317.9,INR,approved
M001,INV002325,ORD004071,Ecom Express,VINV-002325,2024-06-16,2024-06-03,2024-06-16,5482.33,986.82,6469.15,INR,approved
M001,INV002326,ORD009550,Cashfree Fees,VINV-002326,2025-01-13,2025-01-06,2025-01-13,5610.61,1009.91,6620.52,INR,approved
M001,INV002327,ORD006122,Ecom Express,VINV-002327,2024-09-02,2024-08-27,2024-09-02,4607.53,829.36,5436.89,INR,approved
M001,INV002328,ORD009237,Bangalore Packaging Co,VINV-002328,2024-12-14,2024-11-15,2024-12-14,7387.64,1329.78,8717.42,INR,approved
M001,INV002329,ORD007344,Cashfree Fees,VINV-002329,2024-10-26,2024-10-01,2024-10-26,1399.42,251.89,1651.31,INR,approved
M001,INV002330,ORD000049,Xpressbees,VINV-002330,2024-01-14,2023-12-30,2024-01-14,4369.73,786.55,5156.28,INR,rejected
M001,INV002331,ORD008471,AdGrowth Marketing,VINV-002331,2024-12-03,2024-11-17,2024-12-03,6603.02,1188.54,7791.56,INR,approved
M001,INV002332,ORD002228,Ecom Express,VINV-002332,2024-04-22,2024-03-23,2024-04-22,1775.76,319.64,2095.4,INR,approved
M001,INV002333,ORD000177,Ecom Express,VINV-002333,2024-02-04,2024-01-22,2024-02-04,585.11,105.32,690.43,INR,approved
M001,INV002334,ORD005569,Delhivery,VINV-002334,2024-09-06,2024-09-04,2024-09-06,12993.14,2338.77,15331.91,INR,approved
M001,INV002335,ORD001678,AdGrowth Marketing,VINV-002335,2024-03-23,2024-03-22,2024-03-23,495.65,89.22,584.87,INR,approved
M001,INV002336,ORD001136,Shiprocket,VINV-002336,2024-03-05,2024-03-03,2024-03-05,1865.43,335.78,2201.21,INR,pending
M001,INV002337,ORD004822,Bangalore Packaging Co,VINV-002337,2024-07-14,2024-06-20,2024-07-14,3161.2,569.02,3730.22,INR,approved
M001,INV002338,ORD003856,Razorpay Fees,VINV-002338,2024-06-22,2024-06-20,2024-06-22,2258.51,406.53,2665.04,INR,approved
M001,INV002339,ORD000479,BlueDart,VINV-002339,2024-01-31,2024-01-07,2024-01-31,1753.85,315.69,2069.54,INR,pending
M001,INV002340,ORD009539,AdGrowth Marketing,VINV-002340,2024-12-20,2024-12-02,2024-12-20,3710.31,667.86,4378.17,INR,approved
M001,INV002341,ORD007540,Urban Warehouse Services,VINV-002341,2024-10-23,2024-10-21,2024-10-23,2970.54,534.7,3505.24,INR,approved
M001,INV002342,ORD003478,Xpressbees,VINV-002342,2024-06-06,2024-05-18,2024-06-06,7035.84,1266.45,8302.29,INR,approved
M001,INV002343,ORD000489,Delhivery,VINV-002343,2024-01-20,2024-01-05,2024-01-20,624.64,112.43,737.07,INR,approved
M001,INV002344,ORD004856,BlueDart,VINV-002344,2024-07-28,2024-07-05,2024-07-28,435.42,78.38,513.8,INR,approved
M001,INV002345,ORD001211,Shiprocket,VINV-002345,2024-03-05,2024-02-12,2024-03-05,4574.93,823.49,5398.42,INR,rejected
M001,INV002346,ORD001912,Delhivery,VINV-002346,2024-04-05,2024-03-18,2024-04-05,4566.18,821.91,5388.09,INR,rejected
M001,INV002347,ORD003186,Razorpay Fees,VINV-002347,2024-05-26,2024-05-20,2024-05-26,3614.17,650.55,4264.72,INR,approved
M001,INV002348,ORD000457,Urban Warehouse Services,VINV-002348,2024-01-18,2023-12-20,2024-01-18,2189.61,394.13,2583.74,INR,rejected
M001,INV002349,ORD006175,Shiprocket,VINV-002349,2024-10-01,2024-09-02,2024-10-01,4031.14,725.6,4756.74,INR,pending
M001,INV002350,ORD005297,Delhivery,VINV-002350,2024-08-28,2024-08-23,2024-08-28,6183.4,1113.01,7296.41,INR,disputed
M001,INV002351,ORD008023,Xpressbees,VINV-002351,2024-11-25,2024-11-22,2024-11-25,1389.51,250.11,1639.62,INR,approved
M001,INV002352,ORD001351,Delhivery,VINV-002352,2024-03-09,2024-02-16,2024-03-09,2253.64,405.66,2659.3,INR,pending
M001,INV002353,ORD005850,Razorpay Fees,VINV-002353,2024-08-29,2024-08-25,2024-08-29,4745.92,854.27,5600.19,INR,approved
M001,INV002354,ORD001440,Delhivery,VINV-002354,2024-03-10,2024-02-10,2024-03-10,4864.9,875.68,5740.58,INR,approved
M001,INV002355,ORD005777,Urban Warehouse Services,VINV-002355,2024-08-21,2024-08-19,2024-08-21,3185.35,573.36,3758.71,INR,approved
M001,INV002356,ORD004047,Urban Warehouse Services,VINV-002356,2024-06-11,2024-05-14,2024-06-11,6578.43,1184.12,7762.55,INR,approved
M001,INV002357,ORD004825,Delhivery,VINV-002357,2024-07-21,2024-07-19,2024-07-21,6189.92,1114.18,7304.1,INR,approved
M001,INV002358,ORD003710,Xpressbees,VINV-002358,2024-05-20,2024-04-28,2024-05-20,3182.36,572.83,3755.19,INR,approved
M001,INV002359,ORD004244,Cashfree Fees,VINV-002359,2024-07-02,2024-06-27,2024-07-02,3931.63,707.69,4639.32,INR,disputed
M001,INV002360,ORD000420,Ecom Express,VINV-002360,2024-02-12,2024-02-07,2024-02-12,3524.19,634.35,4158.54,INR,approved
M001,INV002361,ORD008098,Shiprocket,VINV-002361,2024-11-22,2024-10-28,2024-11-22,6769.43,1218.5,7987.93,INR,approved
M001,INV002362,ORD006287,Urban Warehouse Services,VINV-002362,2024-10-02,2024-09-10,2024-10-02,1941.58,349.49,2291.07,INR,approved
M001,INV002363,ORD000070,Ecom Express,VINV-002363,2024-01-06,2023-12-30,2024-01-06,8919.34,1605.48,10524.82,INR,approved
M001,INV002364,ORD009579,Bangalore Packaging Co,VINV-002364,2025-01-13,2024-12-22,2025-01-13,1366.5,245.97,1612.47,INR,approved
M001,INV002365,ORD004484,Xpressbees,VINV-002365,2024-07-18,2024-06-28,2024-07-18,5827.99,1049.04,6877.03,INR,disputed
M001,INV002366,ORD008289,Shiprocket,VINV-002366,2024-12-03,2024-11-22,2024-12-03,2414.63,434.63,2849.26,INR,pending
M001,INV002367,ORD007836,Cashfree Fees,VINV-002367,2024-11-12,2024-11-11,2024-11-12,9886.53,1779.57,11666.1,INR,approved
M001,INV002368,ORD009179,Cashfree Fees,VINV-002368,2025-01-01,2024-12-17,2025-01-01,1108.78,199.58,1308.36,INR,approved
M001,INV002369,ORD002115,Razorpay Fees,VINV-002369,2024-04-16,2024-04-05,2024-04-16,6887.03,1239.66,8126.69,INR,approved
M001,INV002370,ORD004637,Bangalore Packaging Co,VINV-002370,2024-07-03,2024-06-03,2024-07-03,5148.63,926.75,6075.38,INR,approved
M001,INV002371,ORD002657,Xpressbees,VINV-002371,2024-04-28,2024-04-26,2024-04-28,4594.14,826.94,5421.08,INR,approved
M001,INV002372,ORD004465,Urban Warehouse Services,VINV-002372,2024-07-03,2024-06-08,2024-07-03,7487.58,1347.76,8835.34,INR,pending
M001,INV002373,ORD001429,Shiprocket,VINV-002373,2024-03-16,2024-03-07,2024-03-16,3482.08,626.77,4108.85,INR,approved
M001,INV002374,ORD008044,Shiprocket,VINV-002374,2024-11-07,2024-11-02,2024-11-07,3801.1,684.2,4485.3,INR,rejected
M001,INV002375,ORD009264,Xpressbees,VINV-002375,2024-12-15,2024-12-07,2024-12-15,1448.4,260.71,1709.11,INR,disputed
M001,INV002376,ORD001947,Cashfree Fees,VINV-002376,2024-03-28,2024-03-05,2024-03-28,10231.12,1841.6,12072.72,INR,approved
M001,INV002377,ORD002963,BlueDart,VINV-002377,2024-05-20,2024-05-19,2024-05-20,2069.69,372.55,2442.24,INR,approved
M001,INV002378,ORD008086,Shiprocket,VINV-002378,2024-11-12,2024-10-14,2024-11-12,3019.24,543.46,3562.7,INR,disputed
M001,INV002379,ORD007948,Bangalore Packaging Co,VINV-002379,2024-11-26,2024-11-06,2024-11-26,9310.8,1675.94,10986.74,INR,approved
M001,INV002380,ORD008011,BlueDart,VINV-002380,2024-11-19,2024-11-12,2024-11-19,5277.29,949.91,6227.2,INR,rejected
M001,INV002381,ORD001509,Ecom Express,VINV-002381,2024-03-10,2024-02-15,2024-03-10,19957.55,3592.36,23549.91,INR,approved
M001,INV002382,ORD004965,Delhivery,VINV-002382,2024-07-22,2024-06-26,2024-07-22,6389.81,1150.16,7539.97,INR,approved
M001,INV002383,ORD009316,Xpressbees,VINV-002383,2024-12-11,2024-12-03,2024-12-11,3954.44,711.8,4666.24,INR,approved
M001,INV002384,ORD005354,Shiprocket,VINV-002384,2024-08-17,2024-08-15,2024-08-17,3238.69,582.97,3821.66,INR,rejected
M001,INV002385,ORD004971,AdGrowth Marketing,VINV-002385,2024-07-19,2024-06-23,2024-07-19,1250.53,225.1,1475.63,INR,approved
M001,INV002386,ORD009653,Ecom Express,VINV-002386,2025-01-11,2024-12-23,2025-01-11,4373.72,787.27,5160.99,INR,approved
M001,INV002387,ORD004903,Urban Warehouse Services,VINV-002387,2024-07-18,2024-06-27,2024-07-18,7241.94,1303.55,8545.49,INR,approved
M001,INV002388,ORD005415,Shiprocket,VINV-002388,2024-08-23,2024-07-27,2024-08-23,9484.54,1707.22,11191.76,INR,approved
M001,INV002389,ORD000971,AdGrowth Marketing,VINV-002389,2024-02-17,2024-02-09,2024-02-17,1642.82,295.71,1938.53,INR,approved
M001,INV002390,ORD006318,Delhivery,VINV-002390,2024-10-09,2024-10-08,2024-10-09,4293.02,772.74,5065.76,INR,approved
M001,INV002391,ORD005091,Ecom Express,VINV-002391,2024-07-29,2024-07-11,2024-07-29,5281.79,950.72,6232.51,INR,approved
M001,INV002392,ORD000404,Cashfree Fees,VINV-002392,2024-01-22,2024-01-08,2024-01-22,4948.51,890.73,5839.24,INR,disputed
M001,INV002393,ORD001584,BlueDart,VINV-002823,2024-03-20,2024-02-27,2024-03-20,1107.81,199.41,1307.22,INR,approved
M001,INV002394,ORD003258,Razorpay Fees,VINV-002394,2024-05-24,2024-05-23,2024-05-24,727.93,131.03,858.96,INR,disputed
M001,INV002395,ORD006818,AdGrowth Marketing,VINV-002395,2024-10-20,2024-10-17,2024-10-20,2654.68,477.84,3132.52,INR,approved
M001,INV002396,VORD000009,Urban Warehouse Services,VINV-002396,2024-11-23,2024-10-31,2024-11-23,7659.02,1378.62,9037.64,INR,pending
M001,INV002397,ORD003230,Shiprocket,VINV-002397,2024-05-20,2024-04-30,2024-05-20,7102.67,1278.48,8381.15,INR,approved
M001,INV002398,ORD006800,BlueDart,VINV-002398,2024-10-07,2024-09-30,2024-10-07,5688.66,1023.96,6712.62,INR,approved
M001,INV002399,ORD005788,Shiprocket,VINV-002399,2024-08-20,2024-08-12,2024-08-20,4359.9,784.78,5144.68,INR,approved
M001,INV002400,ORD003651,Cashfree Fees,VINV-002400,2024-06-10,2024-05-11,2024-06-10,7743.67,1393.86,9137.53,INR,approved
M001,INV002401,ORD003010,Shiprocket,VINV-002401,2024-05-06,2024-04-13,2024-05-06,3983.8,717.08,4700.88,INR,approved
M001,INV002402,ORD006994,Ecom Express,VINV-002402,2024-10-15,2024-10-04,2024-10-15,6898.5,1241.73,8140.23,INR,pending
M001,INV002403,ORD000287,Shiprocket,VINV-002403,2024-01-27,2024-01-02,2024-01-27,41252.3,7425.41,48677.71,INR,approved
M001,INV002404,ORD000223,Xpressbees,VINV-002404,2024-02-01,2024-01-08,2024-02-01,4468.59,804.35,5272.94,INR,approved
M001,INV002405,ORD007308,Xpressbees,VINV-002405,2024-11-01,2024-10-10,2024-11-01,1497.43,269.54,1766.97,INR,pending
M001,INV002406,ORD000933,AdGrowth Marketing,VINV-002406,2024-02-28,2024-02-26,2024-02-28,420.51,75.69,496.2,INR,pending
M001,INV002407,ORD002022,AdGrowth Marketing,VINV-002407,2024-03-31,2024-03-02,2024-03-31,2752.92,495.52,3248.44,INR,approved
M001,INV002408,ORD003327,Bangalore Packaging Co,VINV-002408,2024-05-15,2024-04-23,2024-05-15,33446.0,6020.28,39466.28,INR,approved
M001,INV002409,ORD009912,Shiprocket,VINV-002409,2025-01-17,2024-12-23,2025-01-17,2358.92,424.6,2783.52,INR,approved
M001,INV002410,ORD004882,Delhivery,VINV-002410,2024-07-23,2024-06-27,2024-07-23,7172.41,1291.03,8463.44,INR,approved
M001,INV002411,ORD001150,Urban Warehouse Services,VINV-002411,2024-02-13,2024-01-26,2024-02-13,6262.47,1127.24,7389.71,INR,approved
M001,INV002412,ORD006878,AdGrowth Marketing,VINV-002412,2024-10-25,2024-10-14,2024-10-25,7116.55,1280.98,8397.53,INR,disputed
M001,INV002413,ORD009313,Delhivery,VINV-002413,2024-12-17,2024-12-01,2024-12-17,9453.14,1701.56,11154.7,INR,approved
M001,INV002414,ORD003711,Ecom Express,VINV-002414,2024-06-10,2024-06-03,2024-06-10,1063.38,191.41,1254.79,INR,pending
M001,INV002415,ORD001511,Xpressbees,VINV-002415,2024-03-18,2024-02-22,2024-03-18,4104.79,738.86,4843.65,INR,pending
M001,INV002416,ORD003356,BlueDart,VINV-002416,2024-06-02,2024-05-07,2024-06-02,3127.21,562.9,3690.11,INR,approved
M001,INV002417,ORD007218,Xpressbees,VINV-002417,2024-10-12,2024-09-21,2024-10-12,4342.86,781.71,5124.57,INR,approved
M001,INV002418,ORD008047,Ecom Express,VINV-002418,2024-11-19,2024-10-29,2024-11-19,2726.51,490.77,3217.28,INR,disputed
M001,INV002419,ORD006739,Shiprocket,VINV-002419,2024-10-14,2024-09-28,2024-10-14,7937.55,1428.76,9366.31,INR,approved
M001,INV002420,ORD008994,Shiprocket,VINV-002420,2024-12-21,2024-11-27,2024-12-21,8213.53,1478.43,9691.96,INR,pending
M001,INV002421,ORD001491,Urban Warehouse Services,VINV-002421,2024-02-26,2024-02-06,2024-02-26,357.96,64.43,422.39,INR,approved
M001,INV002422,ORD008253,Cashfree Fees,VINV-002422,2024-11-16,2024-10-21,2024-11-16,2440.66,439.32,2879.98,INR,approved
M001,INV002423,ORD006173,Xpressbees,VINV-002423,2024-09-29,2024-09-12,2024-09-29,2427.14,436.89,2864.03,INR,approved
M001,INV002424,ORD009940,Cashfree Fees,VINV-002424,2025-01-15,2024-12-28,2025-01-15,9706.69,1747.2,11453.89,INR,pending
M001,INV002425,ORD005247,Ecom Express,VINV-002425,2024-08-11,2024-07-16,2024-08-11,1690.02,304.2,1994.22,INR,approved
M001,INV002426,ORD008714,Razorpay Fees,VINV-002426,2024-11-27,2024-11-15,2024-11-27,5925.72,1066.63,6992.35,INR,approved
M001,INV002427,ORD003622,AdGrowth Marketing,VINV-002427,2024-05-28,2024-05-24,2024-05-28,2774.36,499.39,3273.75,INR,approved
M001,INV002428,ORD006202,AdGrowth Marketing,VINV-002428,2024-09-19,2024-09-05,2024-09-19,2067.61,372.17,2439.78,INR,rejected
M001,INV002429,ORD000183,Shiprocket,VINV-002429,2024-01-10,2023-12-26,2024-01-10,2301.54,414.28,2715.82,INR,approved
M001,INV002430,ORD007951,Ecom Express,VINV-002430,2024-11-05,2024-10-22,2024-11-05,997.29,179.51,1176.8,INR,approved
M001,INV002431,ORD004426,Ecom Express,VINV-002431,2024-06-23,2024-06-13,2024-06-23,6239.2,1123.06,7362.26,INR,approved
M001,INV002432,ORD001266,Delhivery,VINV-002432,2024-03-09,2024-02-11,2024-03-09,5132.97,923.94,6056.91,INR,approved
M001,INV002433,ORD002059,Ecom Express,VINV-002433,2024-04-09,2024-03-19,2024-04-09,1231.37,221.65,1453.02,INR,rejected
M001,INV002434,ORD001220,Shiprocket,VINV-002434,2024-02-21,2024-01-27,2024-02-21,2749.89,494.98,3244.87,INR,approved
M001,INV002435,ORD009451,Urban Warehouse Services,VINV-002435,2025-01-07,2024-12-12,2025-01-07,8975.19,1615.53,10590.72,INR,approved
M001,INV002436,ORD004592,Ecom Express,VINV-002436,2024-06-26,2024-05-27,2024-06-26,7872.6,1417.07,9289.67,INR,approved
M001,INV002437,ORD006233,Razorpay Fees,VINV-002437,2024-09-29,2024-09-07,2024-09-29,3698.24,665.68,4363.92,INR,pending
M001,INV002438,ORD001314,Razorpay Fees,VINV-002438,2024-03-13,2024-02-29,2024-03-13,642.64,115.68,758.32,INR,approved
M001,INV002439,ORD001035,Shiprocket,VINV-002439,2024-02-27,2024-01-29,2024-02-27,6245.92,1124.27,7370.19,INR,approved
M001,INV002440,ORD002775,BlueDart,VINV-002440,2024-05-11,2024-04-18,2024-05-11,29342.81,5281.71,34624.52,INR,approved
M001,INV002441,ORD002050,Bangalore Packaging Co,VINV-002441,2024-04-07,2024-04-03,2024-04-07,4673.29,841.19,5514.48,INR,approved
M001,INV002442,ORD004237,Razorpay Fees,VINV-002442,2024-06-22,2024-06-21,2024-06-22,1260.97,226.98,1487.95,INR,approved
M001,INV002443,ORD008528,BlueDart,VINV-002443,2024-12-02,2024-11-27,2024-12-02,8600.38,1548.07,10148.45,INR,approved
M001,INV002444,ORD002794,Ecom Express,VINV-002444,2024-05-06,2024-04-12,2024-05-06,4352.08,783.38,5135.46,INR,approved
M001,INV002445,ORD006299,Cashfree Fees,VINV-002445,2024-09-17,2024-09-09,2024-09-17,2821.45,507.86,3329.31,INR,pending
M001,INV002446,ORD003091,Razorpay Fees,VINV-002446,2024-05-13,2024-05-01,2024-05-13,7267.97,1308.23,8576.2,INR,approved
M001,INV002447,ORD002086,Ecom Express,VINV-002447,2024-04-16,2024-03-19,2024-04-16,6999.29,1259.87,8259.16,INR,approved
M001,INV002448,ORD007464,Delhivery,VINV-002448,2024-11-04,2024-10-19,2024-11-04,2760.72,496.93,3257.65,INR,pending
M001,INV002449,ORD004990,Shiprocket,VINV-002449,2024-08-01,2024-07-24,2024-08-01,2536.25,456.52,2992.77,INR,pending
M001,INV002450,ORD001962,Delhivery,VINV-002450,2024-03-26,2024-03-03,2024-03-26,723.76,130.28,854.04,INR,rejected
M001,INV002451,ORD002409,Delhivery,VINV-002451,2024-04-22,2024-03-30,2024-04-22,5626.28,1012.73,6639.01,INR,approved
M001,INV002452,ORD002605,Razorpay Fees,VINV-002452,2024-04-16,2024-03-28,2024-04-16,6252.64,1125.47,7378.11,INR,rejected
M001,INV002453,ORD002398,Bangalore Packaging Co,VINV-002453,2024-04-04,2024-03-10,2024-04-04,2456.51,442.17,2898.68,INR,approved
M001,INV002454,ORD001627,Urban Warehouse Services,VINV-002454,2024-03-03,2024-02-10,2024-03-03,6578.17,1184.07,7762.24,INR,approved
M001,INV002455,VORD000049,Bangalore Packaging Co,VINV-002455,2024-12-23,2024-12-22,2024-12-23,15712.69,2828.28,18540.97,INR,approved
M001,INV002456,ORD004159,Cashfree Fees,VINV-002456,2024-07-03,2024-06-05,2024-07-03,4505.31,810.96,5316.27,INR,approved
M001,INV002457,ORD002261,Bangalore Packaging Co,VINV-002457,2024-04-12,2024-04-09,2024-04-12,4853.14,873.57,5726.71,INR,approved
M001,INV002458,ORD004615,BlueDart,VINV-002458,2024-07-22,2024-07-11,2024-07-22,1506.56,271.18,1777.74,INR,approved
M001,INV002459,ORD007699,AdGrowth Marketing,VINV-002459,2024-11-01,2024-10-28,2024-11-01,6753.12,1215.56,7968.68,INR,approved
M001,INV002460,ORD006315,BlueDart,VINV-002460,2024-09-26,2024-09-17,2024-09-26,3341.23,601.42,3942.65,INR,approved
M001,INV002461,ORD008286,Ecom Express,VINV-002461,2024-12-03,2024-11-15,2024-12-03,1152.75,207.5,1360.25,INR,approved
M001,INV002462,ORD003938,BlueDart,VINV-002462,2024-06-02,2024-05-25,2024-06-02,668.05,120.25,788.3,INR,approved
M001,INV002463,ORD008016,BlueDart,VINV-002463,2024-11-11,2024-10-30,2024-11-11,5967.64,1074.17,7041.81,INR,approved
M001,INV002464,ORD009789,Shiprocket,VINV-002464,2024-12-27,2024-12-13,2024-12-27,4654.94,837.89,5492.83,INR,approved
M001,INV002465,ORD007849,AdGrowth Marketing,VINV-002465,2024-11-22,2024-10-24,2024-11-22,6271.31,1128.84,7400.15,INR,approved
M001,INV002466,ORD001437,AdGrowth Marketing,VINV-002466,2024-03-18,2024-02-28,2024-03-18,2527.09,454.88,2981.97,INR,approved
M001,INV002467,ORD000693,Cashfree Fees,VINV-002467,2024-01-25,2024-01-03,2024-01-25,774.05,139.33,913.38,INR,approved
M001,INV002468,ORD008112,Cashfree Fees,VINV-002468,2024-11-28,2024-11-24,2024-11-28,1930.46,347.48,2277.94,INR,approved
M001,INV002469,ORD009579,Delhivery,VINV-002469,2024-12-20,2024-12-03,2024-12-20,987.19,177.69,1164.88,INR,approved
M001,INV002470,ORD005288,BlueDart,VINV-002470,2024-08-12,2024-08-04,2024-08-12,3077.47,553.95,3631.42,INR,approved
M001,INV002471,ORD005401,Xpressbees,VINV-002471,2024-09-01,2024-08-07,2024-09-01,3124.22,562.36,3686.58,INR,approved
M001,INV002472,ORD005323,Xpressbees,VINV-002472,2024-08-03,2024-07-15,2024-08-03,6711.22,1208.02,7919.24,INR,pending
M001,INV002473,ORD007971,Delhivery,VINV-002473,2024-11-25,2024-10-27,2024-11-25,4762.24,857.2,5619.44,INR,approved
M001,INV002474,ORD006208,Razorpay Fees,VINV-002474,2024-09-05,2024-09-04,2024-09-05,6381.49,1148.67,7530.16,INR,approved
M001,INV002475,ORD006297,Shiprocket,VINV-002475,2024-09-24,2024-09-08,2024-09-24,6303.75,1134.67,7438.42,INR,approved
M001,INV002476,ORD006537,BlueDart,VINV-002476,2024-10-16,2024-10-03,2024-10-16,5231.67,941.7,6173.37,INR,pending
M001,INV002477,ORD005602,Cashfree Fees,VINV-002477,2024-08-22,2024-07-25,2024-08-22,3631.4,653.65,4285.05,INR,approved
M001,INV002478,ORD004877,BlueDart,VINV-002478,2024-07-12,2024-06-12,2024-07-12,3701.67,666.3,4367.97,INR,approved
M001,INV002479,ORD007286,Delhivery,VINV-002479,2024-10-17,2024-10-10,2024-10-17,8828.19,1589.08,10417.27,INR,pending
M001,INV002480,ORD004066,AdGrowth Marketing,VINV-002480,2024-06-23,2024-06-21,2024-06-23,4397.18,791.49,5188.67,INR,approved
M001,INV002481,ORD005989,Ecom Express,VINV-002481,2024-09-09,2024-08-23,2024-09-09,4146.83,746.43,4893.26,INR,approved
M001,INV002482,ORD005179,Cashfree Fees,VINV-002482,2024-08-10,2024-07-18,2024-08-10,8037.51,1446.75,9484.26,INR,approved
M001,INV002483,ORD004426,Cashfree Fees,VINV-002483,2024-06-18,2024-06-01,2024-06-18,6081.97,1094.75,7176.72,INR,approved
M001,INV002484,ORD000350,Delhivery,VINV-002484,2024-02-01,2024-01-08,2024-02-01,507.14,91.28,598.42,INR,approved
M001,INV002485,ORD003979,AdGrowth Marketing,VINV-002485,2024-06-09,2024-06-07,2024-06-09,2485.16,447.33,2932.49,INR,approved
M001,INV002486,ORD004030,Urban Warehouse Services,VINV-002486,2024-06-02,2024-05-12,2024-06-02,4535.91,816.46,5352.37,INR,approved
M001,INV002487,ORD007986,Cashfree Fees,VINV-002487,2024-11-27,2024-11-09,2024-11-27,3447.74,620.59,4068.33,INR,disputed
M001,INV002488,ORD002864,Razorpay Fees,VINV-002488,2024-05-10,2024-04-29,2024-05-10,5732.32,1031.82,6764.14,INR,approved
M001,INV002489,ORD006685,Shiprocket,VINV-002489,2024-10-09,2024-09-21,2024-10-09,2516.87,453.04,2969.91,INR,approved
M001,INV002490,ORD005763,Shiprocket,VINV-002490,2024-08-27,2024-08-24,2024-08-27,5235.61,942.41,6178.02,INR,approved
M001,INV002491,ORD002102,Xpressbees,VINV-002491,2024-04-07,2024-03-30,2024-04-07,8547.27,1538.51,10085.78,INR,approved
M001,INV002492,ORD008287,Ecom Express,VINV-002492,2024-12-09,2024-11-19,2024-12-09,5149.18,926.85,6076.03,INR,approved
M001,INV002493,ORD002656,Cashfree Fees,VINV-002493,2024-05-07,2024-05-05,2024-05-07,6456.45,1162.16,7618.61,INR,approved
M001,INV002494,ORD008969,Shiprocket,VINV-002494,2024-12-21,2024-11-21,2024-12-21,3302.31,594.42,3896.73,INR,approved
M001,INV002495,ORD005109,AdGrowth Marketing,VINV-002495,2024-07-25,2024-07-23,2024-07-25,3151.54,567.28,3718.82,INR,approved
M001,INV002496,ORD005113,Urban Warehouse Services,VINV-002496,2024-08-14,2024-08-01,2024-08-14,7851.69,1413.3,9264.99,INR,approved
M001,INV002497,ORD009119,Xpressbees,VINV-002497,2024-12-24,2024-12-18,2024-12-24,6663.17,1199.37,7862.54,INR,approved
M001,INV002498,ORD008159,Razorpay Fees,VINV-002498,2024-11-21,2024-11-08,2024-11-21,1756.84,316.23,2073.07,INR,disputed
M001,INV002499,ORD004032,Urban Warehouse Services,VINV-002499,2024-06-21,2024-06-18,2024-06-21,1023.7,184.27,1207.97,INR,approved
M001,INV002500,ORD005093,Ecom Express,VINV-002500,2024-07-31,2024-07-28,2024-07-31,3431.82,617.73,4049.55,INR,approved
M001,INV002501,ORD002700,Bangalore Packaging Co,VINV-002501,2024-05-10,2024-04-22,2024-05-10,4030.43,725.48,4755.91,INR,approved
M001,INV002502,ORD009225,Bangalore Packaging Co,VINV-002502,2024-12-12,2024-11-19,2024-12-12,790.71,142.33,933.04,INR,approved
M001,INV002503,ORD005810,Urban Warehouse Services,VINV-002503,2024-09-07,2024-08-26,2024-09-07,8044.58,1448.03,9492.61,INR,approved
M001,INV002504,ORD006571,Shiprocket,VINV-002504,2024-09-30,2024-09-09,2024-09-30,5253.72,945.67,6199.39,INR,approved
M001,INV002505,ORD002415,Razorpay Fees,VINV-002505,2024-04-24,2024-04-10,2024-04-24,4941.09,889.4,5830.49,INR,approved
M001,INV002506,ORD001230,Delhivery,VINV-002506,2024-02-10,2024-01-13,2024-02-10,10073.92,1813.3,11887.22,INR,pending
M001,INV002507,ORD002488,Urban Warehouse Services,VINV-002507,2024-04-05,2024-03-18,2024-04-05,5458.2,982.48,6440.68,INR,approved
M001,INV002508,ORD005562,BlueDart,VINV-002508,2024-08-25,2024-08-04,2024-08-25,5299.19,953.85,6253.04,INR,pending
M001,INV002509,ORD007603,AdGrowth Marketing,VINV-002509,2024-11-13,2024-10-14,2024-11-13,3558.3,640.49,4198.79,INR,pending
M001,INV002510,ORD007736,AdGrowth Marketing,VINV-002510,2024-10-31,2024-10-17,2024-10-31,701.58,126.28,827.86,INR,approved
M001,INV002511,ORD004037,Delhivery,VINV-002511,2024-06-24,2024-06-07,2024-06-24,5536.94,996.65,6533.59,INR,pending
M001,INV002512,VORD000061,Urban Warehouse Services,VINV-002512,2024-07-29,2024-07-23,2024-07-29,28835.57,5190.4,34025.97,INR,approved
M001,INV002513,ORD009042,Xpressbees,VINV-002513,2024-12-06,2024-11-25,2024-12-06,4167.56,750.16,4917.72,INR,approved
M001,INV002514,ORD000777,BlueDart,VINV-002514,2024-01-27,2024-01-04,2024-01-27,5069.21,912.46,5981.67,INR,approved
M001,INV002515,ORD000762,Shiprocket,VINV-002515,2024-02-20,2024-01-26,2024-02-20,7498.58,1349.75,8848.33,INR,approved
M001,INV002516,ORD001398,Cashfree Fees,VINV-002516,2024-03-10,2024-02-20,2024-03-10,3779.68,680.34,4460.02,INR,disputed
M001,INV002517,ORD002420,Urban Warehouse Services,VINV-002517,2024-04-03,2024-03-31,2024-04-03,6506.26,1171.13,7677.39,INR,approved
M001,INV002518,ORD006950,BlueDart,VINV-002518,2024-10-29,2024-10-03,2024-10-29,2979.03,536.23,3515.26,INR,approved
M001,INV002519,ORD003264,Bangalore Packaging Co,VINV-002519,2024-05-06,2024-04-21,2024-05-06,5276.53,949.77,6226.3,INR,approved
M001,INV002520,ORD000135,Shiprocket,VINV-002520,2024-01-29,2024-01-07,2024-01-29,1243.39,223.81,1467.2,INR,approved
M001,INV002521,ORD007002,Shiprocket,VINV-002521,2024-10-31,2024-10-01,2024-10-31,2382.33,428.82,2811.15,INR,pending
M001,INV002522,ORD008929,Bangalore Packaging Co,VINV-002522,2024-12-02,2024-11-03,2024-12-02,3392.64,610.68,4003.32,INR,approved
M001,INV002523,ORD000913,Ecom Express,VINV-002523,2024-02-21,2024-02-19,2024-02-21,7762.53,1397.26,9159.79,INR,approved
M001,INV002524,VORD000077,Urban Warehouse Services,VINV-002524,2024-06-11,2024-06-03,2024-06-11,13964.86,2513.68,16478.54,INR,approved
M001,INV002525,ORD005245,Razorpay Fees,VINV-002525,2024-08-05,2024-07-11,2024-08-05,1532.49,275.85,1808.34,INR,pending
M001,INV002526,ORD001302,Urban Warehouse Services,VINV-002526,2024-03-08,2024-02-17,2024-03-08,6889.5,1240.11,8129.61,INR,approved
M001,INV002527,ORD006715,Bangalore Packaging Co,VINV-002527,2024-10-17,2024-10-08,2024-10-17,8469.93,1524.59,9994.52,INR,approved
M001,INV002528,ORD002071,AdGrowth Marketing,VINV-002528,2024-04-14,2024-04-09,2024-04-14,4229.75,761.35,4991.1,INR,pending
M001,INV002529,ORD006847,Bangalore Packaging Co,VINV-002529,2024-10-24,2024-10-06,2024-10-24,5621.38,1011.85,6633.23,INR,approved
M001,INV002530,ORD003781,Bangalore Packaging Co,VINV-002530,2024-06-17,2024-06-01,2024-06-17,6263.61,1127.45,7391.06,INR,approved
M001,INV002531,VORD000038,Bangalore Packaging Co,VINV-002531,2024-02-13,2024-01-23,2024-02-13,2357.81,424.4,2782.21,INR,approved
M001,INV002532,ORD005613,AdGrowth Marketing,VINV-002532,2024-08-22,2024-08-11,2024-08-22,1553.81,279.69,1833.5,INR,approved
M001,INV002533,ORD008810,Bangalore Packaging Co,VINV-002533,2024-12-14,2024-11-15,2024-12-14,1950.5,351.09,2301.59,INR,approved
M001,INV002534,ORD009490,AdGrowth Marketing,VINV-002534,2024-12-23,2024-12-10,2024-12-23,2027.25,364.91,2392.16,INR,approved
M001,INV002535,ORD007233,AdGrowth Marketing,VINV-002535,2024-11-07,2024-10-19,2024-11-07,2312.63,416.27,2728.9,INR,approved
M001,INV002536,ORD003690,Cashfree Fees,VINV-002536,2024-05-28,2024-05-10,2024-05-28,3258.1,586.46,3844.56,INR,disputed
M001,INV002537,ORD001706,Shiprocket,VINV-002537,2024-03-03,2024-02-09,2024-03-03,1009.95,181.79,1191.74,INR,disputed
M001,INV002538,ORD006469,BlueDart,VINV-002538,2024-10-04,2024-09-28,2024-10-04,800.08,144.01,944.09,INR,approved
M001,INV002539,ORD002100,BlueDart,VINV-002539,2024-03-20,2024-02-26,2024-03-20,17735.13,3192.32,20927.45,INR,pending
M001,INV002540,ORD002175,Delhivery,VINV-002540,2024-04-06,2024-03-07,2024-04-06,8659.59,1558.73,10218.32,INR,disputed
M001,INV002541,ORD004465,AdGrowth Marketing,VINV-002541,2024-06-25,2024-05-28,2024-06-25,7491.14,1348.41,8839.55,INR,approved
M001,INV002542,ORD001035,Xpressbees,VINV-002542,2024-02-11,2024-01-29,2024-02-11,6339.25,1141.06,7480.31,INR,approved
M001,INV002543,ORD004172,Cashfree Fees,VINV-002543,2024-06-09,2024-05-31,2024-06-09,1378.53,248.13,1626.66,INR,approved
M001,INV002544,ORD001712,AdGrowth Marketing,VINV-002544,2024-03-04,2024-02-23,2024-03-04,4563.81,821.48,5385.29,INR,approved
M001,INV002545,ORD006286,AdGrowth Marketing,VINV-002545,2024-09-09,2024-08-15,2024-09-09,6475.8,1165.64,7641.44,INR,approved
M001,INV002546,ORD006272,Razorpay Fees,VINV-002546,2024-09-24,2024-09-09,2024-09-24,1606.42,289.15,1895.57,INR,approved
M001,INV002547,ORD003612,Ecom Express,VINV-002547,2024-06-02,2024-05-22,2024-06-02,2703.29,486.59,3189.88,INR,approved
M001,INV002548,ORD003757,AdGrowth Marketing,VINV-002548,2024-05-30,2024-05-29,2024-05-30,4533.81,816.09,5349.9,INR,approved
M001,INV002549,ORD008854,Bangalore Packaging Co,VINV-002549,2024-12-02,2024-11-17,2024-12-02,2748.98,494.82,3243.8,INR,approved
M001,INV002550,VORD000029,Ecom Express,VINV-002550,2024-01-17,2024-01-06,2024-01-17,21291.1,3832.4,25123.5,INR,approved
M001,INV002551,ORD002713,Bangalore Packaging Co,VINV-002551,2024-04-16,2024-04-08,2024-04-16,5351.53,963.28,6314.81,INR,approved
M001,INV002552,ORD001803,Delhivery,VINV-002552,2024-03-13,2024-03-03,2024-03-13,4158.84,748.59,4907.43,INR,approved
M001,INV002553,ORD006577,Cashfree Fees,VINV-002553,2024-10-07,2024-09-26,2024-10-07,41818.65,7527.36,49346.01,INR,approved
M001,INV002554,ORD005229,Shiprocket,VINV-002554,2024-08-12,2024-07-27,2024-08-12,2702.94,486.53,3189.47,INR,approved
M001,INV002555,ORD001458,BlueDart,VINV-002555,2024-02-29,2024-02-17,2024-02-29,5686.92,1023.64,6710.56,INR,approved
M001,INV002556,ORD007834,BlueDart,VINV-002556,2024-11-05,2024-10-19,2024-11-05,1688.38,303.91,1992.29,INR,approved
M001,INV002557,ORD001614,Ecom Express,VINV-002557,2024-03-08,2024-02-07,2024-03-08,2156.07,388.09,2544.16,INR,approved
M001,INV002558,ORD009510,Delhivery,VINV-002558,2024-12-25,2024-12-13,2024-12-25,1496.6,269.39,1765.99,INR,approved
M001,INV002559,ORD006739,BlueDart,VINV-002559,2024-10-02,2024-09-23,2024-10-02,7751.96,1395.35,9147.31,INR,rejected
M001,INV002560,ORD006537,Shiprocket,VINV-002560,2024-10-04,2024-09-24,2024-10-04,5195.11,935.12,6130.23,INR,approved
M001,INV002561,ORD003498,AdGrowth Marketing,VINV-002561,2024-05-29,2024-05-01,2024-05-29,5802.03,1044.37,6846.4,INR,approved
M001,INV002562,ORD001879,Razorpay Fees,VINV-002562,2024-03-16,2024-02-17,2024-03-16,6602.12,1188.38,7790.5,INR,pending
M001,INV002563,ORD000182,BlueDart,VINV-002563,2024-01-23,2023-12-28,2024-01-23,2503.53,450.64,2954.17,INR,approved
M001,INV002564,ORD004477,Bangalore Packaging Co,VINV-002564,2024-07-10,2024-06-29,2024-07-10,40150.76,7227.14,47377.9,INR,approved
M001,INV002565,ORD002528,Cashfree Fees,VINV-002565,2024-04-15,2024-03-22,2024-04-15,7867.54,1416.16,9283.7,INR,approved
M001,INV002566,ORD000333,Shiprocket,VINV-002566,2024-01-20,2024-01-12,2024-01-20,10175.77,1831.64,12007.41,INR,approved
M001,INV002567,ORD001732,Urban Warehouse Services,VINV-002567,2024-03-07,2024-02-14,2024-03-07,5746.55,1034.38,6780.93,INR,approved
M001,INV002568,ORD001541,Xpressbees,VINV-002568,2024-03-11,2024-03-01,2024-03-11,5754.76,1035.86,6790.62,INR,approved
M001,INV002569,ORD001656,Xpressbees,VINV-002569,2024-03-21,2024-02-27,2024-03-21,6170.73,1110.73,7281.46,INR,approved
M001,INV002570,ORD005884,Ecom Express,VINV-002570,2024-09-05,2024-08-15,2024-09-05,5556.8,1000.22,6557.02,INR,approved
M001,INV002571,ORD008837,Bangalore Packaging Co,VINV-002571,2024-12-07,2024-11-13,2024-12-07,7644.27,1375.97,9020.24,INR,rejected
M001,INV002572,ORD002106,Shiprocket,VINV-002572,2024-03-20,2024-03-09,2024-03-20,7369.78,1326.56,8696.34,INR,disputed
M001,INV002573,ORD000234,Urban Warehouse Services,VINV-002573,2024-01-14,2023-12-19,2024-01-14,5514.64,992.63,6507.27,INR,pending
M001,INV002574,ORD009625,Xpressbees,VINV-002574,2025-01-10,2024-12-20,2025-01-10,7621.91,1371.94,8993.85,INR,disputed
M001,INV002575,ORD006901,BlueDart,VINV-002575,2024-10-25,2024-09-27,2024-10-25,3906.95,703.25,4610.2,INR,approved
M001,INV002576,ORD009762,Cashfree Fees,VINV-002576,2025-01-03,2024-12-08,2025-01-03,876.62,157.79,1034.41,INR,approved
M001,INV002577,ORD002217,Cashfree Fees,VINV-002577,2024-04-14,2024-03-20,2024-04-14,5572.78,1003.1,6575.88,INR,disputed
M001,INV002578,ORD003475,Cashfree Fees,VINV-002578,2024-06-07,2024-05-13,2024-06-07,1093.48,196.83,1290.31,INR,pending
M001,INV002579,ORD006464,BlueDart,VINV-002579,2024-09-27,2024-08-29,2024-09-27,5035.8,906.44,5942.24,INR,pending
M001,INV002580,ORD005818,BlueDart,VINV-002580,2024-09-05,2024-08-19,2024-09-05,3970.54,714.7,4685.24,INR,disputed
M001,INV002581,ORD000346,Bangalore Packaging Co,VINV-002581,2024-01-24,2024-01-20,2024-01-24,8032.99,1445.94,9478.93,INR,pending
M001,INV002582,ORD001372,Urban Warehouse Services,VINV-002582,2024-02-23,2024-02-19,2024-02-23,3209.58,577.72,3787.3,INR,disputed
M001,INV002583,ORD000230,Shiprocket,VINV-002583,2024-01-25,2024-01-10,2024-01-25,2047.74,368.59,2416.33,INR,approved
M001,INV002584,ORD003657,Shiprocket,VINV-002584,2024-05-26,2024-05-02,2024-05-26,5219.21,939.46,6158.67,INR,approved
M001,INV002585,ORD003162,Cashfree Fees,VINV-002585,2024-05-20,2024-04-25,2024-05-20,2781.81,500.72,3282.53,INR,pending
M001,INV002586,ORD000362,Bangalore Packaging Co,VINV-002586,2024-02-09,2024-01-19,2024-02-09,8291.42,1492.45,9783.87,INR,approved
M001,INV002587,ORD003014,Xpressbees,VINV-002587,2024-05-12,2024-04-17,2024-05-12,1377.11,247.88,1624.99,INR,approved
M001,INV002588,ORD004035,Bangalore Packaging Co,VINV-002588,2024-06-10,2024-06-01,2024-06-10,2134.25,384.17,2518.42,INR,disputed
M001,INV002589,ORD002105,Xpressbees,VINV-002589,2024-03-27,2024-02-26,2024-03-27,1449.82,260.97,1710.79,INR,approved
M001,INV002590,ORD001460,Delhivery,VINV-002590,2024-02-25,2024-02-10,2024-02-25,12635.27,2274.35,14909.62,INR,approved
M001,INV002591,ORD002723,BlueDart,VINV-002591,2024-05-09,2024-05-03,2024-05-09,36412.18,6554.19,42966.37,INR,rejected
M001,INV002592,ORD002675,AdGrowth Marketing,VINV-002592,2024-04-22,2024-03-31,2024-04-22,8096.53,1457.37,9553.9,INR,approved
M001,INV002593,ORD008474,Bangalore Packaging Co,VINV-002593,2024-12-10,2024-11-28,2024-12-10,34041.71,6127.51,40169.22,INR,approved
M001,INV002594,ORD001156,Urban Warehouse Services,VINV-002594,2024-02-09,2024-01-12,2024-02-09,6686.01,1203.48,7889.49,INR,pending
M001,INV002595,ORD009360,Delhivery,VINV-002595,2024-12-12,2024-11-16,2024-12-12,7204.84,1296.87,8501.71,INR,approved
M001,INV002596,ORD005945,Ecom Express,VINV-002596,2024-09-02,2024-08-26,2024-09-02,4205.14,756.92,4962.06,INR,approved
M001,INV002597,ORD000920,Razorpay Fees,VINV-002597,2024-02-15,2024-01-16,2024-02-15,7588.67,1365.96,8954.63,INR,approved
M001,INV002598,ORD001001,Cashfree Fees,VINV-002598,2024-02-26,2024-02-06,2024-02-26,2402.21,432.4,2834.61,INR,pending
M001,INV002599,ORD003797,Xpressbees,VINV-002599,2024-06-04,2024-05-23,2024-06-04,7292.17,1312.59,8604.76,INR,approved
M001,INV002600,ORD005441,Cashfree Fees,VINV-002600,2024-08-29,2024-07-30,2024-08-29,7601.82,1368.33,8970.15,INR,rejected
M001,INV002601,ORD001839,Bangalore Packaging Co,VINV-002601,2024-04-04,2024-03-29,2024-04-04,4234.79,762.26,4997.05,INR,pending
M001,INV002602,ORD001857,Urban Warehouse Services,VINV-002602,2024-03-19,2024-03-15,2024-03-19,494.14,88.94,583.08,INR,pending
M001,INV002603,ORD002545,Cashfree Fees,VINV-002603,2024-04-09,2024-03-28,2024-04-09,1759.33,316.68,2076.01,INR,approved
M001,INV002604,ORD002082,Delhivery,VINV-002604,2024-04-10,2024-03-23,2024-04-10,683.12,122.96,806.08,INR,approved
M001,INV002605,ORD004059,Shiprocket,VINV-002605,2024-06-23,2024-05-24,2024-06-23,4591.49,826.47,5417.96,INR,pending
M001,INV002606,ORD003543,Bangalore Packaging Co,VINV-002606,2024-05-23,2024-05-22,2024-05-23,1425.24,256.54,1681.78,INR,pending
M001,INV002607,ORD007702,Delhivery,VINV-002607,2024-11-06,2024-10-13,2024-11-06,6331.92,1139.74,7471.66,INR,approved
M001,INV002608,ORD008388,Bangalore Packaging Co,VINV-002608,2024-12-04,2024-11-06,2024-12-04,2934.78,528.26,3463.04,INR,approved
M001,INV002609,ORD005661,AdGrowth Marketing,VINV-002609,2024-08-17,2024-07-25,2024-08-17,8171.86,1470.94,9642.8,INR,approved
M001,INV002610,VORD000058,Ecom Express,VINV-002610,2024-03-22,2024-03-17,2024-03-22,3570.07,642.61,4212.68,INR,pending
M001,INV002611,ORD001274,Bangalore Packaging Co,VINV-002611,2024-03-02,2024-02-05,2024-03-02,3706.19,667.12,4373.31,INR,pending
M001,INV002612,ORD001463,Cashfree Fees,VINV-002612,2024-03-18,2024-02-21,2024-03-18,4347.32,782.52,5129.84,INR,approved
M001,INV002613,ORD008375,AdGrowth Marketing,VINV-002613,2024-11-28,2024-11-21,2024-11-28,1326.61,238.79,1565.4,INR,pending
M001,INV002614,ORD009444,Xpressbees,VINV-002614,2025-01-04,2024-12-05,2025-01-04,5083.59,915.05,5998.64,INR,approved
M001,INV002615,ORD009131,Cashfree Fees,VINV-002615,2024-12-14,2024-11-21,2024-12-14,1527.58,274.97,1802.55,INR,approved
M001,INV002616,ORD009868,Cashfree Fees,VINV-002286,2025-01-18,2025-01-13,2025-01-18,3518.45,633.32,4151.77,INR,disputed
M001,INV002617,VORD000034,Cashfree Fees,VINV-002617,2024-03-05,2024-02-18,2024-03-05,9080.63,1634.51,10715.14,INR,approved
M001,INV002618,ORD006667,Shiprocket,VINV-002618,2024-10-21,2024-09-23,2024-10-21,4973.24,895.18,5868.42,INR,approved
M001,INV002619,ORD002661,BlueDart,VINV-002619,2024-04-18,2024-03-27,2024-04-18,4518.53,813.33,5331.86,INR,approved
M001,INV002620,ORD004403,Urban Warehouse Services,VINV-002620,2024-07-14,2024-07-02,2024-07-14,6702.03,1206.37,7908.4,INR,approved
M001,INV002621,ORD008858,BlueDart,VINV-002621,2024-12-24,2024-12-14,2024-12-24,7501.46,1350.26,8851.72,INR,approved
M001,INV002622,ORD002703,Urban Warehouse Services,VINV-002622,2024-04-14,2024-03-30,2024-04-14,5128.87,923.2,6052.07,INR,approved
M001,INV002623,ORD004464,Cashfree Fees,VINV-002623,2024-07-10,2024-06-10,2024-07-10,540.97,97.38,638.35,INR,approved
M001,INV002624,VORD000059,Cashfree Fees,VINV-002624,2024-01-12,2023-12-27,2024-01-12,10972.55,1975.06,12947.61,INR,approved
M001,INV002625,ORD001975,AdGrowth Marketing,VINV-002625,2024-04-08,2024-03-12,2024-04-08,2011.47,362.07,2373.54,INR,approved
M001,INV002626,ORD003411,Ecom Express,VINV-002626,2024-05-12,2024-05-08,2024-05-12,8649.44,1556.9,10206.34,INR,approved
M001,INV002627,ORD001256,AdGrowth Marketing,VINV-002627,2024-03-06,2024-02-11,2024-03-06,2508.35,451.5,2959.85,INR,pending
M001,INV002628,ORD000328,Shiprocket,VINV-002628,2024-02-05,2024-01-23,2024-02-05,1976.03,355.69,2331.72,INR,approved
M001,INV002629,ORD006367,Urban Warehouse Services,VINV-002629,2024-10-11,2024-09-19,2024-10-11,5188.76,933.98,6122.74,INR,approved
M001,INV002630,ORD005440,Delhivery,VINV-002630,2024-08-19,2024-07-25,2024-08-19,6798.2,1223.68,8021.88,INR,pending
M001,INV002631,ORD008748,BlueDart,VINV-002631,2024-12-05,2024-12-02,2024-12-05,3504.32,630.78,4135.1,INR,pending
M001,INV002632,ORD002276,BlueDart,VINV-002632,2024-03-29,2024-03-11,2024-03-29,3264.22,587.56,3851.78,INR,approved
M001,INV002633,ORD003221,BlueDart,VINV-002633,2024-05-04,2024-05-02,2024-05-04,396.36,71.34,467.7,INR,pending
M001,INV002634,ORD008664,Shiprocket,VINV-002634,2024-12-08,2024-11-26,2024-12-08,3998.6,719.75,4718.35,INR,approved
M001,INV002635,ORD007002,BlueDart,VINV-002635,2024-10-11,2024-09-27,2024-10-11,1499.95,269.99,1769.94,INR,approved
M001,INV002636,ORD002438,Razorpay Fees,VINV-002636,2024-04-02,2024-03-09,2024-04-02,1452.57,261.46,1714.03,INR,approved
M001,INV002637,ORD002230,Xpressbees,VINV-002637,2024-03-24,2024-03-08,2024-03-24,7663.45,1379.42,9042.87,INR,approved
M001,INV002638,ORD004218,Urban Warehouse Services,VINV-002638,2024-06-13,2024-06-06,2024-06-13,3527.72,634.99,4162.71,INR,approved
M001,INV002639,ORD008835,Bangalore Packaging Co,VINV-002639,2024-12-19,2024-12-01,2024-12-19,5289.47,952.11,6241.58,INR,approved
M001,INV002640,ORD005434,Xpressbees,VINV-002640,2024-08-06,2024-07-08,2024-08-06,2576.37,463.75,3040.12,INR,approved
M001,INV002641,ORD000895,AdGrowth Marketing,VINV-002641,2024-02-09,2024-01-22,2024-02-09,6959.42,1252.7,8212.12,INR,pending
M001,INV002642,ORD001490,Delhivery,VINV-002642,2024-03-02,2024-02-13,2024-03-02,6691.47,1204.46,7895.93,INR,pending
M001,INV002643,ORD007550,Urban Warehouse Services,VINV-000656,2024-10-23,2024-10-10,2024-10-23,40717.46,7329.14,48046.6,INR,approved
M001,INV002644,ORD001188,Delhivery,VINV-002644,2024-02-12,2024-02-03,2024-02-12,6856.24,1234.12,8090.36,INR,disputed
M001,INV002645,ORD003985,Razorpay Fees,VINV-002645,2024-06-20,2024-05-26,2024-06-20,3049.07,548.83,3597.9,INR,disputed
M001,INV002646,ORD004377,Ecom Express,VINV-002646,2024-07-12,2024-06-24,2024-07-12,3267.44,588.14,3855.58,INR,approved
M001,INV002647,ORD004513,Delhivery,VINV-002647,2024-07-15,2024-07-04,2024-07-15,38944.89,7010.08,45954.97,INR,approved
M001,INV002648,ORD006502,AdGrowth Marketing,VINV-002648,2024-09-28,2024-09-03,2024-09-28,1839.61,331.13,2170.74,INR,approved
M001,INV002649,ORD008342,Xpressbees,VINV-002649,2024-11-27,2024-11-18,2024-11-27,1910.19,343.83,2254.02,INR,approved
M001,INV002650,ORD005368,Delhivery,VINV-002650,2024-08-29,2024-08-02,2024-08-29,4475.54,805.6,5281.14,INR,approved
M001,INV002651,ORD009912,AdGrowth Marketing,VINV-002651,2025-01-11,2024-12-13,2025-01-11,2343.25,421.78,2765.03,INR,approved
M001,INV002652,ORD003955,Bangalore Packaging Co,VINV-002652,2024-06-07,2024-05-24,2024-06-07,931.78,167.72,1099.5,INR,approved
M001,INV002653,ORD002539,Razorpay Fees,VINV-002653,2024-05-03,2024-05-02,2024-05-03,5224.55,940.42,6164.97,INR,approved
M001,INV002654,ORD002545,Xpressbees,VINV-002654,2024-04-12,2024-04-02,2024-04-12,1780.12,320.42,2100.54,INR,approved
M001,INV002655,ORD002152,Urban Warehouse Services,VINV-002655,2024-04-04,2024-04-01,2024-04-04,9020.05,1623.61,10643.66,INR,approved
M001,INV002656,VORD000002,AdGrowth Marketing,VINV-002656,2024-10-01,2024-09-05,2024-10-01,25782.23,4640.8,30423.03,INR,approved
M001,INV002657,ORD000396,Shiprocket,VINV-002657,2024-01-31,2024-01-10,2024-01-31,5387.54,969.76,6357.3,INR,disputed
M001,INV002658,ORD007107,Delhivery,VINV-002658,2024-10-27,2024-09-28,2024-10-27,6276.33,1129.74,7406.07,INR,approved
M001,INV002659,ORD007665,Delhivery,VINV-002659,2024-11-10,2024-10-25,2024-11-10,2287.51,411.75,2699.26,INR,approved
M001,INV002660,VORD000030,BlueDart,VINV-002660,2024-07-15,2024-06-22,2024-07-15,8807.54,1585.36,10392.9,INR,pending
M001,INV002661,ORD006746,Ecom Express,VINV-002661,2024-10-01,2024-09-15,2024-10-01,2629.89,473.38,3103.27,INR,approved
M001,INV002662,ORD008102,Xpressbees,VINV-002662,2024-12-05,2024-11-13,2024-12-05,1722.05,309.97,2032.02,INR,approved
M001,INV002663,ORD008498,Urban Warehouse Services,VINV-002663,2024-12-06,2024-11-27,2024-12-06,3730.76,671.54,4402.3,INR,approved
M001,INV002664,ORD006139,AdGrowth Marketing,VINV-002664,2024-09-27,2024-09-21,2024-09-27,1912.17,344.19,2256.36,INR,pending
M001,INV002665,ORD004682,Xpressbees,VINV-002665,2024-07-03,2024-06-17,2024-07-03,6557.54,1180.36,7737.9,INR,rejected
M001,INV002666,ORD006480,Shiprocket,VINV-000160,2024-10-06,2024-10-03,2024-10-06,3058.93,550.61,3609.54,INR,approved
M001,INV002667,ORD005146,Delhivery,VINV-002667,2024-08-11,2024-07-28,2024-08-11,5906.01,1063.08,6969.09,INR,approved
M001,INV002668,ORD005055,Shiprocket,VINV-002668,2024-08-09,2024-07-25,2024-08-09,3934.47,708.2,4642.67,INR,approved
M001,INV002669,ORD007149,Ecom Express,VINV-002669,2024-10-11,2024-10-04,2024-10-11,2605.55,469.0,3074.55,INR,approved
M001,INV002670,ORD009618,AdGrowth Marketing,VINV-002670,2025-01-16,2024-12-20,2025-01-16,1426.77,256.82,1683.59,INR,approved
M001,INV002671,ORD000125,Bangalore Packaging Co,VINV-002671,2024-01-18,2023-12-29,2024-01-18,5159.09,928.64,6087.73,INR,disputed
M001,INV002672,ORD009897,AdGrowth Marketing,VINV-002672,2025-01-02,2024-12-08,2025-01-02,6793.36,1222.81,8016.17,INR,disputed
M001,INV002673,ORD001768,Delhivery,VINV-002673,2024-04-01,2024-03-17,2024-04-01,31886.04,5739.49,37625.53,INR,approved
M001,INV002674,ORD002302,Xpressbees,VINV-002674,2024-04-02,2024-04-01,2024-04-02,1855.35,333.96,2189.31,INR,approved
M001,INV002675,ORD000306,Ecom Express,VINV-002675,2024-01-29,2023-12-31,2024-01-29,5065.89,911.86,5977.75,INR,approved
M001,INV002676,ORD003625,AdGrowth Marketing,VINV-002676,2024-06-13,2024-06-01,2024-06-13,1748.11,314.66,2062.77,INR,approved
M001,INV002677,ORD008283,Delhivery,VINV-002677,2024-12-10,2024-11-12,2024-12-10,3464.19,623.55,4087.74,INR,pending
M001,INV002678,ORD003138,Delhivery,VINV-002678,2024-05-22,2024-05-05,2024-05-22,5289.85,952.17,6242.02,INR,approved
M001,INV002679,ORD007157,BlueDart,VINV-002679,2024-11-05,2024-11-03,2024-11-05,1604.54,288.82,1893.36,INR,approved
M001,INV002680,ORD002578,Ecom Express,VINV-002680,2024-04-09,2024-03-19,2024-04-09,6101.36,1098.24,7199.6,INR,approved
M001,INV002681,ORD007460,Ecom Express,VINV-002681,2024-11-04,2024-10-06,2024-11-04,32358.36,5824.51,38182.87,INR,pending
M001,INV002682,ORD004087,BlueDart,VINV-002682,2024-06-26,2024-06-23,2024-06-26,6912.42,1244.23,8156.65,INR,approved
M001,INV002683,ORD007583,AdGrowth Marketing,VINV-002683,2024-10-29,2024-10-01,2024-10-29,2449.91,440.98,2890.89,INR,disputed
M001,INV002684,ORD001150,Shiprocket,VINV-002684,2024-02-23,2024-02-04,2024-02-23,4462.24,803.2,5265.44,INR,pending
M001,INV002685,ORD006476,Xpressbees,VINV-002685,2024-09-20,2024-09-13,2024-09-20,1732.05,311.77,2043.82,INR,approved
M001,INV002686,ORD000525,Shiprocket,VINV-002686,2024-02-08,2024-02-06,2024-02-08,7814.66,1406.64,9221.3,INR,approved
M001,INV002687,ORD008225,Razorpay Fees,VINV-002687,2024-12-06,2024-11-06,2024-12-06,4028.98,725.22,4754.2,INR,approved
M001,INV002688,ORD003819,Razorpay Fees,VINV-002688,2024-06-18,2024-06-14,2024-06-18,2116.77,381.02,2497.79,INR,approved
M001,INV002689,ORD004706,AdGrowth Marketing,VINV-002689,2024-07-21,2024-07-14,2024-07-21,1099.76,197.96,1297.72,INR,approved
M001,INV002690,ORD009660,Razorpay Fees,VINV-002690,2025-01-15,2025-01-13,2025-01-15,4122.08,741.97,4864.05,INR,approved
M001,INV002691,ORD003464,AdGrowth Marketing,VINV-002691,2024-06-07,2024-05-22,2024-06-07,3723.14,670.17,4393.31,INR,approved
M001,INV002692,ORD005567,Xpressbees,VINV-002692,2024-08-15,2024-07-17,2024-08-15,9253.08,1665.56,10918.64,INR,approved
M001,INV002693,ORD003514,Bangalore Packaging Co,VINV-002693,2024-06-04,2024-05-18,2024-06-04,605.74,109.03,714.77,INR,approved
M001,INV002694,ORD003791,Urban Warehouse Services,VINV-002694,2024-06-18,2024-05-21,2024-06-18,6115.1,1100.72,7215.82,INR,approved
M001,INV002695,ORD003389,Xpressbees,VINV-002695,2024-06-03,2024-05-30,2024-06-03,3382.77,608.9,3991.67,INR,approved
M001,INV002696,ORD002089,BlueDart,VINV-002696,2024-03-22,2024-02-24,2024-03-22,4095.25,737.15,4832.4,INR,approved
M001,INV002697,ORD009413,Ecom Express,VINV-002697,2024-12-15,2024-12-02,2024-12-15,4294.54,773.02,5067.56,INR,approved
M001,INV002698,ORD003785,Razorpay Fees,VINV-002698,2024-06-13,2024-06-12,2024-06-13,4684.55,843.22,5527.77,INR,approved
M001,INV002699,ORD008936,BlueDart,VINV-002699,2024-12-02,2024-11-06,2024-12-02,8333.71,1500.07,9833.78,INR,approved
M001,INV002700,ORD001244,BlueDart,VINV-002700,2024-03-01,2024-02-29,2024-03-01,1249.64,224.93,1474.57,INR,approved
M001,INV002701,ORD004196,AdGrowth Marketing,VINV-002701,2024-06-23,2024-06-03,2024-06-23,1782.23,320.8,2103.03,INR,approved
M001,INV002702,ORD000597,Bangalore Packaging Co,VINV-002702,2024-02-09,2024-01-17,2024-02-09,4094.62,737.03,4831.65,INR,disputed
M001,INV002703,ORD003203,Bangalore Packaging Co,VINV-002703,2024-05-19,2024-04-21,2024-05-19,426.17,76.71,502.88,INR,approved
M001,INV002704,ORD008947,BlueDart,VINV-002704,2024-12-06,2024-11-29,2024-12-06,648.1,116.66,764.76,INR,approved
M001,INV002705,ORD007320,Xpressbees,VINV-002705,2024-11-05,2024-10-28,2024-11-05,7786.08,1401.49,9187.57,INR,approved
M001,INV002706,ORD008681,Shiprocket,VINV-002706,2024-11-23,2024-11-07,2024-11-23,3859.89,694.78,4554.67,INR,approved
M001,INV002707,ORD002054,Xpressbees,VINV-002707,2024-03-20,2024-02-26,2024-03-20,870.81,156.74,1027.55,INR,approved
M001,INV002708,ORD000316,AdGrowth Marketing,VINV-002708,2024-01-15,2024-01-10,2024-01-15,656.25,118.13,774.38,INR,approved
M001,INV002709,ORD001092,Xpressbees,VINV-002709,2024-03-03,2024-02-17,2024-03-03,4882.09,878.78,5760.87,INR,approved
M001,INV002710,ORD004767,Shiprocket,VINV-002710,2024-07-26,2024-07-13,2024-07-26,5547.64,998.58,6546.22,INR,approved
M001,INV002711,ORD006064,Urban Warehouse Services,VINV-002711,2024-09-17,2024-09-03,2024-09-17,18052.43,3249.44,21301.87,INR,disputed
M001,INV002712,ORD005407,Bangalore Packaging Co,VINV-002712,2024-08-11,2024-07-19,2024-08-11,6823.3,1228.19,8051.49,INR,approved
M001,INV002713,ORD007998,AdGrowth Marketing,VINV-002713,2024-11-16,2024-11-15,2024-11-16,8121.38,1461.85,9583.23,INR,approved
M001,INV002714,ORD006391,AdGrowth Marketing,VINV-002714,2024-09-24,2024-08-28,2024-09-24,2560.95,460.97,3021.92,INR,pending
M001,INV002715,ORD008605,Ecom Express,VINV-002715,2024-12-19,2024-12-18,2024-12-19,4866.16,875.91,5742.07,INR,approved
M001,INV002716,ORD002183,Delhivery,VINV-002716,2024-04-14,2024-03-15,2024-04-14,5327.93,959.03,6286.96,INR,approved
M001,INV002717,ORD002511,Shiprocket,VINV-002717,2024-04-06,2024-04-05,2024-04-06,7889.5,1420.11,9309.61,INR,approved
M001,INV002718,ORD001324,BlueDart,VINV-002718,2024-02-25,2024-02-02,2024-02-25,1266.86,228.03,1494.89,INR,approved
M001,INV002719,ORD007088,AdGrowth Marketing,VINV-002719,2024-11-02,2024-10-25,2024-11-02,37979.3,6836.27,44815.57,INR,approved
M001,INV002720,ORD007150,AdGrowth Marketing,VINV-002720,2024-10-10,2024-09-15,2024-10-10,1687.17,303.69,1990.86,INR,approved
M001,INV002721,VORD000088,Razorpay Fees,VINV-002721,2024-08-01,2024-07-18,2024-08-01,19116.08,3440.89,22556.97,INR,pending
M001,INV002722,ORD000382,Xpressbees,VINV-002722,2024-01-25,2024-01-12,2024-01-25,5837.05,1050.67,6887.72,INR,approved
M001,INV002723,ORD002920,Xpressbees,VINV-002723,2024-04-24,2024-04-08,2024-04-24,26866.57,4835.98,31702.55,INR,pending
M001,INV002724,ORD002211,BlueDart,VINV-002724,2024-04-05,2024-03-29,2024-04-05,2233.34,402.0,2635.34,INR,approved
M001,INV002725,ORD000588,Cashfree Fees,VINV-002725,2024-02-01,2024-01-09,2024-02-01,2147.25,386.51,2533.76,INR,pending
M001,INV002726,ORD007084,Razorpay Fees,VINV-002726,2024-10-17,2024-10-05,2024-10-17,607.08,109.28,716.36,INR,pending
M001,INV002727,ORD002864,BlueDart,VINV-002727,2024-04-17,2024-03-28,2024-04-17,8464.89,1523.68,9988.57,INR,approved
M001,INV002728,ORD005971,Xpressbees,VINV-002728,2024-09-16,2024-08-20,2024-09-16,4518.53,813.33,5331.86,INR,approved
M001,INV002729,ORD007445,Shiprocket,VINV-002729,2024-10-19,2024-09-27,2024-10-19,6240.79,1123.34,7364.13,INR,approved
M001,INV002730,VORD000098,AdGrowth Marketing,VINV-002730,2024-11-13,2024-10-14,2024-11-13,36256.84,6526.23,42783.07,INR,approved
M001,INV002731,ORD005523,Ecom Express,VINV-002731,2024-08-16,2024-07-27,2024-08-16,7187.06,1293.67,8480.73,INR,approved
M001,INV002732,ORD004570,BlueDart,VINV-002732,2024-07-14,2024-07-05,2024-07-14,1999.95,359.99,2359.94,INR,pending
M001,INV002733,ORD000297,AdGrowth Marketing,VINV-002733,2024-01-13,2023-12-30,2024-01-13,7122.18,1281.99,8404.17,INR,approved
M001,INV002734,ORD005391,Delhivery,VINV-002734,2024-08-07,2024-07-18,2024-08-07,527.95,95.03,622.98,INR,pending
M001,INV002735,ORD008553,Ecom Express,VINV-002735,2024-11-22,2024-10-31,2024-11-22,5202.44,936.44,6138.88,INR,approved
M001,INV002736,ORD005971,Ecom Express,VINV-001311,2024-09-15,2024-09-06,2024-09-15,4401.78,792.32,5194.1,INR,rejected
M001,INV002737,ORD002849,Urban Warehouse Services,VINV-002737,2024-05-05,2024-04-10,2024-05-05,5220.95,939.77,6160.72,INR,approved
M001,INV002738,ORD007804,Bangalore Packaging Co,VINV-002738,2024-11-23,2024-10-30,2024-11-23,3351.65,603.3,3954.95,INR,pending
M001,INV002739,ORD008874,AdGrowth Marketing,VINV-002739,2024-12-08,2024-12-07,2024-12-08,5532.85,995.91,6528.76,INR,approved
M001,INV002740,ORD007877,Ecom Express,VINV-002740,2024-11-20,2024-11-14,2024-11-20,2182.83,392.91,2575.74,INR,approved
M001,INV002741,ORD009727,Bangalore Packaging Co,VINV-002741,2025-01-01,2024-12-09,2025-01-01,3754.99,675.9,4430.89,INR,approved
M001,INV002742,ORD000402,BlueDart,VINV-002742,2024-02-08,2024-02-07,2024-02-08,3942.57,709.66,4652.23,INR,approved
M001,INV002743,ORD000386,Ecom Express,VINV-002743,2024-01-31,2024-01-21,2024-01-31,6530.86,1175.55,7706.41,INR,pending
M001,INV002744,ORD005462,Razorpay Fees,VINV-002744,2024-09-04,2024-08-15,2024-09-04,8066.01,1451.88,9517.89,INR,approved
M001,INV002745,ORD008849,Shiprocket,VINV-002745,2024-11-28,2024-11-27,2024-11-28,956.25,172.12,1128.37,INR,pending
M001,INV002746,ORD008118,Ecom Express,VINV-002746,2024-11-11,2024-10-15,2024-11-11,7418.67,1335.36,8754.03,INR,approved
M001,INV002747,ORD007103,Cashfree Fees,VINV-002747,2024-10-29,2024-09-29,2024-10-29,9601.42,1728.26,11329.68,INR,approved
M001,INV002748,ORD006191,BlueDart,VINV-002748,2024-09-09,2024-09-02,2024-09-09,2357.79,424.4,2782.19,INR,approved
M001,INV002749,ORD005813,Xpressbees,VINV-002114,2024-09-03,2024-08-18,2024-09-03,4645.12,836.12,5481.24,INR,pending
M001,INV002750,VORD000092,Urban Warehouse Services,VINV-002750,2024-10-13,2024-09-25,2024-10-13,23831.23,4289.62,28120.85,INR,disputed
M001,INV002751,ORD003067,Cashfree Fees,VINV-002751,2024-05-08,2024-05-01,2024-05-08,4619.58,831.52,5451.1,INR,rejected
M001,INV002752,ORD001131,Delhivery,VINV-002752,2024-02-08,2024-01-09,2024-02-08,5478.84,986.19,6465.03,INR,pending
M001,INV002753,ORD004292,Shiprocket,VINV-002753,2024-06-24,2024-06-01,2024-06-24,3816.94,687.05,4503.99,INR,approved
M001,INV002754,ORD004958,BlueDart,VINV-002754,2024-07-18,2024-06-26,2024-07-18,7557.94,1360.43,8918.37,INR,approved
M001,INV002755,ORD007382,Shiprocket,VINV-002755,2024-10-24,2024-10-09,2024-10-24,5963.6,1073.45,7037.05,INR,approved
M001,INV002756,ORD003801,BlueDart,VINV-002756,2024-05-23,2024-05-05,2024-05-23,7139.64,1285.14,8424.78,INR,approved
M001,INV002757,ORD005987,Razorpay Fees,VINV-002757,2024-09-21,2024-09-09,2024-09-21,3246.04,584.29,3830.33,INR,pending
M001,INV002758,ORD005366,Xpressbees,VINV-002758,2024-08-17,2024-08-13,2024-08-17,3107.19,559.3,3666.49,INR,approved
M001,INV002759,ORD005939,Bangalore Packaging Co,VINV-002759,2024-09-02,2024-08-29,2024-09-02,328.82,59.19,388.01,INR,approved
M001,INV002760,ORD008372,Delhivery,VINV-002760,2024-12-01,2024-11-03,2024-12-01,3185.13,573.32,3758.45,INR,approved
M001,INV002761,ORD003949,Xpressbees,VINV-002761,2024-05-29,2024-05-25,2024-05-29,9100.68,1638.12,10738.8,INR,approved
M001,INV002762,ORD007008,Razorpay Fees,VINV-002762,2024-10-13,2024-10-01,2024-10-13,4658.69,838.56,5497.25,INR,pending
M001,INV002763,ORD005392,BlueDart,VINV-002763,2024-08-31,2024-08-12,2024-08-31,16976.11,3055.7,20031.81,INR,approved
M001,INV002764,ORD007649,Delhivery,VINV-002764,2024-11-08,2024-10-20,2024-11-08,6480.59,1166.51,7647.1,INR,approved
M001,INV002765,VORD000003,Ecom Express,VINV-002765,2024-08-12,2024-07-21,2024-08-12,29948.31,5390.69,35339.0,INR,approved
M001,INV002766,ORD007250,Xpressbees,VINV-002766,2024-10-22,2024-10-04,2024-10-22,5920.12,1065.62,6985.74,INR,approved
M001,INV002767,ORD000075,Xpressbees,VINV-002767,2024-01-07,2023-12-14,2024-01-07,4634.19,834.16,5468.35,INR,rejected
M001,INV002768,VORD000050,Xpressbees,VINV-002768,2024-09-20,2024-08-24,2024-09-20,34129.77,6143.36,40273.13,INR,approved
M001,INV002769,ORD006525,Bangalore Packaging Co,VINV-002769,2024-09-27,2024-09-12,2024-09-27,2237.43,402.74,2640.17,INR,approved
M001,INV002770,ORD000566,Shiprocket,VINV-002770,2024-01-20,2024-01-04,2024-01-20,1305.97,235.07,1541.04,INR,approved
M001,INV002771,ORD005249,Urban Warehouse Services,VINV-002771,2024-08-11,2024-08-07,2024-08-11,1599.01,287.82,1886.83,INR,approved
M001,INV002772,ORD007945,Xpressbees,VINV-002772,2024-11-05,2024-10-18,2024-11-05,2079.25,374.26,2453.51,INR,approved
M001,INV002773,ORD007806,Razorpay Fees,VINV-002773,2024-11-27,2024-11-17,2024-11-27,7400.44,1332.08,8732.52,INR,approved
M001,INV002774,ORD006216,AdGrowth Marketing,VINV-002774,2024-09-14,2024-08-21,2024-09-14,1153.78,207.68,1361.46,INR,approved
M001,INV002775,ORD005420,BlueDart,VINV-002775,2024-08-07,2024-07-17,2024-08-07,1105.49,198.99,1304.48,INR,approved
M001,INV002776,ORD005790,Delhivery,VINV-002776,2024-09-11,2024-09-10,2024-09-11,4131.3,743.63,4874.93,INR,approved
M001,INV002777,ORD008475,Bangalore Packaging Co,VINV-002777,2024-12-05,2024-11-07,2024-12-05,9314.24,1676.56,10990.8,INR,approved
M001,INV002778,ORD008806,Bangalore Packaging Co,VINV-002778,2024-12-19,2024-12-07,2024-12-19,5240.0,943.2,6183.2,INR,approved
M001,INV002779,ORD008111,Razorpay Fees,VINV-002317,2024-11-21,2024-11-01,2024-11-21,18999.97,3420.0,22419.97,INR,approved
M001,INV002780,ORD004219,Razorpay Fees,VINV-002780,2024-06-08,2024-05-27,2024-06-08,4574.71,823.45,5398.16,INR,approved
M001,INV002781,ORD001903,Urban Warehouse Services,VINV-002781,2024-03-18,2024-02-18,2024-03-18,5821.96,1047.95,6869.91,INR,approved
M001,INV002782,ORD007319,Delhivery,VINV-002782,2024-10-17,2024-10-10,2024-10-17,927.66,166.98,1094.64,INR,approved
M001,INV002783,ORD004636,Urban Warehouse Services,VINV-002783,2024-07-03,2024-06-07,2024-07-03,1265.93,227.87,1493.8,INR,approved
M001,INV002784,ORD001972,Urban Warehouse Services,VINV-002784,2024-04-12,2024-04-08,2024-04-12,418.52,75.33,493.85,INR,approved
M001,INV002785,ORD007327,Urban Warehouse Services,VINV-002785,2024-10-22,2024-10-07,2024-10-22,2442.36,439.63,2881.99,INR,approved
M001,INV002786,ORD001548,Cashfree Fees,VINV-002786,2024-02-29,2024-02-26,2024-02-29,2055.96,370.07,2426.03,INR,approved
M001,INV002787,ORD000058,Delhivery,VINV-002787,2024-01-09,2023-12-14,2024-01-09,5359.92,964.79,6324.71,INR,approved
M001,INV002788,ORD001777,Xpressbees,VINV-002788,2024-03-19,2024-02-27,2024-03-19,38599.81,6947.97,45547.78,INR,approved
M001,INV002789,ORD005853,BlueDart,VINV-002789,2024-08-28,2024-08-27,2024-08-28,4864.52,875.61,5740.13,INR,disputed
M001,INV002790,ORD009789,BlueDart,VINV-002262,2025-01-15,2024-12-27,2025-01-15,7624.5,1372.41,8996.91,INR,approved
M001,INV002791,ORD000874,Ecom Express,VINV-002791,2024-02-12,2024-01-19,2024-02-12,3058.85,550.59,3609.44,INR,disputed
M001,INV002792,ORD008398,AdGrowth Marketing,VINV-002792,2024-12-12,2024-11-30,2024-12-12,7108.02,1279.44,8387.46,INR,approved
M001,INV002793,ORD004835,Shiprocket,VINV-002793,2024-07-07,2024-06-10,2024-07-07,8957.9,1612.42,10570.32,INR,pending
M001,INV002794,ORD002895,Delhivery,VINV-002794,2024-05-07,2024-04-29,2024-05-07,3646.66,656.4,4303.06,INR,approved
M001,INV002795,ORD008885,Delhivery,VINV-002795,2024-12-15,2024-12-12,2024-12-15,1143.27,205.79,1349.06,INR,approved
M001,INV002796,ORD006198,Bangalore Packaging Co,VINV-002796,2024-09-16,2024-09-05,2024-09-16,1934.81,348.27,2283.08,INR,pending
M001,INV002797,ORD009735,AdGrowth Marketing,VINV-002797,2025-01-03,2024-12-24,2025-01-03,6621.25,1191.82,7813.07,INR,approved
M001,INV002798,ORD001088,Razorpay Fees,VINV-002798,2024-02-20,2024-02-08,2024-02-20,7636.42,1374.56,9010.98,INR,approved
M001,INV002799,ORD000910,Cashfree Fees,VINV-002799,2024-02-20,2024-02-08,2024-02-20,5500.96,990.17,6491.13,INR,approved
M001,INV002800,ORD006724,Xpressbees,VINV-002800,2024-10-16,2024-09-26,2024-10-16,2448.3,440.69,2888.99,INR,approved
M001,INV002801,ORD000013,Cashfree Fees,VINV-002801,2024-01-13,2024-01-10,2024-01-13,3085.97,555.48,3641.45,INR,approved
M001,INV002802,ORD009185,Xpressbees,VINV-002802,2024-12-23,2024-12-17,2024-12-23,8353.4,1503.61,9857.01,INR,pending
M001,INV002803,ORD000795,Bangalore Packaging Co,VINV-002803,2024-02-06,2024-01-18,2024-02-06,1812.99,326.34,2139.33,INR,approved
M001,INV002804,ORD006692,Shiprocket,VINV-002804,2024-10-10,2024-10-01,2024-10-10,8943.25,1609.78,10553.03,INR,approved
M001,INV002805,ORD006488,BlueDart,VINV-002805,2024-10-10,2024-09-14,2024-10-10,4893.54,880.84,5774.38,INR,approved
M001,INV002806,ORD008841,Razorpay Fees,VINV-002806,2024-12-17,2024-11-24,2024-12-17,41889.21,7540.06,49429.27,INR,approved
M001,INV002807,ORD000584,Razorpay Fees,VINV-002807,2024-02-01,2024-01-07,2024-02-01,4292.23,772.6,5064.83,INR,approved
M001,INV002808,ORD002070,Cashfree Fees,VINV-002808,2024-04-16,2024-03-28,2024-04-16,1605.08,288.92,1894.0,INR,disputed
M001,INV002809,ORD002602,Razorpay Fees,VINV-002809,2024-04-30,2024-04-29,2024-04-30,26344.06,4741.93,31085.99,INR,approved
M001,INV002810,ORD006798,Shiprocket,VINV-002810,2024-10-04,2024-09-20,2024-10-04,4389.47,790.11,5179.58,INR,approved
M001,INV002811,ORD005173,Urban Warehouse Services,VINV-002546,2024-08-17,2024-07-22,2024-08-17,1732.94,311.93,2044.87,INR,disputed
M001,INV002812,ORD004983,Razorpay Fees,VINV-002812,2024-07-20,2024-07-18,2024-07-20,909.58,163.73,1073.31,INR,approved
M001,INV002813,ORD008542,BlueDart,VINV-002813,2024-11-23,2024-11-16,2024-11-23,5777.91,1040.02,6817.93,INR,approved
M001,INV002814,ORD001787,BlueDart,VINV-002814,2024-03-27,2024-03-24,2024-03-27,4047.61,728.57,4776.18,INR,approved
M001,INV002815,ORD009002,Delhivery,VINV-002815,2024-12-29,2024-12-03,2024-12-29,1944.05,349.93,2293.98,INR,pending
M001,INV002816,ORD004789,BlueDart,VINV-002816,2024-07-07,2024-06-27,2024-07-07,3412.75,614.29,4027.04,INR,approved
M001,INV002817,ORD003942,BlueDart,VINV-002817,2024-05-29,2024-05-09,2024-05-29,3374.72,607.45,3982.17,INR,approved
M001,INV002818,ORD000963,Urban Warehouse Services,VINV-002818,2024-02-05,2024-01-10,2024-02-05,1925.08,346.51,2271.59,INR,approved
M001,INV002819,ORD008408,Delhivery,VINV-002819,2024-11-30,2024-11-09,2024-11-30,1322.19,238.0,1560.19,INR,approved
M001,INV002820,ORD007798,Bangalore Packaging Co,VINV-002820,2024-11-11,2024-11-02,2024-11-11,3237.19,582.7,3819.89,INR,approved
M001,INV002821,ORD006660,BlueDart,VINV-002821,2024-10-09,2024-09-10,2024-10-09,4161.03,748.99,4910.02,INR,approved
M001,INV002822,ORD000671,Shiprocket,VINV-002822,2024-02-14,2024-02-02,2024-02-14,5355.01,963.9,6318.91,INR,approved
M001,INV002823,ORD001583,Razorpay Fees,VINV-002823,2024-02-27,2024-02-02,2024-02-27,542.63,97.67,640.3,INR,disputed
M001,INV002824,ORD009263,Xpressbees,VINV-002824,2024-12-09,2024-11-13,2024-12-09,394.84,71.07,465.91,INR,approved
M001,INV002825,ORD007085,BlueDart,VINV-002825,2024-10-26,2024-10-05,2024-10-26,2077.88,374.02,2451.9,INR,pending
M001,INV002826,ORD003852,Urban Warehouse Services,VINV-002826,2024-06-17,2024-05-31,2024-06-17,7924.98,1426.5,9351.48,INR,approved
M001,INV002827,ORD003210,BlueDart,VINV-002827,2024-05-22,2024-05-10,2024-05-22,1255.03,225.91,1480.94,INR,disputed
M001,INV002828,ORD009208,Shiprocket,VINV-002828,2024-12-08,2024-11-16,2024-12-08,2278.08,410.05,2688.13,INR,disputed
M001,INV002829,ORD002170,Ecom Express,VINV-002829,2024-03-25,2024-03-05,2024-03-25,1234.84,222.27,1457.11,INR,pending
M001,INV002830,ORD000208,AdGrowth Marketing,VINV-002830,2024-02-05,2024-01-21,2024-02-05,1732.39,311.83,2044.22,INR,approved
M001,INV002831,ORD007933,Cashfree Fees,VINV-002831,2024-11-04,2024-10-19,2024-11-04,4146.88,746.44,4893.32,INR,approved
M001,INV002832,ORD006021,Razorpay Fees,VINV-002832,2024-08-30,2024-08-09,2024-08-30,5211.36,938.05,6149.41,INR,approved
M001,INV002833,ORD008910,Delhivery,VINV-002833,2024-12-16,2024-12-13,2024-12-16,6822.88,1228.12,8051.0,INR,approved
M001,INV002834,ORD007191,Ecom Express,VINV-002834,2024-10-17,2024-10-07,2024-10-17,4196.68,755.4,4952.08,INR,pending
M001,INV002835,ORD008125,Razorpay Fees,VINV-002835,2024-11-14,2024-11-02,2024-11-14,1435.57,258.4,1693.97,INR,approved
M001,INV002836,ORD003084,Razorpay Fees,VINV-002836,2024-05-06,2024-04-29,2024-05-06,2557.25,460.3,3017.55,INR,approved
M001,INV002837,ORD003867,AdGrowth Marketing,VINV-002837,2024-05-26,2024-05-24,2024-05-26,2356.24,424.12,2780.36,INR,approved
M001,INV002838,ORD006977,Shiprocket,VINV-002838,2024-10-04,2024-09-14,2024-10-04,499.14,89.85,588.99,INR,approved
M001,INV002839,ORD000005,Cashfree Fees,VINV-002839,2024-01-28,2024-01-08,2024-01-28,4768.52,858.33,5626.85,INR,disputed
M001,INV002840,ORD009806,Shiprocket,VINV-002840,2025-01-04,2024-12-18,2025-01-04,721.49,129.87,851.36,INR,approved
M001,INV002841,ORD007477,BlueDart,VINV-002841,2024-11-15,2024-10-18,2024-11-15,4334.94,780.29,5115.23,INR,approved
M001,INV002842,ORD003726,Ecom Express,VINV-002842,2024-06-17,2024-05-19,2024-06-17,7958.93,1432.61,9391.54,INR,approved
M001,INV002843,ORD008524,Razorpay Fees,VINV-002843,2024-11-24,2024-11-04,2024-11-24,3360.5,604.89,3965.39,INR,approved
M001,INV002844,ORD008640,Shiprocket,VINV-002844,2024-12-17,2024-12-01,2024-12-17,3960.82,712.95,4673.77,INR,approved
M001,INV002845,ORD007103,BlueDart,VINV-002845,2024-10-22,2024-09-26,2024-10-22,9593.12,1726.76,11319.88,INR,approved
M001,INV002846,ORD006960,Urban Warehouse Services,VINV-002846,2024-10-29,2024-10-26,2024-10-29,1027.16,184.89,1212.05,INR,approved
M001,INV002847,ORD004536,Bangalore Packaging Co,VINV-002847,2024-07-19,2024-07-16,2024-07-19,6947.76,1250.6,8198.36,INR,approved
M001,INV002848,ORD004505,Shiprocket,VINV-002848,2024-07-13,2024-06-21,2024-07-13,9142.41,1645.63,10788.04,INR,pending
M001,INV002849,ORD009382,Razorpay Fees,VINV-002849,2024-12-14,2024-11-28,2024-12-14,2222.04,399.97,2622.01,INR,approved
M001,INV002850,ORD004694,Bangalore Packaging Co,VINV-002850,2024-07-21,2024-07-06,2024-07-21,7214.82,1298.67,8513.49,INR,pending
M001,INV002851,ORD000375,Delhivery,VINV-002851,2024-01-25,2024-01-08,2024-01-25,589.34,106.08,695.42,INR,approved
M001,INV002852,ORD006509,Razorpay Fees,VINV-002852,2024-10-13,2024-10-11,2024-10-13,8793.54,1582.84,10376.38,INR,approved
M001,INV002853,ORD002507,Bangalore Packaging Co,VINV-002853,2024-04-29,2024-04-18,2024-04-29,7722.75,1390.1,9112.85,INR,approved
M001,INV002854,ORD009846,Ecom Express,VINV-002854,2025-01-15,2025-01-06,2025-01-15,3373.96,607.31,3981.27,INR,approved
M001,INV002855,ORD003909,Shiprocket,VINV-002855,2024-05-31,2024-05-30,2024-05-31,6972.64,1255.08,8227.72,INR,approved
M001,INV002856,ORD006370,Cashfree Fees,VINV-002856,2024-10-08,2024-09-22,2024-10-08,5080.64,914.52,5995.16,INR,approved
M001,INV002857,ORD009591,Delhivery,VINV-002857,2025-01-10,2024-12-17,2025-01-10,4280.73,770.53,5051.26,INR,pending
M001,INV002858,ORD007370,Xpressbees,VINV-002858,2024-10-24,2024-10-03,2024-10-24,528.0,95.04,623.04,INR,approved
M001,INV002859,ORD006204,Cashfree Fees,VINV-002859,2024-10-02,2024-09-25,2024-10-02,5512.46,992.24,6504.7,INR,approved
M001,INV002860,ORD005701,Delhivery,VINV-002860,2024-09-10,2024-09-02,2024-09-10,1294.68,233.04,1527.72,INR,approved
M001,INV002861,ORD001890,Urban Warehouse Services,VINV-002861,2024-03-15,2024-02-18,2024-03-15,22192.29,3994.61,26186.9,INR,approved
M001,INV002862,ORD007922,Urban Warehouse Services,VINV-002862,2024-12-01,2024-11-24,2024-12-01,3548.75,638.77,4187.52,INR,approved
M001,INV002863,ORD003702,BlueDart,VINV-002863,2024-05-28,2024-05-05,2024-05-28,8879.75,1598.36,10478.11,INR,disputed
M001,INV002864,ORD008537,Cashfree Fees,VINV-002864,2024-11-18,2024-10-23,2024-11-18,586.81,105.62,692.43,INR,approved
M001,INV002865,VORD000065,Delhivery,VINV-002865,2024-10-30,2024-10-14,2024-10-30,25681.7,4622.71,30304.41,INR,approved
M001,INV002866,ORD006464,Shiprocket,VINV-002866,2024-09-19,2024-08-21,2024-09-19,6441.57,1159.48,7601.05,INR,approved
M001,INV002867,ORD001303,AdGrowth Marketing,VINV-002867,2024-03-12,2024-02-17,2024-03-12,5229.23,941.26,6170.49,INR,approved
M001,INV002868,ORD004150,AdGrowth Marketing,VINV-002868,2024-06-13,2024-05-27,2024-06-13,1403.82,252.69,1656.51,INR,disputed
M001,INV002869,ORD000214,AdGrowth Marketing,VINV-002869,2024-02-03,2024-01-12,2024-02-03,5271.44,948.86,6220.3,INR,approved
M001,INV002870,ORD005730,Delhivery,VINV-002870,2024-08-19,2024-07-20,2024-08-19,4765.09,857.72,5622.81,INR,approved
M001,INV002871,ORD002002,Delhivery,VINV-002871,2024-03-18,2024-03-07,2024-03-18,1986.75,357.61,2344.36,INR,rejected
M001,INV002872,ORD006201,Cashfree Fees,VINV-002872,2024-09-29,2024-09-12,2024-09-29,32785.14,5901.32,38686.46,INR,approved
M001,INV002873,ORD002778,AdGrowth Marketing,VINV-002873,2024-04-28,2024-04-03,2024-04-28,4989.74,898.15,5887.89,INR,approved
M001,INV002874,ORD004897,Ecom Express,VINV-002874,2024-07-17,2024-07-07,2024-07-17,3060.26,550.85,3611.11,INR,approved
M001,INV002875,ORD002834,Ecom Express,VINV-002875,2024-04-20,2024-04-15,2024-04-20,6673.69,1201.27,7874.96,INR,approved
M001,INV002876,ORD001440,Urban Warehouse Services,VINV-002876,2024-02-21,2024-02-06,2024-02-21,8108.49,1459.53,9568.02,INR,approved
M001,INV002877,ORD005637,Cashfree Fees,VINV-002877,2024-09-04,2024-08-20,2024-09-04,4414.53,794.61,5209.14,INR,approved
M001,INV002878,ORD009677,Cashfree Fees,VINV-002878,2025-01-12,2025-01-08,2025-01-12,10081.97,1814.76,11896.73,INR,approved
M001,INV002879,ORD004228,Xpressbees,VINV-002879,2024-07-06,2024-06-06,2024-07-06,2588.98,466.02,3055.0,INR,approved
M001,INV002880,ORD006518,Urban Warehouse Services,VINV-002880,2024-10-17,2024-10-01,2024-10-17,4664.31,839.57,5503.88,INR,approved
M001,INV002881,ORD004039,BlueDart,VINV-002881,2024-06-04,2024-05-20,2024-06-04,4022.74,724.09,4746.83,INR,approved
M001,INV002882,ORD004795,Urban Warehouse Services,VINV-002882,2024-07-12,2024-07-06,2024-07-12,3379.33,608.28,3987.61,INR,approved
M001,INV002883,ORD005057,Xpressbees,VINV-002130,2024-08-12,2024-08-04,2024-08-12,5631.94,1013.75,6645.69,INR,approved
M001,INV002884,ORD006446,AdGrowth Marketing,VINV-002884,2024-09-24,2024-09-06,2024-09-24,5365.53,965.79,6331.32,INR,approved
M001,INV002885,ORD008019,Bangalore Packaging Co,VINV-002885,2024-11-05,2024-11-01,2024-11-05,5231.04,941.59,6172.63,INR,pending
M001,INV002886,ORD003120,Ecom Express,VINV-002886,2024-04-30,2024-04-09,2024-04-30,4510.19,811.84,5322.03,INR,approved
M001,INV002887,ORD007322,BlueDart,VINV-002887,2024-10-29,2024-10-15,2024-10-29,643.61,115.85,759.46,INR,approved
M001,INV002888,ORD009565,Cashfree Fees,VINV-002888,2025-01-02,2024-12-26,2025-01-02,5464.09,983.54,6447.63,INR,approved
M001,INV002889,VORD000095,Delhivery,VINV-002889,2024-03-02,2024-02-08,2024-03-02,41067.35,7392.12,48459.47,INR,rejected
M001,INV002890,ORD007810,AdGrowth Marketing,VINV-002890,2024-11-09,2024-11-02,2024-11-09,8394.44,1511.0,9905.44,INR,disputed
M001,INV002891,ORD004700,Ecom Express,VINV-002891,2024-07-29,2024-07-23,2024-07-29,1125.1,202.52,1327.62,INR,approved
M001,INV002892,ORD000406,Cashfree Fees,VINV-002892,2024-02-04,2024-01-22,2024-02-04,1189.67,214.14,1403.81,INR,approved
M001,INV002893,ORD008780,Shiprocket,VINV-002893,2024-11-25,2024-11-16,2024-11-25,1394.97,251.1,1646.07,INR,approved
M001,INV002894,ORD007896,AdGrowth Marketing,VINV-002894,2024-11-11,2024-10-16,2024-11-11,2206.03,397.09,2603.12,INR,approved
M001,INV002895,ORD005061,Urban Warehouse Services,VINV-002895,2024-07-24,2024-07-12,2024-07-24,8384.83,1509.27,9894.1,INR,approved
M001,INV002896,ORD004860,Ecom Express,VINV-002896,2024-07-30,2024-07-10,2024-07-30,6523.54,1174.24,7697.78,INR,pending
M001,INV002897,ORD000858,AdGrowth Marketing,VINV-002897,2024-02-18,2024-02-07,2024-02-18,3942.11,709.58,4651.69,INR,approved
M001,INV002898,ORD009118,Bangalore Packaging Co,VINV-002898,2024-12-26,2024-12-15,2024-12-26,1624.45,292.4,1916.85,INR,approved
M001,INV002899,ORD004747,Cashfree Fees,VINV-002899,2024-07-19,2024-07-18,2024-07-19,1812.65,326.28,2138.93,INR,pending
M001,INV002900,ORD006149,Shiprocket,VINV-002900,2024-09-28,2024-09-05,2024-09-28,23007.51,4141.35,27148.86,INR,approved
M001,INV002901,ORD004103,Cashfree Fees,VINV-002901,2024-06-03,2024-06-01,2024-06-03,914.03,164.52,1078.55,INR,approved
M001,INV002902,ORD004344,AdGrowth Marketing,VINV-002902,2024-06-27,2024-06-15,2024-06-27,2497.72,449.59,2947.31,INR,approved
M001,INV002903,ORD007407,AdGrowth Marketing,VINV-002903,2024-11-01,2024-10-21,2024-11-01,2896.16,521.31,3417.47,INR,approved
M001,INV002904,VORD000031,Delhivery,VINV-002904,2024-09-23,2024-09-16,2024-09-23,8009.53,1441.71,9451.24,INR,approved
M001,INV002905,ORD002344,Bangalore Packaging Co,VINV-002905,2024-04-23,2024-04-19,2024-04-23,7001.53,1260.27,8261.8,INR,approved
M001,INV002906,ORD009650,BlueDart,VINV-002906,2025-01-16,2025-01-11,2025-01-16,26080.54,4694.5,30775.04,INR,approved
M001,INV002907,ORD002951,Xpressbees,VINV-002907,2024-04-23,2024-04-01,2024-04-23,1635.05,294.31,1929.36,INR,approved
M001,INV002908,ORD006738,Bangalore Packaging Co,VINV-002908,2024-10-07,2024-09-07,2024-10-07,5098.7,917.77,6016.47,INR,approved
M001,INV002909,ORD008909,Shiprocket,VINV-002909,2024-12-07,2024-11-27,2024-12-07,2677.03,481.86,3158.89,INR,approved
M001,INV002910,ORD008048,AdGrowth Marketing,VINV-002910,2024-11-19,2024-10-26,2024-11-19,5476.19,985.72,6461.91,INR,rejected
M001,INV002911,ORD001967,Razorpay Fees,VINV-002911,2024-04-04,2024-03-06,2024-04-04,4852.84,873.51,5726.35,INR,disputed
M001,INV002912,ORD003889,Ecom Express,VINV-002912,2024-05-25,2024-05-02,2024-05-25,5497.63,989.57,6487.2,INR,approved
M001,INV002913,ORD002547,Delhivery,VINV-002913,2024-04-13,2024-04-05,2024-04-13,16552.91,2979.52,19532.43,INR,pending
M001,INV002914,ORD005035,Urban Warehouse Services,VINV-002914,2024-07-31,2024-07-25,2024-07-31,3277.63,589.97,3867.6,INR,approved
M001,INV002915,ORD008635,Ecom Express,VINV-002915,2024-12-18,2024-11-26,2024-12-18,2145.67,386.22,2531.89,INR,approved
M001,INV002916,ORD003842,Razorpay Fees,VINV-002916,2024-06-16,2024-06-03,2024-06-16,7143.09,1285.76,8428.85,INR,approved
M001,INV002917,ORD008763,Bangalore Packaging Co,VINV-002917,2024-12-06,2024-12-03,2024-12-06,4723.08,850.15,5573.23,INR,approved
M001,INV002918,ORD001041,Bangalore Packaging Co,VINV-002918,2024-02-11,2024-01-15,2024-02-11,2868.55,516.34,3384.89,INR,pending
M001,INV002919,ORD009413,Delhivery,VINV-002919,2025-01-01,2024-12-13,2025-01-01,3506.01,631.08,4137.09,INR,approved
M001,INV002920,ORD000864,Bangalore Packaging Co,VINV-001131,2024-01-31,2024-01-04,2024-01-31,1439.15,259.05,1698.2,INR,approved
M001,INV002921,ORD002784,Delhivery,VINV-002921,2024-04-28,2024-03-31,2024-04-28,8696.27,1565.33,10261.6,INR,disputed
M001,INV002922,ORD001941,Cashfree Fees,VINV-002922,2024-04-03,2024-03-23,2024-04-03,719.82,129.57,849.39,INR,approved
M001,INV002923,ORD008863,Cashfree Fees,VINV-002923,2024-12-02,2024-11-24,2024-12-02,4159.9,748.78,4908.68,INR,approved
M001,INV002924,ORD003494,Bangalore Packaging Co,VINV-002924,2024-06-08,2024-06-02,2024-06-08,7196.26,1295.33,8491.59,INR,approved
M001,INV002925,ORD009718,Urban Warehouse Services,VINV-002925,2024-12-23,2024-12-09,2024-12-23,524.06,94.33,618.39,INR,approved
M001,INV002926,ORD006326,Cashfree Fees,VINV-002926,2024-10-09,2024-09-14,2024-10-09,3842.98,691.74,4534.72,INR,approved
M001,INV002927,ORD006439,Delhivery,VINV-002927,2024-10-13,2024-09-30,2024-10-13,12804.19,2304.75,15108.94,INR,approved
M001,INV002928,ORD000106,Shiprocket,VINV-002928,2024-01-19,2024-01-14,2024-01-19,2457.61,442.37,2899.98,INR,approved
M001,INV002929,ORD000733,Delhivery,VINV-002929,2024-02-06,2024-01-29,2024-02-06,628.35,113.1,741.45,INR,approved
M001,INV002930,VORD000104,Shiprocket,VINV-002930,2024-11-24,2024-11-09,2024-11-24,39486.84,7107.63,46594.47,INR,approved
M001,INV002931,ORD008187,Shiprocket,VINV-002931,2024-12-08,2024-11-30,2024-12-08,674.33,121.38,795.71,INR,approved
M001,INV002932,ORD006419,BlueDart,VINV-002932,2024-10-03,2024-09-24,2024-10-03,4749.04,854.83,5603.87,INR,disputed
M001,INV002933,ORD008592,Ecom Express,VINV-002933,2024-12-07,2024-11-10,2024-12-07,5676.28,1021.73,6698.01,INR,approved
M001,INV002934,ORD008556,Xpressbees,VINV-002934,2024-11-28,2024-11-05,2024-11-28,4925.74,886.63,5812.37,INR,pending
M001,INV002935,ORD005154,Cashfree Fees,VINV-002935,2024-08-06,2024-07-07,2024-08-06,6462.17,1163.19,7625.36,INR,approved
M001,INV002936,ORD005132,BlueDart,VINV-002936,2024-08-14,2024-07-26,2024-08-14,923.53,166.24,1089.77,INR,approved
M001,INV002937,ORD003226,BlueDart,VINV-002937,2024-05-06,2024-04-22,2024-05-06,4243.9,763.9,5007.8,INR,pending
M001,INV002938,ORD001085,Bangalore Packaging Co,VINV-002938,2024-02-17,2024-02-06,2024-02-17,18120.27,3261.65,21381.92,INR,disputed
M001,INV002939,ORD004014,BlueDart,VINV-002939,2024-06-16,2024-06-09,2024-06-16,9345.14,1682.13,11027.27,INR,pending
M001,INV002940,ORD000801,BlueDart,VINV-002940,2024-02-01,2024-01-29,2024-02-01,2925.63,526.61,3452.24,INR,approved
M001,INV002941,VORD000033,Urban Warehouse Services,VINV-002941,2024-04-22,2024-03-23,2024-04-22,38359.97,6904.8,45264.77,INR,approved
M001,INV002942,ORD007839,AdGrowth Marketing,VINV-002942,2024-11-09,2024-10-13,2024-11-09,2745.88,494.26,3240.14,INR,approved
M001,INV002943,ORD004432,Shiprocket,VINV-002943,2024-07-14,2024-06-25,2024-07-14,1643.67,295.86,1939.53,INR,approved
M001,INV002944,ORD004220,Cashfree Fees,VINV-002944,2024-06-26,2024-06-02,2024-06-26,5458.65,982.56,6441.21,INR,approved
M001,INV002945,ORD005418,AdGrowth Marketing,VINV-002945,2024-08-17,2024-08-13,2024-08-17,4382.42,788.84,5171.26,INR,approved
M001,INV002946,ORD007149,Delhivery,VINV-002946,2024-10-30,2024-10-01,2024-10-30,2657.42,478.34,3135.76,INR,approved
M001,INV002947,ORD008114,Xpressbees,VINV-002947,2024-11-11,2024-10-19,2024-11-11,3546.46,638.36,4184.82,INR,approved
M001,INV002948,ORD006127,Razorpay Fees,VINV-001600,2024-09-22,2024-09-01,2024-09-22,6631.21,1193.62,7824.83,INR,approved
M001,INV002949,ORD005989,Razorpay Fees,VINV-002949,2024-09-08,2024-08-16,2024-09-08,4128.58,743.15,4871.73,INR,rejected
M001,INV002950,ORD008920,BlueDart,VINV-002950,2024-12-17,2024-12-15,2024-12-17,3365.08,605.72,3970.8,INR,approved
M001,INV002951,ORD004831,Urban Warehouse Services,VINV-002951,2024-07-23,2024-07-01,2024-07-23,7497.58,1349.57,8847.15,INR,rejected
M001,INV002952,ORD008169,Razorpay Fees,VINV-002631,2024-11-20,2024-11-19,2024-11-20,5208.76,937.58,6146.34,INR,approved
M001,INV002953,ORD006824,AdGrowth Marketing,VINV-002953,2024-10-22,2024-10-07,2024-10-22,5081.47,914.66,5996.13,INR,approved
M001,INV002954,ORD003022,Razorpay Fees,VINV-002954,2024-05-12,2024-04-28,2024-05-12,2566.22,461.92,3028.14,INR,pending
M001,INV002955,VORD000076,Delhivery,VINV-002955,2024-12-20,2024-11-21,2024-12-20,29695.81,5345.24,35041.05,INR,approved
M001,INV002956,ORD000417,Razorpay Fees,VINV-002956,2024-01-18,2024-01-17,2024-01-18,6563.9,1181.5,7745.4,INR,approved
M001,INV002957,ORD002571,Urban Warehouse Services,VINV-002957,2024-04-29,2024-04-24,2024-04-29,5338.6,960.95,6299.55,INR,approved
M001,INV002958,ORD001886,Razorpay Fees,VINV-002958,2024-03-21,2024-03-04,2024-03-21,7202.6,1296.47,8499.07,INR,approved
M001,INV002959,ORD009354,Xpressbees,VINV-002959,2024-12-25,2024-11-25,2024-12-25,762.37,137.23,899.6,INR,approved
M001,INV002960,ORD005691,BlueDart,VINV-002960,2024-08-18,2024-08-11,2024-08-18,1323.24,238.18,1561.42,INR,pending
M001,INV002961,ORD009114,AdGrowth Marketing,VINV-002961,2024-12-09,2024-11-16,2024-12-09,1880.67,338.52,2219.19,INR,approved
M001,INV002962,ORD002972,Bangalore Packaging Co,VINV-002962,2024-04-30,2024-04-17,2024-04-30,5373.53,967.24,6340.77,INR,approved
M001,INV002963,ORD005932,Ecom Express,VINV-002963,2024-09-19,2024-08-30,2024-09-19,2760.81,496.94,3257.75,INR,disputed
M001,INV002964,ORD007088,Cashfree Fees,VINV-002964,2024-10-24,2024-09-25,2024-10-24,17340.72,3121.33,20462.05,INR,approved
M001,INV002965,ORD005050,Shiprocket,VINV-002965,2024-07-22,2024-07-01,2024-07-22,5091.08,916.4,6007.48,INR,pending
M001,INV002966,ORD003031,Shiprocket,VINV-002966,2024-04-24,2024-04-15,2024-04-24,6897.08,1241.48,8138.56,INR,approved
M001,INV002967,ORD005048,Cashfree Fees,VINV-002967,2024-08-07,2024-08-05,2024-08-07,973.53,175.23,1148.76,INR,approved
M001,INV002968,ORD005075,AdGrowth Marketing,VINV-002968,2024-08-11,2024-07-15,2024-08-11,3531.14,635.61,4166.75,INR,pending
M001,INV002969,ORD009988,Shiprocket,VINV-002969,2025-01-06,2024-12-25,2025-01-06,8707.47,1567.34,10274.81,INR,approved
M001,INV002970,ORD001625,Ecom Express,VINV-001939,2024-03-12,2024-03-02,2024-03-12,4031.33,725.64,4756.97,INR,approved
M001,INV002971,VORD000071,Bangalore Packaging Co,VINV-002971,2024-01-04,2024-01-03,2024-01-04,26686.13,4803.5,31489.63,INR,approved
M001,INV002972,ORD004005,BlueDart,VINV-002972,2024-06-11,2024-05-12,2024-06-11,2768.3,498.29,3266.59,INR,pending
M001,INV002973,ORD005408,Delhivery,VINV-002973,2024-08-26,2024-08-23,2024-08-26,6647.57,1196.56,7844.13,INR,approved
M001,INV002974,ORD003016,BlueDart,VINV-002974,2024-04-28,2024-04-11,2024-04-28,3305.89,595.06,3900.95,INR,approved
M001,INV002975,ORD000724,Xpressbees,VINV-002975,2024-02-14,2024-01-26,2024-02-14,7394.91,1331.08,8725.99,INR,approved
M001,INV002976,ORD004276,BlueDart,VINV-002976,2024-07-02,2024-06-24,2024-07-02,1238.14,222.87,1461.01,INR,approved
M001,INV002977,ORD007073,Bangalore Packaging Co,VINV-002977,2024-10-11,2024-09-29,2024-10-11,7298.61,1313.75,8612.36,INR,approved
M001,INV002978,ORD002825,AdGrowth Marketing,VINV-002978,2024-04-21,2024-04-17,2024-04-21,7970.21,1434.64,9404.85,INR,approved
M001,INV002979,ORD006950,Razorpay Fees,VINV-002979,2024-10-06,2024-09-13,2024-10-06,3029.97,545.4,3575.37,INR,approved
M001,INV002980,ORD008872,Xpressbees,VINV-002980,2024-12-15,2024-11-26,2024-12-15,3226.34,580.74,3807.08,INR,approved
M001,INV002981,ORD004664,Xpressbees,VINV-002981,2024-07-07,2024-06-29,2024-07-07,18900.12,3402.02,22302.14,INR,disputed
M001,INV002982,ORD009135,Shiprocket,VINV-002982,2024-12-27,2024-11-27,2024-12-27,3839.56,691.12,4530.68,INR,approved
M001,INV002983,ORD007348,Delhivery,VINV-002983,2024-10-28,2024-10-11,2024-10-28,5714.34,1028.58,6742.92,INR,rejected
M001,INV002984,ORD005645,Delhivery,VINV-002984,2024-09-08,2024-08-24,2024-09-08,2740.75,493.33,3234.08,INR,approved
M001,INV002985,ORD003568,Shiprocket,VINV-002985,2024-05-21,2024-05-05,2024-05-21,4388.23,789.88,5178.11,INR,approved
M001,INV002986,ORD007294,Shiprocket,VINV-002986,2024-10-29,2024-10-05,2024-10-29,2613.83,470.49,3084.32,INR,approved
M001,INV002987,ORD004175,BlueDart,VINV-002987,2024-06-16,2024-06-10,2024-06-16,1076.7,193.81,1270.51,INR,approved
M001,INV002988,ORD009974,BlueDart,VINV-002988,2025-01-02,2024-12-29,2025-01-02,903.51,162.63,1066.14,INR,pending
M001,INV002989,ORD003097,Delhivery,VINV-002989,2024-05-19,2024-05-14,2024-05-19,8319.12,1497.44,9816.56,INR,approved
M001,INV002990,ORD007226,Shiprocket,VINV-002990,2024-11-05,2024-10-25,2024-11-05,7399.28,1331.87,8731.15,INR,disputed
M001,INV002991,VORD000005,Shiprocket,VINV-002991,2024-09-10,2024-08-20,2024-09-10,13519.19,2433.45,15952.64,INR,pending
M001,INV002992,VORD000094,BlueDart,VINV-002992,2024-02-25,2024-02-06,2024-02-25,5339.22,961.06,6300.28,INR,approved
M001,INV002993,ORD009700,Cashfree Fees,VINV-002993,2025-01-10,2024-12-29,2025-01-10,5153.09,927.56,6080.65,INR,approved
M001,INV002994,ORD008999,Razorpay Fees,VINV-002994,2024-12-21,2024-12-18,2024-12-21,3460.85,622.95,4083.8,INR,approved
M001,INV002995,ORD007480,Razorpay Fees,VINV-002995,2024-10-21,2024-10-08,2024-10-21,6201.66,1116.3,7317.96,INR,approved
M001,INV002996,ORD003746,Urban Warehouse Services,VINV-002996,2024-05-31,2024-05-28,2024-05-31,19703.4,3546.61,23250.01,INR,approved
M001,INV002997,ORD003188,Xpressbees,VINV-002997,2024-05-14,2024-05-05,2024-05-14,2379.24,428.26,2807.5,INR,approved
M001,INV002998,ORD009250,BlueDart,VINV-002998,2024-12-14,2024-11-15,2024-12-14,4083.43,735.02,4818.45,INR,rejected
M001,INV002999,ORD004860,AdGrowth Marketing,VINV-002999,2024-07-10,2024-06-30,2024-07-10,6696.09,1205.3,7901.39,INR,approved
M001,INV003000,ORD005977,Bangalore Packaging Co,VINV-003000,2024-09-02,2024-08-22,2024-09-02,5357.79,964.4,6322.19,INR,approved
