merchant_id,payment_id,order_id,payment_date,payment_method,payment_status,amount,refund_amount,settlement_date,gateway_name
M001,PAY000001,ORD008931,2024-11-28,COD,paid,1900.7,0.0,2024-12-01,PhonePe
M001,PAY000002,ORD009886,2024-12-27,COD,paid,3653.05,0.0,2024-12-31,Stripe
M001,PAY000003,ORD005652,2024-08-13,UPI,refunded,6552.17,2071.06,2024-08-14,PhonePe
M001,PAY000004,ORD004308,2024-06-12,UPI,failed,0.0,0.0,2024-06-12,Juspay
M001,PAY000005,ORD007747,2024-10-26,COD,refunded,10082.66,8347.85,2024-10-28,Razorpay
M001,PAY000006,ORD002323,2024-03-28,Debit Card,paid,1975.62,0.0,2024-03-31,Stripe
M001,PAY000007,ORD002507,2024-04-05,Credit Card,paid,9111.54,0.0,2024-04-07,Juspay
M001,PAY000008,ORD002134,2024-03-20,Credit Card,paid,7450.87,0.0,2024-03-22,Stripe
M001,PAY000009,ORD004005,2024-05-28,Credit Card,paid,3206.86,0.0,2024-05-30,Cashfree
M001,PAY000010,ORD003269,2024-05-02,UPI,refunded,5290.48,2725.13,2024-05-05,Razorpay
M001,PAY000011,ORD006125,2024-09-01,Debit Card,paid,6138.85,0.0,2024-09-06,Juspay
M001,PAY000012,ORD009542,2024-12-16,COD,paid,6552.18,0.0,2024-12-17,Cashfree
M001,PAY000013,ORD004453,2024-06-19,Credit Card,paid,2119.97,0.0,2024-06-24,Razorpay
M001,PAY000014,ORD003430,2024-05-07,Credit Card,paid,3962.36,0.0,2024-05-11,PhonePe
M001,PAY000015,ORD009493,2024-12-15,Credit Card,pending,7789.17,0.0,2024-12-16,Juspay
M001,PAY000016,ORD003806,2024-05-21,UPI,paid,7789.25,0.0,2024-05-24,PayU
M001,PAY000017,ORD007901,2024-11-01,Credit Card,paid,4877.31,0.0,2024-11-05,Juspay
M001,PAY000018,ORD007144,2024-10-09,Credit Card,paid,5385.19,0.0,2024-10-11,Stripe
M001,PAY000019,ORD003821,2024-05-21,COD,paid,4734.3,0.0,2024-05-23,Razorpay
M001,PAY000020,ORD005975,2024-08-26,COD,paid,6308.74,0.0,2024-08-30,Stripe
M001,PAY000021,ORD005748,2024-08-17,COD,paid,10373.05,0.0,2024-08-19,Cashfree
M001,PAY000022,ORD002860,2024-04-16,UPI,paid,6959.58,0.0,2024-04-18,Juspay
M001,PAY000023,ORD003596,2024-05-13,Credit Card,failed,0.0,0.0,2024-05-13,PhonePe
M001,PAY000024,ORD001926,2024-03-12,Debit Card,paid,3055.03,0.0,2024-03-17,Razorpay
M001,PAY000025,ORD000013,2024-01-02,Credit Card,paid,4476.49,0.0,2024-01-05,Stripe
M001,PAY000026,ORD002116,2024-03-19,COD,paid,4767.58,0.0,2024-03-21,PayU
M001,PAY000027,ORD003229,2024-04-30,COD,paid,3009.9,0.0,2024-05-02,Cashfree
M001,PAY000028,ORD004357,2024-06-14,UPI,paid,5175.41,0.0,2024-06-18,Razorpay
M001,PAY000029,ORD001746,2024-03-05,COD,paid,5576.84,0.0,2024-03-08,Juspay
M001,PAY000030,ORD008113,2024-11-06,Debit Card,paid,8296.68,0.0,2024-11-11,Stripe
M001,PAY000031,ORD007386,2024-10-16,COD,paid,1855.45,0.0,2024-10-18,Juspay
M001,PAY000032,ORD005397,2024-08-03,Credit Card,paid,5949.4,0.0,2024-08-07,PayU
M001,PAY000033,ORD008520,2024-11-17,COD,pending,10998.06,0.0,2024-11-18,PayU
M001,PAY000034,ORD003458,2024-05-08,COD,paid,1306.09,0.0,2024-05-13,Cashfree
M001,PAY000035,ORD004294,2024-06-12,COD,paid,4384.46,0.0,2024-06-17,Razorpay
M001,PAY000036,ORD009965,2024-12-31,Wallet,paid,3315.71,0.0,2025-01-05,Juspay
M001,PAY000037,ORD005557,2024-08-09,Wallet,pending,2594.39,0.0,2024-08-10,Razorpay
M001,PAY000038,ORD006216,2024-09-05,COD,paid,1335.62,0.0,2024-09-08,PayU
M001,PAY000039,ORD004893,2024-07-10,Credit Card,paid,2776.52,0.0,2024-07-12,Razorpay
M001,PAY000040,ORD009621,2024-12-18,NetBanking,paid,1000.96,0.0,2024-12-23,PhonePe
M001,PAY000041,ORD006020,2024-08-28,COD,refunded,5946.36,709.09,2024-09-01,Stripe
M001,PAY000042,ORD001940,2024-03-13,COD,pending,9028.42,0.0,2024-03-14,Cashfree
M001,PAY000043,ORD005388,2024-08-03,NetBanking,paid,844.56,0.0,2024-08-06,PhonePe
M001,PAY000044,ORD005415,2024-08-03,COD,paid,11063.12,0.0,2024-08-05,Juspay
M001,PAY000045,ORD009246,2024-12-07,COD,paid,7442.83,0.0,2024-12-10,Stripe
M001,PAY000046,ORD009656,2024-12-20,UPI,paid,1147.84,0.0,2024-12-22,PayU
M001,PAY000047,ORD000940,2024-01-30,COD,paid,845.49,0.0,2024-01-31,Cashfree
M001,PAY000048,ORD001623,2024-02-28,Credit Card,paid,5273.27,0.0,2024-03-02,Cashfree
M001,PAY000049,ORD008412,2024-11-15,Debit Card,paid,5176.83,0.0,2024-11-20,PhonePe
M001,PAY000050,ORD001050,2024-02-02,Debit Card,refunded,4635.44,1783.01,2024-02-06,Razorpay
M001,PAY000051,ORD007003,2024-10-04,COD,paid,781.92,0.0,2024-10-06,PhonePe
M001,PAY000052,ORD003162,2024-04-28,NetBanking,paid,3273.12,0.0,2024-05-03,Cashfree
M001,PAY000053,ORD000701,2024-01-22,Wallet,paid,7437.02,0.0,2024-01-25,PayU
M001,PAY000054,ORD002566,2024-04-06,Debit Card,paid,4682.57,0.0,2024-04-11,PhonePe
M001,PAY000055,ORD003488,2024-05-09,UPI,paid,4413.24,0.0,2024-05-11,Razorpay
M001,PAY000056,ORD001285,2024-02-13,Credit Card,paid,8233.26,0.0,2024-02-17,Razorpay
M001,PAY000057,ORD003386,2024-05-06,COD,paid,6889.31,0.0,2024-05-09,PayU
M001,PAY000058,ORD004534,2024-06-21,UPI,paid,5101.61,0.0,2024-06-22,PayU
M001,PAY000059,ORD000786,2024-01-25,Wallet,refunded,3455.8,2711.97,2024-01-30,Razorpay
M001,PAY000060,ORD006946,2024-10-03,COD,paid,8514.05,0.0,2024-10-07,PhonePe
M001,PAY000061,ORD004044,2024-05-30,COD,paid,3511.58,0.0,2024-05-31,Razorpay
M001,PAY000062,ORD009615,2024-12-18,COD,paid,1647.44,0.0,2024-12-22,Cashfree
M001,PAY000063,ORD006147,2024-09-02,UPI,paid,3267.42,0.0,2024-09-06,PayU
M001,PAY000064,ORD006940,2024-10-03,COD,paid,9798.49,0.0,2024-10-08,PayU
M001,PAY000065,ORD007975,2024-11-02,UPI,paid,9113.04,0.0,2024-11-05,Cashfree
M001,PAY000066,ORD002574,2024-04-07,Debit Card,paid,4318.09,0.0,2024-04-08,Stripe
M001,PAY000067,ORD007181,2024-10-10,UPI,paid,1537.38,0.0,2024-10-13,Juspay
M001,PAY000068,ORD002725,2024-04-12,Credit Card,paid,8931.22,0.0,2024-04-13,PhonePe
M001,PAY000069,ORD000455,2024-01-15,Debit Card,paid,6625.07,0.0,2024-01-17,Stripe
M001,PAY000070,ORD000219,2024-01-07,UPI,paid,7379.82,0.0,2024-01-10,PhonePe
M001,PAY000071,ORD003691,2024-05-18,UPI,paid,6042.38,0.0,2024-05-21,Stripe
M001,PAY000072,ORD004901,2024-07-10,Credit Card,paid,1200.57,0.0,2024-07-12,Juspay
M001,PAY000073,ORD000130,2024-01-04,COD,paid,5702.17,0.0,2024-01-07,Razorpay
M001,PAY000074,ORD009728,2024-12-23,Credit Card,paid,9829.44,0.0,2024-12-24,PhonePe
M001,PAY000075,ORD000459,2024-01-15,UPI,paid,586.12,0.0,2024-01-16,Cashfree
M001,PAY000076,ORD006314,2024-09-10,Credit Card,paid,8878.95,0.0,2024-09-14,Cashfree
M001,PAY000077,ORD009718,2024-12-21,COD,paid,617.37,0.0,2024-12-22,PayU
M001,PAY000078,ORD009352,2024-12-11,Debit Card,paid,1517.13,0.0,2024-12-16,Stripe
M001,PAY000079,ORD005043,2024-07-18,COD,paid,5389.66,0.0,2024-07-19,PayU
M001,PAY000080,ORD009707,2024-12-22,UPI,failed,0.0,0.0,2024-12-22,PayU
M001,PAY000081,ORD006390,2024-09-13,UPI,refunded,5065.78,1427.13,2024-09-14,Juspay
M001,PAY000082,ORD005740,2024-08-17,COD,paid,2276.75,0.0,2024-08-20,Cashfree
M001,PAY000083,ORD001407,2024-02-17,COD,paid,4710.28,0.0,2024-02-22,Cashfree
M001,PAY000084,ORD007379,2024-10-16,Wallet,paid,2978.98,0.0,2024-10-20,Cashfree
M001,PAY000085,ORD007247,2024-10-12,COD,paid,3262.41,0.0,2024-10-17,Razorpay
M001,PAY000086,ORD006871,2024-10-01,COD,paid,3608.05,0.0,2024-10-03,PhonePe
M001,PAY000087,ORD006661,2024-09-25,COD,paid,3255.09,0.0,2024-09-29,Stripe
M001,PAY000088,ORD007364,2024-10-16,Credit Card,paid,2702.09,0.0,2024-10-18,Razorpay
M001,PAY000089,ORD009665,2024-12-20,COD,paid,3851.74,0.0,2024-12-25,Cashfree
M001,PAY000090,ORD008811,2024-11-25,COD,refunded,6701.31,2910.22,2024-11-28,PhonePe
M001,PAY000091,ORD003423,2024-05-07,COD,paid,7605.6,0.0,2024-05-12,Razorpay
M001,PAY000092,ORD000892,2024-01-28,COD,paid,633.23,0.0,2024-01-29,Cashfree
M001,PAY000093,ORD002049,2024-03-17,COD,paid,5051.51,0.0,2024-03-22,Cashfree
M001,PAY000094,ORD004350,2024-06-14,Credit Card,paid,4732.44,0.0,2024-06-16,Juspay
M001,PAY000095,ORD002291,2024-03-26,UPI,paid,6770.26,0.0,2024-03-31,PayU
M001,PAY000096,ORD007327,2024-10-14,Credit Card,paid,2861.23,0.0,2024-10-15,Cashfree
M001,PAY000097,ORD000971,2024-01-30,Debit Card,paid,1917.33,0.0,2024-01-31,Razorpay
M001,PAY000098,ORD004034,2024-05-30,COD,paid,9753.09,0.0,2024-06-02,Juspay
M001,PAY000099,ORD003569,2024-05-13,Debit Card,failed,0.0,0.0,2024-05-13,PayU
M001,PAY000100,ORD003717,2024-05-19,COD,paid,5947.64,0.0,2024-05-22,Stripe
M001,PAY000101,ORD004307,2024-06-11,COD,refunded,7806.76,3430.75,2024-06-14,Juspay
M001,PAY000102,ORD000197,2024-01-06,COD,paid,5533.68,0.0,2024-01-11,PayU
M001,PAY000103,ORD002212,2024-03-22,COD,paid,4494.65,0.0,2024-03-26,Cashfree
M001,PAY000104,ORD008280,2024-11-10,Debit Card,paid,5779.44,0.0,2024-11-13,Razorpay
M001,PAY000105,ORD007565,2024-10-21,NetBanking,failed,0.0,0.0,2024-10-21,PayU
M001,PAY000106,ORD008207,2024-11-09,COD,paid,1479.25,0.0,2024-11-12,Stripe
M001,PAY000107,ORD002589,2024-04-07,COD,paid,10171.22,0.0,2024-04-12,Stripe
M001,PAY000108,ORD004152,2024-06-03,NetBanking,paid,486.15,0.0,2024-06-06,PhonePe
M001,PAY000109,ORD007627,2024-10-23,Credit Card,paid,8324.01,0.0,2024-10-27,Razorpay
M001,PAY000110,ORD000254,2024-01-09,Credit Card,paid,9684.54,0.0,2024-01-13,Cashfree
M001,PAY000111,ORD003645,2024-05-16,UPI,failed,0.0,0.0,2024-05-16,Razorpay
M001,PAY000112,ORD000065,2024-01-03,UPI,paid,7975.67,0.0,2024-01-08,Cashfree
M001,PAY000113,ORD000630,2024-01-21,COD,paid,7369.64,0.0,2024-01-23,Cashfree
M001,PAY000114,ORD001502,2024-02-22,COD,pending,2402.28,0.0,2024-02-24,Juspay
M001,PAY000115,ORD002703,2024-04-11,Debit Card,paid,6003.92,0.0,2024-04-15,Razorpay
M001,PAY000116,ORD008672,2024-11-22,UPI,paid,7022.63,0.0,2024-11-23,Razorpay
M001,PAY000117,ORD008163,2024-11-07,UPI,paid,5565.51,0.0,2024-11-09,Razorpay
M001,PAY000118,ORD006563,2024-09-21,COD,paid,1732.8,0.0,2024-09-24,Stripe
M001,PAY000119,ORD000690,2024-01-22,UPI,paid,7091.06,0.0,2024-01-23,PhonePe
M001,PAY000120,ORD005101,2024-07-21,UPI,paid,1584.63,0.0,2024-07-23,PhonePe
M001,PAY000121,ORD004129,2024-06-02,COD,paid,6666.66,0.0,2024-06-03,Stripe
M001,PAY000122,ORD009481,2024-12-15,COD,failed,0.0,0.0,2024-12-15,Razorpay
M001,PAY000123,ORD003566,2024-05-13,COD,paid,7137.47,0.0,2024-05-18,Stripe
M001,PAY000124,ORD008313,2024-11-11,COD,paid,3384.37,0.0,2024-11-16,Juspay
M001,PAY000125,ORD000027,2024-01-01,NetBanking,pending,4724.79,0.0,2024-01-03,Stripe
M001,PAY000126,ORD004631,2024-06-26,UPI,pending,6915.14,0.0,2024-06-27,Razorpay
M001,PAY000127,ORD009699,2024-12-22,Wallet,paid,4709.53,0.0,2024-12-23,PhonePe
M001,PAY000128,ORD000671,2024-01-21,UPI,paid,6246.2,0.0,2024-01-24,PayU
M001,PAY000129,ORD006055,2024-08-31,UPI,paid,6035.76,0.0,2024-09-05,PhonePe
M001,PAY000130,ORD003854,2024-05-23,Debit Card,refunded,9861.46,6510.29,2024-05-27,PayU
M001,PAY000131,ORD009626,2024-12-19,UPI,paid,8120.46,0.0,2024-12-20,PayU
M001,PAY000132,ORD006035,2024-08-30,COD,paid,6627.39,0.0,2024-08-31,PayU
M001,PAY000133,ORD005641,2024-08-13,COD,paid,2789.97,0.0,2024-08-17,PayU
M001,PAY000134,ORD003223,2024-04-30,NetBanking,paid,4300.1,0.0,2024-05-02,Stripe
M001,PAY000135,ORD007981,2024-11-03,COD,paid,4767.03,0.0,2024-11-06,Razorpay
M001,PAY000136,ORD001374,2024-02-16,COD,paid,448.85,0.0,2024-02-20,Cashfree
M001,PAY000137,ORD008652,2024-11-21,COD,failed,0.0,0.0,2024-11-21,Cashfree
M001,PAY000138,ORD009547,2024-12-16,COD,paid,4294.8,0.0,2024-12-21,PayU
M001,PAY000139,ORD006129,2024-09-01,COD,paid,7255.18,0.0,2024-09-05,PayU
M001,PAY000140,ORD001510,2024-02-22,UPI,paid,1543.5,0.0,2024-02-25,PayU
M001,PAY000141,ORD008937,2024-11-29,Credit Card,paid,8837.75,0.0,2024-12-01,PhonePe
M001,PAY000142,ORD008891,2024-11-27,UPI,paid,2250.52,0.0,2024-12-01,Stripe
M001,PAY000143,ORD009353,2024-12-10,NetBanking,paid,1374.56,0.0,2024-12-14,PhonePe
M001,PAY000144,ORD008980,2024-11-30,Debit Card,paid,6705.04,0.0,2024-12-01,Juspay
M001,PAY000145,ORD003040,2024-04-24,UPI,paid,3982.47,0.0,2024-04-27,PayU
M001,PAY000146,ORD005327,2024-07-30,COD,failed,0.0,0.0,2024-07-30,PhonePe
M001,PAY000147,ORD001821,2024-03-07,Credit Card,failed,0.0,0.0,2024-03-07,Cashfree
M001,PAY000148,ORD002283,2024-03-26,Debit Card,paid,6216.01,0.0,2024-03-29,Razorpay
M001,PAY000149,ORD001791,2024-03-07,Debit Card,paid,2880.39,0.0,2024-03-10,Juspay
M001,PAY000150,ORD004667,2024-06-28,Credit Card,paid,6790.06,0.0,2024-06-30,PhonePe
M001,PAY000151,ORD006240,2024-09-06,Credit Card,paid,4191.94,0.0,2024-09-10,Razorpay
M001,PAY000152,ORD006061,2024-08-30,UPI,paid,6271.75,0.0,2024-09-04,PhonePe
M001,PAY000153,ORD006843,2024-09-30,UPI,paid,4862.31,0.0,2024-10-05,Cashfree
M001,PAY000154,ORD008830,2024-11-25,COD,paid,6494.9,0.0,2024-11-27,Razorpay
M001,PAY000155,ORD006989,2024-10-05,UPI,refunded,8681.44,2249.55,2024-10-06,Juspay
M001,PAY000156,ORD005286,2024-07-29,COD,paid,2646.2,0.0,2024-08-01,PhonePe
M001,PAY000157,ORD009089,2024-12-02,Debit Card,failed,0.0,0.0,2024-12-02,PayU
M001,PAY000158,ORD002442,2024-04-02,Credit Card,paid,1758.76,0.0,2024-04-06,Cashfree
M001,PAY000159,ORD002739,2024-04-12,COD,paid,2901.68,0.0,2024-04-15,PhonePe
M001,PAY000160,ORD005579,2024-08-10,Credit Card,paid,6255.79,0.0,2024-08-14,Juspay
M001,PAY000161,ORD006003,2024-08-28,Credit Card,paid,1085.38,0.0,2024-09-01,Razorpay
M001,PAY000162,ORD003030,2024-04-23,UPI,paid,1591.16,0.0,2024-04-27,Razorpay
M001,PAY000163,ORD001741,2024-03-04,Credit Card,paid,2633.07,0.0,2024-03-08,PhonePe
M001,PAY000164,ORD008985,2024-11-30,COD,paid,6405.64,0.0,2024-12-04,Juspay
M001,PAY000165,ORD009529,2024-12-16,Wallet,paid,4810.95,0.0,2024-12-18,Cashfree
M001,PAY000166,ORD003054,2024-04-23,Credit Card,paid,10670.79,0.0,2024-04-25,Stripe
M001,PAY000167,ORD003798,2024-05-21,UPI,refunded,2800.86,759.02,2024-05-23,Cashfree
M001,PAY000168,ORD002839,2024-04-16,UPI,pending,9745.7,0.0,2024-04-17,Cashfree
M001,PAY000169,ORD006316,2024-09-10,COD,paid,8063.69,0.0,2024-09-15,Stripe
M001,PAY000170,ORD008638,2024-11-21,UPI,paid,3493.32,0.0,2024-11-24,Cashfree
M001,PAY000171,ORD004332,2024-06-13,COD,failed,0.0,0.0,2024-06-13,Juspay
M001,PAY000172,ORD005061,2024-07-18,Wallet,paid,9813.39,0.0,2024-07-21,Razorpay
M001,PAY000173,ORD003767,2024-05-20,COD,paid,3852.77,0.0,2024-05-21,Stripe
M001,PAY000174,ORD007417,2024-10-17,Debit Card,refunded,6602.01,6078.87,2024-10-19,PayU
M001,PAY000175,ORD005134,2024-07-23,Credit Card,pending,2418.22,0.0,2024-07-24,PhonePe
M001,PAY000176,ORD007721,2024-10-26,Credit Card,paid,5716.81,0.0,2024-10-31,Razorpay
M001,PAY000177,ORD007809,2024-10-29,Wallet,paid,5173.4,0.0,2024-11-03,Stripe
M001,PAY000178,ORD003797,2024-05-21,COD,failed,0.0,0.0,2024-05-21,Razorpay
M001,PAY000179,ORD009579,2024-12-18,COD,paid,1168.28,0.0,2024-12-23,Juspay
M001,PAY000180,ORD000653,2024-01-21,UPI,paid,6266.74,0.0,2024-01-24,PayU
M001,PAY000181,ORD009976,2024-12-31,UPI,paid,2438.24,0.0,2025-01-03,PhonePe
M001,PAY000182,ORD005552,2024-08-09,Wallet,paid,3629.81,0.0,2024-08-12,Razorpay
M001,PAY000183,ORD000678,2024-01-23,UPI,paid,1903.78,0.0,2024-01-24,PhonePe
M001,PAY000184,ORD007596,2024-10-21,UPI,paid,1028.88,0.0,2024-10-24,Juspay
M001,PAY000185,ORD008058,2024-11-05,UPI,refunded,1742.87,326.17,2024-11-09,Razorpay
M001,PAY000186,ORD002196,2024-03-23,NetBanking,paid,5714.23,0.0,2024-03-28,Juspay
M001,PAY000187,ORD000125,2024-01-05,COD,paid,5995.49,0.0,2024-01-08,Stripe
M001,PAY000188,ORD000901,2024-01-29,UPI,pending,1640.88,0.0,2024-01-30,Stripe
M001,PAY000189,ORD006617,2024-09-23,UPI,paid,2887.88,0.0,2024-09-24,PhonePe
M001,PAY000190,ORD006799,2024-09-28,Credit Card,paid,4924.28,0.0,2024-10-02,Cashfree
M001,PAY000191,ORD007465,2024-10-18,COD,paid,8239.47,0.0,2024-10-23,Juspay
M001,PAY000192,ORD008598,2024-11-20,COD,pending,1359.43,0.0,2024-11-22,Cashfree
M001,PAY000193,ORD002027,2024-03-15,Credit Card,paid,2054.62,0.0,2024-03-18,PhonePe
M001,PAY000194,ORD000714,2024-01-23,Debit Card,paid,2869.5,0.0,2024-01-28,Juspay
M001,PAY000195,ORD006084,2024-08-31,NetBanking,paid,4202.67,0.0,2024-09-04,PayU
M001,PAY000196,ORD002697,2024-04-12,UPI,failed,0.0,0.0,2024-04-12,PhonePe
M001,PAY000197,ORD003383,2024-05-05,UPI,failed,0.0,0.0,2024-05-05,PayU
M001,PAY000198,ORD001025,2024-02-02,COD,paid,866.39,0.0,2024-02-04,Stripe
M001,PAY000199,ORD001214,2024-02-08,UPI,failed,0.0,0.0,2024-02-08,Stripe
M001,PAY000200,ORD007648,2024-10-24,UPI,pending,4236.35,0.0,2024-10-26,PayU
M001,PAY000201,ORD006334,2024-09-10,COD,paid,9030.36,0.0,2024-09-15,Razorpay
M001,PAY000202,ORD004118,2024-06-01,COD,paid,3910.15,0.0,2024-06-03,PhonePe
M001,PAY000203,ORD002619,2024-04-08,UPI,pending,8611.1,0.0,2024-04-10,Razorpay
M001,PAY000204,ORD001033,2024-02-02,COD,paid,2267.34,0.0,2024-02-06,Stripe
M001,PAY000205,ORD009905,2024-12-27,Credit Card,paid,3169.0,0.0,2024-12-29,Razorpay
M001,PAY000206,ORD001317,2024-02-13,COD,paid,10685.97,0.0,2024-02-17,PhonePe
M001,PAY000207,ORD001542,2024-02-24,COD,pending,637.44,0.0,2024-02-26,Razorpay
M001,PAY000208,ORD008804,2024-11-24,COD,paid,2578.43,0.0,2024-11-25,Stripe
M001,PAY000209,ORD002277,2024-03-26,COD,refunded,2954.16,2136.1,2024-03-29,PayU
M001,PAY000210,ORD006184,2024-09-04,COD,paid,5726.5,0.0,2024-09-05,Stripe
M001,PAY000211,ORD009390,2024-12-11,UPI,paid,7950.09,0.0,2024-12-14,Cashfree
M001,PAY000212,ORD004252,2024-06-09,Debit Card,refunded,8131.54,1902.06,2024-06-11,Cashfree
M001,PAY000213,ORD008285,2024-11-11,COD,paid,7129.6,0.0,2024-11-15,PayU
M001,PAY000214,ORD007353,2024-10-15,COD,failed,0.0,0.0,2024-10-15,PayU
M001,PAY000215,ORD002714,2024-04-11,Wallet,paid,1812.85,0.0,2024-04-12,PayU
M001,PAY000216,ORD006598,2024-09-22,COD,failed,0.0,0.0,2024-09-22,Stripe
M001,PAY000217,ORD007865,2024-10-30,COD,paid,3041.66,0.0,2024-11-03,Cashfree
M001,PAY000218,ORD006854,2024-10-01,Credit Card,pending,9620.82,0.0,2024-10-03,Stripe
M001,PAY000219,ORD005847,2024-08-21,UPI,paid,8484.59,0.0,2024-08-23,Juspay
M001,PAY000220,ORD005896,2024-08-23,Wallet,paid,873.24,0.0,2024-08-27,PhonePe
M001,PAY000221,ORD004565,2024-06-23,UPI,paid,9966.06,0.0,2024-06-26,Razorpay
M001,PAY000222,ORD001072,2024-02-03,COD,paid,6787.05,0.0,2024-02-07,Juspay
M001,PAY000223,ORD006131,2024-09-02,Debit Card,paid,870.8,0.0,2024-09-04,Cashfree
M001,PAY000224,ORD006971,2024-10-04,UPI,refunded,7248.86,6892.21,2024-10-05,PhonePe
M001,PAY000225,ORD001631,2024-02-28,UPI,refunded,2268.31,1237.63,2024-03-01,PayU
M001,PAY000226,ORD006673,2024-09-24,COD,paid,5573.61,0.0,2024-09-25,Cashfree
M001,PAY000227,ORD009991,2024-12-31,Debit Card,paid,2539.53,0.0,2025-01-03,Stripe
M001,PAY000228,ORD000968,2024-01-31,Debit Card,paid,3832.4,0.0,2024-02-03,Razorpay
M001,PAY000229,ORD004417,2024-06-17,UPI,paid,10199.53,0.0,2024-06-22,Cashfree
M001,PAY000230,ORD000874,2024-01-28,Debit Card,paid,2721.37,0.0,2024-01-30,Juspay
M001,PAY000231,ORD007934,2024-11-01,COD,paid,3038.66,0.0,2024-11-05,Stripe
M001,PAY000232,ORD001962,2024-03-12,COD,paid,856.68,0.0,2024-03-14,Juspay
M001,PAY000233,ORD006722,2024-09-27,Wallet,refunded,2339.78,460.98,2024-09-29,PayU
M001,PAY000234,ORD005728,2024-08-16,UPI,failed,0.0,0.0,2024-08-16,Stripe
M001,PAY000235,ORD008043,2024-11-04,Credit Card,paid,6252.59,0.0,2024-11-05,Stripe
M001,PAY000236,ORD007643,2024-10-24,UPI,paid,4571.32,0.0,2024-10-25,PayU
M001,PAY000237,ORD001853,2024-03-09,COD,failed,0.0,0.0,2024-03-09,PhonePe
M001,PAY000238,ORD006065,2024-08-30,UPI,paid,3552.8,0.0,2024-09-02,Juspay
M001,PAY000239,ORD002519,2024-04-04,COD,paid,1956.16,0.0,2024-04-07,Stripe
M001,PAY000240,ORD008271,2024-11-11,Debit Card,paid,10702.38,0.0,2024-11-16,Cashfree
M001,PAY000241,ORD006210,2024-09-04,Debit Card,paid,1759.79,0.0,2024-09-05,PhonePe
M001,PAY000242,ORD008506,2024-11-16,COD,paid,6070.27,0.0,2024-11-17,PayU
M001,PAY000243,ORD007196,2024-10-10,UPI,paid,6320.86,0.0,2024-10-13,Cashfree
M001,PAY000244,ORD001131,2024-02-06,UPI,paid,6435.41,0.0,2024-02-11,Stripe
M001,PAY000245,ORD005965,2024-08-26,Wallet,paid,9829.65,0.0,2024-08-31,PayU
M001,PAY000246,ORD005300,2024-07-29,COD,paid,2063.45,0.0,2024-07-30,PhonePe
M001,PAY000247,ORD006064,2024-08-31,UPI,failed,0.0,0.0,2024-08-31,Stripe
M001,PAY000248,ORD001505,2024-02-22,UPI,paid,9201.98,0.0,2024-02-26,Razorpay
M001,PAY000249,ORD004107,2024-06-01,COD,paid,2840.14,0.0,2024-06-02,PayU
M001,PAY000250,ORD004251,2024-06-08,UPI,paid,10242.11,0.0,2024-06-09,Razorpay
M001,PAY000251,ORD009401,2024-12-13,Debit Card,pending,7180.98,0.0,2024-12-14,PhonePe
M001,PAY000252,ORD000345,2024-01-12,COD,paid,1322.12,0.0,2024-01-15,Razorpay
M001,PAY000253,ORD002547,2024-04-06,UPI,failed,0.0,0.0,2024-04-06,PhonePe
M001,PAY000254,ORD003449,2024-05-09,COD,paid,4993.28,0.0,2024-05-13,PhonePe
M001,PAY000255,ORD001672,2024-03-01,COD,paid,2270.2,0.0,2024-03-03,PhonePe
M001,PAY000256,ORD005152,2024-07-24,UPI,paid,2579.3,0.0,2024-07-26,Juspay
M001,PAY000257,ORD002351,2024-03-30,COD,paid,7547.97,0.0,2024-04-03,Razorpay
M001,PAY000258,ORD002780,2024-04-14,COD,paid,2600.82,0.0,2024-04-18,PhonePe
M001,PAY000259,ORD002517,2024-04-04,COD,paid,3739.9,0.0,2024-04-05,Stripe
M001,PAY000260,ORD007402,2024-10-16,COD,paid,5703.61,0.0,2024-10-18,Cashfree
M001,PAY000261,ORD005703,2024-08-16,UPI,paid,1921.84,0.0,2024-08-20,PhonePe
M001,PAY000262,ORD003018,2024-04-23,COD,paid,9517.64,0.0,2024-04-24,Stripe
M001,PAY000263,ORD004223,2024-06-07,UPI,paid,3386.13,0.0,2024-06-08,Razorpay
M001,PAY000264,ORD005568,2024-08-10,COD,failed,0.0,0.0,2024-08-10,Cashfree
M001,PAY000265,ORD009399,2024-12-12,Credit Card,paid,4897.11,0.0,2024-12-14,Razorpay
M001,PAY000266,ORD004621,2024-06-25,Credit Card,paid,7436.56,0.0,2024-06-26,PhonePe
M001,PAY000267,ORD000421,2024-01-13,UPI,paid,1806.3,0.0,2024-01-18,Cashfree
M001,PAY000268,ORD001009,2024-01-31,UPI,paid,4462.09,0.0,2024-02-01,PayU
M001,PAY000269,ORD001201,2024-02-08,UPI,paid,6896.38,0.0,2024-02-13,Razorpay
M001,PAY000270,ORD008322,2024-11-13,NetBanking,paid,3144.28,0.0,2024-11-18,PayU
M001,PAY000271,ORD000297,2024-01-09,Credit Card,paid,8440.15,0.0,2024-01-12,Cashfree
M001,PAY000272,ORD004024,2024-05-30,Credit Card,paid,7387.49,0.0,2024-06-02,PayU
M001,PAY000273,ORD003576,2024-05-13,COD,paid,9619.05,0.0,2024-05-16,Stripe
M001,PAY000274,ORD002602,2024-04-08,UPI,failed,0.0,0.0,2024-04-08,Stripe
M001,PAY000275,ORD006721,2024-09-26,COD,paid,5373.38,0.0,2024-09-28,PhonePe
M001,PAY000276,ORD007493,2024-10-18,COD,paid,1261.24,0.0,2024-10-21,Stripe
M001,PAY000277,ORD008356,2024-11-13,COD,pending,2438.65,0.0,2024-11-15,Stripe
M001,PAY000278,ORD001417,2024-02-19,COD,pending,3362.56,0.0,2024-02-20,PhonePe
M001,PAY000279,ORD003210,2024-04-29,COD,paid,1497.33,0.0,2024-05-03,PayU
M001,PAY000280,ORD008986,2024-11-30,UPI,paid,8709.7,0.0,2024-12-02,Stripe
M001,PAY000281,ORD005596,2024-08-11,COD,paid,1186.33,0.0,2024-08-13,Juspay
M001,PAY000282,ORD006380,2024-09-12,Credit Card,pending,3117.25,0.0,2024-09-13,Razorpay
M001,PAY000283,ORD002738,2024-04-12,UPI,paid,3126.48,0.0,2024-04-13,Cashfree
M001,PAY000284,ORD008431,2024-11-14,COD,paid,7455.54,0.0,2024-11-19,PayU
M001,PAY000285,ORD001975,2024-03-14,Credit Card,paid,2327.82,0.0,2024-03-18,Juspay
M001,PAY000286,ORD005964,2024-08-25,Debit Card,paid,2336.14,0.0,2024-08-30,Juspay
M001,PAY000287,ORD003412,2024-05-06,COD,paid,7199.74,0.0,2024-05-11,Cashfree
M001,PAY000288,ORD001406,2024-02-18,UPI,paid,7231.04,0.0,2024-02-20,PhonePe
M001,PAY000289,ORD008998,2024-11-30,UPI,paid,5367.63,0.0,2024-12-01,Stripe
M001,PAY000290,ORD004816,2024-07-06,UPI,paid,3494.69,0.0,2024-07-09,Razorpay
M001,PAY000291,ORD007837,2024-10-29,Wallet,failed,0.0,0.0,2024-10-29,Cashfree
M001,PAY000292,ORD003461,2024-05-10,COD,paid,5625.56,0.0,2024-05-12,Razorpay
M001,PAY000293,ORD005787,2024-08-18,UPI,paid,8803.11,0.0,2024-08-22,PayU
M001,PAY000294,ORD003281,2024-05-01,UPI,paid,2377.4,0.0,2024-05-05,Cashfree
M001,PAY000295,ORD002491,2024-04-04,COD,paid,6207.86,0.0,2024-04-07,Cashfree
M001,PAY000296,ORD002360,2024-03-30,Credit Card,paid,2575.14,0.0,2024-04-01,Razorpay
M001,PAY000297,ORD006849,2024-10-02,Wallet,paid,3649.47,0.0,2024-10-05,Cashfree
M001,PAY000298,ORD007378,2024-10-15,COD,paid,6495.05,0.0,2024-10-18,Cashfree
M001,PAY000299,ORD003377,2024-05-05,Debit Card,paid,558.75,0.0,2024-05-07,Cashfree
M001,PAY000300,ORD001211,2024-02-08,UPI,paid,5308.81,0.0,2024-02-13,Cashfree
M001,PAY000301,ORD002885,2024-04-18,Credit Card,paid,8915.4,0.0,2024-04-19,Razorpay
M001,PAY000302,ORD004474,2024-06-18,Credit Card,paid,10551.9,0.0,2024-06-23,Razorpay
M001,PAY000303,ORD009037,2024-11-30,COD,paid,4257.01,0.0,2024-12-01,PhonePe
M001,PAY000304,ORD009762,2024-12-24,COD,paid,1470.31,0.0,2024-12-26,Stripe
M001,PAY000305,ORD000058,2024-01-02,UPI,paid,6314.04,0.0,2024-01-03,PhonePe
M001,PAY000306,ORD005104,2024-07-21,COD,paid,2737.43,0.0,2024-07-24,Razorpay
M001,PAY000307,ORD007637,2024-10-24,UPI,paid,1643.15,0.0,2024-10-28,Razorpay
M001,PAY000308,ORD004341,2024-06-14,UPI,paid,8832.04,0.0,2024-06-15,PhonePe
M001,PAY000309,ORD002462,2024-04-02,UPI,pending,5129.68,0.0,2024-04-04,Cashfree
M001,PAY000310,ORD001576,2024-02-27,Credit Card,paid,4511.43,0.0,2024-03-01,Juspay
M001,PAY000311,ORD004994,2024-07-14,COD,paid,9446.45,0.0,2024-07-19,Juspay
M001,PAY000312,ORD000394,2024-01-13,UPI,paid,684.48,0.0,2024-01-15,Stripe
M001,PAY000313,ORD004435,2024-06-17,Debit Card,paid,5354.04,0.0,2024-06-18,PhonePe
M001,PAY000314,ORD008643,2024-11-20,COD,paid,491.1,0.0,2024-11-23,Cashfree
M001,PAY000315,ORD001005,2024-02-01,COD,paid,11594.47,0.0,2024-02-06,PayU
M001,PAY000316,ORD002387,2024-03-31,NetBanking,paid,5357.29,0.0,2024-04-01,PayU
M001,PAY000317,ORD005840,2024-08-20,COD,paid,4260.75,0.0,2024-08-21,Razorpay
M001,PAY000318,ORD007056,2024-10-07,Credit Card,paid,1947.7,0.0,2024-10-08,PhonePe
M001,PAY000319,ORD008029,2024-11-05,NetBanking,paid,6733.44,0.0,2024-11-09,Cashfree
M001,PAY000320,ORD003407,2024-05-07,Debit Card,paid,5828.56,0.0,2024-05-08,Razorpay
M001,PAY000321,ORD009536,2024-12-17,COD,paid,1808.85,0.0,2024-12-20,Juspay
M001,PAY000322,ORD003693,2024-05-17,UPI,paid,4434.6,0.0,2024-05-21,Cashfree
M001,PAY000323,ORD002059,2024-03-17,COD,paid,1433.21,0.0,2024-03-22,Cashfree
M001,PAY000324,ORD004468,2024-06-18,COD,paid,5483.38,0.0,2024-06-22,Razorpay
M001,PAY000325,ORD002197,2024-03-23,COD,paid,3128.69,0.0,2024-03-28,Stripe
M001,PAY000326,ORD002378,2024-03-31,COD,paid,4854.22,0.0,2024-04-03,Razorpay
M001,PAY000327,ORD008565,2024-11-18,NetBanking,paid,2667.63,0.0,2024-11-19,Juspay
M001,PAY000328,ORD009919,2024-12-28,Credit Card,failed,0.0,0.0,2024-12-28,PayU
M001,PAY000329,ORD007172,2024-10-10,Credit Card,paid,9383.07,0.0,2024-10-15,PhonePe
M001,PAY000330,ORD001842,2024-03-09,UPI,pending,3498.96,0.0,2024-03-10,Cashfree
M001,PAY000331,ORD002396,2024-03-31,UPI,pending,8621.12,0.0,2024-04-02,Stripe
M001,PAY000332,ORD008551,2024-11-18,COD,paid,1459.86,0.0,2024-11-23,PayU
M001,PAY000333,ORD009927,2024-12-29,Wallet,paid,7636.86,0.0,2024-12-30,Cashfree
M001,PAY000334,ORD008227,2024-11-09,UPI,paid,3549.24,0.0,2024-11-11,PayU
M001,PAY000335,ORD008039,2024-11-04,COD,paid,5338.46,0.0,2024-11-08,Juspay
M001,PAY000336,ORD003010,2024-04-21,UPI,paid,3462.07,0.0,2024-04-24,Cashfree
M001,PAY000337,ORD007174,2024-10-10,Credit Card,paid,6724.52,0.0,2024-10-11,Razorpay
M001,PAY000338,ORD006079,2024-08-31,UPI,paid,4565.94,0.0,2024-09-03,Cashfree
M001,PAY000339,ORD005072,2024-07-19,Wallet,refunded,4722.3,1574.97,2024-07-20,PhonePe
M001,PAY000340,ORD005319,2024-07-30,Credit Card,paid,7326.96,0.0,2024-08-02,Cashfree
M001,PAY000341,ORD008752,2024-11-23,Wallet,paid,6650.43,0.0,2024-11-24,Razorpay
M001,PAY000342,ORD006135,2024-09-02,NetBanking,paid,529.6,0.0,2024-09-04,Cashfree
M001,PAY000343,ORD002864,2024-04-17,UPI,refunded,10011.68,2108.75,2024-04-21,PhonePe
M001,PAY000344,ORD004929,2024-07-12,COD,paid,1641.54,0.0,2024-07-17,PhonePe
M001,PAY000345,ORD005261,2024-07-27,Credit Card,paid,3688.1,0.0,2024-08-01,PayU
M001,PAY000346,ORD008454,2024-11-16,Wallet,paid,1303.72,0.0,2024-11-18,Juspay
M001,PAY000347,ORD004390,2024-06-17,COD,paid,1122.05,0.0,2024-06-22,PhonePe
M001,PAY000348,ORD009678,2024-12-20,Debit Card,paid,4036.38,0.0,2024-12-22,PayU
M001,PAY000349,ORD002132,2024-03-19,UPI,paid,7076.82,0.0,2024-03-21,PayU
M001,PAY000350,ORD006735,2024-09-26,COD,paid,2818.09,0.0,2024-10-01,Juspay
M001,PAY000351,ORD000161,2024-01-06,Debit Card,paid,7029.87,0.0,2024-01-08,Razorpay
M001,PAY000352,ORD001749,2024-03-04,Debit Card,paid,6184.86,0.0,2024-03-08,PhonePe
M001,PAY000353,ORD007903,2024-10-31,UPI,paid,5202.16,0.0,2024-11-04,Juspay
M001,PAY000354,ORD008211,2024-11-09,UPI,refunded,1383.86,180.17,2024-11-13,Stripe
M001,PAY000355,ORD003064,2024-04-25,UPI,paid,5846.99,0.0,2024-04-26,Cashfree
M001,PAY000356,ORD000159,2024-01-06,Wallet,refunded,1085.77,461.45,2024-01-11,Cashfree
M001,PAY000357,ORD004725,2024-07-01,NetBanking,paid,4924.11,0.0,2024-07-03,Stripe
M001,PAY000358,ORD009759,2024-12-23,COD,paid,2399.12,0.0,2024-12-24,PayU
M001,PAY000359,ORD003332,2024-05-04,NetBanking,paid,8947.4,0.0,2024-05-08,Stripe
M001,PAY000360,ORD009662,2024-12-21,UPI,paid,7902.61,0.0,2024-12-23,Juspay
M001,PAY000361,ORD009145,2024-12-04,COD,paid,2742.11,0.0,2024-12-08,PhonePe
M001,PAY000362,ORD001425,2024-02-18,COD,paid,4942.66,0.0,2024-02-20,PhonePe
M001,PAY000363,ORD003263,2024-05-01,UPI,paid,6043.21,0.0,2024-05-02,Cashfree
M001,PAY000364,ORD009383,2024-12-11,Debit Card,paid,1624.15,0.0,2024-12-15,PhonePe
M001,PAY000365,ORD000942,2024-01-29,COD,refunded,7896.37,6487.82,2024-01-31,Stripe
M001,PAY000366,ORD009128,2024-12-03,UPI,paid,2159.1,0.0,2024-12-04,Juspay
M001,PAY000367,ORD007459,2024-10-18,UPI,paid,4567.64,0.0,2024-10-22,Cashfree
M001,PAY000368,ORD008154,2024-11-08,Credit Card,failed,0.0,0.0,2024-11-08,Stripe
M001,PAY000369,ORD009043,2024-12-01,Credit Card,paid,6825.79,0.0,2024-12-03,PayU
M001,PAY000370,ORD004976,2024-07-14,COD,paid,8053.48,0.0,2024-07-16,Stripe
M001,PAY000371,ORD007873,2024-10-30,UPI,paid,1634.86,0.0,2024-11-04,Cashfree
M001,PAY000372,ORD007628,2024-10-24,COD,paid,8073.57,0.0,2024-10-25,PhonePe
M001,PAY000373,ORD005070,2024-07-18,Debit Card,paid,2289.15,0.0,2024-07-21,Cashfree
M001,PAY000374,ORD004115,2024-06-01,Credit Card,refunded,5427.76,2465.56,2024-06-06,Juspay
M001,PAY000375,ORD007785,2024-10-28,Debit Card,paid,1520.69,0.0,2024-10-30,Stripe
M001,PAY000376,ORD001474,2024-02-21,COD,paid,4350.75,0.0,2024-02-24,Razorpay
M001,PAY000377,ORD009887,2024-12-28,NetBanking,refunded,4520.22,1140.86,2024-12-31,Stripe
M001,PAY000378,ORD005445,2024-08-04,UPI,paid,8689.36,0.0,2024-08-06,Razorpay
M001,PAY000379,ORD006954,2024-10-03,COD,paid,2706.13,0.0,2024-10-07,Razorpay
M001,PAY000380,ORD009119,2024-12-04,COD,paid,7922.45,0.0,2024-12-05,Stripe
M001,PAY000381,ORD002776,2024-04-13,Credit Card,paid,8662.28,0.0,2024-04-16,Razorpay
M001,PAY000382,ORD003547,2024-05-11,UPI,paid,9774.07,0.0,2024-05-15,PayU
M001,PAY000383,ORD003203,2024-04-30,UPI,paid,511.96,0.0,2024-05-02,Stripe
M001,PAY000384,ORD004949,2024-07-12,UPI,paid,5476.33,0.0,2024-07-17,Razorpay
M001,PAY000385,ORD005627,2024-08-13,Debit Card,refunded,6827.17,6056.7,2024-08-16,Cashfree
M001,PAY000386,ORD007117,2024-10-07,COD,paid,3947.54,0.0,2024-10-08,Juspay
M001,PAY000387,ORD009725,2024-12-23,UPI,paid,1362.9,0.0,2024-12-27,Juspay
M001,PAY000388,ORD007362,2024-10-15,COD,paid,9792.98,0.0,2024-10-19,Juspay
M001,PAY000389,ORD003975,2024-05-27,NetBanking,paid,757.61,0.0,2024-05-31,PhonePe
M001,PAY000390,ORD007437,2024-10-17,Wallet,paid,4164.73,0.0,2024-10-18,Juspay
M001,PAY000391,ORD000579,2024-01-19,Debit Card,paid,3095.62,0.0,2024-01-22,Stripe
M001,PAY000392,ORD002642,2024-04-09,UPI,paid,6624.44,0.0,2024-04-12,Razorpay
M001,PAY000393,ORD008542,2024-11-18,UPI,paid,6936.54,0.0,2024-11-20,Cashfree
M001,PAY000394,ORD005560,2024-08-10,Credit Card,refunded,4785.2,3994.28,2024-08-11,PayU
M001,PAY000395,ORD002260,2024-03-26,Credit Card,paid,7309.89,0.0,2024-03-30,PhonePe
M001,PAY000396,ORD007594,2024-10-21,COD,paid,2252.46,0.0,2024-10-24,Stripe
M001,PAY000397,ORD006305,2024-09-09,Credit Card,failed,0.0,0.0,2024-09-09,PhonePe
M001,PAY000398,ORD002098,2024-03-19,COD,paid,2318.77,0.0,2024-03-20,PhonePe
M001,PAY000399,ORD008782,2024-11-25,Debit Card,paid,879.6,0.0,2024-11-28,PayU
M001,PAY000400,ORD000984,2024-01-31,UPI,paid,6192.27,0.0,2024-02-04,PayU
M001,PAY000401,ORD008326,2024-11-13,COD,paid,3991.1,0.0,2024-11-14,Cashfree
M001,PAY000402,ORD007239,2024-10-11,Credit Card,paid,5877.51,0.0,2024-10-13,Stripe
M001,PAY000403,ORD008826,2024-11-25,COD,paid,4179.1,0.0,2024-11-27,Cashfree
M001,PAY000404,ORD000311,2024-01-11,Debit Card,pending,3257.24,0.0,2024-01-12,PhonePe
M001,PAY000405,ORD008808,2024-11-26,UPI,paid,4143.99,0.0,2024-11-30,Razorpay
M001,PAY000406,ORD009429,2024-12-12,UPI,paid,7776.82,0.0,2024-12-16,PhonePe
M001,PAY000407,ORD005941,2024-08-25,UPI,paid,6732.91,0.0,2024-08-27,PhonePe
M001,PAY000408,ORD002497,2024-04-04,COD,paid,4139.85,0.0,2024-04-07,Juspay
M001,PAY000409,ORD009213,2024-12-06,Debit Card,failed,0.0,0.0,2024-12-06,Cashfree
M001,PAY000410,ORD000856,2024-01-28,NetBanking,paid,5025.75,0.0,2024-01-29,PhonePe
M001,PAY000411,ORD002166,2024-03-22,UPI,paid,4238.03,0.0,2024-03-26,Razorpay
M001,PAY000412,ORD003429,2024-05-08,COD,paid,3527.4,0.0,2024-05-13,Juspay
M001,PAY000413,ORD000847,2024-01-28,Credit Card,paid,7293.6,0.0,2024-01-29,Razorpay
M001,PAY000414,ORD000163,2024-01-06,Debit Card,paid,4162.81,0.0,2024-01-11,Juspay
M001,PAY000415,ORD004761,2024-07-03,UPI,paid,6249.24,0.0,2024-07-07,Razorpay
M001,PAY000416,ORD000068,2024-01-03,UPI,paid,4913.26,0.0,2024-01-06,Stripe
M001,PAY000417,ORD000312,2024-01-11,UPI,paid,10232.6,0.0,2024-01-16,Stripe
M001,PAY000418,ORD004342,2024-06-13,COD,paid,7448.11,0.0,2024-06-17,Cashfree
M001,PAY000419,ORD000154,2024-01-05,Debit Card,paid,920.59,0.0,2024-01-09,Cashfree
M001,PAY000420,ORD008774,2024-11-25,Debit Card,failed,0.0,0.0,2024-11-25,Stripe
M001,PAY000421,ORD009915,2024-12-28,Debit Card,paid,7626.53,0.0,2024-12-30,PhonePe
M001,PAY000422,ORD000225,2024-01-07,Credit Card,failed,0.0,0.0,2024-01-07,Stripe
M001,PAY000423,ORD006844,2024-09-30,COD,failed,0.0,0.0,2024-09-30,PhonePe
M001,PAY000424,ORD001671,2024-03-01,Credit Card,paid,10324.21,0.0,2024-03-05,Stripe
M001,PAY000425,ORD000809,2024-01-27,Credit Card,paid,9338.99,0.0,2024-02-01,Juspay
M001,PAY000426,ORD002206,2024-03-23,NetBanking,paid,826.67,0.0,2024-03-25,Razorpay
M001,PAY000427,ORD004959,2024-07-12,UPI,paid,6076.81,0.0,2024-07-17,Cashfree
M001,PAY000428,ORD009261,2024-12-08,COD,paid,2789.99,0.0,2024-12-09,PhonePe
M001,PAY000429,ORD008892,2024-11-27,UPI,paid,2870.34,0.0,2024-11-30,PayU
M001,PAY000430,ORD002318,2024-03-28,UPI,paid,3449.16,0.0,2024-03-31,PayU
M001,PAY000431,ORD001895,2024-03-11,Debit Card,paid,3886.7,0.0,2024-03-13,Juspay
M001,PAY000432,ORD009967,2024-12-31,COD,paid,1161.34,0.0,2025-01-04,Razorpay
M001,PAY000433,ORD001921,2024-03-12,UPI,refunded,5011.19,2149.3,2024-03-15,Razorpay
M001,PAY000434,ORD008677,2024-11-21,UPI,paid,1392.42,0.0,2024-11-26,Razorpay
M001,PAY000435,ORD002389,2024-04-01,Credit Card,paid,6561.66,0.0,2024-04-04,Stripe
M001,PAY000436,ORD009195,2024-12-05,COD,paid,6792.79,0.0,2024-12-10,Juspay
M001,PAY000437,ORD007843,2024-10-30,UPI,paid,6807.61,0.0,2024-11-01,Razorpay
M001,PAY000438,ORD002088,2024-03-19,COD,paid,8635.28,0.0,2024-03-22,Razorpay
M001,PAY000439,ORD003277,2024-05-01,COD,paid,7081.99,0.0,2024-05-02,PhonePe
M001,PAY000440,ORD008746,2024-11-24,Debit Card,paid,5290.51,0.0,2024-11-27,Cashfree
M001,PAY000441,ORD002453,2024-04-03,UPI,pending,9502.49,0.0,2024-04-04,Cashfree
M001,PAY000442,ORD001778,2024-03-06,NetBanking,paid,10303.97,0.0,2024-03-08,Razorpay
M001,PAY000443,ORD006796,2024-09-28,COD,paid,5000.35,0.0,2024-10-01,Cashfree
M001,PAY000444,ORD000542,2024-01-18,COD,paid,10066.32,0.0,2024-01-23,Cashfree
M001,PAY000445,ORD001722,2024-03-04,COD,paid,4949.59,0.0,2024-03-06,Juspay
M001,PAY000446,ORD003072,2024-04-24,COD,paid,8413.54,0.0,2024-04-25,PhonePe
M001,PAY000447,ORD002256,2024-03-25,Wallet,paid,5652.33,0.0,2024-03-26,Razorpay
M001,PAY000448,ORD007517,2024-10-20,COD,refunded,1751.41,468.16,2024-10-25,PhonePe
M001,PAY000449,ORD000082,2024-01-03,Credit Card,paid,7537.25,0.0,2024-01-08,PhonePe
M001,PAY000450,ORD007052,2024-10-06,COD,paid,2725.02,0.0,2024-10-09,Cashfree
M001,PAY000451,ORD002788,2024-04-14,Debit Card,paid,2570.91,0.0,2024-04-16,PayU
M001,PAY000452,ORD004868,2024-07-08,Debit Card,paid,2592.35,0.0,2024-07-10,Stripe
M001,PAY000453,ORD003102,2024-04-25,UPI,pending,5575.06,0.0,2024-04-26,Stripe
M001,PAY000454,ORD007053,2024-10-06,NetBanking,paid,8822.13,0.0,2024-10-11,Stripe
M001,PAY000455,ORD009135,2024-12-03,COD,refunded,4506.99,2866.5,2024-12-05,Juspay
M001,PAY000456,ORD004507,2024-06-21,COD,pending,4043.46,0.0,2024-06-22,PhonePe
M001,PAY000457,ORD003744,2024-05-19,COD,paid,3832.54,0.0,2024-05-24,PhonePe
M001,PAY000458,ORD008673,2024-11-21,COD,paid,3460.73,0.0,2024-11-22,Juspay
M001,PAY000459,ORD003644,2024-05-15,Debit Card,paid,9087.7,0.0,2024-05-19,PhonePe
M001,PAY000460,ORD002120,2024-03-20,COD,paid,5212.91,0.0,2024-03-21,Razorpay
M001,PAY000461,ORD000868,2024-01-27,Credit Card,failed,0.0,0.0,2024-01-27,Stripe
M001,PAY000462,ORD009336,2024-12-10,Wallet,paid,2942.71,0.0,2024-12-14,Cashfree
M001,PAY000463,ORD009166,2024-12-05,UPI,failed,0.0,0.0,2024-12-05,Cashfree
M001,PAY000464,ORD005055,2024-07-19,COD,paid,4628.99,0.0,2024-07-22,PayU
M001,PAY000465,ORD008658,2024-11-21,UPI,paid,8821.65,0.0,2024-11-22,Cashfree
M001,PAY000466,ORD003535,2024-05-11,Credit Card,failed,0.0,0.0,2024-05-11,PhonePe
M001,PAY000467,ORD000260,2024-01-09,UPI,paid,1864.05,0.0,2024-01-11,Stripe
M001,PAY000468,ORD004753,2024-07-03,Wallet,paid,2019.44,0.0,2024-07-06,Cashfree
M001,PAY000469,ORD006203,2024-09-04,Debit Card,paid,6350.5,0.0,2024-09-06,Stripe
M001,PAY000470,ORD006858,2024-10-01,Credit Card,paid,3632.19,0.0,2024-10-02,Razorpay
M001,PAY000471,ORD006072,2024-08-31,UPI,paid,3609.69,0.0,2024-09-01,Cashfree
M001,PAY000472,ORD003238,2024-04-30,Debit Card,refunded,9116.84,9186.67,2024-05-04,Razorpay
M001,PAY000473,ORD000332,2024-01-10,COD,paid,3716.63,0.0,2024-01-15,PayU
M001,PAY000474,ORD007492,2024-10-18,COD,failed,0.0,0.0,2024-10-18,Razorpay
M001,PAY000475,ORD009955,2024-12-30,COD,paid,743.12,0.0,2025-01-04,Juspay
M001,PAY000476,ORD004121,2024-06-02,Credit Card,pending,10662.07,0.0,2024-06-03,Cashfree
M001,PAY000477,ORD001149,2024-02-06,COD,paid,3413.52,0.0,2024-02-08,PayU
M001,PAY000478,ORD000535,2024-01-17,COD,paid,8414.32,0.0,2024-01-21,Juspay
M001,PAY000479,ORD000683,2024-01-22,Debit Card,refunded,3989.43,4099.61,2024-01-25,Stripe
M001,PAY000480,ORD001082,2024-02-03,UPI,paid,10094.0,0.0,2024-02-04,PayU
M001,PAY000481,ORD003906,2024-05-25,NetBanking,paid,5990.4,0.0,2024-05-28,PhonePe
M001,PAY000482,ORD004466,2024-06-19,COD,paid,672.82,0.0,2024-06-24,PayU
M001,PAY000483,ORD000131,2024-01-05,COD,refunded,5732.2,3903.22,2024-01-08,PhonePe
M001,PAY000484,ORD006167,2024-09-04,UPI,paid,6112.13,0.0,2024-09-08,Razorpay
M001,PAY000485,ORD001563,2024-02-26,COD,paid,6797.41,0.0,2024-02-28,PayU
M001,PAY000486,ORD005466,2024-08-05,UPI,refunded,7980.91,4181.83,2024-08-08,Cashfree
M001,PAY000487,ORD005824,2024-08-20,COD,failed,0.0,0.0,2024-08-20,Razorpay
M001,PAY000488,ORD006645,2024-09-24,COD,paid,4617.96,0.0,2024-09-28,PhonePe
M001,PAY000489,ORD003498,2024-05-10,UPI,paid,6952.47,0.0,2024-05-14,Juspay
M001,PAY000490,ORD006847,2024-09-30,UPI,paid,6643.54,0.0,2024-10-01,Cashfree
M001,PAY000491,ORD006836,2024-09-30,COD,paid,1064.79,0.0,2024-10-05,PayU
M001,PAY000492,ORD009344,2024-12-10,Wallet,paid,7284.72,0.0,2024-12-12,PayU
M001,PAY000493,ORD004845,2024-07-08,COD,paid,6058.86,0.0,2024-07-10,Juspay
M001,PAY000494,ORD001328,2024-02-13,Wallet,paid,1090.84,0.0,2024-02-14,PayU
M001,PAY000495,ORD008395,2024-11-13,UPI,paid,6935.89,0.0,2024-11-15,PhonePe
M001,PAY000496,ORD001589,2024-02-27,COD,paid,7395.9,0.0,2024-03-01,PhonePe
M001,PAY000497,ORD000789,2024-01-26,Debit Card,paid,5476.31,0.0,2024-01-29,Juspay
M001,PAY000498,ORD003528,2024-05-12,COD,paid,7936.49,0.0,2024-05-14,PayU
M001,PAY000499,ORD003046,2024-04-24,Wallet,paid,1948.32,0.0,2024-04-27,PayU
M001,PAY000500,ORD000817,2024-01-27,COD,paid,2558.79,0.0,2024-01-28,Cashfree
M001,PAY000501,ORD006582,2024-09-22,COD,paid,7796.57,0.0,2024-09-27,PayU
M001,PAY000502,ORD002190,2024-03-22,COD,paid,8636.62,0.0,2024-03-24,PayU
M001,PAY000503,ORD006732,2024-09-26,COD,paid,1522.67,0.0,2024-10-01,Juspay
M001,PAY000504,ORD002340,2024-03-30,NetBanking,paid,6240.32,0.0,2024-04-04,PhonePe
M001,PAY000505,ORD005583,2024-08-11,Wallet,paid,3733.53,0.0,2024-08-15,Cashfree
M001,PAY000506,ORD002083,2024-03-18,Credit Card,paid,962.5,0.0,2024-03-22,Razorpay
M001,PAY000507,ORD002583,2024-04-07,COD,paid,6689.0,0.0,2024-04-10,Stripe
M001,PAY000508,ORD008922,2024-11-28,Credit Card,paid,4999.08,0.0,2024-12-02,Juspay
M001,PAY000509,ORD003480,2024-05-10,NetBanking,paid,4436.66,0.0,2024-05-13,Stripe
M001,PAY000510,ORD007650,2024-10-24,COD,paid,1916.14,0.0,2024-10-26,Cashfree
M001,PAY000511,ORD001185,2024-02-08,Debit Card,paid,5108.98,0.0,2024-02-09,PhonePe
M001,PAY000512,ORD002355,2024-03-30,COD,paid,8897.95,0.0,2024-04-01,Stripe
M001,PAY000513,ORD008667,2024-11-21,COD,paid,4020.19,0.0,2024-11-26,PhonePe
M001,PAY000514,ORD000465,2024-01-15,UPI,paid,7490.6,0.0,2024-01-16,Razorpay
M001,PAY000515,ORD008104,2024-11-06,Wallet,paid,4338.22,0.0,2024-11-11,PayU
M001,PAY000516,ORD001612,2024-02-29,UPI,paid,10192.44,0.0,2024-03-03,Razorpay
M001,PAY000517,ORD008028,2024-11-05,Wallet,paid,3804.79,0.0,2024-11-08,PhonePe
M001,PAY000518,ORD005065,2024-07-19,COD,paid,6610.44,0.0,2024-07-20,Juspay
M001,PAY000519,ORD007489,2024-10-19,Wallet,paid,3034.57,0.0,2024-10-24,Stripe
M001,PAY000520,ORD004186,2024-06-05,Wallet,paid,4356.71,0.0,2024-06-07,PayU
M001,PAY000521,ORD006263,2024-09-06,Wallet,paid,8925.92,0.0,2024-09-08,Stripe
M001,PAY000522,ORD005606,2024-08-11,UPI,paid,5294.57,0.0,2024-08-13,PhonePe
M001,PAY000523,ORD001500,2024-02-22,COD,paid,7079.89,0.0,2024-02-26,Juspay
M001,PAY000524,ORD002905,2024-04-19,COD,paid,559.88,0.0,2024-04-21,Stripe
M001,PAY000525,ORD005133,2024-07-22,COD,paid,5834.79,0.0,2024-07-24,PayU
M001,PAY000526,ORD009663,2024-12-21,Credit Card,refunded,3265.08,2642.89,2024-12-23,Razorpay
M001,PAY000527,ORD009925,2024-12-29,UPI,paid,1996.28,0.0,2025-01-03,Juspay
M001,PAY000528,ORD007203,2024-10-10,Credit Card,paid,3404.26,0.0,2024-10-14,Cashfree
M001,PAY000529,ORD006742,2024-09-27,UPI,paid,7797.42,0.0,2024-10-01,PhonePe
M001,PAY000530,ORD000249,2024-01-09,UPI,failed,0.0,0.0,2024-01-09,PhonePe
M001,PAY000531,ORD006684,2024-09-25,Wallet,refunded,9671.78,8244.34,2024-09-30,Juspay
M001,PAY000532,ORD000486,2024-01-16,UPI,paid,8004.12,0.0,2024-01-18,Cashfree
M001,PAY000533,ORD007847,2024-10-30,UPI,paid,2430.06,0.0,2024-11-01,PayU
M001,PAY000534,ORD007694,2024-10-26,Credit Card,failed,0.0,0.0,2024-10-26,Razorpay
M001,PAY000535,ORD000746,2024-01-23,Credit Card,paid,8909.04,0.0,2024-01-28,Cashfree
M001,PAY000536,ORD000723,2024-01-24,UPI,paid,7785.38,0.0,2024-01-26,Stripe
M001,PAY000537,ORD008606,2024-11-20,UPI,paid,7185.57,0.0,2024-11-24,Razorpay
M001,PAY000538,ORD001888,2024-03-10,UPI,refunded,4647.85,2803.66,2024-03-13,Razorpay
M001,PAY000539,ORD007933,2024-11-02,COD,paid,3644.94,0.0,2024-11-05,Cashfree
M001,PAY000540,ORD004432,2024-06-18,Credit Card,paid,1976.1,0.0,2024-06-21,Stripe
M001,PAY000541,ORD001051,2024-02-03,Wallet,paid,9905.51,0.0,2024-02-08,PayU
M001,PAY000542,ORD003986,2024-05-28,UPI,paid,1003.57,0.0,2024-05-31,Razorpay
M001,PAY000543,ORD004105,2024-06-02,UPI,paid,4589.11,0.0,2024-06-05,PhonePe
M001,PAY000544,ORD000517,2024-01-17,COD,paid,2801.49,0.0,2024-01-19,Juspay
M001,PAY000545,ORD005949,2024-08-25,UPI,paid,3274.59,0.0,2024-08-27,Cashfree
M001,PAY000546,ORD006957,2024-10-03,UPI,failed,0.0,0.0,2024-10-03,Stripe
M001,PAY000547,ORD009102,2024-12-03,UPI,paid,8511.24,0.0,2024-12-06,Razorpay
M001,PAY000548,ORD008580,2024-11-18,UPI,paid,6213.21,0.0,2024-11-20,Cashfree
M001,PAY000549,ORD004559,2024-06-22,COD,paid,985.59,0.0,2024-06-23,Juspay
M001,PAY000550,ORD001309,2024-02-14,UPI,paid,2197.46,0.0,2024-02-19,Juspay
M001,PAY000551,ORD004892,2024-07-10,COD,failed,0.0,0.0,2024-07-10,Cashfree
M001,PAY000552,ORD004058,2024-05-31,UPI,paid,5593.29,0.0,2024-06-01,Razorpay
M001,PAY000553,ORD007698,2024-10-25,COD,paid,7982.53,0.0,2024-10-30,Cashfree
M001,PAY000554,ORD004557,2024-06-23,COD,paid,6347.1,0.0,2024-06-26,Razorpay
M001,PAY000555,ORD006611,2024-09-23,UPI,paid,6724.72,0.0,2024-09-24,PhonePe
M001,PAY000556,ORD003561,2024-05-11,Debit Card,paid,3643.79,0.0,2024-05-14,Cashfree
M001,PAY000557,ORD008301,2024-11-11,COD,failed,0.0,0.0,2024-11-11,Cashfree
M001,PAY000558,ORD000741,2024-01-23,Wallet,paid,7265.99,0.0,2024-01-27,PayU
M001,PAY000559,ORD001321,2024-02-13,Wallet,paid,4239.23,0.0,2024-02-14,Razorpay
M001,PAY000560,ORD009006,2024-11-30,COD,paid,7928.53,0.0,2024-12-02,Juspay
M001,PAY000561,ORD005444,2024-08-04,Credit Card,paid,5108.47,0.0,2024-08-05,Juspay
M001,PAY000562,ORD005196,2024-07-25,UPI,paid,7251.99,0.0,2024-07-30,Stripe
M001,PAY000563,ORD008698,2024-11-22,UPI,paid,4206.67,0.0,2024-11-25,Razorpay
M001,PAY000564,ORD008727,2024-11-22,COD,refunded,7229.28,2241.9,2024-11-26,PhonePe
M001,PAY000565,ORD002409,2024-03-31,COD,paid,6604.78,0.0,2024-04-02,Stripe
M001,PAY000566,ORD000044,2024-01-01,Debit Card,paid,701.37,0.0,2024-01-03,PayU
M001,PAY000567,ORD005589,2024-08-10,UPI,paid,1425.63,0.0,2024-08-14,Razorpay
M001,PAY000568,ORD002582,2024-04-06,UPI,pending,3270.19,0.0,2024-04-08,Juspay
M001,PAY000569,ORD004643,2024-06-26,Debit Card,paid,2013.8,0.0,2024-06-28,PayU
M001,PAY000570,ORD006280,2024-09-07,UPI,paid,4083.35,0.0,2024-09-12,Stripe
M001,PAY000571,ORD007908,2024-11-01,Debit Card,paid,1932.63,0.0,2024-11-06,Razorpay
M001,PAY000572,ORD000127,2024-01-04,Wallet,paid,668.82,0.0,2024-01-05,PhonePe
M001,PAY000573,ORD004284,2024-06-10,COD,paid,2067.0,0.0,2024-06-12,PhonePe
M001,PAY000574,ORD007276,2024-10-12,UPI,paid,8368.32,0.0,2024-10-15,Stripe
M001,PAY000575,ORD008766,2024-11-24,UPI,paid,2828.28,0.0,2024-11-25,Cashfree
M001,PAY000576,ORD006151,2024-09-02,COD,refunded,6945.22,2069.87,2024-09-05,PhonePe
M001,PAY000577,ORD002262,2024-03-26,Credit Card,failed,0.0,0.0,2024-03-26,PhonePe
M001,PAY000578,ORD000700,2024-01-23,Debit Card,paid,1628.51,0.0,2024-01-26,Stripe
M001,PAY000579,ORD000261,2024-01-08,Credit Card,paid,3412.64,0.0,2024-01-13,PayU
M001,PAY000580,ORD001521,2024-02-24,COD,paid,6813.91,0.0,2024-02-28,Cashfree
M001,PAY000581,ORD003035,2024-04-24,UPI,paid,5466.13,0.0,2024-04-27,Cashfree
M001,PAY000582,ORD005752,2024-08-17,COD,paid,2995.67,0.0,2024-08-21,Cashfree
M001,PAY000583,ORD002187,2024-03-22,Wallet,paid,3237.02,0.0,2024-03-25,Stripe
M001,PAY000584,ORD001922,2024-03-12,COD,paid,1413.46,0.0,2024-03-17,PhonePe
M001,PAY000585,ORD007252,2024-10-12,COD,refunded,10030.96,6683.05,2024-10-17,Razorpay
M001,PAY000586,ORD009690,2024-12-21,COD,paid,7496.66,0.0,2024-12-25,PayU
M001,PAY000587,ORD003057,2024-04-23,COD,paid,3454.63,0.0,2024-04-28,PayU
M001,PAY000588,ORD000478,2024-01-16,UPI,paid,4540.58,0.0,2024-01-19,PayU
M001,PAY000589,ORD008372,2024-11-14,UPI,paid,2707.63,0.0,2024-11-16,Stripe
M001,PAY000590,ORD006013,2024-08-29,Credit Card,paid,3126.9,0.0,2024-08-31,Cashfree
M001,PAY000591,ORD002352,2024-03-29,UPI,paid,5518.48,0.0,2024-04-01,PhonePe
M001,PAY000592,ORD006404,2024-09-13,Wallet,paid,6328.72,0.0,2024-09-17,Juspay
M001,PAY000593,ORD007943,2024-11-01,Credit Card,paid,3519.82,0.0,2024-11-03,PayU
M001,PAY000594,ORD008145,2024-11-07,NetBanking,refunded,1039.91,586.26,2024-11-08,Stripe
M001,PAY000595,ORD006895,2024-10-03,COD,paid,7214.48,0.0,2024-10-08,Razorpay
M001,PAY000596,ORD005258,2024-07-28,UPI,paid,1481.01,0.0,2024-07-31,Juspay
M001,PAY000597,ORD001366,2024-02-16,COD,paid,4255.73,0.0,2024-02-20,Stripe
M001,PAY000598,ORD009623,2024-12-18,NetBanking,paid,2408.49,0.0,2024-12-20,Razorpay
M001,PAY000599,ORD005356,2024-07-31,COD,failed,0.0,0.0,2024-07-31,PayU
M001,PAY000600,ORD000067,2024-01-02,UPI,paid,6437.23,0.0,2024-01-03,Razorpay
M001,PAY000601,ORD006848,2024-10-02,Wallet,paid,1927.73,0.0,2024-10-05,PayU
M001,PAY000602,ORD009050,2024-12-02,Credit Card,paid,1165.05,0.0,2024-12-04,PhonePe
M001,PAY000603,ORD000867,2024-01-27,COD,paid,6617.87,0.0,2024-01-30,Cashfree
M001,PAY000604,ORD007557,2024-10-21,COD,paid,5052.43,0.0,2024-10-25,Stripe
M001,PAY000605,ORD002985,2024-04-21,UPI,paid,7617.66,0.0,2024-04-23,Razorpay
M001,PAY000606,ORD003586,2024-05-12,Wallet,paid,478.15,0.0,2024-05-17,Juspay
M001,PAY000607,ORD008162,2024-11-07,Debit Card,refunded,1598.62,729.98,2024-11-09,PhonePe
M001,PAY000608,ORD000151,2024-01-05,Debit Card,failed,0.0,0.0,2024-01-05,PayU
M001,PAY000609,ORD005002,2024-07-15,Wallet,paid,1853.39,0.0,2024-07-18,Juspay
M001,PAY000610,ORD002798,2024-04-14,Credit Card,paid,6041.23,0.0,2024-04-17,Stripe
M001,PAY000611,ORD005240,2024-07-27,COD,paid,8830.52,0.0,2024-07-31,Stripe
M001,PAY000612,ORD002324,2024-03-28,UPI,paid,982.89,0.0,2024-03-29,Juspay
M001,PAY000613,ORD001558,2024-02-25,Debit Card,paid,6011.55,0.0,2024-02-29,PhonePe
M001,PAY000614,ORD001234,2024-02-10,Credit Card,paid,6778.52,0.0,2024-02-14,Stripe
M001,PAY000615,ORD003764,2024-05-19,COD,paid,3719.7,0.0,2024-05-22,Juspay
M001,PAY000616,ORD006569,2024-09-21,COD,paid,1566.76,0.0,2024-09-24,Razorpay
M001,PAY000617,ORD002504,2024-04-05,Debit Card,paid,2721.62,0.0,2024-04-09,Juspay
M001,PAY000618,ORD007171,2024-10-09,Debit Card,paid,1765.76,0.0,2024-10-11,Razorpay
M001,PAY000619,ORD003120,2024-04-27,UPI,paid,4267.33,0.0,2024-04-29,PhonePe
M001,PAY000620,ORD008770,2024-11-23,COD,refunded,3959.83,828.62,2024-11-24,Stripe
M001,PAY000621,ORD006606,2024-09-23,Credit Card,refunded,7061.77,2141.7,2024-09-25,Stripe
M001,PAY000622,ORD006501,2024-09-18,UPI,paid,5659.7,0.0,2024-09-21,Juspay
M001,PAY000623,ORD002938,2024-04-19,Credit Card,paid,2834.44,0.0,2024-04-23,PhonePe
M001,PAY000624,ORD002438,2024-04-02,Debit Card,pending,1682.93,0.0,2024-04-03,Juspay
M001,PAY000625,ORD009001,2024-11-30,COD,paid,5762.44,0.0,2024-12-04,PhonePe
M001,PAY000626,ORD005655,2024-08-13,COD,paid,1076.96,0.0,2024-08-14,Juspay
M001,PAY000627,ORD001244,2024-02-11,UPI,paid,1490.89,0.0,2024-02-13,PhonePe
M001,PAY000628,ORD002199,2024-03-22,COD,paid,2397.8,0.0,2024-03-24,Cashfree
M001,PAY000629,ORD008324,2024-11-12,COD,paid,2892.53,0.0,2024-11-13,Juspay
M001,PAY000630,ORD004351,2024-06-14,COD,paid,4520.66,0.0,2024-06-17,Cashfree
M001,PAY000631,ORD005720,2024-08-15,Credit Card,failed,0.0,0.0,2024-08-15,Cashfree
M001,PAY000632,ORD009783,2024-12-23,COD,paid,4808.55,0.0,2024-12-27,PhonePe
M001,PAY000633,ORD001326,2024-02-14,COD,paid,5967.46,0.0,2024-02-18,Cashfree
M001,PAY000634,ORD003222,2024-04-29,Credit Card,paid,5106.18,0.0,2024-05-03,Razorpay
M001,PAY000635,ORD002301,2024-03-28,UPI,paid,8731.07,0.0,2024-03-29,Juspay
M001,PAY000636,ORD004921,2024-07-12,UPI,paid,3489.89,0.0,2024-07-13,Cashfree
M001,PAY000637,ORD004212,2024-06-07,COD,paid,1299.38,0.0,2024-06-11,Juspay
M001,PAY000638,ORD004681,2024-06-29,COD,paid,6184.15,0.0,2024-07-01,Cashfree
M001,PAY000639,ORD001726,2024-03-03,COD,paid,9096.59,0.0,2024-03-04,Razorpay
M001,PAY000640,ORD004673,2024-06-28,COD,paid,6218.18,0.0,2024-07-02,PhonePe
M001,PAY000641,ORD005401,2024-08-03,Credit Card,paid,3625.27,0.0,2024-08-05,Juspay
M001,PAY000642,ORD008549,2024-11-18,UPI,paid,4021.96,0.0,2024-11-19,Razorpay
M001,PAY000643,ORD002727,2024-04-13,COD,paid,5116.44,0.0,2024-04-16,Razorpay
M001,PAY000644,ORD005016,2024-07-16,Credit Card,paid,7567.86,0.0,2024-07-17,Cashfree
M001,PAY000645,ORD002857,2024-04-16,UPI,paid,11680.21,0.0,2024-04-19,Cashfree
M001,PAY000646,ORD006005,2024-08-27,UPI,paid,6794.73,0.0,2024-08-31,Razorpay
M001,PAY000647,ORD004125,2024-06-03,Credit Card,paid,10436.26,0.0,2024-06-07,PhonePe
M001,PAY000648,ORD004552,2024-06-23,Credit Card,paid,3053.2,0.0,2024-06-27,Juspay
M001,PAY000649,ORD008214,2024-11-09,NetBanking,paid,5820.87,0.0,2024-11-14,Razorpay
M001,PAY000650,ORD000854,2024-01-28,UPI,paid,3483.87,0.0,2024-01-29,Stripe
M001,PAY000651,ORD004773,2024-07-03,COD,paid,3116.57,0.0,2024-07-05,PayU
M001,PAY000652,ORD002131,2024-03-19,UPI,paid,3442.81,0.0,2024-03-20,PhonePe
M001,PAY000653,ORD003439,2024-05-09,Debit Card,paid,5424.82,0.0,2024-05-11,Razorpay
M001,PAY000654,ORD005512,2024-08-08,UPI,paid,6280.37,0.0,2024-08-13,PhonePe
M001,PAY000655,ORD003401,2024-05-07,Debit Card,paid,1449.27,0.0,2024-05-11,Razorpay
M001,PAY000656,ORD005142,2024-07-22,UPI,paid,1170.9,0.0,2024-07-25,Juspay
M001,PAY000657,ORD008338,2024-11-13,COD,paid,897.4,0.0,2024-11-16,Cashfree
M001,PAY000658,ORD005792,2024-08-18,UPI,failed,0.0,0.0,2024-08-18,Juspay
M001,PAY000659,ORD006407,2024-09-14,Debit Card,pending,2768.65,0.0,2024-09-15,PayU
M001,PAY000660,ORD001119,2024-02-06,Credit Card,paid,3122.46,0.0,2024-02-10,PayU
M001,PAY000661,ORD009219,2024-12-07,UPI,paid,6648.75,0.0,2024-12-11,Stripe
M001,PAY000662,ORD004545,2024-06-23,COD,paid,6224.78,0.0,2024-06-26,Juspay
M001,PAY000663,ORD004111,2024-06-01,Credit Card,paid,675.97,0.0,2024-06-05,Juspay
M001,PAY000664,ORD001650,2024-02-29,COD,paid,7432.11,0.0,2024-03-05,PayU
M001,PAY000665,ORD008872,2024-11-26,Credit Card,paid,3084.44,0.0,2024-12-01,PayU
M001,PAY000666,ORD002701,2024-04-11,Debit Card,paid,1999.05,0.0,2024-04-15,Razorpay
M001,PAY000667,ORD005526,2024-08-07,Debit Card,paid,4483.19,0.0,2024-08-12,Razorpay
M001,PAY000668,ORD002345,2024-03-29,COD,paid,2317.38,0.0,2024-04-01,Stripe
M001,PAY000669,ORD009335,2024-12-10,Debit Card,paid,4636.39,0.0,2024-12-11,Cashfree
M001,PAY000670,ORD005350,2024-08-01,Wallet,paid,5227.18,0.0,2024-08-04,PhonePe
M001,PAY000671,ORD001995,2024-03-14,Debit Card,paid,6590.23,0.0,2024-03-17,Stripe
M001,PAY000672,ORD004648,2024-06-27,UPI,paid,1060.82,0.0,2024-07-01,Juspay
M001,PAY000673,ORD001010,2024-01-31,COD,paid,6595.1,0.0,2024-02-04,Razorpay
M001,PAY000674,ORD009797,2024-12-24,UPI,paid,8346.26,0.0,2024-12-27,Razorpay
M001,PAY000675,ORD005783,2024-08-18,Debit Card,paid,2650.36,0.0,2024-08-22,PhonePe
M001,PAY000676,ORD005878,2024-08-22,COD,paid,7156.3,0.0,2024-08-23,PhonePe
M001,PAY000677,ORD003450,2024-05-09,UPI,paid,5987.88,0.0,2024-05-12,Juspay
M001,PAY000678,ORD000111,2024-01-05,Debit Card,refunded,3270.2,2327.04,2024-01-10,Razorpay
M001,PAY000679,ORD001181,2024-02-07,UPI,paid,2957.81,0.0,2024-02-09,Stripe
M001,PAY000680,ORD002709,2024-04-12,UPI,refunded,6759.0,4428.04,2024-04-15,PhonePe
M001,PAY000681,ORD000167,2024-01-05,UPI,paid,608.34,0.0,2024-01-08,Stripe
M001,PAY000682,ORD008362,2024-11-13,Credit Card,refunded,3312.99,1850.98,2024-11-15,PayU
M001,PAY000683,ORD004924,2024-07-11,UPI,paid,744.4,0.0,2024-07-13,PhonePe
M001,PAY000684,ORD003933,2024-05-27,Debit Card,paid,10625.98,0.0,2024-05-31,PhonePe
M001,PAY000685,ORD003206,2024-04-29,UPI,paid,9144.28,0.0,2024-05-01,Razorpay
M001,PAY000686,ORD008650,2024-11-21,UPI,paid,3135.59,0.0,2024-11-24,Juspay
M001,PAY000687,ORD009673,2024-12-20,Wallet,paid,5780.42,0.0,2024-12-23,Cashfree
M001,PAY000688,ORD006178,2024-09-04,Wallet,paid,4942.27,0.0,2024-09-08,Stripe
M001,PAY000689,ORD001614,2024-02-29,Credit Card,paid,2573.33,0.0,2024-03-02,PhonePe
M001,PAY000690,ORD006937,2024-10-03,COD,paid,5783.86,0.0,2024-10-06,Stripe
M001,PAY000691,ORD008177,2024-11-09,Credit Card,paid,5305.33,0.0,2024-11-14,PayU
M001,PAY000692,ORD009437,2024-12-14,Credit Card,refunded,8547.92,4032.87,2024-12-16,Juspay
M001,PAY000693,ORD003735,2024-05-19,Credit Card,pending,7799.76,0.0,2024-05-21,PhonePe
M001,PAY000694,ORD005694,2024-08-15,Credit Card,paid,8263.15,0.0,2024-08-16,PhonePe
M001,PAY000695,ORD004296,2024-06-11,NetBanking,pending,1342.56,0.0,2024-06-12,Stripe
M001,PAY000696,ORD000053,2024-01-03,UPI,paid,1356.09,0.0,2024-01-04,PayU
M001,PAY000697,ORD003224,2024-04-30,UPI,refunded,3460.88,500.02,2024-05-01,Cashfree
M001,PAY000698,ORD002180,2024-03-22,Credit Card,paid,6878.86,0.0,2024-03-24,Juspay
M001,PAY000699,ORD007920,2024-11-02,UPI,paid,6735.41,0.0,2024-11-03,Cashfree
M001,PAY000700,ORD004081,2024-05-31,COD,paid,1125.05,0.0,2024-06-04,Juspay
M001,PAY000701,ORD001878,2024-03-10,Debit Card,paid,9044.13,0.0,2024-03-14,PayU
M001,PAY000702,ORD003058,2024-04-25,UPI,refunded,5221.02,1273.16,2024-04-28,Razorpay
M001,PAY000703,ORD007734,2024-10-27,COD,failed,0.0,0.0,2024-10-27,Razorpay
M001,PAY000704,ORD009682,2024-12-21,Wallet,refunded,4635.35,523.68,2024-12-22,Cashfree
M001,PAY000705,ORD001373,2024-02-16,COD,paid,2670.58,0.0,2024-02-19,Stripe
M001,PAY000706,ORD005188,2024-07-25,UPI,paid,5781.96,0.0,2024-07-26,Razorpay
M001,PAY000707,ORD002761,2024-04-13,UPI,paid,5704.92,0.0,2024-04-14,PayU
M001,PAY000708,ORD008562,2024-11-19,UPI,pending,3324.72,0.0,2024-11-20,Juspay
M001,PAY000709,ORD008247,2024-11-10,Debit Card,paid,6782.74,0.0,2024-11-11,Juspay
M001,PAY000710,ORD005708,2024-08-15,UPI,paid,4027.74,0.0,2024-08-17,Stripe
M001,PAY000711,ORD001430,2024-02-18,Debit Card,paid,2387.27,0.0,2024-02-22,PayU
M001,PAY000712,ORD006419,2024-09-14,COD,paid,5600.12,0.0,2024-09-18,PayU
M001,PAY000713,ORD005544,2024-08-08,Credit Card,paid,3169.1,0.0,2024-08-12,Razorpay
M001,PAY000714,ORD003178,2024-04-28,COD,failed,0.0,0.0,2024-04-28,Cashfree
M001,PAY000715,ORD008624,2024-11-21,Debit Card,paid,9219.37,0.0,2024-11-22,Razorpay
M001,PAY000716,ORD008845,2024-11-25,COD,paid,2997.67,0.0,2024-11-28,PayU
M001,PAY000717,ORD000158,2024-01-05,COD,paid,5814.29,0.0,2024-01-06,Stripe
M001,PAY000718,ORD004772,2024-07-04,UPI,pending,7859.22,0.0,2024-07-05,Cashfree
M001,PAY000719,ORD006239,2024-09-05,COD,paid,4111.41,0.0,2024-09-10,PhonePe
M001,PAY000720,ORD009982,2024-12-30,Credit Card,failed,0.0,0.0,2024-12-30,Stripe
M001,PAY000721,ORD002929,2024-04-19,COD,paid,7886.76,0.0,2024-04-21,PayU
M001,PAY000722,ORD004038,2024-05-30,COD,paid,6874.09,0.0,2024-05-31,PhonePe
M001,PAY000723,ORD002081,2024-03-18,Wallet,paid,6607.04,0.0,2024-03-21,Juspay
M001,PAY000724,ORD003353,2024-05-05,COD,paid,7220.63,0.0,2024-05-06,Juspay
M001,PAY000725,ORD003838,2024-05-23,COD,paid,5635.33,0.0,2024-05-26,PayU
M001,PAY000726,ORD003530,2024-05-11,Wallet,paid,523.98,0.0,2024-05-15,PhonePe
M001,PAY000727,ORD002844,2024-04-17,COD,paid,2282.17,0.0,2024-04-21,PayU
M001,PAY000728,ORD008382,2024-11-13,COD,paid,3586.36,0.0,2024-11-17,Stripe
M001,PAY000729,ORD005801,2024-08-19,Credit Card,paid,7656.4,0.0,2024-08-24,Stripe
M001,PAY000730,ORD007136,2024-10-08,COD,paid,5539.52,0.0,2024-10-13,PhonePe
M001,PAY000731,ORD005561,2024-08-09,Credit Card,paid,7712.71,0.0,2024-08-13,Razorpay
M001,PAY000732,ORD003139,2024-04-27,COD,paid,7781.18,0.0,2024-04-28,PayU
M001,PAY000733,ORD001799,2024-03-07,Credit Card,paid,8710.33,0.0,2024-03-09,Juspay
M001,PAY000734,ORD001959,2024-03-12,NetBanking,pending,6104.79,0.0,2024-03-13,Cashfree
M001,PAY000735,ORD006936,2024-10-03,UPI,pending,8244.86,0.0,2024-10-04,PayU
M001,PAY000736,ORD001192,2024-02-08,COD,paid,3986.83,0.0,2024-02-12,Razorpay
M001,PAY000737,ORD000142,2024-01-06,COD,paid,560.83,0.0,2024-01-07,PhonePe
M001,PAY000738,ORD006660,2024-09-25,UPI,paid,4961.03,0.0,2024-09-29,Razorpay
M001,PAY000739,ORD006076,2024-08-30,UPI,paid,7510.6,0.0,2024-09-03,PayU
M001,PAY000740,ORD002553,2024-04-05,COD,paid,4999.88,0.0,2024-04-08,Stripe
M001,PAY000741,ORD003047,2024-04-24,COD,paid,6041.88,0.0,2024-04-28,Razorpay
M001,PAY000742,ORD001303,2024-02-13,Debit Card,paid,6051.08,0.0,2024-02-18,PhonePe
M001,PAY000743,ORD000600,2024-01-19,Debit Card,paid,6237.77,0.0,2024-01-22,Cashfree
M001,PAY000744,ORD003276,2024-05-02,UPI,paid,6834.51,0.0,2024-05-03,Razorpay
M001,PAY000745,ORD004444,2024-06-18,NetBanking,paid,7351.34,0.0,2024-06-23,PayU
M001,PAY000746,ORD001886,2024-03-09,Wallet,paid,8553.06,0.0,2024-03-10,Cashfree
M001,PAY000747,ORD008336,2024-11-12,COD,paid,3525.93,0.0,2024-11-14,Cashfree
M001,PAY000748,ORD002751,2024-04-13,NetBanking,paid,7348.51,0.0,2024-04-15,Juspay
M001,PAY000749,ORD003059,2024-04-25,Wallet,paid,2450.11,0.0,2024-04-29,Razorpay
M001,PAY000750,ORD008947,2024-11-29,UPI,paid,756.78,0.0,2024-12-04,Juspay
M001,PAY000751,ORD007004,2024-10-04,UPI,refunded,3841.96,1285.01,2024-10-08,PhonePe
M001,PAY000752,ORD007476,2024-10-19,Debit Card,paid,2841.28,0.0,2024-10-21,Stripe
M001,PAY000753,ORD001902,2024-03-11,COD,paid,3379.25,0.0,2024-03-15,PhonePe
M001,PAY000754,ORD000685,2024-01-23,COD,failed,0.0,0.0,2024-01-23,PayU
M001,PAY000755,ORD007115,2024-10-08,COD,paid,5074.6,0.0,2024-10-13,Juspay
M001,PAY000756,ORD004028,2024-05-29,COD,refunded,2647.16,768.37,2024-06-02,PayU
M001,PAY000757,ORD004128,2024-06-03,UPI,paid,841.28,0.0,2024-06-06,PayU
M001,PAY000758,ORD008168,2024-11-08,COD,paid,7077.88,0.0,2024-11-11,PhonePe
M001,PAY000759,ORD009295,2024-12-09,COD,paid,6145.25,0.0,2024-12-12,Stripe
M001,PAY000760,ORD008532,2024-11-17,UPI,paid,555.43,0.0,2024-11-20,Razorpay
M001,PAY000761,ORD005982,2024-08-27,UPI,paid,6002.5,0.0,2024-08-30,Stripe
M001,PAY000762,ORD008608,2024-11-20,UPI,paid,622.1,0.0,2024-11-23,PayU
M001,PAY000763,ORD004537,2024-06-21,Debit Card,paid,8221.71,0.0,2024-06-23,PhonePe
M001,PAY000764,ORD003446,2024-05-08,Debit Card,pending,5149.08,0.0,2024-05-10,Cashfree
M001,PAY000765,ORD003323,2024-05-04,UPI,paid,3685.15,0.0,2024-05-08,Razorpay
M001,PAY000766,ORD003212,2024-04-30,UPI,paid,4931.11,0.0,2024-05-03,Cashfree
M001,PAY000767,ORD000876,2024-01-29,COD,paid,2364.67,0.0,2024-02-02,Juspay
M001,PAY000768,ORD004497,2024-06-21,Debit Card,paid,2107.37,0.0,2024-06-25,Juspay
M001,PAY000769,ORD000506,2024-01-16,COD,paid,5934.98,0.0,2024-01-21,Razorpay
M001,PAY000770,ORD005968,2024-08-26,Wallet,refunded,5716.23,2874.94,2024-08-31,Juspay
M001,PAY000771,ORD004612,2024-06-25,Credit Card,paid,8301.8,0.0,2024-06-29,Razorpay
M001,PAY000772,ORD007571,2024-10-21,UPI,paid,8392.25,0.0,2024-10-23,Cashfree
M001,PAY000773,ORD003402,2024-05-06,NetBanking,paid,8616.81,0.0,2024-05-10,Razorpay
M001,PAY000774,ORD007232,2024-10-11,NetBanking,paid,1112.13,0.0,2024-10-13,Cashfree
M001,PAY000775,ORD002813,2024-04-15,COD,paid,2309.82,0.0,2024-04-20,Stripe
M001,PAY000776,ORD000668,2024-01-22,Credit Card,paid,7933.82,0.0,2024-01-25,Razorpay
M001,PAY000777,ORD006073,2024-08-31,COD,paid,2147.15,0.0,2024-09-01,Razorpay
M001,PAY000778,ORD001919,2024-03-11,Wallet,paid,569.0,0.0,2024-03-12,Stripe
M001,PAY000779,ORD007361,2024-10-15,UPI,paid,6280.43,0.0,2024-10-20,Cashfree
M001,PAY000780,ORD002078,2024-03-17,COD,refunded,8532.87,6451.43,2024-03-20,Juspay
M001,PAY000781,ORD001535,2024-02-25,COD,paid,6225.54,0.0,2024-03-01,Stripe
M001,PAY000782,ORD003683,2024-05-17,COD,paid,2263.38,0.0,2024-05-20,Stripe
M001,PAY000783,ORD008973,2024-11-29,COD,pending,3934.67,0.0,2024-11-30,Juspay
M001,PAY000784,ORD001043,2024-02-02,COD,paid,4691.24,0.0,2024-02-03,Cashfree
M001,PAY000785,ORD007826,2024-10-29,COD,paid,9799.04,0.0,2024-10-30,PayU
M001,PAY000786,ORD008924,2024-11-28,UPI,paid,5354.02,0.0,2024-12-01,Razorpay
M001,PAY000787,ORD006592,2024-09-21,COD,paid,8998.93,0.0,2024-09-24,PayU
M001,PAY000788,ORD001865,2024-03-08,UPI,paid,7614.44,0.0,2024-03-11,Razorpay
M001,PAY000789,ORD009136,2024-12-03,COD,refunded,2430.98,1572.53,2024-12-06,Razorpay
M001,PAY000790,ORD008069,2024-11-06,UPI,paid,1939.98,0.0,2024-11-07,Cashfree
M001,PAY000791,ORD006537,2024-09-20,UPI,paid,6063.08,0.0,2024-09-24,Razorpay
M001,PAY000792,ORD008999,2024-11-29,COD,paid,5090.13,0.0,2024-12-01,Juspay
M001,PAY000793,ORD003495,2024-05-10,COD,paid,3402.65,0.0,2024-05-14,PhonePe
M001,PAY000794,ORD004568,2024-06-23,COD,paid,6551.85,0.0,2024-06-27,Cashfree
M001,PAY000795,ORD001084,2024-02-03,Credit Card,paid,2138.1,0.0,2024-02-05,Razorpay
M001,PAY000796,ORD009312,2024-12-10,UPI,paid,6460.29,0.0,2024-12-15,Razorpay
M001,PAY000797,ORD003785,2024-05-21,UPI,paid,5604.12,0.0,2024-05-26,Stripe
M001,PAY000798,ORD001506,2024-02-22,UPI,paid,2390.79,0.0,2024-02-27,Juspay
M001,PAY000799,ORD004677,2024-06-28,UPI,paid,5946.55,0.0,2024-07-02,Juspay
M001,PAY000800,ORD005738,2024-08-16,Debit Card,paid,3249.15,0.0,2024-08-20,Razorpay
M001,PAY000801,ORD008292,2024-11-12,UPI,paid,2015.49,0.0,2024-11-17,PayU
M001,PAY000802,ORD002869,2024-04-17,UPI,paid,2452.89,0.0,2024-04-21,Juspay
M001,PAY000803,ORD005516,2024-08-08,Wallet,failed,0.0,0.0,2024-08-08,PhonePe
M001,PAY000804,ORD002017,2024-03-15,NetBanking,paid,6709.15,0.0,2024-03-19,Juspay
M001,PAY000805,ORD004637,2024-06-27,UPI,paid,6111.44,0.0,2024-07-02,Juspay
M001,PAY000806,ORD003144,2024-04-27,COD,pending,871.31,0.0,2024-04-28,PayU
M001,PAY000807,ORD001230,2024-02-10,COD,pending,9276.0,0.0,2024-02-11,PhonePe
M001,PAY000808,ORD002529,2024-04-06,UPI,paid,10015.26,0.0,2024-04-08,Juspay
M001,PAY000809,ORD004756,2024-07-03,UPI,paid,1164.41,0.0,2024-07-04,Cashfree
M001,PAY000810,ORD004178,2024-06-05,Credit Card,paid,8900.98,0.0,2024-06-09,PayU
M001,PAY000811,ORD000488,2024-01-16,Credit Card,paid,2013.65,0.0,2024-01-18,Cashfree
M001,PAY000812,ORD001811,2024-03-07,Debit Card,paid,7667.65,0.0,2024-03-10,Cashfree
M001,PAY000813,ORD007349,2024-10-15,Debit Card,paid,7871.1,0.0,2024-10-19,Juspay
M001,PAY000814,ORD004878,2024-07-09,COD,paid,5891.81,0.0,2024-07-14,Cashfree
M001,PAY000815,ORD000859,2024-01-28,UPI,paid,8096.79,0.0,2024-01-30,Razorpay
M001,PAY000816,ORD009467,2024-12-14,COD,paid,6850.57,0.0,2024-12-16,PayU
M001,PAY000817,ORD007638,2024-10-24,COD,failed,0.0,0.0,2024-10-24,Cashfree
M001,PAY000818,ORD005588,2024-08-10,Wallet,paid,2671.91,0.0,2024-08-14,Razorpay
M001,PAY000819,ORD007188,2024-10-10,Wallet,paid,7538.34,0.0,2024-10-13,Stripe
M001,PAY000820,ORD009722,2024-12-23,COD,paid,7195.49,0.0,2024-12-25,PayU
M001,PAY000821,ORD002020,2024-03-16,Credit Card,paid,7709.36,0.0,2024-03-20,Juspay
M001,PAY000822,ORD008327,2024-11-13,UPI,paid,7430.62,0.0,2024-11-14,PayU
M001,PAY000823,ORD003425,2024-05-08,Debit Card,paid,6506.22,0.0,2024-05-12,PayU
M001,PAY000824,ORD003190,2024-04-30,UPI,paid,9219.07,0.0,2024-05-03,Razorpay
M001,PAY000825,ORD005841,2024-08-21,COD,refunded,2715.01,1478.24,2024-08-24,PhonePe
M001,PAY000826,ORD007887,2024-11-01,Debit Card,failed,0.0,0.0,2024-11-01,Razorpay
M001,PAY000827,ORD008715,2024-11-22,Credit Card,paid,5837.62,0.0,2024-11-27,PhonePe
M001,PAY000828,ORD007245,2024-10-11,UPI,paid,7684.12,0.0,2024-10-13,PhonePe
M001,PAY000829,ORD008066,2024-11-06,Credit Card,failed,0.0,0.0,2024-11-06,Stripe
M001,PAY000830,ORD003637,2024-05-14,COD,paid,10154.76,0.0,2024-05-15,Stripe
M001,PAY000831,ORD000189,2024-01-06,COD,paid,5442.1,0.0,2024-01-09,Stripe
M001,PAY000832,ORD005092,2024-07-19,COD,paid,3432.7,0.0,2024-07-22,Cashfree
M001,PAY000833,ORD007392,2024-10-16,Wallet,refunded,5422.37,3924.96,2024-10-19,Stripe
M001,PAY000834,ORD000962,2024-01-30,COD,paid,5977.71,0.0,2024-02-01,Razorpay
M001,PAY000835,ORD003109,2024-04-26,Credit Card,pending,4858.7,0.0,2024-04-28,Juspay
M001,PAY000836,ORD009220,2024-12-06,Debit Card,paid,1825.4,0.0,2024-12-09,PayU
M001,PAY000837,ORD005241,2024-07-26,COD,paid,5519.1,0.0,2024-07-31,PayU
M001,PAY000838,ORD005619,2024-08-11,Credit Card,paid,6607.14,0.0,2024-08-12,Stripe
M001,PAY000839,ORD009495,2024-12-15,UPI,paid,5345.79,0.0,2024-12-17,PhonePe
M001,PAY000840,ORD003853,2024-05-24,Wallet,pending,7042.64,0.0,2024-05-26,Razorpay
M001,PAY000841,ORD004320,2024-06-12,COD,paid,4096.19,0.0,2024-06-16,Razorpay
M001,PAY000842,ORD005991,2024-08-26,COD,refunded,5749.86,4368.99,2024-08-29,Cashfree
M001,PAY000843,ORD004231,2024-06-08,Debit Card,paid,4016.07,0.0,2024-06-09,PayU
M001,PAY000844,ORD000259,2024-01-08,UPI,paid,11495.34,0.0,2024-01-10,PhonePe
M001,PAY000845,ORD008440,2024-11-14,UPI,pending,6195.91,0.0,2024-11-16,Stripe
M001,PAY000846,ORD003114,2024-04-27,Wallet,paid,8633.25,0.0,2024-04-29,Razorpay
M001,PAY000847,ORD000009,2024-01-02,UPI,paid,5197.52,0.0,2024-01-05,PayU
M001,PAY000848,ORD005791,2024-08-18,NetBanking,paid,921.48,0.0,2024-08-22,Stripe
M001,PAY000849,ORD006938,2024-10-04,UPI,paid,3404.99,0.0,2024-10-08,PayU
M001,PAY000850,ORD002314,2024-03-27,Debit Card,paid,3919.77,0.0,2024-03-30,Stripe
M001,PAY000851,ORD008425,2024-11-15,Wallet,paid,3995.0,0.0,2024-11-19,Stripe
M001,PAY000852,ORD005328,2024-07-30,UPI,paid,1053.79,0.0,2024-08-03,PayU
M001,PAY000853,ORD004754,2024-07-03,COD,paid,7176.31,0.0,2024-07-05,Juspay
M001,PAY000854,ORD001274,2024-02-11,COD,paid,4300.57,0.0,2024-02-13,Razorpay
M001,PAY000855,ORD009508,2024-12-15,UPI,paid,7230.5,0.0,2024-12-16,PayU
M001,PAY000856,ORD004820,2024-07-06,COD,paid,1791.01,0.0,2024-07-09,Cashfree
M001,PAY000857,ORD004018,2024-05-30,Credit Card,paid,6460.38,0.0,2024-06-01,Cashfree
M001,PAY000858,ORD000654,2024-01-21,UPI,paid,6389.64,0.0,2024-01-24,Razorpay
M001,PAY000859,ORD001729,2024-03-03,Wallet,paid,7746.31,0.0,2024-03-05,Juspay
M001,PAY000860,ORD004433,2024-06-18,UPI,paid,2852.86,0.0,2024-06-20,Razorpay
M001,PAY000861,ORD004908,2024-07-10,COD,paid,6324.62,0.0,2024-07-12,Stripe
M001,PAY000862,ORD007834,2024-10-30,COD,paid,1959.15,0.0,2024-11-04,Juspay
M001,PAY000863,ORD007391,2024-10-15,UPI,paid,7941.15,0.0,2024-10-17,PhonePe
M001,PAY000864,ORD002032,2024-03-15,COD,paid,4635.52,0.0,2024-03-17,Juspay
M001,PAY000865,ORD009326,2024-12-09,UPI,failed,0.0,0.0,2024-12-09,PayU
M001,PAY000866,ORD008849,2024-11-27,Debit Card,paid,1140.48,0.0,2024-11-28,Razorpay
M001,PAY000867,ORD005830,2024-08-21,Debit Card,refunded,6246.4,3786.22,2024-08-24,Stripe
M001,PAY000868,ORD005937,2024-08-24,COD,refunded,10178.91,8841.93,2024-08-26,Stripe
M001,PAY000869,ORD002025,2024-03-15,Debit Card,paid,848.78,0.0,2024-03-20,PhonePe
M001,PAY000870,ORD007321,2024-10-14,Wallet,paid,4605.09,0.0,2024-10-16,Cashfree
M001,PAY000871,ORD002289,2024-03-26,COD,paid,2144.54,0.0,2024-03-31,Razorpay
M001,PAY000872,ORD007830,2024-10-29,Wallet,paid,1529.37,0.0,2024-11-02,Stripe
M001,PAY000873,ORD007937,2024-11-02,COD,paid,6578.5,0.0,2024-11-03,PayU
M001,PAY000874,ORD004836,2024-07-07,COD,refunded,8622.22,3946.33,2024-07-09,Cashfree
M001,PAY000875,ORD009952,2024-12-30,COD,paid,3719.87,0.0,2025-01-01,Juspay
M001,PAY000876,ORD007796,2024-10-29,COD,paid,3072.6,0.0,2024-11-01,Juspay
M001,PAY000877,ORD004224,2024-06-06,COD,paid,6491.02,0.0,2024-06-08,Juspay
M001,PAY000878,ORD006423,2024-09-14,UPI,paid,5376.82,0.0,2024-09-18,Stripe
M001,PAY000879,ORD004321,2024-06-12,COD,failed,0.0,0.0,2024-06-12,PhonePe
M001,PAY000880,ORD000183,2024-01-07,Wallet,paid,2765.61,0.0,2024-01-12,Razorpay
M001,PAY000881,ORD001171,2024-02-08,Credit Card,failed,0.0,0.0,2024-02-08,PhonePe
M001,PAY000882,ORD008945,2024-11-29,COD,paid,4411.88,0.0,2024-12-04,Razorpay
M001,PAY000883,ORD003256,2024-05-02,COD,paid,3519.56,0.0,2024-05-06,Stripe
M001,PAY000884,ORD009858,2024-12-26,COD,refunded,7143.09,6918.24,2024-12-30,Razorpay
M001,PAY000885,ORD006625,2024-09-22,COD,paid,3109.78,0.0,2024-09-25,PayU
M001,PAY000886,ORD005204,2024-07-25,UPI,paid,6259.47,0.0,2024-07-30,Stripe
M001,PAY000887,ORD009432,2024-12-14,COD,pending,1175.36,0.0,2024-12-16,PhonePe
M001,PAY000888,ORD009447,2024-12-13,COD,paid,4619.47,0.0,2024-12-18,PhonePe
M001,PAY000889,ORD002342,2024-03-29,COD,paid,799.02,0.0,2024-04-02,Razorpay
M001,PAY000890,ORD009945,2024-12-30,UPI,paid,2010.78,0.0,2025-01-03,Cashfree
M001,PAY000891,ORD002072,2024-03-18,NetBanking,paid,1803.4,0.0,2024-03-23,PhonePe
M001,PAY000892,ORD000826,2024-01-27,Wallet,refunded,7774.35,1483.0,2024-02-01,Stripe
M001,PAY000893,ORD007546,2024-10-20,COD,paid,8596.89,0.0,2024-10-24,Juspay
M001,PAY000894,ORD009259,2024-12-07,COD,paid,1302.11,0.0,2024-12-12,Razorpay
M001,PAY000895,ORD006069,2024-08-31,UPI,paid,1926.05,0.0,2024-09-04,Stripe
M001,PAY000896,ORD002852,2024-04-16,UPI,paid,4835.11,0.0,2024-04-19,PhonePe
M001,PAY000897,ORD006394,2024-09-13,Credit Card,paid,2877.1,0.0,2024-09-17,Stripe
M001,PAY000898,ORD005280,2024-07-28,COD,paid,9101.09,0.0,2024-07-30,Cashfree
M001,PAY000899,ORD006241,2024-09-05,Debit Card,pending,9426.29,0.0,2024-09-06,PhonePe
M001,PAY000900,ORD003163,2024-04-28,COD,failed,0.0,0.0,2024-04-28,Juspay
M001,PAY000901,ORD007294,2024-10-14,UPI,paid,3109.95,0.0,2024-10-16,Stripe
M001,PAY000902,ORD002947,2024-04-19,Debit Card,paid,4489.42,0.0,2024-04-22,PhonePe
M001,PAY000903,ORD002900,2024-04-19,UPI,paid,2038.7,0.0,2024-04-24,Razorpay
M001,PAY000904,ORD009198,2024-12-06,UPI,pending,1414.47,0.0,2024-12-07,Razorpay
M001,PAY000905,ORD002037,2024-03-16,Debit Card,failed,0.0,0.0,2024-03-16,Juspay
M001,PAY000906,ORD000597,2024-01-20,Debit Card,paid,4750.7,0.0,2024-01-22,Stripe
M001,PAY000907,ORD005800,2024-08-20,Debit Card,failed,0.0,0.0,2024-08-20,PhonePe
M001,PAY000908,ORD003213,2024-04-29,COD,paid,6750.22,0.0,2024-05-01,PayU
M001,PAY000909,ORD000353,2024-01-12,UPI,paid,995.77,0.0,2024-01-16,Stripe
M001,PAY000910,ORD007776,2024-10-27,COD,paid,2398.48,0.0,2024-11-01,Cashfree
M001,PAY000911,ORD000435,2024-01-15,Wallet,paid,1032.56,0.0,2024-01-18,Razorpay
M001,PAY000912,ORD001783,2024-03-06,Debit Card,paid,8621.36,0.0,2024-03-09,Stripe
M001,PAY000913,ORD009938,2024-12-30,COD,paid,3027.61,0.0,2025-01-02,PayU
M001,PAY000914,ORD004988,2024-07-14,COD,paid,5436.05,0.0,2024-07-16,PayU
M001,PAY000915,ORD008853,2024-11-27,COD,paid,453.43,0.0,2024-11-29,Stripe
M001,PAY000916,ORD006709,2024-09-26,Credit Card,paid,8580.52,0.0,2024-09-28,Stripe
M001,PAY000917,ORD007951,2024-11-03,COD,paid,1506.56,0.0,2024-11-07,Razorpay
M001,PAY000918,ORD000073,2024-01-02,COD,paid,2721.39,0.0,2024-01-07,Stripe
M001,PAY000919,ORD004097,2024-06-01,Credit Card,paid,5339.95,0.0,2024-06-04,Razorpay
M001,PAY000920,ORD002463,2024-04-02,Credit Card,paid,6857.66,0.0,2024-04-06,Cashfree
M001,PAY000921,ORD005168,2024-07-23,Credit Card,paid,4098.2,0.0,2024-07-28,PhonePe
M001,PAY000922,ORD004968,2024-07-13,COD,paid,6757.27,0.0,2024-07-15,Stripe
M001,PAY000923,ORD007545,2024-10-20,COD,paid,4866.9,0.0,2024-10-24,Stripe
M001,PAY000924,ORD005944,2024-08-25,Credit Card,paid,722.48,0.0,2024-08-27,Stripe
M001,PAY000925,ORD005996,2024-08-27,COD,paid,7283.04,0.0,2024-09-01,Juspay
M001,PAY000926,ORD002480,2024-04-03,Wallet,paid,3031.07,0.0,2024-04-06,Juspay
M001,PAY000927,ORD001963,2024-03-13,COD,paid,555.6,0.0,2024-03-18,Juspay
M001,PAY000928,ORD009640,2024-12-19,Credit Card,paid,2208.46,0.0,2024-12-24,PayU
M001,PAY000929,ORD005676,2024-08-15,Credit Card,paid,8871.15,0.0,2024-08-18,Stripe
M001,PAY000930,ORD007662,2024-10-24,COD,paid,556.88,0.0,2024-10-25,PhonePe
M001,PAY000931,ORD000895,2024-01-28,COD,paid,8374.23,0.0,2024-01-29,Razorpay
M001,PAY000932,ORD003424,2024-05-08,Credit Card,paid,5530.24,0.0,2024-05-10,Stripe
M001,PAY000933,ORD005854,2024-08-21,Wallet,failed,0.0,0.0,2024-08-21,PayU
M001,PAY000934,ORD008347,2024-11-12,Wallet,paid,2433.51,0.0,2024-11-14,PayU
M001,PAY000935,ORD001414,2024-02-18,COD,failed,0.0,0.0,2024-02-18,PhonePe
M001,PAY000936,ORD003062,2024-04-24,Credit Card,paid,7072.64,0.0,2024-04-25,Cashfree
M001,PAY000937,ORD006878,2024-10-01,NetBanking,paid,8553.35,0.0,2024-10-05,Razorpay
M001,PAY000938,ORD002598,2024-04-07,COD,paid,5950.28,0.0,2024-04-08,Razorpay
M001,PAY000939,ORD005216,2024-07-27,NetBanking,paid,7835.92,0.0,2024-07-31,PayU
M001,PAY000940,ORD009950,2024-12-30,COD,paid,5780.35,0.0,2025-01-04,Stripe
M001,PAY000941,ORD006427,2024-09-15,Credit Card,paid,3943.43,0.0,2024-09-19,Cashfree
M001,PAY000942,ORD002596,2024-04-07,COD,paid,6117.46,0.0,2024-04-08,Stripe
M001,PAY000943,ORD007846,2024-10-30,UPI,paid,6456.03,0.0,2024-11-03,PhonePe
M001,PAY000944,ORD006648,2024-09-23,Debit Card,refunded,8583.6,1716.9,2024-09-27,Razorpay
M001,PAY000945,ORD008399,2024-11-13,UPI,paid,1718.24,0.0,2024-11-14,Juspay
M001,PAY000946,ORD005462,2024-08-06,COD,paid,9453.9,0.0,2024-08-08,PayU
M001,PAY000947,ORD008916,2024-11-27,COD,paid,507.5,0.0,2024-11-28,Stripe
M001,PAY000948,ORD001674,2024-03-01,Credit Card,paid,4839.19,0.0,2024-03-02,Razorpay
M001,PAY000949,ORD005892,2024-08-22,Debit Card,paid,5980.44,0.0,2024-08-25,PhonePe
M001,PAY000950,ORD005088,2024-07-19,UPI,paid,989.97,0.0,2024-07-23,Juspay
M001,PAY000951,ORD009454,2024-12-14,UPI,paid,3930.41,0.0,2024-12-18,PayU
M001,PAY000952,ORD005731,2024-08-16,Wallet,paid,3065.21,0.0,2024-08-18,PayU
M001,PAY000953,ORD001787,2024-03-06,COD,paid,4819.0,0.0,2024-03-09,Stripe
M001,PAY000954,ORD007686,2024-10-24,COD,refunded,7319.95,3112.95,2024-10-28,Juspay
M001,PAY000955,ORD009477,2024-12-14,UPI,paid,5258.49,0.0,2024-12-17,PhonePe
M001,PAY000956,ORD000024,2024-01-02,COD,paid,7254.31,0.0,2024-01-05,Juspay
M001,PAY000957,ORD005887,2024-08-23,Debit Card,refunded,3266.3,1445.78,2024-08-28,PhonePe
M001,PAY000958,ORD004203,2024-06-06,COD,paid,731.18,0.0,2024-06-08,PayU
M001,PAY000959,ORD006870,2024-10-02,Debit Card,paid,4406.75,0.0,2024-10-03,Juspay
M001,PAY000960,ORD007750,2024-10-27,Credit Card,paid,2062.64,0.0,2024-10-31,Razorpay
M001,PAY000961,ORD008087,2024-11-06,COD,paid,1344.21,0.0,2024-11-11,Razorpay
M001,PAY000962,ORD007738,2024-10-27,Debit Card,paid,6104.87,0.0,2024-10-31,Razorpay
M001,PAY000963,ORD000387,2024-01-12,Debit Card,paid,8899.85,0.0,2024-01-14,Razorpay
M001,PAY000964,ORD005097,2024-07-20,COD,paid,6088.11,0.0,2024-07-24,Stripe
M001,PAY000965,ORD003923,2024-05-26,Credit Card,paid,1173.07,0.0,2024-05-31,Cashfree
M001,PAY000966,ORD002841,2024-04-15,UPI,paid,652.28,0.0,2024-04-17,PayU
M001,PAY000967,ORD004692,2024-06-29,UPI,refunded,4642.27,1317.45,2024-06-30,PhonePe
M001,PAY000968,ORD008299,2024-11-11,UPI,paid,5364.88,0.0,2024-11-14,Juspay
M001,PAY000969,ORD005059,2024-07-19,COD,paid,8899.49,0.0,2024-07-21,Cashfree
M001,PAY000970,ORD004555,2024-06-22,COD,paid,7424.07,0.0,2024-06-24,Stripe
M001,PAY000971,ORD004917,2024-07-11,Debit Card,paid,5430.94,0.0,2024-07-12,Razorpay
M001,PAY000972,ORD006791,2024-09-29,Debit Card,paid,2509.85,0.0,2024-10-03,Stripe
M001,PAY000973,ORD007058,2024-10-07,UPI,paid,6316.49,0.0,2024-10-12,Juspay
M001,PAY000974,ORD001007,2024-01-31,COD,paid,1352.86,0.0,2024-02-03,Razorpay
M001,PAY000975,ORD001226,2024-02-10,COD,paid,7746.58,0.0,2024-02-12,Razorpay
M001,PAY000976,ORD008499,2024-11-16,Debit Card,paid,4141.42,0.0,2024-11-19,Razorpay
M001,PAY000977,ORD006958,2024-10-03,COD,paid,3026.68,0.0,2024-10-07,Stripe
M001,PAY000978,ORD003472,2024-05-09,Credit Card,paid,7564.74,0.0,2024-05-12,PhonePe
M001,PAY000979,ORD000385,2024-01-13,COD,paid,8238.55,0.0,2024-01-18,Stripe
M001,PAY000980,ORD007501,2024-10-19,COD,paid,1593.73,0.0,2024-10-21,Stripe
M001,PAY000981,ORD008175,2024-11-08,Wallet,paid,5911.47,0.0,2024-11-10,Stripe
M001,PAY000982,ORD006632,2024-09-24,COD,paid,7388.54,0.0,2024-09-26,PayU
M001,PAY000983,ORD001529,2024-02-23,Credit Card,paid,6834.91,0.0,2024-02-27,Cashfree
M001,PAY000984,ORD005658,2024-08-13,Credit Card,paid,6998.26,0.0,2024-08-14,Stripe
M001,PAY000985,ORD000945,2024-01-29,UPI,pending,4393.89,0.0,2024-01-30,Stripe
M001,PAY000986,ORD000932,2024-01-30,Credit Card,paid,5986.73,0.0,2024-02-04,PhonePe
M001,PAY000987,ORD008293,2024-11-12,UPI,paid,1567.59,0.0,2024-11-15,Cashfree
M001,PAY000988,ORD006643,2024-09-24,UPI,paid,4856.32,0.0,2024-09-26,Razorpay
M001,PAY000989,ORD003116,2024-04-27,COD,refunded,963.3,239.28,2024-04-30,Stripe
M001,PAY000990,ORD006509,2024-09-18,Credit Card,refunded,10335.15,1069.51,2024-09-22,Cashfree
M001,PAY000991,ORD005394,2024-08-02,UPI,paid,6428.64,0.0,2024-08-03,Stripe
M001,PAY000992,ORD004000,2024-05-28,COD,paid,1734.99,0.0,2024-05-31,Juspay
M001,PAY000993,ORD009404,2024-12-13,Debit Card,paid,6127.67,0.0,2024-12-17,PhonePe
M001,PAY000994,ORD002592,2024-04-08,UPI,paid,1889.84,0.0,2024-04-13,PhonePe
M001,PAY000995,ORD009550,2024-12-17,COD,paid,6683.62,0.0,2024-12-21,PhonePe
M001,PAY000996,ORD007769,2024-10-28,COD,paid,5500.04,0.0,2024-10-30,PhonePe
M001,PAY000997,ORD009526,2024-12-16,Wallet,paid,2492.98,0.0,2024-12-21,PayU
M001,PAY000998,ORD000144,2024-01-05,UPI,paid,3446.91,0.0,2024-01-08,PayU
M001,PAY000999,ORD000608,2024-01-20,Debit Card,paid,8522.6,0.0,2024-01-24,Razorpay
M001,PAY001000,ORD004694,2024-06-30,Debit Card,paid,8614.22,0.0,2024-07-05,Razorpay
M001,PAY001001,ORD002482,2024-04-04,Debit Card,paid,7564.79,0.0,2024-04-09,PayU
M001,PAY001002,ORD008317,2024-11-11,UPI,paid,2366.89,0.0,2024-11-16,PhonePe
M001,PAY001003,ORD004364,2024-06-14,UPI,paid,2386.84,0.0,2024-06-16,Cashfree
M001,PAY001004,ORD003379,2024-05-05,Debit Card,pending,3278.16,0.0,2024-05-07,PhonePe
M001,PAY001005,ORD008711,2024-11-22,UPI,paid,1423.29,0.0,2024-11-23,Cashfree
M001,PAY001006,ORD003433,2024-05-07,Debit Card,paid,4446.37,0.0,2024-05-10,Cashfree
M001,PAY001007,ORD008789,2024-11-25,UPI,paid,7912.12,0.0,2024-11-28,Cashfree
M001,PAY001008,ORD009056,2024-12-01,UPI,paid,7945.76,0.0,2024-12-02,Razorpay
M001,PAY001009,ORD001015,2024-01-31,UPI,failed,0.0,0.0,2024-01-31,Stripe
M001,PAY001010,ORD007966,2024-11-02,Wallet,pending,9931.1,0.0,2024-11-04,Juspay
M001,PAY001011,ORD003751,2024-05-20,Debit Card,paid,3286.5,0.0,2024-05-22,Razorpay
M001,PAY001012,ORD005822,2024-08-19,UPI,paid,1707.36,0.0,2024-08-24,PayU
M001,PAY001013,ORD000647,2024-01-21,UPI,paid,5344.47,0.0,2024-01-25,PhonePe
M001,PAY001014,ORD009652,2024-12-20,UPI,paid,6396.67,0.0,2024-12-22,Juspay
M001,PAY001015,ORD002125,2024-03-19,Debit Card,paid,8566.21,0.0,2024-03-23,Stripe
M001,PAY001016,ORD002994,2024-04-21,Credit Card,paid,8816.11,0.0,2024-04-23,Juspay
M001,PAY001017,ORD003240,2024-05-01,Debit Card,paid,993.8,0.0,2024-05-06,Cashfree
M001,PAY001018,ORD009729,2024-12-22,COD,paid,5455.14,0.0,2024-12-27,PayU
M001,PAY001019,ORD007645,2024-10-24,COD,paid,3126.05,0.0,2024-10-25,PhonePe
M001,PAY001020,ORD001613,2024-02-29,COD,paid,7311.52,0.0,2024-03-04,Juspay
M001,PAY001021,ORD001132,2024-02-06,COD,paid,6026.68,0.0,2024-02-10,Cashfree
M001,PAY001022,ORD009108,2024-12-03,NetBanking,paid,1071.71,0.0,2024-12-08,Razorpay
M001,PAY001023,ORD003417,2024-05-06,Credit Card,paid,2786.14,0.0,2024-05-07,Razorpay
M001,PAY001024,ORD008124,2024-11-07,COD,paid,2546.37,0.0,2024-11-11,Juspay
M001,PAY001025,ORD007936,2024-11-02,COD,refunded,4671.58,1660.34,2024-11-05,Cashfree
M001,PAY001026,ORD001616,2024-02-29,UPI,paid,1847.93,0.0,2024-03-02,Razorpay
M001,PAY001027,ORD009998,2024-12-31,COD,paid,8493.41,0.0,2025-01-05,Cashfree
M001,PAY001028,ORD008968,2024-11-28,COD,paid,5428.4,0.0,2024-12-01,Cashfree
M001,PAY001029,ORD005571,2024-08-10,COD,paid,7726.37,0.0,2024-08-11,Cashfree
M001,PAY001030,ORD002454,2024-04-02,COD,refunded,2006.37,544.19,2024-04-03,Stripe
M001,PAY001031,ORD002840,2024-04-15,UPI,refunded,1401.63,502.27,2024-04-19,Stripe
M001,PAY001032,ORD006835,2024-09-30,COD,refunded,1420.42,1294.89,2024-10-02,PayU
M001,PAY001033,ORD007613,2024-10-23,UPI,paid,4195.23,0.0,2024-10-27,Stripe
M001,PAY001034,ORD003321,2024-05-04,COD,paid,8759.08,0.0,2024-05-06,PhonePe
M001,PAY001035,ORD005175,2024-07-24,UPI,paid,1756.27,0.0,2024-07-26,Razorpay
M001,PAY001036,ORD005513,2024-08-08,COD,paid,8484.72,0.0,2024-08-12,Cashfree
M001,PAY001037,ORD007894,2024-11-01,Credit Card,paid,2024.77,0.0,2024-11-04,PayU
M001,PAY001038,ORD002285,2024-03-26,UPI,failed,0.0,0.0,2024-03-26,Stripe
M001,PAY001039,ORD001882,2024-03-09,Credit Card,failed,0.0,0.0,2024-03-09,PhonePe
M001,PAY001040,ORD000496,2024-01-17,COD,refunded,1285.5,812.3,2024-01-18,Stripe
M001,PAY001041,ORD008994,2024-11-29,UPI,paid,7027.62,0.0,2024-12-01,Razorpay
M001,PAY001042,ORD001346,2024-02-14,COD,paid,7052.81,0.0,2024-02-15,Stripe
M001,PAY001043,ORD003415,2024-05-06,Wallet,paid,5310.48,0.0,2024-05-11,Cashfree
M001,PAY001044,ORD006650,2024-09-24,Wallet,refunded,5308.74,4869.4,2024-09-26,Juspay
M001,PAY001045,ORD004904,2024-07-11,Debit Card,paid,9599.83,0.0,2024-07-14,Stripe
M001,PAY001046,ORD002525,2024-04-05,COD,paid,3046.92,0.0,2024-04-09,PhonePe
M001,PAY001047,ORD003700,2024-05-17,COD,paid,4239.82,0.0,2024-05-21,Cashfree
M001,PAY001048,ORD004020,2024-05-29,COD,paid,6983.51,0.0,2024-06-02,Razorpay
M001,PAY001049,ORD003404,2024-05-07,UPI,paid,7663.62,0.0,2024-05-12,Stripe
M001,PAY001050,ORD006908,2024-10-03,NetBanking,paid,2307.63,0.0,2024-10-06,Cashfree
M001,PAY001051,ORD004996,2024-07-15,NetBanking,paid,2245.8,0.0,2024-07-16,PayU
M001,PAY001052,ORD001849,2024-03-09,Credit Card,refunded,3313.58,3332.81,2024-03-12,PayU
M001,PAY001053,ORD005351,2024-07-31,Wallet,paid,9185.43,0.0,2024-08-01,PayU
M001,PAY001054,ORD008690,2024-11-22,COD,paid,865.22,0.0,2024-11-27,PayU
M001,PAY001055,ORD003941,2024-05-27,COD,paid,777.59,0.0,2024-05-31,PhonePe
M001,PAY001056,ORD006430,2024-09-16,NetBanking,paid,1153.77,0.0,2024-09-18,Cashfree
M001,PAY001057,ORD001822,2024-03-07,COD,paid,1919.33,0.0,2024-03-11,Razorpay
M001,PAY001058,ORD009397,2024-12-12,COD,paid,3896.55,0.0,2024-12-17,Juspay
M001,PAY001059,ORD000204,2024-01-08,NetBanking,failed,0.0,0.0,2024-01-08,Juspay
M001,PAY001060,ORD006019,2024-08-28,UPI,paid,7542.41,0.0,2024-08-29,Juspay
M001,PAY001061,ORD004159,2024-06-04,UPI,paid,5266.78,0.0,2024-06-07,Cashfree
M001,PAY001062,ORD002450,2024-04-03,COD,failed,0.0,0.0,2024-04-03,Cashfree
M001,PAY001063,ORD006491,2024-09-18,COD,paid,811.16,0.0,2024-09-21,Stripe
M001,PAY001064,ORD001986,2024-03-14,UPI,paid,4567.05,0.0,2024-03-19,PayU
M001,PAY001065,ORD001642,2024-03-01,Debit Card,paid,4575.09,0.0,2024-03-04,Juspay
M001,PAY001066,ORD005601,2024-08-12,COD,paid,6185.54,0.0,2024-08-17,Cashfree
M001,PAY001067,ORD009625,2024-12-18,Credit Card,paid,8901.01,0.0,2024-12-22,PhonePe
M001,PAY001068,ORD007797,2024-10-28,Debit Card,paid,1803.31,0.0,2024-10-29,PhonePe
M001,PAY001069,ORD002531,2024-04-05,Debit Card,paid,942.43,0.0,2024-04-06,Stripe
M001,PAY001070,ORD004781,2024-07-03,COD,failed,0.0,0.0,2024-07-03,Stripe
M001,PAY001071,ORD002594,2024-04-07,Wallet,paid,8081.63,0.0,2024-04-11,PhonePe
M001,PAY001072,ORD002030,2024-03-16,Wallet,paid,7943.48,0.0,2024-03-20,PayU
M001,PAY001073,ORD004177,2024-06-05,NetBanking,paid,3362.02,0.0,2024-06-10,Juspay
M001,PAY001074,ORD002473,2024-04-04,NetBanking,paid,9019.15,0.0,2024-04-06,Juspay
M001,PAY001075,ORD000123,2024-01-04,Credit Card,paid,9761.69,0.0,2024-01-07,Stripe
M001,PAY001076,ORD009125,2024-12-03,Debit Card,paid,740.79,0.0,2024-12-07,Juspay
M001,PAY001077,ORD009697,2024-12-22,Wallet,paid,7233.22,0.0,2024-12-24,Juspay
M001,PAY001078,ORD004003,2024-05-29,COD,paid,6453.0,0.0,2024-06-02,Cashfree
M001,PAY001079,ORD004595,2024-06-25,Wallet,paid,5101.59,0.0,2024-06-26,Juspay
M001,PAY001080,ORD004113,2024-06-01,UPI,paid,4058.45,0.0,2024-06-05,PhonePe
M001,PAY001081,ORD003878,2024-05-25,Debit Card,paid,436.71,0.0,2024-05-29,Stripe
M001,PAY001082,ORD000382,2024-01-12,Credit Card,paid,6815.12,0.0,2024-01-17,PhonePe
M001,PAY001083,ORD006232,2024-09-06,Credit Card,paid,11027.44,0.0,2024-09-10,PayU
M001,PAY001084,ORD009480,2024-12-15,COD,pending,5631.96,0.0,2024-12-17,PayU
M001,PAY001085,ORD009086,2024-12-03,COD,paid,9197.58,0.0,2024-12-05,Juspay
M001,PAY001086,ORD000321,2024-01-10,Credit Card,paid,6993.26,0.0,2024-01-12,Cashfree
M001,PAY001087,ORD003553,2024-05-12,UPI,paid,2092.75,0.0,2024-05-14,Juspay
M001,PAY001088,ORD000977,2024-01-31,Debit Card,paid,2442.3,0.0,2024-02-04,Juspay
M001,PAY001089,ORD003756,2024-05-20,UPI,paid,5694.3,0.0,2024-05-25,Juspay
M001,PAY001090,ORD000595,2024-01-20,UPI,pending,8542.66,0.0,2024-01-22,Juspay
M001,PAY001091,ORD003689,2024-05-17,COD,paid,4011.76,0.0,2024-05-21,Cashfree
M001,PAY001092,ORD007888,2024-10-31,COD,paid,2224.92,0.0,2024-11-02,Stripe
M001,PAY001093,ORD005082,2024-07-18,COD,paid,9127.95,0.0,2024-07-23,Cashfree
M001,PAY001094,ORD006218,2024-09-05,UPI,failed,0.0,0.0,2024-09-05,PayU
M001,PAY001095,ORD007835,2024-10-29,COD,paid,3431.62,0.0,2024-10-30,PhonePe
M001,PAY001096,ORD006303,2024-09-08,UPI,paid,4137.21,0.0,2024-09-09,Cashfree
M001,PAY001097,ORD005921,2024-08-24,Credit Card,paid,7658.4,0.0,2024-08-27,Juspay
M001,PAY001098,ORD002379,2024-03-30,Debit Card,paid,10238.83,0.0,2024-03-31,Cashfree
M001,PAY001099,ORD003902,2024-05-26,COD,refunded,7141.87,4282.17,2024-05-28,Juspay
M001,PAY001100,ORD009705,2024-12-21,Wallet,paid,4687.23,0.0,2024-12-26,Cashfree
M001,PAY001101,ORD006747,2024-09-26,COD,paid,7985.66,0.0,2024-10-01,Cashfree
M001,PAY001102,ORD007238,2024-10-11,Wallet,paid,9150.58,0.0,2024-10-12,Cashfree
M001,PAY001103,ORD003274,2024-05-01,Debit Card,paid,8975.97,0.0,2024-05-03,Razorpay
M001,PAY001104,ORD006956,2024-10-03,COD,paid,3124.75,0.0,2024-10-08,Stripe
M001,PAY001105,ORD007625,2024-10-23,COD,paid,2692.68,0.0,2024-10-25,Cashfree
M001,PAY001106,ORD002513,2024-04-04,Credit Card,paid,3344.45,0.0,2024-04-07,PhonePe
M001,PAY001107,ORD005119,2024-07-21,COD,refunded,1531.01,459.16,2024-07-24,Stripe
M001,PAY001108,ORD006472,2024-09-17,COD,refunded,7221.72,1645.03,2024-09-18,Razorpay
M001,PAY001109,ORD000258,2024-01-09,UPI,paid,6830.8,0.0,2024-01-11,Juspay
M001,PAY001110,ORD002996,2024-04-22,COD,refunded,2863.66,1167.69,2024-04-23,PayU
M001,PAY001111,ORD003155,2024-04-27,COD,paid,6245.82,0.0,2024-05-02,Stripe
M001,PAY001112,ORD007165,2024-10-10,Credit Card,paid,4751.42,0.0,2024-10-15,Stripe
M001,PAY001113,ORD000314,2024-01-10,UPI,paid,5588.24,0.0,2024-01-14,Razorpay
M001,PAY001114,ORD004055,2024-05-31,UPI,paid,9910.35,0.0,2024-06-04,Stripe
M001,PAY001115,ORD001511,2024-02-22,Credit Card,pending,7460.85,0.0,2024-02-24,Stripe
M001,PAY001116,ORD002819,2024-04-15,COD,paid,8091.86,0.0,2024-04-20,Juspay
M001,PAY001117,ORD006726,2024-09-26,UPI,failed,0.0,0.0,2024-09-26,Juspay
M001,PAY001118,ORD004812,2024-07-05,Debit Card,paid,2642.37,0.0,2024-07-07,Juspay
M001,PAY001119,ORD008841,2024-11-26,Debit Card,failed,0.0,0.0,2024-11-26,Razorpay
M001,PAY001120,ORD007047,2024-10-06,Credit Card,paid,5799.89,0.0,2024-10-08,Juspay
M001,PAY001121,ORD003159,2024-04-27,Debit Card,paid,2894.32,0.0,2024-04-29,Cashfree
M001,PAY001122,ORD006915,2024-10-03,COD,paid,6616.33,0.0,2024-10-04,Cashfree
M001,PAY001123,ORD003813,2024-05-21,NetBanking,paid,457.28,0.0,2024-05-26,PayU
M001,PAY001124,ORD008198,2024-11-08,UPI,paid,694.62,0.0,2024-11-13,Cashfree
M001,PAY001125,ORD002901,2024-04-18,COD,paid,3395.78,0.0,2024-04-21,Juspay
M001,PAY001126,ORD005385,2024-08-03,Debit Card,pending,6056.51,0.0,2024-08-05,Razorpay
M001,PAY001127,ORD003731,2024-05-18,UPI,paid,6641.66,0.0,2024-05-19,Stripe
M001,PAY001128,ORD009099,2024-12-03,COD,paid,4575.6,0.0,2024-12-07,PayU
M001,PAY001129,ORD010000,2024-12-31,COD,failed,0.0,0.0,2024-12-31,PayU
M001,PAY001130,ORD001817,2024-03-07,Credit Card,paid,4111.37,0.0,2024-03-09,Stripe
M001,PAY001131,ORD002288,2024-03-26,COD,paid,3264.5,0.0,2024-03-31,PhonePe
M001,PAY001132,ORD004475,2024-06-19,Wallet,paid,8071.35,0.0,2024-06-20,PayU
M001,PAY001133,ORD003770,2024-05-20,UPI,paid,4049.26,0.0,2024-05-23,Razorpay
M001,PAY001134,ORD003843,2024-05-23,UPI,paid,5469.57,0.0,2024-05-25,Cashfree
M001,PAY001135,ORD007806,2024-10-29,COD,paid,8628.37,0.0,2024-11-03,Cashfree
M001,PAY001136,ORD006377,2024-09-12,Credit Card,pending,8069.62,0.0,2024-09-13,Razorpay
M001,PAY001137,ORD003485,2024-05-10,UPI,paid,1161.7,0.0,2024-05-12,Juspay
M001,PAY001138,ORD001186,2024-02-08,Credit Card,paid,2318.57,0.0,2024-02-10,Juspay
M001,PAY001139,ORD002628,2024-04-08,Credit Card,paid,3329.24,0.0,2024-04-12,PayU
M001,PAY001140,ORD008374,2024-11-14,COD,paid,1059.26,0.0,2024-11-18,PhonePe
M001,PAY001141,ORD008166,2024-11-08,COD,paid,8528.75,0.0,2024-11-12,Stripe
M001,PAY001142,ORD006248,2024-09-06,COD,paid,2738.2,0.0,2024-09-08,PayU
M001,PAY001143,ORD004936,2024-07-12,COD,paid,6383.73,0.0,2024-07-13,Juspay
M001,PAY001144,ORD005952,2024-08-26,Credit Card,paid,5153.77,0.0,2024-08-30,Juspay
M001,PAY001145,ORD001195,2024-02-08,COD,paid,9147.13,0.0,2024-02-13,Juspay
M001,PAY001146,ORD009957,2024-12-29,UPI,paid,5509.45,0.0,2025-01-02,Cashfree
M001,PAY001147,ORD006157,2024-09-02,UPI,paid,2196.12,0.0,2024-09-06,Juspay
M001,PAY001148,ORD001173,2024-02-07,COD,paid,542.37,0.0,2024-02-10,PayU
M001,PAY001149,ORD006371,2024-09-12,UPI,paid,6314.54,0.0,2024-09-16,Stripe
M001,PAY001150,ORD009187,2024-12-06,Debit Card,paid,1211.78,0.0,2024-12-08,PhonePe
M001,PAY001151,ORD009206,2024-12-06,NetBanking,paid,8367.76,0.0,2024-12-09,Stripe
M001,PAY001152,ORD003921,2024-05-26,COD,paid,8423.79,0.0,2024-05-28,Cashfree
M001,PAY001153,ORD003484,2024-05-09,Credit Card,paid,8755.45,0.0,2024-05-10,Stripe
M001,PAY001154,ORD005006,2024-07-16,COD,paid,6532.06,0.0,2024-07-21,Juspay
M001,PAY001155,ORD009664,2024-12-20,Credit Card,paid,1241.7,0.0,2024-12-22,Juspay
M001,PAY001156,ORD006484,2024-09-17,Wallet,paid,3338.65,0.0,2024-09-22,Juspay
M001,PAY001157,ORD005131,2024-07-23,COD,refunded,8207.42,2021.94,2024-07-27,PayU
M001,PAY001158,ORD009131,2024-12-04,COD,paid,1776.54,0.0,2024-12-05,Cashfree
M001,PAY001159,ORD001977,2024-03-14,COD,paid,3431.92,0.0,2024-03-18,Cashfree
M001,PAY001160,ORD006916,2024-10-03,UPI,paid,6070.66,0.0,2024-10-07,PhonePe
M001,PAY001161,ORD000306,2024-01-11,Wallet,paid,6069.13,0.0,2024-01-16,Stripe
M001,PAY001162,ORD003191,2024-04-29,UPI,refunded,7694.13,7468.15,2024-04-30,Stripe
M001,PAY001163,ORD009862,2024-12-26,NetBanking,paid,2697.89,0.0,2024-12-29,Razorpay
M001,PAY001164,ORD000709,2024-01-23,Wallet,paid,5172.58,0.0,2024-01-24,PayU
M001,PAY001165,ORD006578,2024-09-21,COD,paid,5558.31,0.0,2024-09-26,Stripe
M001,PAY001166,ORD009792,2024-12-25,UPI,paid,5065.44,0.0,2024-12-27,Razorpay
M001,PAY001167,ORD002981,2024-04-22,Debit Card,paid,8345.62,0.0,2024-04-26,Juspay
M001,PAY001168,ORD005956,2024-08-25,UPI,paid,6696.78,0.0,2024-08-28,Cashfree
M001,PAY001169,ORD002326,2024-03-29,COD,pending,1815.82,0.0,2024-03-30,Stripe
M001,PAY001170,ORD008688,2024-11-22,Debit Card,paid,6597.69,0.0,2024-11-24,Juspay
M001,PAY001171,ORD008023,2024-11-04,UPI,paid,1610.17,0.0,2024-11-08,Juspay
M001,PAY001172,ORD000649,2024-01-21,COD,refunded,1376.25,1315.77,2024-01-26,Stripe
M001,PAY001173,ORD005548,2024-08-08,COD,refunded,3545.87,1754.31,2024-08-12,Cashfree
M001,PAY001174,ORD008173,2024-11-08,UPI,failed,0.0,0.0,2024-11-08,Cashfree
M001,PAY001175,ORD002989,2024-04-21,Debit Card,paid,4104.18,0.0,2024-04-22,Razorpay
M001,PAY001176,ORD001843,2024-03-09,UPI,paid,2398.34,0.0,2024-03-11,PhonePe
M001,PAY001177,ORD003743,2024-05-20,COD,pending,3199.87,0.0,2024-05-22,PayU
M001,PAY001178,ORD008764,2024-11-24,COD,paid,7175.1,0.0,2024-11-25,Juspay
M001,PAY001179,ORD002325,2024-03-28,Credit Card,paid,1227.4,0.0,2024-03-31,Juspay
M001,PAY001180,ORD009932,2024-12-30,Debit Card,failed,0.0,0.0,2024-12-30,PhonePe
M001,PAY001181,ORD008426,2024-11-15,COD,paid,6983.6,0.0,2024-11-19,Stripe
M001,PAY001182,ORD005146,2024-07-22,UPI,paid,7059.87,0.0,2024-07-24,Juspay
M001,PAY001183,ORD008772,2024-11-23,Debit Card,paid,7365.81,0.0,2024-11-25,Cashfree
M001,PAY001184,ORD008545,2024-11-18,Credit Card,pending,668.47,0.0,2024-11-20,Juspay
M001,PAY001185,ORD001970,2024-03-14,UPI,paid,9567.68,0.0,2024-03-19,PhonePe
M001,PAY001186,ORD002066,2024-03-18,Credit Card,paid,888.81,0.0,2024-03-22,PhonePe
M001,PAY001187,ORD003164,2024-04-29,COD,paid,7002.33,0.0,2024-05-04,PayU
M001,PAY001188,ORD006762,2024-09-28,UPI,paid,5105.27,0.0,2024-09-29,Stripe
M001,PAY001189,ORD001618,2024-02-28,Wallet,paid,6676.62,0.0,2024-02-29,Cashfree
M001,PAY001190,ORD004127,2024-06-02,Wallet,paid,9046.6,0.0,2024-06-03,Cashfree
M001,PAY001191,ORD002174,2024-03-21,Debit Card,paid,7818.87,0.0,2024-03-22,Razorpay
M001,PAY001192,ORD007125,2024-10-08,Credit Card,paid,7441.99,0.0,2024-10-09,PayU
M001,PAY001193,ORD004622,2024-06-26,Debit Card,paid,8896.72,0.0,2024-06-27,Juspay
M001,PAY001194,ORD002515,2024-04-05,COD,paid,6773.57,0.0,2024-04-07,Stripe
M001,PAY001195,ORD000788,2024-01-26,COD,paid,2892.78,0.0,2024-01-29,Stripe
M001,PAY001196,ORD005172,2024-07-23,Debit Card,refunded,7732.45,2203.31,2024-07-27,Cashfree
M001,PAY001197,ORD006991,2024-10-05,COD,paid,8186.27,0.0,2024-10-08,Cashfree
M001,PAY001198,ORD009079,2024-12-03,COD,paid,5318.45,0.0,2024-12-04,Stripe
M001,PAY001199,ORD009598,2024-12-19,UPI,paid,8758.19,0.0,2024-12-23,PhonePe
M001,PAY001200,ORD000160,2024-01-06,Debit Card,refunded,5669.08,2054.83,2024-01-09,Razorpay
M001,PAY001201,ORD001313,2024-02-13,Debit Card,paid,1715.93,0.0,2024-02-15,Juspay
M001,PAY001202,ORD005725,2024-08-17,COD,paid,8437.63,0.0,2024-08-21,Juspay
M001,PAY001203,ORD001837,2024-03-07,COD,paid,6265.82,0.0,2024-03-12,PhonePe
M001,PAY001204,ORD005015,2024-07-15,COD,paid,8195.64,0.0,2024-07-17,Juspay
M001,PAY001205,ORD006112,2024-09-01,NetBanking,paid,5569.09,0.0,2024-09-05,Stripe
M001,PAY001206,ORD004863,2024-07-07,COD,paid,7027.77,0.0,2024-07-10,Stripe
M001,PAY001207,ORD008122,2024-11-07,Wallet,pending,4224.49,0.0,2024-11-09,PayU
M001,PAY001208,ORD007535,2024-10-20,Credit Card,paid,819.27,0.0,2024-10-23,Cashfree
M001,PAY001209,ORD003928,2024-05-25,UPI,failed,0.0,0.0,2024-05-25,PayU
M001,PAY001210,ORD006935,2024-10-04,NetBanking,paid,6399.3,0.0,2024-10-07,Juspay
M001,PAY001211,ORD006449,2024-09-16,NetBanking,paid,6625.52,0.0,2024-09-18,Razorpay
M001,PAY001212,ORD003892,2024-05-24,Credit Card,paid,8312.17,0.0,2024-05-28,PayU
M001,PAY001213,ORD007001,2024-10-05,Debit Card,refunded,8812.22,3818.65,2024-10-09,Stripe
M001,PAY001214,ORD004758,2024-07-03,COD,paid,2924.84,0.0,2024-07-05,PayU
M001,PAY001215,ORD004947,2024-07-12,UPI,paid,2205.58,0.0,2024-07-13,Juspay
M001,PAY001216,ORD002516,2024-04-04,Debit Card,paid,7983.69,0.0,2024-04-05,Razorpay
M001,PAY001217,ORD009876,2024-12-27,COD,paid,4755.55,0.0,2025-01-01,PhonePe
M001,PAY001218,ORD003418,2024-05-06,COD,paid,1630.99,0.0,2024-05-08,Stripe
M001,PAY001219,ORD005697,2024-08-16,Debit Card,paid,2555.91,0.0,2024-08-21,Stripe
M001,PAY001220,ORD008897,2024-11-27,Wallet,paid,8854.81,0.0,2024-12-01,Cashfree
M001,PAY001221,ORD007680,2024-10-24,Credit Card,paid,1888.24,0.0,2024-10-25,PhonePe
M001,PAY001222,ORD003573,2024-05-12,COD,paid,2867.3,0.0,2024-05-13,Stripe
M001,PAY001223,ORD007551,2024-10-21,COD,paid,1494.85,0.0,2024-10-23,PayU
M001,PAY001224,ORD009648,2024-12-20,UPI,paid,9871.41,0.0,2024-12-23,Stripe
M001,PAY001225,ORD006638,2024-09-24,UPI,paid,2223.37,0.0,2024-09-27,Razorpay
M001,PAY001226,ORD002011,2024-03-16,Debit Card,paid,4436.47,0.0,2024-03-18,Juspay
M001,PAY001227,ORD007536,2024-10-21,Debit Card,paid,5414.34,0.0,2024-10-26,PhonePe
M001,PAY001228,ORD000244,2024-01-09,COD,paid,4035.49,0.0,2024-01-12,Stripe
M001,PAY001229,ORD009758,2024-12-23,COD,paid,1307.58,0.0,2024-12-28,Juspay
M001,PAY001230,ORD003856,2024-05-23,Debit Card,paid,2708.95,0.0,2024-05-24,Stripe
M001,PAY001231,ORD004626,2024-06-25,COD,paid,5763.0,0.0,2024-06-29,PayU
M001,PAY001232,ORD005428,2024-08-03,COD,paid,4017.29,0.0,2024-08-05,Stripe
M001,PAY001233,ORD007605,2024-10-23,COD,paid,4220.95,0.0,2024-10-26,Razorpay
M001,PAY001234,ORD007726,2024-10-27,Debit Card,refunded,9976.53,3988.45,2024-10-29,Cashfree
M001,PAY001235,ORD009177,2024-12-05,COD,paid,727.64,0.0,2024-12-07,Stripe
M001,PAY001236,ORD003309,2024-05-02,UPI,refunded,7493.91,3792.8,2024-05-07,Juspay
M001,PAY001237,ORD003442,2024-05-09,Wallet,paid,3215.65,0.0,2024-05-10,Juspay
M001,PAY001238,ORD008656,2024-11-21,COD,paid,6336.67,0.0,2024-11-26,Razorpay
M001,PAY001239,ORD006458,2024-09-15,Credit Card,paid,9834.04,0.0,2024-09-20,Cashfree
M001,PAY001240,ORD006378,2024-09-13,Wallet,paid,9078.39,0.0,2024-09-14,Cashfree
M001,PAY001241,ORD005550,2024-08-08,COD,paid,5575.02,0.0,2024-08-09,Razorpay
M001,PAY001242,ORD007564,2024-10-22,Debit Card,paid,5819.31,0.0,2024-10-26,PayU
M001,PAY001243,ORD009861,2024-12-26,COD,paid,4692.41,0.0,2024-12-27,PhonePe
M001,PAY001244,ORD008541,2024-11-18,Wallet,paid,4541.17,0.0,2024-11-22,Cashfree
M001,PAY001245,ORD002279,2024-03-26,COD,paid,8330.87,0.0,2024-03-28,Cashfree
M001,PAY001246,ORD009270,2024-12-07,Debit Card,paid,6658.87,0.0,2024-12-09,PhonePe
M001,PAY001247,ORD003883,2024-05-25,UPI,paid,3217.37,0.0,2024-05-27,Razorpay
M001,PAY001248,ORD001872,2024-03-09,UPI,paid,6863.29,0.0,2024-03-13,Cashfree
M001,PAY001249,ORD000360,2024-01-12,COD,paid,4126.9,0.0,2024-01-14,Juspay
M001,PAY001250,ORD004663,2024-06-28,COD,paid,3765.69,0.0,2024-07-01,PhonePe
M001,PAY001251,ORD005406,2024-08-02,COD,paid,5935.67,0.0,2024-08-07,Juspay
M001,PAY001252,ORD009846,2024-12-27,Debit Card,paid,3922.45,0.0,2024-12-29,PayU
M001,PAY001253,ORD005200,2024-07-26,Debit Card,paid,5140.53,0.0,2024-07-30,Stripe
M001,PAY001254,ORD001955,2024-03-12,COD,refunded,2425.88,772.71,2024-03-15,Stripe
M001,PAY001255,ORD005905,2024-08-24,UPI,paid,6076.72,0.0,2024-08-27,Cashfree
M001,PAY001256,ORD001122,2024-02-06,COD,paid,1282.98,0.0,2024-02-08,Juspay
M001,PAY001257,ORD001944,2024-03-13,Wallet,pending,2388.81,0.0,2024-03-14,Razorpay
M001,PAY001258,ORD005160,2024-07-24,Wallet,paid,2293.66,0.0,2024-07-25,Stripe
M001,PAY001259,ORD005535,2024-08-08,Wallet,paid,7396.83,0.0,2024-08-09,Stripe
M001,PAY001260,ORD001316,2024-02-13,Debit Card,paid,6598.23,0.0,2024-02-17,Cashfree
M001,PAY001261,ORD003747,2024-05-20,UPI,paid,9211.15,0.0,2024-05-22,PhonePe
M001,PAY001262,ORD005923,2024-08-25,COD,refunded,4450.08,1809.99,2024-08-29,Juspay
M001,PAY001263,ORD005116,2024-07-22,UPI,paid,7401.67,0.0,2024-07-27,Razorpay
M001,PAY001264,ORD006031,2024-08-30,COD,paid,6705.66,0.0,2024-08-31,Stripe
M001,PAY001265,ORD003508,2024-05-10,Debit Card,paid,9160.05,0.0,2024-05-12,Razorpay
M001,PAY001266,ORD002282,2024-03-27,COD,paid,6224.07,0.0,2024-04-01,Juspay
M001,PAY001267,ORD000881,2024-01-29,COD,paid,8059.52,0.0,2024-02-02,Cashfree
M001,PAY001268,ORD007387,2024-10-16,COD,paid,4957.33,0.0,2024-10-17,PhonePe
M001,PAY001269,ORD006884,2024-10-02,COD,pending,525.36,0.0,2024-10-04,Cashfree
M001,PAY001270,ORD003755,2024-05-20,Debit Card,paid,8445.54,0.0,2024-05-22,Razorpay
M001,PAY001271,ORD004268,2024-06-09,Debit Card,paid,679.27,0.0,2024-06-13,Cashfree
M001,PAY001272,ORD008695,2024-11-22,Wallet,paid,3747.02,0.0,2024-11-26,Razorpay
M001,PAY001273,ORD005036,2024-07-17,COD,paid,1717.3,0.0,2024-07-18,Cashfree
M001,PAY001274,ORD009489,2024-12-15,COD,paid,6121.72,0.0,2024-12-16,Stripe
M001,PAY001275,ORD009179,2024-12-06,COD,paid,1285.97,0.0,2024-12-08,PayU
M001,PAY001276,ORD004979,2024-07-13,UPI,paid,5237.13,0.0,2024-07-14,PhonePe
M001,PAY001277,ORD002486,2024-04-03,Credit Card,paid,5531.59,0.0,2024-04-07,Razorpay
M001,PAY001278,ORD006302,2024-09-09,Wallet,paid,6597.54,0.0,2024-09-11,Razorpay
M001,PAY001279,ORD004326,2024-06-13,UPI,failed,0.0,0.0,2024-06-13,Cashfree
M001,PAY001280,ORD006522,2024-09-19,UPI,paid,2485.59,0.0,2024-09-23,PhonePe
M001,PAY001281,ORD007440,2024-10-18,COD,paid,3347.11,0.0,2024-10-20,Stripe
M001,PAY001282,ORD009168,2024-12-04,UPI,paid,4697.14,0.0,2024-12-05,Razorpay
M001,PAY001283,ORD001354,2024-02-16,Debit Card,paid,7637.11,0.0,2024-02-18,Cashfree
M001,PAY001284,ORD001686,2024-03-02,UPI,paid,2763.8,0.0,2024-03-05,PhonePe
M001,PAY001285,ORD002924,2024-04-18,Wallet,paid,4312.62,0.0,2024-04-20,Juspay
M001,PAY001286,ORD002209,2024-03-23,Wallet,paid,7265.31,0.0,2024-03-27,Stripe
M001,PAY001287,ORD005529,2024-08-08,COD,paid,2796.58,0.0,2024-08-10,Stripe
M001,PAY001288,ORD007123,2024-10-07,NetBanking,paid,7151.06,0.0,2024-10-11,Stripe
M001,PAY001289,ORD007175,2024-10-09,Wallet,paid,6646.54,0.0,2024-10-10,Juspay
M001,PAY001290,ORD000339,2024-01-12,Credit Card,paid,9076.71,0.0,2024-01-15,PhonePe
M001,PAY001291,ORD001408,2024-02-18,COD,paid,2646.21,0.0,2024-02-22,Razorpay
M001,PAY001292,ORD004200,2024-06-06,COD,paid,1646.59,0.0,2024-06-09,Stripe
M001,PAY001293,ORD004805,2024-07-06,COD,paid,1859.32,0.0,2024-07-08,Razorpay
M001,PAY001294,ORD003259,2024-05-02,Debit Card,paid,3350.29,0.0,2024-05-06,PhonePe
M001,PAY001295,ORD008974,2024-11-29,Debit Card,paid,3400.49,0.0,2024-12-02,Juspay
M001,PAY001296,ORD008460,2024-11-15,Debit Card,paid,6022.27,0.0,2024-11-20,PhonePe
M001,PAY001297,ORD004476,2024-06-20,COD,refunded,1267.31,1233.3,2024-06-25,PayU
M001,PAY001298,ORD009462,2024-12-14,Debit Card,paid,7204.11,0.0,2024-12-16,Juspay
M001,PAY001299,ORD001279,2024-02-12,COD,paid,7620.55,0.0,2024-02-16,Juspay
M001,PAY001300,ORD008844,2024-11-25,UPI,paid,4879.09,0.0,2024-11-27,Razorpay
M001,PAY001301,ORD006616,2024-09-22,UPI,paid,979.88,0.0,2024-09-23,Stripe
M001,PAY001302,ORD001291,2024-02-13,Credit Card,paid,5386.9,0.0,2024-02-18,Juspay
M001,PAY001303,ORD009677,2024-12-20,COD,paid,9212.35,0.0,2024-12-21,PayU
M001,PAY001304,ORD004946,2024-07-13,COD,paid,6915.7,0.0,2024-07-16,PhonePe
M001,PAY001305,ORD004104,2024-06-02,Debit Card,refunded,5654.8,3583.94,2024-06-07,Razorpay
M001,PAY001306,ORD000586,2024-01-20,UPI,paid,3574.51,0.0,2024-01-24,Cashfree
M001,PAY001307,ORD005933,2024-08-24,COD,paid,4016.97,0.0,2024-08-27,Juspay
M001,PAY001308,ORD009523,2024-12-17,Credit Card,paid,1870.4,0.0,2024-12-20,PayU
M001,PAY001309,ORD007574,2024-10-22,NetBanking,pending,3957.8,0.0,2024-10-23,PhonePe
M001,PAY001310,ORD007209,2024-10-11,Credit Card,failed,0.0,0.0,2024-10-11,Cashfree
M001,PAY001311,ORD006089,2024-08-31,COD,paid,3657.55,0.0,2024-09-04,Razorpay
M001,PAY001312,ORD001716,2024-03-03,Wallet,paid,1947.84,0.0,2024-03-07,Razorpay
M001,PAY001313,ORD009431,2024-12-13,COD,paid,599.03,0.0,2024-12-14,Juspay
M001,PAY001314,ORD003158,2024-04-28,Credit Card,paid,6875.66,0.0,2024-05-03,Razorpay
M001,PAY001315,ORD000656,2024-01-22,COD,paid,7819.91,0.0,2024-01-27,Stripe
M001,PAY001316,ORD006775,2024-09-28,UPI,paid,8180.0,0.0,2024-10-03,Juspay
M001,PAY001317,ORD000105,2024-01-04,Credit Card,paid,10323.55,0.0,2024-01-05,Juspay
M001,PAY001318,ORD009614,2024-12-18,Debit Card,failed,0.0,0.0,2024-12-18,Stripe
M001,PAY001319,ORD001165,2024-02-07,Wallet,paid,6089.89,0.0,2024-02-10,PayU
M001,PAY001320,ORD009878,2024-12-28,Debit Card,paid,7049.32,0.0,2024-12-31,PhonePe
M001,PAY001321,ORD004683,2024-06-28,Debit Card,pending,6263.88,0.0,2024-06-29,PhonePe
M001,PAY001322,ORD001918,2024-03-12,Wallet,paid,6792.33,0.0,2024-03-17,Razorpay
M001,PAY001323,ORD009589,2024-12-18,COD,paid,5445.48,0.0,2024-12-23,PayU
M001,PAY001324,ORD008885,2024-11-26,COD,paid,1331.78,0.0,2024-11-27,PhonePe
M001,PAY001325,ORD008345,2024-11-13,Credit Card,paid,8714.42,0.0,2024-11-17,PhonePe
M001,PAY001326,ORD004183,2024-06-05,COD,paid,5445.21,0.0,2024-06-07,Razorpay
M001,PAY001327,ORD000017,2024-01-01,Wallet,paid,1641.35,0.0,2024-01-06,Cashfree
M001,PAY001328,ORD005073,2024-07-18,Wallet,paid,1957.82,0.0,2024-07-23,Razorpay
M001,PAY001329,ORD003214,2024-04-30,COD,paid,1778.67,0.0,2024-05-04,Cashfree
M001,PAY001330,ORD004488,2024-06-20,COD,paid,8424.32,0.0,2024-06-21,Juspay
M001,PAY001331,ORD009691,2024-12-21,COD,paid,1171.94,0.0,2024-12-24,Razorpay
M001,PAY001332,ORD006017,2024-08-29,COD,paid,4483.48,0.0,2024-09-03,Cashfree
M001,PAY001333,ORD001637,2024-03-01,UPI,paid,4867.27,0.0,2024-03-06,Cashfree
M001,PAY001334,ORD003476,2024-05-09,Credit Card,paid,4144.09,0.0,2024-05-10,Cashfree
M001,PAY001335,ORD005895,2024-08-24,COD,paid,4432.86,0.0,2024-08-28,PayU
M001,PAY001336,ORD004275,2024-06-09,UPI,paid,3195.03,0.0,2024-06-14,Stripe
M001,PAY001337,ORD002665,2024-04-10,Credit Card,paid,9866.04,0.0,2024-04-13,Cashfree
M001,PAY001338,ORD003095,2024-04-26,COD,paid,7206.44,0.0,2024-05-01,Stripe
M001,PAY001339,ORD003862,2024-05-24,COD,paid,2183.65,0.0,2024-05-28,Juspay
M001,PAY001340,ORD008908,2024-11-28,COD,paid,5888.93,0.0,2024-12-01,Stripe
M001,PAY001341,ORD004955,2024-07-13,Credit Card,paid,5955.36,0.0,2024-07-18,Juspay
M001,PAY001342,ORD009466,2024-12-13,COD,paid,964.4,0.0,2024-12-15,PhonePe
M001,PAY001343,ORD003042,2024-04-24,UPI,refunded,6373.55,6020.51,2024-04-28,Razorpay
M001,PAY001344,ORD005443,2024-08-05,UPI,paid,8003.17,0.0,2024-08-08,PayU
M001,PAY001345,ORD006426,2024-09-14,UPI,paid,6279.19,0.0,2024-09-16,Stripe
M001,PAY001346,ORD005137,2024-07-22,UPI,refunded,6432.02,4715.01,2024-07-25,Cashfree
M001,PAY001347,ORD001915,2024-03-12,COD,paid,6132.61,0.0,2024-03-15,PayU
M001,PAY001348,ORD006277,2024-09-07,Debit Card,paid,8024.19,0.0,2024-09-12,Cashfree
M001,PAY001349,ORD002923,2024-04-18,Wallet,paid,9726.71,0.0,2024-04-23,Stripe
M001,PAY001350,ORD009921,2024-12-29,COD,paid,857.85,0.0,2025-01-01,Razorpay
M001,PAY001351,ORD008731,2024-11-23,COD,paid,5106.86,0.0,2024-11-24,Razorpay
M001,PAY001352,ORD006226,2024-09-05,COD,paid,7138.67,0.0,2024-09-08,Cashfree
M001,PAY001353,ORD003411,2024-05-07,NetBanking,pending,10061.86,0.0,2024-05-08,PayU
M001,PAY001354,ORD001836,2024-03-08,Credit Card,paid,1376.88,0.0,2024-03-12,Razorpay
M001,PAY001355,ORD005456,2024-08-06,UPI,pending,3606.51,0.0,2024-08-07,Cashfree
M001,PAY001356,ORD009205,2024-12-07,UPI,paid,9343.37,0.0,2024-12-12,PhonePe
M001,PAY001357,ORD000414,2024-01-13,COD,paid,8755.03,0.0,2024-01-14,Stripe
M001,PAY001358,ORD004250,2024-06-08,UPI,paid,6283.35,0.0,2024-06-11,Cashfree
M001,PAY001359,ORD009341,2024-12-10,COD,paid,1818.18,0.0,2024-12-14,Juspay
M001,PAY001360,ORD000344,2024-01-11,COD,failed,0.0,0.0,2024-01-11,Juspay
M001,PAY001361,ORD001520,2024-02-23,COD,paid,6047.51,0.0,2024-02-25,PayU
M001,PAY001362,ORD001069,2024-02-02,NetBanking,paid,7890.73,0.0,2024-02-05,PayU
M001,PAY001363,ORD007408,2024-10-16,COD,paid,4323.51,0.0,2024-10-18,Razorpay
M001,PAY001364,ORD001289,2024-02-12,Wallet,paid,2697.76,0.0,2024-02-14,Razorpay
M001,PAY001365,ORD002865,2024-04-16,Debit Card,paid,5236.66,0.0,2024-04-21,Razorpay
M001,PAY001366,ORD000625,2024-01-21,UPI,paid,1282.72,0.0,2024-01-25,PayU
M001,PAY001367,ORD003555,2024-05-11,Debit Card,paid,9481.74,0.0,2024-05-12,PhonePe
M001,PAY001368,ORD009337,2024-12-09,Credit Card,failed,0.0,0.0,2024-12-09,PhonePe
M001,PAY001369,ORD009202,2024-12-05,COD,paid,4611.29,0.0,2024-12-08,PhonePe
M001,PAY001370,ORD007306,2024-10-13,Credit Card,paid,5096.58,0.0,2024-10-15,PhonePe
M001,PAY001371,ORD003525,2024-05-11,Wallet,paid,1573.2,0.0,2024-05-16,PayU
M001,PAY001372,ORD000028,2024-01-01,Debit Card,paid,5723.8,0.0,2024-01-04,Cashfree
M001,PAY001373,ORD000400,2024-01-13,COD,paid,7779.58,0.0,2024-01-18,Razorpay
M001,PAY001374,ORD001900,2024-03-10,UPI,paid,5533.25,0.0,2024-03-12,Juspay
M001,PAY001375,ORD002859,2024-04-17,UPI,paid,697.06,0.0,2024-04-19,PhonePe
M001,PAY001376,ORD000636,2024-01-20,UPI,paid,4278.85,0.0,2024-01-23,Juspay
M001,PAY001377,ORD000485,2024-01-15,COD,paid,7226.42,0.0,2024-01-18,Juspay
M001,PAY001378,ORD000113,2024-01-05,UPI,paid,2988.54,0.0,2024-01-09,Razorpay
M001,PAY001379,ORD009104,2024-12-04,UPI,pending,7449.67,0.0,2024-12-06,PhonePe
M001,PAY001380,ORD008335,2024-11-12,COD,refunded,7228.18,4475.7,2024-11-17,Juspay
M001,PAY001381,ORD009745,2024-12-23,COD,pending,1698.28,0.0,2024-12-24,PhonePe
M001,PAY001382,ORD001665,2024-03-02,Credit Card,paid,5461.66,0.0,2024-03-03,Juspay
M001,PAY001383,ORD008041,2024-11-05,UPI,paid,7551.94,0.0,2024-11-07,Juspay
M001,PAY001384,ORD008840,2024-11-26,Debit Card,paid,6217.69,0.0,2024-11-27,Stripe
M001,PAY001385,ORD001388,2024-02-16,Credit Card,paid,726.8,0.0,2024-02-20,PhonePe
M001,PAY001386,ORD004422,2024-06-18,UPI,pending,1040.76,0.0,2024-06-20,PayU
M001,PAY001387,ORD003961,2024-05-28,UPI,paid,6942.1,0.0,2024-05-30,PhonePe
M001,PAY001388,ORD002999,2024-04-22,UPI,paid,2559.44,0.0,2024-04-24,Cashfree
M001,PAY001389,ORD002094,2024-03-19,Wallet,refunded,523.31,82.08,2024-03-24,Juspay
M001,PAY001390,ORD007323,2024-10-13,UPI,paid,7546.3,0.0,2024-10-18,Juspay
M001,PAY001391,ORD007179,2024-10-09,COD,pending,9363.1,0.0,2024-10-11,Razorpay
M001,PAY001392,ORD002252,2024-03-25,COD,paid,7430.07,0.0,2024-03-28,PhonePe
M001,PAY001393,ORD008354,2024-11-13,UPI,refunded,2575.75,2421.55,2024-11-18,Razorpay
M001,PAY001394,ORD001415,2024-02-19,UPI,paid,3430.28,0.0,2024-02-23,Stripe
M001,PAY001395,ORD008467,2024-11-16,Credit Card,paid,7208.61,0.0,2024-11-21,PhonePe
M001,PAY001396,ORD007667,2024-10-24,Debit Card,paid,4843.54,0.0,2024-10-25,Stripe
M001,PAY001397,ORD001937,2024-03-11,Wallet,paid,9572.78,0.0,2024-03-14,PayU
M001,PAY001398,ORD001655,2024-03-02,UPI,failed,0.0,0.0,2024-03-02,Juspay
M001,PAY001399,ORD000406,2024-01-14,Credit Card,paid,1405.98,0.0,2024-01-18,PayU
M001,PAY001400,ORD000124,2024-01-05,Credit Card,paid,7969.78,0.0,2024-01-06,Juspay
M001,PAY001401,ORD007757,2024-10-27,COD,paid,4290.67,0.0,2024-10-29,Cashfree
M001,PAY001402,ORD003694,2024-05-18,COD,paid,8114.63,0.0,2024-05-22,Juspay
M001,PAY001403,ORD009084,2024-12-03,COD,paid,5704.18,0.0,2024-12-05,Stripe
M001,PAY001404,ORD009986,2024-12-31,UPI,paid,2273.73,0.0,2025-01-03,Juspay
M001,PAY001405,ORD008090,2024-11-05,NetBanking,paid,4342.44,0.0,2024-11-06,Juspay
M001,PAY001406,ORD002675,2024-04-10,COD,failed,0.0,0.0,2024-04-10,Cashfree
M001,PAY001407,ORD006814,2024-09-30,COD,paid,2179.68,0.0,2024-10-05,Juspay
M001,PAY001408,ORD006786,2024-09-29,Debit Card,pending,5735.45,0.0,2024-10-01,Razorpay
M001,PAY001409,ORD009532,2024-12-17,COD,paid,5852.47,0.0,2024-12-18,Razorpay
M001,PAY001410,ORD000994,2024-01-31,COD,paid,2707.42,0.0,2024-02-03,PayU
M001,PAY001411,ORD002850,2024-04-16,UPI,paid,3174.7,0.0,2024-04-19,PhonePe
M001,PAY001412,ORD000582,2024-01-20,Credit Card,paid,1854.48,0.0,2024-01-25,Cashfree
M001,PAY001413,ORD001273,2024-02-11,Wallet,paid,9125.11,0.0,2024-02-12,PhonePe
M001,PAY001414,ORD006152,2024-09-03,UPI,paid,2076.66,0.0,2024-09-06,PhonePe
M001,PAY001415,ORD000963,2024-01-30,COD,refunded,2287.68,1289.82,2024-02-03,PhonePe
M001,PAY001416,ORD008279,2024-11-10,COD,paid,8704.19,0.0,2024-11-13,Juspay
M001,PAY001417,ORD003175,2024-04-28,COD,paid,4958.09,0.0,2024-05-01,Stripe
M001,PAY001418,ORD006176,2024-09-04,COD,paid,2289.75,0.0,2024-09-05,Juspay
M001,PAY001419,ORD002215,2024-03-23,COD,paid,7170.97,0.0,2024-03-25,Stripe
M001,PAY001420,ORD003869,2024-05-25,COD,paid,1817.08,0.0,2024-05-30,Stripe
M001,PAY001421,ORD003075,2024-04-25,UPI,paid,7300.38,0.0,2024-04-29,PayU
M001,PAY001422,ORD007234,2024-10-11,COD,paid,3510.39,0.0,2024-10-16,Juspay
M001,PAY001423,ORD003609,2024-05-13,Credit Card,paid,1912.75,0.0,2024-05-16,PhonePe
M001,PAY001424,ORD006363,2024-09-11,NetBanking,paid,4113.44,0.0,2024-09-15,PayU
M001,PAY001425,ORD005230,2024-07-26,COD,paid,8465.9,0.0,2024-07-29,PayU
M001,PAY001426,ORD002567,2024-04-07,COD,refunded,7420.07,1430.76,2024-04-09,Cashfree
M001,PAY001427,ORD002728,2024-04-13,UPI,paid,7928.78,0.0,2024-04-15,Stripe
M001,PAY001428,ORD002043,2024-03-17,Credit Card,paid,614.95,0.0,2024-03-18,Juspay
M001,PAY001429,ORD003945,2024-05-26,Debit Card,paid,3390.74,0.0,2024-05-27,Juspay
M001,PAY001430,ORD009500,2024-12-15,UPI,paid,1863.97,0.0,2024-12-16,PhonePe
M001,PAY001431,ORD009183,2024-12-06,Credit Card,paid,4505.27,0.0,2024-12-08,Cashfree
M001,PAY001432,ORD004236,2024-06-07,Wallet,paid,4402.57,0.0,2024-06-12,PayU
M001,PAY001433,ORD001073,2024-02-03,UPI,failed,0.0,0.0,2024-02-03,Cashfree
M001,PAY001434,ORD000378,2024-01-13,COD,paid,8123.53,0.0,2024-01-16,PayU
M001,PAY001435,ORD002273,2024-03-26,COD,paid,4352.5,0.0,2024-03-29,Cashfree
M001,PAY001436,ORD002873,2024-04-18,UPI,paid,4960.66,0.0,2024-04-22,Razorpay
M001,PAY001437,ORD005272,2024-07-29,Debit Card,paid,4530.39,0.0,2024-08-01,Razorpay
M001,PAY001438,ORD005663,2024-08-14,COD,paid,6079.52,0.0,2024-08-16,PayU
M001,PAY001439,ORD003725,2024-05-18,COD,paid,2789.05,0.0,2024-05-22,PayU
M001,PAY001440,ORD008226,2024-11-10,UPI,paid,6380.14,0.0,2024-11-15,Razorpay
M001,PAY001441,ORD004202,2024-06-07,UPI,paid,5263.27,0.0,2024-06-09,Stripe
M001,PAY001442,ORD006817,2024-09-29,Wallet,paid,3386.75,0.0,2024-10-04,Razorpay
M001,PAY001443,ORD005715,2024-08-15,Wallet,paid,2126.05,0.0,2024-08-18,PayU
M001,PAY001444,ORD004489,2024-06-20,UPI,paid,4411.11,0.0,2024-06-24,Razorpay
M001,PAY001445,ORD001794,2024-03-06,COD,paid,4687.63,0.0,2024-03-08,Stripe
M001,PAY001446,ORD004367,2024-06-15,UPI,paid,7019.16,0.0,2024-06-18,PhonePe
M001,PAY001447,ORD002160,2024-03-20,COD,paid,4839.41,0.0,2024-03-24,Razorpay
M001,PAY001448,ORD004838,2024-07-07,Wallet,pending,1080.73,0.0,2024-07-09,Stripe
M001,PAY001449,ORD003997,2024-05-28,COD,paid,8125.09,0.0,2024-05-30,Cashfree
M001,PAY001450,ORD001150,2024-02-07,NetBanking,paid,7479.44,0.0,2024-02-11,PayU
M001,PAY001451,ORD001283,2024-02-13,Debit Card,paid,2097.6,0.0,2024-02-18,Cashfree
M001,PAY001452,ORD000748,2024-01-24,COD,paid,5488.2,0.0,2024-01-26,Stripe
M001,PAY001453,ORD007367,2024-10-15,UPI,paid,5756.88,0.0,2024-10-16,Juspay
M001,PAY001454,ORD005472,2024-08-06,COD,paid,3735.64,0.0,2024-08-10,Juspay
M001,PAY001455,ORD007348,2024-10-14,Debit Card,paid,6717.41,0.0,2024-10-19,PhonePe
M001,PAY001456,ORD008663,2024-11-22,Wallet,paid,2101.69,0.0,2024-11-27,Cashfree
M001,PAY001457,ORD004263,2024-06-09,COD,paid,1406.37,0.0,2024-06-11,PhonePe
M001,PAY001458,ORD003160,2024-04-28,Credit Card,paid,8795.09,0.0,2024-05-01,Stripe
M001,PAY001459,ORD001431,2024-02-19,UPI,paid,9184.47,0.0,2024-02-22,Cashfree
M001,PAY001460,ORD007996,2024-11-04,COD,paid,8236.02,0.0,2024-11-08,Stripe
M001,PAY001461,ORD009708,2024-12-22,Debit Card,paid,3317.27,0.0,2024-12-24,Cashfree
M001,PAY001462,ORD003936,2024-05-26,Credit Card,paid,5205.02,0.0,2024-05-30,PhonePe
M001,PAY001463,ORD006733,2024-09-27,Credit Card,paid,3791.24,0.0,2024-09-28,Stripe
M001,PAY001464,ORD000836,2024-01-27,COD,paid,3120.2,0.0,2024-01-30,PayU
M001,PAY001465,ORD001983,2024-03-14,Credit Card,paid,7139.51,0.0,2024-03-16,Juspay
M001,PAY001466,ORD000872,2024-01-29,COD,paid,6799.02,0.0,2024-01-30,PhonePe
M001,PAY001467,ORD004030,2024-05-30,Credit Card,refunded,6493.68,1302.95,2024-06-01,PhonePe
M001,PAY001468,ORD008076,2024-11-05,Debit Card,paid,933.56,0.0,2024-11-07,PayU
M001,PAY001469,ORD007258,2024-10-13,Wallet,pending,1821.33,0.0,2024-10-15,Juspay
M001,PAY001470,ORD001670,2024-03-01,Credit Card,paid,2649.89,0.0,2024-03-04,Razorpay
M001,PAY001471,ORD002953,2024-04-19,COD,paid,9225.24,0.0,2024-04-21,Juspay
M001,PAY001472,ORD001343,2024-02-15,COD,paid,5482.55,0.0,2024-02-20,PhonePe
M001,PAY001473,ORD001209,2024-02-08,COD,paid,1618.04,0.0,2024-02-09,Cashfree
M001,PAY001474,ORD002748,2024-04-13,COD,paid,5645.58,0.0,2024-04-14,Cashfree
M001,PAY001475,ORD005093,2024-07-20,COD,pending,4014.25,0.0,2024-07-22,PhonePe
M001,PAY001476,ORD003130,2024-04-28,UPI,paid,7961.17,0.0,2024-04-30,Razorpay
M001,PAY001477,ORD009239,2024-12-07,UPI,failed,0.0,0.0,2024-12-07,PayU
M001,PAY001478,ORD008049,2024-11-04,UPI,paid,4195.09,0.0,2024-11-06,Stripe
M001,PAY001479,ORD002203,2024-03-23,COD,paid,1638.72,0.0,2024-03-24,PayU
M001,PAY001480,ORD000241,2024-01-08,UPI,paid,7124.1,0.0,2024-01-10,Cashfree
M001,PAY001481,ORD008220,2024-11-10,COD,paid,1442.4,0.0,2024-11-15,Cashfree
M001,PAY001482,ORD008005,2024-11-03,COD,paid,8702.22,0.0,2024-11-04,PayU
M001,PAY001483,ORD005143,2024-07-22,COD,paid,3998.34,0.0,2024-07-24,Cashfree
M001,PAY001484,ORD008278,2024-11-10,Credit Card,paid,4405.06,0.0,2024-11-11,Razorpay
M001,PAY001485,ORD000308,2024-01-10,COD,paid,4421.35,0.0,2024-01-15,Razorpay
M001,PAY001486,ORD006126,2024-09-01,Debit Card,paid,5033.91,0.0,2024-09-02,Cashfree
M001,PAY001487,ORD008380,2024-11-14,UPI,paid,5639.32,0.0,2024-11-17,Juspay
M001,PAY001488,ORD003692,2024-05-18,COD,paid,7521.0,0.0,2024-05-22,PhonePe
M001,PAY001489,ORD008959,2024-11-29,NetBanking,paid,3361.01,0.0,2024-12-02,PhonePe
M001,PAY001490,ORD002572,2024-04-07,Credit Card,paid,5951.33,0.0,2024-04-11,PayU
M001,PAY001491,ORD003389,2024-05-05,Debit Card,paid,3990.21,0.0,2024-05-06,PayU
M001,PAY001492,ORD002230,2024-03-24,COD,paid,8877.97,0.0,2024-03-27,Juspay
M001,PAY001493,ORD007426,2024-10-16,Debit Card,paid,6795.6,0.0,2024-10-19,Cashfree
M001,PAY001494,ORD008062,2024-11-05,COD,paid,6883.52,0.0,2024-11-09,PhonePe
M001,PAY001495,ORD006402,2024-09-13,COD,paid,7358.86,0.0,2024-09-15,Cashfree
M001,PAY001496,ORD009839,2024-12-26,COD,paid,2122.75,0.0,2024-12-31,Stripe
M001,PAY001497,ORD005634,2024-08-12,Credit Card,paid,4189.58,0.0,2024-08-13,Stripe
M001,PAY001498,ORD004928,2024-07-11,COD,paid,7977.36,0.0,2024-07-13,PhonePe
M001,PAY001499,ORD003840,2024-05-23,Credit Card,paid,7185.27,0.0,2024-05-28,Juspay
M001,PAY001500,ORD000704,2024-01-23,COD,refunded,6746.18,1108.74,2024-01-26,Cashfree
M001,PAY001501,ORD009411,2024-12-13,UPI,paid,2872.97,0.0,2024-12-14,Cashfree
M001,PAY001502,ORD005345,2024-07-31,COD,refunded,2895.32,2935.44,2024-08-01,Cashfree
M001,PAY001503,ORD001453,2024-02-19,Credit Card,refunded,9277.22,5152.7,2024-02-20,Cashfree
M001,PAY001504,ORD000086,2024-01-03,COD,paid,8308.46,0.0,2024-01-05,Cashfree
M001,PAY001505,ORD004666,2024-06-27,Credit Card,paid,5593.13,0.0,2024-07-01,PayU
M001,PAY001506,ORD002328,2024-03-28,Credit Card,paid,7342.85,0.0,2024-03-29,Stripe
M001,PAY001507,ORD001628,2024-02-28,UPI,paid,8773.27,0.0,2024-03-01,PhonePe
M001,PAY001508,ORD000860,2024-01-27,Credit Card,paid,2216.71,0.0,2024-02-01,Juspay
M001,PAY001509,ORD003937,2024-05-26,UPI,paid,1505.05,0.0,2024-05-31,Stripe
M001,PAY001510,ORD003111,2024-04-26,Credit Card,paid,5105.38,0.0,2024-04-30,PhonePe
M001,PAY001511,ORD007263,2024-10-13,Credit Card,paid,7405.07,0.0,2024-10-18,Juspay
M001,PAY001512,ORD002561,2024-04-07,COD,paid,3190.75,0.0,2024-04-09,Razorpay
M001,PAY001513,ORD007342,2024-10-14,COD,paid,1206.25,0.0,2024-10-17,Juspay
M001,PAY001514,ORD006285,2024-09-07,COD,paid,6312.7,0.0,2024-09-09,Razorpay
M001,PAY001515,ORD009610,2024-12-18,Debit Card,pending,1177.13,0.0,2024-12-20,Stripe
M001,PAY001516,ORD008118,2024-11-06,Debit Card,paid,7562.93,0.0,2024-11-10,Cashfree
M001,PAY001517,ORD006585,2024-09-21,COD,pending,6244.31,0.0,2024-09-23,Razorpay
M001,PAY001518,ORD003052,2024-04-24,COD,paid,7217.55,0.0,2024-04-28,Juspay
M001,PAY001519,ORD004827,2024-07-06,UPI,paid,5374.5,0.0,2024-07-09,Razorpay
M001,PAY001520,ORD003834,2024-05-23,UPI,paid,2150.13,0.0,2024-05-26,Stripe
M001,PAY001521,ORD006906,2024-10-02,Debit Card,paid,4645.36,0.0,2024-10-05,PhonePe
M001,PAY001522,ORD005227,2024-07-26,Debit Card,paid,8475.79,0.0,2024-07-29,Cashfree
M001,PAY001523,ORD006437,2024-09-15,UPI,paid,8942.13,0.0,2024-09-18,Stripe
M001,PAY001524,ORD001835,2024-03-07,UPI,paid,8879.06,0.0,2024-03-12,PayU
M001,PAY001525,ORD008196,2024-11-09,COD,paid,1818.92,0.0,2024-11-11,Razorpay
M001,PAY001526,ORD000317,2024-01-11,COD,paid,6539.67,0.0,2024-01-13,Juspay
M001,PAY001527,ORD004975,2024-07-14,Credit Card,refunded,3521.08,2913.96,2024-07-18,PhonePe
M001,PAY001528,ORD005420,2024-08-04,COD,paid,2045.38,0.0,2024-08-08,Juspay
M001,PAY001529,ORD002843,2024-04-16,UPI,paid,7914.19,0.0,2024-04-17,PhonePe
M001,PAY001530,ORD002246,2024-03-25,NetBanking,paid,5578.93,0.0,2024-03-26,Razorpay
M001,PAY001531,ORD009899,2024-12-28,COD,paid,1881.26,0.0,2024-12-30,PhonePe
M001,PAY001532,ORD000238,2024-01-08,COD,paid,2853.79,0.0,2024-01-09,Juspay
M001,PAY001533,ORD006189,2024-09-04,Credit Card,paid,6163.53,0.0,2024-09-05,Razorpay
M001,PAY001534,ORD001135,2024-02-05,Credit Card,paid,546.76,0.0,2024-02-09,Juspay
M001,PAY001535,ORD005382,2024-08-01,NetBanking,failed,0.0,0.0,2024-08-01,Stripe
M001,PAY001536,ORD000456,2024-01-14,Debit Card,paid,5415.61,0.0,2024-01-16,Razorpay
M001,PAY001537,ORD006892,2024-10-02,UPI,paid,3085.34,0.0,2024-10-04,Razorpay
M001,PAY001538,ORD001172,2024-02-08,Debit Card,paid,5684.06,0.0,2024-02-13,PayU
M001,PAY001539,ORD001530,2024-02-24,COD,paid,8602.5,0.0,2024-02-25,PayU
M001,PAY001540,ORD008444,2024-11-14,COD,paid,7543.95,0.0,2024-11-17,Juspay
M001,PAY001541,ORD001457,2024-02-20,Wallet,paid,3846.81,0.0,2024-02-23,Cashfree
M001,PAY001542,ORD005326,2024-07-31,COD,paid,8085.63,0.0,2024-08-03,Razorpay
M001,PAY001543,ORD003905,2024-05-26,UPI,paid,4533.55,0.0,2024-05-31,Cashfree
M001,PAY001544,ORD002163,2024-03-21,Debit Card,paid,626.38,0.0,2024-03-26,Juspay
M001,PAY001545,ORD007510,2024-10-20,Debit Card,paid,5736.32,0.0,2024-10-21,Juspay
M001,PAY001546,ORD002270,2024-03-26,COD,refunded,8614.94,1575.04,2024-03-30,Stripe
M001,PAY001547,ORD005848,2024-08-21,COD,paid,7068.75,0.0,2024-08-25,Stripe
M001,PAY001548,ORD002735,2024-04-12,COD,paid,9225.4,0.0,2024-04-14,Juspay
M001,PAY001549,ORD004440,2024-06-18,Debit Card,paid,729.26,0.0,2024-06-20,Cashfree
M001,PAY001550,ORD009503,2024-12-15,Wallet,paid,669.72,0.0,2024-12-17,PhonePe
M001,PAY001551,ORD009498,2024-12-15,Credit Card,refunded,5426.91,1034.44,2024-12-19,PhonePe
M001,PAY001552,ORD003385,2024-05-06,NetBanking,paid,5091.44,0.0,2024-05-07,PayU
M001,PAY001553,ORD001467,2024-02-21,UPI,paid,8671.03,0.0,2024-02-25,PhonePe
M001,PAY001554,ORD001134,2024-02-06,UPI,paid,6491.76,0.0,2024-02-11,Stripe
M001,PAY001555,ORD003624,2024-05-15,UPI,paid,6367.54,0.0,2024-05-20,Stripe
M001,PAY001556,ORD007658,2024-10-25,Credit Card,paid,4569.51,0.0,2024-10-26,PayU
M001,PAY001557,ORD008193,2024-11-08,COD,failed,0.0,0.0,2024-11-08,Cashfree
M001,PAY001558,ORD001280,2024-02-12,Wallet,paid,4731.65,0.0,2024-02-13,Razorpay
M001,PAY001559,ORD004382,2024-06-15,NetBanking,paid,6438.83,0.0,2024-06-19,Razorpay
M001,PAY001560,ORD009559,2024-12-16,COD,paid,4042.52,0.0,2024-12-20,Stripe
M001,PAY001561,ORD008457,2024-11-16,UPI,paid,5386.52,0.0,2024-11-17,PayU
M001,PAY001562,ORD003300,2024-05-02,NetBanking,refunded,1669.51,263.11,2024-05-03,Razorpay
M001,PAY001563,ORD007626,2024-10-23,UPI,paid,759.45,0.0,2024-10-25,Cashfree
M001,PAY001564,ORD006599,2024-09-21,COD,paid,2925.07,0.0,2024-09-26,Cashfree
M001,PAY001565,ORD001903,2024-03-10,UPI,paid,5544.89,0.0,2024-03-15,PayU
M001,PAY001566,ORD008199,2024-11-09,Credit Card,paid,8152.68,0.0,2024-11-14,Cashfree
M001,PAY001567,ORD006276,2024-09-08,COD,paid,6241.46,0.0,2024-09-13,Juspay
M001,PAY001568,ORD001768,2024-03-06,COD,failed,0.0,0.0,2024-03-06,Razorpay
M001,PAY001569,ORD008283,2024-11-11,UPI,paid,4077.61,0.0,2024-11-12,Razorpay
M001,PAY001570,ORD009997,2024-12-31,Debit Card,paid,5969.94,0.0,2025-01-04,Cashfree
M001,PAY001571,ORD002959,2024-04-19,Debit Card,paid,7037.2,0.0,2024-04-23,PayU
M001,PAY001572,ORD006101,2024-08-31,Credit Card,paid,6236.71,0.0,2024-09-04,Cashfree
M001,PAY001573,ORD002145,2024-03-20,UPI,paid,2802.44,0.0,2024-03-22,Juspay
M001,PAY001574,ORD005879,2024-08-21,COD,refunded,647.03,544.27,2024-08-26,Cashfree
M001,PAY001575,ORD007384,2024-10-16,COD,paid,5035.33,0.0,2024-10-17,Cashfree
M001,PAY001576,ORD004137,2024-06-03,NetBanking,refunded,4946.76,4308.72,2024-06-08,Stripe
M001,PAY001577,ORD003760,2024-05-20,COD,failed,0.0,0.0,2024-05-20,PayU
M001,PAY001578,ORD001877,2024-03-10,UPI,paid,2498.45,0.0,2024-03-12,Razorpay
M001,PAY001579,ORD001788,2024-03-07,UPI,paid,7974.35,0.0,2024-03-12,PhonePe
M001,PAY001580,ORD009806,2024-12-24,Credit Card,paid,1124.46,0.0,2024-12-26,Razorpay
M001,PAY001581,ORD005222,2024-07-27,COD,paid,7640.29,0.0,2024-07-29,Razorpay
M001,PAY001582,ORD004629,2024-06-27,COD,paid,4120.53,0.0,2024-06-28,Stripe
M001,PAY001583,ORD008401,2024-11-13,Credit Card,paid,5338.29,0.0,2024-11-14,Juspay
M001,PAY001584,ORD007716,2024-10-25,COD,paid,4688.83,0.0,2024-10-27,PayU
M001,PAY001585,ORD009928,2024-12-28,COD,paid,3144.57,0.0,2024-12-30,Stripe
M001,PAY001586,ORD001912,2024-03-12,Wallet,paid,5348.58,0.0,2024-03-13,Cashfree
M001,PAY001587,ORD001083,2024-02-03,UPI,failed,0.0,0.0,2024-02-03,Cashfree
M001,PAY001588,ORD005869,2024-08-21,Wallet,paid,2965.28,0.0,2024-08-26,Stripe
M001,PAY001589,ORD008339,2024-11-13,Debit Card,paid,8551.35,0.0,2024-11-18,Juspay
M001,PAY001590,ORD002672,2024-04-11,COD,paid,3051.39,0.0,2024-04-14,Razorpay
M001,PAY001591,ORD004973,2024-07-13,Credit Card,paid,2450.13,0.0,2024-07-18,Juspay
M001,PAY001592,ORD006605,2024-09-22,COD,paid,1089.28,0.0,2024-09-23,PayU
M001,PAY001593,ORD009768,2024-12-24,COD,paid,3432.92,0.0,2024-12-26,Stripe
M001,PAY001594,ORD005761,2024-08-17,UPI,failed,0.0,0.0,2024-08-17,Cashfree
M001,PAY001595,ORD008254,2024-11-10,COD,paid,8870.01,0.0,2024-11-11,Stripe
M001,PAY001596,ORD003868,2024-05-24,UPI,paid,542.3,0.0,2024-05-25,PhonePe
M001,PAY001597,ORD006459,2024-09-16,COD,paid,3882.56,0.0,2024-09-20,PayU
M001,PAY001598,ORD003885,2024-05-25,COD,paid,3436.66,0.0,2024-05-30,Razorpay
M001,PAY001599,ORD003342,2024-05-04,COD,paid,2006.12,0.0,2024-05-09,PhonePe
M001,PAY001600,ORD006806,2024-09-30,Wallet,paid,6306.26,0.0,2024-10-01,Cashfree
M001,PAY001601,ORD003287,2024-05-03,Credit Card,paid,3054.82,0.0,2024-05-06,Juspay
M001,PAY001602,ORD007469,2024-10-18,UPI,paid,693.56,0.0,2024-10-23,Cashfree
M001,PAY001603,ORD000547,2024-01-18,Credit Card,paid,3776.76,0.0,2024-01-20,Stripe
M001,PAY001604,ORD001102,2024-02-05,COD,paid,8022.74,0.0,2024-02-09,Stripe
M001,PAY001605,ORD000556,2024-01-18,UPI,paid,7414.05,0.0,2024-01-20,Juspay
M001,PAY001606,ORD008203,2024-11-08,UPI,paid,7974.72,0.0,2024-11-12,Razorpay
M001,PAY001607,ORD008143,2024-11-08,Wallet,paid,8058.4,0.0,2024-11-11,PayU
M001,PAY001608,ORD008664,2024-11-22,UPI,paid,4629.3,0.0,2024-11-27,PhonePe
M001,PAY001609,ORD007061,2024-10-06,Debit Card,paid,3390.39,0.0,2024-10-10,Juspay
M001,PAY001610,ORD003045,2024-04-24,COD,paid,601.74,0.0,2024-04-26,PhonePe
M001,PAY001611,ORD007567,2024-10-21,Debit Card,paid,1630.31,0.0,2024-10-25,PayU
M001,PAY001612,ORD003991,2024-05-29,COD,paid,1281.83,0.0,2024-06-02,PayU
M001,PAY001613,ORD002183,2024-03-21,COD,paid,6187.64,0.0,2024-03-24,Razorpay
M001,PAY001614,ORD006173,2024-09-04,UPI,paid,2833.78,0.0,2024-09-06,Razorpay
M001,PAY001615,ORD002993,2024-04-22,COD,paid,6345.95,0.0,2024-04-24,Stripe
M001,PAY001616,ORD006613,2024-09-22,UPI,paid,2180.18,0.0,2024-09-25,PayU
M001,PAY001617,ORD001046,2024-02-02,COD,paid,3345.43,0.0,2024-02-05,PhonePe
M001,PAY001618,ORD003712,2024-05-18,UPI,paid,6345.74,0.0,2024-05-19,Cashfree
M001,PAY001619,ORD000393,2024-01-13,UPI,paid,6892.91,0.0,2024-01-15,PayU
M001,PAY001620,ORD006550,2024-09-20,UPI,paid,9441.83,0.0,2024-09-22,Juspay
M001,PAY001621,ORD006457,2024-09-16,COD,paid,7599.89,0.0,2024-09-20,PhonePe
M001,PAY001622,ORD004456,2024-06-18,Wallet,paid,7693.5,0.0,2024-06-22,PayU
M001,PAY001623,ORD009764,2024-12-23,Credit Card,paid,3821.19,0.0,2024-12-26,Cashfree
M001,PAY001624,ORD001942,2024-03-13,Credit Card,paid,9412.83,0.0,2024-03-16,Razorpay
M001,PAY001625,ORD008244,2024-11-09,UPI,paid,4458.22,0.0,2024-11-13,Cashfree
M001,PAY001626,ORD003065,2024-04-24,UPI,paid,3367.12,0.0,2024-04-29,PhonePe
M001,PAY001627,ORD003434,2024-05-07,UPI,paid,6188.75,0.0,2024-05-09,Razorpay
M001,PAY001628,ORD006463,2024-09-17,UPI,paid,4237.39,0.0,2024-09-22,Razorpay
M001,PAY001629,ORD003356,2024-05-04,Wallet,paid,3670.24,0.0,2024-05-09,Razorpay
M001,PAY001630,ORD000213,2024-01-07,Credit Card,paid,479.27,0.0,2024-01-08,PhonePe
M001,PAY001631,ORD008941,2024-11-28,Debit Card,pending,9126.62,0.0,2024-11-29,Stripe
M001,PAY001632,ORD003357,2024-05-04,Debit Card,paid,3965.8,0.0,2024-05-07,PhonePe
M001,PAY001633,ORD008965,2024-11-29,COD,paid,3583.81,0.0,2024-11-30,Stripe
M001,PAY001634,ORD004628,2024-06-25,COD,refunded,6827.56,5346.5,2024-06-27,PayU
M001,PAY001635,ORD004048,2024-05-31,UPI,paid,5900.66,0.0,2024-06-01,Cashfree
M001,PAY001636,ORD005053,2024-07-18,UPI,paid,6174.12,0.0,2024-07-23,PhonePe
M001,PAY001637,ORD006312,2024-09-09,Credit Card,paid,3050.23,0.0,2024-09-14,Stripe
M001,PAY001638,ORD009511,2024-12-15,Credit Card,paid,10675.87,0.0,2024-12-17,Cashfree
M001,PAY001639,ORD006703,2024-09-25,COD,paid,7658.69,0.0,2024-09-30,Stripe
M001,PAY001640,ORD006149,2024-09-03,COD,failed,0.0,0.0,2024-09-03,PhonePe
M001,PAY001641,ORD005587,2024-08-11,UPI,paid,3899.69,0.0,2024-08-12,Juspay
M001,PAY001642,ORD007689,2024-10-25,UPI,refunded,7480.35,1959.02,2024-10-27,Cashfree
M001,PAY001643,ORD007764,2024-10-28,COD,paid,1221.15,0.0,2024-10-29,Cashfree
M001,PAY001644,ORD000148,2024-01-06,UPI,paid,5826.0,0.0,2024-01-08,Stripe
M001,PAY001645,ORD006652,2024-09-24,Debit Card,paid,3730.1,0.0,2024-09-26,Juspay
M001,PAY001646,ORD004906,2024-07-10,UPI,paid,2847.61,0.0,2024-07-11,PhonePe
M001,PAY001647,ORD003742,2024-05-19,UPI,paid,5150.65,0.0,2024-05-24,PhonePe
M001,PAY001648,ORD009403,2024-12-12,Credit Card,paid,6451.07,0.0,2024-12-13,PhonePe
M001,PAY001649,ORD008785,2024-11-25,COD,paid,6972.39,0.0,2024-11-26,Stripe
M001,PAY001650,ORD003316,2024-05-03,COD,paid,4147.52,0.0,2024-05-08,Stripe
M001,PAY001651,ORD005667,2024-08-13,COD,paid,7994.67,0.0,2024-08-18,Stripe
M001,PAY001652,ORD004866,2024-07-07,Debit Card,failed,0.0,0.0,2024-07-07,PhonePe
M001,PAY001653,ORD001717,2024-03-04,Credit Card,paid,3203.31,0.0,2024-03-07,Cashfree
M001,PAY001654,ORD002039,2024-03-15,COD,pending,8884.27,0.0,2024-03-16,PhonePe
M001,PAY001655,ORD004808,2024-07-05,NetBanking,paid,9240.47,0.0,2024-07-07,Razorpay
M001,PAY001656,ORD008443,2024-11-15,UPI,paid,4322.08,0.0,2024-11-20,PayU
M001,PAY001657,ORD006562,2024-09-21,Debit Card,paid,7570.2,0.0,2024-09-23,Cashfree
M001,PAY001658,ORD001554,2024-02-25,UPI,paid,4605.11,0.0,2024-02-27,PhonePe
M001,PAY001659,ORD009236,2024-12-07,Debit Card,paid,9921.1,0.0,2024-12-10,Juspay
M001,PAY001660,ORD002579,2024-04-06,Debit Card,paid,5988.82,0.0,2024-04-07,Juspay
M001,PAY001661,ORD002457,2024-04-03,Debit Card,paid,5638.31,0.0,2024-04-07,Razorpay
M001,PAY001662,ORD002308,2024-03-28,Credit Card,refunded,7888.42,7383.97,2024-03-30,PayU
M001,PAY001663,ORD001460,2024-02-20,UPI,refunded,10792.83,7538.21,2024-02-21,Juspay
M001,PAY001664,ORD008144,2024-11-08,Credit Card,pending,6231.12,0.0,2024-11-10,Juspay
M001,PAY001665,ORD005380,2024-08-01,COD,failed,0.0,0.0,2024-08-01,Cashfree
M001,PAY001666,ORD003121,2024-04-26,Debit Card,paid,2500.13,0.0,2024-04-30,Cashfree
M001,PAY001667,ORD005902,2024-08-24,COD,failed,0.0,0.0,2024-08-24,PayU
M001,PAY001668,ORD001954,2024-03-12,Debit Card,paid,4021.36,0.0,2024-03-14,PayU
M001,PAY001669,ORD002021,2024-03-15,COD,paid,6010.47,0.0,2024-03-19,Juspay
M001,PAY001670,ORD004780,2024-07-03,Wallet,paid,667.41,0.0,2024-07-06,Stripe
M001,PAY001671,ORD007707,2024-10-26,NetBanking,paid,7642.42,0.0,2024-10-27,Juspay
M001,PAY001672,ORD000651,2024-01-22,COD,paid,4562.43,0.0,2024-01-23,PhonePe
M001,PAY001673,ORD001706,2024-03-02,Debit Card,paid,1189.78,0.0,2024-03-07,PhonePe
M001,PAY001674,ORD005492,2024-08-06,Debit Card,paid,3159.95,0.0,2024-08-10,Razorpay
M001,PAY001675,ORD003881,2024-05-25,UPI,pending,1998.71,0.0,2024-05-27,Cashfree
M001,PAY001676,ORD006408,2024-09-14,COD,paid,3290.24,0.0,2024-09-16,Stripe
M001,PAY001677,ORD006489,2024-09-18,COD,refunded,7726.03,2489.34,2024-09-22,PhonePe
M001,PAY001678,ORD004052,2024-05-31,UPI,pending,4949.15,0.0,2024-06-02,Juspay
M001,PAY001679,ORD008473,2024-11-15,UPI,failed,0.0,0.0,2024-11-15,Juspay
M001,PAY001680,ORD002611,2024-04-07,Debit Card,paid,1804.88,0.0,2024-04-11,PhonePe
M001,PAY001681,ORD004085,2024-06-01,UPI,paid,9097.44,0.0,2024-06-05,Stripe
M001,PAY001682,ORD009484,2024-12-14,Debit Card,paid,8331.45,0.0,2024-12-17,PhonePe
M001,PAY001683,ORD004748,2024-07-03,Credit Card,failed,0.0,0.0,2024-07-03,Razorpay
M001,PAY001684,ORD005714,2024-08-15,COD,paid,6923.48,0.0,2024-08-17,Stripe
M001,PAY001685,ORD009013,2024-11-30,COD,paid,5563.62,0.0,2024-12-03,Stripe
M001,PAY001686,ORD004061,2024-05-30,UPI,paid,3553.01,0.0,2024-06-04,PhonePe
M001,PAY001687,ORD003152,2024-04-27,COD,paid,4382.37,0.0,2024-04-28,Stripe
M001,PAY001688,ORD003914,2024-05-25,UPI,paid,2421.38,0.0,2024-05-26,Stripe
M001,PAY001689,ORD006412,2024-09-15,COD,paid,3349.28,0.0,2024-09-19,PayU
M001,PAY001690,ORD006948,2024-10-04,UPI,refunded,4224.32,3987.86,2024-10-09,PhonePe
M001,PAY001691,ORD000004,2024-01-01,Debit Card,failed,0.0,0.0,2024-01-01,Razorpay
M001,PAY001692,ORD007022,2024-10-06,COD,paid,1931.14,0.0,2024-10-09,Stripe
M001,PAY001693,ORD007090,2024-10-07,Credit Card,paid,4787.21,0.0,2024-10-11,Stripe
M001,PAY001694,ORD008729,2024-11-24,Debit Card,pending,8014.14,0.0,2024-11-26,Cashfree
M001,PAY001695,ORD003348,2024-05-05,COD,failed,0.0,0.0,2024-05-05,PhonePe
M001,PAY001696,ORD006647,2024-09-24,UPI,paid,6456.18,0.0,2024-09-26,Razorpay
M001,PAY001697,ORD000909,2024-01-29,Credit Card,paid,4186.67,0.0,2024-01-30,Stripe
M001,PAY001698,ORD007872,2024-10-31,Wallet,paid,4483.93,0.0,2024-11-05,PhonePe
M001,PAY001699,ORD008400,2024-11-14,Credit Card,paid,8042.01,0.0,2024-11-17,PhonePe
M001,PAY001700,ORD004546,2024-06-23,Debit Card,paid,4760.51,0.0,2024-06-25,Juspay
M001,PAY001701,ORD006600,2024-09-21,UPI,paid,1172.48,0.0,2024-09-25,PayU
M001,PAY001702,ORD009074,2024-12-03,COD,paid,4328.75,0.0,2024-12-04,Juspay
M001,PAY001703,ORD002921,2024-04-18,UPI,paid,5327.67,0.0,2024-04-23,PayU
M001,PAY001704,ORD007162,2024-10-09,Wallet,paid,2816.95,0.0,2024-10-14,PayU
M001,PAY001705,ORD002479,2024-04-04,COD,paid,4028.75,0.0,2024-04-07,Cashfree
M001,PAY001706,ORD004790,2024-07-04,UPI,paid,5466.92,0.0,2024-07-06,PayU
M001,PAY001707,ORD007900,2024-10-31,COD,paid,4287.31,0.0,2024-11-03,PhonePe
M001,PAY001708,ORD004062,2024-05-30,Wallet,paid,5203.85,0.0,2024-06-04,Razorpay
M001,PAY001709,ORD001982,2024-03-13,COD,paid,8343.44,0.0,2024-03-16,Juspay
M001,PAY001710,ORD002790,2024-04-15,COD,paid,2400.22,0.0,2024-04-19,Razorpay
M001,PAY001711,ORD007365,2024-10-16,COD,failed,0.0,0.0,2024-10-16,PayU
M001,PAY001712,ORD006130,2024-09-02,Wallet,paid,9804.08,0.0,2024-09-04,Razorpay
M001,PAY001713,ORD002543,2024-04-06,Credit Card,paid,5573.27,0.0,2024-04-10,PayU
M001,PAY001714,ORD009824,2024-12-26,Debit Card,paid,555.75,0.0,2024-12-27,PayU
M001,PAY001715,ORD000373,2024-01-13,UPI,paid,5622.63,0.0,2024-01-16,Cashfree
M001,PAY001716,ORD001559,2024-02-25,UPI,paid,1393.7,0.0,2024-03-01,Razorpay
M001,PAY001717,ORD007097,2024-10-07,COD,paid,1223.18,0.0,2024-10-08,Stripe
M001,PAY001718,ORD000912,2024-01-29,NetBanking,paid,2238.03,0.0,2024-01-31,PayU
M001,PAY001719,ORD002361,2024-03-31,UPI,paid,9748.34,0.0,2024-04-02,PhonePe
M001,PAY001720,ORD001841,2024-03-07,UPI,paid,4384.65,0.0,2024-03-11,Stripe
M001,PAY001721,ORD009051,2024-12-01,UPI,paid,7749.78,0.0,2024-12-03,Juspay
M001,PAY001722,ORD006132,2024-09-02,UPI,paid,7891.71,0.0,2024-09-05,Juspay
M001,PAY001723,ORD007009,2024-10-05,COD,paid,2762.28,0.0,2024-10-10,Stripe
M001,PAY001724,ORD005566,2024-08-10,UPI,paid,1639.21,0.0,2024-08-11,Stripe
M001,PAY001725,ORD003028,2024-04-22,Debit Card,paid,4048.07,0.0,2024-04-24,Juspay
M001,PAY001726,ORD007763,2024-10-27,Debit Card,paid,7575.9,0.0,2024-10-30,Juspay
M001,PAY001727,ORD000061,2024-01-03,UPI,paid,806.1,0.0,2024-01-08,Stripe
M001,PAY001728,ORD001049,2024-02-02,UPI,paid,8666.38,0.0,2024-02-04,Cashfree
M001,PAY001729,ORD008966,2024-11-28,COD,refunded,8113.0,4854.37,2024-11-29,Cashfree
M001,PAY001730,ORD004493,2024-06-20,NetBanking,paid,918.32,0.0,2024-06-23,Stripe
M001,PAY001731,ORD003803,2024-05-22,COD,refunded,3004.39,2119.26,2024-05-25,Juspay
M001,PAY001732,ORD003024,2024-04-23,COD,paid,6423.67,0.0,2024-04-25,Razorpay
M001,PAY001733,ORD001369,2024-02-16,Debit Card,paid,3328.69,0.0,2024-02-17,Stripe
M001,PAY001734,ORD004914,2024-07-11,COD,paid,7483.26,0.0,2024-07-15,PhonePe
M001,PAY001735,ORD007924,2024-11-01,Credit Card,paid,8616.52,0.0,2024-11-04,Juspay
M001,PAY001736,ORD005922,2024-08-24,Debit Card,pending,7288.11,0.0,2024-08-26,PhonePe
M001,PAY001737,ORD001765,2024-03-06,UPI,paid,5630.46,0.0,2024-03-07,PayU
M001,PAY001738,ORD000094,2024-01-03,Credit Card,refunded,6294.44,738.77,2024-01-08,Juspay
M001,PAY001739,ORD006144,2024-09-03,Debit Card,paid,6048.1,0.0,2024-09-06,PhonePe
M001,PAY001740,ORD005297,2024-07-29,COD,paid,7415.55,0.0,2024-07-30,PayU
M001,PAY001741,ORD009630,2024-12-20,Debit Card,paid,4183.64,0.0,2024-12-25,Stripe
M001,PAY001742,ORD002304,2024-03-27,UPI,paid,727.0,0.0,2024-03-31,PayU
M001,PAY001743,ORD005710,2024-08-15,UPI,paid,4415.78,0.0,2024-08-19,PhonePe
M001,PAY001744,ORD004891,2024-07-10,UPI,refunded,3976.6,2862.34,2024-07-15,Razorpay
M001,PAY001745,ORD005939,2024-08-24,UPI,paid,394.23,0.0,2024-08-26,Juspay
M001,PAY001746,ORD006388,2024-09-13,Credit Card,paid,4927.99,0.0,2024-09-18,Razorpay
M001,PAY001747,ORD003708,2024-05-18,NetBanking,paid,3503.67,0.0,2024-05-23,Stripe
M001,PAY001748,ORD007693,2024-10-26,COD,paid,7568.66,0.0,2024-10-28,Razorpay
M001,PAY001749,ORD003235,2024-05-01,UPI,paid,5635.24,0.0,2024-05-03,PayU
M001,PAY001750,ORD003205,2024-04-29,COD,paid,6150.62,0.0,2024-04-30,Stripe
M001,PAY001751,ORD005940,2024-08-24,Debit Card,paid,8498.68,0.0,2024-08-26,Stripe
M001,PAY001752,ORD004656,2024-06-28,COD,paid,5209.87,0.0,2024-06-30,Razorpay
M001,PAY001753,ORD005127,2024-07-21,UPI,paid,5697.99,0.0,2024-07-26,Juspay
M001,PAY001754,ORD000985,2024-01-31,UPI,paid,3399.73,0.0,2024-02-01,Razorpay
M001,PAY001755,ORD001957,2024-03-13,COD,pending,4983.71,0.0,2024-03-14,PayU
M001,PAY001756,ORD002636,2024-04-08,COD,paid,7912.82,0.0,2024-04-12,Cashfree
M001,PAY001757,ORD001308,2024-02-14,COD,paid,6566.53,0.0,2024-02-19,PhonePe
M001,PAY001758,ORD003150,2024-04-27,Debit Card,paid,3379.08,0.0,2024-05-01,Cashfree
M001,PAY001759,ORD006998,2024-10-05,COD,failed,0.0,0.0,2024-10-05,Cashfree
M001,PAY001760,ORD000230,2024-01-08,COD,paid,2417.92,0.0,2024-01-12,Stripe
M001,PAY001761,ORD000779,2024-01-25,UPI,paid,7466.25,0.0,2024-01-30,Razorpay
M001,PAY001762,ORD001702,2024-03-03,COD,paid,7347.1,0.0,2024-03-07,Stripe
M001,PAY001763,ORD004076,2024-06-01,COD,paid,7051.99,0.0,2024-06-03,PayU
M001,PAY001764,ORD004514,2024-06-21,COD,paid,9459.01,0.0,2024-06-25,Cashfree
M001,PAY001765,ORD008093,2024-11-06,COD,failed,0.0,0.0,2024-11-06,Stripe
M001,PAY001766,ORD003060,2024-04-24,COD,paid,3948.16,0.0,2024-04-27,Razorpay
M001,PAY001767,ORD009279,2024-12-09,Wallet,pending,3598.08,0.0,2024-12-10,Razorpay
M001,PAY001768,ORD002694,2024-04-11,Debit Card,refunded,1791.32,1634.44,2024-04-13,Cashfree
M001,PAY001769,ORD004898,2024-07-09,COD,paid,7257.29,0.0,2024-07-10,PhonePe
M001,PAY001770,ORD007961,2024-11-03,UPI,paid,4094.08,0.0,2024-11-06,PhonePe
M001,PAY001771,ORD006292,2024-09-09,UPI,paid,3687.63,0.0,2024-09-14,Stripe
M001,PAY001772,ORD003230,2024-05-01,COD,paid,8333.26,0.0,2024-05-03,Juspay
M001,PAY001773,ORD006236,2024-09-05,COD,paid,2911.4,0.0,2024-09-09,Cashfree
M001,PAY001774,ORD007064,2024-10-06,UPI,paid,679.78,0.0,2024-10-10,PhonePe
M001,PAY001775,ORD001290,2024-02-12,COD,paid,5103.07,0.0,2024-02-15,PayU
M001,PAY001776,ORD005602,2024-08-11,COD,paid,4223.07,0.0,2024-08-12,Cashfree
M001,PAY001777,ORD007777,2024-10-27,Debit Card,paid,8191.77,0.0,2024-10-29,PhonePe
M001,PAY001778,ORD007326,2024-10-15,NetBanking,paid,7797.35,0.0,2024-10-17,PayU
M001,PAY001779,ORD007568,2024-10-22,Wallet,paid,1351.74,0.0,2024-10-23,Stripe
M001,PAY001780,ORD000087,2024-01-04,UPI,paid,7093.35,0.0,2024-01-07,Juspay
M001,PAY001781,ORD004358,2024-06-14,COD,paid,2352.53,0.0,2024-06-15,Stripe
M001,PAY001782,ORD002422,2024-04-02,UPI,paid,8629.52,0.0,2024-04-06,Stripe
M001,PAY001783,ORD006467,2024-09-16,UPI,paid,3928.21,0.0,2024-09-20,PhonePe
M001,PAY001784,ORD005993,2024-08-27,Debit Card,failed,0.0,0.0,2024-08-27,PayU
M001,PAY001785,ORD004745,2024-07-02,Debit Card,paid,1698.44,0.0,2024-07-06,Stripe
M001,PAY001786,ORD008539,2024-11-17,Debit Card,paid,7778.25,0.0,2024-11-19,PhonePe
M001,PAY001787,ORD005610,2024-08-12,Debit Card,pending,7732.21,0.0,2024-08-14,Stripe
M001,PAY001788,ORD009740,2024-12-23,UPI,paid,5957.53,0.0,2024-12-25,Cashfree
M001,PAY001789,ORD004768,2024-07-04,UPI,paid,3734.59,0.0,2024-07-07,Juspay
M001,PAY001790,ORD008577,2024-11-18,Credit Card,failed,0.0,0.0,2024-11-18,Razorpay
M001,PAY001791,ORD003031,2024-04-23,COD,paid,8057.35,0.0,2024-04-25,Razorpay
M001,PAY001792,ORD006868,2024-10-02,Credit Card,paid,8573.55,0.0,2024-10-04,Cashfree
M001,PAY001793,ORD006516,2024-09-18,COD,paid,5393.23,0.0,2024-09-20,Razorpay
M001,PAY001794,ORD003481,2024-05-09,Wallet,paid,7959.26,0.0,2024-05-12,PhonePe
M001,PAY001795,ORD007107,2024-10-07,UPI,paid,7356.89,0.0,2024-10-09,PhonePe
M001,PAY001796,ORD009486,2024-12-15,COD,refunded,7790.55,3074.17,2024-12-18,Cashfree
M001,PAY001797,ORD004451,2024-06-19,UPI,refunded,8215.54,3972.33,2024-06-20,Juspay
M001,PAY001798,ORD007055,2024-10-07,COD,paid,6419.02,0.0,2024-10-10,Razorpay
M001,PAY001799,ORD007586,2024-10-22,Wallet,paid,6539.76,0.0,2024-10-24,Razorpay
M001,PAY001800,ORD003807,2024-05-21,Debit Card,paid,8754.37,0.0,2024-05-24,Cashfree
M001,PAY001801,ORD009517,2024-12-15,UPI,paid,628.21,0.0,2024-12-16,Stripe
M001,PAY001802,ORD009851,2024-12-26,Credit Card,paid,7684.76,0.0,2024-12-30,Razorpay
M001,PAY001803,ORD004196,2024-06-05,COD,paid,1545.37,0.0,2024-06-06,Juspay
M001,PAY001804,ORD006146,2024-09-03,Credit Card,paid,418.62,0.0,2024-09-05,Razorpay
M001,PAY001805,ORD008928,2024-11-28,UPI,paid,3490.86,0.0,2024-12-02,Cashfree
M001,PAY001806,ORD006471,2024-09-16,COD,refunded,6001.97,1331.55,2024-09-19,Stripe
M001,PAY001807,ORD001160,2024-02-07,UPI,paid,5743.69,0.0,2024-02-09,PayU
M001,PAY001808,ORD000980,2024-01-30,Debit Card,paid,1561.02,0.0,2024-02-02,PayU
M001,PAY001809,ORD005041,2024-07-17,NetBanking,paid,7792.78,0.0,2024-07-20,Cashfree
M001,PAY001810,ORD003647,2024-05-16,COD,paid,9074.92,0.0,2024-05-19,Stripe
M001,PAY001811,ORD008376,2024-11-14,Wallet,paid,7183.0,0.0,2024-11-16,PayU
M001,PAY001812,ORD009568,2024-12-18,Wallet,paid,3397.2,0.0,2024-12-20,PhonePe
M001,PAY001813,ORD000096,2024-01-04,COD,failed,0.0,0.0,2024-01-04,Razorpay
M001,PAY001814,ORD001154,2024-02-07,Wallet,paid,8856.03,0.0,2024-02-12,Juspay
M001,PAY001815,ORD006512,2024-09-18,Debit Card,paid,4207.25,0.0,2024-09-21,Cashfree
M001,PAY001816,ORD001649,2024-02-29,COD,pending,2320.07,0.0,2024-03-02,PayU
M001,PAY001817,ORD007683,2024-10-24,Wallet,paid,2840.48,0.0,2024-10-25,Cashfree
M001,PAY001818,ORD009706,2024-12-21,Debit Card,refunded,4873.74,1779.76,2024-12-24,Razorpay
M001,PAY001819,ORD005736,2024-08-16,COD,pending,3137.9,0.0,2024-08-18,Juspay
M001,PAY001820,ORD004990,2024-07-15,COD,paid,4416.74,0.0,2024-07-17,Cashfree
M001,PAY001821,ORD006911,2024-10-02,Wallet,paid,2808.24,0.0,2024-10-03,Cashfree
M001,PAY001822,ORD009934,2024-12-30,UPI,paid,1095.46,0.0,2024-12-31,PayU
M001,PAY001823,ORD000333,2024-01-10,COD,paid,8988.05,0.0,2024-01-11,Stripe
M001,PAY001824,ORD008047,2024-11-04,Debit Card,paid,2623.31,0.0,2024-11-07,Cashfree
M001,PAY001825,ORD005325,2024-07-30,Debit Card,paid,7301.77,0.0,2024-08-04,Stripe
M001,PAY001826,ORD008648,2024-11-21,Debit Card,paid,7165.05,0.0,2024-11-24,Cashfree
M001,PAY001827,ORD000524,2024-01-18,Credit Card,paid,8185.88,0.0,2024-01-20,Stripe
M001,PAY001828,ORD007407,2024-10-17,Debit Card,paid,5135.18,0.0,2024-10-19,Razorpay
M001,PAY001829,ORD002677,2024-04-10,UPI,paid,7525.07,0.0,2024-04-14,Cashfree
M001,PAY001830,ORD002090,2024-03-18,COD,paid,3554.25,0.0,2024-03-19,PayU
M001,PAY001831,ORD002822,2024-04-15,COD,paid,3979.65,0.0,2024-04-18,Stripe
M001,PAY001832,ORD009604,2024-12-18,COD,pending,8996.21,0.0,2024-12-20,Juspay
M001,PAY001833,ORD004301,2024-06-12,Debit Card,paid,1831.98,0.0,2024-06-17,Razorpay
M001,PAY001834,ORD003294,2024-05-03,Credit Card,failed,0.0,0.0,2024-05-03,Razorpay
M001,PAY001835,ORD002303,2024-03-28,Debit Card,paid,4816.08,0.0,2024-04-02,Stripe
M001,PAY001836,ORD005366,2024-08-01,Wallet,paid,3596.92,0.0,2024-08-05,Juspay
M001,PAY001837,ORD005302,2024-07-29,COD,paid,6293.48,0.0,2024-07-30,PhonePe
M001,PAY001838,ORD001829,2024-03-08,Credit Card,paid,2164.46,0.0,2024-03-12,Juspay
M001,PAY001839,ORD004894,2024-07-09,UPI,pending,8400.38,0.0,2024-07-10,Razorpay
M001,PAY001840,ORD007334,2024-10-14,NetBanking,refunded,8096.65,6047.45,2024-10-16,Juspay
M001,PAY001841,ORD005636,2024-08-12,NetBanking,paid,2526.89,0.0,2024-08-16,Cashfree
M001,PAY001842,ORD009029,2024-12-01,UPI,paid,7993.2,0.0,2024-12-06,PayU
M001,PAY001843,ORD005400,2024-08-03,Credit Card,paid,6151.43,0.0,2024-08-04,Stripe
M001,PAY001844,ORD006816,2024-09-29,COD,paid,3169.19,0.0,2024-10-02,PhonePe
M001,PAY001845,ORD000116,2024-01-05,Credit Card,paid,7343.04,0.0,2024-01-09,Juspay
M001,PAY001846,ORD003709,2024-05-18,COD,failed,0.0,0.0,2024-05-18,Cashfree
M001,PAY001847,ORD008741,2024-11-24,Wallet,paid,7255.66,0.0,2024-11-26,PayU
M001,PAY001848,ORD000481,2024-01-16,Credit Card,paid,10336.57,0.0,2024-01-20,PhonePe
M001,PAY001849,ORD002973,2024-04-21,UPI,refunded,6867.0,5575.28,2024-04-24,Stripe
M001,PAY001850,ORD000029,2024-01-02,COD,paid,5139.69,0.0,2024-01-03,Stripe
M001,PAY001851,ORD000395,2024-01-14,COD,refunded,7326.14,4245.77,2024-01-17,PayU
M001,PAY001852,ORD002495,2024-04-03,Debit Card,paid,4118.64,0.0,2024-04-06,Razorpay
M001,PAY001853,ORD000527,2024-01-17,Debit Card,paid,4684.91,0.0,2024-01-19,Stripe
M001,PAY001854,ORD006078,2024-08-31,UPI,paid,3410.83,0.0,2024-09-03,Cashfree
M001,PAY001855,ORD000870,2024-01-27,UPI,paid,5415.43,0.0,2024-01-30,Stripe
M001,PAY001856,ORD004505,2024-06-21,COD,paid,10735.42,0.0,2024-06-22,PayU
M001,PAY001857,ORD006274,2024-09-07,UPI,paid,6694.22,0.0,2024-09-08,PhonePe
M001,PAY001858,ORD002216,2024-03-23,UPI,paid,5385.44,0.0,2024-03-26,PhonePe
M001,PAY001859,ORD002917,2024-04-19,UPI,paid,3291.99,0.0,2024-04-20,PhonePe
M001,PAY001860,ORD003954,2024-05-27,COD,paid,7498.28,0.0,2024-05-31,PhonePe
M001,PAY001861,ORD000080,2024-01-04,Credit Card,paid,5251.41,0.0,2024-01-08,Cashfree
M001,PAY001862,ORD007673,2024-10-25,COD,failed,0.0,0.0,2024-10-25,PayU
M001,PAY001863,ORD000825,2024-01-26,COD,paid,2011.92,0.0,2024-01-31,Juspay
M001,PAY001864,ORD005741,2024-08-17,UPI,paid,2844.85,0.0,2024-08-18,PhonePe
M001,PAY001865,ORD000449,2024-01-14,COD,paid,605.77,0.0,2024-01-18,PayU
M001,PAY001866,ORD001261,2024-02-11,Credit Card,refunded,1159.48,924.94,2024-02-13,Stripe
M001,PAY001867,ORD003953,2024-05-26,COD,failed,0.0,0.0,2024-05-26,PayU
M001,PAY001868,ORD004779,2024-07-04,Wallet,paid,4752.41,0.0,2024-07-06,Cashfree
M001,PAY001869,ORD000691,2024-01-23,COD,paid,7857.3,0.0,2024-01-28,Cashfree
M001,PAY001870,ORD001176,2024-02-08,COD,paid,1431.17,0.0,2024-02-12,Razorpay
M001,PAY001871,ORD004248,2024-06-09,COD,paid,9004.76,0.0,2024-06-11,Juspay
M001,PAY001872,ORD005178,2024-07-24,COD,paid,2068.45,0.0,2024-07-27,PayU
M001,PAY001873,ORD004155,2024-06-04,COD,refunded,830.36,412.91,2024-06-06,PhonePe
M001,PAY001874,ORD007608,2024-10-22,Credit Card,paid,8631.09,0.0,2024-10-24,Cashfree
M001,PAY001875,ORD003992,2024-05-29,Credit Card,failed,0.0,0.0,2024-05-29,PhonePe
M001,PAY001876,ORD008038,2024-11-05,Debit Card,paid,583.47,0.0,2024-11-10,Cashfree
M001,PAY001877,ORD002284,2024-03-27,COD,paid,8738.89,0.0,2024-03-30,Razorpay
M001,PAY001878,ORD000243,2024-01-08,UPI,paid,11140.02,0.0,2024-01-10,Razorpay
M001,PAY001879,ORD004452,2024-06-18,COD,pending,6663.98,0.0,2024-06-20,Juspay
M001,PAY001880,ORD001620,2024-02-29,Debit Card,paid,6067.54,0.0,2024-03-05,Juspay
M001,PAY001881,ORD003493,2024-05-10,Credit Card,paid,7914.55,0.0,2024-05-12,PhonePe
M001,PAY001882,ORD005702,2024-08-16,NetBanking,paid,6127.38,0.0,2024-08-18,Razorpay
M001,PAY001883,ORD008158,2024-11-07,UPI,paid,8969.66,0.0,2024-11-11,PayU
M001,PAY001884,ORD003142,2024-04-27,Debit Card,paid,5231.23,0.0,2024-05-02,Razorpay
M001,PAY001885,ORD007302,2024-10-13,UPI,paid,1805.5,0.0,2024-10-17,Juspay
M001,PAY001886,ORD000805,2024-01-27,Wallet,paid,7820.23,0.0,2024-01-31,Stripe
M001,PAY001887,ORD000888,2024-01-29,UPI,refunded,5056.24,621.7,2024-01-30,PhonePe
M001,PAY001888,ORD000811,2024-01-26,Wallet,paid,8466.04,0.0,2024-01-28,Stripe
M001,PAY001889,ORD003662,2024-05-15,Credit Card,paid,2297.73,0.0,2024-05-20,Juspay
M001,PAY001890,ORD007370,2024-10-15,COD,paid,614.99,0.0,2024-10-16,Cashfree
M001,PAY001891,ORD001223,2024-02-10,COD,paid,6485.08,0.0,2024-02-11,Razorpay
M001,PAY001892,ORD008907,2024-11-27,UPI,paid,7966.21,0.0,2024-11-29,Juspay
M001,PAY001893,ORD006460,2024-09-16,Debit Card,refunded,1419.36,1174.96,2024-09-17,PayU
M001,PAY001894,ORD004282,2024-06-10,Wallet,paid,734.34,0.0,2024-06-13,Juspay
M001,PAY001895,ORD001077,2024-02-03,COD,paid,2086.63,0.0,2024-02-04,Cashfree
M001,PAY001896,ORD009101,2024-12-02,UPI,pending,9596.42,0.0,2024-12-03,Razorpay
M001,PAY001897,ORD000322,2024-01-10,COD,pending,6723.82,0.0,2024-01-12,PhonePe
M001,PAY001898,ORD007684,2024-10-24,COD,paid,1617.01,0.0,2024-10-25,PayU
M001,PAY001899,ORD006448,2024-09-15,Wallet,paid,2575.57,0.0,2024-09-20,PayU
M001,PAY001900,ORD007345,2024-10-15,UPI,paid,885.63,0.0,2024-10-17,Cashfree
M001,PAY001901,ORD007521,2024-10-19,COD,failed,0.0,0.0,2024-10-19,PhonePe
M001,PAY001902,ORD006159,2024-09-03,UPI,paid,2604.49,0.0,2024-09-04,Razorpay
M001,PAY001903,ORD005754,2024-08-18,Debit Card,paid,2747.4,0.0,2024-08-20,PayU
M001,PAY001904,ORD001292,2024-02-13,UPI,paid,3693.58,0.0,2024-02-18,PayU
M001,PAY001905,ORD009257,2024-12-07,Debit Card,failed,0.0,0.0,2024-12-07,PayU
M001,PAY001906,ORD008680,2024-11-21,COD,paid,1895.02,0.0,2024-11-22,PayU
M001,PAY001907,ORD009004,2024-11-29,COD,paid,1049.39,0.0,2024-11-30,Razorpay
M001,PAY001908,ORD005422,2024-08-03,COD,paid,7648.39,0.0,2024-08-07,Cashfree
M001,PAY001909,ORD004729,2024-07-01,COD,paid,1252.6,0.0,2024-07-02,PayU
M001,PAY001910,ORD006382,2024-09-12,COD,paid,2011.46,0.0,2024-09-16,Juspay
M001,PAY001911,ORD003396,2024-05-05,COD,refunded,1633.63,790.07,2024-05-08,Juspay
M001,PAY001912,ORD008235,2024-11-10,Credit Card,paid,9357.43,0.0,2024-11-15,Stripe
M001,PAY001913,ORD008179,2024-11-08,Credit Card,pending,7568.59,0.0,2024-11-09,Cashfree
M001,PAY001914,ORD003288,2024-05-03,NetBanking,failed,0.0,0.0,2024-05-03,PayU
M001,PAY001915,ORD001760,2024-03-05,Wallet,paid,653.64,0.0,2024-03-10,Razorpay
M001,PAY001916,ORD000713,2024-01-24,Debit Card,paid,8512.37,0.0,2024-01-25,PhonePe
M001,PAY001917,ORD001475,2024-02-20,NetBanking,paid,3704.93,0.0,2024-02-21,PhonePe
M001,PAY001918,ORD002000,2024-03-15,Wallet,paid,2716.96,0.0,2024-03-17,Cashfree
M001,PAY001919,ORD006297,2024-09-09,Credit Card,paid,7384.15,0.0,2024-09-12,PayU
M001,PAY001920,ORD004305,2024-06-12,Credit Card,paid,3550.35,0.0,2024-06-17,PhonePe
M001,PAY001921,ORD009118,2024-12-04,NetBanking,paid,1900.93,0.0,2024-12-07,Razorpay
M001,PAY001922,ORD002966,2024-04-21,UPI,paid,725.67,0.0,2024-04-22,PayU
M001,PAY001923,ORD004499,2024-06-20,COD,paid,1163.25,0.0,2024-06-24,PhonePe
M001,PAY001924,ORD004531,2024-06-22,Credit Card,paid,9217.66,0.0,2024-06-25,Juspay
M001,PAY001925,ORD000480,2024-01-15,Debit Card,paid,4493.51,0.0,2024-01-19,PayU
M001,PAY001926,ORD000790,2024-01-26,NetBanking,paid,1717.14,0.0,2024-01-30,Juspay
M001,PAY001927,ORD000577,2024-01-20,UPI,paid,3001.25,0.0,2024-01-25,Cashfree
M001,PAY001928,ORD009631,2024-12-19,COD,failed,0.0,0.0,2024-12-19,PhonePe
M001,PAY001929,ORD000820,2024-01-27,Debit Card,paid,1124.7,0.0,2024-01-30,PayU
M001,PAY001930,ORD004674,2024-06-29,UPI,paid,8103.28,0.0,2024-07-02,Stripe
M001,PAY001931,ORD000357,2024-01-11,Credit Card,paid,8841.14,0.0,2024-01-13,Stripe
M001,PAY001932,ORD006145,2024-09-02,UPI,paid,6524.76,0.0,2024-09-05,Stripe
M001,PAY001933,ORD006202,2024-09-04,UPI,paid,2441.18,0.0,2024-09-06,PayU
M001,PAY001934,ORD001166,2024-02-06,UPI,paid,8237.76,0.0,2024-02-07,Juspay
M001,PAY001935,ORD002205,2024-03-23,Credit Card,paid,8593.02,0.0,2024-03-27,Stripe
M001,PAY001936,ORD000620,2024-01-21,Credit Card,paid,1546.1,0.0,2024-01-22,PayU
M001,PAY001937,ORD003912,2024-05-25,Credit Card,paid,2269.51,0.0,2024-05-30,PayU
M001,PAY001938,ORD006342,2024-09-11,Debit Card,failed,0.0,0.0,2024-09-11,PhonePe
M001,PAY001939,ORD005479,2024-08-07,COD,failed,0.0,0.0,2024-08-07,Razorpay
M001,PAY001940,ORD008514,2024-11-18,Credit Card,paid,3463.38,0.0,2024-11-22,Juspay
M001,PAY001941,ORD001633,2024-03-01,UPI,failed,0.0,0.0,2024-03-01,Juspay
M001,PAY001942,ORD002723,2024-04-12,COD,failed,0.0,0.0,2024-04-12,Cashfree
M001,PAY001943,ORD003516,2024-05-10,Credit Card,paid,9254.84,0.0,2024-05-15,Cashfree
M001,PAY001944,ORD008824,2024-11-26,COD,paid,5676.77,0.0,2024-11-30,Stripe
M001,PAY001945,ORD007669,2024-10-25,UPI,paid,2195.06,0.0,2024-10-30,Juspay
M001,PAY001946,ORD005399,2024-08-02,Credit Card,refunded,2901.9,671.07,2024-08-03,Razorpay
M001,PAY001947,ORD007857,2024-10-30,Debit Card,paid,3417.9,0.0,2024-11-03,PhonePe
M001,PAY001948,ORD008865,2024-11-27,COD,failed,0.0,0.0,2024-11-27,Stripe
M001,PAY001949,ORD006500,2024-09-17,COD,paid,4964.72,0.0,2024-09-18,Stripe
M001,PAY001950,ORD005992,2024-08-28,Debit Card,paid,1248.76,0.0,2024-08-31,Razorpay
M001,PAY001951,ORD000610,2024-01-19,UPI,paid,6302.53,0.0,2024-01-24,Juspay
M001,PAY001952,ORD005226,2024-07-27,UPI,failed,0.0,0.0,2024-07-27,Juspay
M001,PAY001953,ORD006698,2024-09-26,COD,paid,9630.03,0.0,2024-10-01,Juspay
M001,PAY001954,ORD004980,2024-07-14,Wallet,paid,1091.96,0.0,2024-07-17,PhonePe
M001,PAY001955,ORD002159,2024-03-20,UPI,paid,4853.53,0.0,2024-03-24,Cashfree
M001,PAY001956,ORD005423,2024-08-04,COD,paid,2830.41,0.0,2024-08-05,PhonePe
M001,PAY001957,ORD006001,2024-08-28,Credit Card,paid,2666.01,0.0,2024-08-31,PhonePe
M001,PAY001958,ORD006518,2024-09-19,UPI,refunded,5496.61,1778.72,2024-09-22,PhonePe
M001,PAY001959,ORD000792,2024-01-26,Debit Card,paid,8448.21,0.0,2024-01-31,PhonePe
M001,PAY001960,ORD009937,2024-12-29,COD,paid,3474.83,0.0,2025-01-01,Juspay
M001,PAY001961,ORD008915,2024-11-27,UPI,paid,6401.99,0.0,2024-11-28,Juspay
M001,PAY001962,ORD002395,2024-03-31,COD,paid,4832.52,0.0,2024-04-01,Razorpay
M001,PAY001963,ORD009512,2024-12-15,UPI,paid,10812.04,0.0,2024-12-19,PhonePe
M001,PAY001964,ORD003548,2024-05-12,COD,paid,9022.17,0.0,2024-05-16,PhonePe
M001,PAY001965,ORD003568,2024-05-12,COD,paid,5217.15,0.0,2024-05-16,PhonePe
M001,PAY001966,ORD003666,2024-05-16,NetBanking,paid,3211.03,0.0,2024-05-19,Stripe
M001,PAY001967,ORD003074,2024-04-25,NetBanking,paid,5955.1,0.0,2024-04-30,Cashfree
M001,PAY001968,ORD005835,2024-08-20,UPI,paid,9261.48,0.0,2024-08-25,PayU
M001,PAY001969,ORD003182,2024-04-29,COD,pending,5488.44,0.0,2024-04-30,Cashfree
M001,PAY001970,ORD003781,2024-05-21,UPI,paid,7308.79,0.0,2024-05-24,Razorpay
M001,PAY001971,ORD001562,2024-02-26,UPI,paid,6856.14,0.0,2024-03-01,PayU
M001,PAY001972,ORD006319,2024-09-09,Debit Card,paid,6845.69,0.0,2024-09-12,Razorpay
M001,PAY001973,ORD004092,2024-05-31,UPI,paid,1484.77,0.0,2024-06-02,Razorpay
M001,PAY001974,ORD000621,2024-01-20,Debit Card,paid,7918.57,0.0,2024-01-22,Stripe
M001,PAY001975,ORD006801,2024-09-30,Credit Card,paid,2985.03,0.0,2024-10-01,Cashfree
M001,PAY001976,ORD008655,2024-11-22,UPI,paid,1373.13,0.0,2024-11-24,PhonePe
M001,PAY001977,ORD003891,2024-05-25,NetBanking,paid,5303.28,0.0,2024-05-29,PhonePe
M001,PAY001978,ORD005249,2024-07-28,Debit Card,paid,1890.58,0.0,2024-07-29,PayU
M001,PAY001979,ORD002016,2024-03-15,UPI,paid,7282.36,0.0,2024-03-17,Stripe
M001,PAY001980,ORD001688,2024-03-03,NetBanking,refunded,6286.58,2479.99,2024-03-05,Stripe
M001,PAY001981,ORD004701,2024-06-29,COD,paid,1817.02,0.0,2024-07-03,Cashfree
M001,PAY001982,ORD000757,2024-01-25,COD,paid,2539.11,0.0,2024-01-26,Stripe
M001,PAY001983,ORD004616,2024-06-26,Debit Card,paid,8239.06,0.0,2024-06-28,PhonePe
M001,PAY001984,ORD009763,2024-12-24,UPI,paid,6869.31,0.0,2024-12-28,Razorpay
M001,PAY001985,ORD000384,2024-01-12,UPI,paid,7124.94,0.0,2024-01-13,PhonePe
M001,PAY001986,ORD009475,2024-12-15,COD,paid,1536.69,0.0,2024-12-17,PayU
M001,PAY001987,ORD000138,2024-01-05,COD,pending,7107.5,0.0,2024-01-07,Stripe
M001,PAY001988,ORD008589,2024-11-20,UPI,paid,6636.17,0.0,2024-11-22,Razorpay
M001,PAY001989,ORD007890,2024-10-31,Wallet,paid,8055.04,0.0,2024-11-03,PayU
M001,PAY001990,ORD008819,2024-11-26,Wallet,failed,0.0,0.0,2024-11-26,Cashfree
M001,PAY001991,ORD008544,2024-11-18,UPI,paid,4683.78,0.0,2024-11-21,Razorpay
M001,PAY001992,ORD006473,2024-09-17,UPI,paid,4370.33,0.0,2024-09-18,Razorpay
M001,PAY001993,ORD007578,2024-10-21,COD,paid,10957.5,0.0,2024-10-26,Cashfree
M001,PAY001994,ORD009151,2024-12-05,UPI,paid,6690.16,0.0,2024-12-08,PayU
M001,PAY001995,ORD003996,2024-05-28,UPI,paid,5984.28,0.0,2024-05-30,PhonePe
M001,PAY001996,ORD004796,2024-07-04,UPI,paid,3387.39,0.0,2024-07-05,Juspay
M001,PAY001997,ORD008880,2024-11-27,UPI,paid,6071.59,0.0,2024-12-01,PayU
M001,PAY001998,ORD005425,2024-08-04,UPI,paid,5038.27,0.0,2024-08-07,Juspay
M001,PAY001999,ORD006060,2024-08-30,COD,refunded,8280.58,6358.83,2024-09-03,Stripe
M001,PAY002000,ORD003236,2024-05-01,COD,paid,2805.75,0.0,2024-05-06,Cashfree
M001,PAY002001,ORD000272,2024-01-09,NetBanking,paid,3341.37,0.0,2024-01-11,Juspay
M001,PAY002002,ORD001874,2024-03-10,COD,refunded,1841.41,1846.51,2024-03-12,Stripe
M001,PAY002003,ORD008367,2024-11-13,NetBanking,paid,8528.63,0.0,2024-11-18,Cashfree
M001,PAY002004,ORD005083,2024-07-20,COD,paid,6799.26,0.0,2024-07-25,Juspay
M001,PAY002005,ORD002987,2024-04-22,Debit Card,paid,8346.91,0.0,2024-04-26,PhonePe
M001,PAY002006,ORD004719,2024-07-01,UPI,paid,5470.99,0.0,2024-07-06,Stripe
M001,PAY002007,ORD003631,2024-05-14,UPI,paid,8069.54,0.0,2024-05-15,PhonePe
M001,PAY002008,ORD004316,2024-06-12,Credit Card,paid,10770.78,0.0,2024-06-17,PayU
M001,PAY002009,ORD006027,2024-08-28,Credit Card,paid,7161.96,0.0,2024-08-31,Stripe
M001,PAY002010,ORD002009,2024-03-15,Wallet,paid,1924.99,0.0,2024-03-20,Juspay
M001,PAY002011,ORD004615,2024-06-25,Credit Card,paid,2209.98,0.0,2024-06-30,Juspay
M001,PAY002012,ORD007823,2024-10-30,COD,paid,1234.57,0.0,2024-11-04,Juspay
M001,PAY002013,ORD006774,2024-09-28,NetBanking,failed,0.0,0.0,2024-09-28,Cashfree
M001,PAY002014,ORD004480,2024-06-20,Credit Card,paid,3722.56,0.0,2024-06-25,PhonePe
M001,PAY002015,ORD007317,2024-10-13,COD,pending,6043.22,0.0,2024-10-15,Juspay
M001,PAY002016,ORD001263,2024-02-11,UPI,paid,7184.4,0.0,2024-02-15,Stripe
M001,PAY002017,ORD007639,2024-10-23,Wallet,paid,672.93,0.0,2024-10-26,PayU
M001,PAY002018,ORD009799,2024-12-25,Debit Card,paid,8695.35,0.0,2024-12-29,Cashfree
M001,PAY002019,ORD000232,2024-01-08,COD,paid,4556.62,0.0,2024-01-13,Juspay
M001,PAY002020,ORD005349,2024-08-01,UPI,paid,4759.72,0.0,2024-08-03,PayU
M001,PAY002021,ORD008893,2024-11-26,COD,paid,3493.12,0.0,2024-11-30,Stripe
M001,PAY002022,ORD009083,2024-12-03,UPI,paid,8620.27,0.0,2024-12-08,Juspay
M001,PAY002023,ORD002015,2024-03-15,COD,paid,7331.63,0.0,2024-03-20,PayU
M001,PAY002024,ORD005289,2024-07-29,COD,paid,8015.11,0.0,2024-07-30,PhonePe
M001,PAY002025,ORD001819,2024-03-08,Credit Card,paid,7395.75,0.0,2024-03-09,Stripe
M001,PAY002026,ORD001271,2024-02-12,Credit Card,paid,4132.95,0.0,2024-02-15,Cashfree
M001,PAY002027,ORD009366,2024-12-11,COD,paid,4247.4,0.0,2024-12-14,Cashfree
M001,PAY002028,ORD008777,2024-11-25,UPI,paid,8198.59,0.0,2024-11-27,Stripe
M001,PAY002029,ORD009822,2024-12-26,Debit Card,pending,3110.99,0.0,2024-12-27,PayU
M001,PAY002030,ORD008413,2024-11-14,COD,paid,2115.65,0.0,2024-11-16,Stripe
M001,PAY002031,ORD009612,2024-12-18,Credit Card,paid,6514.92,0.0,2024-12-21,Cashfree
M001,PAY002032,ORD009132,2024-12-03,COD,paid,4574.89,0.0,2024-12-06,PayU
M001,PAY002033,ORD007069,2024-10-06,Wallet,paid,3083.27,0.0,2024-10-11,Juspay
M001,PAY002034,ORD003011,2024-04-22,NetBanking,paid,7961.07,0.0,2024-04-26,Stripe
M001,PAY002035,ORD005238,2024-07-26,COD,paid,9997.3,0.0,2024-07-29,Juspay
M001,PAY002036,ORD004847,2024-07-07,Credit Card,paid,7620.26,0.0,2024-07-09,Stripe
M001,PAY002037,ORD008487,2024-11-16,COD,paid,4258.77,0.0,2024-11-21,Stripe
M001,PAY002038,ORD002952,2024-04-20,COD,refunded,3172.38,1235.32,2024-04-24,Stripe
M001,PAY002039,ORD004378,2024-06-16,Wallet,paid,2178.24,0.0,2024-06-19,Razorpay
M001,PAY002040,ORD004377,2024-06-16,COD,paid,3799.44,0.0,2024-06-21,Stripe
M001,PAY002041,ORD000657,2024-01-21,UPI,paid,6459.89,0.0,2024-01-22,PhonePe
M001,PAY002042,ORD002079,2024-03-17,Debit Card,paid,4053.77,0.0,2024-03-18,Stripe
M001,PAY002043,ORD009234,2024-12-07,Debit Card,paid,9533.24,0.0,2024-12-12,Razorpay
M001,PAY002044,ORD004528,2024-06-22,COD,paid,2457.93,0.0,2024-06-27,Cashfree
M001,PAY002045,ORD004520,2024-06-21,Wallet,paid,2921.02,0.0,2024-06-25,Cashfree
M001,PAY002046,ORD001277,2024-02-11,UPI,paid,4003.62,0.0,2024-02-15,Juspay
M001,PAY002047,ORD002141,2024-03-20,COD,failed,0.0,0.0,2024-03-20,Juspay
M001,PAY002048,ORD002671,2024-04-11,Debit Card,paid,1195.79,0.0,2024-04-15,Cashfree
M001,PAY002049,ORD005856,2024-08-21,Credit Card,paid,5459.33,0.0,2024-08-22,PhonePe
M001,PAY002050,ORD004887,2024-07-10,UPI,paid,2368.04,0.0,2024-07-13,PayU
M001,PAY002051,ORD002350,2024-03-29,COD,pending,5022.66,0.0,2024-03-30,Razorpay
M001,PAY002052,ORD009805,2024-12-24,Credit Card,paid,4276.75,0.0,2024-12-27,Razorpay
M001,PAY002053,ORD003467,2024-05-09,UPI,paid,4234.73,0.0,2024-05-13,PhonePe
M001,PAY002054,ORD000936,2024-01-30,Credit Card,paid,7176.06,0.0,2024-02-01,Juspay
M001,PAY002055,ORD005625,2024-08-13,UPI,pending,4240.79,0.0,2024-08-15,Cashfree
M001,PAY002056,ORD006441,2024-09-16,UPI,paid,5495.99,0.0,2024-09-21,Juspay
M001,PAY002057,ORD007455,2024-10-17,UPI,paid,3535.06,0.0,2024-10-18,PayU
M001,PAY002058,ORD001320,2024-02-14,COD,paid,2558.47,0.0,2024-02-17,PhonePe
M001,PAY002059,ORD002381,2024-03-30,COD,paid,6416.01,0.0,2024-04-02,PhonePe
M001,PAY002060,ORD004831,2024-07-06,Debit Card,refunded,8999.42,1460.8,2024-07-08,Stripe
M001,PAY002061,ORD009875,2024-12-27,Wallet,paid,1316.06,0.0,2024-12-30,PayU
M001,PAY002062,ORD002110,2024-03-18,COD,paid,8513.8,0.0,2024-03-20,Juspay
M001,PAY002063,ORD003432,2024-05-07,COD,paid,3431.91,0.0,2024-05-12,PayU
M001,PAY002064,ORD000887,2024-01-28,COD,paid,4187.34,0.0,2024-02-02,Juspay
M001,PAY002065,ORD000428,2024-01-13,UPI,failed,0.0,0.0,2024-01-13,Juspay
M001,PAY002066,ORD001306,2024-02-13,Debit Card,paid,7744.26,0.0,2024-02-17,Juspay
M001,PAY002067,ORD008064,2024-11-05,UPI,paid,1185.12,0.0,2024-11-08,Razorpay
M001,PAY002068,ORD009985,2024-12-30,UPI,paid,8687.62,0.0,2024-12-31,Cashfree
M001,PAY002069,ORD004144,2024-06-04,UPI,paid,8101.52,0.0,2024-06-07,Juspay
M001,PAY002070,ORD007015,2024-10-05,UPI,paid,3457.4,0.0,2024-10-06,Cashfree
M001,PAY002071,ORD000972,2024-01-31,Debit Card,paid,5633.32,0.0,2024-02-05,Stripe
M001,PAY002072,ORD006841,2024-09-30,COD,refunded,7549.54,1731.15,2024-10-03,Stripe
M001,PAY002073,ORD004792,2024-07-05,COD,paid,2987.31,0.0,2024-07-07,Cashfree
M001,PAY002074,ORD008809,2024-11-25,COD,paid,7053.06,0.0,2024-11-26,PayU
M001,PAY002075,ORD005897,2024-08-23,COD,paid,2234.2,0.0,2024-08-27,Stripe
M001,PAY002076,ORD002541,2024-04-05,Debit Card,paid,6842.64,0.0,2024-04-06,Razorpay
M001,PAY002077,ORD004057,2024-05-30,COD,paid,2904.77,0.0,2024-06-03,Cashfree
M001,PAY002078,ORD008030,2024-11-04,COD,paid,3845.76,0.0,2024-11-05,Stripe
M001,PAY002079,ORD007532,2024-10-21,COD,refunded,3500.06,2999.7,2024-10-25,Juspay
M001,PAY002080,ORD009457,2024-12-13,COD,paid,575.66,0.0,2024-12-16,Razorpay
M001,PAY002081,ORD000509,2024-01-17,Credit Card,paid,4349.2,0.0,2024-01-18,Juspay
M001,PAY002082,ORD002380,2024-03-30,UPI,paid,7824.76,0.0,2024-04-01,Juspay
M001,PAY002083,ORD003126,2024-04-26,UPI,paid,1444.37,0.0,2024-04-27,Juspay
M001,PAY002084,ORD005305,2024-07-29,COD,refunded,4255.85,1157.03,2024-07-31,Stripe
M001,PAY002085,ORD001773,2024-03-05,Debit Card,paid,5315.04,0.0,2024-03-09,Juspay
M001,PAY002086,ORD003922,2024-05-25,Credit Card,paid,4841.83,0.0,2024-05-26,Cashfree
M001,PAY002087,ORD000721,2024-01-24,Debit Card,paid,7828.33,0.0,2024-01-28,PhonePe
M001,PAY002088,ORD006137,2024-09-02,COD,paid,2021.44,0.0,2024-09-05,Juspay
M001,PAY002089,ORD007704,2024-10-26,Credit Card,paid,7154.34,0.0,2024-10-30,PayU
M001,PAY002090,ORD001339,2024-02-15,Debit Card,pending,8634.62,0.0,2024-02-16,Cashfree
M001,PAY002091,ORD008056,2024-11-04,COD,paid,4536.52,0.0,2024-11-09,PhonePe
M001,PAY002092,ORD000515,2024-01-16,COD,failed,0.0,0.0,2024-01-16,Cashfree
M001,PAY002093,ORD006547,2024-09-20,COD,paid,5779.17,0.0,2024-09-21,Stripe
M001,PAY002094,ORD003022,2024-04-22,UPI,paid,2195.1,0.0,2024-04-23,PhonePe
M001,PAY002095,ORD009842,2024-12-27,UPI,paid,8244.88,0.0,2024-12-28,PayU
M001,PAY002096,ORD003972,2024-05-28,Credit Card,paid,8446.29,0.0,2024-06-02,Razorpay
M001,PAY002097,ORD000206,2024-01-07,COD,paid,1175.89,0.0,2024-01-08,PhonePe
M001,PAY002098,ORD004149,2024-06-03,Credit Card,paid,4071.34,0.0,2024-06-06,PayU
M001,PAY002099,ORD003745,2024-05-20,COD,paid,1611.26,0.0,2024-05-22,Juspay
M001,PAY002100,ORD004784,2024-07-04,Credit Card,paid,1485.14,0.0,2024-07-08,PayU
M001,PAY002101,ORD007718,2024-10-26,UPI,paid,9319.76,0.0,2024-10-27,Juspay
M001,PAY002102,ORD004872,2024-07-09,UPI,paid,7929.67,0.0,2024-07-12,Cashfree
M001,PAY002103,ORD000555,2024-01-18,COD,paid,3222.25,0.0,2024-01-21,Cashfree
M001,PAY002104,ORD007481,2024-10-18,Debit Card,paid,2918.94,0.0,2024-10-23,Cashfree
M001,PAY002105,ORD002384,2024-04-01,COD,paid,7658.88,0.0,2024-04-03,Razorpay
M001,PAY002106,ORD009506,2024-12-15,Credit Card,paid,4256.22,0.0,2024-12-20,Juspay
M001,PAY002107,ORD000070,2024-01-03,Credit Card,failed,0.0,0.0,2024-01-03,Cashfree
M001,PAY002108,ORD001539,2024-02-24,COD,refunded,2201.71,1472.92,2024-02-26,Stripe
M001,PAY002109,ORD001034,2024-02-01,COD,paid,8389.25,0.0,2024-02-04,Juspay
M001,PAY002110,ORD000533,2024-01-18,Credit Card,failed,0.0,0.0,2024-01-18,PhonePe
M001,PAY002111,ORD004769,2024-07-04,UPI,paid,9982.53,0.0,2024-07-05,Stripe
M001,PAY002112,ORD009285,2024-12-09,Wallet,failed,0.0,0.0,2024-12-09,Stripe
M001,PAY002113,ORD000618,2024-01-21,UPI,paid,4272.15,0.0,2024-01-25,PayU
M001,PAY002114,ORD007584,2024-10-21,NetBanking,paid,8476.21,0.0,2024-10-23,PayU
M001,PAY002115,ORD004811,2024-07-05,COD,failed,0.0,0.0,2024-07-05,PayU
M001,PAY002116,ORD002585,2024-04-06,Debit Card,paid,6843.77,0.0,2024-04-11,PhonePe
M001,PAY002117,ORD006610,2024-09-23,NetBanking,paid,1671.59,0.0,2024-09-27,PayU
M001,PAY002118,ORD000301,2024-01-10,NetBanking,paid,4698.01,0.0,2024-01-11,Stripe
M001,PAY002119,ORD003757,2024-05-19,COD,paid,4110.66,0.0,2024-05-23,Juspay
M001,PAY002120,ORD009813,2024-12-25,COD,paid,10184.09,0.0,2024-12-26,Juspay
M001,PAY002121,ORD006653,2024-09-23,Wallet,paid,9186.99,0.0,2024-09-26,Stripe
M001,PAY002122,ORD008442,2024-11-15,Credit Card,paid,6503.81,0.0,2024-11-19,Cashfree
M001,PAY002123,ORD003835,2024-05-22,COD,paid,7710.26,0.0,2024-05-27,Cashfree
M001,PAY002124,ORD003987,2024-05-29,COD,paid,7476.73,0.0,2024-05-31,Juspay
M001,PAY002125,ORD006542,2024-09-20,NetBanking,paid,711.45,0.0,2024-09-21,Stripe
M001,PAY002126,ORD002678,2024-04-11,COD,paid,1869.77,0.0,2024-04-14,PhonePe
M001,PAY002127,ORD008668,2024-11-22,COD,paid,2923.09,0.0,2024-11-24,Cashfree
M001,PAY002128,ORD007644,2024-10-24,COD,pending,1551.61,0.0,2024-10-26,Cashfree
M001,PAY002129,ORD002971,2024-04-20,COD,failed,0.0,0.0,2024-04-20,PhonePe
M001,PAY002130,ORD003470,2024-05-10,COD,paid,6739.84,0.0,2024-05-15,PhonePe
M001,PAY002131,ORD009812,2024-12-26,UPI,failed,0.0,0.0,2024-12-26,Cashfree
M001,PAY002132,ORD006825,2024-09-30,UPI,failed,0.0,0.0,2024-09-30,PhonePe
M001,PAY002133,ORD008600,2024-11-19,Credit Card,paid,4322.81,0.0,2024-11-21,PhonePe
M001,PAY002134,ORD008818,2024-11-26,COD,paid,7456.79,0.0,2024-11-29,Juspay
M001,PAY002135,ORD002926,2024-04-19,UPI,paid,3747.93,0.0,2024-04-22,Stripe
M001,PAY002136,ORD000778,2024-01-25,Credit Card,paid,2273.19,0.0,2024-01-30,Juspay
M001,PAY002137,ORD009843,2024-12-26,COD,paid,769.45,0.0,2024-12-31,Razorpay
M001,PAY002138,ORD009186,2024-12-05,COD,paid,7488.63,0.0,2024-12-09,PhonePe
M001,PAY002139,ORD005243,2024-07-27,COD,paid,2887.96,0.0,2024-08-01,Cashfree
M001,PAY002140,ORD002805,2024-04-15,COD,paid,4831.88,0.0,2024-04-20,Cashfree
M001,PAY002141,ORD009156,2024-12-05,NetBanking,failed,0.0,0.0,2024-12-05,Juspay
M001,PAY002142,ORD005099,2024-07-21,UPI,paid,1631.88,0.0,2024-07-24,PayU
M001,PAY002143,ORD005018,2024-07-15,COD,paid,552.06,0.0,2024-07-17,Stripe
M001,PAY002144,ORD003392,2024-05-05,Debit Card,pending,6277.7,0.0,2024-05-07,Stripe
M001,PAY002145,ORD005096,2024-07-21,UPI,paid,4573.42,0.0,2024-07-23,PayU
M001,PAY002146,ORD008114,2024-11-07,COD,paid,4209.44,0.0,2024-11-10,PayU
M001,PAY002147,ORD004902,2024-07-10,UPI,paid,2719.71,0.0,2024-07-11,Stripe
M001,PAY002148,ORD007525,2024-10-20,COD,paid,6063.34,0.0,2024-10-22,Juspay
M001,PAY002149,ORD004399,2024-06-16,Wallet,paid,10867.03,0.0,2024-06-21,Juspay
M001,PAY002150,ORD006470,2024-09-16,Credit Card,failed,0.0,0.0,2024-09-16,PhonePe
M001,PAY002151,ORD009757,2024-12-23,Wallet,paid,493.8,0.0,2024-12-26,Stripe
M001,PAY002152,ORD002894,2024-04-18,Debit Card,paid,4794.18,0.0,2024-04-19,Razorpay
M001,PAY002153,ORD007595,2024-10-21,COD,paid,8258.38,0.0,2024-10-22,Stripe
M001,PAY002154,ORD005323,2024-07-31,COD,paid,8008.46,0.0,2024-08-04,Cashfree
M001,PAY002155,ORD005695,2024-08-15,COD,paid,5219.28,0.0,2024-08-19,Razorpay
M001,PAY002156,ORD009174,2024-12-06,COD,paid,9913.58,0.0,2024-12-07,Razorpay
M001,PAY002157,ORD005154,2024-07-23,Credit Card,refunded,7623.34,6287.5,2024-07-27,Cashfree
M001,PAY002158,ORD002431,2024-04-01,UPI,paid,9512.91,0.0,2024-04-04,Juspay
M001,PAY002159,ORD005354,2024-07-31,UPI,refunded,3821.23,2966.09,2024-08-04,Juspay
M001,PAY002160,ORD002643,2024-04-09,UPI,paid,2341.83,0.0,2024-04-12,Juspay
M001,PAY002161,ORD005764,2024-08-18,COD,refunded,8114.53,6585.39,2024-08-23,PhonePe
M001,PAY002162,ORD000587,2024-01-19,COD,paid,3254.27,0.0,2024-01-21,Juspay
M001,PAY002163,ORD004706,2024-07-01,Debit Card,paid,1312.18,0.0,2024-07-03,Juspay
M001,PAY002164,ORD002290,2024-03-26,NetBanking,failed,0.0,0.0,2024-03-26,PhonePe
M001,PAY002165,ORD009974,2024-12-31,Credit Card,paid,1065.89,0.0,2025-01-01,PhonePe
M001,PAY002166,ORD006153,2024-09-02,Wallet,paid,9055.89,0.0,2024-09-07,PhonePe
M001,PAY002167,ORD003571,2024-05-12,Credit Card,paid,8368.68,0.0,2024-05-15,Juspay
M001,PAY002168,ORD002955,2024-04-19,COD,refunded,5472.26,2125.92,2024-04-23,Cashfree
M001,PAY002169,ORD002443,2024-04-03,COD,paid,949.46,0.0,2024-04-08,Razorpay
M001,PAY002170,ORD007049,2024-10-06,UPI,failed,0.0,0.0,2024-10-06,Razorpay
M001,PAY002171,ORD003802,2024-05-22,Debit Card,paid,8161.09,0.0,2024-05-25,PayU
M001,PAY002172,ORD002699,2024-04-11,UPI,paid,1275.34,0.0,2024-04-14,Stripe
M001,PAY002173,ORD002646,2024-04-10,UPI,paid,3856.35,0.0,2024-04-14,Cashfree
M001,PAY002174,ORD003924,2024-05-25,Wallet,paid,9176.99,0.0,2024-05-28,Juspay
M001,PAY002175,ORD001839,2024-03-08,COD,paid,5062.96,0.0,2024-03-11,Cashfree
M001,PAY002176,ORD003199,2024-04-30,Credit Card,paid,1316.97,0.0,2024-05-02,PayU
M001,PAY002177,ORD006328,2024-09-09,Credit Card,paid,1703.21,0.0,2024-09-13,PayU
M001,PAY002178,ORD003552,2024-05-11,Wallet,paid,6747.87,0.0,2024-05-15,Cashfree
M001,PAY002179,ORD006740,2024-09-26,UPI,paid,9990.42,0.0,2024-09-29,PhonePe
M001,PAY002180,ORD005797,2024-08-19,COD,paid,4146.48,0.0,2024-08-20,Juspay
M001,PAY002181,ORD004053,2024-05-31,UPI,paid,6405.29,0.0,2024-06-05,Razorpay
M001,PAY002182,ORD001252,2024-02-10,Debit Card,paid,3549.13,0.0,2024-02-13,PayU
M001,PAY002183,ORD001943,2024-03-13,Credit Card,paid,8239.12,0.0,2024-03-15,Stripe
M001,PAY002184,ORD007050,2024-10-05,NetBanking,paid,9401.05,0.0,2024-10-09,Cashfree
M001,PAY002185,ORD007284,2024-10-12,COD,paid,2884.46,0.0,2024-10-17,PhonePe
M001,PAY002186,ORD004939,2024-07-12,Debit Card,paid,6944.99,0.0,2024-07-16,PayU
M001,PAY002187,ORD003169,2024-04-28,Wallet,paid,4900.09,0.0,2024-04-30,Razorpay
M001,PAY002188,ORD005048,2024-07-18,Debit Card,refunded,1126.46,859.27,2024-07-21,Juspay
M001,PAY002189,ORD009972,2024-12-30,Debit Card,paid,6526.8,0.0,2025-01-03,Razorpay
M001,PAY002190,ORD009407,2024-12-12,UPI,paid,701.78,0.0,2024-12-16,Razorpay
M001,PAY002191,ORD008044,2024-11-05,COD,paid,4511.7,0.0,2024-11-06,Razorpay
M001,PAY002192,ORD005247,2024-07-28,UPI,paid,3110.62,0.0,2024-07-31,Razorpay
M001,PAY002193,ORD002704,2024-04-12,UPI,pending,2703.23,0.0,2024-04-13,Stripe
M001,PAY002194,ORD005918,2024-08-24,Credit Card,paid,7774.77,0.0,2024-08-25,Razorpay
M001,PAY002195,ORD000350,2024-01-11,NetBanking,paid,607.02,0.0,2024-01-15,Stripe
M001,PAY002196,ORD003704,2024-05-17,Credit Card,paid,5905.02,0.0,2024-05-22,Stripe
M001,PAY002197,ORD009639,2024-12-20,UPI,paid,7506.68,0.0,2024-12-23,PayU
M001,PAY002198,ORD001574,2024-02-27,Debit Card,paid,2899.28,0.0,2024-03-02,Cashfree
M001,PAY002199,ORD001336,2024-02-14,COD,paid,9261.74,0.0,2024-02-19,PayU
M001,PAY002200,ORD008640,2024-11-21,Credit Card,paid,4694.12,0.0,2024-11-24,Stripe
M001,PAY002201,ORD002201,2024-03-22,UPI,paid,11328.9,0.0,2024-03-23,Stripe
M001,PAY002202,ORD008839,2024-11-26,UPI,paid,2032.41,0.0,2024-11-28,Stripe
M001,PAY002203,ORD005375,2024-08-01,Credit Card,paid,1728.26,0.0,2024-08-04,Razorpay
M001,PAY002204,ORD006443,2024-09-15,COD,paid,2768.2,0.0,2024-09-17,PhonePe
M001,PAY002205,ORD004985,2024-07-14,Debit Card,paid,2829.43,0.0,2024-07-17,PayU
M001,PAY002206,ORD009207,2024-12-07,COD,paid,6795.68,0.0,2024-12-08,Cashfree
M001,PAY002207,ORD000708,2024-01-23,COD,paid,7278.6,0.0,2024-01-28,Cashfree
M001,PAY002208,ORD005299,2024-07-29,UPI,pending,4797.8,0.0,2024-07-30,Juspay
M001,PAY002209,ORD000479,2024-01-15,Wallet,paid,2484.25,0.0,2024-01-20,Stripe
M001,PAY002210,ORD000617,2024-01-20,Debit Card,paid,3571.33,0.0,2024-01-23,Juspay
M001,PAY002211,ORD007945,2024-11-01,COD,refunded,2449.9,1363.09,2024-11-03,Razorpay
M001,PAY002212,ORD006038,2024-08-30,UPI,paid,1496.06,0.0,2024-09-01,Cashfree
M001,PAY002213,ORD007479,2024-10-18,COD,paid,1616.43,0.0,2024-10-23,Razorpay
M001,PAY002214,ORD004960,2024-07-12,UPI,refunded,2922.24,1119.39,2024-07-17,PayU
M001,PAY002215,ORD001489,2024-02-21,UPI,paid,1946.13,0.0,2024-02-22,Cashfree
M001,PAY002216,ORD001931,2024-03-11,UPI,paid,3060.05,0.0,2024-03-14,Juspay
M001,PAY002217,ORD007743,2024-10-26,COD,paid,7920.42,0.0,2024-10-27,PhonePe
M001,PAY002218,ORD008864,2024-11-27,NetBanking,paid,1085.11,0.0,2024-12-02,Stripe
M001,PAY002219,ORD009584,2024-12-17,UPI,paid,1262.88,0.0,2024-12-21,Razorpay
M001,PAY002220,ORD005201,2024-07-26,COD,paid,4436.22,0.0,2024-07-27,Stripe
M001,PAY002221,ORD005457,2024-08-05,UPI,refunded,9980.88,4528.54,2024-08-09,PayU
M001,PAY002222,ORD005984,2024-08-26,COD,paid,3615.81,0.0,2024-08-27,PhonePe
M001,PAY002223,ORD004293,2024-06-11,NetBanking,failed,0.0,0.0,2024-06-11,Cashfree
M001,PAY002224,ORD000200,2024-01-06,COD,paid,8610.46,0.0,2024-01-08,PayU
M001,PAY002225,ORD001389,2024-02-16,Wallet,refunded,1433.4,1456.33,2024-02-21,Juspay
M001,PAY002226,ORD004983,2024-07-14,Debit Card,paid,1781.49,0.0,2024-07-15,PhonePe
M001,PAY002227,ORD003733,2024-05-18,COD,paid,3358.61,0.0,2024-05-19,Razorpay
M001,PAY002228,ORD002784,2024-04-13,Debit Card,paid,7405.8,0.0,2024-04-18,Stripe
M001,PAY002229,ORD000217,2024-01-08,COD,pending,6849.62,0.0,2024-01-10,Juspay
M001,PAY002230,ORD000765,2024-01-24,UPI,paid,7643.07,0.0,2024-01-29,Razorpay
M001,PAY002231,ORD000806,2024-01-27,Debit Card,paid,2085.3,0.0,2024-01-30,PayU
M001,PAY002232,ORD002033,2024-03-16,UPI,paid,3300.2,0.0,2024-03-18,Stripe
M001,PAY002233,ORD001123,2024-02-05,Credit Card,paid,5172.69,0.0,2024-02-06,Juspay
M001,PAY002234,ORD009039,2024-12-01,UPI,refunded,3933.68,958.18,2024-12-04,Stripe
M001,PAY002235,ORD003951,2024-05-26,UPI,paid,2157.16,0.0,2024-05-30,Juspay
M001,PAY002236,ORD009646,2024-12-19,Credit Card,paid,5641.24,0.0,2024-12-23,PhonePe
M001,PAY002237,ORD008962,2024-11-28,Credit Card,paid,565.29,0.0,2024-11-29,PhonePe
M001,PAY002238,ORD003706,2024-05-17,COD,paid,7265.18,0.0,2024-05-20,PhonePe
M001,PAY002239,ORD009869,2024-12-27,COD,paid,6461.16,0.0,2024-12-30,PhonePe
M001,PAY002240,ORD009230,2024-12-06,COD,paid,8192.64,0.0,2024-12-10,PayU
M001,PAY002241,ORD002346,2024-03-30,UPI,refunded,1969.14,527.93,2024-04-01,PayU
M001,PAY002242,ORD008001,2024-11-04,COD,paid,3053.57,0.0,2024-11-09,PhonePe
M001,PAY002243,ORD008775,2024-11-24,Credit Card,paid,5121.8,0.0,2024-11-29,Stripe
M001,PAY002244,ORD004191,2024-06-05,Credit Card,paid,7830.54,0.0,2024-06-06,Juspay
M001,PAY002245,ORD000659,2024-01-22,COD,paid,9969.91,0.0,2024-01-27,Cashfree
M001,PAY002246,ORD000759,2024-01-24,Debit Card,pending,4308.68,0.0,2024-01-26,Cashfree
M001,PAY002247,ORD009620,2024-12-18,COD,paid,8998.06,0.0,2024-12-22,PayU
M001,PAY002248,ORD004031,2024-05-29,COD,paid,1909.02,0.0,2024-05-31,Razorpay
M001,PAY002249,ORD004204,2024-06-06,Debit Card,paid,7839.33,0.0,2024-06-08,PayU
M001,PAY002250,ORD009214,2024-12-06,NetBanking,paid,1973.74,0.0,2024-12-07,PayU
M001,PAY002251,ORD008240,2024-11-10,COD,paid,9120.12,0.0,2024-11-12,Cashfree
M001,PAY002252,ORD009055,2024-12-01,COD,paid,2001.21,0.0,2024-12-02,PayU
M001,PAY002253,ORD003648,2024-05-15,Wallet,paid,1549.21,0.0,2024-05-19,PhonePe
M001,PAY002254,ORD001823,2024-03-07,COD,refunded,2506.09,2119.63,2024-03-12,Juspay
M001,PAY002255,ORD009548,2024-12-16,Debit Card,paid,6309.36,0.0,2024-12-19,Stripe
M001,PAY002256,ORD003036,2024-04-23,Wallet,pending,5377.13,0.0,2024-04-25,PhonePe
M001,PAY002257,ORD005126,2024-07-22,NetBanking,failed,0.0,0.0,2024-07-22,Stripe
M001,PAY002258,ORD004624,2024-06-25,Wallet,paid,5927.02,0.0,2024-06-28,PhonePe
M001,PAY002259,ORD002097,2024-03-19,Debit Card,paid,3052.06,0.0,2024-03-23,Juspay
M001,PAY002260,ORD008315,2024-11-12,COD,paid,5639.6,0.0,2024-11-13,Razorpay
M001,PAY002261,ORD003598,2024-05-14,Wallet,paid,2000.33,0.0,2024-05-16,Cashfree
M001,PAY002262,ORD009716,2024-12-21,COD,failed,0.0,0.0,2024-12-21,PhonePe
M001,PAY002263,ORD008550,2024-11-18,Credit Card,paid,8614.06,0.0,2024-11-20,Cashfree
M001,PAY002264,ORD000313,2024-01-10,COD,paid,1322.65,0.0,2024-01-12,Juspay
M001,PAY002265,ORD005929,2024-08-25,UPI,pending,2311.22,0.0,2024-08-26,Juspay
M001,PAY002266,ORD008997,2024-11-30,COD,paid,8169.74,0.0,2024-12-01,Stripe
M001,PAY002267,ORD000288,2024-01-09,UPI,paid,6924.39,0.0,2024-01-14,Stripe
M001,PAY002268,ORD009702,2024-12-22,UPI,paid,5836.42,0.0,2024-12-25,Razorpay
M001,PAY002269,ORD001509,2024-02-22,COD,failed,0.0,0.0,2024-02-22,Stripe
M001,PAY002270,ORD000379,2024-01-13,Wallet,paid,511.18,0.0,2024-01-16,Cashfree
M001,PAY002271,ORD001391,2024-02-17,Credit Card,paid,7880.83,0.0,2024-02-20,PayU
M001,PAY002272,ORD006000,2024-08-28,Credit Card,paid,5753.76,0.0,2024-09-01,PayU
M001,PAY002273,ORD005504,2024-08-07,Credit Card,paid,4287.4,0.0,2024-08-11,PayU
M001,PAY002274,ORD009914,2024-12-28,Debit Card,paid,6746.24,0.0,2024-12-30,Juspay
M001,PAY002275,ORD001673,2024-03-02,UPI,paid,1577.33,0.0,2024-03-03,Juspay
M001,PAY002276,ORD007988,2024-11-04,COD,paid,9402.57,0.0,2024-11-09,Razorpay
M001,PAY002277,ORD000982,2024-01-31,COD,paid,802.69,0.0,2024-02-02,Stripe
M001,PAY002278,ORD005206,2024-07-26,NetBanking,paid,9652.61,0.0,2024-07-30,Stripe
M001,PAY002279,ORD002634,2024-04-09,UPI,paid,4960.42,0.0,2024-04-13,PayU
M001,PAY002280,ORD003669,2024-05-17,Debit Card,paid,3125.56,0.0,2024-05-22,Razorpay
M001,PAY002281,ORD000557,2024-01-19,COD,paid,4560.29,0.0,2024-01-24,Cashfree
M001,PAY002282,ORD005709,2024-08-16,UPI,failed,0.0,0.0,2024-08-16,PayU
M001,PAY002283,ORD008500,2024-11-16,UPI,paid,1052.81,0.0,2024-11-17,Stripe
M001,PAY002284,ORD001458,2024-02-20,Debit Card,paid,6677.68,0.0,2024-02-22,Razorpay
M001,PAY002285,ORD005774,2024-08-17,Debit Card,paid,5700.32,0.0,2024-08-18,Razorpay
M001,PAY002286,ORD005597,2024-08-11,COD,failed,0.0,0.0,2024-08-11,Razorpay
M001,PAY002287,ORD004538,2024-06-21,COD,paid,6255.32,0.0,2024-06-26,Razorpay
M001,PAY002288,ORD006674,2024-09-25,COD,paid,6586.77,0.0,2024-09-27,Razorpay
M001,PAY002289,ORD001617,2024-02-29,COD,paid,737.86,0.0,2024-03-05,PayU
M001,PAY002290,ORD008679,2024-11-21,UPI,failed,0.0,0.0,2024-11-21,Razorpay
M001,PAY002291,ORD009059,2024-12-01,Credit Card,paid,2983.7,0.0,2024-12-06,PhonePe
M001,PAY002292,ORD004255,2024-06-08,UPI,paid,4279.31,0.0,2024-06-13,PayU
M001,PAY002293,ORD007828,2024-10-29,Credit Card,refunded,4410.08,1068.07,2024-10-30,PayU
M001,PAY002294,ORD004461,2024-06-18,Debit Card,paid,697.26,0.0,2024-06-22,Stripe
M001,PAY002295,ORD000007,2024-01-02,COD,paid,3010.34,0.0,2024-01-07,PhonePe
M001,PAY002296,ORD007653,2024-10-24,Wallet,paid,9419.16,0.0,2024-10-28,Stripe
M001,PAY002297,ORD000627,2024-01-21,COD,paid,1290.31,0.0,2024-01-24,Juspay
M001,PAY002298,ORD003026,2024-04-22,COD,paid,1496.45,0.0,2024-04-23,PayU
M001,PAY002299,ORD002493,2024-04-04,Credit Card,failed,0.0,0.0,2024-04-04,Razorpay
M001,PAY002300,ORD006588,2024-09-22,COD,paid,2254.33,0.0,2024-09-24,PhonePe
M001,PAY002301,ORD009053,2024-12-02,UPI,pending,1395.5,0.0,2024-12-04,PhonePe
M001,PAY002302,ORD001936,2024-03-11,UPI,paid,5753.16,0.0,2024-03-16,Razorpay
M001,PAY002303,ORD007217,2024-10-11,Debit Card,paid,2030.35,0.0,2024-10-12,Juspay
M001,PAY002304,ORD007185,2024-10-11,COD,paid,8288.85,0.0,2024-10-13,Razorpay
M001,PAY002305,ORD002505,2024-04-05,UPI,paid,5765.48,0.0,2024-04-06,PayU
M001,PAY002306,ORD006029,2024-08-29,Credit Card,paid,1721.89,0.0,2024-09-03,Stripe
M001,PAY002307,ORD007283,2024-10-12,UPI,paid,8785.87,0.0,2024-10-17,PayU
M001,PAY002308,ORD001648,2024-02-29,COD,paid,1747.82,0.0,2024-03-04,Stripe
M001,PAY002309,ORD006477,2024-09-17,Credit Card,failed,0.0,0.0,2024-09-17,PayU
M001,PAY002310,ORD003977,2024-05-28,COD,refunded,9714.52,8378.3,2024-06-01,Razorpay
M001,PAY002311,ORD004933,2024-07-12,COD,paid,5284.67,0.0,2024-07-17,Stripe
M001,PAY002312,ORD002731,2024-04-13,UPI,paid,1307.39,0.0,2024-04-15,Stripe
M001,PAY002313,ORD008392,2024-11-13,UPI,paid,6252.96,0.0,2024-11-16,Cashfree
M001,PAY002314,ORD006584,2024-09-22,Debit Card,paid,3296.18,0.0,2024-09-27,Stripe
M001,PAY002315,ORD009890,2024-12-28,NetBanking,paid,2052.75,0.0,2025-01-01,PayU
M001,PAY002316,ORD006102,2024-09-01,UPI,paid,3270.56,0.0,2024-09-03,Cashfree
M001,PAY002317,ORD004289,2024-06-11,UPI,paid,4141.18,0.0,2024-06-12,Razorpay
M001,PAY002318,ORD003695,2024-05-18,Credit Card,paid,3399.09,0.0,2024-05-22,Cashfree
M001,PAY002319,ORD004362,2024-06-15,Credit Card,paid,2652.7,0.0,2024-06-20,Cashfree
M001,PAY002320,ORD004664,2024-06-27,COD,failed,0.0,0.0,2024-06-27,PayU
M001,PAY002321,ORD004633,2024-06-27,Debit Card,paid,9983.33,0.0,2024-06-29,Juspay
M001,PAY002322,ORD001198,2024-02-07,Debit Card,pending,3546.71,0.0,2024-02-08,Razorpay
M001,PAY002323,ORD004846,2024-07-07,Wallet,pending,5758.98,0.0,2024-07-09,PhonePe
M001,PAY002324,ORD009617,2024-12-18,COD,paid,2666.8,0.0,2024-12-20,PayU
M001,PAY002325,ORD008512,2024-11-17,COD,paid,10834.01,0.0,2024-11-21,PayU
M001,PAY002326,ORD008503,2024-11-17,Wallet,paid,9977.56,0.0,2024-11-19,PayU
M001,PAY002327,ORD000079,2024-01-04,Debit Card,failed,0.0,0.0,2024-01-04,PayU
M001,PAY002328,ORD008213,2024-11-10,COD,paid,7301.88,0.0,2024-11-12,Stripe
M001,PAY002329,ORD004478,2024-06-20,Wallet,paid,4103.98,0.0,2024-06-25,Juspay
M001,PAY002330,ORD004112,2024-06-01,Credit Card,paid,10077.04,0.0,2024-06-04,Stripe
M001,PAY002331,ORD003948,2024-05-27,Debit Card,paid,958.15,0.0,2024-05-29,PayU
M001,PAY002332,ORD002335,2024-03-29,COD,paid,6201.1,0.0,2024-04-01,PayU
M001,PAY002333,ORD003437,2024-05-09,COD,paid,2453.2,0.0,2024-05-14,Stripe
M001,PAY002334,ORD007150,2024-10-08,UPI,paid,2009.12,0.0,2024-10-09,PhonePe
M001,PAY002335,ORD005931,2024-08-24,COD,failed,0.0,0.0,2024-08-24,Cashfree
M001,PAY002336,ORD009904,2024-12-28,Wallet,paid,8179.16,0.0,2024-12-29,PhonePe
M001,PAY002337,ORD005994,2024-08-27,Debit Card,paid,573.49,0.0,2024-08-31,Cashfree
M001,PAY002338,ORD006803,2024-09-29,COD,paid,6767.41,0.0,2024-10-03,Cashfree
M001,PAY002339,ORD002705,2024-04-11,COD,paid,2141.53,0.0,2024-04-12,Stripe
M001,PAY002340,ORD009340,2024-12-10,COD,paid,3521.94,0.0,2024-12-15,Juspay
M001,PAY002341,ORD002171,2024-03-21,Debit Card,paid,6469.8,0.0,2024-03-25,Juspay
M001,PAY002342,ORD000943,2024-01-29,COD,paid,4872.48,0.0,2024-02-03,PhonePe
M001,PAY002343,ORD009777,2024-12-24,UPI,paid,5480.66,0.0,2024-12-26,Juspay
M001,PAY002344,ORD003409,2024-05-07,UPI,paid,5659.41,0.0,2024-05-12,Juspay
M001,PAY002345,ORD000616,2024-01-20,COD,paid,7107.76,0.0,2024-01-21,Stripe
M001,PAY002346,ORD004723,2024-06-30,COD,refunded,1080.38,930.61,2024-07-03,Juspay
M001,PAY002347,ORD003696,2024-05-17,Credit Card,paid,3480.44,0.0,2024-05-20,Juspay
M001,PAY002348,ORD006554,2024-09-20,COD,paid,3315.52,0.0,2024-09-21,Cashfree
M001,PAY002349,ORD008710,2024-11-22,COD,paid,8817.05,0.0,2024-11-26,Cashfree
M001,PAY002350,ORD004751,2024-07-02,Credit Card,paid,7942.71,0.0,2024-07-03,Stripe
M001,PAY002351,ORD005337,2024-07-31,Wallet,paid,3470.51,0.0,2024-08-02,Juspay
M001,PAY002352,ORD000448,2024-01-14,UPI,refunded,1303.68,1033.56,2024-01-19,Juspay
M001,PAY002353,ORD007468,2024-10-19,Debit Card,paid,1738.12,0.0,2024-10-22,Stripe
M001,PAY002354,ORD004414,2024-06-17,COD,paid,491.41,0.0,2024-06-20,Juspay
M001,PAY002355,ORD005353,2024-08-01,UPI,paid,908.03,0.0,2024-08-04,Stripe
M001,PAY002356,ORD006737,2024-09-26,Credit Card,paid,3007.11,0.0,2024-09-29,PhonePe
M001,PAY002357,ORD008451,2024-11-16,Debit Card,paid,7317.97,0.0,2024-11-19,Cashfree
M001,PAY002358,ORD007021,2024-10-05,COD,paid,9199.75,0.0,2024-10-08,Cashfree
M001,PAY002359,ORD003628,2024-05-14,COD,paid,4968.46,0.0,2024-05-19,Juspay
M001,PAY002360,ORD001709,2024-03-02,Wallet,paid,4950.95,0.0,2024-03-05,Juspay
M001,PAY002361,ORD008815,2024-11-26,UPI,paid,5355.71,0.0,2024-11-29,PhonePe
M001,PAY002362,ORD005574,2024-08-10,COD,failed,0.0,0.0,2024-08-10,Cashfree
M001,PAY002363,ORD007804,2024-10-29,Wallet,paid,3900.05,0.0,2024-10-31,PayU
M001,PAY002364,ORD001927,2024-03-11,Debit Card,paid,8707.85,0.0,2024-03-13,PayU
M001,PAY002365,ORD001094,2024-02-03,COD,paid,3467.08,0.0,2024-02-06,PhonePe
M001,PAY002366,ORD006978,2024-10-04,COD,paid,8993.42,0.0,2024-10-07,Cashfree
M001,PAY002367,ORD008691,2024-11-23,Debit Card,paid,5785.37,0.0,2024-11-24,PhonePe
M001,PAY002368,ORD007871,2024-10-30,Credit Card,paid,8994.41,0.0,2024-11-03,PhonePe
M001,PAY002369,ORD003606,2024-05-13,UPI,paid,1015.05,0.0,2024-05-17,Razorpay
M001,PAY002370,ORD005488,2024-08-06,NetBanking,paid,6040.65,0.0,2024-08-11,Stripe
M001,PAY002371,ORD008092,2024-11-06,UPI,paid,9356.43,0.0,2024-11-10,Cashfree
M001,PAY002372,ORD001394,2024-02-17,COD,paid,2908.41,0.0,2024-02-18,Juspay
M001,PAY002373,ORD007850,2024-10-31,UPI,paid,10428.97,0.0,2024-11-03,Stripe
M001,PAY002374,ORD009556,2024-12-17,UPI,paid,4280.91,0.0,2024-12-21,PhonePe
M001,PAY002375,ORD000572,2024-01-19,Wallet,failed,0.0,0.0,2024-01-19,Juspay
M001,PAY002376,ORD001411,2024-02-18,COD,paid,7530.88,0.0,2024-02-20,PayU
M001,PAY002377,ORD005980,2024-08-27,Credit Card,paid,8574.74,0.0,2024-08-28,PayU
M001,PAY002378,ORD009940,2024-12-29,COD,paid,8349.32,0.0,2024-12-31,PhonePe
M001,PAY002379,ORD008055,2024-11-04,Credit Card,pending,7640.23,0.0,2024-11-06,Stripe
M001,PAY002380,ORD004258,2024-06-09,UPI,paid,2611.63,0.0,2024-06-13,Juspay
M001,PAY002381,ORD003916,2024-05-25,Debit Card,paid,3632.7,0.0,2024-05-29,Juspay
M001,PAY002382,ORD003758,2024-05-20,Credit Card,paid,5220.55,0.0,2024-05-24,PayU
M001,PAY002383,ORD008433,2024-11-15,COD,paid,8006.67,0.0,2024-11-17,PhonePe
M001,PAY002384,ORD000906,2024-01-28,Debit Card,failed,0.0,0.0,2024-01-28,Stripe
M001,PAY002385,ORD005105,2024-07-20,COD,paid,8194.07,0.0,2024-07-24,Stripe
M001,PAY002386,ORD003454,2024-05-09,Credit Card,paid,2260.76,0.0,2024-05-13,Juspay
M001,PAY002387,ORD000923,2024-01-29,COD,paid,5666.17,0.0,2024-02-01,PhonePe
M001,PAY002388,ORD009093,2024-12-02,UPI,paid,3895.69,0.0,2024-12-07,Cashfree
M001,PAY002389,ORD000619,2024-01-20,NetBanking,paid,7873.99,0.0,2024-01-25,PhonePe
M001,PAY002390,ORD005112,2024-07-21,UPI,paid,7913.6,0.0,2024-07-26,Stripe
M001,PAY002391,ORD009596,2024-12-19,UPI,paid,9252.95,0.0,2024-12-22,Cashfree
M001,PAY002392,ORD009287,2024-12-09,NetBanking,pending,10447.34,0.0,2024-12-10,Razorpay
M001,PAY002393,ORD003345,2024-05-04,NetBanking,paid,8338.64,0.0,2024-05-07,PhonePe
M001,PAY002394,ORD007935,2024-11-01,Wallet,paid,5018.23,0.0,2024-11-06,Cashfree
M001,PAY002395,ORD008085,2024-11-05,Credit Card,paid,2767.35,0.0,2024-11-07,PayU
M001,PAY002396,ORD004292,2024-06-11,UPI,paid,4490.69,0.0,2024-06-12,PhonePe
M001,PAY002397,ORD006839,2024-09-30,UPI,failed,0.0,0.0,2024-09-30,Razorpay
M001,PAY002398,ORD005374,2024-08-01,UPI,paid,7951.9,0.0,2024-08-04,Stripe
M001,PAY002399,ORD009361,2024-12-10,COD,paid,7221.24,0.0,2024-12-15,PayU
M001,PAY002400,ORD001059,2024-02-02,UPI,paid,3285.22,0.0,2024-02-04,PayU
M001,PAY002401,ORD004073,2024-05-31,Credit Card,paid,6185.09,0.0,2024-06-03,Razorpay
M001,PAY002402,ORD009374,2024-12-12,UPI,paid,3711.76,0.0,2024-12-17,PhonePe
M001,PAY002403,ORD002654,2024-04-09,UPI,paid,8544.52,0.0,2024-04-14,PayU
M001,PAY002404,ORD000986,2024-01-30,UPI,paid,3209.22,0.0,2024-02-01,Juspay
M001,PAY002405,ORD009097,2024-12-03,Debit Card,paid,3590.2,0.0,2024-12-07,Cashfree
M001,PAY002406,ORD007711,2024-10-26,Debit Card,paid,5863.06,0.0,2024-10-29,Stripe
M001,PAY002407,ORD007182,2024-10-10,NetBanking,paid,2690.59,0.0,2024-10-13,Juspay
M001,PAY002408,ORD007552,2024-10-21,UPI,paid,6939.01,0.0,2024-10-26,Razorpay
M001,PAY002409,ORD000626,2024-01-20,COD,paid,9824.42,0.0,2024-01-24,Razorpay
M001,PAY002410,ORD001689,2024-03-03,COD,paid,10789.56,0.0,2024-03-05,Cashfree
M001,PAY002411,ORD009143,2024-12-05,COD,refunded,7074.65,6297.44,2024-12-07,PhonePe
M001,PAY002412,ORD006963,2024-10-04,COD,paid,3863.94,0.0,2024-10-09,Razorpay
M001,PAY002413,ORD007341,2024-10-14,COD,refunded,2326.8,361.58,2024-10-17,Razorpay
M001,PAY002414,ORD004381,2024-06-16,Debit Card,paid,9333.52,0.0,2024-06-18,Stripe
M001,PAY002415,ORD007994,2024-11-04,COD,paid,6792.95,0.0,2024-11-09,PayU
M001,PAY002416,ORD004502,2024-06-21,COD,paid,821.6,0.0,2024-06-25,PayU
M001,PAY002417,ORD008557,2024-11-18,Credit Card,paid,6620.17,0.0,2024-11-21,PayU
M001,PAY002418,ORD004690,2024-06-30,Credit Card,paid,3875.91,0.0,2024-07-03,Stripe
M001,PAY002419,ORD009641,2024-12-19,COD,paid,8347.49,0.0,2024-12-23,Juspay
M001,PAY002420,ORD004952,2024-07-13,COD,paid,2609.7,0.0,2024-07-14,PayU
M001,PAY002421,ORD001215,2024-02-08,Wallet,paid,2303.75,0.0,2024-02-09,PayU
M001,PAY002422,ORD003361,2024-05-05,Debit Card,failed,0.0,0.0,2024-05-05,Stripe
M001,PAY002423,ORD003000,2024-04-21,COD,paid,5071.19,0.0,2024-04-22,Cashfree
M001,PAY002424,ORD006162,2024-09-02,COD,paid,7130.71,0.0,2024-09-05,PhonePe
M001,PAY002425,ORD008251,2024-11-10,COD,paid,2591.33,0.0,2024-11-13,PayU
M001,PAY002426,ORD004934,2024-07-12,Wallet,paid,6233.93,0.0,2024-07-13,PhonePe
M001,PAY002427,ORD001111,2024-02-05,COD,paid,1763.97,0.0,2024-02-08,PhonePe
M001,PAY002428,ORD003133,2024-04-27,Credit Card,failed,0.0,0.0,2024-04-27,PayU
M001,PAY002429,ORD003866,2024-05-24,COD,paid,1242.2,0.0,2024-05-27,PhonePe
M001,PAY002430,ORD000583,2024-01-20,UPI,paid,8798.03,0.0,2024-01-23,PayU
M001,PAY002431,ORD007528,2024-10-19,COD,paid,4013.07,0.0,2024-10-23,Stripe
M001,PAY002432,ORD001168,2024-02-07,UPI,paid,3597.48,0.0,2024-02-10,PayU
M001,PAY002433,ORD000772,2024-01-24,COD,paid,3201.49,0.0,2024-01-26,Stripe
M001,PAY002434,ORD008906,2024-11-28,UPI,paid,586.46,0.0,2024-12-01,Cashfree
M001,PAY002435,ORD007731,2024-10-27,Debit Card,paid,7905.67,0.0,2024-11-01,Cashfree
M001,PAY002436,ORD003464,2024-05-09,Credit Card,paid,4332.08,0.0,2024-05-11,Cashfree
M001,PAY002437,ORD009659,2024-12-19,NetBanking,paid,2962.64,0.0,2024-12-22,Juspay
M001,PAY002438,ORD001638,2024-02-29,Credit Card,paid,7639.0,0.0,2024-03-03,PayU
M001,PAY002439,ORD005395,2024-08-03,UPI,paid,9253.41,0.0,2024-08-05,PhonePe
M001,PAY002440,ORD009786,2024-12-25,Credit Card,refunded,4748.1,4359.35,2024-12-29,Stripe
M001,PAY002441,ORD006543,2024-09-19,UPI,paid,3424.54,0.0,2024-09-21,Stripe
M001,PAY002442,ORD005191,2024-07-25,COD,paid,978.71,0.0,2024-07-30,Juspay
M001,PAY002443,ORD009926,2024-12-29,Credit Card,paid,557.95,0.0,2025-01-02,Juspay
M001,PAY002444,ORD005580,2024-08-10,NetBanking,paid,4663.22,0.0,2024-08-13,Razorpay
M001,PAY002445,ORD007791,2024-10-28,UPI,paid,3330.91,0.0,2024-10-31,Juspay
M001,PAY002446,ORD001526,2024-02-24,UPI,pending,5627.72,0.0,2024-02-26,Razorpay
M001,PAY002447,ORD008287,2024-11-11,Credit Card,paid,6182.78,0.0,2024-11-12,Cashfree
M001,PAY002448,ORD002109,2024-03-19,Wallet,pending,8233.82,0.0,2024-03-20,Razorpay
M001,PAY002449,ORD009502,2024-12-14,COD,paid,5621.68,0.0,2024-12-18,Stripe
M001,PAY002450,ORD009483,2024-12-14,UPI,paid,5343.67,0.0,2024-12-15,Cashfree
M001,PAY002451,ORD006208,2024-09-04,Debit Card,paid,7535.89,0.0,2024-09-09,PayU
M001,PAY002452,ORD003089,2024-04-25,COD,failed,0.0,0.0,2024-04-25,Stripe
M001,PAY002453,ORD008913,2024-11-27,COD,pending,1186.49,0.0,2024-11-28,Cashfree
M001,PAY002454,ORD004460,2024-06-18,COD,paid,3727.83,0.0,2024-06-21,Stripe
M001,PAY002455,ORD002834,2024-04-15,UPI,paid,7869.39,0.0,2024-04-16,Juspay
M001,PAY002456,ORD006926,2024-10-02,Credit Card,paid,8997.99,0.0,2024-10-07,Cashfree
M001,PAY002457,ORD001516,2024-02-23,UPI,paid,4698.57,0.0,2024-02-24,Razorpay
M001,PAY002458,ORD004965,2024-07-14,Debit Card,paid,7558.85,0.0,2024-07-16,PayU
M001,PAY002459,ORD000077,2024-01-03,COD,paid,3902.08,0.0,2024-01-08,PayU
M001,PAY002460,ORD005935,2024-08-24,COD,failed,0.0,0.0,2024-08-24,Juspay
M001,PAY002461,ORD006158,2024-09-02,Credit Card,pending,7383.77,0.0,2024-09-03,Stripe
M001,PAY002462,ORD009162,2024-12-05,NetBanking,paid,5841.65,0.0,2024-12-08,PhonePe
M001,PAY002463,ORD005934,2024-08-24,Credit Card,failed,0.0,0.0,2024-08-24,Stripe
M001,PAY002464,ORD002658,2024-04-09,UPI,paid,11256.94,0.0,2024-04-11,Razorpay
M001,PAY002465,ORD007335,2024-10-14,UPI,paid,5084.05,0.0,2024-10-17,PhonePe
M001,PAY002466,ORD008628,2024-11-20,Debit Card,paid,3164.3,0.0,2024-11-23,Stripe
M001,PAY002467,ORD008834,2024-11-25,Credit Card,paid,1256.01,0.0,2024-11-30,PayU
M001,PAY002468,ORD006106,2024-09-02,Debit Card,paid,7268.01,0.0,2024-09-04,Razorpay
M001,PAY002469,ORD001288,2024-02-13,COD,paid,9037.57,0.0,2024-02-14,Juspay
M001,PAY002470,ORD009546,2024-12-17,Debit Card,paid,5596.12,0.0,2024-12-18,PhonePe
M001,PAY002471,ORD006026,2024-08-28,Wallet,paid,3656.6,0.0,2024-09-02,Cashfree
M001,PAY002472,ORD009595,2024-12-18,UPI,failed,0.0,0.0,2024-12-18,PayU
M001,PAY002473,ORD002670,2024-04-11,COD,paid,5940.84,0.0,2024-04-14,Cashfree
M001,PAY002474,ORD001127,2024-02-06,UPI,pending,7870.75,0.0,2024-02-08,PhonePe
M001,PAY002475,ORD005221,2024-07-26,UPI,paid,6157.09,0.0,2024-07-29,Cashfree
M001,PAY002476,ORD002752,2024-04-14,Wallet,paid,3436.59,0.0,2024-04-19,PayU
M001,PAY002477,ORD007909,2024-11-01,COD,paid,5609.01,0.0,2024-11-02,Cashfree
M001,PAY002478,ORD003283,2024-05-03,Wallet,paid,489.68,0.0,2024-05-08,PayU
M001,PAY002479,ORD007953,2024-11-02,COD,refunded,7285.96,5977.93,2024-11-04,Razorpay
M001,PAY002480,ORD006308,2024-09-10,Credit Card,pending,4574.65,0.0,2024-09-11,PhonePe
M001,PAY002481,ORD008530,2024-11-17,Credit Card,paid,9728.1,0.0,2024-11-19,Stripe
M001,PAY002482,ORD000358,2024-01-12,Wallet,paid,542.44,0.0,2024-01-14,PayU
M001,PAY002483,ORD003324,2024-05-03,COD,paid,3300.54,0.0,2024-05-04,Stripe
M001,PAY002484,ORD006411,2024-09-15,COD,paid,6090.56,0.0,2024-09-17,PayU
M001,PAY002485,ORD004080,2024-05-31,Debit Card,failed,0.0,0.0,2024-05-31,PayU
M001,PAY002486,ORD008295,2024-11-12,Debit Card,paid,2226.45,0.0,2024-11-17,Cashfree
M001,PAY002487,ORD005885,2024-08-22,Credit Card,paid,9518.98,0.0,2024-08-25,Cashfree
M001,PAY002488,ORD001207,2024-02-09,COD,refunded,6926.86,3331.98,2024-02-14,Cashfree
M001,PAY002489,ORD000662,2024-01-21,UPI,paid,2709.2,0.0,2024-01-26,Cashfree
M001,PAY002490,ORD006222,2024-09-06,Debit Card,paid,1067.49,0.0,2024-09-08,PhonePe
M001,PAY002491,ORD009088,2024-12-02,UPI,paid,5824.06,0.0,2024-12-03,PayU
M001,PAY002492,ORD009497,2024-12-14,UPI,failed,0.0,0.0,2024-12-14,Razorpay
M001,PAY002493,ORD001302,2024-02-12,COD,paid,8107.36,0.0,2024-02-14,Cashfree
M001,PAY002494,ORD002146,2024-03-20,UPI,paid,9550.04,0.0,2024-03-24,Cashfree
M001,PAY002495,ORD001827,2024-03-07,Credit Card,paid,9991.42,0.0,2024-03-08,Stripe
M001,PAY002496,ORD006260,2024-09-06,COD,paid,8824.51,0.0,2024-09-11,Stripe
M001,PAY002497,ORD005461,2024-08-05,COD,paid,3129.26,0.0,2024-08-07,Razorpay
M001,PAY002498,ORD008868,2024-11-26,COD,paid,7195.95,0.0,2024-11-28,Razorpay
M001,PAY002499,ORD005609,2024-08-11,Credit Card,paid,5827.25,0.0,2024-08-12,PhonePe
M001,PAY002500,ORD001656,2024-03-02,COD,paid,5341.11,0.0,2024-03-07,Cashfree
M001,PAY002501,ORD003575,2024-05-13,COD,paid,2717.39,0.0,2024-05-15,Juspay
M001,PAY002502,ORD001413,2024-02-18,UPI,paid,8334.3,0.0,2024-02-22,PayU
M001,PAY002503,ORD003617,2024-05-15,COD,paid,2025.9,0.0,2024-05-18,PhonePe
M001,PAY002504,ORD003536,2024-05-12,COD,paid,2575.89,0.0,2024-05-15,PayU
M001,PAY002505,ORD003475,2024-05-09,UPI,paid,1293.32,0.0,2024-05-14,PhonePe
M001,PAY002506,ORD005271,2024-07-29,Debit Card,paid,2741.03,0.0,2024-07-30,Juspay
M001,PAY002507,ORD009294,2024-12-09,Credit Card,paid,1200.14,0.0,2024-12-12,PayU
M001,PAY002508,ORD002899,2024-04-18,UPI,paid,7388.54,0.0,2024-04-19,PhonePe
M001,PAY002509,ORD005404,2024-08-03,Wallet,paid,4541.31,0.0,2024-08-07,Juspay
M001,PAY002510,ORD006574,2024-09-21,COD,refunded,5236.48,3665.2,2024-09-24,Razorpay
M001,PAY002511,ORD001763,2024-03-05,Debit Card,paid,2911.05,0.0,2024-03-09,Razorpay
M001,PAY002512,ORD006894,2024-10-02,UPI,paid,1313.74,0.0,2024-10-03,Juspay
M001,PAY002513,ORD009698,2024-12-21,UPI,paid,5537.57,0.0,2024-12-24,PhonePe
M001,PAY002514,ORD001545,2024-02-25,UPI,paid,2794.1,0.0,2024-02-29,Juspay
M001,PAY002515,ORD006602,2024-09-22,Credit Card,paid,5920.79,0.0,2024-09-26,Razorpay
M001,PAY002516,ORD001846,2024-03-09,COD,paid,6023.44,0.0,2024-03-13,PayU
M001,PAY002517,ORD009803,2024-12-25,UPI,paid,723.44,0.0,2024-12-27,Juspay
M001,PAY002518,ORD008615,2024-11-20,COD,paid,7689.03,0.0,2024-11-22,Juspay
M001,PAY002519,ORD003670,2024-05-17,COD,paid,1149.03,0.0,2024-05-18,Razorpay
M001,PAY002520,ORD003502,2024-05-11,Wallet,paid,5732.41,0.0,2024-05-14,PayU
M001,PAY002521,ORD006668,2024-09-24,UPI,paid,4335.21,0.0,2024-09-26,PhonePe
M001,PAY002522,ORD002415,2024-04-02,Debit Card,paid,5783.29,0.0,2024-04-03,Cashfree
M001,PAY002523,ORD008552,2024-11-19,COD,paid,7917.34,0.0,2024-11-22,Razorpay
M001,PAY002524,ORD005675,2024-08-15,UPI,paid,5401.17,0.0,2024-08-17,Razorpay
M001,PAY002525,ORD007054,2024-10-06,UPI,paid,6480.07,0.0,2024-10-07,PhonePe
M001,PAY002526,ORD001428,2024-02-18,UPI,paid,3213.85,0.0,2024-02-21,Juspay
M001,PAY002527,ORD004938,2024-07-13,COD,paid,6530.27,0.0,2024-07-16,Cashfree
M001,PAY002528,ORD006245,2024-09-06,NetBanking,pending,3606.15,0.0,2024-09-08,PayU
M001,PAY002529,ORD000855,2024-01-27,COD,refunded,806.88,635.87,2024-01-29,PhonePe
M001,PAY002530,ORD004270,2024-06-09,Debit Card,paid,2799.94,0.0,2024-06-12,Juspay
M001,PAY002531,ORD002825,2024-04-16,COD,paid,9540.06,0.0,2024-04-18,Razorpay
M001,PAY002532,ORD003090,2024-04-26,UPI,pending,8987.02,0.0,2024-04-27,PhonePe
M001,PAY002533,ORD005732,2024-08-16,Wallet,paid,7609.79,0.0,2024-08-20,PhonePe
M001,PAY002534,ORD000134,2024-01-05,COD,paid,547.54,0.0,2024-01-07,PayU
M001,PAY002535,ORD007119,2024-10-07,Wallet,paid,5645.21,0.0,2024-10-09,Stripe
M001,PAY002536,ORD009628,2024-12-19,Credit Card,paid,4487.31,0.0,2024-12-24,Stripe
M001,PAY002537,ORD008873,2024-11-27,COD,paid,7855.47,0.0,2024-11-29,PayU
M001,PAY002538,ORD004880,2024-07-08,COD,pending,8707.05,0.0,2024-07-09,Stripe
M001,PAY002539,ORD001750,2024-03-04,Credit Card,paid,1694.75,0.0,2024-03-08,PhonePe
M001,PAY002540,ORD005899,2024-08-24,Credit Card,paid,6135.21,0.0,2024-08-28,Juspay
M001,PAY002541,ORD001590,2024-02-27,UPI,paid,8733.84,0.0,2024-02-28,PayU
M001,PAY002542,ORD001086,2024-02-03,Credit Card,failed,0.0,0.0,2024-02-03,PhonePe
M001,PAY002543,ORD009793,2024-12-25,Wallet,paid,5944.8,0.0,2024-12-27,PhonePe
M001,PAY002544,ORD000202,2024-01-07,COD,failed,0.0,0.0,2024-01-07,Cashfree
M001,PAY002545,ORD008620,2024-11-21,COD,paid,4659.94,0.0,2024-11-25,Juspay
M001,PAY002546,ORD001498,2024-02-23,UPI,paid,3129.64,0.0,2024-02-24,PayU
M001,PAY002547,ORD006909,2024-10-02,COD,paid,2829.97,0.0,2024-10-03,Razorpay
M001,PAY002548,ORD001906,2024-03-11,UPI,paid,1905.01,0.0,2024-03-12,Stripe
M001,PAY002549,ORD001000,2024-01-31,Credit Card,paid,693.08,0.0,2024-02-04,Cashfree
M001,PAY002550,ORD004855,2024-07-08,Credit Card,paid,1440.63,0.0,2024-07-13,Stripe
M001,PAY002551,ORD006332,2024-09-10,Credit Card,paid,6409.96,0.0,2024-09-14,Cashfree
M001,PAY002552,ORD003833,2024-05-23,Credit Card,paid,1762.67,0.0,2024-05-25,Cashfree
M001,PAY002553,ORD008137,2024-11-07,Credit Card,paid,2707.71,0.0,2024-11-09,PhonePe
M001,PAY002554,ORD005377,2024-08-02,Wallet,paid,7748.51,0.0,2024-08-04,Razorpay
M001,PAY002555,ORD000273,2024-01-09,NetBanking,failed,0.0,0.0,2024-01-09,Juspay
M001,PAY002556,ORD009148,2024-12-05,NetBanking,paid,7447.83,0.0,2024-12-10,Juspay
M001,PAY002557,ORD009922,2024-12-28,UPI,paid,2084.86,0.0,2024-12-30,PhonePe
M001,PAY002558,ORD001293,2024-02-12,UPI,paid,2633.16,0.0,2024-02-14,Stripe
M001,PAY002559,ORD007464,2024-10-18,Debit Card,paid,3227.69,0.0,2024-10-21,Cashfree
M001,PAY002560,ORD009325,2024-12-10,Debit Card,paid,4869.92,0.0,2024-12-13,Stripe
M001,PAY002561,ORD003380,2024-05-06,Wallet,paid,2834.88,0.0,2024-05-07,Stripe
M001,PAY002562,ORD003959,2024-05-27,Wallet,paid,1801.38,0.0,2024-05-30,Razorpay
M001,PAY002563,ORD002851,2024-04-17,UPI,pending,7464.81,0.0,2024-04-19,Stripe
M001,PAY002564,ORD000006,2024-01-01,COD,paid,2640.95,0.0,2024-01-04,PayU
M001,PAY002565,ORD004240,2024-06-07,COD,paid,3085.6,0.0,2024-06-11,Stripe
M001,PAY002566,ORD009888,2024-12-28,Credit Card,paid,4376.19,0.0,2025-01-02,PhonePe
M001,PAY002567,ORD008370,2024-11-13,COD,paid,4908.41,0.0,2024-11-15,PayU
M001,PAY002568,ORD001002,2024-02-01,UPI,paid,9918.84,0.0,2024-02-04,PhonePe
M001,PAY002569,ORD000323,2024-01-10,Debit Card,paid,6930.72,0.0,2024-01-13,PayU
M001,PAY002570,ORD000857,2024-01-28,Debit Card,paid,563.47,0.0,2024-02-01,PhonePe
M001,PAY002571,ORD005198,2024-07-25,COD,paid,9573.97,0.0,2024-07-28,PhonePe
M001,PAY002572,ORD002365,2024-03-31,COD,paid,1513.53,0.0,2024-04-05,Razorpay
M001,PAY002573,ORD007200,2024-10-11,UPI,paid,7925.57,0.0,2024-10-15,Cashfree
M001,PAY002574,ORD001208,2024-02-08,COD,pending,2108.41,0.0,2024-02-10,PhonePe
M001,PAY002575,ORD009077,2024-12-03,Wallet,paid,4744.59,0.0,2024-12-04,PhonePe
M001,PAY002576,ORD006656,2024-09-25,UPI,refunded,6372.39,1864.31,2024-09-26,PhonePe
M001,PAY002577,ORD006930,2024-10-03,COD,pending,2307.4,0.0,2024-10-05,PayU
M001,PAY002578,ORD006333,2024-09-11,Wallet,paid,2207.44,0.0,2024-09-12,PayU
M001,PAY002579,ORD001108,2024-02-05,Credit Card,paid,4526.04,0.0,2024-02-07,Juspay
M001,PAY002580,ORD000871,2024-01-28,Credit Card,paid,4755.62,0.0,2024-01-30,PhonePe
M001,PAY002581,ORD009139,2024-12-04,COD,paid,629.84,0.0,2024-12-08,PayU
M001,PAY002582,ORD004795,2024-07-05,COD,paid,4064.69,0.0,2024-07-08,Stripe
M001,PAY002583,ORD002812,2024-04-14,Credit Card,paid,8109.78,0.0,2024-04-17,Razorpay
M001,PAY002584,ORD007215,2024-10-11,COD,paid,8924.59,0.0,2024-10-15,Stripe
M001,PAY002585,ORD002820,2024-04-15,Debit Card,paid,7442.06,0.0,2024-04-18,Juspay
M001,PAY002586,ORD002664,2024-04-10,COD,refunded,4212.46,3101.04,2024-04-12,Cashfree
M001,PAY002587,ORD004608,2024-06-25,Wallet,paid,719.21,0.0,2024-06-29,Stripe
M001,PAY002588,ORD002638,2024-04-08,UPI,paid,6944.49,0.0,2024-04-09,Stripe
M001,PAY002589,ORD005365,2024-08-01,COD,paid,5045.33,0.0,2024-08-06,Stripe
M001,PAY002590,ORD006474,2024-09-16,COD,paid,8851.6,0.0,2024-09-19,Razorpay
M001,PAY002591,ORD001118,2024-02-05,UPI,paid,6245.77,0.0,2024-02-08,Razorpay
M001,PAY002592,ORD007268,2024-10-13,COD,paid,5514.66,0.0,2024-10-16,Razorpay
M001,PAY002593,ORD000156,2024-01-06,UPI,paid,2431.37,0.0,2024-01-09,Stripe
M001,PAY002594,ORD000295,2024-01-10,UPI,paid,7898.81,0.0,2024-01-11,Stripe
M001,PAY002595,ORD005068,2024-07-19,Credit Card,paid,8516.34,0.0,2024-07-20,Cashfree
M001,PAY002596,ORD007725,2024-10-27,Debit Card,paid,3156.2,0.0,2024-10-29,Razorpay
M001,PAY002597,ORD006734,2024-09-26,NetBanking,paid,8194.48,0.0,2024-09-27,PayU
M001,PAY002598,ORD000003,2024-01-01,NetBanking,paid,3516.32,0.0,2024-01-03,PayU
M001,PAY002599,ORD002609,2024-04-07,COD,paid,7411.97,0.0,2024-04-09,Razorpay
M001,PAY002600,ORD001692,2024-03-02,COD,paid,2875.36,0.0,2024-03-05,Stripe
M001,PAY002601,ORD007444,2024-10-18,UPI,paid,2343.58,0.0,2024-10-22,Razorpay
M001,PAY002602,ORD008252,2024-11-11,UPI,paid,4781.91,0.0,2024-11-13,Juspay
M001,PAY002603,ORD002876,2024-04-17,Debit Card,paid,4045.38,0.0,2024-04-21,Razorpay
M001,PAY002604,ORD004004,2024-05-28,COD,paid,5121.86,0.0,2024-06-02,Cashfree
M001,PAY002605,ORD004843,2024-07-07,UPI,failed,0.0,0.0,2024-07-07,Stripe
M001,PAY002606,ORD004635,2024-06-26,COD,paid,10228.34,0.0,2024-06-28,Cashfree
M001,PAY002607,ORD005303,2024-07-29,Wallet,paid,649.51,0.0,2024-08-02,Stripe
M001,PAY002608,ORD007103,2024-10-08,COD,paid,11158.17,0.0,2024-10-11,PayU
M001,PAY002609,ORD009087,2024-12-03,Credit Card,failed,0.0,0.0,2024-12-03,Stripe
M001,PAY002610,ORD006446,2024-09-16,UPI,paid,6424.81,0.0,2024-09-21,Juspay
M001,PAY002611,ORD009833,2024-12-26,UPI,paid,950.35,0.0,2024-12-31,Stripe
M001,PAY002612,ORD006700,2024-09-25,COD,paid,8310.94,0.0,2024-09-29,Juspay
M001,PAY002613,ORD002435,2024-04-02,UPI,paid,9111.35,0.0,2024-04-04,PayU
M001,PAY002614,ORD001438,2024-02-20,COD,paid,7160.5,0.0,2024-02-24,Razorpay
M001,PAY002615,ORD003847,2024-05-23,UPI,paid,4158.57,0.0,2024-05-25,PayU
M001,PAY002616,ORD000267,2024-01-08,UPI,paid,2961.05,0.0,2024-01-10,PayU
M001,PAY002617,ORD000231,2024-01-08,Wallet,paid,5807.92,0.0,2024-01-10,Juspay
M001,PAY002618,ORD002606,2024-04-07,Credit Card,paid,8110.05,0.0,2024-04-08,PayU
M001,PAY002619,ORD006719,2024-09-26,Credit Card,paid,7676.64,0.0,2024-10-01,Stripe
M001,PAY002620,ORD009106,2024-12-03,UPI,paid,1476.18,0.0,2024-12-07,PayU
M001,PAY002621,ORD005974,2024-08-26,COD,refunded,1867.68,1888.73,2024-08-27,PayU
M001,PAY002622,ORD002494,2024-04-03,UPI,refunded,2877.31,2857.5,2024-04-06,PayU
M001,PAY002623,ORD000538,2024-01-17,UPI,pending,691.09,0.0,2024-01-18,Razorpay
M001,PAY002624,ORD000797,2024-01-25,COD,pending,4788.47,0.0,2024-01-27,Juspay
M001,PAY002625,ORD008476,2024-11-16,UPI,paid,1532.84,0.0,2024-11-17,PayU
M001,PAY002626,ORD003879,2024-05-24,Credit Card,failed,0.0,0.0,2024-05-24,PhonePe
M001,PAY002627,ORD000598,2024-01-19,Credit Card,paid,4920.18,0.0,2024-01-22,Razorpay
M001,PAY002628,ORD007952,2024-11-02,COD,paid,7334.87,0.0,2024-11-03,Juspay
M001,PAY002629,ORD006901,2024-10-03,Credit Card,paid,4571.76,0.0,2024-10-07,Cashfree
M001,PAY002630,ORD008876,2024-11-27,Credit Card,paid,8214.56,0.0,2024-12-02,Stripe
M001,PAY002631,ORD009785,2024-12-25,COD,paid,2168.16,0.0,2024-12-29,Juspay
M001,PAY002632,ORD000483,2024-01-15,COD,failed,0.0,0.0,2024-01-15,PayU
M001,PAY002633,ORD004102,2024-06-01,Debit Card,paid,7673.89,0.0,2024-06-06,Juspay
M001,PAY002634,ORD005772,2024-08-17,UPI,paid,6916.12,0.0,2024-08-20,Juspay
M001,PAY002635,ORD008452,2024-11-16,COD,paid,7470.67,0.0,2024-11-17,Stripe
M001,PAY002636,ORD009438,2024-12-14,Wallet,failed,0.0,0.0,2024-12-14,PayU
M001,PAY002637,ORD007705,2024-10-25,Credit Card,paid,773.58,0.0,2024-10-29,PhonePe
M001,PAY002638,ORD004472,2024-06-19,Debit Card,paid,3633.88,0.0,2024-06-24,Cashfree
M001,PAY002639,ORD008714,2024-11-22,Credit Card,pending,6869.73,0.0,2024-11-24,Juspay
M001,PAY002640,ORD000245,2024-01-08,UPI,paid,4668.65,0.0,2024-01-10,PayU
M001,PAY002641,ORD009278,2024-12-09,Wallet,failed,0.0,0.0,2024-12-09,PhonePe
M001,PAY002642,ORD005026,2024-07-16,Credit Card,paid,9183.62,0.0,2024-07-17,Cashfree
M001,PAY002643,ORD001178,2024-02-07,Debit Card,paid,3744.98,0.0,2024-02-08,Juspay
M001,PAY002644,ORD005434,2024-08-05,NetBanking,paid,3035.61,0.0,2024-08-07,PhonePe
M001,PAY002645,ORD000631,2024-01-21,COD,paid,1308.31,0.0,2024-01-23,PhonePe
M001,PAY002646,ORD008202,2024-11-08,UPI,paid,4559.32,0.0,2024-11-09,Razorpay
M001,PAY002647,ORD008814,2024-11-25,COD,paid,5235.05,0.0,2024-11-27,Cashfree
M001,PAY002648,ORD008060,2024-11-04,Debit Card,paid,4684.73,0.0,2024-11-06,Cashfree
M001,PAY002649,ORD005169,2024-07-24,UPI,paid,6465.53,0.0,2024-07-26,Juspay
M001,PAY002650,ORD002762,2024-04-14,NetBanking,paid,1670.82,0.0,2024-04-17,PhonePe
M001,PAY002651,ORD005976,2024-08-27,Wallet,paid,5213.37,0.0,2024-08-29,Juspay
M001,PAY002652,ORD007036,2024-10-06,COD,paid,2548.75,0.0,2024-10-09,PhonePe
M001,PAY002653,ORD008848,2024-11-27,COD,paid,7566.5,0.0,2024-12-01,PayU
M001,PAY002654,ORD009098,2024-12-03,COD,paid,7879.7,0.0,2024-12-04,PhonePe
M001,PAY002655,ORD002605,2024-04-08,COD,paid,7453.35,0.0,2024-04-10,Juspay
M001,PAY002656,ORD009811,2024-12-25,UPI,paid,1660.99,0.0,2024-12-28,Stripe
M001,PAY002657,ORD003788,2024-05-21,Debit Card,paid,4497.18,0.0,2024-05-24,Cashfree
M001,PAY002658,ORD006199,2024-09-05,Debit Card,paid,6643.48,0.0,2024-09-09,Cashfree
M001,PAY002659,ORD006877,2024-10-01,Debit Card,paid,2363.65,0.0,2024-10-05,Juspay
M001,PAY002660,ORD007740,2024-10-27,Debit Card,paid,9750.72,0.0,2024-11-01,PayU
M001,PAY002661,ORD001696,2024-03-02,Wallet,paid,1169.59,0.0,2024-03-03,PhonePe
M001,PAY002662,ORD002222,2024-03-24,COD,paid,462.14,0.0,2024-03-26,PhonePe
M001,PAY002663,ORD000564,2024-01-19,UPI,paid,4084.68,0.0,2024-01-23,PhonePe
M001,PAY002664,ORD003765,2024-05-20,Credit Card,paid,6984.63,0.0,2024-05-24,Razorpay
M001,PAY002665,ORD003711,2024-05-18,COD,paid,921.32,0.0,2024-05-22,Cashfree
M001,PAY002666,ORD001742,2024-03-04,Debit Card,paid,4686.76,0.0,2024-03-05,Cashfree
M001,PAY002667,ORD001179,2024-02-08,COD,paid,5742.31,0.0,2024-02-11,PayU
M001,PAY002668,ORD002833,2024-04-16,Credit Card,paid,5749.3,0.0,2024-04-17,PayU
M001,PAY002669,ORD001213,2024-02-09,UPI,paid,3479.28,0.0,2024-02-13,Juspay
M001,PAY002670,ORD004700,2024-06-29,UPI,paid,1331.61,0.0,2024-07-02,Razorpay
M001,PAY002671,ORD003398,2024-05-05,Credit Card,paid,4605.26,0.0,2024-05-08,PhonePe
M001,PAY002672,ORD008637,2024-11-20,NetBanking,paid,4404.26,0.0,2024-11-21,PhonePe
M001,PAY002673,ORD004566,2024-06-24,NetBanking,paid,5992.1,0.0,2024-06-28,Stripe
M001,PAY002674,ORD001910,2024-03-10,UPI,paid,5212.89,0.0,2024-03-12,Juspay
M001,PAY002675,ORD000461,2024-01-14,UPI,refunded,4850.81,4454.05,2024-01-17,PhonePe
M001,PAY002676,ORD001858,2024-03-08,Debit Card,paid,6738.68,0.0,2024-03-13,PayU
M001,PAY002677,ORD008415,2024-11-14,COD,paid,5747.88,0.0,2024-11-17,Juspay
M001,PAY002678,ORD009794,2024-12-24,Credit Card,pending,4254.78,0.0,2024-12-25,Cashfree
M001,PAY002679,ORD007048,2024-10-06,UPI,paid,4311.45,0.0,2024-10-08,Juspay
M001,PAY002680,ORD001353,2024-02-16,COD,paid,1532.27,0.0,2024-02-19,PhonePe
M001,PAY002681,ORD005180,2024-07-24,Credit Card,paid,7194.88,0.0,2024-07-29,Razorpay
M001,PAY002682,ORD006313,2024-09-09,COD,refunded,2248.97,1396.12,2024-09-13,Juspay
M001,PAY002683,ORD001287,2024-02-13,COD,paid,5153.05,0.0,2024-02-15,PhonePe
M001,PAY002684,ORD008958,2024-11-29,Wallet,paid,1736.07,0.0,2024-12-01,Juspay
M001,PAY002685,ORD004877,2024-07-09,COD,paid,4356.68,0.0,2024-07-10,Juspay
M001,PAY002686,ORD005203,2024-07-25,UPI,paid,7715.2,0.0,2024-07-28,Juspay
M001,PAY002687,ORD002879,2024-04-17,COD,paid,1824.44,0.0,2024-04-19,Stripe
M001,PAY002688,ORD005141,2024-07-23,Wallet,paid,4611.96,0.0,2024-07-27,Cashfree
M001,PAY002689,ORD003157,2024-04-28,Credit Card,paid,3814.7,0.0,2024-05-01,PhonePe
M001,PAY002690,ORD006384,2024-09-12,Debit Card,failed,0.0,0.0,2024-09-12,PhonePe
M001,PAY002691,ORD000686,2024-01-23,Debit Card,pending,3872.13,0.0,2024-01-24,PhonePe
M001,PAY002692,ORD008357,2024-11-13,COD,failed,0.0,0.0,2024-11-13,Juspay
M001,PAY002693,ORD005842,2024-08-21,Debit Card,paid,4442.58,0.0,2024-08-26,Cashfree
M001,PAY002694,ORD007308,2024-10-13,COD,pending,1754.7,0.0,2024-10-14,PhonePe
M001,PAY002695,ORD007882,2024-10-31,COD,paid,2017.14,0.0,2024-11-05,Cashfree
M001,PAY002696,ORD008842,2024-11-26,UPI,paid,2768.05,0.0,2024-12-01,PhonePe
M001,PAY002697,ORD005508,2024-08-08,UPI,paid,953.23,0.0,2024-08-10,Juspay
M001,PAY002698,ORD006503,2024-09-17,Wallet,paid,2285.25,0.0,2024-09-22,Cashfree
M001,PAY002699,ORD008990,2024-11-29,COD,paid,8124.59,0.0,2024-11-30,PayU
M001,PAY002700,ORD007968,2024-11-03,UPI,paid,10261.5,0.0,2024-11-07,Juspay
M001,PAY002701,ORD008358,2024-11-13,UPI,paid,972.51,0.0,2024-11-15,Cashfree
M001,PAY002702,ORD004484,2024-06-19,Debit Card,paid,6983.1,0.0,2024-06-24,PayU
M001,PAY002703,ORD008084,2024-11-05,Credit Card,paid,3029.26,0.0,2024-11-10,PhonePe
M001,PAY002704,ORD009881,2024-12-28,COD,paid,7213.13,0.0,2024-12-30,PayU
M001,PAY002705,ORD009845,2024-12-26,COD,paid,9845.21,0.0,2024-12-30,Juspay
M001,PAY002706,ORD007561,2024-10-21,UPI,paid,3491.92,0.0,2024-10-23,PhonePe
M001,PAY002707,ORD006992,2024-10-05,COD,paid,5601.15,0.0,2024-10-08,Razorpay
M001,PAY002708,ORD006885,2024-10-01,UPI,paid,3614.77,0.0,2024-10-03,Razorpay
M001,PAY002709,ORD002810,2024-04-14,Credit Card,failed,0.0,0.0,2024-04-14,PayU
M001,PAY002710,ORD004548,2024-06-22,UPI,refunded,6118.36,881.44,2024-06-24,Cashfree
M001,PAY002711,ORD001184,2024-02-07,Credit Card,paid,9889.44,0.0,2024-02-10,Stripe
M001,PAY002712,ORD006564,2024-09-20,Wallet,refunded,10687.12,6348.91,2024-09-25,Cashfree
M001,PAY002713,ORD004850,2024-07-08,UPI,refunded,9165.0,2986.05,2024-07-13,Cashfree
M001,PAY002714,ORD001392,2024-02-16,UPI,paid,7074.17,0.0,2024-02-19,Stripe
M001,PAY002715,ORD007122,2024-10-08,COD,paid,1428.2,0.0,2024-10-12,PayU
M001,PAY002716,ORD005660,2024-08-14,COD,paid,6357.38,0.0,2024-08-18,Cashfree
M001,PAY002717,ORD009687,2024-12-20,Debit Card,paid,1870.21,0.0,2024-12-22,Cashfree
M001,PAY002718,ORD004084,2024-06-01,COD,paid,3805.34,0.0,2024-06-04,PayU
M001,PAY002719,ORD007802,2024-10-28,UPI,paid,3269.71,0.0,2024-10-30,Juspay
M001,PAY002720,ORD007717,2024-10-25,Debit Card,failed,0.0,0.0,2024-10-25,Cashfree
M001,PAY002721,ORD005273,2024-07-28,COD,paid,4493.15,0.0,2024-08-01,Juspay
M001,PAY002722,ORD002178,2024-03-22,UPI,paid,4055.24,0.0,2024-03-24,PayU
M001,PAY002723,ORD002502,2024-04-04,UPI,refunded,1346.98,278.41,2024-04-06,Juspay
M001,PAY002724,ORD005060,2024-07-18,Debit Card,failed,0.0,0.0,2024-07-18,Razorpay
M001,PAY002725,ORD007091,2024-10-07,Wallet,paid,4181.35,0.0,2024-10-10,Cashfree
M001,PAY002726,ORD007420,2024-10-16,COD,paid,1068.61,0.0,2024-10-17,PayU
M001,PAY002727,ORD009711,2024-12-22,COD,refunded,10233.54,1468.82,2024-12-23,PhonePe
M001,PAY002728,ORD000141,2024-01-05,NetBanking,paid,2048.43,0.0,2024-01-07,Razorpay
M001,PAY002729,ORD003416,2024-05-06,UPI,paid,7960.31,0.0,2024-05-08,Razorpay
M001,PAY002730,ORD009694,2024-12-20,COD,paid,3556.58,0.0,2024-12-21,Cashfree
M001,PAY002731,ORD009421,2024-12-12,Credit Card,paid,4999.48,0.0,2024-12-14,Cashfree
M001,PAY002732,ORD003929,2024-05-26,UPI,paid,1660.54,0.0,2024-05-31,Razorpay
M001,PAY002733,ORD007330,2024-10-14,COD,paid,5127.35,0.0,2024-10-16,Juspay
M001,PAY002734,ORD002545,2024-04-06,UPI,paid,2116.33,0.0,2024-04-09,PayU
M001,PAY002735,ORD008095,2024-11-06,Wallet,paid,8193.77,0.0,2024-11-09,Stripe
M001,PAY002736,ORD004412,2024-06-16,NetBanking,paid,1883.99,0.0,2024-06-18,Cashfree
M001,PAY002737,ORD001221,2024-02-09,Credit Card,paid,739.69,0.0,2024-02-14,Cashfree
M001,PAY002738,ORD005122,2024-07-21,COD,paid,9167.46,0.0,2024-07-24,Stripe
M001,PAY002739,ORD000210,2024-01-08,COD,paid,1750.52,0.0,2024-01-11,Cashfree
M001,PAY002740,ORD001820,2024-03-07,Debit Card,paid,4290.49,0.0,2024-03-09,Juspay
M001,PAY002741,ORD004735,2024-07-02,Debit Card,paid,6246.86,0.0,2024-07-05,Stripe
M001,PAY002742,ORD005475,2024-08-06,UPI,paid,4308.87,0.0,2024-08-11,PhonePe
M001,PAY002743,ORD002862,2024-04-16,Debit Card,paid,5167.89,0.0,2024-04-21,Razorpay
M001,PAY002744,ORD009123,2024-12-04,UPI,paid,6079.81,0.0,2024-12-05,Razorpay
M001,PAY002745,ORD008850,2024-11-26,UPI,paid,517.49,0.0,2024-12-01,PayU
M001,PAY002746,ORD008749,2024-11-23,NetBanking,paid,2897.55,0.0,2024-11-25,Juspay
M001,PAY002747,ORD007695,2024-10-25,Credit Card,paid,788.57,0.0,2024-10-30,Juspay
M001,PAY002748,ORD006211,2024-09-04,COD,paid,5758.34,0.0,2024-09-06,Cashfree
M001,PAY002749,ORD007281,2024-10-12,UPI,paid,4089.99,0.0,2024-10-14,Stripe
M001,PAY002750,ORD004216,2024-06-06,Credit Card,paid,5987.09,0.0,2024-06-10,PayU
M001,PAY002751,ORD001048,2024-02-02,COD,paid,8119.82,0.0,2024-02-05,Juspay
M001,PAY002752,ORD003809,2024-05-21,UPI,paid,998.82,0.0,2024-05-26,Cashfree
M001,PAY002753,ORD002908,2024-04-18,Debit Card,paid,8291.31,0.0,2024-04-22,Cashfree
M001,PAY002754,ORD007325,2024-10-14,UPI,paid,4826.58,0.0,2024-10-16,PhonePe
M001,PAY002755,ORD001965,2024-03-14,UPI,paid,7156.92,0.0,2024-03-15,Stripe
M001,PAY002756,ORD000117,2024-01-04,Credit Card,paid,2508.01,0.0,2024-01-09,PayU
M001,PAY002757,ORD009291,2024-12-08,COD,paid,7285.46,0.0,2024-12-11,PhonePe
M001,PAY002758,ORD004728,2024-07-02,Wallet,paid,4385.33,0.0,2024-07-03,PayU
M001,PAY002759,ORD004610,2024-06-25,UPI,paid,1192.89,0.0,2024-06-28,PhonePe
M001,PAY002760,ORD008017,2024-11-04,COD,failed,0.0,0.0,2024-11-04,Juspay
M001,PAY002761,ORD000099,2024-01-03,COD,pending,8242.9,0.0,2024-01-04,Stripe
M001,PAY002762,ORD002364,2024-03-31,COD,refunded,3536.34,3175.24,2024-04-02,PhonePe
M001,PAY002763,ORD000114,2024-01-05,UPI,paid,2106.71,0.0,2024-01-07,Juspay
M001,PAY002764,ORD005268,2024-07-28,Credit Card,paid,8018.22,0.0,2024-08-01,Cashfree
M001,PAY002765,ORD005971,2024-08-26,Wallet,paid,5241.67,0.0,2024-08-31,PayU
M001,PAY002766,ORD002616,2024-04-08,COD,paid,8815.85,0.0,2024-04-13,Juspay
M001,PAY002767,ORD004319,2024-06-13,COD,paid,5036.22,0.0,2024-06-16,Juspay
M001,PAY002768,ORD007556,2024-10-21,Credit Card,paid,539.98,0.0,2024-10-22,PayU
M001,PAY002769,ORD001344,2024-02-15,COD,paid,6459.42,0.0,2024-02-19,PayU
M001,PAY002770,ORD007201,2024-10-10,UPI,paid,6287.28,0.0,2024-10-12,Juspay
M001,PAY002771,ORD005886,2024-08-22,Credit Card,paid,9196.01,0.0,2024-08-23,PhonePe
M001,PAY002772,ORD006788,2024-09-28,Debit Card,paid,6357.82,0.0,2024-09-30,Stripe
M001,PAY002773,ORD008510,2024-11-17,Credit Card,paid,4848.6,0.0,2024-11-20,PhonePe
M001,PAY002774,ORD004249,2024-06-08,UPI,paid,2122.34,0.0,2024-06-11,PayU
M001,PAY002775,ORD002580,2024-04-07,Wallet,paid,7261.2,0.0,2024-04-12,PayU
M001,PAY002776,ORD001570,2024-02-26,COD,paid,7455.05,0.0,2024-02-27,Cashfree
M001,PAY002777,ORD003851,2024-05-24,Debit Card,paid,7788.52,0.0,2024-05-29,Razorpay
M001,PAY002778,ORD008603,2024-11-20,Credit Card,refunded,3020.13,347.37,2024-11-22,PayU
M001,PAY002779,ORD002591,2024-04-07,Debit Card,paid,6218.44,0.0,2024-04-10,Juspay
M001,PAY002780,ORD006496,2024-09-18,COD,paid,4427.61,0.0,2024-09-22,Stripe
M001,PAY002781,ORD004900,2024-07-10,UPI,paid,4992.12,0.0,2024-07-15,PhonePe
M001,PAY002782,ORD009632,2024-12-20,UPI,refunded,6192.58,4068.61,2024-12-24,Razorpay
M001,PAY002783,ORD003915,2024-05-26,UPI,paid,6092.32,0.0,2024-05-28,Cashfree
M001,PAY002784,ORD005315,2024-07-30,UPI,paid,6761.37,0.0,2024-08-02,Juspay
M001,PAY002785,ORD001603,2024-02-28,COD,paid,4613.04,0.0,2024-02-29,Cashfree
M001,PAY002786,ORD002188,2024-03-21,Credit Card,paid,10162.44,0.0,2024-03-22,PhonePe
M001,PAY002787,ORD008644,2024-11-20,COD,refunded,779.27,677.88,2024-11-24,Stripe
M001,PAY002788,ORD002612,2024-04-07,UPI,paid,6558.65,0.0,2024-04-10,Juspay
M001,PAY002789,ORD000304,2024-01-10,UPI,paid,7248.97,0.0,2024-01-11,Juspay
M001,PAY002790,ORD005274,2024-07-28,Debit Card,failed,0.0,0.0,2024-07-28,PhonePe
M001,PAY002791,ORD006672,2024-09-24,COD,paid,9062.61,0.0,2024-09-25,PayU
M001,PAY002792,ORD006265,2024-09-07,NetBanking,paid,3963.51,0.0,2024-09-12,Cashfree
M001,PAY002793,ORD002250,2024-03-25,Credit Card,paid,4357.97,0.0,2024-03-27,Stripe
M001,PAY002794,ORD008596,2024-11-20,UPI,failed,0.0,0.0,2024-11-20,Juspay
M001,PAY002795,ORD001615,2024-02-29,COD,paid,1957.81,0.0,2024-03-02,PayU
M001,PAY002796,ORD005007,2024-07-15,Credit Card,failed,0.0,0.0,2024-07-15,Razorpay
M001,PAY002797,ORD003435,2024-05-07,Credit Card,paid,8207.29,0.0,2024-05-09,Cashfree
M001,PAY002798,ORD009657,2024-12-19,COD,paid,2128.36,0.0,2024-12-23,PayU
M001,PAY002799,ORD004217,2024-06-06,COD,paid,3070.78,0.0,2024-06-11,Razorpay
M001,PAY002800,ORD007011,2024-10-04,COD,paid,4308.89,0.0,2024-10-08,Cashfree
M001,PAY002801,ORD002652,2024-04-09,UPI,paid,4044.75,0.0,2024-04-13,Cashfree
M001,PAY002802,ORD001830,2024-03-08,Credit Card,paid,1623.31,0.0,2024-03-13,Cashfree
M001,PAY002803,ORD002707,2024-04-11,COD,paid,4813.21,0.0,2024-04-15,Juspay
M001,PAY002804,ORD004910,2024-07-11,Wallet,paid,9484.24,0.0,2024-07-14,Stripe
M001,PAY002805,ORD009182,2024-12-06,Debit Card,pending,4341.78,0.0,2024-12-08,Stripe
M001,PAY002806,ORD005864,2024-08-22,UPI,paid,4595.38,0.0,2024-08-25,Cashfree
M001,PAY002807,ORD000877,2024-01-29,UPI,paid,5916.72,0.0,2024-02-03,PayU
M001,PAY002808,ORD003917,2024-05-26,COD,paid,961.59,0.0,2024-05-31,Razorpay
M001,PAY002809,ORD009572,2024-12-17,Debit Card,paid,2856.16,0.0,2024-12-21,Cashfree
M001,PAY002810,ORD005753,2024-08-17,COD,paid,3848.62,0.0,2024-08-18,Stripe
M001,PAY002811,ORD008784,2024-11-24,Debit Card,paid,2365.97,0.0,2024-11-29,PayU
M001,PAY002812,ORD009637,2024-12-20,NetBanking,refunded,878.06,442.66,2024-12-22,Razorpay
M001,PAY002813,ORD008136,2024-11-08,Credit Card,failed,0.0,0.0,2024-11-08,Stripe
M001,PAY002814,ORD009333,2024-12-09,Debit Card,paid,2986.36,0.0,2024-12-10,PayU
M001,PAY002815,ORD002267,2024-03-26,COD,paid,1301.64,0.0,2024-03-28,Stripe
M001,PAY002816,ORD008796,2024-11-25,Credit Card,pending,457.95,0.0,2024-11-26,Cashfree
M001,PAY002817,ORD006018,2024-08-28,Wallet,paid,3149.31,0.0,2024-09-02,Juspay
M001,PAY002818,ORD003661,2024-05-15,UPI,paid,8311.73,0.0,2024-05-19,PayU
M001,PAY002819,ORD006947,2024-10-04,UPI,paid,678.61,0.0,2024-10-08,Razorpay
M001,PAY002820,ORD008575,2024-11-19,Debit Card,paid,646.98,0.0,2024-11-23,PhonePe
M001,PAY002821,ORD001194,2024-02-08,COD,paid,1876.84,0.0,2024-02-12,Razorpay
M001,PAY002822,ORD009146,2024-12-05,Debit Card,paid,5437.42,0.0,2024-12-09,Cashfree
M001,PAY002823,ORD002013,2024-03-15,Debit Card,paid,3862.15,0.0,2024-03-20,PayU
M001,PAY002824,ORD000762,2024-01-25,Credit Card,paid,8675.3,0.0,2024-01-29,PayU
M001,PAY002825,ORD009094,2024-12-02,UPI,paid,1010.8,0.0,2024-12-04,Juspay
M001,PAY002826,ORD008956,2024-11-28,Debit Card,failed,0.0,0.0,2024-11-28,Juspay
M001,PAY002827,ORD000093,2024-01-03,Credit Card,paid,4428.08,0.0,2024-01-05,Juspay
M001,PAY002828,ORD004762,2024-07-02,Wallet,pending,3976.9,0.0,2024-07-04,Juspay
M001,PAY002829,ORD004777,2024-07-04,COD,failed,0.0,0.0,2024-07-04,Razorpay
M001,PAY002830,ORD000550,2024-01-18,COD,paid,2291.93,0.0,2024-01-21,Razorpay
M001,PAY002831,ORD008160,2024-11-08,COD,paid,9047.79,0.0,2024-11-12,Juspay
M001,PAY002832,ORD000338,2024-01-11,Debit Card,pending,2418.53,0.0,2024-01-13,Razorpay
M001,PAY002833,ORD001180,2024-02-08,UPI,paid,8355.36,0.0,2024-02-09,PayU
M001,PAY002834,ORD001253,2024-02-10,NetBanking,paid,8445.82,0.0,2024-02-14,PayU
M001,PAY002835,ORD000554,2024-01-18,COD,paid,7889.95,0.0,2024-01-20,Stripe
M001,PAY002836,ORD008587,2024-11-19,UPI,paid,8957.28,0.0,2024-11-22,Stripe
M001,PAY002837,ORD002204,2024-03-23,Wallet,paid,3618.36,0.0,2024-03-27,Razorpay
M001,PAY002838,ORD001419,2024-02-19,COD,paid,835.81,0.0,2024-02-22,Razorpay
M001,PAY002839,ORD002211,2024-03-22,UPI,paid,2592.21,0.0,2024-03-26,Razorpay
M001,PAY002840,ORD000925,2024-01-29,UPI,paid,7779.5,0.0,2024-02-03,Stripe
M001,PAY002841,ORD007989,2024-11-03,COD,paid,1485.71,0.0,2024-11-08,Razorpay
M001,PAY002842,ORD002234,2024-03-24,UPI,paid,7313.14,0.0,2024-03-28,Cashfree
M001,PAY002843,ORD000216,2024-01-08,Credit Card,refunded,7804.8,3230.59,2024-01-13,Razorpay
M001,PAY002844,ORD001426,2024-02-19,Wallet,paid,4340.32,0.0,2024-02-21,PhonePe
M001,PAY002845,ORD006962,2024-10-03,UPI,paid,9345.14,0.0,2024-10-05,PhonePe
M001,PAY002846,ORD006364,2024-09-11,COD,paid,4804.17,0.0,2024-09-14,Cashfree
M001,PAY002847,ORD003871,2024-05-25,COD,paid,3196.39,0.0,2024-05-30,Cashfree
M001,PAY002848,ORD006347,2024-09-10,Credit Card,paid,6646.02,0.0,2024-09-11,PhonePe
M001,PAY002849,ORD003076,2024-04-25,Credit Card,paid,3942.99,0.0,2024-04-26,PayU
M001,PAY002850,ORD009809,2024-12-26,UPI,paid,9719.86,0.0,2024-12-28,Cashfree
M001,PAY002851,ORD002019,2024-03-15,UPI,paid,8280.93,0.0,2024-03-17,Stripe
M001,PAY002852,ORD003801,2024-05-22,Wallet,paid,8402.68,0.0,2024-05-23,PayU
M001,PAY002853,ORD009514,2024-12-16,UPI,paid,2009.87,0.0,2024-12-20,Juspay
M001,PAY002854,ORD002667,2024-04-10,Credit Card,paid,8700.99,0.0,2024-04-12,PhonePe
M001,PAY002855,ORD001531,2024-02-24,COD,paid,6121.25,0.0,2024-02-28,Stripe
M001,PAY002856,ORD004266,2024-06-09,Credit Card,paid,4509.24,0.0,2024-06-11,PhonePe
M001,PAY002857,ORD008334,2024-11-12,COD,paid,9566.95,0.0,2024-11-16,Juspay
M001,PAY002858,ORD004228,2024-06-07,UPI,refunded,3042.97,2223.39,2024-06-12,Stripe
M001,PAY002859,ORD004727,2024-07-01,Credit Card,paid,6809.56,0.0,2024-07-02,Cashfree
M001,PAY002860,ORD002213,2024-03-23,Credit Card,paid,5315.07,0.0,2024-03-25,Cashfree
M001,PAY002861,ORD002524,2024-04-05,UPI,paid,5786.17,0.0,2024-04-06,PayU
M001,PAY002862,ORD005266,2024-07-28,UPI,failed,0.0,0.0,2024-07-28,Cashfree
M001,PAY002863,ORD008157,2024-11-08,COD,paid,2106.64,0.0,2024-11-09,Razorpay
M001,PAY002864,ORD007288,2024-10-12,COD,paid,7554.68,0.0,2024-10-13,PhonePe
M001,PAY002865,ORD001115,2024-02-05,COD,paid,913.67,0.0,2024-02-07,PayU
M001,PAY002866,ORD005839,2024-08-20,Wallet,paid,7234.08,0.0,2024-08-23,PayU
M001,PAY002867,ORD001668,2024-03-01,Debit Card,paid,9905.12,0.0,2024-03-03,PayU
M001,PAY002868,ORD008611,2024-11-19,Wallet,paid,3255.23,0.0,2024-11-20,PayU
M001,PAY002869,ORD006979,2024-10-05,Debit Card,pending,1842.57,0.0,2024-10-06,PayU
M001,PAY002870,ORD004171,2024-06-04,COD,paid,3319.07,0.0,2024-06-05,PhonePe
M001,PAY002871,ORD003079,2024-04-24,Debit Card,paid,1616.86,0.0,2024-04-25,PayU
M001,PAY002872,ORD006486,2024-09-17,UPI,paid,3523.97,0.0,2024-09-20,Cashfree
M001,PAY002873,ORD009157,2024-12-04,UPI,paid,2557.45,0.0,2024-12-06,Stripe
M001,PAY002874,ORD004043,2024-05-31,Debit Card,paid,613.76,0.0,2024-06-04,PhonePe
M001,PAY002875,ORD005467,2024-08-06,COD,paid,7802.65,0.0,2024-08-07,PayU
M001,PAY002876,ORD000016,2024-01-01,UPI,paid,8821.4,0.0,2024-01-06,Stripe
M001,PAY002877,ORD004535,2024-06-21,UPI,paid,6058.16,0.0,2024-06-22,Cashfree
M001,PAY002878,ORD001847,2024-03-08,Wallet,paid,4953.58,0.0,2024-03-13,Stripe
M001,PAY002879,ORD000869,2024-01-27,UPI,failed,0.0,0.0,2024-01-27,Juspay
M001,PAY002880,ORD009068,2024-12-01,Debit Card,failed,0.0,0.0,2024-12-01,Cashfree
M001,PAY002881,ORD000195,2024-01-07,COD,paid,7926.22,0.0,2024-01-08,Cashfree
M001,PAY002882,ORD001855,2024-03-08,UPI,paid,4236.22,0.0,2024-03-12,PayU
M001,PAY002883,ORD004594,2024-06-25,COD,paid,584.83,0.0,2024-06-29,Juspay
M001,PAY002884,ORD002441,2024-04-02,Debit Card,paid,7040.42,0.0,2024-04-04,PhonePe
M001,PAY002885,ORD001727,2024-03-03,Credit Card,paid,9508.24,0.0,2024-03-04,Cashfree
M001,PAY002886,ORD009262,2024-12-08,Credit Card,paid,1834.37,0.0,2024-12-11,Cashfree
M001,PAY002887,ORD007649,2024-10-23,Credit Card,paid,7733.4,0.0,2024-10-28,Stripe
M001,PAY002888,ORD005209,2024-07-26,COD,paid,1203.45,0.0,2024-07-31,PhonePe
M001,PAY002889,ORD007240,2024-10-12,COD,paid,4589.02,0.0,2024-10-13,Juspay
M001,PAY002890,ORD002172,2024-03-22,Debit Card,pending,3499.92,0.0,2024-03-24,Razorpay
M001,PAY002891,ORD009795,2024-12-25,COD,paid,2768.03,0.0,2024-12-28,Razorpay
M001,PAY002892,ORD008996,2024-11-29,COD,refunded,5103.18,4438.49,2024-12-03,Cashfree
M001,PAY002893,ORD004060,2024-05-30,Wallet,paid,1353.1,0.0,2024-06-02,Cashfree
M001,PAY002894,ORD001056,2024-02-03,UPI,refunded,3821.82,2179.91,2024-02-08,Juspay
M001,PAY002895,ORD000580,2024-01-20,COD,paid,4321.35,0.0,2024-01-24,Cashfree
M001,PAY002896,ORD004830,2024-07-06,COD,paid,787.77,0.0,2024-07-07,Juspay
M001,PAY002897,ORD009112,2024-12-04,Credit Card,paid,7278.87,0.0,2024-12-05,Cashfree
M001,PAY002898,ORD009159,2024-12-05,COD,paid,8482.26,0.0,2024-12-06,PhonePe
M001,PAY002899,ORD006970,2024-10-03,Wallet,failed,0.0,0.0,2024-10-03,PhonePe
M001,PAY002900,ORD009386,2024-12-12,COD,pending,7893.87,0.0,2024-12-13,Razorpay
M001,PAY002901,ORD006990,2024-10-04,COD,paid,10257.48,0.0,2024-10-05,PayU
M001,PAY002902,ORD002975,2024-04-20,NetBanking,failed,0.0,0.0,2024-04-20,Juspay
M001,PAY002903,ORD005880,2024-08-22,UPI,paid,7162.79,0.0,2024-08-26,PayU
M001,PAY002904,ORD008237,2024-11-09,COD,paid,1833.2,0.0,2024-11-14,Stripe
M001,PAY002905,ORD009574,2024-12-17,Debit Card,paid,1124.76,0.0,2024-12-20,Juspay
M001,PAY002906,ORD007116,2024-10-08,Debit Card,failed,0.0,0.0,2024-10-08,Juspay
M001,PAY002907,ORD006923,2024-10-02,NetBanking,paid,7083.5,0.0,2024-10-03,PayU
M001,PAY002908,ORD006860,2024-10-02,Credit Card,failed,0.0,0.0,2024-10-02,Razorpay
M001,PAY002909,ORD004222,2024-06-06,Debit Card,paid,5830.88,0.0,2024-06-09,Cashfree
M001,PAY002910,ORD007094,2024-10-07,UPI,paid,2847.06,0.0,2024-10-12,Cashfree
M001,PAY002911,ORD002875,2024-04-17,NetBanking,paid,7043.72,0.0,2024-04-20,Juspay
M001,PAY002912,ORD009774,2024-12-24,Credit Card,failed,0.0,0.0,2024-12-24,PayU
M001,PAY002913,ORD008052,2024-11-04,COD,paid,9327.67,0.0,2024-11-07,Stripe
M001,PAY002914,ORD004920,2024-07-11,NetBanking,paid,3849.52,0.0,2024-07-15,PhonePe
M001,PAY002915,ORD004042,2024-05-31,COD,paid,3863.11,0.0,2024-06-04,PayU
M001,PAY002916,ORD003724,2024-05-18,UPI,failed,0.0,0.0,2024-05-18,Stripe
M001,PAY002917,ORD005712,2024-08-16,Debit Card,paid,4593.8,0.0,2024-08-17,PhonePe
M001,PAY002918,ORD005927,2024-08-24,UPI,refunded,6362.19,2032.68,2024-08-29,Stripe
M001,PAY002919,ORD006476,2024-09-16,COD,paid,2861.64,0.0,2024-09-18,Stripe
M001,PAY002920,ORD003487,2024-05-10,UPI,paid,1093.4,0.0,2024-05-15,PayU
M001,PAY002921,ORD000303,2024-01-09,UPI,paid,5260.51,0.0,2024-01-14,PhonePe
M001,PAY002922,ORD007833,2024-10-30,Wallet,paid,3147.0,0.0,2024-10-31,PayU
M001,PAY002923,ORD003317,2024-05-03,Credit Card,paid,941.02,0.0,2024-05-07,Razorpay
M001,PAY002924,ORD002629,2024-04-09,NetBanking,paid,4062.53,0.0,2024-04-13,Cashfree
M001,PAY002925,ORD002687,2024-04-11,UPI,paid,3360.68,0.0,2024-04-12,Cashfree
M001,PAY002926,ORD003748,2024-05-20,COD,paid,9093.15,0.0,2024-05-21,Juspay
M001,PAY002927,ORD003808,2024-05-22,Wallet,paid,5377.01,0.0,2024-05-24,PayU
M001,PAY002928,ORD002814,2024-04-14,Debit Card,paid,2397.39,0.0,2024-04-15,Cashfree
M001,PAY002929,ORD000756,2024-01-24,COD,paid,4927.03,0.0,2024-01-26,PayU
M001,PAY002930,ORD000819,2024-01-27,COD,paid,4423.18,0.0,2024-02-01,PayU
M001,PAY002931,ORD009979,2024-12-31,COD,paid,4768.0,0.0,2025-01-02,Cashfree
M001,PAY002932,ORD006366,2024-09-11,UPI,paid,7843.37,0.0,2024-09-14,Cashfree
M001,PAY002933,ORD009892,2024-12-27,UPI,refunded,2334.9,1910.28,2025-01-01,PhonePe
M001,PAY002934,ORD002484,2024-04-04,COD,paid,1211.52,0.0,2024-04-06,PayU
M001,PAY002935,ORD004439,2024-06-18,COD,paid,9142.47,0.0,2024-06-19,Juspay
M001,PAY002936,ORD008308,2024-11-11,Credit Card,paid,3242.77,0.0,2024-11-15,PayU
M001,PAY002937,ORD003312,2024-05-03,COD,failed,0.0,0.0,2024-05-03,Juspay
M001,PAY002938,ORD006765,2024-09-28,Credit Card,pending,6072.05,0.0,2024-09-30,Juspay
M001,PAY002939,ORD005650,2024-08-13,UPI,paid,10171.63,0.0,2024-08-16,PhonePe
M001,PAY002940,ORD009857,2024-12-26,Debit Card,paid,3161.39,0.0,2024-12-27,Cashfree
M001,PAY002941,ORD006627,2024-09-23,Wallet,paid,6999.16,0.0,2024-09-26,Juspay
M001,PAY002942,ORD004818,2024-07-05,COD,paid,887.84,0.0,2024-07-07,Cashfree
M001,PAY002943,ORD009105,2024-12-03,COD,paid,8325.38,0.0,2024-12-05,Stripe
M001,PAY002944,ORD000720,2024-01-24,Credit Card,paid,9742.43,0.0,2024-01-28,PayU
M001,PAY002945,ORD000500,2024-01-17,Wallet,paid,7420.75,0.0,2024-01-22,Juspay
M001,PAY002946,ORD002895,2024-04-17,Credit Card,paid,4330.65,0.0,2024-04-22,Razorpay
M001,PAY002947,ORD003829,2024-05-22,NetBanking,paid,631.48,0.0,2024-05-23,PhonePe
M001,PAY002948,ORD007624,2024-10-22,Wallet,paid,7118.87,0.0,2024-10-25,PayU
M001,PAY002949,ORD009228,2024-12-07,Debit Card,refunded,767.48,593.07,2024-12-10,Cashfree
M001,PAY002950,ORD002808,2024-04-14,Credit Card,paid,2431.29,0.0,2024-04-17,PayU
M001,PAY002951,ORD001247,2024-02-11,COD,paid,1350.47,0.0,2024-02-15,PayU
M001,PAY002952,ORD005121,2024-07-22,UPI,paid,2721.26,0.0,2024-07-25,Stripe
M001,PAY002953,ORD000180,2024-01-07,UPI,paid,1644.87,0.0,2024-01-12,PayU
M001,PAY002954,ORD006385,2024-09-12,UPI,paid,8952.6,0.0,2024-09-14,Juspay
M001,PAY002955,ORD006369,2024-09-11,COD,paid,3756.17,0.0,2024-09-15,Cashfree
M001,PAY002956,ORD004764,2024-07-03,COD,paid,6976.08,0.0,2024-07-07,PayU
M001,PAY002957,ORD006974,2024-10-04,Credit Card,paid,652.51,0.0,2024-10-08,PhonePe
M001,PAY002958,ORD005378,2024-08-01,Debit Card,refunded,4198.39,3691.34,2024-08-04,PhonePe
M001,PAY002959,ORD008700,2024-11-23,COD,paid,3917.96,0.0,2024-11-28,Razorpay
M001,PAY002960,ORD008975,2024-11-29,COD,failed,0.0,0.0,2024-11-29,Juspay
M001,PAY002961,ORD007124,2024-10-07,UPI,paid,6031.68,0.0,2024-10-12,PhonePe
M001,PAY002962,ORD008249,2024-11-10,COD,paid,4415.38,0.0,2024-11-11,PayU
M001,PAY002963,ORD001486,2024-02-22,COD,paid,8115.09,0.0,2024-02-23,Stripe
M001,PAY002964,ORD001023,2024-02-01,COD,paid,6112.71,0.0,2024-02-04,Cashfree
M001,PAY002965,ORD008867,2024-11-26,COD,paid,8765.69,0.0,2024-11-29,Cashfree
M001,PAY002966,ORD009834,2024-12-26,COD,paid,7204.76,0.0,2024-12-29,Razorpay
M001,PAY002967,ORD002624,2024-04-08,Wallet,paid,1418.1,0.0,2024-04-10,PayU
M001,PAY002968,ORD005735,2024-08-17,UPI,paid,1308.93,0.0,2024-08-20,PayU
M001,PAY002969,ORD000292,2024-01-09,UPI,paid,9070.24,0.0,2024-01-14,Cashfree
M001,PAY002970,ORD004800,2024-07-05,Debit Card,paid,8529.0,0.0,2024-07-10,Stripe
M001,PAY002971,ORD001370,2024-02-16,UPI,paid,655.01,0.0,2024-02-20,Stripe
M001,PAY002972,ORD007597,2024-10-22,Wallet,paid,7315.2,0.0,2024-10-25,PhonePe
M001,PAY002973,ORD008584,2024-11-20,Credit Card,paid,5427.06,0.0,2024-11-24,Cashfree
M001,PAY002974,ORD005296,2024-07-30,UPI,paid,5738.45,0.0,2024-07-31,Juspay
M001,PAY002975,ORD009041,2024-12-01,UPI,paid,5075.78,0.0,2024-12-02,PayU
M001,PAY002976,ORD000933,2024-01-29,UPI,paid,634.86,0.0,2024-02-01,Cashfree
M001,PAY002977,ORD001956,2024-03-13,Credit Card,paid,787.29,0.0,2024-03-17,PayU
M001,PAY002978,ORD006631,2024-09-23,COD,paid,6334.99,0.0,2024-09-24,PhonePe
M001,PAY002979,ORD002221,2024-03-23,COD,paid,9974.64,0.0,2024-03-27,PhonePe
M001,PAY002980,ORD008436,2024-11-14,UPI,paid,1587.93,0.0,2024-11-15,Razorpay
M001,PAY002981,ORD008523,2024-11-17,COD,paid,5703.64,0.0,2024-11-21,Cashfree
M001,PAY002982,ORD005110,2024-07-20,Credit Card,paid,3562.61,0.0,2024-07-24,Stripe
M001,PAY002983,ORD005001,2024-07-14,Credit Card,paid,5529.59,0.0,2024-07-16,PhonePe
M001,PAY002984,ORD008629,2024-11-20,UPI,paid,7232.47,0.0,2024-11-24,PhonePe
M001,PAY002985,ORD004197,2024-06-06,Debit Card,paid,8469.65,0.0,2024-06-09,Juspay
M001,PAY002986,ORD008491,2024-11-16,UPI,paid,9686.67,0.0,2024-11-17,PayU
M001,PAY002987,ORD009305,2024-12-08,COD,paid,1361.74,0.0,2024-12-10,PhonePe
M001,PAY002988,ORD004522,2024-06-22,UPI,paid,5130.27,0.0,2024-06-27,PhonePe
M001,PAY002989,ORD005260,2024-07-28,Debit Card,paid,4965.6,0.0,2024-08-01,PayU
M001,PAY002990,ORD001144,2024-02-05,UPI,paid,5057.01,0.0,2024-02-09,PayU
M001,PAY002991,ORD007078,2024-10-07,Credit Card,refunded,1994.68,907.47,2024-10-10,PayU
M001,PAY002992,ORD005199,2024-07-25,COD,paid,3794.25,0.0,2024-07-28,PayU
M001,PAY002993,ORD009569,2024-12-17,COD,refunded,9196.48,3508.28,2024-12-21,Stripe
M001,PAY002994,ORD009645,2024-12-20,COD,failed,0.0,0.0,2024-12-20,Cashfree
M001,PAY002995,ORD000427,2024-01-14,UPI,failed,0.0,0.0,2024-01-14,Stripe
M001,PAY002996,ORD009414,2024-12-12,Credit Card,paid,1115.5,0.0,2024-12-16,Stripe
M001,PAY002997,ORD004897,2024-07-09,Debit Card,refunded,3544.89,3276.44,2024-07-13,Cashfree
M001,PAY002998,ORD006243,2024-09-06,COD,pending,3666.69,0.0,2024-09-08,Razorpay
M001,PAY002999,ORD000750,2024-01-24,NetBanking,paid,8429.64,0.0,2024-01-26,PhonePe
M001,PAY003000,ORD002769,2024-04-14,Credit Card,paid,6926.11,0.0,2024-04-19,Stripe
M001,PAY003001,ORD005413,2024-08-04,Debit Card,paid,3450.74,0.0,2024-08-08,PayU
M001,PAY003002,ORD004778,2024-07-03,COD,paid,6797.42,0.0,2024-07-04,Juspay
M001,PAY003003,ORD003850,2024-05-24,Credit Card,paid,5199.48,0.0,2024-05-29,PayU
M001,PAY003004,ORD004972,2024-07-13,UPI,paid,7622.06,0.0,2024-07-14,PhonePe
M001,PAY003005,ORD006350,2024-09-12,COD,paid,6796.58,0.0,2024-09-13,PhonePe
M001,PAY003006,ORD007277,2024-10-13,UPI,paid,4418.5,0.0,2024-10-14,Razorpay
M001,PAY003007,ORD004133,2024-06-03,Wallet,paid,4887.61,0.0,2024-06-08,Stripe
M001,PAY003008,ORD006215,2024-09-05,UPI,refunded,2828.05,2467.25,2024-09-07,PhonePe
M001,PAY003009,ORD002676,2024-04-11,UPI,refunded,1644.54,274.29,2024-04-15,Juspay
M001,PAY003010,ORD006326,2024-09-09,Debit Card,paid,4539.7,0.0,2024-09-12,Cashfree
M001,PAY003011,ORD000919,2024-01-29,UPI,paid,7035.93,0.0,2024-01-30,Stripe
M001,PAY003012,ORD001904,2024-03-10,Wallet,paid,5548.38,0.0,2024-03-11,PhonePe
M001,PAY003013,ORD009655,2024-12-20,COD,paid,1579.73,0.0,2024-12-24,PayU
M001,PAY003014,ORD002617,2024-04-07,NetBanking,pending,5449.54,0.0,2024-04-09,Cashfree
M001,PAY003015,ORD006662,2024-09-25,Wallet,paid,9833.74,0.0,2024-09-30,Juspay
M001,PAY003016,ORD006367,2024-09-12,Credit Card,paid,6194.42,0.0,2024-09-17,Stripe
M001,PAY003017,ORD002481,2024-04-04,Credit Card,paid,4391.57,0.0,2024-04-09,PayU
M001,PAY003018,ORD006134,2024-09-03,Credit Card,paid,7542.92,0.0,2024-09-05,PayU
M001,PAY003019,ORD009025,2024-11-30,Credit Card,paid,8666.22,0.0,2024-12-02,Stripe
M001,PAY003020,ORD005642,2024-08-13,Debit Card,paid,4969.72,0.0,2024-08-17,Stripe
M001,PAY003021,ORD008553,2024-11-19,COD,paid,6045.07,0.0,2024-11-24,PhonePe
M001,PAY003022,ORD008527,2024-11-18,Debit Card,paid,3481.75,0.0,2024-11-20,Razorpay
M001,PAY003023,ORD002568,2024-04-06,UPI,paid,2324.82,0.0,2024-04-10,PayU
M001,PAY003024,ORD002226,2024-03-24,COD,paid,1433.9,0.0,2024-03-28,Stripe
M001,PAY003025,ORD004993,2024-07-14,UPI,paid,8325.4,0.0,2024-07-17,PhonePe
M001,PAY003026,ORD000453,2024-01-15,COD,failed,0.0,0.0,2024-01-15,Razorpay
M001,PAY003027,ORD004798,2024-07-05,COD,paid,7379.85,0.0,2024-07-09,Cashfree
M001,PAY003028,ORD002573,2024-04-07,COD,paid,4951.92,0.0,2024-04-08,PhonePe
M001,PAY003029,ORD009065,2024-12-02,COD,paid,5144.49,0.0,2024-12-07,PayU
M001,PAY003030,ORD008821,2024-11-26,UPI,paid,2969.49,0.0,2024-11-28,Cashfree
M001,PAY003031,ORD004767,2024-07-04,UPI,pending,6591.7,0.0,2024-07-05,Razorpay
M001,PAY003032,ORD007735,2024-10-26,UPI,paid,2354.26,0.0,2024-10-30,PhonePe
M001,PAY003033,ORD003376,2024-05-06,UPI,paid,5812.08,0.0,2024-05-08,PhonePe
M001,PAY003034,ORD002296,2024-03-27,UPI,paid,2246.96,0.0,2024-03-31,PhonePe
M001,PAY003035,ORD000252,2024-01-09,NetBanking,paid,4169.87,0.0,2024-01-10,PhonePe
M001,PAY003036,ORD009085,2024-12-02,UPI,paid,7497.41,0.0,2024-12-03,Cashfree
M001,PAY003037,ORD003625,2024-05-15,UPI,paid,1526.08,0.0,2024-05-16,Cashfree
M001,PAY003038,ORD007093,2024-10-07,Credit Card,paid,4697.92,0.0,2024-10-11,PhonePe
M001,PAY003039,ORD002469,2024-04-03,UPI,paid,8613.42,0.0,2024-04-07,Cashfree
M001,PAY003040,ORD002968,2024-04-20,Credit Card,paid,1174.29,0.0,2024-04-22,Razorpay
M001,PAY003041,ORD004007,2024-05-29,COD,refunded,6818.87,5832.17,2024-05-30,Stripe
M001,PAY003042,ORD004543,2024-06-23,UPI,paid,9366.99,0.0,2024-06-28,PhonePe
M001,PAY003043,ORD003351,2024-05-05,UPI,paid,6821.38,0.0,2024-05-06,Razorpay
M001,PAY003044,ORD007316,2024-10-13,Wallet,paid,594.52,0.0,2024-10-14,Razorpay
M001,PAY003045,ORD003875,2024-05-25,UPI,refunded,5260.68,743.98,2024-05-26,Cashfree
M001,PAY003046,ORD002233,2024-03-24,COD,paid,1139.38,0.0,2024-03-28,Stripe
M001,PAY003047,ORD009747,2024-12-24,COD,paid,4605.01,0.0,2024-12-28,PayU
M001,PAY003048,ORD003436,2024-05-07,COD,paid,734.2,0.0,2024-05-12,Juspay
M001,PAY003049,ORD008430,2024-11-14,Credit Card,paid,2410.41,0.0,2024-11-15,PayU
M001,PAY003050,ORD004450,2024-06-18,Wallet,paid,5003.74,0.0,2024-06-22,Stripe
M001,PAY003051,ORD000324,2024-01-11,Credit Card,paid,9550.62,0.0,2024-01-14,Stripe
M001,PAY003052,ORD008910,2024-11-27,COD,paid,8183.4,0.0,2024-11-30,Razorpay
M001,PAY003053,ORD003249,2024-04-30,Debit Card,paid,8198.57,0.0,2024-05-02,PayU
M001,PAY003054,ORD004323,2024-06-12,COD,paid,8491.54,0.0,2024-06-13,Cashfree
M001,PAY003055,ORD003927,2024-05-25,Wallet,paid,1701.29,0.0,2024-05-30,Cashfree
M001,PAY003056,ORD005371,2024-08-01,COD,paid,7466.37,0.0,2024-08-05,Stripe
M001,PAY003057,ORD006255,2024-09-06,UPI,paid,6713.54,0.0,2024-09-07,Razorpay
M001,PAY003058,ORD006718,2024-09-26,COD,paid,1267.33,0.0,2024-09-30,PhonePe
M001,PAY003059,ORD008573,2024-11-19,NetBanking,paid,4814.17,0.0,2024-11-21,Cashfree
M001,PAY003060,ORD009292,2024-12-09,Credit Card,failed,0.0,0.0,2024-12-09,PhonePe
M001,PAY003061,ORD005586,2024-08-11,Credit Card,paid,1071.88,0.0,2024-08-16,Razorpay
M001,PAY003062,ORD002684,2024-04-12,NetBanking,paid,5876.28,0.0,2024-04-15,PayU
M001,PAY003063,ORD003880,2024-05-25,UPI,paid,8618.33,0.0,2024-05-30,PhonePe
M001,PAY003064,ORD009709,2024-12-22,Credit Card,paid,7103.15,0.0,2024-12-27,Razorpay
M001,PAY003065,ORD001497,2024-02-22,UPI,refunded,3835.35,3607.94,2024-02-23,Razorpay
M001,PAY003066,ORD007572,2024-10-21,Credit Card,paid,2355.81,0.0,2024-10-22,PayU
M001,PAY003067,ORD005990,2024-08-27,UPI,paid,2289.54,0.0,2024-08-31,Cashfree
M001,PAY003068,ORD008130,2024-11-08,UPI,pending,3247.45,0.0,2024-11-09,PayU
M001,PAY003069,ORD001898,2024-03-11,Wallet,paid,2271.04,0.0,2024-03-14,Juspay
M001,PAY003070,ORD007853,2024-10-30,COD,paid,589.22,0.0,2024-11-03,PhonePe
M001,PAY003071,ORD004785,2024-07-05,Debit Card,paid,5390.66,0.0,2024-07-07,Razorpay
M001,PAY003072,ORD008057,2024-11-04,COD,paid,6631.2,0.0,2024-11-05,Stripe
M001,PAY003073,ORD007461,2024-10-17,COD,refunded,1773.46,1394.6,2024-10-22,Stripe
M001,PAY003074,ORD007295,2024-10-13,UPI,paid,9223.92,0.0,2024-10-16,Razorpay
M001,PAY003075,ORD006552,2024-09-19,Credit Card,paid,2955.47,0.0,2024-09-21,Cashfree
M001,PAY003076,ORD007120,2024-10-08,Wallet,paid,3068.21,0.0,2024-10-12,Cashfree
M001,PAY003077,ORD009877,2024-12-28,UPI,paid,6786.07,0.0,2025-01-02,PhonePe
M001,PAY003078,ORD006934,2024-10-03,UPI,pending,2798.46,0.0,2024-10-05,PayU
M001,PAY003079,ORD004617,2024-06-26,COD,pending,5773.7,0.0,2024-06-27,Cashfree
M001,PAY003080,ORD007663,2024-10-25,COD,paid,2727.63,0.0,2024-10-28,Stripe
M001,PAY003081,ORD004490,2024-06-19,Wallet,paid,8157.38,0.0,2024-06-22,Cashfree
M001,PAY003082,ORD003329,2024-05-04,Debit Card,paid,2922.31,0.0,2024-05-07,PhonePe
M001,PAY003083,ORD002745,2024-04-12,UPI,paid,4412.96,0.0,2024-04-16,PhonePe
M001,PAY003084,ORD009017,2024-11-29,Wallet,paid,1881.41,0.0,2024-11-30,Cashfree
M001,PAY003085,ORD002068,2024-03-18,UPI,paid,4664.64,0.0,2024-03-19,Juspay
M001,PAY003086,ORD000822,2024-01-26,UPI,paid,2866.74,0.0,2024-01-29,Juspay
M001,PAY003087,ORD002268,2024-03-25,COD,paid,3068.79,0.0,2024-03-28,PhonePe
M001,PAY003088,ORD007038,2024-10-06,COD,paid,8981.25,0.0,2024-10-07,PhonePe
M001,PAY003089,ORD007702,2024-10-26,Wallet,paid,6265.7,0.0,2024-10-30,Juspay
M001,PAY003090,ORD006790,2024-09-28,COD,paid,1719.75,0.0,2024-10-01,Cashfree
M001,PAY003091,ORD006414,2024-09-14,Wallet,paid,2944.58,0.0,2024-09-15,Razorpay
M001,PAY003092,ORD008035,2024-11-05,Debit Card,paid,4851.32,0.0,2024-11-08,Razorpay
M001,PAY003093,ORD007657,2024-10-25,Credit Card,paid,10394.97,0.0,2024-10-29,Stripe
M001,PAY003094,ORD000434,2024-01-15,Credit Card,failed,0.0,0.0,2024-01-15,Juspay
M001,PAY003095,ORD004869,2024-07-08,UPI,pending,597.66,0.0,2024-07-09,Razorpay
M001,PAY003096,ORD006859,2024-10-02,NetBanking,paid,2453.98,0.0,2024-10-03,Razorpay
M001,PAY003097,ORD007456,2024-10-17,COD,paid,6756.81,0.0,2024-10-21,Stripe
M001,PAY003098,ORD009415,2024-12-13,COD,paid,4441.8,0.0,2024-12-15,Juspay
M001,PAY003099,ORD008061,2024-11-04,COD,paid,7546.41,0.0,2024-11-09,Cashfree
M001,PAY003100,ORD005995,2024-08-28,Credit Card,paid,6766.58,0.0,2024-08-31,Juspay
M001,PAY003101,ORD003999,2024-05-28,Credit Card,paid,493.22,0.0,2024-05-30,Stripe
M001,PAY003102,ORD005465,2024-08-06,COD,failed,0.0,0.0,2024-08-06,Juspay
M001,PAY003103,ORD007129,2024-10-09,UPI,paid,7323.91,0.0,2024-10-14,PhonePe
M001,PAY003104,ORD005884,2024-08-22,Credit Card,refunded,6485.22,2641.01,2024-08-25,Juspay
M001,PAY003105,ORD003293,2024-05-02,Debit Card,paid,3101.73,0.0,2024-05-06,Stripe
M001,PAY003106,ORD007431,2024-10-17,UPI,paid,3118.72,0.0,2024-10-19,PhonePe
M001,PAY003107,ORD001473,2024-02-20,COD,paid,9426.38,0.0,2024-02-24,Juspay
M001,PAY003108,ORD003507,2024-05-11,Credit Card,paid,4761.44,0.0,2024-05-12,Stripe
M001,PAY003109,ORD005331,2024-07-30,UPI,paid,8504.32,0.0,2024-07-31,Cashfree
M001,PAY003110,ORD001611,2024-02-28,Wallet,paid,2913.14,0.0,2024-02-29,Stripe
M001,PAY003111,ORD001130,2024-02-05,COD,pending,5245.48,0.0,2024-02-07,Razorpay
M001,PAY003112,ORD009426,2024-12-12,Wallet,failed,0.0,0.0,2024-12-12,Razorpay
M001,PAY003113,ORD004160,2024-06-04,COD,paid,3311.72,0.0,2024-06-09,PhonePe
M001,PAY003114,ORD001867,2024-03-09,Debit Card,paid,3092.14,0.0,2024-03-10,Stripe
M001,PAY003115,ORD006597,2024-09-22,Debit Card,paid,7180.34,0.0,2024-09-24,PhonePe
M001,PAY003116,ORD000137,2024-01-04,Wallet,paid,9374.93,0.0,2024-01-09,PayU
M001,PAY003117,ORD000916,2024-01-29,COD,failed,0.0,0.0,2024-01-29,Stripe
M001,PAY003118,ORD008703,2024-11-22,UPI,paid,6664.18,0.0,2024-11-27,Stripe
M001,PAY003119,ORD006671,2024-09-25,UPI,paid,9016.58,0.0,2024-09-29,Razorpay
M001,PAY003120,ORD002662,2024-04-10,Credit Card,paid,2770.15,0.0,2024-04-14,Razorpay
M001,PAY003121,ORD009864,2024-12-27,COD,paid,7447.96,0.0,2024-12-28,Juspay
M001,PAY003122,ORD002559,2024-04-06,Credit Card,paid,6678.73,0.0,2024-04-07,Cashfree
M001,PAY003123,ORD005091,2024-07-20,COD,paid,6260.79,0.0,2024-07-21,Juspay
M001,PAY003124,ORD005811,2024-08-19,COD,paid,6906.34,0.0,2024-08-23,Cashfree
M001,PAY003125,ORD008342,2024-11-12,UPI,paid,2280.41,0.0,2024-11-17,Cashfree
M001,PAY003126,ORD008517,2024-11-17,Debit Card,paid,3756.98,0.0,2024-11-18,Cashfree
M001,PAY003127,ORD002957,2024-04-20,COD,paid,886.32,0.0,2024-04-21,Juspay
M001,PAY003128,ORD008390,2024-11-13,UPI,paid,998.03,0.0,2024-11-16,PhonePe
M001,PAY003129,ORD003071,2024-04-24,COD,paid,3614.71,0.0,2024-04-27,Stripe
M001,PAY003130,ORD003038,2024-04-24,Debit Card,refunded,4211.51,1627.69,2024-04-26,Juspay
M001,PAY003131,ORD007928,2024-11-02,Credit Card,refunded,4535.85,1039.68,2024-11-03,Juspay
M001,PAY003132,ORD003362,2024-05-05,COD,paid,3565.93,0.0,2024-05-08,Juspay
M001,PAY003133,ORD009693,2024-12-21,COD,refunded,9710.63,3557.34,2024-12-24,Razorpay
M001,PAY003134,ORD007965,2024-11-03,UPI,paid,896.95,0.0,2024-11-06,Stripe
M001,PAY003135,ORD007014,2024-10-04,Wallet,refunded,2153.6,1115.98,2024-10-09,Juspay
M001,PAY003136,ORD008232,2024-11-10,UPI,refunded,7260.95,5039.92,2024-11-14,Cashfree
M001,PAY003137,ORD003739,2024-05-20,UPI,paid,6181.95,0.0,2024-05-22,Cashfree
M001,PAY003138,ORD006778,2024-09-28,COD,failed,0.0,0.0,2024-09-28,Stripe
M001,PAY003139,ORD006325,2024-09-09,Credit Card,paid,6550.55,0.0,2024-09-12,Stripe
M001,PAY003140,ORD009445,2024-12-13,Debit Card,paid,3204.38,0.0,2024-12-14,Razorpay
M001,PAY003141,ORD003773,2024-05-21,Credit Card,paid,6642.2,0.0,2024-05-26,Stripe
M001,PAY003142,ORD008903,2024-11-28,UPI,paid,2390.54,0.0,2024-11-29,PhonePe
M001,PAY003143,ORD001593,2024-02-28,UPI,pending,8809.42,0.0,2024-02-29,PhonePe
M001,PAY003144,ORD002744,2024-04-12,UPI,refunded,886.96,304.15,2024-04-15,Razorpay
M001,PAY003145,ORD001021,2024-02-02,UPI,refunded,6443.31,798.07,2024-02-07,Razorpay
M001,PAY003146,ORD000694,2024-01-22,UPI,paid,4279.59,0.0,2024-01-27,PayU
M001,PAY003147,ORD000950,2024-01-29,Credit Card,refunded,776.43,696.73,2024-02-01,PayU
M001,PAY003148,ORD002946,2024-04-19,COD,paid,6271.38,0.0,2024-04-23,Cashfree
M001,PAY003149,ORD007701,2024-10-26,UPI,paid,9483.51,0.0,2024-10-29,Juspay
M001,PAY003150,ORD007031,2024-10-06,UPI,paid,7447.89,0.0,2024-10-07,Cashfree
M001,PAY003151,ORD002791,2024-04-15,Debit Card,paid,3005.79,0.0,2024-04-17,PhonePe
M001,PAY003152,ORD001824,2024-03-07,COD,paid,2316.23,0.0,2024-03-12,Cashfree
M001,PAY003153,ORD005173,2024-07-23,COD,refunded,2048.31,355.87,2024-07-27,Stripe
M001,PAY003154,ORD004829,2024-07-07,COD,paid,4186.43,0.0,2024-07-09,Razorpay
M001,PAY003155,ORD006568,2024-09-20,COD,paid,5020.27,0.0,2024-09-22,PhonePe
M001,PAY003156,ORD007990,2024-11-03,UPI,paid,9303.85,0.0,2024-11-04,Cashfree
M001,PAY003157,ORD009316,2024-12-09,UPI,paid,4588.01,0.0,2024-12-13,PayU
M001,PAY003158,ORD008496,2024-11-16,UPI,paid,1778.4,0.0,2024-11-20,Cashfree
M001,PAY003159,ORD007646,2024-10-24,COD,paid,4964.67,0.0,2024-10-27,Cashfree
M001,PAY003160,ORD006346,2024-09-10,COD,paid,7650.25,0.0,2024-09-14,Cashfree
M001,PAY003161,ORD003289,2024-05-02,UPI,paid,6043.7,0.0,2024-05-03,Cashfree
M001,PAY003162,ORD001544,2024-02-25,Credit Card,paid,2960.96,0.0,2024-02-28,Stripe
M001,PAY003163,ORD007244,2024-10-11,Credit Card,paid,1794.64,0.0,2024-10-15,PayU
M001,PAY003164,ORD007576,2024-10-21,Debit Card,paid,9488.26,0.0,2024-10-23,Cashfree
M001,PAY003165,ORD009181,2024-12-05,Wallet,paid,3928.11,0.0,2024-12-09,PhonePe
M001,PAY003166,ORD000531,2024-01-18,COD,paid,2804.57,0.0,2024-01-19,Stripe
M001,PAY003167,ORD003088,2024-04-26,COD,paid,6126.31,0.0,2024-04-28,Stripe
M001,PAY003168,ORD004079,2024-05-31,COD,paid,4664.63,0.0,2024-06-01,Razorpay
M001,PAY003169,ORD000408,2024-01-14,Credit Card,paid,6643.99,0.0,2024-01-17,Juspay
M001,PAY003170,ORD002130,2024-03-20,UPI,paid,1873.49,0.0,2024-03-25,Razorpay
M001,PAY003171,ORD001405,2024-02-17,COD,paid,4663.8,0.0,2024-02-19,PhonePe
M001,PAY003172,ORD005806,2024-08-20,COD,paid,4927.27,0.0,2024-08-24,Cashfree
M001,PAY003173,ORD001387,2024-02-16,Credit Card,paid,2906.37,0.0,2024-02-18,Cashfree
M001,PAY003174,ORD006221,2024-09-06,Wallet,paid,3451.64,0.0,2024-09-11,Stripe
M001,PAY003175,ORD008393,2024-11-14,Debit Card,paid,6025.6,0.0,2024-11-18,PayU
M001,PAY003176,ORD002910,2024-04-19,COD,paid,6073.43,0.0,2024-04-24,Stripe
M001,PAY003177,ORD007733,2024-10-26,Credit Card,paid,3182.75,0.0,2024-10-27,Cashfree
M001,PAY003178,ORD002286,2024-03-27,COD,paid,6702.55,0.0,2024-03-31,Stripe
M001,PAY003179,ORD007812,2024-10-28,COD,refunded,6194.41,4751.87,2024-11-01,Stripe
M001,PAY003180,ORD004614,2024-06-25,Wallet,paid,7852.83,0.0,2024-06-30,PayU
M001,PAY003181,ORD000331,2024-01-11,Credit Card,failed,0.0,0.0,2024-01-11,PhonePe
M001,PAY003182,ORD008497,2024-11-16,COD,refunded,6948.25,2459.81,2024-11-18,PayU
M001,PAY003183,ORD001683,2024-03-02,Credit Card,paid,7500.21,0.0,2024-03-06,Stripe
M001,PAY003184,ORD003490,2024-05-11,COD,paid,644.1,0.0,2024-05-16,Stripe
M001,PAY003185,ORD006262,2024-09-07,Credit Card,paid,7755.68,0.0,2024-09-12,Stripe
M001,PAY003186,ORD001893,2024-03-10,UPI,paid,7106.33,0.0,2024-03-13,Razorpay
M001,PAY003187,ORD003084,2024-04-25,COD,paid,2408.22,0.0,2024-04-28,Cashfree
M001,PAY003188,ORD006502,2024-09-18,Wallet,paid,2173.51,0.0,2024-09-21,Juspay
M001,PAY003189,ORD005804,2024-08-19,UPI,paid,7822.29,0.0,2024-08-21,Razorpay
M001,PAY003190,ORD001514,2024-02-22,NetBanking,paid,2306.01,0.0,2024-02-23,PayU
M001,PAY003191,ORD008501,2024-11-16,UPI,paid,8970.72,0.0,2024-11-21,PayU
M001,PAY003192,ORD006802,2024-09-30,COD,paid,595.19,0.0,2024-10-02,PhonePe
M001,PAY003193,ORD007299,2024-10-13,COD,paid,5825.45,0.0,2024-10-15,PayU
M001,PAY003194,ORD002140,2024-03-21,UPI,pending,2230.88,0.0,2024-03-23,PayU
M001,PAY003195,ORD003053,2024-04-24,Credit Card,paid,10070.15,0.0,2024-04-29,Cashfree
M001,PAY003196,ORD004434,2024-06-17,UPI,refunded,2781.29,2371.25,2024-06-21,PhonePe
M001,PAY003197,ORD007030,2024-10-05,Credit Card,paid,5374.56,0.0,2024-10-07,Razorpay
M001,PAY003198,ORD002434,2024-04-01,COD,paid,4417.16,0.0,2024-04-03,PayU
M001,PAY003199,ORD003438,2024-05-09,Wallet,paid,4898.61,0.0,2024-05-11,Stripe
M001,PAY003200,ORD002715,2024-04-11,Credit Card,paid,6281.72,0.0,2024-04-12,PhonePe
M001,PAY003201,ORD005284,2024-07-29,COD,paid,8656.45,0.0,2024-08-02,PhonePe
M001,PAY003202,ORD008297,2024-11-11,COD,paid,4166.89,0.0,2024-11-16,Juspay
M001,PAY003203,ORD002139,2024-03-21,COD,failed,0.0,0.0,2024-03-21,Juspay
M001,PAY003204,ORD004074,2024-06-01,UPI,paid,1485.76,0.0,2024-06-04,Cashfree
M001,PAY003205,ORD003827,2024-05-23,UPI,paid,4284.37,0.0,2024-05-25,Razorpay
M001,PAY003206,ORD003981,2024-05-27,COD,paid,5351.75,0.0,2024-05-29,PayU
M001,PAY003207,ORD007983,2024-11-04,UPI,paid,7857.78,0.0,2024-11-07,Cashfree
M001,PAY003208,ORD000697,2024-01-23,COD,paid,2500.58,0.0,2024-01-26,Cashfree
M001,PAY003209,ORD008003,2024-11-04,COD,paid,6534.35,0.0,2024-11-05,PayU
M001,PAY003210,ORD006601,2024-09-21,UPI,paid,6010.97,0.0,2024-09-25,Cashfree
M001,PAY003211,ORD000493,2024-01-16,Credit Card,failed,0.0,0.0,2024-01-16,Razorpay
M001,PAY003212,ORD003310,2024-05-03,COD,paid,7274.58,0.0,2024-05-06,Juspay
M001,PAY003213,ORD008977,2024-11-30,COD,paid,1838.31,0.0,2024-12-03,Cashfree
M001,PAY003214,ORD002826,2024-04-15,Debit Card,paid,8189.74,0.0,2024-04-20,PayU
M001,PAY003215,ORD006807,2024-09-30,COD,pending,9450.84,0.0,2024-10-02,Stripe
M001,PAY003216,ORD000326,2024-01-11,COD,paid,5750.63,0.0,2024-01-13,Razorpay
M001,PAY003217,ORD004788,2024-07-05,UPI,paid,5845.26,0.0,2024-07-06,PhonePe
M001,PAY003218,ORD004511,2024-06-20,UPI,paid,9861.07,0.0,2024-06-21,PhonePe
M001,PAY003219,ORD006116,2024-09-01,NetBanking,paid,2701.32,0.0,2024-09-06,Stripe
M001,PAY003220,ORD009274,2024-12-09,COD,paid,1359.25,0.0,2024-12-10,Stripe
M001,PAY003221,ORD003331,2024-05-03,Credit Card,paid,970.66,0.0,2024-05-06,PayU
M001,PAY003222,ORD002281,2024-03-27,Credit Card,paid,1797.54,0.0,2024-03-29,PhonePe
M001,PAY003223,ORD007328,2024-10-14,UPI,paid,6206.57,0.0,2024-10-17,Stripe
M001,PAY003224,ORD006497,2024-09-17,Wallet,paid,5423.08,0.0,2024-09-21,Juspay
M001,PAY003225,ORD003599,2024-05-13,Credit Card,refunded,842.68,100.59,2024-05-14,Cashfree
M001,PAY003226,ORD002610,2024-04-08,COD,refunded,9751.0,4366.83,2024-04-10,Juspay
M001,PAY003227,ORD009872,2024-12-27,COD,paid,7245.14,0.0,2024-12-28,Cashfree
M001,PAY003228,ORD005608,2024-08-12,Credit Card,paid,4157.13,0.0,2024-08-15,Juspay
M001,PAY003229,ORD004915,2024-07-10,Wallet,paid,5869.74,0.0,2024-07-12,Stripe
M001,PAY003230,ORD003776,2024-05-20,NetBanking,paid,1591.83,0.0,2024-05-24,Cashfree
M001,PAY003231,ORD005784,2024-08-19,UPI,failed,0.0,0.0,2024-08-19,Juspay
M001,PAY003232,ORD002939,2024-04-20,UPI,paid,3184.78,0.0,2024-04-22,Cashfree
M001,PAY003233,ORD004679,2024-06-28,COD,paid,2183.65,0.0,2024-07-02,Stripe
M001,PAY003234,ORD008609,2024-11-20,UPI,paid,993.98,0.0,2024-11-23,PhonePe
M001,PAY003235,ORD008146,2024-11-07,COD,paid,10237.09,0.0,2024-11-12,PayU
M001,PAY003236,ORD006293,2024-09-08,COD,paid,6967.12,0.0,2024-09-09,PhonePe
M001,PAY003237,ORD009755,2024-12-24,COD,paid,1399.62,0.0,2024-12-29,Cashfree
M001,PAY003238,ORD000218,2024-01-07,Credit Card,paid,8025.22,0.0,2024-01-12,PhonePe
M001,PAY003239,ORD000432,2024-01-15,UPI,paid,1414.57,0.0,2024-01-19,Razorpay
M001,PAY003240,ORD002069,2024-03-17,COD,paid,7663.26,0.0,2024-03-20,PhonePe
M001,PAY003241,ORD008622,2024-11-20,COD,paid,4962.26,0.0,2024-11-22,Cashfree
M001,PAY003242,ORD007178,2024-10-09,Credit Card,paid,2752.28,0.0,2024-10-12,Stripe
M001,PAY003243,ORD005614,2024-08-12,UPI,paid,5021.73,0.0,2024-08-13,Cashfree
M001,PAY003244,ORD009829,2024-12-25,Credit Card,paid,6114.62,0.0,2024-12-26,PhonePe
M001,PAY003245,ORD008081,2024-11-05,UPI,paid,1662.77,0.0,2024-11-06,Razorpay
M001,PAY003246,ORD000118,2024-01-04,UPI,paid,3533.19,0.0,2024-01-08,Stripe
M001,PAY003247,ORD009402,2024-12-13,COD,paid,3034.17,0.0,2024-12-16,PhonePe
M001,PAY003248,ORD007838,2024-10-29,UPI,paid,6117.38,0.0,2024-10-30,Juspay
M001,PAY003249,ORD001812,2024-03-07,COD,paid,702.45,0.0,2024-03-08,PhonePe
M001,PAY003250,ORD007142,2024-10-09,COD,paid,9399.07,0.0,2024-10-12,Juspay
M001,PAY003251,ORD005629,2024-08-12,COD,paid,5634.34,0.0,2024-08-17,PayU
M001,PAY003252,ORD001147,2024-02-07,COD,pending,3551.62,0.0,2024-02-08,Razorpay
M001,PAY003253,ORD002060,2024-03-17,Debit Card,refunded,6880.39,5233.75,2024-03-18,Juspay
M001,PAY003254,ORD001925,2024-03-11,COD,refunded,7837.95,5372.55,2024-03-12,PhonePe
M001,PAY003255,ORD001523,2024-02-23,COD,paid,7491.18,0.0,2024-02-26,Juspay
M001,PAY003256,ORD000047,2024-01-02,Debit Card,paid,9720.85,0.0,2024-01-03,PayU
M001,PAY003257,ORD005986,2024-08-27,COD,paid,843.44,0.0,2024-08-30,Stripe
M001,PAY003258,ORD008111,2024-11-07,Wallet,failed,0.0,0.0,2024-11-07,Razorpay
M001,PAY003259,ORD001538,2024-02-25,COD,paid,8439.22,0.0,2024-03-01,PayU
M001,PAY003260,ORD006462,2024-09-16,Debit Card,paid,6390.7,0.0,2024-09-19,Razorpay
M001,PAY003261,ORD005438,2024-08-05,UPI,failed,0.0,0.0,2024-08-05,Juspay
M001,PAY003262,ORD008856,2024-11-27,COD,paid,5188.15,0.0,2024-12-02,Cashfree
M001,PAY003263,ORD007598,2024-10-22,UPI,paid,3363.28,0.0,2024-10-25,Cashfree
M001,PAY003264,ORD005546,2024-08-09,Credit Card,paid,2639.55,0.0,2024-08-12,Razorpay
M001,PAY003265,ORD008188,2024-11-08,COD,paid,3701.85,0.0,2024-11-09,PhonePe
M001,PAY003266,ORD000904,2024-01-29,UPI,paid,7262.48,0.0,2024-01-31,Juspay
M001,PAY003267,ORD007946,2024-11-02,COD,paid,2030.33,0.0,2024-11-05,Stripe
M001,PAY003268,ORD004958,2024-07-12,COD,paid,8814.13,0.0,2024-07-15,PhonePe
M001,PAY003269,ORD005311,2024-07-31,COD,paid,3550.33,0.0,2024-08-03,Juspay
M001,PAY003270,ORD002855,2024-04-16,COD,paid,980.81,0.0,2024-04-17,Juspay
M001,PAY003271,ORD000169,2024-01-07,COD,paid,4397.77,0.0,2024-01-09,PayU
M001,PAY003272,ORD009826,2024-12-25,NetBanking,paid,9987.99,0.0,2024-12-27,PayU
M001,PAY003273,ORD002420,2024-04-01,Wallet,paid,7784.29,0.0,2024-04-04,Cashfree
M001,PAY003274,ORD001780,2024-03-06,Credit Card,refunded,5137.07,1881.34,2024-03-10,Stripe
M001,PAY003275,ORD005361,2024-08-02,UPI,paid,3296.74,0.0,2024-08-05,PayU
M001,PAY003276,ORD006054,2024-08-29,COD,pending,6844.09,0.0,2024-08-31,Stripe
M001,PAY003277,ORD002754,2024-04-13,Debit Card,paid,7581.85,0.0,2024-04-18,Razorpay
M001,PAY003278,ORD006756,2024-09-28,COD,pending,7218.18,0.0,2024-09-29,PhonePe
M001,PAY003279,ORD008021,2024-11-05,COD,paid,10124.27,0.0,2024-11-09,Cashfree
M001,PAY003280,ORD000246,2024-01-08,COD,paid,1964.24,0.0,2024-01-13,PayU
M001,PAY003281,ORD006417,2024-09-14,COD,paid,7907.46,0.0,2024-09-16,PhonePe
M001,PAY003282,ORD004523,2024-06-21,COD,paid,7486.75,0.0,2024-06-26,PayU
M001,PAY003283,ORD002095,2024-03-18,Debit Card,paid,6354.81,0.0,2024-03-22,PayU
M001,PAY003284,ORD008902,2024-11-28,COD,paid,8491.29,0.0,2024-12-01,Juspay
M001,PAY003285,ORD004465,2024-06-19,UPI,paid,8814.31,0.0,2024-06-24,Stripe
M001,PAY003286,ORD007032,2024-10-05,COD,failed,0.0,0.0,2024-10-05,Razorpay
M001,PAY003287,ORD005384,2024-08-02,COD,paid,7407.33,0.0,2024-08-03,Stripe
M001,PAY003288,ORD007447,2024-10-18,COD,paid,6081.08,0.0,2024-10-21,PhonePe
M001,PAY003289,ORD001834,2024-03-07,UPI,paid,3818.71,0.0,2024-03-10,Cashfree
M001,PAY003290,ORD003420,2024-05-07,Credit Card,refunded,3548.53,1003.3,2024-05-12,Stripe
M001,PAY003291,ORD007436,2024-10-17,Debit Card,paid,2364.23,0.0,2024-10-20,PhonePe
M001,PAY003292,ORD003822,2024-05-21,COD,paid,6372.89,0.0,2024-05-23,Stripe
M001,PAY003293,ORD005008,2024-07-15,Debit Card,paid,7824.54,0.0,2024-07-16,PayU
M001,PAY003294,ORD003496,2024-05-11,COD,refunded,4226.95,4140.76,2024-05-13,PhonePe
M001,PAY003295,ORD005677,2024-08-14,UPI,paid,6819.59,0.0,2024-08-15,PayU
M001,PAY003296,ORD002753,2024-04-13,UPI,paid,8981.63,0.0,2024-04-14,Stripe
M001,PAY003297,ORD004760,2024-07-02,UPI,paid,8538.16,0.0,2024-07-06,PhonePe
M001,PAY003298,ORD002359,2024-03-29,NetBanking,paid,2981.17,0.0,2024-03-31,Razorpay
M001,PAY003299,ORD001807,2024-03-07,UPI,paid,2946.11,0.0,2024-03-08,Juspay
M001,PAY003300,ORD001605,2024-02-28,Wallet,paid,4011.02,0.0,2024-03-02,Razorpay
M001,PAY003301,ORD001654,2024-03-02,Wallet,paid,7484.52,0.0,2024-03-03,Juspay
M001,PAY003302,ORD000043,2024-01-02,Debit Card,paid,4236.17,0.0,2024-01-05,Stripe
M001,PAY003303,ORD009873,2024-12-28,NetBanking,paid,7843.92,0.0,2025-01-01,PhonePe
M001,PAY003304,ORD002936,2024-04-20,UPI,paid,1485.85,0.0,2024-04-25,PhonePe
M001,PAY003305,ORD004500,2024-06-20,UPI,paid,3221.1,0.0,2024-06-21,Stripe
M001,PAY003306,ORD000437,2024-01-14,COD,paid,1031.54,0.0,2024-01-15,Juspay
M001,PAY003307,ORD000445,2024-01-14,COD,paid,6572.47,0.0,2024-01-16,Stripe
M001,PAY003308,ORD008666,2024-11-22,Credit Card,paid,7333.37,0.0,2024-11-27,Razorpay
M001,PAY003309,ORD005416,2024-08-04,UPI,paid,3032.92,0.0,2024-08-09,Stripe
M001,PAY003310,ORD002972,2024-04-21,Credit Card,paid,7741.35,0.0,2024-04-25,PayU
M001,PAY003311,ORD001412,2024-02-19,COD,paid,9242.68,0.0,2024-02-20,Cashfree
M001,PAY003312,ORD001429,2024-02-18,NetBanking,paid,4161.01,0.0,2024-02-20,Razorpay
M001,PAY003313,ORD009622,2024-12-18,Wallet,paid,4136.18,0.0,2024-12-22,PhonePe
M001,PAY003314,ORD007744,2024-10-26,Credit Card,paid,1914.81,0.0,2024-10-28,Razorpay
M001,PAY003315,ORD007848,2024-10-31,COD,paid,3936.18,0.0,2024-11-04,PayU
M001,PAY003316,ORD003177,2024-04-29,UPI,paid,8112.75,0.0,2024-05-01,Stripe
M001,PAY003317,ORD005171,2024-07-23,Credit Card,paid,2215.69,0.0,2024-07-24,PayU
M001,PAY003318,ORD007745,2024-10-27,COD,pending,5050.06,0.0,2024-10-28,PhonePe
M001,PAY003319,ORD009808,2024-12-25,COD,paid,7118.91,0.0,2024-12-26,Razorpay
M001,PAY003320,ORD002795,2024-04-15,Debit Card,paid,3589.6,0.0,2024-04-19,PayU
M001,PAY003321,ORD002891,2024-04-17,Debit Card,paid,5104.82,0.0,2024-04-21,PayU
M001,PAY003322,ORD004913,2024-07-10,Wallet,paid,11294.96,0.0,2024-07-14,Juspay
M001,PAY003323,ORD009387,2024-12-11,UPI,paid,5294.78,0.0,2024-12-16,PayU
M001,PAY003324,ORD004344,2024-06-13,Credit Card,paid,3507.85,0.0,2024-06-16,Cashfree
M001,PAY003325,ORD003958,2024-05-28,UPI,paid,5419.66,0.0,2024-05-30,Stripe
M001,PAY003326,ORD008857,2024-11-26,COD,refunded,4673.99,1118.25,2024-12-01,Stripe
M001,PAY003327,ORD009016,2024-11-30,UPI,paid,3004.38,0.0,2024-12-05,Juspay
M001,PAY003328,ORD005960,2024-08-25,COD,paid,3532.65,0.0,2024-08-28,Stripe
M001,PAY003329,ORD003338,2024-05-03,Credit Card,paid,1646.88,0.0,2024-05-08,Cashfree
M001,PAY003330,ORD003217,2024-04-29,UPI,paid,1242.95,0.0,2024-05-01,Juspay
M001,PAY003331,ORD005370,2024-08-02,Debit Card,paid,5230.27,0.0,2024-08-03,PhonePe
M001,PAY003332,ORD006004,2024-08-27,COD,paid,7239.59,0.0,2024-09-01,Razorpay
M001,PAY003333,ORD008797,2024-11-25,Credit Card,paid,7146.08,0.0,2024-11-30,Juspay
M001,PAY003334,ORD007352,2024-10-15,Credit Card,paid,2881.89,0.0,2024-10-19,Cashfree
M001,PAY003335,ORD005505,2024-08-06,COD,paid,5324.88,0.0,2024-08-09,Stripe
M001,PAY003336,ORD001519,2024-02-24,UPI,refunded,1317.88,438.26,2024-02-25,PhonePe
M001,PAY003337,ORD002551,2024-04-06,COD,pending,10752.37,0.0,2024-04-08,Cashfree
M001,PAY003338,ORD003979,2024-05-28,UPI,paid,2906.75,0.0,2024-06-02,Juspay
M001,PAY003339,ORD001675,2024-03-01,UPI,paid,2812.06,0.0,2024-03-06,Razorpay
M001,PAY003340,ORD002023,2024-03-15,COD,paid,1978.65,0.0,2024-03-16,PayU
M001,PAY003341,ORD001776,2024-03-06,Credit Card,paid,1051.73,0.0,2024-03-08,PhonePe
M001,PAY003342,ORD009069,2024-12-01,UPI,failed,0.0,0.0,2024-12-01,Stripe
M001,PAY003343,ORD008511,2024-11-17,Debit Card,paid,1202.31,0.0,2024-11-20,Razorpay
M001,PAY003344,ORD000629,2024-01-20,COD,paid,4360.22,0.0,2024-01-23,PhonePe
M001,PAY003345,ORD007504,2024-10-20,COD,paid,2398.33,0.0,2024-10-25,Razorpay
M001,PAY003346,ORD001257,2024-02-10,UPI,paid,8218.63,0.0,2024-02-14,Stripe
M001,PAY003347,ORD003656,2024-05-16,UPI,pending,8759.94,0.0,2024-05-18,PhonePe
M001,PAY003348,ORD005021,2024-07-17,UPI,paid,6030.31,0.0,2024-07-18,Razorpay
M001,PAY003349,ORD005532,2024-08-08,COD,paid,6143.37,0.0,2024-08-11,PayU
M001,PAY003350,ORD006955,2024-10-03,COD,paid,4666.68,0.0,2024-10-05,Stripe
M001,PAY003351,ORD000038,2024-01-01,Credit Card,paid,9274.33,0.0,2024-01-06,PayU
M001,PAY003352,ORD002548,2024-04-06,Credit Card,paid,2758.73,0.0,2024-04-10,Juspay
M001,PAY003353,ORD009349,2024-12-11,Debit Card,paid,8083.09,0.0,2024-12-15,Razorpay
M001,PAY003354,ORD006011,2024-08-27,COD,paid,6601.28,0.0,2024-09-01,Cashfree
M001,PAY003355,ORD007878,2024-11-01,UPI,paid,6419.48,0.0,2024-11-06,Razorpay
M001,PAY003356,ORD000908,2024-01-29,COD,pending,2859.86,0.0,2024-01-31,PayU
M001,PAY003357,ORD004407,2024-06-16,Debit Card,paid,6805.05,0.0,2024-06-17,Stripe
M001,PAY003358,ORD007068,2024-10-07,NetBanking,paid,1011.23,0.0,2024-10-09,Stripe
M001,PAY003359,ORD007454,2024-10-17,COD,paid,6757.1,0.0,2024-10-21,Stripe
M001,PAY003360,ORD006250,2024-09-07,Debit Card,refunded,3601.4,3466.43,2024-09-09,Juspay
M001,PAY003361,ORD002802,2024-04-15,Wallet,paid,1469.68,0.0,2024-04-18,Stripe
M001,PAY003362,ORD000966,2024-01-30,COD,paid,11180.36,0.0,2024-02-02,Razorpay
M001,PAY003363,ORD000712,2024-01-23,UPI,paid,1369.56,0.0,2024-01-28,Juspay
M001,PAY003364,ORD003033,2024-04-22,Credit Card,paid,3520.93,0.0,2024-04-26,PhonePe
M001,PAY003365,ORD003055,2024-04-23,COD,paid,2031.77,0.0,2024-04-25,PhonePe
M001,PAY003366,ORD009642,2024-12-19,UPI,paid,2755.08,0.0,2024-12-21,Juspay
M001,PAY003367,ORD000039,2024-01-01,Wallet,paid,751.55,0.0,2024-01-02,Cashfree
M001,PAY003368,ORD002401,2024-04-01,Debit Card,paid,8818.94,0.0,2024-04-05,Juspay
M001,PAY003369,ORD006050,2024-08-29,UPI,paid,3415.75,0.0,2024-08-31,PayU
M001,PAY003370,ORD003775,2024-05-20,COD,paid,2084.38,0.0,2024-05-21,Razorpay
M001,PAY003371,ORD004510,2024-06-21,UPI,paid,2558.91,0.0,2024-06-22,PayU
M001,PAY003372,ORD000965,2024-01-30,COD,paid,3623.87,0.0,2024-01-31,Juspay
M001,PAY003373,ORD000976,2024-01-30,Debit Card,paid,2476.91,0.0,2024-02-01,Razorpay
M001,PAY003374,ORD004201,2024-06-07,UPI,paid,4193.13,0.0,2024-06-08,Juspay
M001,PAY003375,ORD008419,2024-11-14,Credit Card,paid,7472.57,0.0,2024-11-16,PhonePe
M001,PAY003376,ORD000417,2024-01-14,Debit Card,failed,0.0,0.0,2024-01-14,Stripe
M001,PAY003377,ORD000051,2024-01-03,UPI,pending,673.12,0.0,2024-01-04,Stripe
M001,PAY003378,ORD002003,2024-03-15,Debit Card,paid,2780.38,0.0,2024-03-16,PayU
M001,PAY003379,ORD007818,2024-10-30,Wallet,paid,5872.11,0.0,2024-11-02,Razorpay
M001,PAY003380,ORD002425,2024-04-01,Wallet,refunded,9174.03,4271.54,2024-04-04,Cashfree
M001,PAY003381,ORD009472,2024-12-14,Debit Card,paid,1468.28,0.0,2024-12-15,PhonePe
M001,PAY003382,ORD005212,2024-07-26,Credit Card,paid,1308.25,0.0,2024-07-28,PayU
M001,PAY003383,ORD009061,2024-12-02,UPI,refunded,9786.74,5698.75,2024-12-04,PayU
M001,PAY003384,ORD005789,2024-08-19,COD,paid,3404.62,0.0,2024-08-22,Cashfree
M001,PAY003385,ORD002407,2024-03-31,Wallet,paid,3609.36,0.0,2024-04-05,Cashfree
M001,PAY003386,ORD008739,2024-11-24,COD,paid,9798.58,0.0,2024-11-27,Razorpay
M001,PAY003387,ORD009605,2024-12-18,COD,paid,5563.32,0.0,2024-12-19,PayU
M001,PAY003388,ORD006741,2024-09-27,UPI,paid,1468.27,0.0,2024-10-02,PayU
M001,PAY003389,ORD000170,2024-01-07,NetBanking,paid,7136.76,0.0,2024-01-10,Stripe
M001,PAY003390,ORD005469,2024-08-06,UPI,paid,9143.89,0.0,2024-08-08,PayU
M001,PAY003391,ORD004408,2024-06-16,UPI,paid,4792.93,0.0,2024-06-20,Razorpay
M001,PAY003392,ORD009023,2024-11-30,Credit Card,paid,7635.73,0.0,2024-12-02,Stripe
M001,PAY003393,ORD004017,2024-05-30,COD,paid,2668.68,0.0,2024-05-31,Cashfree
M001,PAY003394,ORD006724,2024-09-27,COD,paid,2897.56,0.0,2024-10-01,Stripe
M001,PAY003395,ORD000960,2024-01-31,Wallet,paid,3886.66,0.0,2024-02-03,PayU
M001,PAY003396,ORD000979,2024-01-31,Debit Card,refunded,4979.26,2761.66,2024-02-04,PayU
M001,PAY003397,ORD006138,2024-09-02,Credit Card,paid,1413.42,0.0,2024-09-05,Cashfree
M001,PAY003398,ORD008556,2024-11-18,UPI,paid,5891.37,0.0,2024-11-20,PhonePe
M001,PAY003399,ORD007478,2024-10-18,UPI,paid,6366.46,0.0,2024-10-21,Cashfree
M001,PAY003400,ORD001071,2024-02-03,Credit Card,refunded,8189.25,1131.97,2024-02-06,PayU
M001,PAY003401,ORD009408,2024-12-12,Wallet,paid,740.35,0.0,2024-12-17,Cashfree
M001,PAY003402,ORD009504,2024-12-15,Credit Card,paid,2321.01,0.0,2024-12-16,PayU
M001,PAY003403,ORD009092,2024-12-03,COD,paid,1079.1,0.0,2024-12-08,Cashfree
M001,PAY003404,ORD007895,2024-11-01,COD,refunded,5243.97,2413.48,2024-11-02,Juspay
M001,PAY003405,ORD009216,2024-12-06,Credit Card,paid,9597.89,0.0,2024-12-09,Stripe
M001,PAY003406,ORD009944,2024-12-29,COD,failed,0.0,0.0,2024-12-29,Razorpay
M001,PAY003407,ORD004075,2024-05-31,UPI,paid,10450.45,0.0,2024-06-04,PayU
M001,PAY003408,ORD000520,2024-01-16,Credit Card,paid,3690.48,0.0,2024-01-21,Razorpay
M001,PAY003409,ORD006386,2024-09-12,Debit Card,paid,7419.25,0.0,2024-09-16,Juspay
M001,PAY003410,ORD001980,2024-03-13,COD,paid,3392.79,0.0,2024-03-15,Stripe
M001,PAY003411,ORD006531,2024-09-20,COD,paid,4124.02,0.0,2024-09-23,PhonePe
M001,PAY003412,ORD001658,2024-03-01,Debit Card,paid,2170.17,0.0,2024-03-04,PayU
M001,PAY003413,ORD004703,2024-06-30,COD,paid,8761.8,0.0,2024-07-01,Stripe
M001,PAY003414,ORD009530,2024-12-17,COD,pending,1111.42,0.0,2024-12-18,Stripe
M001,PAY003415,ORD005926,2024-08-25,COD,paid,3141.24,0.0,2024-08-28,Razorpay
M001,PAY003416,ORD007589,2024-10-21,UPI,refunded,2900.95,2766.75,2024-10-25,PhonePe
M001,PAY003417,ORD005144,2024-07-23,Wallet,paid,5935.85,0.0,2024-07-24,Stripe
M001,PAY003418,ORD004992,2024-07-14,Wallet,paid,5346.47,0.0,2024-07-18,Stripe
M001,PAY003419,ORD006689,2024-09-26,UPI,paid,7089.99,0.0,2024-10-01,Juspay
M001,PAY003420,ORD002368,2024-03-30,UPI,paid,816.92,0.0,2024-03-31,Juspay
M001,PAY003421,ORD001295,2024-02-12,Credit Card,paid,5366.63,0.0,2024-02-15,Juspay
M001,PAY003422,ORD000110,2024-01-05,UPI,paid,7776.91,0.0,2024-01-10,Juspay
M001,PAY003423,ORD007762,2024-10-28,Debit Card,failed,0.0,0.0,2024-10-28,PayU
M001,PAY003424,ORD003189,2024-04-30,NetBanking,paid,4893.14,0.0,2024-05-02,Cashfree
M001,PAY003425,ORD003483,2024-05-09,UPI,paid,6438.35,0.0,2024-05-12,PayU
M001,PAY003426,ORD004424,2024-06-17,COD,refunded,4236.7,3134.41,2024-06-19,Cashfree
M001,PAY003427,ORD008574,2024-11-18,Debit Card,paid,926.19,0.0,2024-11-22,Cashfree
M001,PAY003428,ORD000935,2024-01-29,UPI,paid,1636.63,0.0,2024-02-03,PhonePe
M001,PAY003429,ORD000033,2024-01-01,Credit Card,refunded,5402.86,4745.89,2024-01-06,PayU
M001,PAY003430,ORD007170,2024-10-09,Wallet,paid,8720.49,0.0,2024-10-10,Juspay
M001,PAY003431,ORD006942,2024-10-03,UPI,paid,2902.76,0.0,2024-10-08,PhonePe
M001,PAY003432,ORD000359,2024-01-12,NetBanking,paid,9552.57,0.0,2024-01-15,PhonePe
M001,PAY003433,ORD003204,2024-04-30,UPI,paid,1683.9,0.0,2024-05-02,Stripe
M001,PAY003434,ORD006187,2024-09-04,Debit Card,failed,0.0,0.0,2024-09-04,PhonePe
M001,PAY003435,ORD006549,2024-09-20,COD,paid,9243.99,0.0,2024-09-24,PayU
M001,PAY003436,ORD006621,2024-09-22,UPI,paid,5301.05,0.0,2024-09-27,Juspay
M001,PAY003437,ORD006117,2024-09-01,COD,paid,2834.21,0.0,2024-09-03,Razorpay
M001,PAY003438,ORD007443,2024-10-18,COD,paid,7269.46,0.0,2024-10-21,PhonePe
M001,PAY003439,ORD001190,2024-02-08,Debit Card,paid,5261.38,0.0,2024-02-09,Stripe
M001,PAY003440,ORD002770,2024-04-13,COD,paid,8893.61,0.0,2024-04-17,PayU
M001,PAY003441,ORD005664,2024-08-13,Credit Card,paid,9907.77,0.0,2024-08-17,Juspay
M001,PAY003442,ORD007041,2024-10-06,Debit Card,paid,4969.75,0.0,2024-10-07,PhonePe
M001,PAY003443,ORD005826,2024-08-20,COD,paid,5648.05,0.0,2024-08-24,PayU
M001,PAY003444,ORD006479,2024-09-16,COD,paid,8595.72,0.0,2024-09-18,PayU
M001,PAY003445,ORD002170,2024-03-21,Debit Card,paid,1454.73,0.0,2024-03-26,Cashfree
M001,PAY003446,ORD003782,2024-05-20,Debit Card,paid,8991.35,0.0,2024-05-25,PayU
M001,PAY003447,ORD005678,2024-08-14,COD,paid,8018.31,0.0,2024-08-16,PayU
M001,PAY003448,ORD001992,2024-03-15,COD,paid,1776.23,0.0,2024-03-20,PayU
M001,PAY003449,ORD007006,2024-10-04,UPI,paid,1485.58,0.0,2024-10-05,Stripe
M001,PAY003450,ORD009010,2024-11-29,NetBanking,paid,7425.88,0.0,2024-12-03,Cashfree
M001,PAY003451,ORD003563,2024-05-12,Debit Card,paid,723.35,0.0,2024-05-17,Razorpay
M001,PAY003452,ORD006981,2024-10-05,COD,paid,7925.93,0.0,2024-10-07,PayU
M001,PAY003453,ORD007213,2024-10-11,COD,paid,9168.33,0.0,2024-10-16,Razorpay
M001,PAY003454,ORD004597,2024-06-25,COD,paid,1804.84,0.0,2024-06-27,Cashfree
M001,PAY003455,ORD002868,2024-04-17,COD,pending,3727.15,0.0,2024-04-18,PayU
M001,PAY003456,ORD006984,2024-10-04,UPI,paid,1074.68,0.0,2024-10-08,PhonePe
M001,PAY003457,ORD001737,2024-03-04,COD,paid,2814.04,0.0,2024-03-08,Juspay
M001,PAY003458,ORD001452,2024-02-19,Wallet,paid,4536.75,0.0,2024-02-22,Stripe
M001,PAY003459,ORD002331,2024-03-29,COD,paid,814.45,0.0,2024-04-03,PhonePe
M001,PAY003460,ORD001664,2024-03-02,UPI,paid,6914.96,0.0,2024-03-03,PayU
M001,PAY003461,ORD009268,2024-12-08,UPI,paid,3878.47,0.0,2024-12-10,Juspay
M001,PAY003462,ORD009854,2024-12-26,NetBanking,paid,3039.86,0.0,2024-12-30,Cashfree
M001,PAY003463,ORD003888,2024-05-24,Credit Card,refunded,7060.19,5539.77,2024-05-25,PayU
M001,PAY003464,ORD002700,2024-04-11,UPI,paid,4782.48,0.0,2024-04-12,PayU
M001,PAY003465,ORD000937,2024-01-29,Debit Card,refunded,6651.24,3787.77,2024-02-02,PhonePe
M001,PAY003466,ORD006257,2024-09-06,NetBanking,paid,6964.82,0.0,2024-09-08,Juspay
M001,PAY003467,ORD004420,2024-06-17,COD,failed,0.0,0.0,2024-06-17,Cashfree
M001,PAY003468,ORD005623,2024-08-12,Wallet,paid,1020.84,0.0,2024-08-15,Cashfree
M001,PAY003469,ORD005429,2024-08-03,UPI,paid,890.03,0.0,2024-08-06,Cashfree
M001,PAY003470,ORD004981,2024-07-14,Credit Card,paid,3766.61,0.0,2024-07-18,Cashfree
M001,PAY003471,ORD006166,2024-09-02,Credit Card,paid,7590.88,0.0,2024-09-07,PhonePe
M001,PAY003472,ORD001266,2024-02-11,UPI,paid,5941.79,0.0,2024-02-13,Cashfree
M001,PAY003473,ORD000672,2024-01-23,Wallet,paid,8623.71,0.0,2024-01-26,PayU
M001,PAY003474,ORD000136,2024-01-05,UPI,paid,9508.56,0.0,2024-01-08,Stripe
M001,PAY003475,ORD000329,2024-01-11,COD,paid,1312.05,0.0,2024-01-14,Stripe
M001,PAY003476,ORD007273,2024-10-12,UPI,pending,4448.26,0.0,2024-10-14,PayU
M001,PAY003477,ORD001949,2024-03-13,UPI,failed,0.0,0.0,2024-03-13,PhonePe
M001,PAY003478,ORD007413,2024-10-17,COD,paid,1180.49,0.0,2024-10-18,Stripe
M001,PAY003479,ORD005585,2024-08-11,COD,paid,7963.51,0.0,2024-08-15,Stripe
M001,PAY003480,ORD000562,2024-01-19,Debit Card,pending,3256.25,0.0,2024-01-21,PayU
M001,PAY003481,ORD004890,2024-07-10,NetBanking,paid,898.6,0.0,2024-07-14,Juspay
M001,PAY003482,ORD005947,2024-08-25,UPI,paid,6147.79,0.0,2024-08-29,PayU
M001,PAY003483,ORD001644,2024-02-29,UPI,refunded,6883.44,5429.83,2024-03-03,Stripe
M001,PAY003484,ORD002082,2024-03-18,Credit Card,paid,815.34,0.0,2024-03-23,Cashfree
M001,PAY003485,ORD005157,2024-07-24,Debit Card,paid,10654.33,0.0,2024-07-27,PhonePe
M001,PAY003486,ORD003365,2024-05-04,Credit Card,paid,6797.57,0.0,2024-05-05,Razorpay
M001,PAY003487,ORD009987,2024-12-30,Wallet,paid,4251.81,0.0,2025-01-03,PhonePe
M001,PAY003488,ORD002941,2024-04-19,NetBanking,paid,8701.03,0.0,2024-04-22,Razorpay
M001,PAY003489,ORD000644,2024-01-20,Debit Card,paid,7281.72,0.0,2024-01-25,Razorpay
M001,PAY003490,ORD007575,2024-10-22,Credit Card,paid,4160.87,0.0,2024-10-24,PayU
M001,PAY003491,ORD006781,2024-09-28,UPI,paid,1739.43,0.0,2024-10-01,PayU
M001,PAY003492,ORD003208,2024-04-29,COD,failed,0.0,0.0,2024-04-29,Juspay
M001,PAY003493,ORD006205,2024-09-04,COD,refunded,1776.0,435.88,2024-09-05,Juspay
M001,PAY003494,ORD005620,2024-08-11,COD,paid,3824.68,0.0,2024-08-12,Stripe
M001,PAY003495,ORD008200,2024-11-09,UPI,paid,4678.36,0.0,2024-11-14,Razorpay
M001,PAY003496,ORD001781,2024-03-06,COD,paid,8344.3,0.0,2024-03-11,Stripe
M001,PAY003497,ORD002620,2024-04-08,COD,paid,5901.93,0.0,2024-04-12,Stripe
M001,PAY003498,ORD006014,2024-08-28,COD,paid,5730.5,0.0,2024-08-30,Razorpay
M001,PAY003499,ORD001401,2024-02-17,COD,paid,10034.64,0.0,2024-02-22,Cashfree
M001,PAY003500,ORD007259,2024-10-12,Credit Card,paid,2914.22,0.0,2024-10-15,Cashfree
M001,PAY003501,ORD004487,2024-06-20,COD,paid,4787.13,0.0,2024-06-23,PayU
M001,PAY003502,ORD001314,2024-02-14,Credit Card,refunded,772.73,341.32,2024-02-15,PayU
M001,PAY003503,ORD005494,2024-08-07,UPI,paid,4181.16,0.0,2024-08-11,Juspay
M001,PAY003504,ORD007137,2024-10-08,Credit Card,paid,2508.09,0.0,2024-10-12,Juspay
M001,PAY003505,ORD003395,2024-05-06,COD,paid,4334.63,0.0,2024-05-09,Stripe
M001,PAY003506,ORD002626,2024-04-09,COD,paid,4499.13,0.0,2024-04-14,Juspay
M001,PAY003507,ORD008502,2024-11-16,Wallet,paid,5527.92,0.0,2024-11-18,Juspay
M001,PAY003508,ORD004148,2024-06-04,Debit Card,paid,1454.29,0.0,2024-06-09,Razorpay
M001,PAY003509,ORD000467,2024-01-15,COD,paid,7331.25,0.0,2024-01-18,PhonePe
M001,PAY003510,ORD004999,2024-07-14,UPI,paid,10437.09,0.0,2024-07-19,Razorpay
M001,PAY003511,ORD004189,2024-06-06,NetBanking,paid,8883.79,0.0,2024-06-10,Stripe
M001,PAY003512,ORD007109,2024-10-07,UPI,paid,8659.18,0.0,2024-10-12,Cashfree
M001,PAY003513,ORD002112,2024-03-20,UPI,paid,2782.84,0.0,2024-03-25,Cashfree
M001,PAY003514,ORD009436,2024-12-14,COD,paid,7450.36,0.0,2024-12-15,Stripe
M001,PAY003515,ORD005692,2024-08-14,Debit Card,failed,0.0,0.0,2024-08-14,Razorpay
M001,PAY003516,ORD003443,2024-05-09,COD,paid,7466.19,0.0,2024-05-14,PayU
M001,PAY003517,ORD008394,2024-11-13,COD,failed,0.0,0.0,2024-11-13,PhonePe
M001,PAY003518,ORD006967,2024-10-03,UPI,paid,2281.24,0.0,2024-10-05,Cashfree
M001,PAY003519,ORD008099,2024-11-07,UPI,paid,1313.73,0.0,2024-11-08,PhonePe
M001,PAY003520,ORD006111,2024-09-02,Debit Card,paid,8062.72,0.0,2024-09-06,PhonePe
M001,PAY003521,ORD002750,2024-04-12,COD,paid,1107.14,0.0,2024-04-15,Stripe
M001,PAY003522,ORD006559,2024-09-21,UPI,paid,6476.65,0.0,2024-09-24,PayU
M001,PAY003523,ORD005967,2024-08-26,Debit Card,paid,5929.01,0.0,2024-08-29,Stripe
M001,PAY003524,ORD003406,2024-05-06,UPI,paid,9542.21,0.0,2024-05-11,Juspay
M001,PAY003525,ORD009742,2024-12-22,UPI,paid,6119.87,0.0,2024-12-27,Juspay
M001,PAY003526,ORD004269,2024-06-09,Debit Card,paid,4300.38,0.0,2024-06-10,PayU
M001,PAY003527,ORD005850,2024-08-21,UPI,paid,5508.15,0.0,2024-08-24,PhonePe
M001,PAY003528,ORD009897,2024-12-27,UPI,paid,7886.99,0.0,2024-12-31,PayU
M001,PAY003529,ORD007549,2024-10-20,COD,paid,5305.93,0.0,2024-10-23,Juspay
M001,PAY003530,ORD002184,2024-03-21,Credit Card,paid,2048.55,0.0,2024-03-23,Stripe
M001,PAY003531,ORD000705,2024-01-22,NetBanking,paid,2995.8,0.0,2024-01-26,PayU
M001,PAY003532,ORD003261,2024-05-02,UPI,paid,2131.79,0.0,2024-05-03,Razorpay
M001,PAY003533,ORD007860,2024-10-31,UPI,paid,7870.71,0.0,2024-11-01,Stripe
M001,PAY003534,ORD001228,2024-02-10,Debit Card,paid,9680.1,0.0,2024-02-11,PayU
M001,PAY003535,ORD008681,2024-11-21,NetBanking,pending,4596.86,0.0,2024-11-22,PhonePe
M001,PAY003536,ORD002961,2024-04-20,COD,refunded,3271.28,3097.94,2024-04-21,Juspay
M001,PAY003537,ORD006945,2024-10-03,COD,paid,1709.22,0.0,2024-10-07,PayU
M001,PAY003538,ORD009773,2024-12-24,UPI,paid,6274.37,0.0,2024-12-25,PayU
M001,PAY003539,ORD005590,2024-08-11,COD,failed,0.0,0.0,2024-08-11,Cashfree
M001,PAY003540,ORD000796,2024-01-25,Wallet,paid,9962.17,0.0,2024-01-30,Juspay
M001,PAY003541,ORD008343,2024-11-12,UPI,paid,6108.05,0.0,2024-11-14,PhonePe
M001,PAY003542,ORD002544,2024-04-06,Debit Card,refunded,6601.83,818.74,2024-04-10,Razorpay
M001,PAY003543,ORD009308,2024-12-09,NetBanking,paid,3362.27,0.0,2024-12-11,Juspay
M001,PAY003544,ORD000882,2024-01-28,Credit Card,paid,10308.26,0.0,2024-01-29,PayU
M001,PAY003545,ORD000122,2024-01-04,UPI,paid,4164.61,0.0,2024-01-08,Cashfree
M001,PAY003546,ORD009885,2024-12-27,COD,paid,7573.23,0.0,2025-01-01,PayU
M001,PAY003547,ORD007338,2024-10-15,Credit Card,paid,4244.83,0.0,2024-10-17,PhonePe
M001,PAY003548,ORD005189,2024-07-24,UPI,paid,6547.68,0.0,2024-07-26,Cashfree
M001,PAY003549,ORD003387,2024-05-06,Credit Card,pending,10217.34,0.0,2024-05-08,Stripe
M001,PAY003550,ORD007393,2024-10-15,COD,paid,9378.26,0.0,2024-10-17,Razorpay
M001,PAY003551,ORD001567,2024-02-26,UPI,refunded,4145.98,2199.85,2024-03-01,PhonePe
M001,PAY003552,ORD003460,2024-05-08,Debit Card,paid,7280.1,0.0,2024-05-13,Stripe
M001,PAY003553,ORD002906,2024-04-18,UPI,paid,4434.21,0.0,2024-04-21,Stripe
M001,PAY003554,ORD004436,2024-06-18,UPI,paid,8714.95,0.0,2024-06-23,PayU
M001,PAY003555,ORD009193,2024-12-05,Wallet,failed,0.0,0.0,2024-12-05,Juspay
M001,PAY003556,ORD007540,2024-10-20,Credit Card,paid,3497.76,0.0,2024-10-21,PayU
M001,PAY003557,ORD000828,2024-01-27,Credit Card,pending,8480.06,0.0,2024-01-29,Juspay
M001,PAY003558,ORD002051,2024-03-17,UPI,paid,6808.37,0.0,2024-03-21,PayU
M001,PAY003559,ORD008388,2024-11-13,Credit Card,paid,3473.09,0.0,2024-11-15,Razorpay
M001,PAY003560,ORD002557,2024-04-07,UPI,paid,8317.74,0.0,2024-04-11,Razorpay
M001,PAY003561,ORD005742,2024-08-17,COD,failed,0.0,0.0,2024-08-17,PayU
M001,PAY003562,ORD005647,2024-08-13,COD,paid,2248.86,0.0,2024-08-18,Stripe
M001,PAY003563,ORD009588,2024-12-18,NetBanking,paid,5667.29,0.0,2024-12-19,PayU
M001,PAY003564,ORD003845,2024-05-23,UPI,paid,8968.65,0.0,2024-05-27,PayU
M001,PAY003565,ORD006842,2024-09-30,Credit Card,paid,483.92,0.0,2024-10-02,Stripe
M001,PAY003566,ORD009439,2024-12-14,COD,paid,6376.98,0.0,2024-12-18,Cashfree
M001,PAY003567,ORD009724,2024-12-23,COD,refunded,6057.03,1523.65,2024-12-28,Cashfree
M001,PAY003568,ORD001019,2024-01-31,Debit Card,paid,4143.47,0.0,2024-02-05,Stripe
M001,PAY003569,ORD003455,2024-05-08,COD,paid,6745.21,0.0,2024-05-09,PayU
M001,PAY003570,ORD006161,2024-09-02,Credit Card,paid,4727.11,0.0,2024-09-07,PhonePe
M001,PAY003571,ORD003749,2024-05-20,NetBanking,paid,1889.24,0.0,2024-05-22,PhonePe
M001,PAY003572,ORD004157,2024-06-03,COD,refunded,10349.66,8554.69,2024-06-07,Stripe
M001,PAY003573,ORD008013,2024-11-04,COD,paid,7213.11,0.0,2024-11-09,PayU
M001,PAY003574,ORD009345,2024-12-11,Debit Card,paid,2694.4,0.0,2024-12-13,PayU
M001,PAY003575,ORD001785,2024-03-06,UPI,paid,2372.48,0.0,2024-03-07,Stripe
M001,PAY003576,ORD005336,2024-08-01,UPI,paid,909.13,0.0,2024-08-06,Razorpay
M001,PAY003577,ORD009848,2024-12-26,Debit Card,paid,4395.62,0.0,2024-12-29,PayU
M001,PAY003578,ORD009676,2024-12-20,COD,failed,0.0,0.0,2024-12-20,Razorpay
M001,PAY003579,ORD007472,2024-10-19,Wallet,refunded,5070.11,4793.3,2024-10-20,Cashfree
M001,PAY003580,ORD007770,2024-10-28,COD,paid,6399.76,0.0,2024-11-01,Stripe
M001,PAY003581,ORD001945,2024-03-13,COD,failed,0.0,0.0,2024-03-13,Juspay
M001,PAY003582,ORD008323,2024-11-13,COD,paid,7722.57,0.0,2024-11-16,Razorpay
M001,PAY003583,ORD007173,2024-10-09,Debit Card,paid,6613.71,0.0,2024-10-14,Razorpay
M001,PAY003584,ORD004156,2024-06-03,COD,paid,7656.09,0.0,2024-06-07,Razorpay
M001,PAY003585,ORD009011,2024-11-30,UPI,failed,0.0,0.0,2024-11-30,Razorpay
M001,PAY003586,ORD004335,2024-06-14,Credit Card,paid,4438.05,0.0,2024-06-16,PayU
M001,PAY003587,ORD003451,2024-05-09,UPI,refunded,2688.59,1655.92,2024-05-13,PayU
M001,PAY003588,ORD003185,2024-04-29,Credit Card,paid,4317.8,0.0,2024-04-30,PhonePe
M001,PAY003589,ORD007156,2024-10-09,Debit Card,paid,4536.0,0.0,2024-10-12,PayU
M001,PAY003590,ORD009441,2024-12-14,Wallet,failed,0.0,0.0,2024-12-14,Razorpay
M001,PAY003591,ORD004180,2024-06-06,COD,paid,6903.83,0.0,2024-06-10,PayU
M001,PAY003592,ORD003882,2024-05-25,COD,paid,3578.72,0.0,2024-05-26,Cashfree
M001,PAY003593,ORD009201,2024-12-05,UPI,paid,9972.89,0.0,2024-12-09,Juspay
M001,PAY003594,ORD006928,2024-10-02,UPI,failed,0.0,0.0,2024-10-02,Cashfree
M001,PAY003595,ORD008024,2024-11-05,COD,paid,9413.69,0.0,2024-11-08,PhonePe
M001,PAY003596,ORD004329,2024-06-13,Debit Card,paid,527.24,0.0,2024-06-17,Juspay
M001,PAY003597,ORD008790,2024-11-25,Debit Card,paid,6615.58,0.0,2024-11-28,PayU
M001,PAY003598,ORD000939,2024-01-29,COD,paid,8724.55,0.0,2024-02-01,PhonePe
M001,PAY003599,ORD008538,2024-11-17,Debit Card,paid,3685.07,0.0,2024-11-18,Juspay
M001,PAY003600,ORD007544,2024-10-21,UPI,paid,11309.2,0.0,2024-10-22,PhonePe
M001,PAY003601,ORD008269,2024-11-11,COD,paid,4543.57,0.0,2024-11-15,PayU
M001,PAY003602,ORD003091,2024-04-25,COD,paid,8483.93,0.0,2024-04-27,Juspay
M001,PAY003603,ORD005581,2024-08-11,UPI,paid,6268.11,0.0,2024-08-15,PhonePe
M001,PAY003604,ORD007876,2024-10-31,COD,paid,1966.78,0.0,2024-11-04,Razorpay
M001,PAY003605,ORD008264,2024-11-11,COD,paid,6996.74,0.0,2024-11-16,PhonePe
M001,PAY003606,ORD008447,2024-11-14,COD,paid,2048.29,0.0,2024-11-15,PhonePe
M001,PAY003607,ORD009933,2024-12-30,COD,paid,6698.91,0.0,2025-01-02,PayU
M001,PAY003608,ORD009358,2024-12-11,UPI,paid,4206.03,0.0,2024-12-15,Juspay
M001,PAY003609,ORD007005,2024-10-04,COD,paid,8352.64,0.0,2024-10-06,Stripe
M001,PAY003610,ORD008988,2024-11-29,UPI,paid,2041.94,0.0,2024-12-04,Stripe
M001,PAY003611,ORD002278,2024-03-27,Wallet,refunded,7233.98,7155.63,2024-03-30,Juspay
M001,PAY003612,ORD004932,2024-07-12,UPI,paid,6924.02,0.0,2024-07-14,PayU
M001,PAY003613,ORD000842,2024-01-28,Debit Card,paid,6185.04,0.0,2024-01-31,Stripe
M001,PAY003614,ORD006943,2024-10-03,UPI,paid,5035.35,0.0,2024-10-06,Stripe
M001,PAY003615,ORD009367,2024-12-11,UPI,paid,1474.28,0.0,2024-12-12,Stripe
M001,PAY003616,ORD004911,2024-07-11,Credit Card,paid,9232.78,0.0,2024-07-12,PhonePe
M001,PAY003617,ORD007986,2024-11-04,COD,paid,4107.28,0.0,2024-11-09,Cashfree
M001,PAY003618,ORD009509,2024-12-15,UPI,paid,2317.37,0.0,2024-12-19,PhonePe
M001,PAY003619,ORD003546,2024-05-11,UPI,paid,5783.47,0.0,2024-05-12,Cashfree
M001,PAY003620,ORD003005,2024-04-21,Debit Card,failed,0.0,0.0,2024-04-21,Razorpay
M001,PAY003621,ORD009296,2024-12-08,Credit Card,paid,6649.4,0.0,2024-12-13,Razorpay
M001,PAY003622,ORD009468,2024-12-14,Credit Card,paid,9383.2,0.0,2024-12-15,Cashfree
M001,PAY003623,ORD002659,2024-04-10,Debit Card,failed,0.0,0.0,2024-04-10,PayU
M001,PAY003624,ORD002036,2024-03-16,UPI,paid,7204.27,0.0,2024-03-17,Stripe
M001,PAY003625,ORD001170,2024-02-07,Debit Card,paid,8761.95,0.0,2024-02-12,Cashfree
M001,PAY003626,ORD008086,2024-11-06,UPI,paid,3494.37,0.0,2024-11-09,PayU
M001,PAY003627,ORD008219,2024-11-09,Credit Card,paid,8508.28,0.0,2024-11-10,Juspay
M001,PAY003628,ORD007805,2024-10-29,UPI,paid,9440.01,0.0,2024-10-30,Razorpay
M001,PAY003629,ORD001622,2024-02-28,UPI,paid,5964.5,0.0,2024-03-01,Cashfree
M001,PAY003630,ORD004572,2024-06-24,Credit Card,refunded,718.73,640.9,2024-06-27,Cashfree
M001,PAY003631,ORD005659,2024-08-14,Credit Card,paid,4427.78,0.0,2024-08-18,PhonePe
M001,PAY003632,ORD008757,2024-11-24,COD,paid,5829.62,0.0,2024-11-25,PayU
M001,PAY003633,ORD003796,2024-05-21,COD,paid,2990.68,0.0,2024-05-24,Cashfree
M001,PAY003634,ORD001880,2024-03-09,UPI,paid,3823.49,0.0,2024-03-12,Cashfree
M001,PAY003635,ORD009644,2024-12-19,UPI,paid,6659.29,0.0,2024-12-24,Juspay
M001,PAY003636,ORD006193,2024-09-04,NetBanking,paid,5075.89,0.0,2024-09-06,Juspay
M001,PAY003637,ORD005107,2024-07-21,Credit Card,paid,5861.24,0.0,2024-07-26,Stripe
M001,PAY003638,ORD005882,2024-08-22,NetBanking,paid,1763.61,0.0,2024-08-26,Razorpay
M001,PAY003639,ORD002382,2024-03-31,UPI,paid,6660.23,0.0,2024-04-01,PayU
M001,PAY003640,ORD002402,2024-03-31,COD,paid,2003.53,0.0,2024-04-04,PhonePe
M001,PAY003641,ORD004526,2024-06-21,UPI,paid,5051.8,0.0,2024-06-26,PayU
M001,PAY003642,ORD003168,2024-04-28,Credit Card,paid,3158.26,0.0,2024-05-02,Razorpay
M001,PAY003643,ORD007496,2024-10-19,COD,paid,6964.67,0.0,2024-10-20,PhonePe
M001,PAY003644,ORD006879,2024-10-01,UPI,pending,5665.18,0.0,2024-10-02,Razorpay
M001,PAY003645,ORD007183,2024-10-11,UPI,paid,1176.15,0.0,2024-10-12,PhonePe
M001,PAY003646,ORD001254,2024-02-10,Debit Card,paid,6056.22,0.0,2024-02-12,Razorpay
M001,PAY003647,ORD004056,2024-05-30,COD,pending,5350.26,0.0,2024-05-31,Razorpay
M001,PAY003648,ORD009863,2024-12-27,UPI,paid,6461.02,0.0,2024-12-30,Stripe
M001,PAY003649,ORD008007,2024-11-04,UPI,paid,3952.34,0.0,2024-11-08,Juspay
M001,PAY003650,ORD002621,2024-04-08,UPI,paid,6002.12,0.0,2024-04-13,Razorpay
M001,PAY003651,ORD007466,2024-10-17,COD,failed,0.0,0.0,2024-10-17,PayU
M001,PAY003652,ORD006883,2024-10-01,COD,paid,8627.4,0.0,2024-10-04,Cashfree
M001,PAY003653,ORD003723,2024-05-19,COD,paid,5449.22,0.0,2024-05-23,Razorpay
M001,PAY003654,ORD003489,2024-05-11,COD,paid,7527.34,0.0,2024-05-15,Juspay
M001,PAY003655,ORD000666,2024-01-22,UPI,refunded,8580.17,2396.88,2024-01-26,Stripe
M001,PAY003656,ORD008536,2024-11-18,COD,paid,6208.84,0.0,2024-11-20,Juspay
M001,PAY003657,ORD009990,2024-12-31,UPI,paid,3252.99,0.0,2025-01-03,Juspay
M001,PAY003658,ORD006351,2024-09-12,UPI,paid,7658.09,0.0,2024-09-17,Razorpay
M001,PAY003659,ORD002903,2024-04-19,UPI,paid,7887.58,0.0,2024-04-24,Stripe
M001,PAY003660,ORD003819,2024-05-22,Wallet,paid,2501.84,0.0,2024-05-24,PhonePe
M001,PAY003661,ORD007773,2024-10-27,UPI,paid,6996.96,0.0,2024-10-28,Juspay
M001,PAY003662,ORD004312,2024-06-13,UPI,paid,7527.59,0.0,2024-06-15,PayU
M001,PAY003663,ORD001793,2024-03-07,COD,paid,9139.92,0.0,2024-03-10,PayU
M001,PAY003664,ORD001953,2024-03-12,COD,paid,4689.51,0.0,2024-03-17,Juspay
M001,PAY003665,ORD009951,2024-12-29,Credit Card,pending,5064.17,0.0,2024-12-30,PayU
M001,PAY003666,ORD009075,2024-12-02,COD,paid,5461.2,0.0,2024-12-06,Stripe
M001,PAY003667,ORD009959,2024-12-29,NetBanking,paid,5018.58,0.0,2024-12-31,Stripe
M001,PAY003668,ORD006972,2024-10-04,Debit Card,refunded,3653.95,3119.08,2024-10-07,PhonePe
M001,PAY003669,ORD007463,2024-10-18,COD,pending,6438.23,0.0,2024-10-20,Juspay
M001,PAY003670,ORD001838,2024-03-07,COD,paid,6114.34,0.0,2024-03-09,Juspay
M001,PAY003671,ORD005530,2024-08-08,Credit Card,paid,8121.67,0.0,2024-08-09,Razorpay
M001,PAY003672,ORD004411,2024-06-16,COD,paid,8435.87,0.0,2024-06-19,Juspay
M001,PAY003673,ORD002635,2024-04-09,Wallet,paid,2779.32,0.0,2024-04-12,Razorpay
M001,PAY003674,ORD005654,2024-08-13,NetBanking,paid,3878.08,0.0,2024-08-14,Cashfree
M001,PAY003675,ORD002743,2024-04-13,UPI,paid,6036.97,0.0,2024-04-15,Stripe
M001,PAY003676,ORD002887,2024-04-17,Credit Card,paid,4946.12,0.0,2024-04-19,Cashfree
M001,PAY003677,ORD000015,2024-01-02,COD,paid,3056.16,0.0,2024-01-05,Cashfree
M001,PAY003678,ORD004853,2024-07-07,Credit Card,paid,7989.83,0.0,2024-07-10,PayU
M001,PAY003679,ORD004547,2024-06-23,Credit Card,paid,4503.5,0.0,2024-06-26,Cashfree
M001,PAY003680,ORD003070,2024-04-24,UPI,pending,7347.73,0.0,2024-04-26,Juspay
M001,PAY003681,ORD004969,2024-07-14,Credit Card,paid,3660.91,0.0,2024-07-15,Stripe
M001,PAY003682,ORD007591,2024-10-22,COD,paid,4956.46,0.0,2024-10-24,Cashfree
M001,PAY003683,ORD002460,2024-04-02,COD,paid,1244.01,0.0,2024-04-07,Cashfree
M001,PAY003684,ORD003793,2024-05-20,UPI,paid,1892.89,0.0,2024-05-21,PhonePe
M001,PAY003685,ORD008602,2024-11-20,UPI,paid,2821.34,0.0,2024-11-23,Stripe
M001,PAY003686,ORD000139,2024-01-06,Wallet,paid,1482.93,0.0,2024-01-07,PayU
M001,PAY003687,ORD009930,2024-12-28,Debit Card,paid,2574.36,0.0,2025-01-02,Cashfree
M001,PAY003688,ORD009738,2024-12-22,UPI,refunded,3337.5,984.14,2024-12-23,Stripe
M001,PAY003689,ORD006165,2024-09-02,UPI,paid,3884.4,0.0,2024-09-07,Cashfree
M001,PAY003690,ORD008375,2024-11-13,UPI,paid,1597.17,0.0,2024-11-17,Juspay
M001,PAY003691,ORD007495,2024-10-19,COD,paid,4309.51,0.0,2024-10-20,Razorpay
M001,PAY003692,ORD007477,2024-10-18,Wallet,paid,5142.93,0.0,2024-10-20,PhonePe
M001,PAY003693,ORD008437,2024-11-14,UPI,failed,0.0,0.0,2024-11-14,Juspay
M001,PAY003694,ORD002760,2024-04-13,UPI,refunded,7613.39,6037.29,2024-04-16,PayU
M001,PAY003695,ORD001312,2024-02-14,UPI,paid,5044.68,0.0,2024-02-16,Stripe
M001,PAY003696,ORD008082,2024-11-05,UPI,paid,1261.07,0.0,2024-11-07,PhonePe
M001,PAY003697,ORD001477,2024-02-21,Wallet,paid,3152.81,0.0,2024-02-26,Cashfree
M001,PAY003698,ORD002669,2024-04-10,Wallet,paid,853.4,0.0,2024-04-15,Juspay
M001,PAY003699,ORD004707,2024-07-01,Debit Card,paid,7215.59,0.0,2024-07-02,Juspay
M001,PAY003700,ORD000092,2024-01-04,COD,failed,0.0,0.0,2024-01-04,Juspay
M001,PAY003701,ORD000402,2024-01-13,Debit Card,paid,4723.35,0.0,2024-01-15,Razorpay
M001,PAY003702,ORD004304,2024-06-11,COD,paid,4460.76,0.0,2024-06-13,PayU
M001,PAY003703,ORD007606,2024-10-23,COD,paid,3840.96,0.0,2024-10-25,Stripe
M001,PAY003704,ORD006080,2024-08-31,Wallet,paid,1907.2,0.0,2024-09-02,PayU
M001,PAY003705,ORD003942,2024-05-26,Debit Card,paid,5999.05,0.0,2024-05-27,Juspay
M001,PAY003706,ORD007822,2024-10-29,COD,paid,6262.55,0.0,2024-11-01,Juspay
M001,PAY003707,ORD001667,2024-03-01,UPI,refunded,10602.52,5359.61,2024-03-05,PhonePe
M001,PAY003708,ORD002720,2024-04-13,Credit Card,paid,6567.57,0.0,2024-04-16,PayU
M001,PAY003709,ORD005254,2024-07-28,COD,paid,3883.12,0.0,2024-08-02,PayU
M001,PAY003710,ORD002185,2024-03-21,Debit Card,pending,7904.01,0.0,2024-03-23,PhonePe
M001,PAY003711,ORD003898,2024-05-25,COD,paid,5154.83,0.0,2024-05-30,Cashfree
M001,PAY003712,ORD003009,2024-04-21,COD,failed,0.0,0.0,2024-04-21,PayU
M001,PAY003713,ORD004187,2024-06-06,COD,paid,818.58,0.0,2024-06-11,Stripe
M001,PAY003714,ORD008233,2024-11-09,NetBanking,paid,6509.89,0.0,2024-11-13,Cashfree
M001,PAY003715,ORD000102,2024-01-04,Debit Card,paid,1825.5,0.0,2024-01-06,PhonePe
M001,PAY003716,ORD005542,2024-08-09,COD,paid,2192.44,0.0,2024-08-14,Juspay
M001,PAY003717,ORD005726,2024-08-17,UPI,paid,2055.0,0.0,2024-08-19,PhonePe
M001,PAY003718,ORD003272,2024-05-02,Wallet,paid,3507.41,0.0,2024-05-07,Razorpay
M001,PAY003719,ORD002358,2024-03-29,COD,paid,1967.56,0.0,2024-03-31,Razorpay
M001,PAY003720,ORD003638,2024-05-14,UPI,paid,4692.1,0.0,2024-05-18,PayU
M001,PAY003721,ORD003382,2024-05-06,Debit Card,paid,8685.34,0.0,2024-05-09,Juspay
M001,PAY003722,ORD007285,2024-10-13,UPI,paid,8157.66,0.0,2024-10-16,Stripe
M001,PAY003723,ORD007539,2024-10-20,COD,paid,3971.97,0.0,2024-10-22,Stripe
M001,PAY003724,ORD006853,2024-10-02,Debit Card,paid,458.12,0.0,2024-10-03,PayU
M001,PAY003725,ORD009049,2024-12-01,NetBanking,paid,2228.79,0.0,2024-12-04,Stripe
M001,PAY003726,ORD004365,2024-06-14,NetBanking,paid,6557.32,0.0,2024-06-18,Razorpay
M001,PAY003727,ORD000999,2024-01-31,Credit Card,paid,3567.48,0.0,2024-02-03,Razorpay
M001,PAY003728,ORD005863,2024-08-22,Debit Card,paid,3819.46,0.0,2024-08-25,Juspay
M001,PAY003729,ORD007562,2024-10-20,UPI,refunded,1270.04,1089.36,2024-10-22,Juspay
M001,PAY003730,ORD006201,2024-09-05,COD,failed,0.0,0.0,2024-09-05,PayU
M001,PAY003731,ORD009058,2024-12-01,Wallet,paid,5199.72,0.0,2024-12-06,Cashfree
M001,PAY003732,ORD004593,2024-06-24,UPI,paid,3815.82,0.0,2024-06-25,Stripe
M001,PAY003733,ORD002297,2024-03-28,UPI,paid,3738.4,0.0,2024-04-01,Cashfree
M001,PAY003734,ORD003966,2024-05-28,COD,failed,0.0,0.0,2024-05-28,Razorpay
M001,PAY003735,ORD008450,2024-11-15,COD,paid,4973.49,0.0,2024-11-18,Juspay
M001,PAY003736,ORD006455,2024-09-16,COD,pending,5603.66,0.0,2024-09-18,PhonePe
M001,PAY003737,ORD007618,2024-10-23,Credit Card,failed,0.0,0.0,2024-10-23,PhonePe
M001,PAY003738,ORD009545,2024-12-16,COD,failed,0.0,0.0,2024-12-16,Juspay
M001,PAY003739,ORD003533,2024-05-11,UPI,paid,5984.37,0.0,2024-05-16,Stripe
M001,PAY003740,ORD003601,2024-05-13,Debit Card,refunded,7287.41,970.34,2024-05-18,Cashfree
M001,PAY003741,ORD005666,2024-08-13,UPI,paid,3604.65,0.0,2024-08-16,PhonePe
M001,PAY003742,ORD005390,2024-08-03,UPI,paid,7048.06,0.0,2024-08-04,Stripe
M001,PAY003743,ORD008153,2024-11-07,NetBanking,pending,2596.52,0.0,2024-11-08,Stripe
M001,PAY003744,ORD001301,2024-02-12,COD,paid,5024.57,0.0,2024-02-14,Juspay
M001,PAY003745,ORD008900,2024-11-27,UPI,paid,6102.53,0.0,2024-11-29,Razorpay
M001,PAY003746,ORD006757,2024-09-28,UPI,paid,6340.83,0.0,2024-09-29,Cashfree
M001,PAY003747,ORD006006,2024-08-28,Credit Card,paid,5263.92,0.0,2024-08-29,Juspay
M001,PAY003748,ORD002103,2024-03-18,UPI,paid,7843.21,0.0,2024-03-19,PayU
M001,PAY003749,ORD002853,2024-04-16,COD,pending,5692.98,0.0,2024-04-18,Stripe
M001,PAY003750,ORD003893,2024-05-24,COD,paid,2763.54,0.0,2024-05-29,Juspay
M001,PAY003751,ORD002655,2024-04-10,Debit Card,paid,2705.64,0.0,2024-04-15,PhonePe
M001,PAY003752,ORD005690,2024-08-14,Credit Card,paid,6689.18,0.0,2024-08-15,PhonePe
M001,PAY003753,ORD003707,2024-05-18,UPI,paid,3427.34,0.0,2024-05-19,Stripe
M001,PAY003754,ORD001583,2024-02-26,UPI,paid,648.55,0.0,2024-02-27,Cashfree
M001,PAY003755,ORD003804,2024-05-21,UPI,paid,5774.7,0.0,2024-05-22,PayU
M001,PAY003756,ORD006874,2024-10-02,UPI,paid,4701.76,0.0,2024-10-04,PayU
M001,PAY003757,ORD007267,2024-10-13,Wallet,paid,10268.83,0.0,2024-10-17,Razorpay
M001,PAY003758,ORD009448,2024-12-13,COD,refunded,3074.81,1092.25,2024-12-18,PhonePe
M001,PAY003759,ORD009779,2024-12-23,Credit Card,failed,0.0,0.0,2024-12-23,PhonePe
M001,PAY003760,ORD004014,2024-05-29,UPI,paid,8677.4,0.0,2024-05-30,Cashfree
M001,PAY003761,ORD002963,2024-04-21,NetBanking,paid,1760.44,0.0,2024-04-24,Razorpay
M001,PAY003762,ORD006235,2024-09-05,Debit Card,paid,8956.31,0.0,2024-09-08,Cashfree
M001,PAY003763,ORD006670,2024-09-24,COD,refunded,9351.38,9419.02,2024-09-28,PayU
M001,PAY003764,ORD008950,2024-11-29,Debit Card,paid,7373.88,0.0,2024-12-04,Juspay
M001,PAY003765,ORD001527,2024-02-24,COD,paid,3804.25,0.0,2024-02-28,PhonePe
M001,PAY003766,ORD002499,2024-04-05,Debit Card,paid,9787.76,0.0,2024-04-07,Stripe
M001,PAY003767,ORD007820,2024-10-30,NetBanking,paid,1936.1,0.0,2024-11-03,Cashfree
M001,PAY003768,ORD002055,2024-03-16,Debit Card,paid,985.76,0.0,2024-03-17,Juspay
M001,PAY003769,ORD000924,2024-01-30,Debit Card,paid,9434.44,0.0,2024-01-31,PhonePe
M001,PAY003770,ORD001586,2024-02-27,COD,paid,8866.4,0.0,2024-03-01,Razorpay
M001,PAY003771,ORD003672,2024-05-16,COD,paid,6284.98,0.0,2024-05-21,PhonePe
M001,PAY003772,ORD006964,2024-10-04,Debit Card,paid,10654.35,0.0,2024-10-07,Cashfree
M001,PAY003773,ORD005670,2024-08-13,Debit Card,pending,910.91,0.0,2024-08-14,Cashfree
M001,PAY003774,ORD003285,2024-05-02,COD,paid,3005.4,0.0,2024-05-05,PhonePe
M001,PAY003775,ORD002912,2024-04-18,COD,paid,858.27,0.0,2024-04-23,PayU
M001,PAY003776,ORD002797,2024-04-15,Credit Card,paid,7206.11,0.0,2024-04-19,PayU
M001,PAY003777,ORD006555,2024-09-20,NetBanking,paid,7464.56,0.0,2024-09-24,Razorpay
M001,PAY003778,ORD009714,2024-12-21,Debit Card,paid,6035.11,0.0,2024-12-26,Cashfree
M001,PAY003779,ORD009362,2024-12-11,Wallet,paid,2916.66,0.0,2024-12-13,PhonePe
M001,PAY003780,ORD004722,2024-07-01,COD,paid,614.06,0.0,2024-07-04,PhonePe
M001,PAY003781,ORD008350,2024-11-12,Wallet,refunded,4338.91,1564.69,2024-11-14,Stripe
M001,PAY003782,ORD008448,2024-11-14,Credit Card,paid,8515.79,0.0,2024-11-15,Razorpay
M001,PAY003783,ORD002827,2024-04-15,UPI,paid,9596.63,0.0,2024-04-17,PayU
M001,PAY003784,ORD004840,2024-07-07,COD,paid,6661.3,0.0,2024-07-09,Stripe
M001,PAY003785,ORD000095,2024-01-03,Debit Card,paid,1176.37,0.0,2024-01-07,PhonePe
M001,PAY003786,ORD001318,2024-02-14,Credit Card,paid,7630.91,0.0,2024-02-19,Cashfree
M001,PAY003787,ORD009865,2024-12-27,UPI,paid,9042.18,0.0,2024-12-30,PayU
M001,PAY003788,ORD000239,2024-01-08,COD,pending,7679.44,0.0,2024-01-09,Juspay
M001,PAY003789,ORD007303,2024-10-14,COD,paid,4084.46,0.0,2024-10-16,PayU
M001,PAY003790,ORD003215,2024-04-29,NetBanking,paid,2260.4,0.0,2024-05-01,Razorpay
M001,PAY003791,ORD003313,2024-05-04,COD,paid,8397.91,0.0,2024-05-05,Razorpay
M001,PAY003792,ORD000439,2024-01-14,UPI,paid,3854.89,0.0,2024-01-19,Razorpay
M001,PAY003793,ORD009009,2024-11-30,Credit Card,failed,0.0,0.0,2024-11-30,Razorpay
M001,PAY003794,ORD001224,2024-02-09,Debit Card,paid,8505.39,0.0,2024-02-13,Stripe
M001,PAY003795,ORD006694,2024-09-25,Wallet,paid,8341.47,0.0,2024-09-27,PayU
M001,PAY003796,ORD005633,2024-08-13,UPI,paid,8710.42,0.0,2024-08-17,Stripe
M001,PAY003797,ORD004313,2024-06-13,Wallet,paid,2956.63,0.0,2024-06-18,Stripe
M001,PAY003798,ORD007250,2024-10-12,Debit Card,failed,0.0,0.0,2024-10-12,PayU
M001,PAY003799,ORD005128,2024-07-22,COD,paid,5517.33,0.0,2024-07-27,PhonePe
M001,PAY003800,ORD008149,2024-11-08,UPI,paid,6438.33,0.0,2024-11-10,Razorpay
M001,PAY003801,ORD008217,2024-11-09,COD,paid,658.41,0.0,2024-11-11,Razorpay
M001,PAY003802,ORD005649,2024-08-13,Credit Card,paid,4239.14,0.0,2024-08-18,PayU
M001,PAY003803,ORD002031,2024-03-16,Debit Card,paid,8070.82,0.0,2024-03-21,PhonePe
M001,PAY003804,ORD004029,2024-05-30,COD,paid,8126.9,0.0,2024-06-02,Razorpay
M001,PAY003805,ORD006053,2024-08-30,Debit Card,failed,0.0,0.0,2024-08-30,PayU
M001,PAY003806,ORD002255,2024-03-25,COD,paid,6860.94,0.0,2024-03-29,PayU
M001,PAY003807,ORD004009,2024-05-28,COD,paid,2438.79,0.0,2024-06-02,Cashfree
M001,PAY003808,ORD007665,2024-10-25,COD,pending,2711.62,0.0,2024-10-26,Stripe
M001,PAY003809,ORD007942,2024-11-01,Debit Card,paid,4707.33,0.0,2024-11-06,Cashfree
M001,PAY003810,ORD001225,2024-02-10,Debit Card,paid,6891.12,0.0,2024-02-11,PayU
M001,PAY003811,ORD006925,2024-10-03,COD,paid,7255.7,0.0,2024-10-05,Juspay
M001,PAY003812,ORD005174,2024-07-24,Wallet,paid,4770.64,0.0,2024-07-25,Stripe
M001,PAY003813,ORD008605,2024-11-19,Credit Card,paid,5816.42,0.0,2024-11-20,Juspay
M001,PAY003814,ORD009643,2024-12-19,Credit Card,paid,8036.87,0.0,2024-12-21,Stripe
M001,PAY003815,ORD008097,2024-11-07,Wallet,paid,6073.23,0.0,2024-11-12,Razorpay
M001,PAY003816,ORD006320,2024-09-10,COD,pending,8109.48,0.0,2024-09-12,Stripe
M001,PAY003817,ORD004618,2024-06-26,Wallet,paid,2291.07,0.0,2024-06-30,Juspay
M001,PAY003818,ORD005746,2024-08-16,Credit Card,paid,6310.12,0.0,2024-08-19,Juspay
M001,PAY003819,ORD001808,2024-03-07,Credit Card,paid,8388.73,0.0,2024-03-11,PayU
M001,PAY003820,ORD000846,2024-01-27,UPI,pending,6930.15,0.0,2024-01-29,PhonePe
M001,PAY003821,ORD000221,2024-01-08,COD,pending,4015.16,0.0,2024-01-10,Juspay
M001,PAY003822,ORD002210,2024-03-22,UPI,pending,1823.94,0.0,2024-03-24,Stripe
M001,PAY003823,ORD004739,2024-07-02,COD,paid,4926.95,0.0,2024-07-03,PhonePe
M001,PAY003824,ORD002265,2024-03-26,COD,paid,6647.53,0.0,2024-03-30,Cashfree
M001,PAY003825,ORD008758,2024-11-24,Debit Card,pending,856.79,0.0,2024-11-25,Stripe
M001,PAY003826,ORD004423,2024-06-18,Debit Card,paid,2416.08,0.0,2024-06-22,Stripe
M001,PAY003827,ORD007977,2024-11-03,Wallet,paid,3267.1,0.0,2024-11-06,Razorpay
M001,PAY003828,ORD008187,2024-11-09,Wallet,paid,809.79,0.0,2024-11-10,PayU
M001,PAY003829,ORD005398,2024-08-03,COD,failed,0.0,0.0,2024-08-03,PhonePe
M001,PAY003830,ORD001782,2024-03-06,UPI,paid,1364.5,0.0,2024-03-11,Juspay
M001,PAY003831,ORD002650,2024-04-09,Credit Card,paid,1965.45,0.0,2024-04-11,Razorpay
M001,PAY003832,ORD000816,2024-01-26,Credit Card,paid,1318.86,0.0,2024-01-30,Stripe
M001,PAY003833,ORD003452,2024-05-08,COD,paid,3663.38,0.0,2024-05-12,Juspay
M001,PAY003834,ORD008344,2024-11-13,Wallet,paid,7799.28,0.0,2024-11-17,PayU
M001,PAY003835,ORD002785,2024-04-13,UPI,paid,6997.81,0.0,2024-04-16,Stripe
M001,PAY003836,ORD005215,2024-07-26,Debit Card,paid,2362.82,0.0,2024-07-30,Cashfree
M001,PAY003837,ORD004563,2024-06-24,NetBanking,paid,6393.07,0.0,2024-06-29,Cashfree
M001,PAY003838,ORD008863,2024-11-26,COD,paid,4993.48,0.0,2024-11-30,Cashfree
M001,PAY003839,ORD006573,2024-09-21,Credit Card,paid,7203.59,0.0,2024-09-26,Stripe
M001,PAY003840,ORD000549,2024-01-18,COD,paid,2568.96,0.0,2024-01-21,PayU
M001,PAY003841,ORD006198,2024-09-05,UPI,paid,2260.91,0.0,2024-09-08,Razorpay
M001,PAY003842,ORD008286,2024-11-11,COD,paid,2124.44,0.0,2024-11-13,Stripe
M001,PAY003843,ORD009154,2024-12-05,UPI,refunded,3490.78,2574.93,2024-12-08,PhonePe
M001,PAY003844,ORD004012,2024-05-28,UPI,paid,624.82,0.0,2024-06-02,Cashfree
M001,PAY003845,ORD001385,2024-02-16,COD,paid,7391.58,0.0,2024-02-20,Juspay
M001,PAY003846,ORD008025,2024-11-05,Wallet,paid,3002.58,0.0,2024-11-09,Razorpay
M001,PAY003847,ORD000740,2024-01-24,COD,paid,3096.1,0.0,2024-01-29,Juspay
M001,PAY003848,ORD005626,2024-08-12,COD,paid,4564.51,0.0,2024-08-16,Juspay
M001,PAY003849,ORD006561,2024-09-20,COD,paid,4077.73,0.0,2024-09-25,Razorpay
M001,PAY003850,ORD009238,2024-12-06,COD,paid,2897.87,0.0,2024-12-08,Cashfree
M001,PAY003851,ORD007587,2024-10-21,UPI,refunded,4552.96,3937.34,2024-10-26,Razorpay
M001,PAY003852,ORD004709,2024-07-01,Credit Card,failed,0.0,0.0,2024-07-01,Razorpay
M001,PAY003853,ORD008743,2024-11-24,UPI,failed,0.0,0.0,2024-11-24,Stripe
M001,PAY003854,ORD007780,2024-10-28,Debit Card,paid,4600.88,0.0,2024-10-29,PhonePe
M001,PAY003855,ORD002920,2024-04-19,UPI,failed,0.0,0.0,2024-04-19,PhonePe
M001,PAY003856,ORD007331,2024-10-15,Wallet,paid,1512.66,0.0,2024-10-19,PhonePe
M001,PAY003857,ORD009942,2024-12-29,COD,paid,6739.04,0.0,2025-01-02,PayU
M001,PAY003858,ORD008543,2024-11-17,UPI,paid,2127.27,0.0,2024-11-21,Stripe
M001,PAY003859,ORD008165,2024-11-07,Wallet,pending,3694.77,0.0,2024-11-09,PayU
M001,PAY003860,ORD000593,2024-01-20,COD,paid,5989.33,0.0,2024-01-25,PhonePe
M001,PAY003861,ORD009062,2024-12-02,UPI,paid,4798.77,0.0,2024-12-04,Cashfree
M001,PAY003862,ORD008164,2024-11-07,NetBanking,failed,0.0,0.0,2024-11-07,Cashfree
M001,PAY003863,ORD003466,2024-05-09,Credit Card,paid,1111.47,0.0,2024-05-10,PayU
M001,PAY003864,ORD003151,2024-04-28,COD,refunded,9992.41,3004.8,2024-05-03,PhonePe
M001,PAY003865,ORD003512,2024-05-10,NetBanking,paid,2642.58,0.0,2024-05-13,Juspay
M001,PAY003866,ORD000186,2024-01-07,COD,paid,4423.96,0.0,2024-01-08,Juspay
M001,PAY003867,ORD007999,2024-11-03,Wallet,paid,3208.59,0.0,2024-11-04,PayU
M001,PAY003868,ORD007199,2024-10-10,UPI,paid,1371.87,0.0,2024-10-13,PayU
M001,PAY003869,ORD008034,2024-11-05,UPI,paid,4229.44,0.0,2024-11-10,Razorpay
M001,PAY003870,ORD004327,2024-06-13,COD,paid,3402.08,0.0,2024-06-16,Cashfree
M001,PAY003871,ORD000546,2024-01-17,COD,paid,8757.41,0.0,2024-01-21,Juspay
M001,PAY003872,ORD002542,2024-04-06,COD,paid,3113.56,0.0,2024-04-08,Juspay
M001,PAY003873,ORD005538,2024-08-09,Credit Card,paid,5435.22,0.0,2024-08-13,Cashfree
M001,PAY003874,ORD009354,2024-12-11,Debit Card,paid,895.01,0.0,2024-12-12,Cashfree
M001,PAY003875,ORD001536,2024-02-24,COD,paid,4706.61,0.0,2024-02-25,Cashfree
M001,PAY003876,ORD001439,2024-02-19,UPI,paid,7608.53,0.0,2024-02-23,PhonePe
M001,PAY003877,ORD008771,2024-11-23,UPI,refunded,5087.32,2593.42,2024-11-27,Razorpay
M001,PAY003878,ORD004443,2024-06-18,Debit Card,paid,9236.17,0.0,2024-06-23,Cashfree
M001,PAY003879,ORD008486,2024-11-17,COD,paid,7587.41,0.0,2024-11-19,PayU
M001,PAY003880,ORD009300,2024-12-08,Wallet,paid,3821.96,0.0,2024-12-09,Cashfree
M001,PAY003881,ORD002747,2024-04-13,COD,paid,5239.52,0.0,2024-04-17,PayU
M001,PAY003882,ORD001758,2024-03-04,COD,paid,1943.56,0.0,2024-03-06,Stripe
M001,PAY003883,ORD004136,2024-06-02,COD,paid,2317.43,0.0,2024-06-06,Juspay
M001,PAY003884,ORD005033,2024-07-16,COD,paid,3682.34,0.0,2024-07-18,Cashfree
M001,PAY003885,ORD004842,2024-07-07,UPI,pending,629.37,0.0,2024-07-09,PayU
M001,PAY003886,ORD007632,2024-10-23,Wallet,failed,0.0,0.0,2024-10-23,Juspay
M001,PAY003887,ORD003980,2024-05-28,COD,paid,7742.43,0.0,2024-06-02,PhonePe
M001,PAY003888,ORD007230,2024-10-11,Credit Card,paid,1727.13,0.0,2024-10-13,PhonePe
M001,PAY003889,ORD001777,2024-03-06,COD,failed,0.0,0.0,2024-03-06,PayU
M001,PAY003890,ORD006708,2024-09-25,COD,paid,1292.87,0.0,2024-09-30,Stripe
M001,PAY003891,ORD009852,2024-12-27,UPI,paid,1136.15,0.0,2024-12-30,Juspay
M001,PAY003892,ORD003685,2024-05-17,Wallet,paid,6983.52,0.0,2024-05-20,PayU
M001,PAY003893,ORD005237,2024-07-27,UPI,paid,3111.03,0.0,2024-08-01,Razorpay
M001,PAY003894,ORD003665,2024-05-15,NetBanking,paid,10246.7,0.0,2024-05-16,PhonePe
M001,PAY003895,ORD005780,2024-08-19,UPI,paid,6525.0,0.0,2024-08-24,Stripe
M001,PAY003896,ORD009752,2024-12-24,COD,failed,0.0,0.0,2024-12-24,Stripe
M001,PAY003897,ORD007779,2024-10-28,Debit Card,paid,9079.72,0.0,2024-11-01,Cashfree
M001,PAY003898,ORD003246,2024-04-30,Wallet,refunded,2036.03,389.07,2024-05-01,PayU
M001,PAY003899,ORD009983,2024-12-31,Wallet,paid,637.53,0.0,2025-01-04,PayU
M001,PAY003900,ORD001482,2024-02-22,UPI,refunded,1495.54,992.33,2024-02-23,PayU
M001,PAY003901,ORD006177,2024-09-03,Debit Card,paid,4208.62,0.0,2024-09-06,Razorpay
M001,PAY003902,ORD004737,2024-07-02,COD,paid,3133.15,0.0,2024-07-07,Cashfree
M001,PAY003903,ORD004352,2024-06-15,COD,paid,3987.21,0.0,2024-06-18,Razorpay
M001,PAY003904,ORD009715,2024-12-21,Debit Card,refunded,8161.14,3824.22,2024-12-25,PayU
M001,PAY003905,ORD006290,2024-09-08,COD,pending,1822.2,0.0,2024-09-10,Cashfree
M001,PAY003906,ORD003982,2024-05-28,UPI,paid,7900.54,0.0,2024-05-30,Cashfree
M001,PAY003907,ORD003890,2024-05-25,UPI,refunded,6443.0,3199.59,2024-05-29,PayU
M001,PAY003908,ORD005979,2024-08-26,Wallet,paid,1955.98,0.0,2024-08-29,Juspay
M001,PAY003909,ORD000146,2024-01-05,COD,paid,4262.86,0.0,2024-01-07,Cashfree
M001,PAY003910,ORD002695,2024-04-12,UPI,pending,5652.68,0.0,2024-04-14,PayU
M001,PAY003911,ORD001826,2024-03-08,UPI,paid,10952.02,0.0,2024-03-12,Razorpay
M001,PAY003912,ORD005219,2024-07-26,Credit Card,paid,6174.68,0.0,2024-07-30,Cashfree
M001,PAY003913,ORD006712,2024-09-25,COD,paid,6880.7,0.0,2024-09-26,Stripe
M001,PAY003914,ORD008515,2024-11-18,COD,paid,5733.65,0.0,2024-11-20,Razorpay
M001,PAY003915,ORD002458,2024-04-02,Wallet,paid,6307.88,0.0,2024-04-04,Cashfree
M001,PAY003916,ORD006764,2024-09-28,COD,pending,7998.92,0.0,2024-09-29,Stripe
M001,PAY003917,ORD007839,2024-10-29,UPI,paid,3300.14,0.0,2024-10-31,Stripe
M001,PAY003918,ORD008877,2024-11-27,Wallet,refunded,1936.61,490.57,2024-12-02,Stripe
M001,PAY003919,ORD007972,2024-11-03,UPI,paid,4626.01,0.0,2024-11-04,Stripe
M001,PAY003920,ORD002446,2024-04-03,UPI,paid,5221.04,0.0,2024-04-04,PhonePe
M001,PAY003921,ORD009038,2024-11-30,UPI,paid,5566.66,0.0,2024-12-04,PhonePe
M001,PAY003922,ORD003849,2024-05-23,Credit Card,refunded,10229.1,4802.39,2024-05-27,PayU
M001,PAY003923,ORD009242,2024-12-08,UPI,pending,5547.89,0.0,2024-12-09,PayU
M001,PAY003924,ORD009063,2024-12-01,UPI,paid,3223.13,0.0,2024-12-04,PayU
M001,PAY003925,ORD001330,2024-02-14,NetBanking,paid,5128.61,0.0,2024-02-15,Razorpay
M001,PAY003926,ORD000220,2024-01-07,COD,paid,1759.06,0.0,2024-01-10,Juspay
M001,PAY003927,ORD003925,2024-05-25,Credit Card,refunded,5620.69,5167.55,2024-05-26,Razorpay
M001,PAY003928,ORD000330,2024-01-10,UPI,paid,1814.41,0.0,2024-01-15,PhonePe
M001,PAY003929,ORD006200,2024-09-05,Credit Card,paid,1442.45,0.0,2024-09-10,PayU
M001,PAY003930,ORD002716,2024-04-12,Debit Card,paid,5189.13,0.0,2024-04-14,Cashfree
M001,PAY003931,ORD005671,2024-08-14,UPI,paid,6688.29,0.0,2024-08-19,Juspay
M001,PAY003932,ORD008309,2024-11-12,COD,failed,0.0,0.0,2024-11-12,Razorpay
M001,PAY003933,ORD007007,2024-10-05,Credit Card,refunded,1365.01,270.25,2024-10-08,Juspay
M001,PAY003934,ORD005640,2024-08-13,Credit Card,paid,5539.16,0.0,2024-08-18,PhonePe
M001,PAY003935,ORD003686,2024-05-18,COD,paid,9772.61,0.0,2024-05-22,PayU
M001,PAY003936,ORD009311,2024-12-09,COD,paid,8635.95,0.0,2024-12-14,Stripe
M001,PAY003937,ORD008174,2024-11-09,UPI,paid,4238.0,0.0,2024-11-13,Juspay
M001,PAY003938,ORD004670,2024-06-27,UPI,paid,6891.99,0.0,2024-07-01,PayU
M001,PAY003939,ORD006988,2024-10-05,NetBanking,refunded,1110.06,1071.01,2024-10-07,PayU
M001,PAY003940,ORD000348,2024-01-11,UPI,paid,2440.98,0.0,2024-01-16,PayU
M001,PAY003941,ORD006234,2024-09-05,COD,failed,0.0,0.0,2024-09-05,Cashfree
M001,PAY003942,ORD000751,2024-01-25,UPI,paid,5877.38,0.0,2024-01-27,PhonePe
M001,PAY003943,ORD006309,2024-09-09,COD,paid,7594.6,0.0,2024-09-10,Juspay
M001,PAY003944,ORD005283,2024-07-28,Debit Card,paid,5836.18,0.0,2024-07-29,PayU
M001,PAY003945,ORD006983,2024-10-04,Debit Card,paid,3487.16,0.0,2024-10-08,Stripe
M001,PAY003946,ORD008361,2024-11-13,Credit Card,paid,4067.41,0.0,2024-11-16,Stripe
M001,PAY003947,ORD000911,2024-01-29,Credit Card,paid,1119.05,0.0,2024-01-30,Juspay
M001,PAY003948,ORD009363,2024-12-10,COD,refunded,8088.75,6351.36,2024-12-11,Cashfree
M001,PAY003949,ORD002117,2024-03-20,Debit Card,paid,564.94,0.0,2024-03-24,PhonePe
M001,PAY003950,ORD007736,2024-10-26,Credit Card,paid,819.55,0.0,2024-10-28,Juspay
M001,PAY003951,ORD007621,2024-10-23,COD,pending,2798.67,0.0,2024-10-24,Juspay
M001,PAY003952,ORD007347,2024-10-14,Debit Card,paid,2842.64,0.0,2024-10-17,Stripe
M001,PAY003953,ORD006442,2024-09-15,UPI,paid,7015.25,0.0,2024-09-17,Stripe
M001,PAY003954,ORD002773,2024-04-13,COD,paid,7572.38,0.0,2024-04-16,PhonePe
M001,PAY003955,ORD005310,2024-07-31,UPI,paid,5320.01,0.0,2024-08-01,Stripe
M001,PAY003956,ORD004182,2024-06-06,Debit Card,pending,4614.72,0.0,2024-06-07,Stripe
M001,PAY003957,ORD008281,2024-11-10,COD,pending,2955.59,0.0,2024-11-12,Stripe
M001,PAY003958,ORD000544,2024-01-17,UPI,paid,5322.76,0.0,2024-01-22,Stripe
M001,PAY003959,ORD001543,2024-02-24,UPI,paid,6066.74,0.0,2024-02-25,Juspay
M001,PAY003960,ORD001560,2024-02-26,COD,paid,8633.05,0.0,2024-03-01,Cashfree
M001,PAY003961,ORD004363,2024-06-14,COD,paid,5627.53,0.0,2024-06-16,Cashfree
M001,PAY003962,ORD007411,2024-10-16,UPI,paid,5981.35,0.0,2024-10-17,Cashfree
M001,PAY003963,ORD007223,2024-10-11,Wallet,paid,7644.34,0.0,2024-10-15,Juspay
M001,PAY003964,ORD000162,2024-01-05,UPI,paid,5289.58,0.0,2024-01-07,PayU
M001,PAY003965,ORD003148,2024-04-28,COD,paid,1424.63,0.0,2024-04-29,Razorpay
M001,PAY003966,ORD002976,2024-04-21,COD,paid,10460.04,0.0,2024-04-24,Juspay
M001,PAY003967,ORD007372,2024-10-15,UPI,paid,3317.31,0.0,2024-10-20,Cashfree
M001,PAY003968,ORD002053,2024-03-17,UPI,paid,7609.06,0.0,2024-03-18,Stripe
M001,PAY003969,ORD004825,2024-07-06,UPI,refunded,7371.02,7498.39,2024-07-10,PhonePe
M001,PAY003970,ORD000281,2024-01-10,UPI,paid,4269.21,0.0,2024-01-11,PayU
M001,PAY003971,ORD009376,2024-12-12,UPI,paid,6707.42,0.0,2024-12-16,Stripe
M001,PAY003972,ORD002888,2024-04-18,UPI,paid,9196.96,0.0,2024-04-22,Stripe
M001,PAY003973,ORD001748,2024-03-04,COD,paid,1047.41,0.0,2024-03-06,PayU
M001,PAY003974,ORD005288,2024-07-29,Credit Card,paid,4852.44,0.0,2024-07-30,Stripe
M001,PAY003975,ORD001360,2024-02-16,Wallet,paid,1429.16,0.0,2024-02-21,PayU
M001,PAY003976,ORD005536,2024-08-09,UPI,paid,6221.1,0.0,2024-08-11,Cashfree
M001,PAY003977,ORD003318,2024-05-03,Credit Card,paid,1673.18,0.0,2024-05-06,PhonePe
M001,PAY003978,ORD009310,2024-12-08,UPI,paid,8477.79,0.0,2024-12-12,Juspay
M001,PAY003979,ORD000559,2024-01-18,UPI,paid,6826.9,0.0,2024-01-22,PhonePe
M001,PAY003980,ORD001156,2024-02-06,COD,paid,7798.94,0.0,2024-02-10,Stripe
M001,PAY003981,ORD001939,2024-03-13,UPI,paid,6614.87,0.0,2024-03-18,PhonePe
M001,PAY003982,ORD008586,2024-11-20,UPI,paid,4024.81,0.0,2024-11-23,PhonePe
M001,PAY003983,ORD008780,2024-11-25,UPI,paid,1656.65,0.0,2024-11-29,Cashfree
M001,PAY003984,ORD006995,2024-10-04,Wallet,paid,6707.58,0.0,2024-10-05,Juspay
M001,PAY003985,ORD006642,2024-09-24,UPI,paid,2293.41,0.0,2024-09-25,Stripe
M001,PAY003986,ORD000521,2024-01-17,Credit Card,paid,3693.75,0.0,2024-01-18,PhonePe
M001,PAY003987,ORD009651,2024-12-20,UPI,paid,8296.72,0.0,2024-12-23,PhonePe
M001,PAY003988,ORD001784,2024-03-06,COD,paid,9807.47,0.0,2024-03-09,Cashfree
M001,PAY003989,ORD008706,2024-11-23,UPI,paid,3035.69,0.0,2024-11-28,PayU
M001,PAY003990,ORD004757,2024-07-03,Wallet,paid,4712.21,0.0,2024-07-05,Stripe
M001,PAY003991,ORD006299,2024-09-09,UPI,paid,3361.79,0.0,2024-09-14,Juspay
M001,PAY003992,ORD000010,2024-01-01,UPI,paid,6523.09,0.0,2024-01-05,Stripe
M001,PAY003993,ORD008935,2024-11-28,COD,paid,880.21,0.0,2024-11-29,Stripe
M001,PAY003994,ORD003192,2024-04-30,Credit Card,paid,7775.66,0.0,2024-05-02,Juspay
M001,PAY003995,ORD003800,2024-05-21,Debit Card,paid,8443.0,0.0,2024-05-26,PayU
M001,PAY003996,ORD009590,2024-12-17,COD,paid,8073.17,0.0,2024-12-19,Razorpay
M001,PAY003997,ORD006723,2024-09-27,COD,refunded,9872.78,3515.75,2024-10-01,PayU
M001,PAY003998,ORD002236,2024-03-25,UPI,paid,862.34,0.0,2024-03-30,Razorpay
M001,PAY003999,ORD000733,2024-01-24,Credit Card,pending,1013.21,0.0,2024-01-25,Razorpay
M001,PAY004000,ORD004370,2024-06-16,Credit Card,paid,6636.66,0.0,2024-06-21,PhonePe
M001,PAY004001,ORD009040,2024-11-30,COD,paid,5692.73,0.0,2024-12-03,PayU
M001,PAY004002,ORD005775,2024-08-17,COD,paid,7924.89,0.0,2024-08-20,PhonePe
M001,PAY004003,ORD001578,2024-02-26,COD,paid,1505.21,0.0,2024-02-28,Cashfree
M001,PAY004004,ORD004302,2024-06-11,Credit Card,paid,7683.84,0.0,2024-06-15,PayU
M001,PAY004005,ORD004066,2024-06-01,Credit Card,paid,5185.32,0.0,2024-06-04,Cashfree
M001,PAY004006,ORD007310,2024-10-13,Credit Card,paid,1938.44,0.0,2024-10-14,Razorpay
M001,PAY004007,ORD000670,2024-01-22,Credit Card,paid,6057.55,0.0,2024-01-26,PhonePe
M001,PAY004008,ORD004652,2024-06-28,Wallet,paid,2941.62,0.0,2024-07-03,Razorpay
M001,PAY004009,ORD008653,2024-11-22,UPI,paid,4159.34,0.0,2024-11-26,PhonePe
M001,PAY004010,ORD001987,2024-03-14,COD,paid,7873.16,0.0,2024-03-19,PayU
M001,PAY004011,ORD001577,2024-02-26,COD,paid,1431.46,0.0,2024-02-29,Cashfree
M001,PAY004012,ORD000030,2024-01-02,COD,paid,8170.53,0.0,2024-01-03,PhonePe
M001,PAY004013,ORD008469,2024-11-15,UPI,paid,693.06,0.0,2024-11-18,PhonePe
M001,PAY004014,ORD008488,2024-11-17,COD,paid,8096.48,0.0,2024-11-20,PayU
M001,PAY004015,ORD004477,2024-06-19,COD,failed,0.0,0.0,2024-06-19,PayU
M001,PAY004016,ORD006623,2024-09-22,COD,paid,5177.18,0.0,2024-09-27,Razorpay
M001,PAY004017,ORD006678,2024-09-25,Credit Card,paid,5163.66,0.0,2024-09-29,Razorpay
M001,PAY004018,ORD003632,2024-05-14,COD,paid,3802.66,0.0,2024-05-18,Cashfree
M001,PAY004019,ORD004311,2024-06-12,COD,paid,8068.82,0.0,2024-06-14,Stripe
M001,PAY004020,ORD002518,2024-04-05,Wallet,paid,4719.65,0.0,2024-04-08,PhonePe
M001,PAY004021,ORD008932,2024-11-28,NetBanking,paid,461.82,0.0,2024-11-30,Juspay
M001,PAY004022,ORD007580,2024-10-21,Wallet,paid,6403.28,0.0,2024-10-25,PayU
M001,PAY004023,ORD005214,2024-07-25,COD,pending,2878.96,0.0,2024-07-26,Razorpay
M001,PAY004024,ORD004117,2024-06-01,COD,paid,1624.62,0.0,2024-06-03,Cashfree
M001,PAY004025,ORD006122,2024-09-02,UPI,paid,5361.97,0.0,2024-09-05,PayU
M001,PAY004026,ORD004718,2024-06-30,COD,paid,6192.65,0.0,2024-07-02,PhonePe
M001,PAY004027,ORD006300,2024-09-08,Credit Card,paid,6096.37,0.0,2024-09-11,Razorpay
M001,PAY004028,ORD001155,2024-02-07,COD,failed,0.0,0.0,2024-02-07,Stripe
M001,PAY004029,ORD001609,2024-02-29,Wallet,paid,2712.24,0.0,2024-03-02,Cashfree
M001,PAY004030,ORD004288,2024-06-11,Credit Card,paid,3991.16,0.0,2024-06-15,PayU
M001,PAY004031,ORD000133,2024-01-04,Debit Card,paid,5412.76,0.0,2024-01-06,Razorpay
M001,PAY004032,ORD003077,2024-04-25,COD,paid,7487.64,0.0,2024-04-27,PhonePe
M001,PAY004033,ORD002024,2024-03-15,UPI,paid,3589.71,0.0,2024-03-18,PayU
M001,PAY004034,ORD004881,2024-07-09,UPI,pending,4448.38,0.0,2024-07-10,Razorpay
M001,PAY004035,ORD005645,2024-08-13,UPI,paid,3197.06,0.0,2024-08-18,Cashfree
M001,PAY004036,ORD002008,2024-03-14,COD,paid,4713.42,0.0,2024-03-19,Juspay
M001,PAY004037,ORD009923,2024-12-29,UPI,paid,3324.92,0.0,2024-12-30,PayU
M001,PAY004038,ORD009582,2024-12-18,Credit Card,paid,6111.29,0.0,2024-12-23,Juspay
M001,PAY004039,ORD000763,2024-01-24,Debit Card,paid,2205.21,0.0,2024-01-26,Stripe
M001,PAY004040,ORD004726,2024-07-01,UPI,paid,8304.99,0.0,2024-07-06,Cashfree
M001,PAY004041,ORD002988,2024-04-22,UPI,paid,7742.57,0.0,2024-04-23,Juspay
M001,PAY004042,ORD005818,2024-08-19,Credit Card,paid,3571.3,0.0,2024-08-23,Razorpay
M001,PAY004043,ORD009578,2024-12-18,COD,paid,3051.04,0.0,2024-12-19,Juspay
M001,PAY004044,ORD004874,2024-07-08,Credit Card,paid,4306.52,0.0,2024-07-11,Juspay
M001,PAY004045,ORD000664,2024-01-21,Wallet,paid,4611.92,0.0,2024-01-23,Stripe
M001,PAY004046,ORD006495,2024-09-18,UPI,paid,6328.16,0.0,2024-09-22,PayU
M001,PAY004047,ORD008340,2024-11-13,COD,paid,5212.46,0.0,2024-11-17,Razorpay
M001,PAY004048,ORD008306,2024-11-11,COD,paid,5647.21,0.0,2024-11-15,Razorpay
M001,PAY004049,ORD006525,2024-09-18,Wallet,paid,2652.07,0.0,2024-09-21,Razorpay
M001,PAY004050,ORD007095,2024-10-07,Debit Card,pending,6907.15,0.0,2024-10-08,PayU
M001,PAY004051,ORD009237,2024-12-07,COD,refunded,8735.85,2677.04,2024-12-10,Stripe
M001,PAY004052,ORD001862,2024-03-09,Credit Card,paid,1375.8,0.0,2024-03-12,Stripe
M001,PAY004053,ORD001381,2024-02-17,Credit Card,paid,4805.39,0.0,2024-02-19,Razorpay
M001,PAY004054,ORD004589,2024-06-24,COD,paid,6792.93,0.0,2024-06-27,PhonePe
M001,PAY004055,ORD007720,2024-10-26,COD,paid,3366.89,0.0,2024-10-27,PayU
M001,PAY004056,ORD002115,2024-03-20,COD,paid,8095.41,0.0,2024-03-25,PhonePe
M001,PAY004057,ORD007333,2024-10-14,Debit Card,failed,0.0,0.0,2024-10-14,Juspay
M001,PAY004058,ORD006869,2024-10-01,UPI,paid,7106.47,0.0,2024-10-02,Cashfree
M001,PAY004059,ORD003763,2024-05-20,NetBanking,paid,5828.98,0.0,2024-05-23,Razorpay
M001,PAY004060,ORD007076,2024-10-06,COD,paid,9192.63,0.0,2024-10-10,Razorpay
M001,PAY004061,ORD003390,2024-05-06,NetBanking,paid,2952.56,0.0,2024-05-11,PhonePe
M001,PAY004062,ORD003614,2024-05-15,Credit Card,paid,918.49,0.0,2024-05-20,PayU
M001,PAY004063,ORD004515,2024-06-21,UPI,paid,892.61,0.0,2024-06-24,PhonePe
M001,PAY004064,ORD001932,2024-03-12,COD,paid,3079.83,0.0,2024-03-15,PayU
M001,PAY004065,ORD003634,2024-05-14,UPI,paid,7775.88,0.0,2024-05-15,Razorpay
M001,PAY004066,ORD002138,2024-03-21,Credit Card,paid,2202.52,0.0,2024-03-24,Razorpay
M001,PAY004067,ORD004273,2024-06-09,Debit Card,refunded,2996.07,1508.31,2024-06-11,Stripe
M001,PAY004068,ORD007912,2024-11-02,COD,failed,0.0,0.0,2024-11-02,Stripe
M001,PAY004069,ORD005912,2024-08-23,UPI,paid,3744.48,0.0,2024-08-26,Juspay
M001,PAY004070,ORD003125,2024-04-27,UPI,paid,7942.92,0.0,2024-04-30,PhonePe
M001,PAY004071,ORD009277,2024-12-08,Debit Card,paid,3616.85,0.0,2024-12-09,Razorpay
M001,PAY004072,ORD003517,2024-05-10,UPI,paid,1321.11,0.0,2024-05-15,Razorpay
M001,PAY004073,ORD009122,2024-12-04,Credit Card,refunded,8380.22,1842.57,2024-12-09,Razorpay
M001,PAY004074,ORD009592,2024-12-18,UPI,failed,0.0,0.0,2024-12-18,Razorpay
M001,PAY004075,ORD007906,2024-11-01,UPI,paid,2924.64,0.0,2024-11-03,PayU
M001,PAY004076,ORD004775,2024-07-04,UPI,paid,5812.07,0.0,2024-07-07,Cashfree
M001,PAY004077,ORD001997,2024-03-15,Credit Card,paid,8754.35,0.0,2024-03-16,Cashfree
M001,PAY004078,ORD008564,2024-11-18,Debit Card,paid,8583.88,0.0,2024-11-19,Stripe
M001,PAY004079,ORD009703,2024-12-22,COD,paid,5347.67,0.0,2024-12-24,PayU
M001,PAY004080,ORD001533,2024-02-23,UPI,paid,9618.72,0.0,2024-02-26,PhonePe
M001,PAY004081,ORD007108,2024-10-08,COD,refunded,5319.53,2418.39,2024-10-12,Juspay
M001,PAY004082,ORD000325,2024-01-11,COD,paid,979.86,0.0,2024-01-12,PayU
M001,PAY004083,ORD004318,2024-06-12,Debit Card,paid,1946.38,0.0,2024-06-17,Juspay
M001,PAY004084,ORD009423,2024-12-12,COD,paid,6592.93,0.0,2024-12-14,PayU
M001,PAY004085,ORD009356,2024-12-10,Credit Card,refunded,5011.48,1136.63,2024-12-11,Juspay
M001,PAY004086,ORD006452,2024-09-16,COD,paid,2224.73,0.0,2024-09-21,Stripe
M001,PAY004087,ORD005485,2024-08-06,UPI,paid,957.86,0.0,2024-08-11,PhonePe
M001,PAY004088,ORD001126,2024-02-06,NetBanking,failed,0.0,0.0,2024-02-06,Razorpay
M001,PAY004089,ORD007315,2024-10-14,Debit Card,paid,9361.8,0.0,2024-10-16,Razorpay
M001,PAY004090,ORD009814,2024-12-25,UPI,paid,658.64,0.0,2024-12-27,Cashfree
M001,PAY004091,ORD005162,2024-07-24,Debit Card,paid,3467.89,0.0,2024-07-28,Razorpay
M001,PAY004092,ORD002990,2024-04-22,Debit Card,refunded,4397.45,4226.51,2024-04-23,PayU
M001,PAY004093,ORD006929,2024-10-02,UPI,paid,3950.59,0.0,2024-10-06,Razorpay
M001,PAY004094,ORD004569,2024-06-23,Debit Card,paid,2946.82,0.0,2024-06-24,PayU
M001,PAY004095,ORD002718,2024-04-12,Credit Card,paid,477.45,0.0,2024-04-17,Cashfree
M001,PAY004096,ORD003101,2024-04-26,Debit Card,paid,7777.06,0.0,2024-04-30,PhonePe
M001,PAY004097,ORD001085,2024-02-04,Wallet,failed,0.0,0.0,2024-02-04,Stripe
M001,PAY004098,ORD002475,2024-04-03,COD,paid,4385.38,0.0,2024-04-08,Razorpay
M001,PAY004099,ORD004875,2024-07-08,UPI,paid,3524.15,0.0,2024-07-10,Razorpay
M001,PAY004100,ORD000166,2024-01-05,COD,paid,4608.5,0.0,2024-01-07,PayU
M001,PAY004101,ORD005391,2024-08-02,UPI,paid,611.27,0.0,2024-08-05,Cashfree
M001,PAY004102,ORD003264,2024-05-02,Debit Card,paid,6129.15,0.0,2024-05-06,Juspay
M001,PAY004103,ORD007889,2024-10-31,Credit Card,paid,5587.36,0.0,2024-11-04,PhonePe
M001,PAY004104,ORD003790,2024-05-20,COD,paid,7020.89,0.0,2024-05-22,Stripe
M001,PAY004105,ORD000364,2024-01-12,Wallet,paid,9360.2,0.0,2024-01-14,Stripe
M001,PAY004106,ORD005339,2024-08-01,Credit Card,paid,2093.58,0.0,2024-08-05,Razorpay
M001,PAY004107,ORD001335,2024-02-14,UPI,paid,4482.71,0.0,2024-02-15,Juspay
M001,PAY004108,ORD006521,2024-09-18,COD,paid,10007.37,0.0,2024-09-19,Cashfree
M001,PAY004109,ORD009321,2024-12-10,Debit Card,paid,3180.05,0.0,2024-12-14,Razorpay
M001,PAY004110,ORD008260,2024-11-11,COD,paid,8767.76,0.0,2024-11-14,PhonePe
M001,PAY004111,ORD008660,2024-11-22,UPI,refunded,4871.18,2212.74,2024-11-27,Juspay
M001,PAY004112,ORD008914,2024-11-28,UPI,paid,3993.8,0.0,2024-12-03,Cashfree
M001,PAY004113,ORD000375,2024-01-12,UPI,pending,698.37,0.0,2024-01-13,PayU
M001,PAY004114,ORD008229,2024-11-09,UPI,paid,1628.85,0.0,2024-11-13,PhonePe
M001,PAY004115,ORD004339,2024-06-14,Debit Card,paid,5488.05,0.0,2024-06-16,Razorpay
M001,PAY004116,ORD005224,2024-07-27,Debit Card,paid,1283.04,0.0,2024-07-29,Cashfree
M001,PAY004117,ORD002330,2024-03-28,UPI,pending,6608.76,0.0,2024-03-29,Cashfree
M001,PAY004118,ORD003726,2024-05-19,UPI,paid,9351.73,0.0,2024-05-23,Cashfree
M001,PAY004119,ORD004291,2024-06-11,COD,paid,6589.5,0.0,2024-06-13,PayU
M001,PAY004120,ORD009107,2024-12-04,UPI,paid,6391.9,0.0,2024-12-06,Stripe
M001,PAY004121,ORD001889,2024-03-11,UPI,refunded,6183.25,989.8,2024-03-14,Cashfree
M001,PAY004122,ORD001337,2024-02-15,UPI,paid,5635.47,0.0,2024-02-18,Juspay
M001,PAY004123,ORD006659,2024-09-24,NetBanking,paid,6214.71,0.0,2024-09-29,PayU
M001,PAY004124,ORD008387,2024-11-13,NetBanking,paid,840.85,0.0,2024-11-14,Razorpay
M001,PAY004125,ORD003127,2024-04-26,Wallet,paid,3362.91,0.0,2024-04-28,Juspay
M001,PAY004126,ORD003602,2024-05-14,Debit Card,failed,0.0,0.0,2024-05-14,PayU
M001,PAY004127,ORD002266,2024-03-25,UPI,paid,2997.9,0.0,2024-03-30,PhonePe
M001,PAY004128,ORD006183,2024-09-04,Credit Card,paid,4558.68,0.0,2024-09-05,Stripe
M001,PAY004129,ORD000707,2024-01-23,COD,paid,1457.33,0.0,2024-01-25,Razorpay
M001,PAY004130,ORD005870,2024-08-21,COD,paid,685.48,0.0,2024-08-26,Cashfree
M001,PAY004131,ORD003176,2024-04-28,Credit Card,paid,6239.38,0.0,2024-04-29,Razorpay
M001,PAY004132,ORD007940,2024-11-01,Debit Card,paid,7745.52,0.0,2024-11-06,Razorpay
M001,PAY004133,ORD009455,2024-12-14,UPI,paid,9001.53,0.0,2024-12-19,Stripe
M001,PAY004134,ORD009988,2024-12-31,UPI,paid,10192.68,0.0,2025-01-01,Stripe
M001,PAY004135,ORD000355,2024-01-11,COD,paid,4194.69,0.0,2024-01-16,Cashfree
M001,PAY004136,ORD008379,2024-11-14,UPI,paid,5224.37,0.0,2024-11-19,Stripe
M001,PAY004137,ORD007155,2024-10-10,Wallet,refunded,3047.88,2172.36,2024-10-13,Cashfree
M001,PAY004138,ORD008972,2024-11-29,UPI,paid,6512.22,0.0,2024-11-30,Juspay
M001,PAY004139,ORD003556,2024-05-12,Wallet,paid,4829.56,0.0,2024-05-17,Juspay
M001,PAY004140,ORD001923,2024-03-11,Credit Card,refunded,5065.14,4928.42,2024-03-14,Cashfree
M001,PAY004141,ORD006544,2024-09-19,Credit Card,paid,1692.1,0.0,2024-09-23,PhonePe
M001,PAY004142,ORD007512,2024-10-20,COD,paid,620.92,0.0,2024-10-25,Stripe
M001,PAY004143,ORD002118,2024-03-20,Debit Card,paid,7005.67,0.0,2024-03-24,PhonePe
M001,PAY004144,ORD002237,2024-03-24,Wallet,paid,4431.62,0.0,2024-03-28,Cashfree
M001,PAY004145,ORD000560,2024-01-18,Debit Card,refunded,989.04,250.95,2024-01-20,PayU
M001,PAY004146,ORD000903,2024-01-29,Credit Card,paid,1393.73,0.0,2024-01-30,Razorpay
M001,PAY004147,ORD009701,2024-12-22,Credit Card,paid,580.26,0.0,2024-12-24,Razorpay
M001,PAY004148,ORD003836,2024-05-22,COD,paid,7947.57,0.0,2024-05-24,Juspay
M001,PAY004149,ORD006961,2024-10-04,COD,paid,7548.23,0.0,2024-10-07,Razorpay
M001,PAY004150,ORD006374,2024-09-12,UPI,paid,4067.19,0.0,2024-09-17,PayU
M001,PAY004151,ORD000153,2024-01-06,UPI,pending,7172.11,0.0,2024-01-07,Cashfree
M001,PAY004152,ORD006618,2024-09-22,UPI,paid,1455.23,0.0,2024-09-27,Razorpay
M001,PAY004153,ORD005158,2024-07-23,UPI,paid,1972.25,0.0,2024-07-27,PhonePe
M001,PAY004154,ORD001801,2024-03-06,UPI,paid,1215.01,0.0,2024-03-08,Cashfree
M001,PAY004155,ORD007190,2024-10-10,COD,paid,5046.13,0.0,2024-10-14,Stripe
M001,PAY004156,ORD006086,2024-08-31,UPI,refunded,8491.55,1982.37,2024-09-02,Razorpay
M001,PAY004157,ORD008112,2024-11-07,Credit Card,paid,2280.4,0.0,2024-11-12,Cashfree
M001,PAY004158,ORD004481,2024-06-19,COD,paid,4291.66,0.0,2024-06-24,Cashfree
M001,PAY004159,ORD001197,2024-02-07,COD,paid,1924.97,0.0,2024-02-09,Razorpay
M001,PAY004160,ORD003167,2024-04-29,COD,paid,1581.01,0.0,2024-05-02,PayU
M001,PAY004161,ORD006119,2024-09-02,COD,refunded,1035.36,412.24,2024-09-03,Stripe
M001,PAY004162,ORD006482,2024-09-18,Credit Card,refunded,675.2,189.79,2024-09-21,Razorpay
M001,PAY004163,ORD007914,2024-11-01,UPI,paid,1309.65,0.0,2024-11-02,Cashfree
M001,PAY004164,ORD000291,2024-01-10,COD,paid,5702.28,0.0,2024-01-12,Juspay
M001,PAY004165,ORD003368,2024-05-04,Debit Card,paid,2170.34,0.0,2024-05-05,Cashfree
M001,PAY004166,ORD000250,2024-01-09,COD,paid,1679.76,0.0,2024-01-14,PhonePe
M001,PAY004167,ORD003630,2024-05-14,Credit Card,paid,1786.51,0.0,2024-05-18,Juspay
M001,PAY004168,ORD009585,2024-12-17,COD,pending,4297.41,0.0,2024-12-19,Cashfree
M001,PAY004169,ORD001875,2024-03-09,Debit Card,paid,3473.17,0.0,2024-03-11,Razorpay
M001,PAY004170,ORD008386,2024-11-14,NetBanking,refunded,9591.68,8660.48,2024-11-19,Stripe
M001,PAY004171,ORD004873,2024-07-08,COD,paid,4680.14,0.0,2024-07-12,Razorpay
M001,PAY004172,ORD005066,2024-07-19,COD,paid,941.9,0.0,2024-07-22,Stripe
M001,PAY004173,ORD009999,2024-12-31,UPI,paid,9331.71,0.0,2025-01-04,Juspay
M001,PAY004174,ORD002063,2024-03-18,Credit Card,paid,8556.21,0.0,2024-03-21,PayU
M001,PAY004175,ORD007858,2024-10-31,COD,paid,1826.68,0.0,2024-11-03,Stripe
M001,PAY004176,ORD009192,2024-12-05,UPI,paid,972.0,0.0,2024-12-09,Cashfree
M001,PAY004177,ORD004019,2024-05-30,COD,paid,9038.26,0.0,2024-05-31,PhonePe
M001,PAY004178,ORD001032,2024-02-01,Credit Card,paid,7189.3,0.0,2024-02-04,Razorpay
M001,PAY004179,ORD009203,2024-12-06,COD,paid,6784.09,0.0,2024-12-11,Cashfree
M001,PAY004180,ORD007394,2024-10-15,Credit Card,paid,1872.89,0.0,2024-10-17,Juspay
M001,PAY004181,ORD006519,2024-09-19,COD,paid,3413.52,0.0,2024-09-24,Cashfree
M001,PAY004182,ORD006706,2024-09-26,UPI,paid,7858.75,0.0,2024-09-27,PhonePe
M001,PAY004183,ORD002539,2024-04-05,COD,paid,6133.18,0.0,2024-04-09,Razorpay
M001,PAY004184,ORD002509,2024-04-05,UPI,paid,2405.01,0.0,2024-04-06,PayU
M001,PAY004185,ORD009735,2024-12-22,UPI,paid,7812.94,0.0,2024-12-23,Razorpay
M001,PAY004186,ORD007301,2024-10-13,NetBanking,paid,5938.71,0.0,2024-10-15,Stripe
M001,PAY004187,ORD002749,2024-04-12,Wallet,paid,5098.55,0.0,2024-04-13,Stripe
M001,PAY004188,ORD002394,2024-04-01,Credit Card,paid,2758.89,0.0,2024-04-04,PhonePe
M001,PAY004189,ORD004059,2024-05-30,COD,paid,5330.82,0.0,2024-06-02,Razorpay
M001,PAY004190,ORD002934,2024-04-20,UPI,paid,4213.55,0.0,2024-04-21,Stripe
M001,PAY004191,ORD003949,2024-05-27,Debit Card,paid,10574.16,0.0,2024-05-31,Razorpay
M001,PAY004192,ORD003459,2024-05-09,COD,paid,5351.32,0.0,2024-05-12,Cashfree
M001,PAY004193,ORD009884,2024-12-28,Debit Card,paid,10634.63,0.0,2025-01-01,Stripe
M001,PAY004194,ORD001724,2024-03-03,COD,paid,6639.2,0.0,2024-03-08,Juspay
M001,PAY004195,ORD009021,2024-12-01,UPI,failed,0.0,0.0,2024-12-01,PayU
M001,PAY004196,ORD001349,2024-02-15,COD,paid,2858.78,0.0,2024-02-18,PhonePe
M001,PAY004197,ORD006432,2024-09-16,UPI,paid,4395.52,0.0,2024-09-20,Razorpay
M001,PAY004198,ORD009893,2024-12-27,UPI,paid,3568.68,0.0,2024-12-31,Razorpay
M001,PAY004199,ORD004733,2024-07-01,NetBanking,paid,6892.98,0.0,2024-07-06,Juspay
M001,PAY004200,ORD009859,2024-12-26,Debit Card,paid,4698.56,0.0,2024-12-28,Cashfree
M001,PAY004201,ORD008582,2024-11-19,Debit Card,paid,7349.52,0.0,2024-11-22,Cashfree
M001,PAY004202,ORD007688,2024-10-25,COD,paid,9164.36,0.0,2024-10-30,Stripe
M001,PAY004203,ORD006810,2024-09-30,UPI,paid,1877.13,0.0,2024-10-04,Cashfree
M001,PAY004204,ORD004454,2024-06-19,UPI,paid,3623.93,0.0,2024-06-20,Razorpay
M001,PAY004205,ORD004806,2024-07-06,Credit Card,paid,8484.29,0.0,2024-07-07,Razorpay
M001,PAY004206,ORD006327,2024-09-09,Credit Card,failed,0.0,0.0,2024-09-09,Stripe
M001,PAY004207,ORD003908,2024-05-25,UPI,paid,2681.03,0.0,2024-05-27,Juspay
M001,PAY004208,ORD004483,2024-06-19,Wallet,paid,3625.69,0.0,2024-06-23,Juspay
M001,PAY004209,ORD001128,2024-02-06,Credit Card,paid,735.4,0.0,2024-02-09,PayU
M001,PAY004210,ORD000002,2024-01-01,COD,paid,1469.82,0.0,2024-01-02,Juspay
M001,PAY004211,ORD004587,2024-06-24,COD,paid,6900.05,0.0,2024-06-25,Razorpay
M001,PAY004212,ORD006242,2024-09-06,COD,paid,2521.5,0.0,2024-09-11,PhonePe
M001,PAY004213,ORD000269,2024-01-08,COD,paid,5235.51,0.0,2024-01-09,PayU
M001,PAY004214,ORD008927,2024-11-27,UPI,refunded,8859.7,5296.97,2024-11-28,Stripe
M001,PAY004215,ORD006595,2024-09-21,COD,paid,491.91,0.0,2024-09-26,Stripe
M001,PAY004216,ORD009420,2024-12-12,COD,paid,5571.37,0.0,2024-12-15,Razorpay
M001,PAY004217,ORD005911,2024-08-23,Wallet,paid,1129.5,0.0,2024-08-24,Razorpay
M001,PAY004218,ORD007154,2024-10-09,Credit Card,paid,5433.18,0.0,2024-10-13,PayU
M001,PAY004219,ORD009727,2024-12-23,UPI,paid,4510.57,0.0,2024-12-28,Juspay
M001,PAY004220,ORD006738,2024-09-27,COD,pending,5966.04,0.0,2024-09-28,Razorpay
M001,PAY004221,ORD001035,2024-02-02,Wallet,paid,7356.91,0.0,2024-02-07,Cashfree
M001,PAY004222,ORD003367,2024-05-05,NetBanking,paid,1909.32,0.0,2024-05-07,Razorpay
M001,PAY004223,ORD007714,2024-10-26,UPI,paid,4917.92,0.0,2024-10-29,Juspay
M001,PAY004224,ORD004931,2024-07-12,UPI,paid,6401.03,0.0,2024-07-17,Razorpay
M001,PAY004225,ORD002674,2024-04-10,COD,paid,6598.52,0.0,2024-04-11,Razorpay
M001,PAY004226,ORD003397,2024-05-06,NetBanking,paid,2796.41,0.0,2024-05-09,Juspay
M001,PAY004227,ORD000057,2024-01-03,Debit Card,paid,8586.86,0.0,2024-01-05,Juspay
M001,PAY004228,ORD001364,2024-02-16,UPI,paid,1555.85,0.0,2024-02-20,Juspay
M001,PAY004229,ORD005075,2024-07-18,COD,paid,3597.97,0.0,2024-07-20,Razorpay
M001,PAY004230,ORD007246,2024-10-11,UPI,paid,8195.0,0.0,2024-10-16,PayU
M001,PAY004231,ORD003136,2024-04-27,UPI,failed,0.0,0.0,2024-04-27,Juspay
M001,PAY004232,ORD007070,2024-10-06,NetBanking,paid,6300.07,0.0,2024-10-10,PayU
M001,PAY004233,ORD004232,2024-06-07,COD,paid,4906.78,0.0,2024-06-09,PayU
M001,PAY004234,ORD002816,2024-04-15,Credit Card,paid,5240.83,0.0,2024-04-16,Cashfree
M001,PAY004235,ORD002096,2024-03-18,Credit Card,paid,2483.75,0.0,2024-03-19,Juspay
M001,PAY004236,ORD008521,2024-11-18,UPI,paid,3605.11,0.0,2024-11-21,Juspay
M001,PAY004237,ORD009444,2024-12-14,COD,paid,5916.45,0.0,2024-12-18,Cashfree
M001,PAY004238,ORD003369,2024-05-05,Credit Card,paid,5896.07,0.0,2024-05-08,Juspay
M001,PAY004239,ORD009989,2024-12-30,UPI,paid,6601.62,0.0,2025-01-02,PayU
M001,PAY004240,ORD007730,2024-10-27,COD,failed,0.0,0.0,2024-10-27,PayU
M001,PAY004241,ORD001669,2024-03-02,COD,paid,5430.08,0.0,2024-03-05,Juspay
M001,PAY004242,ORD007266,2024-10-13,COD,failed,0.0,0.0,2024-10-13,Stripe
M001,PAY004243,ORD000046,2024-01-03,UPI,paid,6691.67,0.0,2024-01-06,Stripe
M001,PAY004244,ORD007635,2024-10-24,UPI,paid,6545.08,0.0,2024-10-26,Razorpay
M001,PAY004245,ORD002445,2024-04-02,UPI,paid,9080.87,0.0,2024-04-06,PhonePe
M001,PAY004246,ORD006022,2024-08-29,Debit Card,paid,8380.44,0.0,2024-08-31,PayU
M001,PAY004247,ORD002386,2024-04-01,UPI,paid,9846.31,0.0,2024-04-02,Stripe
M001,PAY004248,ORD003522,2024-05-10,Wallet,paid,3587.8,0.0,2024-05-15,Stripe
M001,PAY004249,ORD003118,2024-04-26,UPI,paid,5895.46,0.0,2024-04-27,PayU
M001,PAY004250,ORD000728,2024-01-24,COD,pending,483.36,0.0,2024-01-25,PhonePe
M001,PAY004251,ORD003280,2024-05-01,COD,paid,7718.83,0.0,2024-05-05,Razorpay
M001,PAY004252,ORD004867,2024-07-08,UPI,paid,877.23,0.0,2024-07-13,Cashfree
M001,PAY004253,ORD006393,2024-09-13,Credit Card,paid,4446.04,0.0,2024-09-14,PayU
M001,PAY004254,ORD004099,2024-06-02,COD,paid,3034.0,0.0,2024-06-04,PayU
M001,PAY004255,ORD004067,2024-06-01,Debit Card,paid,7340.05,0.0,2024-06-06,Razorpay
M001,PAY004256,ORD008123,2024-11-07,UPI,refunded,5981.67,2079.83,2024-11-10,PhonePe
M001,PAY004257,ORD002702,2024-04-12,UPI,paid,6587.62,0.0,2024-04-16,PhonePe
M001,PAY004258,ORD008705,2024-11-23,Debit Card,paid,3658.18,0.0,2024-11-27,PhonePe
M001,PAY004259,ORD005050,2024-07-17,COD,paid,6109.44,0.0,2024-07-21,PhonePe
M001,PAY004260,ORD004022,2024-05-29,Wallet,paid,8659.63,0.0,2024-06-02,Juspay
M001,PAY004261,ORD007366,2024-10-15,COD,paid,3452.55,0.0,2024-10-16,PhonePe
M001,PAY004262,ORD001455,2024-02-20,UPI,paid,4561.37,0.0,2024-02-25,Cashfree
M001,PAY004263,ORD003327,2024-05-03,NetBanking,failed,0.0,0.0,2024-05-03,Juspay
M001,PAY004264,ORD005920,2024-08-23,UPI,refunded,3286.39,669.06,2024-08-25,Razorpay
M001,PAY004265,ORD003465,2024-05-10,Credit Card,paid,3142.6,0.0,2024-05-14,Razorpay
M001,PAY004266,ORD006855,2024-10-02,COD,pending,1933.03,0.0,2024-10-04,Stripe
M001,PAY004267,ORD009149,2024-12-04,UPI,paid,8415.61,0.0,2024-12-05,PhonePe
M001,PAY004268,ORD004554,2024-06-23,Wallet,failed,0.0,0.0,2024-06-23,Cashfree
M001,PAY004269,ORD000285,2024-01-10,COD,refunded,7357.18,3431.79,2024-01-14,Stripe
M001,PAY004270,ORD007529,2024-10-20,Credit Card,paid,1979.96,0.0,2024-10-21,Stripe
M001,PAY004271,ORD005381,2024-08-02,Credit Card,paid,1735.08,0.0,2024-08-07,PayU
M001,PAY004272,ORD003270,2024-05-02,Wallet,refunded,7613.85,2048.45,2024-05-05,PhonePe
M001,PAY004273,ORD003105,2024-04-25,COD,paid,1165.85,0.0,2024-04-30,Cashfree
M001,PAY004274,ORD008529,2024-11-17,NetBanking,refunded,1084.22,342.43,2024-11-20,PhonePe
M001,PAY004275,ORD006310,2024-09-10,Debit Card,paid,8515.85,0.0,2024-09-15,PhonePe
M001,PAY004276,ORD005893,2024-08-22,UPI,paid,1407.97,0.0,2024-08-27,Cashfree
M001,PAY004277,ORD000341,2024-01-12,COD,paid,4989.64,0.0,2024-01-13,PhonePe
M001,PAY004278,ORD005653,2024-08-13,Credit Card,paid,2636.94,0.0,2024-08-16,PayU
M001,PAY004279,ORD009943,2024-12-30,UPI,failed,0.0,0.0,2024-12-30,Cashfree
M001,PAY004280,ORD008592,2024-11-20,Credit Card,paid,6705.05,0.0,2024-11-21,Stripe
M001,PAY004281,ORD007548,2024-10-21,COD,paid,642.19,0.0,2024-10-24,Cashfree
M001,PAY004282,ORD000567,2024-01-18,Credit Card,failed,0.0,0.0,2024-01-18,PhonePe
M001,PAY004283,ORD008939,2024-11-29,COD,paid,6516.57,0.0,2024-12-01,PhonePe
M001,PAY004284,ORD006007,2024-08-27,Debit Card,paid,1195.22,0.0,2024-08-30,Cashfree
M001,PAY004285,ORD001206,2024-02-09,COD,paid,5300.97,0.0,2024-02-12,Juspay
M001,PAY004286,ORD007114,2024-10-07,COD,paid,5213.64,0.0,2024-10-09,Razorpay
M001,PAY004287,ORD001278,2024-02-11,COD,paid,9889.61,0.0,2024-02-15,Stripe
M001,PAY004288,ORD008147,2024-11-08,COD,paid,3020.63,0.0,2024-11-11,Cashfree
M001,PAY004289,ORD006982,2024-10-04,Credit Card,paid,2860.41,0.0,2024-10-06,Razorpay
M001,PAY004290,ORD009007,2024-11-30,UPI,paid,6473.02,0.0,2024-12-01,PayU
M001,PAY004291,ORD005734,2024-08-16,COD,paid,3294.3,0.0,2024-08-17,Juspay
M001,PAY004292,ORD009898,2024-12-27,COD,refunded,1659.95,1118.05,2024-12-31,Cashfree
M001,PAY004293,ORD007623,2024-10-23,NetBanking,paid,10694.9,0.0,2024-10-27,PhonePe
M001,PAY004294,ORD001125,2024-02-06,COD,pending,8050.4,0.0,2024-02-08,Juspay
M001,PAY004295,ORD006793,2024-09-28,COD,paid,4871.31,0.0,2024-09-30,PayU
M001,PAY004296,ORD004925,2024-07-12,UPI,paid,8829.26,0.0,2024-07-14,PhonePe
M001,PAY004297,ORD004279,2024-06-10,Debit Card,paid,6395.01,0.0,2024-06-12,Cashfree
M001,PAY004298,ORD005031,2024-07-17,COD,failed,0.0,0.0,2024-07-17,PayU
M001,PAY004299,ORD005507,2024-08-07,COD,paid,2839.09,0.0,2024-08-09,PayU
M001,PAY004300,ORD008883,2024-11-27,NetBanking,paid,3405.58,0.0,2024-11-28,PhonePe
M001,PAY004301,ORD003974,2024-05-28,COD,failed,0.0,0.0,2024-05-28,PayU
M001,PAY004302,ORD007784,2024-10-28,Debit Card,paid,4035.63,0.0,2024-11-02,Juspay
M001,PAY004303,ORD005785,2024-08-18,Debit Card,paid,9890.36,0.0,2024-08-19,PayU
M001,PAY004304,ORD003812,2024-05-22,COD,paid,4306.05,0.0,2024-05-26,Razorpay
M001,PAY004305,ORD001571,2024-02-26,UPI,paid,9282.01,0.0,2024-02-28,Cashfree
M001,PAY004306,ORD004345,2024-06-14,UPI,paid,11585.44,0.0,2024-06-16,Stripe
M001,PAY004307,ORD003242,2024-04-30,UPI,pending,5496.71,0.0,2024-05-01,Razorpay
M001,PAY004308,ORD006667,2024-09-25,COD,paid,5776.68,0.0,2024-09-26,Stripe
M001,PAY004309,ORD004410,2024-06-17,COD,paid,571.58,0.0,2024-06-18,PhonePe
M001,PAY004310,ORD000800,2024-01-25,Credit Card,paid,6716.87,0.0,2024-01-27,PhonePe
M001,PAY004311,ORD007844,2024-10-30,NetBanking,paid,4462.7,0.0,2024-10-31,PayU
M001,PAY004312,ORD003511,2024-05-11,UPI,paid,6799.05,0.0,2024-05-13,Juspay
M001,PAY004313,ORD006045,2024-08-30,COD,paid,5025.75,0.0,2024-08-31,Cashfree
M001,PAY004314,ORD008925,2024-11-28,Credit Card,failed,0.0,0.0,2024-11-28,PayU
M001,PAY004315,ORD003904,2024-05-25,UPI,refunded,10255.72,9240.05,2024-05-28,PayU
M001,PAY004316,ORD002562,2024-04-07,Wallet,paid,7927.43,0.0,2024-04-11,Razorpay
M001,PAY004317,ORD009515,2024-12-15,UPI,paid,6989.57,0.0,2024-12-16,Cashfree
M001,PAY004318,ORD006418,2024-09-15,UPI,paid,3209.04,0.0,2024-09-18,Stripe
M001,PAY004319,ORD004642,2024-06-27,Debit Card,paid,1860.78,0.0,2024-06-29,Cashfree
M001,PAY004320,ORD004861,2024-07-08,Credit Card,pending,5512.89,0.0,2024-07-09,Cashfree
M001,PAY004321,ORD004590,2024-06-25,NetBanking,paid,5406.55,0.0,2024-06-27,PayU
M001,PAY004322,ORD007286,2024-10-13,COD,pending,10477.44,0.0,2024-10-14,Stripe
M001,PAY004323,ORD003004,2024-04-21,COD,paid,1327.38,0.0,2024-04-22,PayU
M001,PAY004324,ORD005948,2024-08-26,Credit Card,paid,1712.68,0.0,2024-08-27,PhonePe
M001,PAY004325,ORD001091,2024-02-03,Wallet,paid,495.7,0.0,2024-02-05,Stripe
M001,PAY004326,ORD004492,2024-06-19,Wallet,paid,8223.66,0.0,2024-06-22,Cashfree
M001,PAY004327,ORD000958,2024-01-31,Credit Card,paid,2389.54,0.0,2024-02-01,Stripe
M001,PAY004328,ORD005270,2024-07-29,Credit Card,paid,989.28,0.0,2024-07-30,PayU
M001,PAY004329,ORD006485,2024-09-17,COD,pending,9224.36,0.0,2024-09-18,PhonePe
M001,PAY004330,ORD006539,2024-09-19,UPI,paid,6590.11,0.0,2024-09-24,Cashfree
M001,PAY004331,ORD001376,2024-02-17,NetBanking,paid,7334.35,0.0,2024-02-21,Stripe
M001,PAY004332,ORD002817,2024-04-15,COD,paid,4158.16,0.0,2024-04-16,PhonePe
M001,PAY004333,ORD009636,2024-12-19,COD,paid,3043.41,0.0,2024-12-24,PayU
M001,PAY004334,ORD003161,2024-04-28,COD,pending,7879.03,0.0,2024-04-29,Cashfree
M001,PAY004335,ORD008094,2024-11-06,UPI,failed,0.0,0.0,2024-11-06,PayU
M001,PAY004336,ORD008424,2024-11-15,COD,paid,7533.69,0.0,2024-11-20,PhonePe
M001,PAY004337,ORD007374,2024-10-16,COD,paid,5294.69,0.0,2024-10-21,Cashfree
M001,PAY004338,ORD008077,2024-11-05,Wallet,paid,5761.76,0.0,2024-11-06,Juspay
M001,PAY004339,ORD002956,2024-04-20,COD,paid,7624.78,0.0,2024-04-25,Juspay
M001,PAY004340,ORD006959,2024-10-03,COD,paid,3529.84,0.0,2024-10-06,PhonePe
M001,PAY004341,ORD000810,2024-01-27,Debit Card,paid,2301.51,0.0,2024-01-31,Razorpay
M001,PAY004342,ORD006163,2024-09-03,COD,paid,3170.25,0.0,2024-09-07,PhonePe
M001,PAY004343,ORD000233,2024-01-07,NetBanking,paid,933.16,0.0,2024-01-09,Razorpay
M001,PAY004344,ORD003864,2024-05-24,COD,pending,3126.48,0.0,2024-05-25,PayU
M001,PAY004345,ORD002181,2024-03-22,COD,paid,11024.18,0.0,2024-03-27,Razorpay
M001,PAY004346,ORD000785,2024-01-26,COD,paid,890.64,0.0,2024-01-29,PhonePe
M001,PAY004347,ORD003732,2024-05-18,COD,paid,1541.46,0.0,2024-05-22,Juspay
M001,PAY004348,ORD007800,2024-10-29,Debit Card,refunded,1483.34,184.83,2024-11-03,Juspay
M001,PAY004349,ORD007118,2024-10-07,UPI,paid,1940.42,0.0,2024-10-09,Stripe
M001,PAY004350,ORD007024,2024-10-05,NetBanking,paid,5261.56,0.0,2024-10-06,Razorpay
M001,PAY004351,ORD009866,2024-12-27,COD,paid,8092.86,0.0,2024-12-28,PhonePe
M001,PAY004352,ORD008072,2024-11-05,Debit Card,paid,6223.27,0.0,2024-11-10,Juspay
M001,PAY004353,ORD003078,2024-04-25,COD,paid,4703.0,0.0,2024-04-30,PayU
M001,PAY004354,ORD000528,2024-01-17,COD,refunded,5572.15,2148.22,2024-01-20,Juspay
M001,PAY004355,ORD006169,2024-09-03,Wallet,paid,5673.11,0.0,2024-09-06,Razorpay
M001,PAY004356,ORD007368,2024-10-16,Credit Card,paid,6097.86,0.0,2024-10-18,Cashfree
M001,PAY004357,ORD002943,2024-04-20,COD,paid,3232.49,0.0,2024-04-21,Cashfree
M001,PAY004358,ORD001024,2024-02-02,UPI,paid,6659.09,0.0,2024-02-06,Cashfree
M001,PAY004359,ORD000922,2024-01-29,UPI,failed,0.0,0.0,2024-01-29,Juspay
M001,PAY004360,ORD006766,2024-09-27,COD,paid,5314.55,0.0,2024-09-28,PayU
M001,PAY004361,ORD007810,2024-10-29,UPI,paid,10092.25,0.0,2024-10-31,PhonePe
M001,PAY004362,ORD001378,2024-02-16,UPI,paid,3326.33,0.0,2024-02-20,Stripe
M001,PAY004363,ORD005798,2024-08-19,Wallet,paid,1321.67,0.0,2024-08-24,Stripe
M001,PAY004364,ORD001167,2024-02-07,Debit Card,paid,9412.23,0.0,2024-02-11,Cashfree
M001,PAY004365,ORD008744,2024-11-24,Wallet,paid,4732.23,0.0,2024-11-27,PayU
M001,PAY004366,ORD001064,2024-02-02,Wallet,refunded,5378.05,3591.3,2024-02-07,Cashfree
M001,PAY004367,ORD007885,2024-11-01,COD,paid,5698.43,0.0,2024-11-02,PayU
M001,PAY004368,ORD008816,2024-11-25,Credit Card,paid,6306.45,0.0,2024-11-29,PayU
M001,PAY004369,ORD004909,2024-07-11,COD,paid,5354.02,0.0,2024-07-14,PhonePe
M001,PAY004370,ORD005140,2024-07-22,COD,paid,3516.29,0.0,2024-07-24,Juspay
M001,PAY004371,ORD009765,2024-12-23,UPI,paid,1746.24,0.0,2024-12-28,Stripe
M001,PAY004372,ORD001950,2024-03-12,COD,paid,7737.64,0.0,2024-03-16,Cashfree
M001,PAY004373,ORD002274,2024-03-26,UPI,paid,7686.48,0.0,2024-03-28,Cashfree
M001,PAY004374,ORD000462,2024-01-14,COD,paid,4216.2,0.0,2024-01-17,Juspay
M001,PAY004375,ORD000866,2024-01-27,COD,paid,2361.93,0.0,2024-01-28,Juspay
M001,PAY004376,ORD003308,2024-05-02,COD,paid,1628.52,0.0,2024-05-06,Juspay
M001,PAY004377,ORD006217,2024-09-05,Debit Card,paid,4788.97,0.0,2024-09-07,Cashfree
M001,PAY004378,ORD001012,2024-02-01,UPI,paid,1882.32,0.0,2024-02-04,Juspay
M001,PAY004379,ORD004150,2024-06-03,Credit Card,paid,1641.64,0.0,2024-06-07,Juspay
M001,PAY004380,ORD004234,2024-06-07,UPI,paid,7842.65,0.0,2024-06-09,PhonePe
M001,PAY004381,ORD000975,2024-01-31,NetBanking,failed,0.0,0.0,2024-01-31,Stripe
M001,PAY004382,ORD002487,2024-04-04,UPI,paid,6288.67,0.0,2024-04-05,Razorpay
M001,PAY004383,ORD006143,2024-09-02,COD,paid,4900.55,0.0,2024-09-04,Razorpay
M001,PAY004384,ORD002666,2024-04-11,UPI,refunded,5504.04,3564.1,2024-04-12,Stripe
M001,PAY004385,ORD002793,2024-04-14,UPI,paid,8987.03,0.0,2024-04-19,Cashfree
M001,PAY004386,ORD007799,2024-10-28,Credit Card,paid,7093.32,0.0,2024-10-30,Juspay
M001,PAY004387,ORD002528,2024-04-05,COD,paid,9217.33,0.0,2024-04-07,PayU
M001,PAY004388,ORD005195,2024-07-26,COD,pending,3586.8,0.0,2024-07-27,Stripe
M001,PAY004389,ORD007405,2024-10-16,UPI,paid,1966.59,0.0,2024-10-18,Cashfree
M001,PAY004390,ORD000263,2024-01-09,NetBanking,paid,6161.62,0.0,2024-01-11,PhonePe
M001,PAY004391,ORD004039,2024-05-30,COD,paid,4746.51,0.0,2024-06-01,Stripe
M001,PAY004392,ORD008918,2024-11-27,COD,paid,1072.65,0.0,2024-12-01,Razorpay
M001,PAY004393,ORD000775,2024-01-26,COD,paid,7131.99,0.0,2024-01-27,Razorpay
M001,PAY004394,ORD005421,2024-08-04,COD,paid,4923.37,0.0,2024-08-05,Razorpay
M001,PAY004395,ORD007460,2024-10-17,COD,failed,0.0,0.0,2024-10-17,Cashfree
M001,PAY004396,ORD003852,2024-05-24,COD,paid,9407.34,0.0,2024-05-28,PayU
M001,PAY004397,ORD007470,2024-10-19,Debit Card,paid,7273.02,0.0,2024-10-24,PhonePe
M001,PAY004398,ORD001479,2024-02-22,COD,refunded,3355.64,3268.24,2024-02-25,Cashfree
M001,PAY004399,ORD000419,2024-01-13,COD,paid,1046.64,0.0,2024-01-16,PayU
M001,PAY004400,ORD002680,2024-04-11,Credit Card,failed,0.0,0.0,2024-04-11,PhonePe
M001,PAY004401,ORD008479,2024-11-17,COD,paid,1909.02,0.0,2024-11-21,Juspay
M001,PAY004402,ORD007765,2024-10-28,COD,paid,3159.12,0.0,2024-11-02,Juspay
M001,PAY004403,ORD002649,2024-04-09,COD,paid,1905.93,0.0,2024-04-13,Cashfree
M001,PAY004404,ORD004083,2024-06-01,Debit Card,paid,8409.01,0.0,2024-06-02,PhonePe
M001,PAY004405,ORD005439,2024-08-04,NetBanking,paid,1056.59,0.0,2024-08-07,Stripe
M001,PAY004406,ORD002143,2024-03-21,UPI,paid,5651.5,0.0,2024-03-25,Stripe
M001,PAY004407,ORD005909,2024-08-24,UPI,paid,4817.44,0.0,2024-08-29,Cashfree
M001,PAY004408,ORD004328,2024-06-13,NetBanking,paid,3455.22,0.0,2024-06-17,PhonePe
M001,PAY004409,ORD006797,2024-09-29,UPI,paid,3094.78,0.0,2024-10-01,Razorpay
M001,PAY004410,ORD008140,2024-11-08,COD,pending,2608.71,0.0,2024-11-10,Razorpay
M001,PAY004411,ORD007842,2024-10-30,COD,paid,7509.19,0.0,2024-11-02,Razorpay
M001,PAY004412,ORD005872,2024-08-22,Wallet,refunded,10592.03,2527.53,2024-08-26,Cashfree
M001,PAY004413,ORD008920,2024-11-27,COD,paid,3921.67,0.0,2024-11-30,Cashfree
M001,PAY004414,ORD003640,2024-05-14,Debit Card,paid,5562.88,0.0,2024-05-18,Juspay
M001,PAY004415,ORD007641,2024-10-24,COD,paid,1448.69,0.0,2024-10-26,PayU
M001,PAY004416,ORD002388,2024-03-31,COD,paid,3878.13,0.0,2024-04-01,Stripe
M001,PAY004417,ORD009522,2024-12-17,UPI,refunded,6325.9,5449.61,2024-12-21,PayU
M001,PAY004418,ORD004379,2024-06-15,COD,paid,8142.0,0.0,2024-06-20,Cashfree
M001,PAY004419,ORD006510,2024-09-18,COD,paid,6818.64,0.0,2024-09-23,PhonePe
M001,PAY004420,ORD006365,2024-09-12,Credit Card,paid,3874.02,0.0,2024-09-15,Cashfree
M001,PAY004421,ORD001770,2024-03-05,COD,paid,5940.22,0.0,2024-03-06,PhonePe
M001,PAY004422,ORD002428,2024-04-02,UPI,paid,9719.45,0.0,2024-04-03,Cashfree
M001,PAY004423,ORD009338,2024-12-10,Debit Card,paid,7913.19,0.0,2024-12-11,Cashfree
M001,PAY004424,ORD007533,2024-10-21,COD,paid,8886.74,0.0,2024-10-23,PhonePe
M001,PAY004425,ORD007141,2024-10-08,COD,paid,5099.91,0.0,2024-10-09,Stripe
M001,PAY004426,ORD001684,2024-03-02,Debit Card,paid,2665.26,0.0,2024-03-05,Cashfree
M001,PAY004427,ORD003841,2024-05-22,UPI,pending,6011.91,0.0,2024-05-24,Juspay
M001,PAY004428,ORD006504,2024-09-17,COD,paid,9325.98,0.0,2024-09-18,PhonePe
M001,PAY004429,ORD000667,2024-01-22,UPI,paid,2106.03,0.0,2024-01-26,PayU
M001,PAY004430,ORD006695,2024-09-26,UPI,paid,3249.55,0.0,2024-09-29,PhonePe
M001,PAY004431,ORD009780,2024-12-24,UPI,paid,6381.32,0.0,2024-12-27,Juspay
M001,PAY004432,ORD004734,2024-07-01,Credit Card,paid,9380.69,0.0,2024-07-05,Cashfree
M001,PAY004433,ORD007304,2024-10-14,UPI,refunded,2069.16,1404.24,2024-10-18,Razorpay
M001,PAY004434,ORD006826,2024-09-29,UPI,paid,3717.76,0.0,2024-10-02,PayU
M001,PAY004435,ORD003021,2024-04-23,COD,paid,1390.41,0.0,2024-04-25,Stripe
M001,PAY004436,ORD007467,2024-10-18,UPI,paid,1242.02,0.0,2024-10-20,PhonePe
M001,PAY004437,ORD002889,2024-04-17,COD,refunded,7335.43,3453.29,2024-04-21,Juspay
M001,PAY004438,ORD007678,2024-10-24,Credit Card,paid,6237.85,0.0,2024-10-29,Juspay
M001,PAY004439,ORD003258,2024-05-01,Debit Card,paid,845.52,0.0,2024-05-04,Cashfree
M001,PAY004440,ORD005962,2024-08-26,COD,failed,0.0,0.0,2024-08-26,Stripe
M001,PAY004441,ORD003682,2024-05-17,UPI,paid,4867.45,0.0,2024-05-18,Cashfree
M001,PAY004442,ORD006197,2024-09-04,Debit Card,pending,2761.59,0.0,2024-09-05,PhonePe
M001,PAY004443,ORD008631,2024-11-20,COD,paid,8834.88,0.0,2024-11-23,Cashfree
M001,PAY004444,ORD006398,2024-09-14,UPI,paid,3709.35,0.0,2024-09-19,Razorpay
M001,PAY004445,ORD002249,2024-03-25,COD,paid,7509.59,0.0,2024-03-29,Cashfree
M001,PAY004446,ORD002765,2024-04-14,COD,paid,7138.32,0.0,2024-04-18,Razorpay
M001,PAY004447,ORD000849,2024-01-28,Wallet,paid,6588.39,0.0,2024-02-02,PhonePe
M001,PAY004448,ORD000078,2024-01-03,COD,paid,8087.07,0.0,2024-01-06,PhonePe
M001,PAY004449,ORD006604,2024-09-21,NetBanking,paid,7041.84,0.0,2024-09-22,PayU
M001,PAY004450,ORD002247,2024-03-25,COD,paid,1475.6,0.0,2024-03-27,Juspay
M001,PAY004451,ORD000433,2024-01-14,Debit Card,paid,8366.02,0.0,2024-01-19,Juspay
M001,PAY004452,ORD002734,2024-04-12,UPI,paid,7857.77,0.0,2024-04-16,Razorpay
M001,PAY004453,ORD005387,2024-08-03,UPI,paid,6730.0,0.0,2024-08-07,Juspay
M001,PAY004454,ORD006266,2024-09-08,UPI,paid,4612.73,0.0,2024-09-12,PayU
M001,PAY004455,ORD001488,2024-02-22,COD,paid,8842.12,0.0,2024-02-27,PayU
M001,PAY004456,ORD008360,2024-11-13,COD,refunded,3367.95,2946.68,2024-11-16,PhonePe
M001,PAY004457,ORD008359,2024-11-12,UPI,paid,3708.55,0.0,2024-11-13,PhonePe
M001,PAY004458,ORD009269,2024-12-07,UPI,refunded,7108.75,4722.95,2024-12-10,PayU
M001,PAY004459,ORD007913,2024-11-01,COD,paid,749.36,0.0,2024-11-02,Juspay
M001,PAY004460,ORD003112,2024-04-26,Debit Card,paid,6046.15,0.0,2024-04-29,Stripe
M001,PAY004461,ORD005972,2024-08-27,COD,paid,8197.68,0.0,2024-08-31,Stripe
M001,PAY004462,ORD000650,2024-01-22,UPI,paid,6843.61,0.0,2024-01-27,PhonePe
M001,PAY004463,ORD001679,2024-03-02,COD,failed,0.0,0.0,2024-03-02,Cashfree
M001,PAY004464,ORD007373,2024-10-15,COD,refunded,8657.23,6383.31,2024-10-18,PayU
M001,PAY004465,ORD006281,2024-09-08,Debit Card,paid,3142.21,0.0,2024-09-10,Stripe
M001,PAY004466,ORD000918,2024-01-30,UPI,paid,7046.48,0.0,2024-02-02,PhonePe
M001,PAY004467,ORD008742,2024-11-23,COD,paid,2864.38,0.0,2024-11-27,Stripe
M001,PAY004468,ORD007737,2024-10-27,NetBanking,paid,1634.26,0.0,2024-10-29,Cashfree
M001,PAY004469,ORD004276,2024-06-09,COD,paid,1439.79,0.0,2024-06-13,PhonePe
M001,PAY004470,ORD001260,2024-02-11,COD,paid,8960.64,0.0,2024-02-16,Cashfree
M001,PAY004471,ORD008607,2024-11-20,UPI,paid,1197.18,0.0,2024-11-21,Stripe
M001,PAY004472,ORD007789,2024-10-27,COD,paid,6359.1,0.0,2024-10-31,PhonePe
M001,PAY004473,ORD003655,2024-05-15,Wallet,refunded,3203.98,1659.86,2024-05-18,Stripe
M001,PAY004474,ORD004953,2024-07-12,Wallet,paid,4166.59,0.0,2024-07-14,PayU
M001,PAY004475,ORD000824,2024-01-27,Debit Card,paid,4696.72,0.0,2024-01-29,Cashfree
M001,PAY004476,ORD000413,2024-01-13,Wallet,paid,3701.03,0.0,2024-01-16,Stripe
M001,PAY004477,ORD008981,2024-11-29,COD,paid,6489.62,0.0,2024-12-01,Stripe
M001,PAY004478,ORD006541,2024-09-20,COD,paid,7823.59,0.0,2024-09-22,Razorpay
M001,PAY004479,ORD005459,2024-08-05,COD,paid,7792.18,0.0,2024-08-07,Cashfree
M001,PAY004480,ORD007602,2024-10-23,Credit Card,paid,4454.34,0.0,2024-10-26,Juspay
M001,PAY004481,ORD006865,2024-10-01,Wallet,paid,6794.41,0.0,2024-10-05,Stripe
M001,PAY004482,ORD004336,2024-06-14,Credit Card,paid,643.36,0.0,2024-06-16,Stripe
M001,PAY004483,ORD009452,2024-12-13,COD,failed,0.0,0.0,2024-12-13,PayU
M001,PAY004484,ORD009555,2024-12-16,Debit Card,paid,6722.6,0.0,2024-12-19,Stripe
M001,PAY004485,ORD008150,2024-11-08,COD,paid,7935.01,0.0,2024-11-09,Juspay
M001,PAY004486,ORD001041,2024-02-01,Debit Card,paid,3345.61,0.0,2024-02-02,Cashfree
M001,PAY004487,ORD000173,2024-01-06,UPI,paid,7400.76,0.0,2024-01-10,PayU
M001,PAY004488,ORD006451,2024-09-16,UPI,failed,0.0,0.0,2024-09-16,Cashfree
M001,PAY004489,ORD000863,2024-01-28,COD,paid,5714.22,0.0,2024-01-29,Juspay
M001,PAY004490,ORD005067,2024-07-18,Debit Card,paid,1677.48,0.0,2024-07-21,PhonePe
M001,PAY004491,ORD007647,2024-10-24,COD,failed,0.0,0.0,2024-10-24,Juspay
M001,PAY004492,ORD004303,2024-06-12,UPI,paid,2219.53,0.0,2024-06-17,Juspay
M001,PAY004493,ORD005333,2024-08-01,Debit Card,paid,10522.4,0.0,2024-08-02,Stripe
M001,PAY004494,ORD003848,2024-05-24,COD,refunded,7919.09,2465.39,2024-05-29,PayU
M001,PAY004495,ORD007488,2024-10-19,COD,failed,0.0,0.0,2024-10-19,Razorpay
M001,PAY004496,ORD009840,2024-12-26,UPI,pending,1077.15,0.0,2024-12-27,PhonePe
M001,PAY004497,ORD006691,2024-09-26,COD,paid,7729.86,0.0,2024-09-30,Cashfree
M001,PAY004498,ORD001565,2024-02-26,COD,paid,8238.95,0.0,2024-03-01,Juspay
M001,PAY004499,ORD009629,2024-12-20,COD,pending,7515.11,0.0,2024-12-21,Juspay
M001,PAY004500,ORD000059,2024-01-02,NetBanking,paid,7176.6,0.0,2024-01-03,PhonePe
M001,PAY004501,ORD006068,2024-08-30,COD,pending,5611.9,0.0,2024-08-31,Cashfree
M001,PAY004502,ORD001632,2024-02-29,UPI,paid,1621.16,0.0,2024-03-04,Cashfree
M001,PAY004503,ORD001315,2024-02-14,COD,paid,5811.93,0.0,2024-02-16,PhonePe
M001,PAY004504,ORD003889,2024-05-25,COD,paid,6532.57,0.0,2024-05-29,Razorpay
M001,PAY004505,ORD000026,2024-01-01,COD,paid,4190.38,0.0,2024-01-03,PayU
M001,PAY004506,ORD008125,2024-11-07,COD,paid,1723.04,0.0,2024-11-10,Cashfree
M001,PAY004507,ORD003901,2024-05-25,Debit Card,paid,6791.1,0.0,2024-05-30,PhonePe
M001,PAY004508,ORD001958,2024-03-12,COD,paid,4956.27,0.0,2024-03-17,Stripe
M001,PAY004509,ORD003473,2024-05-09,COD,pending,3336.6,0.0,2024-05-11,Juspay
M001,PAY004510,ORD009836,2024-12-26,COD,paid,3337.47,0.0,2024-12-31,Razorpay
M001,PAY004511,ORD009116,2024-12-04,UPI,paid,3793.81,0.0,2024-12-06,Stripe
M001,PAY004512,ORD005511,2024-08-08,Wallet,paid,7697.94,0.0,2024-08-12,Juspay
M001,PAY004513,ORD006581,2024-09-21,Debit Card,paid,918.25,0.0,2024-09-26,PayU
M001,PAY004514,ORD009275,2024-12-09,COD,paid,592.19,0.0,2024-12-10,Cashfree
M001,PAY004515,ORD000460,2024-01-14,UPI,paid,5242.39,0.0,2024-01-18,Juspay
M001,PAY004516,ORD000071,2024-01-03,UPI,paid,6661.9,0.0,2024-01-05,Cashfree
M001,PAY004517,ORD006771,2024-09-28,COD,paid,3147.72,0.0,2024-10-02,Juspay
M001,PAY004518,ORD006030,2024-08-29,Debit Card,paid,3574.93,0.0,2024-09-03,Cashfree
M001,PAY004519,ORD005611,2024-08-12,Debit Card,failed,0.0,0.0,2024-08-12,PayU
M001,PAY004520,ORD007732,2024-10-26,Credit Card,paid,5941.75,0.0,2024-10-30,Stripe
M001,PAY004521,ORD008115,2024-11-06,COD,paid,7392.88,0.0,2024-11-10,Stripe
M001,PAY004522,ORD006760,2024-09-27,Debit Card,paid,1645.16,0.0,2024-09-30,Cashfree
M001,PAY004523,ORD001393,2024-02-17,COD,paid,561.59,0.0,2024-02-19,PayU
M001,PAY004524,ORD008291,2024-11-12,UPI,paid,2391.19,0.0,2024-11-13,Cashfree
M001,PAY004525,ORD006985,2024-10-05,Debit Card,paid,847.08,0.0,2024-10-10,Stripe
M001,PAY004526,ORD009909,2024-12-29,UPI,paid,9513.98,0.0,2024-12-31,Stripe
M001,PAY004527,ORD004839,2024-07-06,Debit Card,paid,735.15,0.0,2024-07-11,PayU
M001,PAY004528,ORD005396,2024-08-03,Credit Card,paid,8224.87,0.0,2024-08-07,PhonePe
M001,PAY004529,ORD000808,2024-01-27,Credit Card,paid,5759.37,0.0,2024-01-29,PhonePe
M001,PAY004530,ORD008708,2024-11-22,Credit Card,refunded,6422.04,4730.54,2024-11-24,PayU
M001,PAY004531,ORD001187,2024-02-07,NetBanking,paid,2491.96,0.0,2024-02-11,PhonePe
M001,PAY004532,ORD008942,2024-11-28,UPI,failed,0.0,0.0,2024-11-28,PhonePe
M001,PAY004533,ORD006492,2024-09-17,COD,paid,3681.97,0.0,2024-09-22,Juspay
M001,PAY004534,ORD007852,2024-10-31,Debit Card,paid,9112.24,0.0,2024-11-04,Cashfree
M001,PAY004535,ORD009902,2024-12-28,Debit Card,paid,3215.7,0.0,2024-12-30,PhonePe
M001,PAY004536,ORD002058,2024-03-17,UPI,paid,10092.43,0.0,2024-03-21,PayU
M001,PAY004537,ORD009831,2024-12-26,NetBanking,refunded,5171.12,1152.87,2024-12-31,Cashfree
M001,PAY004538,ORD007236,2024-10-12,UPI,paid,5090.38,0.0,2024-10-15,PayU
M001,PAY004539,ORD007314,2024-10-14,UPI,paid,3287.64,0.0,2024-10-15,PhonePe
M001,PAY004540,ORD005184,2024-07-24,COD,paid,7896.06,0.0,2024-07-25,Juspay
M001,PAY004541,ORD006059,2024-08-31,COD,paid,6595.62,0.0,2024-09-02,PhonePe
M001,PAY004542,ORD005713,2024-08-16,Debit Card,paid,5923.34,0.0,2024-08-20,Razorpay
M001,PAY004543,ORD009688,2024-12-21,COD,paid,2387.62,0.0,2024-12-22,Juspay
M001,PAY004544,ORD001861,2024-03-08,COD,paid,3176.52,0.0,2024-03-11,PhonePe
M001,PAY004545,ORD006731,2024-09-27,UPI,paid,8222.08,0.0,2024-09-29,PhonePe
M001,PAY004546,ORD006246,2024-09-07,COD,paid,6043.95,0.0,2024-09-10,Juspay
M001,PAY004547,ORD004560,2024-06-23,UPI,paid,4159.63,0.0,2024-06-25,Razorpay
M001,PAY004548,ORD005683,2024-08-15,UPI,paid,721.61,0.0,2024-08-18,PayU
M001,PAY004549,ORD009907,2024-12-28,UPI,paid,3418.26,0.0,2025-01-01,Juspay
M001,PAY004550,ORD001647,2024-02-29,COD,paid,5212.22,0.0,2024-03-04,PhonePe
M001,PAY004551,ORD001687,2024-03-03,UPI,paid,8541.37,0.0,2024-03-07,Juspay
M001,PAY004552,ORD004457,2024-06-19,COD,failed,0.0,0.0,2024-06-19,Stripe
M001,PAY004553,ORD008768,2024-11-24,Debit Card,paid,5088.74,0.0,2024-11-29,Stripe
M001,PAY004554,ORD008569,2024-11-19,COD,paid,2747.18,0.0,2024-11-21,Razorpay
M001,PAY004555,ORD004791,2024-07-04,UPI,paid,1377.2,0.0,2024-07-05,PayU
M001,PAY004556,ORD001470,2024-02-20,Wallet,paid,955.97,0.0,2024-02-23,PayU
M001,PAY004557,ORD002935,2024-04-20,UPI,paid,2738.44,0.0,2024-04-25,Cashfree
M001,PAY004558,ORD005521,2024-08-07,COD,paid,7854.16,0.0,2024-08-10,Razorpay
M001,PAY004559,ORD001876,2024-03-10,Credit Card,paid,5088.57,0.0,2024-03-15,PhonePe
M001,PAY004560,ORD000592,2024-01-19,UPI,pending,1626.18,0.0,2024-01-21,Cashfree
M001,PAY004561,ORD001651,2024-02-29,UPI,failed,0.0,0.0,2024-02-29,Juspay
M001,PAY004562,ORD005064,2024-07-18,Wallet,paid,6311.69,0.0,2024-07-23,Cashfree
M001,PAY004563,ORD000184,2024-01-07,Credit Card,paid,8904.06,0.0,2024-01-09,PhonePe
M001,PAY004564,ORD009681,2024-12-21,Credit Card,paid,10300.65,0.0,2024-12-22,Stripe
M001,PAY004565,ORD006769,2024-09-28,Wallet,paid,6437.67,0.0,2024-10-01,PhonePe
M001,PAY004566,ORD004393,2024-06-17,COD,paid,6729.01,0.0,2024-06-22,Razorpay
M001,PAY004567,ORD000423,2024-01-13,COD,paid,4731.75,0.0,2024-01-17,Razorpay
M001,PAY004568,ORD007869,2024-10-31,COD,paid,7754.52,0.0,2024-11-03,Cashfree
M001,PAY004569,ORD001592,2024-02-27,Debit Card,paid,1660.15,0.0,2024-03-03,Stripe
M001,PAY004570,ORD000541,2024-01-18,Credit Card,paid,2501.32,0.0,2024-01-22,PhonePe
M001,PAY004571,ORD007691,2024-10-26,UPI,paid,7537.42,0.0,2024-10-27,Stripe
M001,PAY004572,ORD003619,2024-05-15,Debit Card,paid,3492.86,0.0,2024-05-19,Razorpay
M001,PAY004573,ORD000109,2024-01-05,UPI,pending,6833.7,0.0,2024-01-07,PayU
M001,PAY004574,ORD003179,2024-04-28,Debit Card,paid,3901.54,0.0,2024-05-01,Razorpay
M001,PAY004575,ORD003540,2024-05-12,COD,paid,5115.88,0.0,2024-05-17,PayU
M001,PAY004576,ORD007160,2024-10-10,UPI,paid,8570.45,0.0,2024-10-12,Razorpay
M001,PAY004577,ORD002890,2024-04-17,UPI,paid,6099.1,0.0,2024-04-21,PayU
M001,PAY004578,ORD004415,2024-06-16,COD,paid,3795.93,0.0,2024-06-21,Cashfree
M001,PAY004579,ORD003298,2024-05-03,UPI,paid,4397.83,0.0,2024-05-07,Cashfree
M001,PAY004580,ORD002510,2024-04-05,Wallet,refunded,822.12,549.53,2024-04-06,Razorpay
M001,PAY004581,ORD007401,2024-10-16,Credit Card,refunded,2779.17,2618.27,2024-10-20,PhonePe
M001,PAY004582,ORD006355,2024-09-12,UPI,paid,514.55,0.0,2024-09-17,Juspay
M001,PAY004583,ORD003104,2024-04-26,UPI,paid,7756.9,0.0,2024-04-28,Juspay
M001,PAY004584,ORD009830,2024-12-26,COD,paid,3833.74,0.0,2024-12-31,PhonePe
M001,PAY004585,ORD007880,2024-10-31,UPI,paid,9898.72,0.0,2024-11-05,Juspay
M001,PAY004586,ORD007666,2024-10-24,Wallet,paid,6889.43,0.0,2024-10-26,Razorpay
M001,PAY004587,ORD006751,2024-09-27,COD,paid,3339.49,0.0,2024-09-29,Juspay
M001,PAY004588,ORD007581,2024-10-22,Credit Card,paid,5430.41,0.0,2024-10-26,Cashfree
M001,PAY004589,ORD008572,2024-11-19,Debit Card,paid,3669.78,0.0,2024-11-22,PhonePe
M001,PAY004590,ORD004598,2024-06-25,COD,paid,5569.35,0.0,2024-06-29,Stripe
M001,PAY004591,ORD009471,2024-12-15,UPI,paid,1528.48,0.0,2024-12-19,Juspay
M001,PAY004592,ORD008504,2024-11-17,UPI,paid,3063.26,0.0,2024-11-20,Razorpay
M001,PAY004593,ORD004482,2024-06-19,UPI,paid,5394.0,0.0,2024-06-23,PayU
M001,PAY004594,ORD005917,2024-08-23,COD,paid,5517.39,0.0,2024-08-26,PhonePe
M001,PAY004595,ORD006049,2024-08-29,NetBanking,paid,3114.2,0.0,2024-08-31,PayU
M001,PAY004596,ORD000354,2024-01-11,UPI,paid,3078.07,0.0,2024-01-14,Juspay
M001,PAY004597,ORD000529,2024-01-18,COD,paid,2135.28,0.0,2024-01-22,PhonePe
M001,PAY004598,ORD009256,2024-12-07,UPI,paid,9154.27,0.0,2024-12-10,Stripe
M001,PAY004599,ORD003016,2024-04-23,Debit Card,refunded,3908.6,2117.46,2024-04-27,Juspay
M001,PAY004600,ORD009977,2024-12-30,Credit Card,paid,4413.6,0.0,2024-12-31,Razorpay
M001,PAY004601,ORD006931,2024-10-03,Credit Card,paid,5712.34,0.0,2024-10-05,Cashfree
M001,PAY004602,ORD007242,2024-10-11,COD,paid,5367.02,0.0,2024-10-15,PhonePe
M001,PAY004603,ORD004974,2024-07-13,Debit Card,paid,2968.19,0.0,2024-07-16,Stripe
M001,PAY004604,ORD005183,2024-07-25,COD,paid,2578.86,0.0,2024-07-29,Razorpay
M001,PAY004605,ORD002385,2024-04-01,Debit Card,paid,4367.82,0.0,2024-04-04,Stripe
M001,PAY004606,ORD004803,2024-07-06,Credit Card,paid,4867.92,0.0,2024-07-07,Juspay
M001,PAY004607,ORD002951,2024-04-20,COD,paid,1961.41,0.0,2024-04-25,Cashfree
M001,PAY004608,ORD002984,2024-04-21,UPI,failed,0.0,0.0,2024-04-21,PhonePe
M001,PAY004609,ORD000052,2024-01-02,UPI,paid,1997.26,0.0,2024-01-04,Cashfree
M001,PAY004610,ORD001547,2024-02-24,UPI,paid,3321.66,0.0,2024-02-29,Cashfree
M001,PAY004611,ORD005298,2024-07-29,UPI,refunded,3449.82,2572.09,2024-08-03,PayU
M001,PAY004612,ORD004170,2024-06-04,Credit Card,paid,9185.99,0.0,2024-06-05,Stripe
M001,PAY004613,ORD003245,2024-05-01,Credit Card,paid,6918.04,0.0,2024-05-04,Cashfree
M001,PAY004614,ORD001272,2024-02-11,COD,paid,3997.66,0.0,2024-02-15,Stripe
M001,PAY004615,ORD005873,2024-08-21,Credit Card,pending,6622.9,0.0,2024-08-23,Razorpay
M001,PAY004616,ORD009984,2024-12-30,UPI,paid,4580.65,0.0,2025-01-03,Stripe
M001,PAY004617,ORD002915,2024-04-19,Wallet,paid,4109.21,0.0,2024-04-22,Razorpay
M001,PAY004618,ORD007471,2024-10-19,COD,paid,1713.14,0.0,2024-10-23,Razorpay
M001,PAY004619,ORD003394,2024-05-06,Wallet,failed,0.0,0.0,2024-05-06,Razorpay
M001,PAY004620,ORD008525,2024-11-17,Debit Card,paid,4292.78,0.0,2024-11-18,PhonePe
M001,PAY004621,ORD008406,2024-11-14,Credit Card,paid,6705.35,0.0,2024-11-15,Stripe
M001,PAY004622,ORD004314,2024-06-12,Credit Card,paid,7150.27,0.0,2024-06-14,Cashfree
M001,PAY004623,ORD009666,2024-12-20,UPI,paid,4867.86,0.0,2024-12-23,PayU
M001,PAY004624,ORD007409,2024-10-17,Credit Card,paid,7979.94,0.0,2024-10-19,Cashfree
M001,PAY004625,ORD009789,2024-12-24,COD,paid,8895.85,0.0,2024-12-28,Juspay
M001,PAY004626,ORD004527,2024-06-21,UPI,paid,6321.03,0.0,2024-06-24,PayU
M001,PAY004627,ORD003067,2024-04-25,UPI,paid,5366.54,0.0,2024-04-28,Stripe
M001,PAY004628,ORD003814,2024-05-22,NetBanking,paid,5316.1,0.0,2024-05-27,Stripe
M001,PAY004629,ORD004834,2024-07-06,Debit Card,paid,7667.48,0.0,2024-07-08,PayU
M001,PAY004630,ORD002372,2024-03-30,Wallet,paid,6128.23,0.0,2024-03-31,Cashfree
M001,PAY004631,ORD001416,2024-02-19,UPI,paid,1374.49,0.0,2024-02-23,Stripe
M001,PAY004632,ORD003400,2024-05-06,Debit Card,paid,7501.37,0.0,2024-05-10,Cashfree
M001,PAY004633,ORD003968,2024-05-28,Wallet,paid,9786.1,0.0,2024-06-02,Stripe
M001,PAY004634,ORD002076,2024-03-18,COD,refunded,8469.42,8632.14,2024-03-23,Stripe
M001,PAY004635,ORD004837,2024-07-06,UPI,paid,4319.22,0.0,2024-07-11,Stripe
M001,PAY004636,ORD002847,2024-04-17,UPI,paid,1202.72,0.0,2024-04-19,Razorpay
M001,PAY004637,ORD007854,2024-10-31,Debit Card,pending,7416.23,0.0,2024-11-01,Juspay
M001,PAY004638,ORD000835,2024-01-27,COD,paid,998.21,0.0,2024-01-28,Cashfree
M001,PAY004639,ORD008807,2024-11-25,NetBanking,failed,0.0,0.0,2024-11-25,Juspay
M001,PAY004640,ORD002418,2024-04-02,Credit Card,paid,2914.75,0.0,2024-04-05,PhonePe
M001,PAY004641,ORD001966,2024-03-13,UPI,paid,6995.1,0.0,2024-03-16,Cashfree
M001,PAY004642,ORD002682,2024-04-12,UPI,paid,981.69,0.0,2024-04-16,PayU
M001,PAY004643,ORD007816,2024-10-30,COD,paid,2677.02,0.0,2024-11-04,Stripe
M001,PAY004644,ORD008635,2024-11-20,UPI,paid,2523.15,0.0,2024-11-21,Juspay
M001,PAY004645,ORD006329,2024-09-10,COD,paid,6795.69,0.0,2024-09-15,PhonePe
M001,PAY004646,ORD002137,2024-03-19,COD,paid,2284.38,0.0,2024-03-21,PhonePe
M001,PAY004647,ORD008048,2024-11-05,Debit Card,refunded,8875.14,3780.05,2024-11-09,PayU
M001,PAY004648,ORD003799,2024-05-20,COD,paid,6351.74,0.0,2024-05-25,PayU
M001,PAY004649,ORD006655,2024-09-23,Debit Card,paid,2775.63,0.0,2024-09-24,Stripe
M001,PAY004650,ORD002601,2024-04-08,Credit Card,paid,4697.2,0.0,2024-04-11,PayU
M001,PAY004651,ORD009606,2024-12-19,UPI,paid,5782.73,0.0,2024-12-20,Razorpay
M001,PAY004652,ORD008571,2024-11-18,COD,paid,3749.13,0.0,2024-11-19,Stripe
M001,PAY004653,ORD005470,2024-08-06,COD,paid,4593.56,0.0,2024-08-10,Cashfree
M001,PAY004654,ORD004262,2024-06-10,Credit Card,paid,2734.03,0.0,2024-06-12,Razorpay
M001,PAY004655,ORD006381,2024-09-12,NetBanking,failed,0.0,0.0,2024-09-12,Stripe
M001,PAY004656,ORD001743,2024-03-05,COD,paid,3516.32,0.0,2024-03-10,PayU
M001,PAY004657,ORD009388,2024-12-12,UPI,paid,8070.64,0.0,2024-12-16,Razorpay
M001,PAY004658,ORD008601,2024-11-20,COD,failed,0.0,0.0,2024-11-20,PhonePe
M001,PAY004659,ORD008952,2024-11-28,COD,paid,4628.06,0.0,2024-12-03,Stripe
M001,PAY004660,ORD001276,2024-02-12,COD,paid,7449.34,0.0,2024-02-15,Cashfree
M001,PAY004661,ORD000491,2024-01-16,COD,paid,7314.94,0.0,2024-01-20,Juspay
M001,PAY004662,ORD005347,2024-08-01,Debit Card,failed,0.0,0.0,2024-08-01,Juspay
M001,PAY004663,ORD009400,2024-12-12,Debit Card,paid,2082.11,0.0,2024-12-17,Razorpay
M001,PAY004664,ORD002587,2024-04-08,UPI,paid,2564.5,0.0,2024-04-10,Juspay
M001,PAY004665,ORD001398,2024-02-17,Debit Card,paid,4450.01,0.0,2024-02-20,Juspay
M001,PAY004666,ORD001512,2024-02-22,UPI,paid,1159.81,0.0,2024-02-23,Razorpay
M001,PAY004667,ORD003123,2024-04-27,UPI,refunded,8556.35,6927.56,2024-05-02,PayU
M001,PAY004668,ORD009240,2024-12-06,Debit Card,failed,0.0,0.0,2024-12-06,Stripe
M001,PAY004669,ORD009235,2024-12-07,Wallet,paid,4565.81,0.0,2024-12-08,PhonePe
M001,PAY004670,ORD009538,2024-12-16,Debit Card,paid,1244.32,0.0,2024-12-21,Cashfree
M001,PAY004671,ORD000055,2024-01-03,COD,paid,4360.99,0.0,2024-01-08,Razorpay
M001,PAY004672,ORD000405,2024-01-14,COD,paid,3782.11,0.0,2024-01-17,PayU
M001,PAY004673,ORD003519,2024-05-10,Wallet,paid,5370.81,0.0,2024-05-15,PayU
M001,PAY004674,ORD004575,2024-06-24,COD,paid,3513.38,0.0,2024-06-28,Juspay
M001,PAY004675,ORD004032,2024-05-30,Wallet,paid,1189.69,0.0,2024-06-02,PhonePe
M001,PAY004676,ORD009365,2024-12-11,Credit Card,paid,5107.85,0.0,2024-12-16,Razorpay
M001,PAY004677,ORD006527,2024-09-20,UPI,paid,4907.94,0.0,2024-09-23,PhonePe
M001,PAY004678,ORD001469,2024-02-20,Debit Card,paid,4870.09,0.0,2024-02-23,PhonePe
M001,PAY004679,ORD002607,2024-04-08,COD,paid,6259.19,0.0,2024-04-11,Juspay
M001,PAY004680,ORD001660,2024-03-02,Wallet,paid,6443.4,0.0,2024-03-06,PayU
M001,PAY004681,ORD000196,2024-01-06,UPI,paid,1267.34,0.0,2024-01-10,Stripe
M001,PAY004682,ORD006039,2024-08-30,COD,paid,4743.61,0.0,2024-09-04,Razorpay
M001,PAY004683,ORD004886,2024-07-09,NetBanking,paid,7344.65,0.0,2024-07-10,Razorpay
M001,PAY004684,ORD008669,2024-11-22,UPI,paid,7072.84,0.0,2024-11-25,PhonePe
M001,PAY004685,ORD002922,2024-04-19,Wallet,paid,8828.96,0.0,2024-04-24,Stripe
M001,PAY004686,ORD001383,2024-02-17,Wallet,paid,6368.27,0.0,2024-02-20,Juspay
M001,PAY004687,ORD006913,2024-10-03,Credit Card,paid,6077.37,0.0,2024-10-05,Juspay
M001,PAY004688,ORD007558,2024-10-20,Credit Card,paid,1514.52,0.0,2024-10-23,Cashfree
M001,PAY004689,ORD006566,2024-09-20,Debit Card,paid,7235.4,0.0,2024-09-22,Razorpay
M001,PAY004690,ORD002883,2024-04-18,COD,paid,4599.53,0.0,2024-04-23,PhonePe
M001,PAY004691,ORD008416,2024-11-14,UPI,paid,4007.83,0.0,2024-11-17,Stripe
M001,PAY004692,ORD009297,2024-12-08,COD,paid,1445.06,0.0,2024-12-12,PhonePe
M001,PAY004693,ORD005906,2024-08-24,Debit Card,paid,7803.56,0.0,2024-08-28,PhonePe
M001,PAY004694,ORD002319,2024-03-29,UPI,refunded,1358.78,884.56,2024-04-03,PayU
M001,PAY004695,ORD001753,2024-03-04,NetBanking,paid,1445.62,0.0,2024-03-05,PayU
M001,PAY004696,ORD005621,2024-08-12,COD,paid,6060.19,0.0,2024-08-17,Stripe
M001,PAY004697,ORD009953,2024-12-29,UPI,failed,0.0,0.0,2024-12-29,PayU
M001,PAY004698,ORD000175,2024-01-07,Debit Card,paid,10162.96,0.0,2024-01-12,PhonePe
M001,PAY004699,ORD007868,2024-10-30,COD,paid,6855.66,0.0,2024-11-01,Cashfree
M001,PAY004700,ORD003041,2024-04-24,Credit Card,paid,3166.93,0.0,2024-04-29,PhonePe
M001,PAY004701,ORD003667,2024-05-17,COD,paid,9413.62,0.0,2024-05-20,Razorpay
M001,PAY004702,ORD006711,2024-09-26,COD,paid,6979.51,0.0,2024-09-29,Stripe
M001,PAY004703,ORD000777,2024-01-25,Credit Card,paid,6066.46,0.0,2024-01-30,Juspay
M001,PAY004704,ORD005891,2024-08-22,Credit Card,refunded,7943.2,890.41,2024-08-23,Juspay
M001,PAY004705,ORD006881,2024-10-02,Debit Card,paid,9745.0,0.0,2024-10-06,Razorpay
M001,PAY004706,ORD000969,2024-01-30,COD,paid,6627.39,0.0,2024-02-04,Razorpay
M001,PAY004707,ORD002223,2024-03-23,UPI,paid,7127.09,0.0,2024-03-24,Cashfree
M001,PAY004708,ORD006587,2024-09-21,Debit Card,paid,8552.55,0.0,2024-09-26,Stripe
M001,PAY004709,ORD003326,2024-05-04,UPI,paid,4748.27,0.0,2024-05-05,Juspay
M001,PAY004710,ORD007028,2024-10-05,Debit Card,paid,1111.82,0.0,2024-10-08,PhonePe
M001,PAY004711,ORD005454,2024-08-05,Credit Card,refunded,1076.18,326.55,2024-08-10,PayU
M001,PAY004712,ORD003657,2024-05-15,COD,paid,6050.84,0.0,2024-05-20,PhonePe
M001,PAY004713,ORD001868,2024-03-10,Debit Card,paid,6544.58,0.0,2024-03-15,Juspay
M001,PAY004714,ORD000590,2024-01-19,Credit Card,paid,7196.3,0.0,2024-01-23,Juspay
M001,PAY004715,ORD005170,2024-07-24,Credit Card,paid,4769.74,0.0,2024-07-25,Cashfree
M001,PAY004716,ORD006094,2024-09-01,Credit Card,paid,8335.46,0.0,2024-09-03,Razorpay
M001,PAY004717,ORD001202,2024-02-08,Wallet,failed,0.0,0.0,2024-02-08,Razorpay
M001,PAY004718,ORD001911,2024-03-12,Wallet,paid,2625.21,0.0,2024-03-16,PayU
M001,PAY004719,ORD002467,2024-04-04,COD,paid,6455.78,0.0,2024-04-09,Stripe
M001,PAY004720,ORD004676,2024-06-28,Credit Card,paid,7323.31,0.0,2024-07-03,Stripe
M001,PAY004721,ORD001057,2024-02-02,Wallet,paid,978.82,0.0,2024-02-06,PhonePe
M001,PAY004722,ORD004659,2024-06-28,UPI,paid,8470.86,0.0,2024-07-01,Cashfree
M001,PAY004723,ORD007356,2024-10-14,Debit Card,paid,6438.75,0.0,2024-10-19,Cashfree
M001,PAY004724,ORD009380,2024-12-11,COD,paid,1052.47,0.0,2024-12-13,PhonePe
M001,PAY004725,ORD000929,2024-01-30,Credit Card,paid,858.5,0.0,2024-02-04,Cashfree
M001,PAY004726,ORD002309,2024-03-27,Debit Card,paid,3664.09,0.0,2024-03-28,PayU
M001,PAY004727,ORD004072,2024-06-01,Credit Card,paid,2898.94,0.0,2024-06-04,Juspay
M001,PAY004728,ORD009554,2024-12-16,COD,paid,1658.68,0.0,2024-12-17,Cashfree
M001,PAY004729,ORD002806,2024-04-15,COD,refunded,2219.16,2280.35,2024-04-16,Juspay
M001,PAY004730,ORD006296,2024-09-08,NetBanking,refunded,5008.33,2337.15,2024-09-12,PhonePe
M001,PAY004731,ORD006511,2024-09-18,UPI,paid,3411.58,0.0,2024-09-19,Juspay
M001,PAY004732,ORD001333,2024-02-14,COD,paid,933.01,0.0,2024-02-17,Stripe
M001,PAY004733,ORD004096,2024-06-01,Debit Card,paid,3586.48,0.0,2024-06-03,Stripe
M001,PAY004734,ORD005480,2024-08-07,Wallet,failed,0.0,0.0,2024-08-07,Razorpay
M001,PAY004735,ORD008462,2024-11-16,UPI,refunded,6639.79,1149.48,2024-11-20,Juspay
M001,PAY004736,ORD003527,2024-05-11,NetBanking,pending,7281.92,0.0,2024-05-12,PayU
M001,PAY004737,ORD008273,2024-11-11,COD,paid,1637.99,0.0,2024-11-13,Cashfree
M001,PAY004738,ORD000787,2024-01-26,Wallet,refunded,6519.74,2304.17,2024-01-30,Razorpay
M001,PAY004739,ORD001602,2024-02-28,Debit Card,failed,0.0,0.0,2024-02-28,Razorpay
M001,PAY004740,ORD002960,2024-04-21,COD,paid,5564.6,0.0,2024-04-26,PayU
M001,PAY004741,ORD007583,2024-10-21,Debit Card,paid,2924.43,0.0,2024-10-25,Stripe
M001,PAY004742,ORD005003,2024-07-16,COD,paid,10186.09,0.0,2024-07-20,Razorpay
M001,PAY004743,ORD004551,2024-06-22,UPI,paid,3919.75,0.0,2024-06-24,PayU
M001,PAY004744,ORD006837,2024-09-30,UPI,paid,2393.32,0.0,2024-10-04,PayU
M001,PAY004745,ORD002708,2024-04-11,COD,paid,5607.16,0.0,2024-04-14,Stripe
M001,PAY004746,ORD005555,2024-08-10,Wallet,paid,5856.48,0.0,2024-08-11,PhonePe
M001,PAY004747,ORD001193,2024-02-07,COD,paid,4894.55,0.0,2024-02-11,Cashfree
M001,PAY004748,ORD005646,2024-08-14,COD,paid,4735.74,0.0,2024-08-15,Juspay
M001,PAY004749,ORD005766,2024-08-18,Wallet,paid,7411.45,0.0,2024-08-20,Razorpay
M001,PAY004750,ORD007381,2024-10-16,Debit Card,failed,0.0,0.0,2024-10-16,Juspay
M001,PAY004751,ORD003273,2024-05-01,COD,paid,5933.8,0.0,2024-05-06,Cashfree
M001,PAY004752,ORD003227,2024-05-01,COD,paid,1911.87,0.0,2024-05-03,PayU
M001,PAY004753,ORD001866,2024-03-10,UPI,paid,8846.95,0.0,2024-03-12,Razorpay
M001,PAY004754,ORD004613,2024-06-26,Wallet,paid,8501.53,0.0,2024-06-30,Cashfree
M001,PAY004755,ORD009231,2024-12-06,Debit Card,paid,7029.52,0.0,2024-12-07,Juspay
M001,PAY004756,ORD009671,2024-12-20,Debit Card,paid,3342.4,0.0,2024-12-21,Razorpay
M001,PAY004757,ORD004962,2024-07-13,COD,paid,11156.73,0.0,2024-07-15,Cashfree
M001,PAY004758,ORD004740,2024-07-01,Wallet,pending,9386.57,0.0,2024-07-03,Stripe
M001,PAY004759,ORD006192,2024-09-05,UPI,pending,2819.11,0.0,2024-09-07,PhonePe
M001,PAY004760,ORD009889,2024-12-28,COD,paid,6046.33,0.0,2024-12-29,PayU
M001,PAY004761,ORD006108,2024-09-01,Credit Card,failed,0.0,0.0,2024-09-01,PayU
M001,PAY004762,ORD006396,2024-09-13,UPI,paid,9454.59,0.0,2024-09-16,Stripe
M001,PAY004763,ORD005888,2024-08-23,COD,paid,3430.33,0.0,2024-08-24,Juspay
M001,PAY004764,ORD003241,2024-05-01,Debit Card,paid,2586.64,0.0,2024-05-05,PayU
M001,PAY004765,ORD000818,2024-01-26,COD,paid,1219.96,0.0,2024-01-30,Stripe
M001,PAY004766,ORD007754,2024-10-26,Credit Card,paid,7063.35,0.0,2024-10-31,Razorpay
M001,PAY004767,ORD002693,2024-04-11,COD,paid,3282.22,0.0,2024-04-12,PayU
M001,PAY004768,ORD005414,2024-08-03,COD,refunded,5146.1,2029.53,2024-08-08,Cashfree
M001,PAY004769,ORD007555,2024-10-21,COD,paid,7750.65,0.0,2024-10-23,PhonePe
M001,PAY004770,ORD005458,2024-08-05,UPI,paid,7508.94,0.0,2024-08-09,Stripe
M001,PAY004771,ORD005537,2024-08-09,COD,paid,8618.05,0.0,2024-08-10,Stripe
M001,PAY004772,ORD003085,2024-04-25,Credit Card,paid,4512.17,0.0,2024-04-27,PhonePe
M001,PAY004773,ORD003006,2024-04-22,Debit Card,paid,5371.38,0.0,2024-04-24,Razorpay
M001,PAY004774,ORD002648,2024-04-09,COD,failed,0.0,0.0,2024-04-09,PhonePe
M001,PAY004775,ORD008169,2024-11-08,Credit Card,paid,8236.07,0.0,2024-11-13,Stripe
M001,PAY004776,ORD006498,2024-09-17,NetBanking,paid,6735.9,0.0,2024-09-20,PayU
M001,PAY004777,ORD003279,2024-05-01,COD,paid,6673.44,0.0,2024-05-04,Razorpay
M001,PAY004778,ORD004179,2024-06-05,NetBanking,paid,2412.95,0.0,2024-06-09,Juspay
M001,PAY004779,ORD001720,2024-03-03,NetBanking,paid,1128.21,0.0,2024-03-04,Juspay
M001,PAY004780,ORD009302,2024-12-08,COD,paid,7155.67,0.0,2024-12-12,Cashfree
M001,PAY004781,ORD000471,2024-01-16,COD,paid,2028.81,0.0,2024-01-19,PayU
M001,PAY004782,ORD001008,2024-02-01,UPI,paid,6877.17,0.0,2024-02-06,PhonePe
M001,PAY004783,ORD006828,2024-09-30,Wallet,paid,9581.57,0.0,2024-10-05,Cashfree
M001,PAY004784,ORD009571,2024-12-17,Debit Card,paid,1055.65,0.0,2024-12-21,Cashfree
M001,PAY004785,ORD002954,2024-04-19,Wallet,paid,8115.86,0.0,2024-04-22,PayU
M001,PAY004786,ORD002299,2024-03-28,Wallet,refunded,8724.78,2304.97,2024-03-29,Juspay
M001,PAY004787,ORD006375,2024-09-11,COD,paid,8458.28,0.0,2024-09-12,Cashfree
M001,PAY004788,ORD006175,2024-09-04,UPI,paid,4777.25,0.0,2024-09-09,PhonePe
M001,PAY004789,ORD005632,2024-08-13,Credit Card,failed,0.0,0.0,2024-08-13,Cashfree
M001,PAY004790,ORD007560,2024-10-20,Credit Card,paid,7857.15,0.0,2024-10-22,Juspay
M001,PAY004791,ORD003219,2024-04-29,Wallet,paid,4525.36,0.0,2024-05-01,PayU
M001,PAY004792,ORD007075,2024-10-07,UPI,paid,9727.5,0.0,2024-10-12,Razorpay
M001,PAY004793,ORD001105,2024-02-05,Wallet,paid,3899.21,0.0,2024-02-06,Razorpay
M001,PAY004794,ORD004265,2024-06-09,Wallet,paid,7548.94,0.0,2024-06-12,Cashfree
M001,PAY004795,ORD003019,2024-04-22,COD,paid,4162.87,0.0,2024-04-26,Juspay
M001,PAY004796,ORD009416,2024-12-12,UPI,paid,8267.83,0.0,2024-12-15,Juspay
M001,PAY004797,ORD005945,2024-08-25,Debit Card,paid,5979.81,0.0,2024-08-29,PayU
M001,PAY004798,ORD001607,2024-02-28,NetBanking,paid,3862.37,0.0,2024-03-04,Cashfree
M001,PAY004799,ORD006612,2024-09-22,UPI,paid,6198.88,0.0,2024-09-23,PayU
M001,PAY004800,ORD008614,2024-11-20,NetBanking,paid,3734.57,0.0,2024-11-25,PayU
M001,PAY004801,ORD002375,2024-03-30,COD,pending,3160.8,0.0,2024-04-01,Juspay
M001,PAY004802,ORD002271,2024-03-26,UPI,failed,0.0,0.0,2024-03-26,PhonePe
M001,PAY004803,ORD001451,2024-02-20,COD,paid,8546.66,0.0,2024-02-23,PhonePe
M001,PAY004804,ORD009661,2024-12-20,Debit Card,refunded,2395.13,1763.01,2024-12-24,Cashfree
M001,PAY004805,ORD002766,2024-04-14,Wallet,paid,5004.55,0.0,2024-04-16,PhonePe
M001,PAY004806,ORD001892,2024-03-10,Credit Card,paid,2092.3,0.0,2024-03-13,PayU
M001,PAY004807,ORD006607,2024-09-22,UPI,paid,1753.61,0.0,2024-09-26,PhonePe
M001,PAY004808,ORD000060,2024-01-03,Wallet,paid,2395.9,0.0,2024-01-06,Razorpay
M001,PAY004809,ORD007433,2024-10-17,Debit Card,paid,6077.54,0.0,2024-10-19,PayU
M001,PAY004810,ORD005217,2024-07-27,Wallet,failed,0.0,0.0,2024-07-27,PayU
M001,PAY004811,ORD004167,2024-06-04,UPI,failed,0.0,0.0,2024-06-04,PayU
M001,PAY004812,ORD008783,2024-11-25,Debit Card,failed,0.0,0.0,2024-11-25,Stripe
M001,PAY004813,ORD001011,2024-01-31,COD,paid,2901.97,0.0,2024-02-03,Razorpay
M001,PAY004814,ORD006043,2024-08-30,UPI,paid,8072.0,0.0,2024-09-02,Cashfree
M001,PAY004815,ORD002344,2024-03-30,COD,paid,8310.66,0.0,2024-04-01,PayU
M001,PAY004816,ORD000372,2024-01-12,COD,pending,2943.52,0.0,2024-01-13,Stripe
M001,PAY004817,ORD008756,2024-11-23,COD,paid,5800.79,0.0,2024-11-27,Stripe
M001,PAY004818,ORD006341,2024-09-11,NetBanking,paid,2613.41,0.0,2024-09-14,Juspay
M001,PAY004819,ORD002447,2024-04-03,NetBanking,paid,9344.94,0.0,2024-04-06,Cashfree
M001,PAY004820,ORD001361,2024-02-16,COD,paid,2173.68,0.0,2024-02-18,Cashfree
M001,PAY004821,ORD002339,2024-03-29,COD,paid,10028.68,0.0,2024-04-01,Razorpay
M001,PAY004822,ORD005520,2024-08-08,Credit Card,paid,1846.66,0.0,2024-08-10,PhonePe
M001,PAY004823,ORD002970,2024-04-20,COD,failed,0.0,0.0,2024-04-20,Juspay
M001,PAY004824,ORD003894,2024-05-24,Credit Card,paid,7899.6,0.0,2024-05-29,Stripe
M001,PAY004825,ORD009355,2024-12-11,COD,paid,9033.4,0.0,2024-12-13,PhonePe
M001,PAY004826,ORD004583,2024-06-23,COD,failed,0.0,0.0,2024-06-23,PhonePe
M001,PAY004827,ORD008957,2024-11-28,NetBanking,failed,0.0,0.0,2024-11-28,PhonePe
M001,PAY004828,ORD002436,2024-04-02,COD,paid,5917.92,0.0,2024-04-03,Cashfree
M001,PAY004829,ORD008288,2024-11-11,Credit Card,paid,6606.89,0.0,2024-11-12,Stripe
M001,PAY004830,ORD004905,2024-07-11,UPI,paid,6986.41,0.0,2024-07-16,PayU
M001,PAY004831,ORD008881,2024-11-26,COD,paid,7187.05,0.0,2024-11-27,PayU
M001,PAY004832,ORD008559,2024-11-18,NetBanking,paid,2940.53,0.0,2024-11-20,Juspay
M001,PAY004833,ORD009723,2024-12-22,COD,paid,5911.56,0.0,2024-12-25,PhonePe
M001,PAY004834,ORD008930,2024-11-27,Debit Card,paid,8959.02,0.0,2024-12-02,PayU
M001,PAY004835,ORD007991,2024-11-04,Debit Card,paid,1433.6,0.0,2024-11-09,PayU
M001,PAY004836,ORD007708,2024-10-26,Debit Card,paid,1269.48,0.0,2024-10-28,Juspay
M001,PAY004837,ORD001332,2024-02-13,Credit Card,failed,0.0,0.0,2024-02-13,Stripe
M001,PAY004838,ORD008004,2024-11-03,COD,paid,7044.03,0.0,2024-11-04,PayU
M001,PAY004839,ORD009787,2024-12-25,UPI,pending,1292.2,0.0,2024-12-27,Juspay
M001,PAY004840,ORD006360,2024-09-11,COD,paid,7664.85,0.0,2024-09-15,PayU
M001,PAY004841,ORD009751,2024-12-23,Debit Card,paid,7783.01,0.0,2024-12-26,Cashfree
M001,PAY004842,ORD003299,2024-05-03,UPI,paid,9292.37,0.0,2024-05-08,Stripe
M001,PAY004843,ORD007768,2024-10-28,UPI,paid,1082.26,0.0,2024-10-30,Cashfree
M001,PAY004844,ORD000438,2024-01-14,Debit Card,paid,4220.22,0.0,2024-01-17,Razorpay
M001,PAY004845,ORD005028,2024-07-16,UPI,paid,5731.54,0.0,2024-07-19,Juspay
M001,PAY004846,ORD004355,2024-06-14,UPI,paid,7156.7,0.0,2024-06-19,Stripe
M001,PAY004847,ORD003674,2024-05-16,COD,paid,4982.4,0.0,2024-05-18,PhonePe
M001,PAY004848,ORD008331,2024-11-12,UPI,paid,556.32,0.0,2024-11-17,Razorpay
M001,PAY004849,ORD006114,2024-09-02,COD,paid,3459.76,0.0,2024-09-06,Juspay
M001,PAY004850,ORD002884,2024-04-18,UPI,paid,4287.43,0.0,2024-04-23,PayU
M001,PAY004851,ORD003895,2024-05-25,UPI,pending,3314.65,0.0,2024-05-26,Cashfree
M001,PAY004852,ORD001678,2024-03-02,COD,paid,588.33,0.0,2024-03-03,Juspay
M001,PAY004853,ORD009487,2024-12-14,Credit Card,paid,8958.07,0.0,2024-12-16,PhonePe
M001,PAY004854,ORD004139,2024-06-02,Credit Card,paid,3421.84,0.0,2024-06-03,Stripe
M001,PAY004855,ORD001281,2024-02-12,Credit Card,paid,6914.63,0.0,2024-02-13,Cashfree
M001,PAY004856,ORD003447,2024-05-08,COD,paid,4023.54,0.0,2024-05-10,Juspay
M001,PAY004857,ORD004634,2024-06-26,COD,paid,5434.82,0.0,2024-07-01,Razorpay
M001,PAY004858,ORD000646,2024-01-20,UPI,paid,7139.41,0.0,2024-01-25,Razorpay
M001,PAY004859,ORD005717,2024-08-15,Wallet,paid,4313.06,0.0,2024-08-17,Juspay
M001,PAY004860,ORD001803,2024-03-07,UPI,paid,4972.45,0.0,2024-03-10,Stripe
M001,PAY004861,ORD000845,2024-01-28,COD,paid,3617.14,0.0,2024-01-29,PhonePe
M001,PAY004862,ORD000229,2024-01-07,COD,failed,0.0,0.0,2024-01-07,PhonePe
M001,PAY004863,ORD008033,2024-11-04,COD,paid,2035.11,0.0,2024-11-07,Cashfree
M001,PAY004864,ORD005373,2024-08-01,UPI,paid,6175.5,0.0,2024-08-02,Stripe
M001,PAY004865,ORD005706,2024-08-15,Debit Card,refunded,3371.5,1047.91,2024-08-19,Juspay
M001,PAY004866,ORD000581,2024-01-20,Credit Card,paid,2798.9,0.0,2024-01-22,Juspay
M001,PAY004867,ORD002419,2024-04-01,COD,paid,7127.74,0.0,2024-04-04,Stripe
M001,PAY004868,ORD005957,2024-08-26,Wallet,paid,532.89,0.0,2024-08-28,Stripe
M001,PAY004869,ORD008482,2024-11-17,COD,paid,9293.94,0.0,2024-11-21,Cashfree
M001,PAY004870,ORD003824,2024-05-22,UPI,paid,7882.9,0.0,2024-05-26,Razorpay
M001,PAY004871,ORD005756,2024-08-17,Wallet,paid,6323.39,0.0,2024-08-22,Cashfree
M001,PAY004872,ORD004576,2024-06-23,COD,paid,648.23,0.0,2024-06-28,Cashfree
M001,PAY004873,ORD003750,2024-05-19,Wallet,paid,2197.03,0.0,2024-05-23,Juspay
M001,PAY004874,ORD003859,2024-05-24,COD,paid,6943.65,0.0,2024-05-28,Razorpay
M001,PAY004875,ORD001327,2024-02-14,Wallet,paid,4568.49,0.0,2024-02-19,Stripe
M001,PAY004876,ORD001971,2024-03-13,Credit Card,paid,1387.14,0.0,2024-03-17,PayU
M001,PAY004877,ORD000894,2024-01-28,Debit Card,paid,1307.27,0.0,2024-02-02,PhonePe
M001,PAY004878,ORD009217,2024-12-06,Credit Card,paid,1593.58,0.0,2024-12-11,Cashfree
M001,PAY004879,ORD001769,2024-03-05,UPI,paid,5009.57,0.0,2024-03-10,Cashfree
M001,PAY004880,ORD008732,2024-11-24,UPI,paid,5867.25,0.0,2024-11-28,Stripe
M001,PAY004881,ORD008540,2024-11-17,Debit Card,refunded,4197.36,3425.82,2024-11-19,PhonePe
M001,PAY004882,ORD009272,2024-12-08,UPI,paid,9740.93,0.0,2024-12-11,Razorpay
M001,PAY004883,ORD009090,2024-12-02,Debit Card,paid,7011.19,0.0,2024-12-07,Juspay
M001,PAY004884,ORD002880,2024-04-17,COD,refunded,2553.74,680.9,2024-04-22,Juspay
M001,PAY004885,ORD008223,2024-11-09,COD,failed,0.0,0.0,2024-11-09,Razorpay
M001,PAY004886,ORD002737,2024-04-12,COD,paid,8650.94,0.0,2024-04-17,Cashfree
M001,PAY004887,ORD007377,2024-10-15,Credit Card,paid,6616.7,0.0,2024-10-16,PhonePe
M001,PAY004888,ORD003265,2024-05-02,COD,paid,3000.65,0.0,2024-05-04,Razorpay
M001,PAY004889,ORD004717,2024-07-01,UPI,paid,6133.41,0.0,2024-07-06,Juspay
M001,PAY004890,ORD004948,2024-07-13,Credit Card,paid,4352.64,0.0,2024-07-17,Cashfree
M001,PAY004891,ORD003184,2024-04-29,COD,failed,0.0,0.0,2024-04-29,PayU
M001,PAY004892,ORD000539,2024-01-17,NetBanking,paid,7907.13,0.0,2024-01-22,Cashfree
M001,PAY004893,ORD005262,2024-07-27,NetBanking,paid,1913.78,0.0,2024-08-01,PayU
M001,PAY004894,ORD007861,2024-10-30,UPI,paid,8831.53,0.0,2024-11-03,Razorpay
M001,PAY004895,ORD009209,2024-12-06,COD,paid,8796.39,0.0,2024-12-09,Cashfree
M001,PAY004896,ORD000398,2024-01-14,COD,paid,3997.21,0.0,2024-01-16,PayU
M001,PAY004897,ORD003558,2024-05-11,COD,paid,5028.99,0.0,2024-05-13,Razorpay
M001,PAY004898,ORD004978,2024-07-13,COD,paid,536.27,0.0,2024-07-17,Stripe
M001,PAY004899,ORD008984,2024-11-29,UPI,paid,9371.78,0.0,2024-12-02,Cashfree
M001,PAY004900,ORD008439,2024-11-14,UPI,paid,8549.38,0.0,2024-11-17,PhonePe
M001,PAY004901,ORD009746,2024-12-24,UPI,refunded,2444.44,1249.82,2024-12-29,PhonePe
M001,PAY004902,ORD005076,2024-07-18,COD,paid,10035.6,0.0,2024-07-21,PhonePe
M001,PAY004903,ORD000771,2024-01-25,Debit Card,failed,0.0,0.0,2024-01-25,Razorpay
M001,PAY004904,ORD001913,2024-03-12,Wallet,paid,7923.08,0.0,2024-03-16,Juspay
M001,PAY004905,ORD001994,2024-03-15,COD,paid,3074.3,0.0,2024-03-16,Stripe
M001,PAY004906,ORD009962,2024-12-30,Debit Card,failed,0.0,0.0,2024-12-30,Cashfree
M001,PAY004907,ORD000165,2024-01-06,Debit Card,paid,7759.28,0.0,2024-01-09,Cashfree
M001,PAY004908,ORD000900,2024-01-28,COD,failed,0.0,0.0,2024-01-28,Juspay
M001,PAY004909,ORD008341,2024-11-13,Wallet,paid,2005.36,0.0,2024-11-18,Stripe
M001,PAY004910,ORD003825,2024-05-21,COD,paid,2433.17,0.0,2024-05-22,PhonePe
M001,PAY004911,ORD001177,2024-02-08,COD,paid,1924.9,0.0,2024-02-11,Stripe
M001,PAY004912,ORD004731,2024-07-02,NetBanking,paid,4462.71,0.0,2024-07-03,Cashfree
M001,PAY004913,ORD003444,2024-05-09,Credit Card,paid,7563.49,0.0,2024-05-11,PhonePe
M001,PAY004914,ORD007526,2024-10-19,UPI,refunded,4805.49,3210.96,2024-10-21,Cashfree
M001,PAY004915,ORD002348,2024-03-30,Credit Card,paid,2958.27,0.0,2024-04-01,PhonePe
M001,PAY004916,ORD005412,2024-08-03,COD,refunded,3250.71,2957.13,2024-08-08,PhonePe
M001,PAY004917,ORD005700,2024-08-15,UPI,pending,6848.15,0.0,2024-08-17,Stripe
M001,PAY004918,ORD007962,2024-11-02,COD,paid,1038.84,0.0,2024-11-04,Cashfree
M001,PAY004919,ORD005034,2024-07-16,UPI,paid,8096.19,0.0,2024-07-20,Razorpay
M001,PAY004920,ORD004665,2024-06-28,NetBanking,refunded,8648.79,1772.2,2024-06-29,Juspay
M001,PAY004921,ORD008793,2024-11-25,COD,failed,0.0,0.0,2024-11-25,Juspay
M001,PAY004922,ORD001004,2024-02-01,Debit Card,paid,3549.43,0.0,2024-02-03,Stripe
M001,PAY004923,ORD009446,2024-12-13,COD,failed,0.0,0.0,2024-12-13,Razorpay
M001,PAY004924,ORD004051,2024-05-31,UPI,paid,6922.96,0.0,2024-06-04,PhonePe
M001,PAY004925,ORD006140,2024-09-03,UPI,paid,4137.87,0.0,2024-09-05,Juspay
M001,PAY004926,ORD008352,2024-11-13,Credit Card,failed,0.0,0.0,2024-11-13,Razorpay
M001,PAY004927,ORD002640,2024-04-09,COD,paid,8927.99,0.0,2024-04-13,PayU
M001,PAY004928,ORD000989,2024-02-01,UPI,paid,9771.47,0.0,2024-02-03,PayU
M001,PAY004929,ORD006284,2024-09-08,Credit Card,refunded,5559.74,4573.99,2024-09-10,PayU
M001,PAY004930,ORD000191,2024-01-06,Credit Card,paid,6895.35,0.0,2024-01-07,Razorpay
M001,PAY004931,ORD008107,2024-11-06,UPI,paid,2761.08,0.0,2024-11-11,Cashfree
M001,PAY004932,ORD008524,2024-11-17,COD,paid,3940.68,0.0,2024-11-18,Stripe
M001,PAY004933,ORD002478,2024-04-04,COD,paid,7301.85,0.0,2024-04-05,Juspay
M001,PAY004934,ORD007376,2024-10-15,UPI,paid,2436.33,0.0,2024-10-16,Razorpay
M001,PAY004935,ORD004388,2024-06-16,UPI,paid,10243.83,0.0,2024-06-17,PayU
M001,PAY004936,ORD004285,2024-06-10,Credit Card,paid,781.0,0.0,2024-06-13,PayU
M001,PAY004937,ORD004404,2024-06-17,Credit Card,paid,7549.9,0.0,2024-06-19,Razorpay
M001,PAY004938,ORD001513,2024-02-22,Credit Card,paid,10014.82,0.0,2024-02-26,PhonePe
M001,PAY004939,ORD007243,2024-10-12,COD,paid,6050.71,0.0,2024-10-16,Cashfree
M001,PAY004940,ORD000404,2024-01-14,UPI,paid,5907.25,0.0,2024-01-19,PhonePe
M001,PAY004941,ORD008874,2024-11-27,Credit Card,paid,6448.55,0.0,2024-11-28,Juspay
M001,PAY004942,ORD009347,2024-12-11,UPI,paid,3317.3,0.0,2024-12-16,Cashfree
M001,PAY004943,ORD000948,2024-01-30,Wallet,paid,2777.6,0.0,2024-01-31,Stripe
M001,PAY004944,ORD002022,2024-03-16,Credit Card,refunded,3251.64,2384.53,2024-03-21,Razorpay
M001,PAY004945,ORD005278,2024-07-28,Debit Card,paid,1372.55,0.0,2024-07-31,PayU
M001,PAY004946,ORD006903,2024-10-02,COD,paid,9421.28,0.0,2024-10-07,PhonePe
M001,PAY004947,ORD001030,2024-02-02,Debit Card,paid,5814.02,0.0,2024-02-03,Juspay
M001,PAY004948,ORD000190,2024-01-07,Debit Card,paid,550.34,0.0,2024-01-12,PhonePe
M001,PAY004949,ORD001090,2024-02-03,Debit Card,paid,6566.22,0.0,2024-02-08,Cashfree
M001,PAY004950,ORD004391,2024-06-16,COD,pending,6640.72,0.0,2024-06-17,Stripe
M001,PAY004951,ORD007474,2024-10-19,COD,paid,3082.48,0.0,2024-10-20,Razorpay
M001,PAY004952,ORD002932,2024-04-20,Credit Card,paid,10087.81,0.0,2024-04-22,Stripe
M001,PAY004953,ORD004299,2024-06-11,COD,paid,4231.5,0.0,2024-06-16,PhonePe
M001,PAY004954,ORD002244,2024-03-25,Credit Card,paid,880.25,0.0,2024-03-29,PhonePe
M001,PAY004955,ORD003584,2024-05-12,Wallet,paid,7086.63,0.0,2024-05-16,PayU
M001,PAY004956,ORD009368,2024-12-10,UPI,paid,6110.07,0.0,2024-12-15,Cashfree
M001,PAY004957,ORD000336,2024-01-12,Debit Card,paid,5061.16,0.0,2024-01-14,PhonePe
M001,PAY004958,ORD003020,2024-04-23,COD,pending,8131.16,0.0,2024-04-24,Stripe
M001,PAY004959,ORD000885,2024-01-29,COD,paid,8813.82,0.0,2024-02-01,PhonePe
M001,PAY004960,ORD000988,2024-02-01,COD,paid,5520.13,0.0,2024-02-05,PayU
M001,PAY004961,ORD009173,2024-12-06,Wallet,pending,6882.72,0.0,2024-12-07,Razorpay
M001,PAY004962,ORD000103,2024-01-03,UPI,pending,993.23,0.0,2024-01-05,Juspay
M001,PAY004963,ORD000368,2024-01-13,UPI,paid,8488.42,0.0,2024-01-16,Razorpay
M001,PAY004964,ORD006399,2024-09-14,Wallet,paid,5626.61,0.0,2024-09-18,PayU
M001,PAY004965,ORD006009,2024-08-28,UPI,paid,7099.79,0.0,2024-09-01,PayU
M001,PAY004966,ORD000699,2024-01-22,Credit Card,paid,8415.21,0.0,2024-01-23,PhonePe
M001,PAY004967,ORD009683,2024-12-21,COD,paid,5226.68,0.0,2024-12-24,Stripe
M001,PAY004968,ORD003247,2024-05-01,UPI,paid,528.43,0.0,2024-05-04,Stripe
M001,PAY004969,ORD000001,2024-01-01,COD,paid,7609.65,0.0,2024-01-04,PhonePe
M001,PAY004970,ORD003149,2024-04-28,Credit Card,paid,7041.06,0.0,2024-05-02,Stripe
M001,PAY004971,ORD007679,2024-10-25,COD,paid,3422.79,0.0,2024-10-27,Razorpay
M001,PAY004972,ORD008485,2024-11-17,COD,paid,1915.31,0.0,2024-11-19,PhonePe
M001,PAY004973,ORD003355,2024-05-04,COD,paid,8128.01,0.0,2024-05-09,PhonePe
M001,PAY004974,ORD008208,2024-11-09,UPI,paid,4833.7,0.0,2024-11-10,Juspay
M001,PAY004975,ORD004730,2024-07-01,Credit Card,paid,7287.31,0.0,2024-07-02,Cashfree
M001,PAY004976,ORD002570,2024-04-07,UPI,paid,1044.13,0.0,2024-04-12,Juspay
M001,PAY004977,ORD000545,2024-01-18,UPI,refunded,1314.58,614.72,2024-01-23,PhonePe
M001,PAY004978,ORD007502,2024-10-20,UPI,paid,3185.85,0.0,2024-10-25,Razorpay
M001,PAY004979,ORD006887,2024-10-01,COD,paid,7084.82,0.0,2024-10-06,PayU
M001,PAY004980,ORD002047,2024-03-17,UPI,paid,520.63,0.0,2024-03-19,Juspay
M001,PAY004981,ORD002590,2024-04-07,COD,paid,620.99,0.0,2024-04-12,Juspay
M001,PAY004982,ORD006657,2024-09-25,COD,paid,3708.83,0.0,2024-09-28,Stripe
M001,PAY004983,ORD005314,2024-07-30,Debit Card,paid,5855.21,0.0,2024-07-31,PhonePe
M001,PAY004984,ORD002052,2024-03-17,UPI,paid,2468.87,0.0,2024-03-22,Razorpay
M001,PAY004985,ORD007939,2024-11-01,COD,paid,5411.02,0.0,2024-11-04,Juspay
M001,PAY004986,ORD009080,2024-12-03,Wallet,paid,3519.09,0.0,2024-12-04,Cashfree
M001,PAY004987,ORD006924,2024-10-03,NetBanking,paid,3395.58,0.0,2024-10-06,PhonePe
M001,PAY004988,ORD008396,2024-11-14,UPI,paid,8025.44,0.0,2024-11-16,Stripe
M001,PAY004989,ORD000831,2024-01-26,NetBanking,paid,7091.84,0.0,2024-01-29,Razorpay
M001,PAY004990,ORD002683,2024-04-11,COD,paid,3632.0,0.0,2024-04-14,Juspay
M001,PAY004991,ORD001713,2024-03-04,COD,paid,6479.47,0.0,2024-03-05,Juspay
M001,PAY004992,ORD005916,2024-08-24,Debit Card,paid,4755.82,0.0,2024-08-26,Stripe
M001,PAY004993,ORD007218,2024-10-12,COD,paid,5151.62,0.0,2024-10-17,PayU
M001,PAY004994,ORD009847,2024-12-26,UPI,paid,1947.44,0.0,2024-12-30,PhonePe
M001,PAY004995,ORD009638,2024-12-19,Credit Card,pending,4897.93,0.0,2024-12-21,PayU
M001,PAY004996,ORD007037,2024-10-05,COD,paid,1342.07,0.0,2024-10-10,Juspay
M001,PAY004997,ORD005117,2024-07-21,Credit Card,failed,0.0,0.0,2024-07-21,Cashfree
M001,PAY004998,ORD002357,2024-03-30,COD,paid,1893.74,0.0,2024-04-04,Razorpay
M001,PAY004999,ORD002363,2024-03-30,Credit Card,paid,3612.62,0.0,2024-04-03,Cashfree
M001,PAY005000,ORD008490,2024-11-16,Credit Card,paid,1377.01,0.0,2024-11-20,PayU
M001,PAY005001,ORD005321,2024-07-30,Debit Card,paid,837.73,0.0,2024-08-03,Cashfree
M001,PAY005002,ORD005795,2024-08-19,Wallet,paid,4632.19,0.0,2024-08-20,Juspay
M001,PAY005003,ORD007418,2024-10-16,Credit Card,failed,0.0,0.0,2024-10-16,Cashfree
M001,PAY005004,ORD005547,2024-08-09,COD,pending,6535.27,0.0,2024-08-10,PayU
M001,PAY005005,ORD007742,2024-10-26,NetBanking,paid,1357.27,0.0,2024-10-29,Cashfree
M001,PAY005006,ORD005044,2024-07-17,COD,paid,7344.62,0.0,2024-07-21,Stripe
M001,PAY005007,ORD007593,2024-10-22,COD,paid,3818.76,0.0,2024-10-23,Razorpay
M001,PAY005008,ORD007862,2024-10-31,COD,paid,6894.78,0.0,2024-11-04,Razorpay
M001,PAY005009,ORD000100,2024-01-04,COD,paid,3822.11,0.0,2024-01-06,PhonePe
M001,PAY005010,ORD003374,2024-05-05,Debit Card,refunded,1618.6,291.09,2024-05-10,Juspay
M001,PAY005011,ORD001496,2024-02-23,COD,paid,4632.51,0.0,2024-02-25,Cashfree
M001,PAY005012,ORD002349,2024-03-29,COD,paid,6922.34,0.0,2024-03-30,Juspay
M001,PAY005013,ORD005779,2024-08-19,Credit Card,paid,5079.13,0.0,2024-08-24,Razorpay
M001,PAY005014,ORD000454,2024-01-14,Credit Card,paid,8180.01,0.0,2024-01-17,Cashfree
M001,PAY005015,ORD005733,2024-08-17,COD,pending,6244.41,0.0,2024-08-19,Razorpay
M001,PAY005016,ORD001227,2024-02-10,Wallet,paid,3074.96,0.0,2024-02-11,Razorpay
M001,PAY005017,ORD007697,2024-10-26,Debit Card,failed,0.0,0.0,2024-10-26,PayU
M001,PAY005018,ORD000726,2024-01-23,Wallet,pending,2277.56,0.0,2024-01-25,Stripe
M001,PAY005019,ORD007261,2024-10-12,UPI,paid,6458.95,0.0,2024-10-17,Juspay
M001,PAY005020,ORD003014,2024-04-22,UPI,paid,1598.98,0.0,2024-04-27,Cashfree
M001,PAY005021,ORD003610,2024-05-13,UPI,refunded,576.74,317.6,2024-05-15,Juspay
M001,PAY005022,ORD004194,2024-06-06,Debit Card,paid,1401.04,0.0,2024-06-08,PhonePe
M001,PAY005023,ORD004272,2024-06-09,Wallet,paid,561.23,0.0,2024-06-11,PhonePe
M001,PAY005024,ORD003698,2024-05-18,UPI,paid,6318.74,0.0,2024-05-22,Stripe
M001,PAY005025,ORD008371,2024-11-14,UPI,paid,6843.07,0.0,2024-11-16,PayU
M001,PAY005026,ORD003297,2024-05-03,Debit Card,paid,8073.08,0.0,2024-05-08,PayU
M001,PAY005027,ORD001621,2024-02-29,Credit Card,paid,1367.85,0.0,2024-03-03,Juspay
M001,PAY005028,ORD005747,2024-08-17,Credit Card,paid,7240.5,0.0,2024-08-21,Cashfree
M001,PAY005029,ORD001448,2024-02-20,COD,paid,7490.59,0.0,2024-02-22,PayU
M001,PAY005030,ORD009807,2024-12-25,COD,paid,6776.95,0.0,2024-12-28,Cashfree
M001,PAY005031,ORD003780,2024-05-21,UPI,paid,8174.09,0.0,2024-05-26,PayU
M001,PAY005032,ORD000773,2024-01-25,COD,paid,3190.96,0.0,2024-01-27,Razorpay
M001,PAY005033,ORD003209,2024-04-29,UPI,pending,3293.17,0.0,2024-05-01,PayU
M001,PAY005034,ORD009032,2024-11-30,UPI,paid,5846.66,0.0,2024-12-04,Cashfree
M001,PAY005035,ORD008397,2024-11-13,Wallet,pending,1740.45,0.0,2024-11-15,PhonePe
M001,PAY005036,ORD009343,2024-12-10,COD,paid,8413.48,0.0,2024-12-13,Cashfree
M001,PAY005037,ORD008031,2024-11-05,COD,paid,4865.25,0.0,2024-11-09,Juspay
M001,PAY005038,ORD007997,2024-11-04,COD,paid,4913.82,0.0,2024-11-08,Juspay
M001,PAY005039,ORD004449,2024-06-19,Wallet,paid,1476.68,0.0,2024-06-21,Cashfree
M001,PAY005040,ORD006646,2024-09-24,COD,paid,4768.58,0.0,2024-09-29,PayU
M001,PAY005041,ORD000815,2024-01-27,Debit Card,paid,7633.28,0.0,2024-01-30,PayU
M001,PAY005042,ORD008838,2024-11-25,UPI,paid,1728.46,0.0,2024-11-28,PayU
M001,PAY005043,ORD002423,2024-04-01,NetBanking,paid,8440.21,0.0,2024-04-05,PhonePe
M001,PAY005044,ORD005874,2024-08-21,COD,paid,1503.58,0.0,2024-08-25,PhonePe
M001,PAY005045,ORD009827,2024-12-26,Debit Card,refunded,7696.88,1084.23,2024-12-31,PhonePe
M001,PAY005046,ORD004385,2024-06-16,COD,refunded,7180.28,4887.27,2024-06-17,Razorpay
M001,PAY005047,ORD009307,2024-12-08,UPI,paid,6057.13,0.0,2024-12-13,Cashfree
M001,PAY005048,ORD003083,2024-04-26,UPI,paid,2513.06,0.0,2024-05-01,PhonePe
M001,PAY005049,ORD009224,2024-12-06,COD,paid,2283.64,0.0,2024-12-07,Cashfree
M001,PAY005050,ORD009815,2024-12-25,COD,paid,2018.0,0.0,2024-12-28,Razorpay
M001,PAY005051,ORD005662,2024-08-14,Debit Card,paid,7802.84,0.0,2024-08-17,Razorpay
M001,PAY005052,ORD002818,2024-04-15,UPI,paid,6427.51,0.0,2024-04-20,PayU
M001,PAY005053,ORD001744,2024-03-04,Credit Card,paid,6841.2,0.0,2024-03-06,PayU
M001,PAY005054,ORD009046,2024-12-01,UPI,paid,958.42,0.0,2024-12-03,PhonePe
M001,PAY005055,ORD005129,2024-07-21,Debit Card,paid,9183.57,0.0,2024-07-23,PhonePe
M001,PAY005056,ORD004943,2024-07-12,Credit Card,paid,1027.53,0.0,2024-07-16,Razorpay
M001,PAY005057,ORD008403,2024-11-13,Wallet,pending,3893.94,0.0,2024-11-14,Razorpay
M001,PAY005058,ORD007948,2024-11-02,COD,paid,10909.19,0.0,2024-11-05,PhonePe
M001,PAY005059,ORD002468,2024-04-03,COD,paid,5822.77,0.0,2024-04-07,Cashfree
M001,PAY005060,ORD006830,2024-09-30,UPI,paid,3479.57,0.0,2024-10-04,Cashfree
M001,PAY005061,ORD001218,2024-02-09,UPI,paid,8645.37,0.0,2024-02-13,Juspay
M001,PAY005062,ORD002383,2024-04-01,Credit Card,paid,8065.18,0.0,2024-04-05,Stripe
M001,PAY005063,ORD006880,2024-10-02,Debit Card,paid,2362.72,0.0,2024-10-05,PayU
M001,PAY005064,ORD005867,2024-08-21,COD,paid,9057.73,0.0,2024-08-23,PhonePe
M001,PAY005065,ORD004208,2024-06-06,Credit Card,paid,1340.06,0.0,2024-06-07,Cashfree
M001,PAY005066,ORD001310,2024-02-13,Credit Card,paid,1009.26,0.0,2024-02-15,PhonePe
M001,PAY005067,ORD008507,2024-11-17,Credit Card,paid,569.63,0.0,2024-11-19,Stripe
M001,PAY005068,ORD005120,2024-07-21,Debit Card,paid,1598.84,0.0,2024-07-22,Razorpay
M001,PAY005069,ORD009719,2024-12-22,COD,paid,2198.27,0.0,2024-12-24,Stripe
M001,PAY005070,ORD001575,2024-02-26,Wallet,paid,1497.91,0.0,2024-02-29,PayU
M001,PAY005071,ORD002242,2024-03-24,COD,refunded,6746.25,5608.5,2024-03-25,PhonePe
M001,PAY005072,ORD001047,2024-02-02,Debit Card,paid,1604.74,0.0,2024-02-07,Razorpay
M001,PAY005073,ORD005322,2024-07-31,UPI,refunded,4305.84,545.73,2024-08-05,Juspay
M001,PAY005074,ORD003350,2024-05-05,Credit Card,refunded,8235.86,4533.65,2024-05-06,Cashfree
M001,PAY005075,ORD001222,2024-02-09,COD,paid,7154.21,0.0,2024-02-13,Razorpay
M001,PAY005076,ORD003943,2024-05-27,NetBanking,paid,3243.02,0.0,2024-05-28,PayU
M001,PAY005077,ORD005306,2024-07-29,Debit Card,paid,6210.59,0.0,2024-08-01,PayU
M001,PAY005078,ORD008704,2024-11-22,UPI,paid,7879.98,0.0,2024-11-25,Juspay
M001,PAY005079,ORD008938,2024-11-28,COD,paid,7006.36,0.0,2024-11-29,Stripe
M001,PAY005080,ORD002471,2024-04-03,UPI,paid,2107.54,0.0,2024-04-08,PayU
M001,PAY005081,ORD004721,2024-07-01,COD,paid,3305.36,0.0,2024-07-03,Razorpay
M001,PAY005082,ORD004368,2024-06-15,COD,paid,5976.75,0.0,2024-06-16,Juspay
M001,PAY005083,ORD008221,2024-11-09,Credit Card,paid,7892.68,0.0,2024-11-11,PayU
M001,PAY005084,ORD009371,2024-12-11,UPI,failed,0.0,0.0,2024-12-11,Razorpay
M001,PAY005085,ORD002861,2024-04-17,UPI,paid,1874.59,0.0,2024-04-18,PhonePe
M001,PAY005086,ORD009164,2024-12-05,COD,paid,2561.57,0.0,2024-12-07,Razorpay
M001,PAY005087,ORD008470,2024-11-16,UPI,paid,9909.0,0.0,2024-11-20,PhonePe
M001,PAY005088,ORD004213,2024-06-07,Credit Card,refunded,1830.23,776.41,2024-06-10,Stripe
M001,PAY005089,ORD003815,2024-05-22,UPI,paid,6869.52,0.0,2024-05-26,Stripe
M001,PAY005090,ORD002193,2024-03-22,Debit Card,paid,6653.57,0.0,2024-03-26,Juspay
M001,PAY005091,ORD005225,2024-07-26,Debit Card,paid,2893.97,0.0,2024-07-29,Razorpay
M001,PAY005092,ORD002909,2024-04-19,COD,paid,7064.88,0.0,2024-04-24,PhonePe
M001,PAY005093,ORD002238,2024-03-25,UPI,paid,8198.82,0.0,2024-03-27,PayU
M001,PAY005094,ORD008019,2024-11-04,UPI,paid,6105.89,0.0,2024-11-06,Juspay
M001,PAY005095,ORD009980,2024-12-31,Credit Card,paid,7314.88,0.0,2025-01-03,Juspay
M001,PAY005096,ORD005424,2024-08-03,Debit Card,paid,3895.24,0.0,2024-08-06,Cashfree
M001,PAY005097,ORD006800,2024-09-30,Debit Card,paid,5182.43,0.0,2024-10-01,PhonePe
M001,PAY005098,ORD008697,2024-11-22,COD,paid,3097.05,0.0,2024-11-25,Razorpay
M001,PAY005099,ORD007071,2024-10-07,Wallet,paid,5721.29,0.0,2024-10-11,Razorpay
M001,PAY005100,ORD009749,2024-12-24,COD,paid,7285.95,0.0,2024-12-26,PhonePe
M001,PAY005101,ORD001152,2024-02-06,COD,paid,7262.51,0.0,2024-02-08,PhonePe
M001,PAY005102,ORD007902,2024-11-01,Credit Card,failed,0.0,0.0,2024-11-01,PayU
M001,PAY005103,ORD002106,2024-03-18,NetBanking,paid,8853.46,0.0,2024-03-23,Razorpay
M001,PAY005104,ORD005983,2024-08-27,UPI,refunded,1670.17,306.64,2024-08-31,Stripe
M001,PAY005105,ORD008869,2024-11-27,COD,paid,3187.29,0.0,2024-11-29,PayU
M001,PAY005106,ORD005358,2024-08-01,COD,paid,3984.37,0.0,2024-08-04,PhonePe
M001,PAY005107,ORD005309,2024-07-31,UPI,paid,1825.66,0.0,2024-08-04,PayU
M001,PAY005108,ORD005959,2024-08-26,UPI,paid,9558.95,0.0,2024-08-29,Cashfree
M001,PAY005109,ORD003727,2024-05-19,Credit Card,paid,5097.24,0.0,2024-05-24,PayU
M001,PAY005110,ORD003897,2024-05-25,COD,paid,9034.83,0.0,2024-05-28,Juspay
M001,PAY005111,ORD009204,2024-12-06,UPI,paid,3849.11,0.0,2024-12-11,PayU
M001,PAY005112,ORD009155,2024-12-04,Wallet,paid,689.08,0.0,2024-12-06,Juspay
M001,PAY005113,ORD001663,2024-03-01,Wallet,paid,7206.71,0.0,2024-03-05,PayU
M001,PAY005114,ORD008128,2024-11-07,COD,paid,3165.06,0.0,2024-11-10,Razorpay
M001,PAY005115,ORD007817,2024-10-30,Debit Card,paid,6538.87,0.0,2024-11-02,Stripe
M001,PAY005116,ORD005605,2024-08-12,COD,paid,1666.42,0.0,2024-08-14,PayU
M001,PAY005117,ORD003998,2024-05-29,NetBanking,paid,9506.72,0.0,2024-06-03,Juspay
M001,PAY005118,ORD005463,2024-08-05,COD,paid,7879.43,0.0,2024-08-09,Razorpay
M001,PAY005119,ORD008858,2024-11-27,Credit Card,paid,8845.13,0.0,2024-12-01,PayU
M001,PAY005120,ORD003567,2024-05-12,UPI,failed,0.0,0.0,2024-05-12,PayU
M001,PAY005121,ORD006450,2024-09-15,COD,paid,5617.2,0.0,2024-09-20,Cashfree
M001,PAY005122,ORD005696,2024-08-16,COD,paid,9940.18,0.0,2024-08-21,Razorpay
M001,PAY005123,ORD004315,2024-06-13,COD,paid,5952.81,0.0,2024-06-14,Stripe
M001,PAY005124,ORD003201,2024-04-29,COD,paid,3342.56,0.0,2024-05-03,Razorpay
M001,PAY005125,ORD003907,2024-05-25,UPI,paid,7621.99,0.0,2024-05-29,Stripe
M001,PAY005126,ORD004802,2024-07-04,COD,paid,9163.79,0.0,2024-07-06,PayU
M001,PAY005127,ORD008642,2024-11-21,COD,paid,4403.81,0.0,2024-11-25,PhonePe
M001,PAY005128,ORD004986,2024-07-15,Credit Card,paid,3668.55,0.0,2024-07-18,Razorpay
M001,PAY005129,ORD008948,2024-11-28,Credit Card,paid,5497.54,0.0,2024-12-01,Stripe
M001,PAY005130,ORD008101,2024-11-06,UPI,paid,7350.55,0.0,2024-11-09,Razorpay
M001,PAY005131,ORD002169,2024-03-22,NetBanking,paid,8301.26,0.0,2024-03-25,Cashfree
M001,PAY005132,ORD002214,2024-03-22,Credit Card,paid,3945.44,0.0,2024-03-23,Stripe
M001,PAY005133,ORD009212,2024-12-06,UPI,paid,10634.23,0.0,2024-12-07,Cashfree
M001,PAY005134,ORD007811,2024-10-28,Wallet,paid,7424.16,0.0,2024-10-29,PayU
M001,PAY005135,ORD008526,2024-11-17,Debit Card,paid,6060.1,0.0,2024-11-22,Razorpay
M001,PAY005136,ORD008355,2024-11-13,Debit Card,paid,9874.17,0.0,2024-11-14,Cashfree
M001,PAY005137,ORD002241,2024-03-24,Credit Card,pending,2946.27,0.0,2024-03-26,PhonePe
M001,PAY005138,ORD009910,2024-12-28,COD,paid,1653.95,0.0,2024-12-30,Stripe
M001,PAY005139,ORD005809,2024-08-20,UPI,paid,3149.66,0.0,2024-08-24,Razorpay
M001,PAY005140,ORD002489,2024-04-04,COD,paid,6631.93,0.0,2024-04-08,Cashfree
M001,PAY005141,ORD006256,2024-09-06,COD,paid,7775.6,0.0,2024-09-07,Razorpay
M001,PAY005142,ORD009172,2024-12-06,COD,paid,2528.22,0.0,2024-12-10,Juspay
M001,PAY005143,ORD001993,2024-03-15,Debit Card,paid,10409.15,0.0,2024-03-18,PayU
M001,PAY005144,ORD008847,2024-11-27,COD,failed,0.0,0.0,2024-11-27,Cashfree
M001,PAY005145,ORD002613,2024-04-08,Wallet,failed,0.0,0.0,2024-04-08,PhonePe
M001,PAY005146,ORD000852,2024-01-27,UPI,paid,7200.03,0.0,2024-01-29,PhonePe
M001,PAY005147,ORD002006,2024-03-15,UPI,paid,7528.89,0.0,2024-03-18,Juspay
M001,PAY005148,ORD007110,2024-10-07,COD,paid,6723.0,0.0,2024-10-10,PayU
M001,PAY005149,ORD003414,2024-05-07,Credit Card,paid,6568.7,0.0,2024-05-08,Razorpay
M001,PAY005150,ORD005118,2024-07-21,Debit Card,paid,3442.72,0.0,2024-07-23,PayU
M001,PAY005151,ORD001423,2024-02-19,UPI,paid,7137.79,0.0,2024-02-24,Juspay
M001,PAY005152,ORD004699,2024-06-29,Wallet,paid,5158.14,0.0,2024-07-01,Juspay
M001,PAY005153,ORD003736,2024-05-19,COD,paid,6079.5,0.0,2024-05-24,Stripe
M001,PAY005154,ORD000711,2024-01-24,UPI,paid,9803.85,0.0,2024-01-28,PhonePe
M001,PAY005155,ORD003857,2024-05-23,Debit Card,paid,4261.28,0.0,2024-05-24,Stripe
M001,PAY005156,ORD008617,2024-11-21,COD,paid,2229.97,0.0,2024-11-22,PayU
M001,PAY005157,ORD004521,2024-06-21,COD,paid,5124.87,0.0,2024-06-22,PhonePe
M001,PAY005158,ORD005211,2024-07-26,UPI,paid,2058.81,0.0,2024-07-27,PayU
M001,PAY005159,ORD008554,2024-11-18,UPI,paid,6697.01,0.0,2024-11-22,PhonePe
M001,PAY005160,ORD001816,2024-03-07,COD,paid,674.18,0.0,2024-03-11,Razorpay
M001,PAY005161,ORD006758,2024-09-28,Debit Card,paid,4867.14,0.0,2024-10-03,Razorpay
M001,PAY005162,ORD008875,2024-11-26,COD,paid,5804.4,0.0,2024-11-29,Juspay
M001,PAY005163,ORD005269,2024-07-28,Credit Card,paid,6139.39,0.0,2024-08-01,PayU
M001,PAY005164,ORD003106,2024-04-25,COD,paid,8016.97,0.0,2024-04-30,Stripe
M001,PAY005165,ORD001399,2024-02-17,COD,paid,4958.38,0.0,2024-02-20,PayU
M001,PAY005166,ORD005871,2024-08-22,UPI,paid,8105.91,0.0,2024-08-27,Juspay
M001,PAY005167,ORD009704,2024-12-22,COD,paid,6295.97,0.0,2024-12-25,PayU
M001,PAY005168,ORD006575,2024-09-21,Credit Card,paid,1896.99,0.0,2024-09-25,PhonePe
M001,PAY005169,ORD005471,2024-08-06,COD,failed,0.0,0.0,2024-08-06,Razorpay
M001,PAY005170,ORD002347,2024-03-30,COD,paid,3722.23,0.0,2024-04-02,PayU
M001,PAY005171,ORD009650,2024-12-19,NetBanking,failed,0.0,0.0,2024-12-19,Juspay
M001,PAY005172,ORD008022,2024-11-04,Credit Card,refunded,4553.85,1865.96,2024-11-09,PayU
M001,PAY005173,ORD008246,2024-11-11,COD,paid,3380.15,0.0,2024-11-13,PhonePe
M001,PAY005174,ORD009384,2024-12-11,COD,failed,0.0,0.0,2024-12-11,Razorpay
M001,PAY005175,ORD009963,2024-12-31,Debit Card,paid,10226.5,0.0,2025-01-03,PayU
M001,PAY005176,ORD005953,2024-08-26,Debit Card,failed,0.0,0.0,2024-08-26,Cashfree
M001,PAY005177,ORD007339,2024-10-15,Debit Card,paid,8530.3,0.0,2024-10-16,PhonePe
M001,PAY005178,ORD003290,2024-05-03,COD,paid,6166.2,0.0,2024-05-06,Razorpay
M001,PAY005179,ORD003017,2024-04-23,COD,paid,3859.72,0.0,2024-04-28,Cashfree
M001,PAY005180,ORD006188,2024-09-04,Wallet,paid,2411.19,0.0,2024-09-06,Cashfree
M001,PAY005181,ORD007976,2024-11-02,Debit Card,refunded,5329.27,5456.05,2024-11-03,Cashfree
M001,PAY005182,ORD003947,2024-05-27,Credit Card,paid,7031.81,0.0,2024-05-30,Cashfree
M001,PAY005183,ORD001265,2024-02-12,UPI,paid,2186.81,0.0,2024-02-17,Razorpay
M001,PAY005184,ORD001990,2024-03-15,UPI,paid,10286.42,0.0,2024-03-19,PhonePe
M001,PAY005185,ORD003408,2024-05-07,Credit Card,paid,5447.1,0.0,2024-05-09,Razorpay
M001,PAY005186,ORD008676,2024-11-22,Debit Card,paid,10731.14,0.0,2024-11-23,Juspay
M001,PAY005187,ORD009138,2024-12-05,UPI,pending,10867.17,0.0,2024-12-07,PayU
M001,PAY005188,ORD006481,2024-09-17,Debit Card,paid,4509.53,0.0,2024-09-21,Razorpay
M001,PAY005189,ORD009557,2024-12-16,Wallet,paid,8647.88,0.0,2024-12-20,PhonePe
M001,PAY005190,ORD006194,2024-09-05,Wallet,paid,938.55,0.0,2024-09-10,Juspay
M001,PAY005191,ORD007473,2024-10-18,COD,paid,6438.43,0.0,2024-10-20,Cashfree
M001,PAY005192,ORD001731,2024-03-03,NetBanking,pending,4757.79,0.0,2024-03-05,PayU
M001,PAY005193,ORD003003,2024-04-21,UPI,paid,4276.69,0.0,2024-04-23,PayU
M001,PAY005194,ORD006100,2024-09-01,Debit Card,paid,7670.05,0.0,2024-09-05,Razorpay
M001,PAY005195,ORD004374,2024-06-15,UPI,paid,2720.64,0.0,2024-06-16,Razorpay
M001,PAY005196,ORD003926,2024-05-26,Wallet,paid,3713.65,0.0,2024-05-31,PhonePe
M001,PAY005197,ORD009700,2024-12-22,COD,paid,5983.73,0.0,2024-12-27,Cashfree
M001,PAY005198,ORD001928,2024-03-12,Credit Card,paid,3383.94,0.0,2024-03-16,Razorpay
M001,PAY005199,ORD009566,2024-12-18,COD,paid,5552.62,0.0,2024-12-23,Stripe
M001,PAY005200,ORD008713,2024-11-23,Wallet,paid,8877.39,0.0,2024-11-27,Stripe
M001,PAY005201,ORD002038,2024-03-15,Credit Card,paid,6792.78,0.0,2024-03-16,Cashfree
M001,PAY005202,ORD002719,2024-04-12,Credit Card,paid,2579.69,0.0,2024-04-14,Cashfree
M001,PAY005203,ORD001996,2024-03-14,Credit Card,paid,7625.63,0.0,2024-03-17,Juspay
M001,PAY005204,ORD001199,2024-02-09,Wallet,paid,4233.15,0.0,2024-02-10,Cashfree
M001,PAY005205,ORD005329,2024-07-31,Wallet,paid,6585.78,0.0,2024-08-02,Cashfree
M001,PAY005206,ORD009233,2024-12-07,Debit Card,paid,7168.58,0.0,2024-12-12,PhonePe
M001,PAY005207,ORD006571,2024-09-20,Credit Card,paid,9380.72,0.0,2024-09-24,Razorpay
M001,PAY005208,ORD008886,2024-11-27,COD,paid,2590.74,0.0,2024-12-02,Cashfree
M001,PAY005209,ORD009250,2024-12-08,NetBanking,paid,4834.51,0.0,2024-12-12,Stripe
M001,PAY005210,ORD009342,2024-12-11,COD,paid,7326.04,0.0,2024-12-15,Stripe
M001,PAY005211,ORD007422,2024-10-17,COD,paid,9396.08,0.0,2024-10-21,PayU
M001,PAY005212,ORD005009,2024-07-16,Wallet,paid,6580.19,0.0,2024-07-19,PhonePe
M001,PAY005213,ORD001432,2024-02-19,NetBanking,paid,8565.88,0.0,2024-02-22,Razorpay
M001,PAY005214,ORD002907,2024-04-18,UPI,paid,7947.86,0.0,2024-04-22,Razorpay
M001,PAY005215,ORD002311,2024-03-28,COD,paid,1687.46,0.0,2024-04-02,PhonePe
M001,PAY005216,ORD008882,2024-11-27,Credit Card,failed,0.0,0.0,2024-11-27,PhonePe
M001,PAY005217,ORD002189,2024-03-21,NetBanking,paid,5852.86,0.0,2024-03-24,PhonePe
M001,PAY005218,ORD006507,2024-09-19,Credit Card,paid,3005.13,0.0,2024-09-20,Razorpay
M001,PAY005219,ORD007699,2024-10-26,COD,paid,7993.88,0.0,2024-10-27,Stripe
M001,PAY005220,ORD008180,2024-11-09,COD,paid,3942.87,0.0,2024-11-10,Razorpay
M001,PAY005221,ORD001080,2024-02-03,Credit Card,paid,3138.68,0.0,2024-02-05,Razorpay
M001,PAY005222,ORD009920,2024-12-28,COD,paid,1628.33,0.0,2024-12-29,Juspay
M001,PAY005223,ORD009081,2024-12-03,Credit Card,paid,9141.2,0.0,2024-12-06,Juspay
M001,PAY005224,ORD003492,2024-05-10,NetBanking,paid,3234.18,0.0,2024-05-15,Cashfree
M001,PAY005225,ORD005510,2024-08-07,Debit Card,paid,9227.24,0.0,2024-08-09,PhonePe
M001,PAY005226,ORD001220,2024-02-09,Wallet,paid,3269.85,0.0,2024-02-11,Stripe
M001,PAY005227,ORD005951,2024-08-25,UPI,paid,7250.34,0.0,2024-08-28,Cashfree
M001,PAY005228,ORD002881,2024-04-18,COD,paid,2311.58,0.0,2024-04-21,PayU
M001,PAY005229,ORD002322,2024-03-29,UPI,paid,9190.96,0.0,2024-04-02,PhonePe
M001,PAY005230,ORD003344,2024-05-05,COD,paid,7880.61,0.0,2024-05-07,Stripe
M001,PAY005231,ORD005124,2024-07-22,NetBanking,paid,4615.76,0.0,2024-07-23,PayU
M001,PAY005232,ORD004638,2024-06-26,Credit Card,paid,2440.56,0.0,2024-06-27,Juspay
M001,PAY005233,ORD009170,2024-12-06,COD,paid,2913.16,0.0,2024-12-11,PhonePe
M001,PAY005234,ORD008963,2024-11-28,UPI,paid,7544.54,0.0,2024-11-29,Razorpay
M001,PAY005235,ORD006062,2024-08-31,Credit Card,paid,507.12,0.0,2024-09-05,Juspay
M001,PAY005236,ORD009357,2024-12-11,COD,paid,6731.43,0.0,2024-12-14,PhonePe
M001,PAY005237,ORD008088,2024-11-06,UPI,paid,7020.25,0.0,2024-11-09,Stripe
M001,PAY005238,ORD007427,2024-10-17,Wallet,paid,1186.52,0.0,2024-10-20,PayU
M001,PAY005239,ORD005147,2024-07-23,COD,refunded,6178.67,5280.82,2024-07-27,Juspay
M001,PAY005240,ORD000635,2024-01-21,COD,paid,2558.03,0.0,2024-01-23,Stripe
M001,PAY005241,ORD008378,2024-11-14,Wallet,paid,3215.95,0.0,2024-11-19,Stripe
M001,PAY005242,ORD003257,2024-05-02,Wallet,pending,3761.03,0.0,2024-05-04,Razorpay
M001,PAY005243,ORD008878,2024-11-27,NetBanking,paid,2778.43,0.0,2024-11-28,Juspay
M001,PAY005244,ORD004542,2024-06-23,Debit Card,paid,3461.17,0.0,2024-06-28,Cashfree
M001,PAY005245,ORD000920,2024-01-30,UPI,paid,8895.12,0.0,2024-02-04,Stripe
M001,PAY005246,ORD006889,2024-10-02,Credit Card,paid,2186.35,0.0,2024-10-04,Cashfree
M001,PAY005247,ORD005604,2024-08-11,COD,pending,6413.66,0.0,2024-08-12,Razorpay
M001,PAY005248,ORD003113,2024-04-26,UPI,paid,5798.67,0.0,2024-04-27,PhonePe
M001,PAY005249,ORD004856,2024-07-07,Credit Card,paid,520.15,0.0,2024-07-12,Cashfree
M001,PAY005250,ORD008290,2024-11-11,Credit Card,paid,3816.34,0.0,2024-11-14,Cashfree
M001,PAY005251,ORD002153,2024-03-20,COD,paid,4640.83,0.0,2024-03-21,Cashfree
M001,PAY005252,ORD009176,2024-12-06,Debit Card,refunded,3774.08,1836.98,2024-12-08,PayU
M001,PAY005253,ORD006730,2024-09-26,COD,paid,5919.95,0.0,2024-09-29,Razorpay
M001,PAY005254,ORD000470,2024-01-16,Wallet,paid,7939.0,0.0,2024-01-17,Razorpay
M001,PAY005255,ORD009196,2024-12-05,COD,paid,7512.04,0.0,2024-12-06,Cashfree
M001,PAY005256,ORD000383,2024-01-12,UPI,paid,6477.97,0.0,2024-01-15,PayU
M001,PAY005257,ORD005263,2024-07-27,UPI,paid,7057.07,0.0,2024-07-30,Juspay
M001,PAY005258,ORD005150,2024-07-22,UPI,paid,7811.4,0.0,2024-07-27,Stripe
M001,PAY005259,ORD006696,2024-09-25,COD,paid,7655.22,0.0,2024-09-29,Razorpay
M001,PAY005260,ORD004646,2024-06-26,Credit Card,paid,4132.12,0.0,2024-06-29,Stripe
M001,PAY005261,ORD002417,2024-04-01,COD,paid,863.27,0.0,2024-04-06,Cashfree
M001,PAY005262,ORD004720,2024-06-30,Credit Card,paid,6233.72,0.0,2024-07-03,Juspay
M001,PAY005263,ORD007807,2024-10-28,UPI,paid,6621.76,0.0,2024-11-01,Razorpay
M001,PAY005264,ORD005078,2024-07-18,UPI,paid,8233.68,0.0,2024-07-22,PhonePe
M001,PAY005265,ORD007480,2024-10-18,COD,paid,7441.57,0.0,2024-10-22,PhonePe
M001,PAY005266,ORD000886,2024-01-28,UPI,paid,7626.92,0.0,2024-01-31,PayU
M001,PAY005267,ORD007960,2024-11-02,Wallet,paid,3290.55,0.0,2024-11-04,Razorpay
M001,PAY005268,ORD008861,2024-11-26,UPI,paid,8365.17,0.0,2024-11-28,PhonePe
M001,PAY005269,ORD000588,2024-01-20,UPI,pending,2554.83,0.0,2024-01-22,PhonePe
M001,PAY005270,ORD000318,2024-01-10,Credit Card,paid,7683.95,0.0,2024-01-14,Cashfree
M001,PAY005271,ORD000458,2024-01-15,UPI,paid,4994.82,0.0,2024-01-17,Juspay
M001,PAY005272,ORD001342,2024-02-15,COD,paid,2756.84,0.0,2024-02-16,PayU
M001,PAY005273,ORD001363,2024-02-15,COD,paid,6177.08,0.0,2024-02-18,Stripe
M001,PAY005274,ORD009000,2024-11-30,COD,paid,4710.89,0.0,2024-12-02,Razorpay
M001,PAY005275,ORD000783,2024-01-26,Credit Card,paid,8112.26,0.0,2024-01-28,PayU
M001,PAY005276,ORD000628,2024-01-21,COD,pending,1592.09,0.0,2024-01-23,Razorpay
M001,PAY005277,ORD002158,2024-03-20,Debit Card,paid,6495.59,0.0,2024-03-23,Cashfree
M001,PAY005278,ORD008665,2024-11-21,Wallet,refunded,6143.7,4295.21,2024-11-23,Stripe
M001,PAY005279,ORD007423,2024-10-17,UPI,paid,6710.11,0.0,2024-10-18,PhonePe
M001,PAY005280,ORD002661,2024-04-10,UPI,refunded,5309.99,2180.08,2024-04-12,Razorpay
M001,PAY005281,ORD000851,2024-01-28,COD,paid,2135.11,0.0,2024-01-31,Juspay
M001,PAY005282,ORD002430,2024-04-02,Credit Card,paid,5846.4,0.0,2024-04-05,Juspay
M001,PAY005283,ORD003228,2024-04-30,COD,paid,5707.31,0.0,2024-05-05,PhonePe
M001,PAY005284,ORD001751,2024-03-04,Credit Card,paid,2187.38,0.0,2024-03-05,Stripe
M001,PAY005285,ORD004888,2024-07-09,COD,paid,4189.06,0.0,2024-07-11,Razorpay
M001,PAY005286,ORD004647,2024-06-27,Credit Card,paid,2218.25,0.0,2024-07-02,Cashfree
M001,PAY005287,ORD001294,2024-02-13,UPI,paid,4203.77,0.0,2024-02-17,PhonePe
M001,PAY005288,ORD007435,2024-10-17,COD,paid,6451.94,0.0,2024-10-18,Juspay
M001,PAY005289,ORD008074,2024-11-05,UPI,paid,3966.22,0.0,2024-11-06,Stripe
M001,PAY005290,ORD007168,2024-10-10,NetBanking,paid,6525.76,0.0,2024-10-15,Stripe
M001,PAY005291,ORD000429,2024-01-13,UPI,paid,6940.26,0.0,2024-01-14,Razorpay
M001,PAY005292,ORD009549,2024-12-17,COD,paid,8764.15,0.0,2024-12-19,PhonePe
M001,PAY005293,ORD002045,2024-03-17,Debit Card,paid,924.47,0.0,2024-03-19,PhonePe
M001,PAY005294,ORD002799,2024-04-15,NetBanking,paid,5733.64,0.0,2024-04-16,PhonePe
M001,PAY005295,ORD009020,2024-11-30,COD,paid,6755.17,0.0,2024-12-04,Razorpay
M001,PAY005296,ORD002800,2024-04-14,UPI,paid,4816.58,0.0,2024-04-19,PhonePe
M001,PAY005297,ORD001771,2024-03-05,Wallet,paid,9261.61,0.0,2024-03-08,Juspay
M001,PAY005298,ORD002147,2024-03-21,Debit Card,paid,6013.83,0.0,2024-03-24,PayU
M001,PAY005299,ORD009008,2024-11-30,Credit Card,paid,9459.18,0.0,2024-12-03,PayU
M001,PAY005300,ORD002863,2024-04-17,Credit Card,paid,6807.56,0.0,2024-04-18,PayU
M001,PAY005301,ORD005517,2024-08-08,Debit Card,paid,4469.91,0.0,2024-08-09,PhonePe
M001,PAY005302,ORD009030,2024-11-30,UPI,paid,5251.54,0.0,2024-12-03,Cashfree
M001,PAY005303,ORD009668,2024-12-21,UPI,failed,0.0,0.0,2024-12-21,Cashfree
M001,PAY005304,ORD003984,2024-05-28,COD,paid,4545.39,0.0,2024-05-30,Cashfree
M001,PAY005305,ORD009726,2024-12-22,Debit Card,paid,8834.7,0.0,2024-12-24,PhonePe
M001,PAY005306,ORD006949,2024-10-04,Credit Card,paid,3110.02,0.0,2024-10-08,Cashfree
M001,PAY005307,ORD007336,2024-10-14,COD,paid,2904.48,0.0,2024-10-18,Stripe
M001,PAY005308,ORD002315,2024-03-27,UPI,paid,4212.13,0.0,2024-04-01,Cashfree
M001,PAY005309,ORD007016,2024-10-06,Wallet,paid,1849.63,0.0,2024-10-11,PayU
M001,PAY005310,ORD000407,2024-01-13,COD,paid,771.31,0.0,2024-01-16,Razorpay
M001,PAY005311,ORD005190,2024-07-24,Debit Card,paid,9231.35,0.0,2024-07-27,PhonePe
M001,PAY005312,ORD008391,2024-11-13,NetBanking,paid,9114.45,0.0,2024-11-17,PayU
M001,PAY005313,ORD000611,2024-01-20,UPI,pending,1800.35,0.0,2024-01-22,Cashfree
M001,PAY005314,ORD006499,2024-09-18,COD,paid,7560.73,0.0,2024-09-23,PhonePe
M001,PAY005315,ORD000275,2024-01-10,UPI,failed,0.0,0.0,2024-01-10,Stripe
M001,PAY005316,ORD003419,2024-05-06,UPI,paid,3066.46,0.0,2024-05-07,PayU
M001,PAY005317,ORD005409,2024-08-03,Debit Card,failed,0.0,0.0,2024-08-03,PhonePe
M001,PAY005318,ORD009539,2024-12-17,UPI,paid,4306.46,0.0,2024-12-20,Razorpay
M001,PAY005319,ORD008242,2024-11-09,Credit Card,paid,4232.53,0.0,2024-11-13,Juspay
M001,PAY005320,ORD008516,2024-11-18,UPI,refunded,1389.54,833.46,2024-11-20,PhonePe
M001,PAY005321,ORD001723,2024-03-03,COD,paid,3455.81,0.0,2024-03-06,Stripe
M001,PAY005322,ORD001810,2024-03-07,Debit Card,paid,4491.27,0.0,2024-03-10,Stripe
M001,PAY005323,ORD004899,2024-07-10,COD,paid,5244.71,0.0,2024-07-12,Juspay
M001,PAY005324,ORD002576,2024-04-07,Debit Card,paid,7083.18,0.0,2024-04-10,Juspay
M001,PAY005325,ORD006066,2024-08-30,Debit Card,paid,9351.48,0.0,2024-08-31,Stripe
M001,PAY005326,ORD003260,2024-05-02,Credit Card,paid,2974.35,0.0,2024-05-03,Cashfree
M001,PAY005327,ORD000374,2024-01-13,NetBanking,paid,8378.56,0.0,2024-01-15,Stripe
M001,PAY005328,ORD007414,2024-10-17,UPI,paid,4320.87,0.0,2024-10-20,Razorpay
M001,PAY005329,ORD004395,2024-06-16,Wallet,paid,8878.69,0.0,2024-06-18,Razorpay
M001,PAY005330,ORD006782,2024-09-28,UPI,paid,6837.95,0.0,2024-09-29,Cashfree
M001,PAY005331,ORD008316,2024-11-11,Wallet,paid,3728.73,0.0,2024-11-15,Stripe
M001,PAY005332,ORD009973,2024-12-30,Credit Card,pending,9178.49,0.0,2024-12-31,Stripe
M001,PAY005333,ORD002452,2024-04-03,Wallet,paid,8569.75,0.0,2024-04-07,PhonePe
M001,PAY005334,ORD000543,2024-01-17,Credit Card,refunded,2477.89,648.01,2024-01-18,Razorpay
M001,PAY005335,ORD001217,2024-02-08,UPI,paid,3660.92,0.0,2024-02-11,Razorpay
M001,PAY005336,ORD002837,2024-04-15,COD,refunded,8273.66,3796.37,2024-04-17,PhonePe
M001,PAY005337,ORD000120,2024-01-04,UPI,pending,4105.96,0.0,2024-01-06,PhonePe
M001,PAY005338,ORD001088,2024-02-04,Credit Card,paid,9081.6,0.0,2024-02-09,PayU
M001,PAY005339,ORD003282,2024-05-02,Wallet,paid,9043.03,0.0,2024-05-05,Stripe
M001,PAY005340,ORD009290,2024-12-09,COD,failed,0.0,0.0,2024-12-09,Stripe
M001,PAY005341,ORD004132,2024-06-03,UPI,paid,3857.95,0.0,2024-06-08,Juspay
M001,PAY005342,ORD009520,2024-12-15,UPI,paid,1856.81,0.0,2024-12-18,Juspay
M001,PAY005343,ORD000211,2024-01-07,Credit Card,paid,6427.65,0.0,2024-01-09,PayU
M001,PAY005344,ORD004247,2024-06-08,COD,paid,1037.34,0.0,2024-06-09,PhonePe
M001,PAY005345,ORD004759,2024-07-03,UPI,refunded,5753.43,4541.17,2024-07-06,Cashfree
M001,PAY005346,ORD000865,2024-01-27,Credit Card,paid,669.37,0.0,2024-02-01,Razorpay
M001,PAY005347,ORD003032,2024-04-23,UPI,refunded,2118.44,339.72,2024-04-28,Razorpay
M001,PAY005348,ORD002155,2024-03-21,UPI,paid,7969.81,0.0,2024-03-25,Stripe
M001,PAY005349,ORD006533,2024-09-19,COD,paid,948.43,0.0,2024-09-24,PhonePe
M001,PAY005350,ORD006996,2024-10-05,COD,paid,526.21,0.0,2024-10-08,PhonePe
M001,PAY005351,ORD005729,2024-08-16,UPI,pending,3196.03,0.0,2024-08-18,Cashfree
M001,PAY005352,ORD002978,2024-04-22,Debit Card,pending,2973.06,0.0,2024-04-23,PhonePe
M001,PAY005353,ORD000983,2024-01-30,COD,paid,6164.22,0.0,2024-01-31,Stripe
M001,PAY005354,ORD001200,2024-02-08,UPI,paid,6828.54,0.0,2024-02-12,PayU
M001,PAY005355,ORD003737,2024-05-19,COD,paid,3943.89,0.0,2024-05-23,PhonePe
M001,PAY005356,ORD002440,2024-04-02,UPI,paid,6202.68,0.0,2024-04-03,Juspay
M001,PAY005357,ORD006118,2024-09-02,COD,paid,3196.99,0.0,2024-09-05,Razorpay
M001,PAY005358,ORD008040,2024-11-04,COD,paid,7853.11,0.0,2024-11-05,Razorpay
M001,PAY005359,ORD004558,2024-06-22,Credit Card,paid,726.78,0.0,2024-06-27,Juspay
M001,PAY005360,ORD000833,2024-01-27,COD,paid,5491.01,0.0,2024-02-01,Stripe
M001,PAY005361,ORD005208,2024-07-26,Wallet,paid,5332.55,0.0,2024-07-30,PhonePe
M001,PAY005362,ORD002229,2024-03-24,COD,pending,3449.08,0.0,2024-03-25,PayU
M001,PAY005363,ORD006433,2024-09-16,UPI,paid,3782.31,0.0,2024-09-18,Cashfree
M001,PAY005364,ORD007930,2024-11-01,Credit Card,paid,1300.67,0.0,2024-11-02,PhonePe
M001,PAY005365,ORD001232,2024-02-10,COD,paid,7533.92,0.0,2024-02-14,Cashfree
M001,PAY005366,ORD007931,2024-11-02,COD,paid,3011.68,0.0,2024-11-06,PhonePe
M001,PAY005367,ORD006224,2024-09-05,COD,refunded,683.83,288.81,2024-09-07,PhonePe
M001,PAY005368,ORD000129,2024-01-04,UPI,paid,4917.13,0.0,2024-01-07,Juspay
M001,PAY005369,ORD005657,2024-08-13,Credit Card,paid,1273.29,0.0,2024-08-15,Stripe
M001,PAY005370,ORD000607,2024-01-20,Credit Card,paid,8079.38,0.0,2024-01-23,PayU
M001,PAY005371,ORD003239,2024-04-30,COD,paid,5466.32,0.0,2024-05-01,Juspay
M001,PAY005372,ORD000978,2024-01-31,COD,paid,6354.05,0.0,2024-02-03,PayU
M001,PAY005373,ORD008921,2024-11-28,Wallet,paid,10261.16,0.0,2024-12-01,Stripe
M001,PAY005374,ORD001697,2024-03-02,UPI,paid,1472.39,0.0,2024-03-03,Juspay
M001,PAY005375,ORD007089,2024-10-08,COD,paid,4674.47,0.0,2024-10-10,Razorpay
M001,PAY005376,ORD003646,2024-05-15,UPI,failed,0.0,0.0,2024-05-15,Cashfree
M001,PAY005377,ORD002631,2024-04-08,COD,failed,0.0,0.0,2024-04-08,Stripe
M001,PAY005378,ORD002893,2024-04-18,COD,paid,3934.29,0.0,2024-04-21,PayU
M001,PAY005379,ORD000764,2024-01-24,Wallet,paid,616.44,0.0,2024-01-28,PhonePe
M001,PAY005380,ORD007438,2024-10-18,Credit Card,paid,5168.76,0.0,2024-10-23,PayU
M001,PAY005381,ORD007226,2024-10-12,Debit Card,paid,6637.16,0.0,2024-10-13,Stripe
M001,PAY005382,ORD006969,2024-10-04,COD,paid,9146.75,0.0,2024-10-09,Razorpay
M001,PAY005383,ORD005330,2024-07-30,COD,paid,5089.02,0.0,2024-08-02,Juspay
M001,PAY005384,ORD008919,2024-11-28,UPI,paid,9068.88,0.0,2024-12-01,Stripe
M001,PAY005385,ORD007146,2024-10-08,COD,paid,8665.9,0.0,2024-10-11,Razorpay
M001,PAY005386,ORD002168,2024-03-22,Debit Card,paid,2183.65,0.0,2024-03-23,Stripe
M001,PAY005387,ORD001998,2024-03-14,UPI,paid,7810.37,0.0,2024-03-19,PhonePe
M001,PAY005388,ORD006096,2024-09-01,UPI,paid,2830.81,0.0,2024-09-05,Razorpay
M001,PAY005389,ORD005837,2024-08-20,Debit Card,paid,4538.0,0.0,2024-08-22,Stripe
M001,PAY005390,ORD004227,2024-06-08,COD,paid,7325.59,0.0,2024-06-13,Juspay
M001,PAY005391,ORD008518,2024-11-17,Debit Card,paid,1262.6,0.0,2024-11-22,Cashfree
M001,PAY005392,ORD007681,2024-10-24,COD,paid,2508.71,0.0,2024-10-27,Juspay
M001,PAY005393,ORD002949,2024-04-19,Debit Card,paid,2610.3,0.0,2024-04-21,PhonePe
M001,PAY005394,ORD001490,2024-02-21,Credit Card,paid,7920.8,0.0,2024-02-23,Stripe
M001,PAY005395,ORD003468,2024-05-10,UPI,paid,5407.36,0.0,2024-05-14,Razorpay
M001,PAY005396,ORD007904,2024-10-31,Wallet,paid,3137.39,0.0,2024-11-01,Stripe
M001,PAY005397,ORD000537,2024-01-18,Credit Card,paid,4322.25,0.0,2024-01-21,Stripe
M001,PAY005398,ORD005348,2024-08-01,UPI,paid,7280.54,0.0,2024-08-06,Razorpay
M001,PAY005399,ORD009015,2024-11-30,COD,paid,2308.06,0.0,2024-12-03,Razorpay
M001,PAY005400,ORD003597,2024-05-13,COD,paid,2812.12,0.0,2024-05-14,Juspay
M001,PAY005401,ORD007668,2024-10-25,Debit Card,paid,8838.92,0.0,2024-10-28,Juspay
M001,PAY005402,ORD003913,2024-05-26,COD,paid,1335.14,0.0,2024-05-29,Razorpay
M001,PAY005403,ORD005389,2024-08-02,UPI,paid,3229.25,0.0,2024-08-05,PayU
M001,PAY005404,ORD007176,2024-10-10,Credit Card,paid,4315.33,0.0,2024-10-15,Stripe
M001,PAY005405,ORD003171,2024-04-29,UPI,paid,1529.65,0.0,2024-04-30,PayU
M001,PAY005406,ORD007758,2024-10-28,Credit Card,paid,2755.8,0.0,2024-11-01,Razorpay
M001,PAY005407,ORD002366,2024-03-30,Debit Card,paid,2002.5,0.0,2024-04-03,Razorpay
M001,PAY005408,ORD007112,2024-10-07,NetBanking,paid,3345.12,0.0,2024-10-08,Razorpay
M001,PAY005409,ORD004711,2024-06-30,Credit Card,refunded,3864.68,3818.42,2024-07-02,Juspay
M001,PAY005410,ORD006428,2024-09-14,COD,paid,8850.62,0.0,2024-09-18,PayU
M001,PAY005411,ORD000505,2024-01-17,Debit Card,paid,7130.01,0.0,2024-01-21,Juspay
M001,PAY005412,ORD008555,2024-11-18,COD,paid,1849.05,0.0,2024-11-23,PhonePe
M001,PAY005413,ORD000513,2024-01-16,COD,paid,6497.57,0.0,2024-01-17,Stripe
M001,PAY005414,ORD006340,2024-09-10,COD,paid,7989.82,0.0,2024-09-13,Stripe
M001,PAY005415,ORD000905,2024-01-29,Debit Card,paid,8028.36,0.0,2024-02-02,Cashfree
M001,PAY005416,ORD008411,2024-11-14,Wallet,paid,5887.15,0.0,2024-11-19,PhonePe
M001,PAY005417,ORD003855,2024-05-23,Debit Card,refunded,7800.23,7795.96,2024-05-25,PayU
M001,PAY005418,ORD000299,2024-01-09,UPI,paid,7879.95,0.0,2024-01-10,PayU
M001,PAY005419,ORD000585,2024-01-20,COD,paid,1471.47,0.0,2024-01-22,PhonePe
M001,PAY005420,ORD002258,2024-03-26,COD,paid,6215.22,0.0,2024-03-30,Stripe
M001,PAY005421,ORD008923,2024-11-28,UPI,paid,698.7,0.0,2024-12-03,Juspay
M001,PAY005422,ORD000702,2024-01-22,UPI,paid,6650.0,0.0,2024-01-27,PhonePe
M001,PAY005423,ORD007280,2024-10-13,Credit Card,paid,4139.02,0.0,2024-10-18,PayU
M001,PAY005424,ORD006142,2024-09-02,Wallet,paid,7617.25,0.0,2024-09-07,Juspay
M001,PAY005425,ORD005852,2024-08-22,UPI,paid,3341.08,0.0,2024-08-23,Razorpay
M001,PAY005426,ORD000340,2024-01-12,UPI,paid,7060.23,0.0,2024-01-17,PayU
M001,PAY005427,ORD008475,2024-11-17,COD,paid,8179.05,0.0,2024-11-18,Juspay
M001,PAY005428,ORD008822,2024-11-25,UPI,paid,3342.1,0.0,2024-11-26,Razorpay
M001,PAY005429,ORD007101,2024-10-08,COD,paid,693.05,0.0,2024-10-10,PhonePe
M001,PAY005430,ORD001052,2024-02-02,Debit Card,pending,10564.45,0.0,2024-02-03,PhonePe
M001,PAY005431,ORD009327,2024-12-10,COD,failed,0.0,0.0,2024-12-10,Juspay
M001,PAY005432,ORD009200,2024-12-05,Debit Card,paid,1800.55,0.0,2024-12-07,PayU
M001,PAY005433,ORD008151,2024-11-07,COD,paid,10078.01,0.0,2024-11-09,Cashfree
M001,PAY005434,ORD008119,2024-11-06,Debit Card,paid,7952.49,0.0,2024-11-08,Juspay
M001,PAY005435,ORD004245,2024-06-09,COD,paid,8861.66,0.0,2024-06-13,PhonePe
M001,PAY005436,ORD001857,2024-03-08,Debit Card,paid,445.18,0.0,2024-03-10,Cashfree
M001,PAY005437,ORD009473,2024-12-15,Credit Card,paid,3439.67,0.0,2024-12-18,Stripe
M001,PAY005438,ORD001657,2024-03-01,Wallet,paid,6893.92,0.0,2024-03-02,Cashfree
M001,PAY005439,ORD004209,2024-06-07,Credit Card,paid,9039.4,0.0,2024-06-12,Juspay
M001,PAY005440,ORD008277,2024-11-10,COD,paid,1497.28,0.0,2024-11-15,Stripe
M001,PAY005441,ORD008641,2024-11-21,COD,paid,4359.01,0.0,2024-11-24,PhonePe
M001,PAY005442,ORD007727,2024-10-27,Debit Card,paid,1192.21,0.0,2024-10-29,Cashfree
M001,PAY005443,ORD005762,2024-08-17,COD,paid,2788.28,0.0,2024-08-21,Razorpay
M001,PAY005444,ORD001153,2024-02-06,COD,paid,5656.13,0.0,2024-02-08,Cashfree
M001,PAY005445,ORD005946,2024-08-24,Wallet,refunded,523.91,86.15,2024-08-29,PayU
M001,PAY005446,ORD002087,2024-03-19,UPI,paid,4915.25,0.0,2024-03-22,PayU
M001,PAY005447,ORD007177,2024-10-09,Credit Card,paid,864.88,0.0,2024-10-11,Stripe
M001,PAY005448,ORD003195,2024-04-30,COD,paid,10547.87,0.0,2024-05-05,Juspay
M001,PAY005449,ORD005233,2024-07-26,Debit Card,paid,4839.94,0.0,2024-07-28,PhonePe
M001,PAY005450,ORD000477,2024-01-16,NetBanking,paid,5891.22,0.0,2024-01-17,PhonePe
M001,PAY005451,ORD002001,2024-03-15,UPI,failed,0.0,0.0,2024-03-15,PayU
M001,PAY005452,ORD005782,2024-08-19,Debit Card,paid,7356.24,0.0,2024-08-23,PhonePe
M001,PAY005453,ORD005684,2024-08-14,COD,refunded,3999.85,2285.51,2024-08-19,PhonePe
M001,PAY005454,ORD004944,2024-07-13,COD,pending,1213.24,0.0,2024-07-14,Cashfree
M001,PAY005455,ORD004462,2024-06-19,UPI,paid,3887.45,0.0,2024-06-20,Cashfree
M001,PAY005456,ORD000492,2024-01-16,COD,paid,4665.29,0.0,2024-01-20,PayU
M001,PAY005457,ORD002792,2024-04-15,Debit Card,paid,7857.53,0.0,2024-04-17,Stripe
M001,PAY005458,ORD003777,2024-05-20,UPI,paid,3060.57,0.0,2024-05-25,Juspay
M001,PAY005459,ORD007759,2024-10-28,COD,paid,5892.91,0.0,2024-10-29,Stripe
M001,PAY005460,ORD002886,2024-04-17,Wallet,paid,2771.65,0.0,2024-04-20,Cashfree
M001,PAY005461,ORD008753,2024-11-23,UPI,paid,6428.99,0.0,2024-11-24,Stripe
M001,PAY005462,ORD006717,2024-09-26,COD,paid,7101.08,0.0,2024-09-29,Razorpay
M001,PAY005463,ORD002333,2024-03-28,Credit Card,paid,6288.34,0.0,2024-04-01,Juspay
M001,PAY005464,ORD002444,2024-04-02,Credit Card,paid,2260.44,0.0,2024-04-03,Cashfree
M001,PAY005465,ORD000443,2024-01-14,UPI,paid,981.36,0.0,2024-01-18,Stripe
M001,PAY005466,ORD005077,2024-07-18,COD,paid,1637.18,0.0,2024-07-21,Juspay
M001,PAY005467,ORD003896,2024-05-26,UPI,paid,4226.15,0.0,2024-05-29,Stripe
M001,PAY005468,ORD001459,2024-02-20,UPI,paid,8444.29,0.0,2024-02-25,Razorpay
M001,PAY005469,ORD000717,2024-01-23,UPI,paid,1882.89,0.0,2024-01-27,Cashfree
M001,PAY005470,ORD001233,2024-02-10,COD,paid,9094.78,0.0,2024-02-13,Cashfree
M001,PAY005471,ORD005019,2024-07-15,COD,paid,6554.93,0.0,2024-07-17,PayU
M001,PAY005472,ORD008674,2024-11-22,Credit Card,paid,1044.04,0.0,2024-11-25,PhonePe
M001,PAY005473,ORD007728,2024-10-26,UPI,paid,4054.43,0.0,2024-10-29,PayU
M001,PAY005474,ORD005855,2024-08-21,UPI,paid,8063.75,0.0,2024-08-23,Cashfree
M001,PAY005475,ORD000176,2024-01-07,Credit Card,refunded,5260.5,5091.52,2024-01-08,Juspay
M001,PAY005476,ORD003721,2024-05-18,UPI,failed,0.0,0.0,2024-05-18,PhonePe
M001,PAY005477,ORD007729,2024-10-27,COD,paid,1818.08,0.0,2024-10-28,Juspay
M001,PAY005478,ORD003234,2024-05-01,Debit Card,paid,10384.88,0.0,2024-05-03,Razorpay
M001,PAY005479,ORD003734,2024-05-19,COD,paid,7389.61,0.0,2024-05-23,Razorpay
M001,PAY005480,ORD006376,2024-09-13,UPI,paid,6266.23,0.0,2024-09-17,PayU
M001,PAY005481,ORD002488,2024-04-03,COD,paid,6554.86,0.0,2024-04-08,Stripe
M001,PAY005482,ORD008722,2024-11-22,COD,paid,6442.18,0.0,2024-11-25,PhonePe
M001,PAY005483,ORD000841,2024-01-27,Wallet,paid,7304.93,0.0,2024-01-30,Stripe
M001,PAY005484,ORD002157,2024-03-21,UPI,paid,1897.33,0.0,2024-03-23,PhonePe
M001,PAY005485,ORD003538,2024-05-11,NetBanking,refunded,445.08,357.88,2024-05-16,Razorpay
M001,PAY005486,ORD007582,2024-10-21,UPI,refunded,6011.78,1099.53,2024-10-24,Juspay
M001,PAY005487,ORD005453,2024-08-04,UPI,refunded,724.5,524.18,2024-08-05,Stripe
M001,PAY005488,ORD006614,2024-09-22,COD,paid,7102.86,0.0,2024-09-25,Juspay
M001,PAY005489,ORD001798,2024-03-06,COD,paid,4405.09,0.0,2024-03-09,Razorpay
M001,PAY005490,ORD006577,2024-09-22,Debit Card,failed,0.0,0.0,2024-09-22,Cashfree
M001,PAY005491,ORD009894,2024-12-27,UPI,paid,6417.38,0.0,2024-12-29,PhonePe
M001,PAY005492,ORD002685,2024-04-12,UPI,paid,11215.51,0.0,2024-04-15,PayU
M001,PAY005493,ORD004348,2024-06-14,COD,paid,7520.36,0.0,2024-06-19,Juspay
M001,PAY005494,ORD009314,2024-12-10,Credit Card,failed,0.0,0.0,2024-12-10,Razorpay
M001,PAY005495,ORD009929,2024-12-28,COD,paid,4206.68,0.0,2024-12-31,PayU
M001,PAY005496,ORD009026,2024-11-30,COD,paid,7119.01,0.0,2024-12-01,PayU
M001,PAY005497,ORD007661,2024-10-25,UPI,failed,0.0,0.0,2024-10-25,Juspay
M001,PAY005498,ORD001735,2024-03-03,COD,paid,4917.12,0.0,2024-03-04,Stripe
M001,PAY005499,ORD003858,2024-05-23,COD,paid,4488.77,0.0,2024-05-26,Cashfree
M001,PAY005500,ORD009647,2024-12-19,UPI,paid,5344.74,0.0,2024-12-24,Cashfree
M001,PAY005501,ORD003761,2024-05-19,COD,paid,2393.94,0.0,2024-05-20,Juspay
M001,PAY005502,ORD009109,2024-12-04,Wallet,paid,9542.6,0.0,2024-12-05,Razorpay
M001,PAY005503,ORD002353,2024-03-30,Wallet,paid,8474.71,0.0,2024-04-03,PayU
M001,PAY005504,ORD005393,2024-08-03,UPI,paid,3501.13,0.0,2024-08-06,PhonePe
M001,PAY005505,ORD006701,2024-09-26,COD,paid,6604.81,0.0,2024-09-28,Cashfree
M001,PAY005506,ORD002448,2024-04-03,Debit Card,paid,2907.78,0.0,2024-04-07,Razorpay
M001,PAY005507,ORD005628,2024-08-12,UPI,paid,800.73,0.0,2024-08-13,Juspay
M001,PAY005508,ORD006469,2024-09-16,Credit Card,paid,957.22,0.0,2024-09-21,Stripe
M001,PAY005509,ORD002535,2024-04-06,UPI,failed,0.0,0.0,2024-04-06,Juspay
M001,PAY005510,ORD009594,2024-12-18,NetBanking,paid,5745.46,0.0,2024-12-22,Razorpay
M001,PAY005511,ORD002764,2024-04-13,COD,pending,6850.46,0.0,2024-04-15,Razorpay
M001,PAY005512,ORD004013,2024-05-29,UPI,paid,1973.32,0.0,2024-05-31,Cashfree
M001,PAY005513,ORD004405,2024-06-17,COD,paid,6218.38,0.0,2024-06-19,PayU
M001,PAY005514,ORD008110,2024-11-07,COD,paid,2247.8,0.0,2024-11-08,Stripe
M001,PAY005515,ORD008646,2024-11-21,Credit Card,paid,6295.24,0.0,2024-11-22,Juspay
M001,PAY005516,ORD005499,2024-08-07,Wallet,paid,1314.41,0.0,2024-08-10,PhonePe
M001,PAY005517,ORD007415,2024-10-16,Debit Card,failed,0.0,0.0,2024-10-16,PayU
M001,PAY005518,ORD002343,2024-03-29,UPI,paid,1393.21,0.0,2024-04-01,Juspay
M001,PAY005519,ORD009917,2024-12-29,Debit Card,paid,6363.52,0.0,2025-01-03,Razorpay
M001,PAY005520,ORD004620,2024-06-26,COD,paid,4174.28,0.0,2024-06-28,PhonePe
M001,PAY005521,ORD009430,2024-12-12,Wallet,paid,5090.31,0.0,2024-12-13,PayU
M001,PAY005522,ORD004442,2024-06-17,Wallet,paid,8101.49,0.0,2024-06-22,Juspay
M001,PAY005523,ORD007947,2024-11-02,Debit Card,paid,5699.0,0.0,2024-11-03,Cashfree
M001,PAY005524,ORD004862,2024-07-07,COD,paid,7730.75,0.0,2024-07-11,Cashfree
M001,PAY005525,ORD000981,2024-01-31,UPI,paid,6813.23,0.0,2024-02-04,PayU
M001,PAY005526,ORD000812,2024-01-27,Debit Card,paid,9597.8,0.0,2024-01-29,Juspay
M001,PAY005527,ORD003250,2024-04-30,COD,paid,3615.24,0.0,2024-05-02,Stripe
M001,PAY005528,ORD007130,2024-10-08,Credit Card,paid,3934.78,0.0,2024-10-10,Razorpay
M001,PAY005529,ORD002317,2024-03-29,UPI,paid,1514.12,0.0,2024-04-01,Juspay
M001,PAY005530,ORD006572,2024-09-21,Debit Card,failed,0.0,0.0,2024-09-21,Juspay
M001,PAY005531,ORD009442,2024-12-14,Credit Card,paid,2738.38,0.0,2024-12-15,Stripe
M001,PAY005532,ORD003741,2024-05-20,Debit Card,paid,2909.4,0.0,2024-05-24,Stripe
M001,PAY005533,ORD003887,2024-05-25,COD,failed,0.0,0.0,2024-05-25,Juspay
M001,PAY005534,ORD007312,2024-10-14,COD,refunded,2056.29,1001.5,2024-10-15,PhonePe
M001,PAY005535,ORD008651,2024-11-20,Credit Card,paid,1554.05,0.0,2024-11-23,PhonePe
M001,PAY005536,ORD009252,2024-12-07,COD,paid,7610.29,0.0,2024-12-08,Cashfree
M001,PAY005537,ORD008294,2024-11-11,COD,paid,7707.12,0.0,2024-11-15,PayU
M001,PAY005538,ORD006827,2024-10-01,Credit Card,paid,2915.42,0.0,2024-10-04,Juspay
M001,PAY005539,ORD002455,2024-04-02,COD,paid,5318.52,0.0,2024-04-04,Stripe
M001,PAY005540,ORD009258,2024-12-08,Debit Card,paid,4480.36,0.0,2024-12-13,PayU
M001,PAY005541,ORD007229,2024-10-11,COD,paid,7186.57,0.0,2024-10-13,Razorpay
M001,PAY005542,ORD004428,2024-06-18,Wallet,paid,7600.2,0.0,2024-06-23,Cashfree
M001,PAY005543,ORD008098,2024-11-07,UPI,paid,7889.84,0.0,2024-11-11,Stripe
M001,PAY005544,ORD009600,2024-12-19,COD,paid,8571.2,0.0,2024-12-20,Razorpay
M001,PAY005545,ORD006850,2024-10-02,UPI,paid,1215.78,0.0,2024-10-07,Cashfree
M001,PAY005546,ORD002789,2024-04-15,Debit Card,paid,1479.53,0.0,2024-04-17,Cashfree
M001,PAY005547,ORD005674,2024-08-15,COD,paid,2549.57,0.0,2024-08-20,Cashfree
M001,PAY005548,ORD001471,2024-02-20,COD,paid,6127.31,0.0,2024-02-23,Juspay
M001,PAY005549,ORD002931,2024-04-19,UPI,paid,6660.95,0.0,2024-04-24,PayU
M001,PAY005550,ORD003677,2024-05-16,Wallet,paid,2128.91,0.0,2024-05-17,Razorpay
M001,PAY005551,ORD003305,2024-05-03,COD,paid,2491.71,0.0,2024-05-07,Stripe
M001,PAY005552,ORD004349,2024-06-14,Wallet,paid,2926.62,0.0,2024-06-16,Juspay
M001,PAY005553,ORD007322,2024-10-14,COD,failed,0.0,0.0,2024-10-14,Stripe
M001,PAY005554,ORD003621,2024-05-14,Debit Card,paid,2590.73,0.0,2024-05-15,Razorpay
M001,PAY005555,ORD003582,2024-05-13,UPI,paid,4574.5,0.0,2024-05-17,Razorpay
M001,PAY005556,ORD004957,2024-07-12,COD,paid,7602.69,0.0,2024-07-16,PhonePe
M001,PAY005557,ORD002639,2024-04-08,Credit Card,paid,4402.0,0.0,2024-04-11,Razorpay
M001,PAY005558,ORD000399,2024-01-13,COD,paid,2335.37,0.0,2024-01-16,Stripe
M001,PAY005559,ORD001372,2024-02-15,NetBanking,paid,3862.45,0.0,2024-02-18,PhonePe
M001,PAY005560,ORD004206,2024-06-07,Wallet,paid,3635.23,0.0,2024-06-10,Cashfree
M001,PAY005561,ORD007530,2024-10-19,COD,refunded,3845.13,1660.2,2024-10-21,Cashfree
M001,PAY005562,ORD000034,2024-01-01,COD,paid,5700.15,0.0,2024-01-05,Razorpay
M001,PAY005563,ORD009513,2024-12-15,COD,paid,10791.42,0.0,2024-12-19,PayU
M001,PAY005564,ORD001001,2024-01-31,Wallet,paid,2826.61,0.0,2024-02-03,Stripe
M001,PAY005565,ORD001484,2024-02-22,Debit Card,paid,3302.51,0.0,2024-02-23,PayU
M001,PAY005566,ORD009581,2024-12-18,COD,paid,4575.23,0.0,2024-12-20,PhonePe
M001,PAY005567,ORD000998,2024-01-31,COD,paid,7582.44,0.0,2024-02-03,PhonePe
M001,PAY005568,ORD006133,2024-09-03,Debit Card,failed,0.0,0.0,2024-09-03,PayU
M001,PAY005569,ORD005819,2024-08-20,NetBanking,paid,8414.24,0.0,2024-08-24,Razorpay
M001,PAY005570,ORD003336,2024-05-04,Wallet,refunded,8908.11,4616.47,2024-05-09,Cashfree
M001,PAY005571,ORD006914,2024-10-02,Credit Card,pending,8078.49,0.0,2024-10-03,PhonePe
M001,PAY005572,ORD003594,2024-05-14,Debit Card,refunded,637.57,379.36,2024-05-18,PayU
M001,PAY005573,ORD000424,2024-01-14,NetBanking,paid,1717.98,0.0,2024-01-16,Razorpay
M001,PAY005574,ORD004926,2024-07-11,UPI,paid,2739.72,0.0,2024-07-16,Cashfree
M001,PAY005575,ORD004479,2024-06-20,UPI,paid,3778.51,0.0,2024-06-22,Juspay
M001,PAY005576,ORD003520,2024-05-10,UPI,paid,4196.53,0.0,2024-05-14,Stripe
M001,PAY005577,ORD005985,2024-08-26,NetBanking,paid,8077.09,0.0,2024-08-29,Razorpay
M001,PAY005578,ORD001789,2024-03-06,COD,paid,9948.6,0.0,2024-03-09,Juspay
M001,PAY005579,ORD002464,2024-04-03,UPI,paid,7893.82,0.0,2024-04-08,Juspay
M001,PAY005580,ORD002002,2024-03-15,UPI,refunded,2346.98,1710.79,2024-03-17,Cashfree
M001,PAY005581,ORD007483,2024-10-18,COD,refunded,7365.44,1995.53,2024-10-23,Cashfree
M001,PAY005582,ORD008054,2024-11-04,UPI,paid,2740.11,0.0,2024-11-09,Cashfree
M001,PAY005583,ORD002144,2024-03-20,Credit Card,paid,9518.65,0.0,2024-03-21,Stripe
M001,PAY005584,ORD007057,2024-10-06,NetBanking,failed,0.0,0.0,2024-10-06,Razorpay
M001,PAY005585,ORD008773,2024-11-23,Debit Card,paid,7528.94,0.0,2024-11-25,PayU
M001,PAY005586,ORD004372,2024-06-15,UPI,paid,1309.14,0.0,2024-06-19,PayU
M001,PAY005587,ORD009324,2024-12-10,Debit Card,paid,2474.3,0.0,2024-12-15,PayU
M001,PAY005588,ORD003969,2024-05-27,COD,refunded,2486.66,359.06,2024-06-01,Razorpay
M001,PAY005589,ORD003403,2024-05-07,COD,paid,7133.29,0.0,2024-05-12,Razorpay
M001,PAY005590,ORD000128,2024-01-05,COD,paid,1563.9,0.0,2024-01-09,Stripe
M001,PAY005591,ORD002828,2024-04-16,COD,paid,584.86,0.0,2024-04-19,Razorpay
M001,PAY005592,ORD004192,2024-06-05,COD,paid,7651.23,0.0,2024-06-09,Razorpay
M001,PAY005593,ORD005635,2024-08-13,Debit Card,paid,7051.93,0.0,2024-08-16,Juspay
M001,PAY005594,ORD004770,2024-07-03,Wallet,paid,10035.18,0.0,2024-07-08,Stripe
M001,PAY005595,ORD000896,2024-01-28,Debit Card,paid,964.63,0.0,2024-01-30,Razorpay
M001,PAY005596,ORD009710,2024-12-21,COD,paid,7197.33,0.0,2024-12-25,Razorpay
M001,PAY005597,ORD008346,2024-11-12,Credit Card,paid,4573.65,0.0,2024-11-15,PhonePe
M001,PAY005598,ORD003658,2024-05-15,Credit Card,refunded,9864.68,1075.74,2024-05-20,PhonePe
M001,PAY005599,ORD004746,2024-07-03,COD,paid,8090.03,0.0,2024-07-07,Cashfree
M001,PAY005600,ORD009440,2024-12-13,COD,paid,6278.88,0.0,2024-12-17,Cashfree
M001,PAY005601,ORD001323,2024-02-14,UPI,refunded,4623.38,2707.38,2024-02-17,Stripe
M001,PAY005602,ORD002755,2024-04-13,UPI,refunded,3155.32,2411.93,2024-04-18,Cashfree
M001,PAY005603,ORD005575,2024-08-10,COD,paid,9666.82,0.0,2024-08-12,Razorpay
M001,PAY005604,ORD001564,2024-02-26,COD,paid,8460.44,0.0,2024-03-01,PhonePe
M001,PAY005605,ORD008135,2024-11-08,Credit Card,paid,1411.17,0.0,2024-11-09,PayU
M001,PAY005606,ORD007723,2024-10-27,Debit Card,paid,2623.94,0.0,2024-10-28,PhonePe
M001,PAY005607,ORD001377,2024-02-17,Wallet,paid,2707.25,0.0,2024-02-20,PhonePe
M001,PAY005608,ORD000351,2024-01-12,UPI,paid,7026.29,0.0,2024-01-14,Razorpay
M001,PAY005609,ORD004708,2024-07-01,Wallet,paid,4155.98,0.0,2024-07-05,PhonePe
M001,PAY005610,ORD004100,2024-06-01,COD,paid,7914.99,0.0,2024-06-05,PayU
M001,PAY005611,ORD003328,2024-05-03,COD,paid,10120.33,0.0,2024-05-05,Razorpay
M001,PAY005612,ORD000508,2024-01-16,UPI,failed,0.0,0.0,2024-01-16,Juspay
M001,PAY005613,ORD006593,2024-09-21,COD,paid,461.48,0.0,2024-09-24,PayU
M001,PAY005614,ORD001494,2024-02-22,COD,refunded,1458.46,725.79,2024-02-24,Stripe
M001,PAY005615,ORD005615,2024-08-11,UPI,paid,2444.21,0.0,2024-08-12,Razorpay
M001,PAY005616,ORD009299,2024-12-09,NetBanking,paid,1778.54,0.0,2024-12-12,Juspay
M001,PAY005617,ORD009147,2024-12-04,Credit Card,paid,1036.2,0.0,2024-12-09,Razorpay
M001,PAY005618,ORD003766,2024-05-20,COD,paid,8691.57,0.0,2024-05-25,PayU
M001,PAY005619,ORD006753,2024-09-28,COD,paid,968.47,0.0,2024-09-29,Stripe
M001,PAY005620,ORD005334,2024-08-01,COD,paid,4088.5,0.0,2024-08-03,Juspay
M001,PAY005621,ORD009284,2024-12-08,UPI,paid,4806.25,0.0,2024-12-11,Cashfree
M001,PAY005622,ORD007025,2024-10-05,Credit Card,pending,6953.91,0.0,2024-10-07,PhonePe
M001,PAY005623,ORD001662,2024-03-02,UPI,paid,3100.31,0.0,2024-03-03,Razorpay
M001,PAY005624,ORD004744,2024-07-01,UPI,failed,0.0,0.0,2024-07-01,PhonePe
M001,PAY005625,ORD009717,2024-12-22,UPI,paid,4378.11,0.0,2024-12-23,Razorpay
M001,PAY005626,ORD001478,2024-02-21,Wallet,paid,7887.05,0.0,2024-02-24,PayU
M001,PAY005627,ORD006036,2024-08-30,NetBanking,paid,1113.35,0.0,2024-08-31,Cashfree
M001,PAY005628,ORD001420,2024-02-18,Credit Card,paid,8306.31,0.0,2024-02-20,Cashfree
M001,PAY005629,ORD009867,2024-12-27,COD,paid,6642.93,0.0,2024-12-30,Cashfree
M001,PAY005630,ORD005699,2024-08-15,Debit Card,paid,3455.29,0.0,2024-08-17,Juspay
M001,PAY005631,ORD001585,2024-02-26,Credit Card,paid,3984.58,0.0,2024-02-29,Stripe
M001,PAY005632,ORD007808,2024-10-28,COD,paid,8419.16,0.0,2024-11-02,Juspay
M001,PAY005633,ORD009850,2024-12-26,COD,refunded,3866.92,2461.66,2024-12-29,Juspay
M001,PAY005634,ORD004070,2024-05-31,COD,paid,2745.87,0.0,2024-06-03,Stripe
M001,PAY005635,ORD001951,2024-03-13,NetBanking,paid,4676.51,0.0,2024-03-18,PhonePe
M001,PAY005636,ORD007380,2024-10-16,Credit Card,paid,713.26,0.0,2024-10-19,Stripe
M001,PAY005637,ORD008976,2024-11-29,COD,paid,6831.34,0.0,2024-11-30,Juspay
M001,PAY005638,ORD003093,2024-04-25,UPI,paid,5908.92,0.0,2024-04-28,Razorpay
M001,PAY005639,ORD005594,2024-08-11,UPI,paid,2619.19,0.0,2024-08-14,PayU
M001,PAY005640,ORD001701,2024-03-02,UPI,paid,2255.78,0.0,2024-03-07,PayU
M001,PAY005641,ORD004278,2024-06-10,Wallet,paid,9458.98,0.0,2024-06-13,Stripe
M001,PAY005642,ORD004331,2024-06-14,Credit Card,paid,4590.32,0.0,2024-06-17,PhonePe
M001,PAY005643,ORD005132,2024-07-23,UPI,paid,1093.27,0.0,2024-07-26,PayU
M001,PAY005644,ORD006591,2024-09-21,COD,paid,8454.95,0.0,2024-09-23,Cashfree
M001,PAY005645,ORD002483,2024-04-03,Credit Card,paid,6301.43,0.0,2024-04-07,Stripe
M001,PAY005646,ORD005600,2024-08-12,Credit Card,paid,8198.77,0.0,2024-08-14,PayU
M001,PAY005647,ORD001058,2024-02-03,NetBanking,refunded,2600.91,758.86,2024-02-04,PayU
M001,PAY005648,ORD001852,2024-03-09,COD,paid,5911.44,0.0,2024-03-10,Razorpay
M001,PAY005649,ORD005528,2024-08-07,COD,pending,2402.33,0.0,2024-08-08,Stripe
M001,PAY005650,ORD001219,2024-02-08,COD,paid,2444.66,0.0,2024-02-11,PhonePe
M001,PAY005651,ORD004287,2024-06-10,Credit Card,paid,1885.46,0.0,2024-06-11,Stripe
M001,PAY005652,ORD000179,2024-01-06,Wallet,failed,0.0,0.0,2024-01-06,PayU
M001,PAY005653,ORD000652,2024-01-22,Credit Card,paid,7739.01,0.0,2024-01-23,PhonePe
M001,PAY005654,ORD003364,2024-05-04,Wallet,paid,9425.86,0.0,2024-05-07,Juspay
M001,PAY005655,ORD000519,2024-01-17,COD,paid,8812.36,0.0,2024-01-20,PayU
M001,PAY005656,ORD004660,2024-06-28,NetBanking,paid,2978.81,0.0,2024-07-01,PhonePe
M001,PAY005657,ORD002004,2024-03-15,COD,pending,7672.86,0.0,2024-03-16,PayU
M001,PAY005658,ORD006264,2024-09-07,Credit Card,paid,1536.96,0.0,2024-09-12,Stripe
M001,PAY005659,ORD000957,2024-01-30,Credit Card,paid,8452.06,0.0,2024-02-02,Juspay
M001,PAY005660,ORD002220,2024-03-24,Credit Card,paid,1873.94,0.0,2024-03-28,Cashfree
M001,PAY005661,ORD006196,2024-09-04,Debit Card,paid,3052.97,0.0,2024-09-07,PhonePe
M001,PAY005662,ORD009784,2024-12-23,Debit Card,paid,10071.33,0.0,2024-12-24,PhonePe
M001,PAY005663,ORD000487,2024-01-15,COD,paid,7707.79,0.0,2024-01-19,Cashfree
M001,PAY005664,ORD002124,2024-03-20,UPI,pending,5137.23,0.0,2024-03-21,Juspay
M001,PAY005665,ORD002465,2024-04-02,Wallet,paid,10175.44,0.0,2024-04-05,Razorpay
M001,PAY005666,ORD007169,2024-10-10,Wallet,paid,8068.4,0.0,2024-10-15,Stripe
M001,PAY005667,ORD008369,2024-11-13,Wallet,paid,6800.55,0.0,2024-11-18,Juspay
M001,PAY005668,ORD005197,2024-07-26,Wallet,paid,6057.31,0.0,2024-07-27,PhonePe
M001,PAY005669,ORD006917,2024-10-03,UPI,paid,1238.23,0.0,2024-10-08,PhonePe
M001,PAY005670,ORD007772,2024-10-28,COD,paid,8310.59,0.0,2024-10-29,PayU
M001,PAY005671,ORD002536,2024-04-06,Credit Card,paid,3038.93,0.0,2024-04-07,Stripe
M001,PAY005672,ORD005807,2024-08-20,Credit Card,paid,3388.42,0.0,2024-08-25,PayU
M001,PAY005673,ORD003705,2024-05-17,COD,paid,5213.44,0.0,2024-05-22,Stripe
M001,PAY005674,ORD005246,2024-07-28,COD,paid,2969.76,0.0,2024-08-01,PayU
M001,PAY005675,ORD008320,2024-11-12,Debit Card,refunded,8926.24,2394.61,2024-11-13,Razorpay
M001,PAY005676,ORD002842,2024-04-15,Credit Card,paid,8046.68,0.0,2024-04-17,Stripe
M001,PAY005677,ORD005433,2024-08-05,Credit Card,paid,4840.67,0.0,2024-08-10,PayU
M001,PAY005678,ORD008604,2024-11-20,UPI,paid,6982.07,0.0,2024-11-21,PhonePe
M001,PAY005679,ORD009733,2024-12-22,UPI,paid,747.4,0.0,2024-12-25,Stripe
M001,PAY005680,ORD008719,2024-11-23,NetBanking,paid,5392.23,0.0,2024-11-25,Razorpay
M001,PAY005681,ORD005179,2024-07-24,COD,paid,9376.49,0.0,2024-07-28,PayU
M001,PAY005682,ORD005796,2024-08-18,Wallet,paid,3519.04,0.0,2024-08-19,Juspay
M001,PAY005683,ORD000737,2024-01-24,UPI,pending,2098.36,0.0,2024-01-26,PhonePe
M001,PAY005684,ORD005515,2024-08-07,UPI,paid,6644.59,0.0,2024-08-11,Razorpay
M001,PAY005685,ORD002925,2024-04-19,COD,paid,3506.08,0.0,2024-04-21,Cashfree
M001,PAY005686,ORD007332,2024-10-14,COD,paid,2018.84,0.0,2024-10-17,Juspay
M001,PAY005687,ORD003816,2024-05-22,UPI,paid,5110.15,0.0,2024-05-24,Juspay
M001,PAY005688,ORD005898,2024-08-23,Credit Card,paid,7176.83,0.0,2024-08-25,PayU
M001,PAY005689,ORD008183,2024-11-08,Debit Card,paid,2505.98,0.0,2024-11-11,Juspay
M001,PAY005690,ORD002179,2024-03-22,COD,paid,5297.87,0.0,2024-03-27,PhonePe
M001,PAY005691,ORD004427,2024-06-17,Credit Card,paid,7550.12,0.0,2024-06-22,Cashfree
M001,PAY005692,ORD005595,2024-08-11,COD,paid,6844.51,0.0,2024-08-13,Razorpay
M001,PAY005693,ORD008619,2024-11-21,NetBanking,paid,6856.8,0.0,2024-11-26,PayU
M001,PAY005694,ORD004281,2024-06-10,Debit Card,paid,8602.81,0.0,2024-06-11,PayU
M001,PAY005695,ORD008201,2024-11-09,COD,paid,8881.67,0.0,2024-11-12,PhonePe
M001,PAY005696,ORD002740,2024-04-13,UPI,paid,5951.27,0.0,2024-04-14,Cashfree
M001,PAY005697,ORD009653,2024-12-19,UPI,refunded,5160.91,2012.64,2024-12-22,Cashfree
M001,PAY005698,ORD007739,2024-10-26,COD,paid,1935.77,0.0,2024-10-30,Razorpay
M001,PAY005699,ORD000436,2024-01-15,COD,paid,1878.44,0.0,2024-01-18,Stripe
M001,PAY005700,ORD006337,2024-09-11,Credit Card,paid,3691.49,0.0,2024-09-15,PhonePe
M001,PAY005701,ORD007748,2024-10-27,COD,paid,1712.09,0.0,2024-10-29,Juspay
M001,PAY005702,ORD009490,2024-12-15,Wallet,paid,2400.52,0.0,2024-12-16,Stripe
M001,PAY005703,ORD000744,2024-01-24,COD,paid,8049.69,0.0,2024-01-27,Stripe
M001,PAY005704,ORD005253,2024-07-28,Debit Card,paid,964.43,0.0,2024-07-29,Stripe
M001,PAY005705,ORD003153,2024-04-27,Debit Card,refunded,1484.56,782.98,2024-05-02,PayU
M001,PAY005706,ORD007222,2024-10-11,UPI,pending,7972.54,0.0,2024-10-13,PhonePe
M001,PAY005707,ORD003002,2024-04-21,Wallet,paid,4122.79,0.0,2024-04-23,PhonePe
M001,PAY005708,ORD000457,2024-01-15,COD,paid,2156.74,0.0,2024-01-18,Razorpay
M001,PAY005709,ORD009748,2024-12-23,COD,paid,5216.71,0.0,2024-12-24,Razorpay
M001,PAY005710,ORD001061,2024-02-03,COD,paid,7429.55,0.0,2024-02-05,Cashfree
M001,PAY005711,ORD005558,2024-08-10,Credit Card,paid,5887.25,0.0,2024-08-14,Stripe
M001,PAY005712,ORD003069,2024-04-24,UPI,paid,7832.22,0.0,2024-04-28,PhonePe
M001,PAY005713,ORD009140,2024-12-04,Debit Card,paid,3384.62,0.0,2024-12-06,Razorpay
M001,PAY005714,ORD000946,2024-01-30,COD,paid,4198.34,0.0,2024-01-31,Cashfree
M001,PAY005715,ORD000534,2024-01-18,COD,paid,8234.69,0.0,2024-01-19,Juspay
M001,PAY005716,ORD004851,2024-07-08,UPI,paid,6233.48,0.0,2024-07-13,Stripe
M001,PAY005717,ORD003679,2024-05-17,Credit Card,paid,7401.72,0.0,2024-05-21,PayU
M001,PAY005718,ORD007967,2024-11-02,COD,refunded,2540.33,809.34,2024-11-06,Cashfree
M001,PAY005719,ORD008909,2024-11-27,COD,paid,3195.36,0.0,2024-11-29,Stripe
M001,PAY005720,ORD008224,2024-11-09,UPI,paid,2508.18,0.0,2024-11-13,Juspay
M001,PAY005721,ORD004918,2024-07-11,Wallet,paid,8154.69,0.0,2024-07-14,Stripe
M001,PAY005722,ORD008453,2024-11-16,Credit Card,paid,6969.75,0.0,2024-11-17,PhonePe
M001,PAY005723,ORD009924,2024-12-29,NetBanking,paid,5518.92,0.0,2025-01-01,PhonePe
M001,PAY005724,ORD004230,2024-06-08,UPI,paid,2725.81,0.0,2024-06-11,Razorpay
M001,PAY005725,ORD005455,2024-08-05,COD,refunded,5160.85,2433.6,2024-08-09,PhonePe
M001,PAY005726,ORD007518,2024-10-19,Credit Card,paid,5158.47,0.0,2024-10-22,PhonePe
M001,PAY005727,ORD005405,2024-08-02,Debit Card,pending,1608.72,0.0,2024-08-04,Cashfree
M001,PAY005728,ORD009913,2024-12-28,Credit Card,paid,6636.91,0.0,2024-12-31,Stripe
M001,PAY005729,ORD007397,2024-10-15,UPI,pending,7188.89,0.0,2024-10-17,PayU
M001,PAY005730,ORD002474,2024-04-04,COD,paid,3333.3,0.0,2024-04-09,PhonePe
M001,PAY005731,ORD007371,2024-10-15,Debit Card,paid,7423.12,0.0,2024-10-18,PayU
M001,PAY005732,ORD006040,2024-08-29,COD,paid,8237.54,0.0,2024-08-31,Juspay
M001,PAY005733,ORD005411,2024-08-03,UPI,refunded,6399.71,6028.86,2024-08-07,PayU
M001,PAY005734,ORD006046,2024-08-29,UPI,paid,9135.86,0.0,2024-08-30,Cashfree
M001,PAY005735,ORD001348,2024-02-15,Wallet,paid,1248.9,0.0,2024-02-16,Cashfree
M001,PAY005736,ORD005346,2024-07-31,COD,paid,4221.26,0.0,2024-08-02,PayU
M001,PAY005737,ORD007670,2024-10-25,COD,paid,5476.4,0.0,2024-10-28,PayU
M001,PAY005738,ORD004639,2024-06-27,COD,failed,0.0,0.0,2024-06-27,Juspay
M001,PAY005739,ORD004823,2024-07-06,COD,paid,5816.76,0.0,2024-07-08,Cashfree
M001,PAY005740,ORD002421,2024-04-01,COD,paid,6424.53,0.0,2024-04-02,PayU
M001,PAY005741,ORD005176,2024-07-25,Credit Card,failed,0.0,0.0,2024-07-25,Razorpay
M001,PAY005742,ORD000442,2024-01-14,NetBanking,paid,8456.95,0.0,2024-01-15,Razorpay
M001,PAY005743,ORD001600,2024-02-28,UPI,paid,3406.89,0.0,2024-03-01,Juspay
M001,PAY005744,ORD007121,2024-10-07,Credit Card,paid,5394.88,0.0,2024-10-12,Cashfree
M001,PAY005745,ORD009405,2024-12-12,UPI,paid,2888.0,0.0,2024-12-14,Juspay
M001,PAY005746,ORD009036,2024-11-30,COD,failed,0.0,0.0,2024-11-30,Juspay
M001,PAY005747,ORD002577,2024-04-07,COD,paid,5681.06,0.0,2024-04-11,Razorpay
M001,PAY005748,ORD002321,2024-03-29,UPI,paid,3277.1,0.0,2024-04-03,Stripe
M001,PAY005749,ORD005086,2024-07-19,UPI,paid,1493.82,0.0,2024-07-21,Cashfree
M001,PAY005750,ORD009734,2024-12-23,COD,paid,4800.94,0.0,2024-12-27,PayU
M001,PAY005751,ORD001630,2024-02-29,COD,refunded,1248.48,1050.81,2024-03-04,Juspay
M001,PAY005752,ORD004106,2024-06-02,COD,paid,8791.57,0.0,2024-06-03,Juspay
M001,PAY005753,ORD004146,2024-06-04,COD,pending,780.74,0.0,2024-06-05,PhonePe
M001,PAY005754,ORD006976,2024-10-03,Debit Card,paid,3318.62,0.0,2024-10-04,Stripe
M001,PAY005755,ORD004950,2024-07-13,Debit Card,failed,0.0,0.0,2024-07-13,PhonePe
M001,PAY005756,ORD000431,2024-01-13,Wallet,paid,4104.41,0.0,2024-01-16,Razorpay
M001,PAY005757,ORD004163,2024-06-04,COD,paid,9684.7,0.0,2024-06-06,Razorpay
M001,PAY005758,ORD006580,2024-09-22,Wallet,paid,2284.53,0.0,2024-09-25,PayU
M001,PAY005759,ORD002272,2024-03-26,Wallet,paid,8481.28,0.0,2024-03-27,Juspay
M001,PAY005760,ORD003544,2024-05-11,UPI,pending,3645.96,0.0,2024-05-12,Juspay
M001,PAY005761,ORD007703,2024-10-25,NetBanking,pending,4574.38,0.0,2024-10-26,PayU
M001,PAY005762,ORD004130,2024-06-03,UPI,failed,0.0,0.0,2024-06-03,Stripe
M001,PAY005763,ORD002689,2024-04-11,COD,paid,5374.43,0.0,2024-04-13,PayU
M001,PAY005764,ORD000530,2024-01-17,UPI,paid,2623.07,0.0,2024-01-21,Juspay
M001,PAY005765,ORD002310,2024-03-28,Wallet,paid,2988.3,0.0,2024-04-02,Razorpay
M001,PAY005766,ORD008718,2024-11-22,Debit Card,paid,2899.68,0.0,2024-11-27,PayU
M001,PAY005767,ORD009804,2024-12-25,COD,paid,1892.11,0.0,2024-12-28,Stripe
M001,PAY005768,ORD008593,2024-11-20,UPI,paid,11013.92,0.0,2024-11-21,Stripe
M001,PAY005769,ORD000446,2024-01-14,Wallet,paid,6790.52,0.0,2024-01-16,PayU
M001,PAY005770,ORD008363,2024-11-13,UPI,paid,1324.54,0.0,2024-11-14,Razorpay
M001,PAY005771,ORD004865,2024-07-08,Wallet,paid,1171.44,0.0,2024-07-10,Juspay
M001,PAY005772,ORD007272,2024-10-12,Debit Card,paid,2807.48,0.0,2024-10-15,Juspay
M001,PAY005773,ORD006890,2024-10-02,UPI,paid,5832.01,0.0,2024-10-05,Stripe
M001,PAY005774,ORD009035,2024-12-01,UPI,paid,4558.93,0.0,2024-12-02,Stripe
M001,PAY005775,ORD000172,2024-01-06,COD,paid,6565.05,0.0,2024-01-09,Stripe
M001,PAY005776,ORD008590,2024-11-20,COD,failed,0.0,0.0,2024-11-20,Stripe
M001,PAY005777,ORD006819,2024-09-29,Credit Card,paid,6214.92,0.0,2024-09-30,Razorpay
M001,PAY005778,ORD009286,2024-12-08,COD,paid,1838.75,0.0,2024-12-10,Juspay
M001,PAY005779,ORD002526,2024-04-06,COD,paid,8885.1,0.0,2024-04-07,Stripe
M001,PAY005780,ORD003352,2024-05-05,Credit Card,paid,7333.14,0.0,2024-05-09,Cashfree
M001,PAY005781,ORD004033,2024-05-30,Debit Card,failed,0.0,0.0,2024-05-30,Stripe
M001,PAY005782,ORD008330,2024-11-13,NetBanking,failed,0.0,0.0,2024-11-13,Cashfree
M001,PAY005783,ORD004109,2024-06-01,COD,refunded,6117.37,1060.67,2024-06-05,PhonePe
M001,PAY005784,ORD005037,2024-07-17,UPI,paid,5665.43,0.0,2024-07-20,Razorpay
M001,PAY005785,ORD003373,2024-05-05,COD,paid,908.71,0.0,2024-05-09,Cashfree
M001,PAY005786,ORD007191,2024-10-10,UPI,paid,4961.73,0.0,2024-10-14,Razorpay
M001,PAY005787,ORD008612,2024-11-20,COD,paid,4462.71,0.0,2024-11-22,Juspay
M001,PAY005788,ORD008991,2024-11-30,COD,paid,4449.91,0.0,2024-12-05,Razorpay
M001,PAY005789,ORD003678,2024-05-17,COD,paid,9752.02,0.0,2024-05-22,PayU
M001,PAY005790,ORD008385,2024-11-14,UPI,paid,6327.04,0.0,2024-11-16,Juspay
M001,PAY005791,ORD005376,2024-08-01,COD,failed,0.0,0.0,2024-08-01,Razorpay
M001,PAY005792,ORD004698,2024-06-29,NetBanking,paid,2407.14,0.0,2024-07-02,Juspay
M001,PAY005793,ORD000992,2024-01-31,NetBanking,paid,8205.5,0.0,2024-02-04,Razorpay
M001,PAY005794,ORD006322,2024-09-09,Credit Card,paid,5521.52,0.0,2024-09-14,PhonePe
M001,PAY005795,ORD004264,2024-06-10,UPI,refunded,7866.29,1377.34,2024-06-14,Stripe
M001,PAY005796,ORD004151,2024-06-04,UPI,paid,2027.27,0.0,2024-06-07,PhonePe
M001,PAY005797,ORD002632,2024-04-08,COD,paid,1032.32,0.0,2024-04-11,Razorpay
M001,PAY005798,ORD005943,2024-08-25,UPI,paid,1449.88,0.0,2024-08-28,Razorpay
M001,PAY005799,ORD007685,2024-10-25,Debit Card,refunded,8985.05,2841.18,2024-10-28,Juspay
M001,PAY005800,ORD007516,2024-10-19,COD,refunded,4751.87,958.49,2024-10-20,Razorpay
M001,PAY005801,ORD004426,2024-06-17,COD,paid,7241.65,0.0,2024-06-18,Juspay
M001,PAY005802,ORD006461,2024-09-17,UPI,paid,6422.43,0.0,2024-09-21,Razorpay
M001,PAY005803,ORD006683,2024-09-24,COD,paid,5136.5,0.0,2024-09-28,PhonePe
M001,PAY005804,ORD007086,2024-10-07,UPI,paid,4874.87,0.0,2024-10-12,Juspay
M001,PAY005805,ORD000088,2024-01-03,COD,paid,8273.71,0.0,2024-01-08,Razorpay
M001,PAY005806,ORD001331,2024-02-13,Debit Card,paid,7668.38,0.0,2024-02-18,Juspay
M001,PAY005807,ORD005987,2024-08-26,NetBanking,paid,3791.76,0.0,2024-08-29,PayU
M001,PAY005808,ORD005622,2024-08-13,Credit Card,paid,4907.89,0.0,2024-08-17,PayU
M001,PAY005809,ORD008020,2024-11-04,NetBanking,paid,7561.83,0.0,2024-11-07,Juspay
M001,PAY005810,ORD008625,2024-11-21,UPI,paid,6011.83,0.0,2024-11-25,PhonePe
M001,PAY005811,ORD001860,2024-03-08,COD,paid,4899.23,0.0,2024-03-10,Razorpay
M001,PAY005812,ORD001120,2024-02-05,UPI,paid,1114.19,0.0,2024-02-09,PayU
M001,PAY005813,ORD003581,2024-05-12,Debit Card,pending,6925.27,0.0,2024-05-14,PayU
M001,PAY005814,ORD003347,2024-05-05,UPI,paid,5124.11,0.0,2024-05-07,Stripe
M001,PAY005815,ORD000361,2024-01-13,Credit Card,paid,2238.44,0.0,2024-01-17,Stripe
M001,PAY005816,ORD006822,2024-09-30,COD,paid,5839.43,0.0,2024-10-02,Razorpay
M001,PAY005817,ORD003541,2024-05-11,NetBanking,paid,1311.39,0.0,2024-05-15,PhonePe
M001,PAY005818,ORD005936,2024-08-24,COD,paid,5776.53,0.0,2024-08-29,Juspay
M001,PAY005819,ORD008827,2024-11-25,COD,refunded,2429.53,1728.66,2024-11-30,PhonePe
M001,PAY005820,ORD009553,2024-12-17,COD,paid,5127.01,0.0,2024-12-19,PayU
M001,PAY005821,ORD000441,2024-01-15,UPI,paid,6251.62,0.0,2024-01-18,PayU
M001,PAY005822,ORD008788,2024-11-25,COD,paid,5824.69,0.0,2024-11-30,Juspay
M001,PAY005823,ORD008418,2024-11-14,UPI,refunded,2875.87,1358.67,2024-11-17,Juspay
M001,PAY005824,ORD009211,2024-12-07,Wallet,pending,5131.92,0.0,2024-12-09,Stripe
M001,PAY005825,ORD007603,2024-10-23,Credit Card,paid,4205.72,0.0,2024-10-24,PhonePe
M001,PAY005826,ORD000266,2024-01-08,Debit Card,paid,2228.32,0.0,2024-01-13,PayU
M001,PAY005827,ORD002778,2024-04-13,COD,paid,5828.56,0.0,2024-04-18,Juspay
M001,PAY005828,ORD000215,2024-01-08,COD,paid,7503.63,0.0,2024-01-09,PayU
M001,PAY005829,ORD003660,2024-05-16,UPI,paid,5824.68,0.0,2024-05-17,PayU
M001,PAY005830,ORD004833,2024-07-07,UPI,refunded,8245.12,953.98,2024-07-08,Juspay
M001,PAY005831,ORD000727,2024-01-23,Debit Card,paid,3050.72,0.0,2024-01-26,Razorpay
M001,PAY005832,ORD005679,2024-08-14,Debit Card,paid,5437.38,0.0,2024-08-15,Cashfree
M001,PAY005833,ORD005264,2024-07-28,UPI,paid,6709.04,0.0,2024-08-02,Razorpay
M001,PAY005834,ORD007251,2024-10-11,Credit Card,paid,5418.77,0.0,2024-10-14,Cashfree
M001,PAY005835,ORD004135,2024-06-02,Credit Card,paid,6503.22,0.0,2024-06-04,Juspay
M001,PAY005836,ORD007138,2024-10-09,UPI,paid,2572.72,0.0,2024-10-13,Stripe
M001,PAY005837,ORD004098,2024-06-02,COD,paid,7370.18,0.0,2024-06-06,PayU
M001,PAY005838,ORD006289,2024-09-07,COD,paid,7705.65,0.0,2024-09-09,PhonePe
M001,PAY005839,ORD009226,2024-12-07,COD,paid,6489.82,0.0,2024-12-12,PhonePe
M001,PAY005840,ORD000049,2024-01-03,Credit Card,paid,5117.86,0.0,2024-01-04,Juspay
M001,PAY005841,ORD001067,2024-02-02,COD,pending,4991.82,0.0,2024-02-03,PayU
M001,PAY005842,ORD006171,2024-09-03,Debit Card,paid,3240.36,0.0,2024-09-04,PayU
M001,PAY005843,ORD006099,2024-09-01,COD,paid,5271.79,0.0,2024-09-02,Stripe
M001,PAY005844,ORD003534,2024-05-11,UPI,paid,5468.39,0.0,2024-05-16,Razorpay
M001,PAY005845,ORD001685,2024-03-02,Credit Card,paid,6746.43,0.0,2024-03-04,PayU
M001,PAY005846,ORD007419,2024-10-17,COD,paid,6353.11,0.0,2024-10-19,Juspay
M001,PAY005847,ORD004366,2024-06-14,COD,paid,5351.68,0.0,2024-06-15,Cashfree
M001,PAY005848,ORD006291,2024-09-09,Debit Card,paid,4475.62,0.0,2024-09-13,Juspay
M001,PAY005849,ORD001541,2024-02-25,NetBanking,paid,6904.3,0.0,2024-02-27,PayU
M001,PAY005850,ORD009126,2024-12-04,Credit Card,paid,2627.09,0.0,2024-12-05,Stripe
M001,PAY005851,ORD008027,2024-11-04,COD,paid,9721.74,0.0,2024-11-07,Cashfree
M001,PAY005852,ORD001305,2024-02-13,Wallet,paid,9136.69,0.0,2024-02-16,Stripe
M001,PAY005853,ORD000352,2024-01-12,NetBanking,paid,7030.67,0.0,2024-01-17,Juspay
M001,PAY005854,ORD005352,2024-07-31,UPI,failed,0.0,0.0,2024-07-31,Juspay
M001,PAY005855,ORD007224,2024-10-12,COD,paid,7270.27,0.0,2024-10-16,Cashfree
M001,PAY005856,ORD001487,2024-02-21,COD,paid,1296.65,0.0,2024-02-26,Juspay
M001,PAY005857,ORD007214,2024-10-10,Credit Card,paid,6436.55,0.0,2024-10-13,Juspay
M001,PAY005858,ORD003643,2024-05-15,UPI,paid,8677.07,0.0,2024-05-16,PayU
M001,PAY005859,ORD004035,2024-05-29,COD,paid,2548.25,0.0,2024-06-03,PhonePe
M001,PAY005860,ORD001754,2024-03-05,COD,paid,4120.69,0.0,2024-03-09,Juspay
M001,PAY005861,ORD000108,2024-01-05,COD,paid,3131.63,0.0,2024-01-10,Stripe
M001,PAY005862,ORD008835,2024-11-26,Credit Card,paid,6130.01,0.0,2024-12-01,Cashfree
M001,PAY005863,ORD004309,2024-06-13,Credit Card,paid,2355.63,0.0,2024-06-14,Juspay
M001,PAY005864,ORD001297,2024-02-13,UPI,paid,3980.93,0.0,2024-02-18,Razorpay
M001,PAY005865,ORD004173,2024-06-04,UPI,paid,3375.12,0.0,2024-06-07,Razorpay
M001,PAY005866,ORD005242,2024-07-27,UPI,refunded,9189.8,5371.35,2024-07-31,Razorpay
M001,PAY005867,ORD000066,2024-01-02,Wallet,paid,7948.62,0.0,2024-01-05,PayU
M001,PAY005868,ORD009995,2024-12-30,Credit Card,paid,8155.87,0.0,2025-01-01,Cashfree
M001,PAY005869,ORD003384,2024-05-05,UPI,paid,4346.04,0.0,2024-05-06,PayU
M001,PAY005870,ORD001884,2024-03-10,Wallet,paid,984.28,0.0,2024-03-15,Razorpay
M001,PAY005871,ORD004413,2024-06-17,Credit Card,failed,0.0,0.0,2024-06-17,Stripe
M001,PAY005872,ORD001175,2024-02-07,UPI,paid,5488.23,0.0,2024-02-12,PhonePe
M001,PAY005873,ORD005431,2024-08-04,Credit Card,paid,3033.97,0.0,2024-08-07,Cashfree
M001,PAY005874,ORD003590,2024-05-12,UPI,paid,6058.61,0.0,2024-05-17,Juspay
M001,PAY005875,ORD006950,2024-10-03,Debit Card,paid,3532.91,0.0,2024-10-04,Razorpay
M001,PAY005876,ORD004445,2024-06-18,COD,paid,5173.17,0.0,2024-06-22,Juspay
M001,PAY005877,ORD000687,2024-01-23,Debit Card,refunded,7039.09,7086.53,2024-01-26,Juspay
M001,PAY005878,ORD005534,2024-08-09,COD,paid,1919.54,0.0,2024-08-14,PayU
M001,PAY005879,ORD005392,2024-08-02,NetBanking,failed,0.0,0.0,2024-08-02,Stripe
M001,PAY005880,ORD007559,2024-10-21,COD,paid,5416.2,0.0,2024-10-23,Cashfree
M001,PAY005881,ORD003718,2024-05-19,Credit Card,failed,0.0,0.0,2024-05-19,PhonePe
M001,PAY005882,ORD001736,2024-03-03,COD,paid,8436.59,0.0,2024-03-06,Cashfree
M001,PAY005883,ORD007829,2024-10-29,NetBanking,paid,2157.64,0.0,2024-11-01,PhonePe
M001,PAY005884,ORD000416,2024-01-13,COD,paid,5455.81,0.0,2024-01-17,Cashfree
M001,PAY005885,ORD007675,2024-10-25,COD,paid,2714.39,0.0,2024-10-28,Cashfree
M001,PAY005886,ORD005161,2024-07-24,Credit Card,paid,7987.11,0.0,2024-07-26,PhonePe
M001,PAY005887,ORD009732,2024-12-22,UPI,paid,6043.72,0.0,2024-12-26,Cashfree
M001,PAY005888,ORD005115,2024-07-21,COD,failed,0.0,0.0,2024-07-21,Cashfree
M001,PAY005889,ORD008432,2024-11-14,UPI,paid,5576.18,0.0,2024-11-17,Cashfree
M001,PAY005890,ORD005821,2024-08-19,Credit Card,paid,5579.9,0.0,2024-08-24,Juspay
M001,PAY005891,ORD004533,2024-06-21,COD,paid,3290.16,0.0,2024-06-22,Razorpay
M001,PAY005892,ORD000589,2024-01-19,COD,paid,10079.8,0.0,2024-01-20,PayU
M001,PAY005893,ORD009110,2024-12-04,UPI,failed,0.0,0.0,2024-12-04,Cashfree
M001,PAY005894,ORD009971,2024-12-30,COD,paid,9595.8,0.0,2025-01-04,PayU
M001,PAY005895,ORD009488,2024-12-15,NetBanking,paid,1063.72,0.0,2024-12-16,Razorpay
M001,PAY005896,ORD000296,2024-01-09,COD,failed,0.0,0.0,2024-01-09,PayU
M001,PAY005897,ORD002337,2024-03-29,COD,paid,3507.11,0.0,2024-04-02,Stripe
M001,PAY005898,ORD008421,2024-11-14,Credit Card,pending,2083.58,0.0,2024-11-16,PayU
M001,PAY005899,ORD009389,2024-12-12,COD,paid,6706.95,0.0,2024-12-15,Razorpay
M001,PAY005900,ORD009478,2024-12-15,Credit Card,paid,7429.08,0.0,2024-12-16,PayU
M001,PAY005901,ORD003572,2024-05-13,COD,paid,4224.98,0.0,2024-05-15,PayU
M001,PAY005902,ORD005417,2024-08-04,NetBanking,failed,0.0,0.0,2024-08-04,Juspay
M001,PAY005903,ORD005316,2024-07-30,Wallet,paid,6931.4,0.0,2024-08-01,PayU
M001,PAY005904,ORD009772,2024-12-24,UPI,paid,9306.48,0.0,2024-12-28,Juspay
M001,PAY005905,ORD004599,2024-06-24,COD,paid,2033.07,0.0,2024-06-29,Juspay
M001,PAY005906,ORD001375,2024-02-15,COD,failed,0.0,0.0,2024-02-15,PayU
M001,PAY005907,ORD005698,2024-08-15,UPI,paid,8285.56,0.0,2024-08-19,Juspay
M001,PAY005908,ORD002733,2024-04-12,COD,paid,5837.45,0.0,2024-04-17,Juspay
M001,PAY005909,ORD009137,2024-12-03,COD,paid,4730.63,0.0,2024-12-06,Cashfree
M001,PAY005910,ORD008243,2024-11-10,UPI,paid,6980.84,0.0,2024-11-14,Stripe
M001,PAY005911,ORD009194,2024-12-05,Wallet,paid,2070.54,0.0,2024-12-08,Stripe
M001,PAY005912,ORD002866,2024-04-16,Debit Card,refunded,1069.24,754.18,2024-04-17,PayU
M001,PAY005913,ORD004654,2024-06-28,Wallet,refunded,7513.76,997.12,2024-06-29,PhonePe
M001,PAY005914,ORD009229,2024-12-06,Credit Card,refunded,8695.14,7040.44,2024-12-07,PayU
M001,PAY005915,ORD002690,2024-04-11,UPI,paid,5283.86,0.0,2024-04-13,Stripe
M001,PAY005916,ORD007065,2024-10-07,Debit Card,paid,10021.07,0.0,2024-10-08,Stripe
M001,PAY005917,ORD009816,2024-12-26,Credit Card,paid,2419.21,0.0,2024-12-29,Stripe
M001,PAY005918,ORD008091,2024-11-06,UPI,paid,5684.04,0.0,2024-11-11,Juspay
M001,PAY005919,ORD000878,2024-01-29,COD,paid,3454.74,0.0,2024-02-03,Razorpay
M001,PAY005920,ORD000568,2024-01-18,COD,paid,8281.22,0.0,2024-01-22,Cashfree
M001,PAY005921,ORD002067,2024-03-17,UPI,paid,6717.53,0.0,2024-03-22,PayU
M001,PAY005922,ORD006098,2024-08-31,UPI,paid,6411.85,0.0,2024-09-02,Juspay
M001,PAY005923,ORD004087,2024-06-01,UPI,paid,8274.19,0.0,2024-06-03,Cashfree
M001,PAY005924,ORD005476,2024-08-06,COD,paid,10300.04,0.0,2024-08-07,Stripe
M001,PAY005925,ORD007441,2024-10-17,COD,paid,4145.02,0.0,2024-10-21,PhonePe
M001,PAY005926,ORD002077,2024-03-18,Debit Card,refunded,3209.53,1083.88,2024-03-22,Razorpay
M001,PAY005927,ORD006505,2024-09-18,UPI,paid,2605.17,0.0,2024-09-21,Stripe
M001,PAY005928,ORD005089,2024-07-19,Credit Card,paid,6259.47,0.0,2024-07-22,Stripe
M001,PAY005929,ORD004501,2024-06-20,COD,paid,2042.39,0.0,2024-06-23,PhonePe
M001,PAY005930,ORD003746,2024-05-19,Debit Card,failed,0.0,0.0,2024-05-19,Stripe
M001,PAY005931,ORD006904,2024-10-03,COD,paid,793.62,0.0,2024-10-08,PhonePe
M001,PAY005932,ORD008253,2024-11-10,UPI,paid,2877.07,0.0,2024-11-15,PayU
M001,PAY005933,ORD008225,2024-11-10,UPI,paid,6310.19,0.0,2024-11-14,Razorpay
M001,PAY005934,ORD004870,2024-07-08,Credit Card,paid,6989.85,0.0,2024-07-12,PayU
M001,PAY005935,ORD006725,2024-09-27,UPI,paid,3121.84,0.0,2024-09-30,Cashfree
M001,PAY005936,ORD001104,2024-02-04,UPI,paid,7442.38,0.0,2024-02-08,Stripe
M001,PAY005937,ORD003967,2024-05-27,UPI,paid,3246.37,0.0,2024-05-28,Stripe
M001,PAY005938,ORD000747,2024-01-23,COD,paid,9520.52,0.0,2024-01-28,Razorpay
M001,PAY005939,ORD005799,2024-08-19,UPI,paid,8984.23,0.0,2024-08-20,Cashfree
M001,PAY005940,ORD006383,2024-09-12,Debit Card,paid,2296.74,0.0,2024-09-17,PayU
M001,PAY005941,ORD008078,2024-11-05,Debit Card,paid,4414.98,0.0,2024-11-07,Stripe
M001,PAY005942,ORD006336,2024-09-10,UPI,paid,6711.33,0.0,2024-09-12,Juspay
M001,PAY005943,ORD000494,2024-01-15,Credit Card,failed,0.0,0.0,2024-01-15,PhonePe
M001,PAY005944,ORD008282,2024-11-12,UPI,paid,2142.5,0.0,2024-11-16,Cashfree
M001,PAY005945,ORD006975,2024-10-03,Debit Card,paid,11000.17,0.0,2024-10-05,Cashfree
M001,PAY005946,ORD008852,2024-11-27,COD,paid,2981.75,0.0,2024-11-30,PayU
M001,PAY005947,ORD008304,2024-11-11,Credit Card,failed,0.0,0.0,2024-11-11,Razorpay
M001,PAY005948,ORD000370,2024-01-12,Debit Card,paid,6272.62,0.0,2024-01-16,Stripe
M001,PAY005949,ORD000199,2024-01-07,COD,paid,1145.34,0.0,2024-01-11,Juspay
M001,PAY005950,ORD001324,2024-02-14,Debit Card,paid,1474.56,0.0,2024-02-18,Juspay
M001,PAY005951,ORD003633,2024-05-15,Credit Card,paid,2576.69,0.0,2024-05-19,Stripe
M001,PAY005952,ORD009577,2024-12-17,Wallet,paid,8197.93,0.0,2024-12-19,Razorpay
M001,PAY005953,ORD002437,2024-04-01,Credit Card,paid,6207.99,0.0,2024-04-06,Razorpay
M001,PAY005954,ORD006097,2024-08-31,Debit Card,paid,5035.39,0.0,2024-09-05,Juspay
M001,PAY005955,ORD007346,2024-10-14,Credit Card,paid,7577.1,0.0,2024-10-17,Juspay
M001,PAY005956,ORD006269,2024-09-07,COD,paid,10257.9,0.0,2024-09-08,Stripe
M001,PAY005957,ORD006594,2024-09-21,UPI,paid,7226.98,0.0,2024-09-23,PhonePe
M001,PAY005958,ORD001390,2024-02-16,COD,paid,8589.64,0.0,2024-02-21,Stripe
M001,PAY005959,ORD000181,2024-01-06,COD,failed,0.0,0.0,2024-01-06,PhonePe
M001,PAY005960,ORD006773,2024-09-27,COD,paid,4862.24,0.0,2024-09-30,Cashfree
M001,PAY005961,ORD007786,2024-10-28,COD,paid,3304.74,0.0,2024-10-29,Stripe
M001,PAY005962,ORD003919,2024-05-25,UPI,paid,4752.91,0.0,2024-05-29,Stripe
M001,PAY005963,ORD007831,2024-10-29,COD,paid,1547.45,0.0,2024-11-02,Cashfree
M001,PAY005964,ORD006093,2024-08-31,UPI,paid,2166.86,0.0,2024-09-05,Cashfree
M001,PAY005965,ORD004630,2024-06-26,Credit Card,paid,7240.61,0.0,2024-07-01,PayU
M001,PAY005966,ORD008159,2024-11-07,UPI,paid,2100.71,0.0,2024-11-12,PayU
M001,PAY005967,ORD004086,2024-05-31,COD,paid,4357.24,0.0,2024-06-05,PayU
M001,PAY005968,ORD001250,2024-02-11,COD,paid,5540.1,0.0,2024-02-16,Cashfree
M001,PAY005969,ORD000041,2024-01-01,COD,paid,766.05,0.0,2024-01-06,Cashfree
M001,PAY005970,ORD000310,2024-01-10,COD,paid,7449.49,0.0,2024-01-13,Juspay
M001,PAY005971,ORD002558,2024-04-07,Debit Card,paid,1366.17,0.0,2024-04-10,PayU
M001,PAY005972,ORD009072,2024-12-01,Credit Card,pending,8051.32,0.0,2024-12-03,PayU
M001,PAY005973,ORD009860,2024-12-27,COD,paid,6828.66,0.0,2024-12-29,Cashfree
M001,PAY005974,ORD001976,2024-03-14,UPI,paid,7082.37,0.0,2024-03-17,Stripe
M001,PAY005975,ORD009133,2024-12-03,UPI,paid,2612.06,0.0,2024-12-05,Stripe
M001,PAY005976,ORD005030,2024-07-16,Wallet,paid,7413.24,0.0,2024-07-18,Juspay
M001,PAY005977,ORD006219,2024-09-06,NetBanking,failed,0.0,0.0,2024-09-06,PayU
M001,PAY005978,ORD000286,2024-01-09,Credit Card,paid,3531.48,0.0,2024-01-10,PhonePe
M001,PAY005979,ORD006124,2024-09-01,UPI,paid,4619.2,0.0,2024-09-06,Stripe
M001,PAY005980,ORD004371,2024-06-16,COD,paid,4430.07,0.0,2024-06-17,Cashfree
M001,PAY005981,ORD008189,2024-11-09,COD,pending,6355.08,0.0,2024-11-10,Razorpay
M001,PAY005982,ORD008747,2024-11-23,COD,failed,0.0,0.0,2024-11-23,Juspay
M001,PAY005983,ORD002933,2024-04-20,UPI,paid,1342.53,0.0,2024-04-24,PhonePe
M001,PAY005984,ORD001026,2024-02-02,UPI,paid,1856.57,0.0,2024-02-03,Stripe
M001,PAY005985,ORD000468,2024-01-16,COD,paid,6853.36,0.0,2024-01-17,PayU
M001,PAY005986,ORD007350,2024-10-14,COD,paid,5133.26,0.0,2024-10-18,Stripe
M001,PAY005987,ORD005925,2024-08-24,COD,paid,973.81,0.0,2024-08-29,PayU
M001,PAY005988,ORD008067,2024-11-05,COD,paid,6847.32,0.0,2024-11-08,PhonePe
M001,PAY005989,ORD006267,2024-09-08,COD,paid,4647.81,0.0,2024-09-09,Juspay
M001,PAY005990,ORD000081,2024-01-04,UPI,paid,3538.43,0.0,2024-01-09,PayU
M001,PAY005991,ORD001109,2024-02-04,COD,refunded,1053.61,385.21,2024-02-06,Razorpay
M001,PAY005992,ORD009911,2024-12-28,COD,paid,8153.23,0.0,2024-12-31,Cashfree
M001,PAY005993,ORD008079,2024-11-05,UPI,paid,6186.58,0.0,2024-11-10,Stripe
M001,PAY005994,ORD008321,2024-11-11,UPI,paid,2310.49,0.0,2024-11-16,Razorpay
M001,PAY005995,ORD000293,2024-01-10,Credit Card,paid,1352.25,0.0,2024-01-13,PhonePe
M001,PAY005996,ORD002298,2024-03-28,Wallet,paid,8856.99,0.0,2024-03-29,Stripe
M001,PAY005997,ORD005827,2024-08-21,NetBanking,paid,1572.74,0.0,2024-08-26,Cashfree
M001,PAY005998,ORD007462,2024-10-18,COD,paid,4452.09,0.0,2024-10-22,Juspay
M001,PAY005999,ORD007282,2024-10-13,UPI,paid,4029.56,0.0,2024-10-18,PayU
M001,PAY006000,ORD005103,2024-07-20,UPI,paid,7712.47,0.0,2024-07-25,Cashfree
M001,PAY006001,ORD006179,2024-09-03,COD,paid,5465.37,0.0,2024-09-05,Juspay
M001,PAY006002,ORD006918,2024-10-02,COD,paid,6462.15,0.0,2024-10-05,PhonePe
M001,PAY006003,ORD008050,2024-11-05,Credit Card,paid,1052.72,0.0,2024-11-09,PhonePe
M001,PAY006004,ORD008548,2024-11-18,COD,paid,571.49,0.0,2024-11-22,Stripe
M001,PAY006005,ORD004783,2024-07-04,UPI,paid,5257.35,0.0,2024-07-06,Cashfree
M001,PAY006006,ORD005973,2024-08-26,COD,paid,2461.54,0.0,2024-08-30,Stripe
M001,PAY006007,ORD006912,2024-10-03,COD,paid,2709.46,0.0,2024-10-08,PayU
M001,PAY006008,ORD005805,2024-08-19,COD,paid,6585.08,0.0,2024-08-20,Stripe
M001,PAY006009,ORD000565,2024-01-19,UPI,paid,772.91,0.0,2024-01-23,PayU
M001,PAY006010,ORD000284,2024-01-09,UPI,paid,1118.69,0.0,2024-01-10,PhonePe
M001,PAY006011,ORD009941,2024-12-29,UPI,pending,4949.62,0.0,2024-12-30,PayU
M001,PAY006012,ORD009382,2024-12-12,UPI,paid,2607.97,0.0,2024-12-14,Juspay
M001,PAY006013,ORD008381,2024-11-13,UPI,paid,755.35,0.0,2024-11-15,PhonePe
M001,PAY006014,ORD004793,2024-07-04,COD,paid,808.8,0.0,2024-07-07,PhonePe
M001,PAY006015,ORD008445,2024-11-15,COD,paid,3725.82,0.0,2024-11-19,PhonePe
M001,PAY006016,ORD005770,2024-08-17,COD,refunded,5963.48,4461.07,2024-08-19,Cashfree
M001,PAY006017,ORD007134,2024-10-09,Debit Card,paid,10966.36,0.0,2024-10-14,Juspay
M001,PAY006018,ORD006897,2024-10-03,Debit Card,paid,3817.36,0.0,2024-10-05,PhonePe
M001,PAY006019,ORD004591,2024-06-24,COD,paid,2927.37,0.0,2024-06-28,Razorpay
M001,PAY006020,ORD007059,2024-10-06,Credit Card,failed,0.0,0.0,2024-10-06,Juspay
M001,PAY006021,ORD004021,2024-05-30,COD,paid,6458.12,0.0,2024-05-31,Stripe
M001,PAY006022,ORD002251,2024-03-25,Credit Card,paid,2181.62,0.0,2024-03-26,Cashfree
M001,PAY006023,ORD005046,2024-07-18,Credit Card,paid,604.83,0.0,2024-07-19,Stripe
M001,PAY006024,ORD006744,2024-09-26,UPI,paid,7888.0,0.0,2024-09-28,PhonePe
M001,PAY006025,ORD009422,2024-12-13,Credit Card,paid,6121.12,0.0,2024-12-14,Cashfree
M001,PAY006026,ORD000097,2024-01-04,COD,pending,8666.93,0.0,2024-01-06,PhonePe
M001,PAY006027,ORD005672,2024-08-15,COD,paid,5792.17,0.0,2024-08-18,PayU
M001,PAY006028,ORD003783,2024-05-20,COD,paid,10051.39,0.0,2024-05-24,Juspay
M001,PAY006029,ORD006270,2024-09-08,Credit Card,paid,9551.98,0.0,2024-09-09,Juspay
M001,PAY006030,ORD005685,2024-08-15,Debit Card,paid,3766.34,0.0,2024-08-16,Razorpay
M001,PAY006031,ORD008725,2024-11-23,COD,paid,3668.84,0.0,2024-11-25,Cashfree
M001,PAY006032,ORD004437,2024-06-17,Debit Card,paid,3606.66,0.0,2024-06-21,Stripe
M001,PAY006033,ORD009912,2024-12-29,Debit Card,paid,2748.14,0.0,2024-12-30,Juspay
M001,PAY006034,ORD000915,2024-01-30,COD,paid,3399.82,0.0,2024-02-04,Juspay
M001,PAY006035,ORD003612,2024-05-13,COD,paid,3181.82,0.0,2024-05-18,Cashfree
M001,PAY006036,ORD009753,2024-12-23,COD,paid,9300.18,0.0,2024-12-24,Razorpay
M001,PAY006037,ORD000048,2024-01-02,UPI,paid,5161.45,0.0,2024-01-06,PhonePe
M001,PAY006038,ORD009076,2024-12-03,UPI,paid,981.55,0.0,2024-12-08,Juspay
M001,PAY006039,ORD005688,2024-08-15,Debit Card,paid,8213.89,0.0,2024-08-16,Razorpay
M001,PAY006040,ORD005591,2024-08-10,COD,paid,7495.64,0.0,2024-08-15,PayU
M001,PAY006041,ORD002414,2024-04-01,Credit Card,paid,1261.29,0.0,2024-04-02,Juspay
M001,PAY006042,ORD003482,2024-05-10,UPI,paid,8796.86,0.0,2024-05-15,Juspay
M001,PAY006043,ORD006715,2024-09-26,Debit Card,paid,7366.4,0.0,2024-09-28,Stripe
M001,PAY006044,ORD006047,2024-08-29,COD,paid,2624.9,0.0,2024-08-30,PhonePe
M001,PAY006045,ORD005914,2024-08-24,UPI,paid,3240.32,0.0,2024-08-25,Razorpay
M001,PAY006046,ORD007292,2024-10-14,COD,failed,0.0,0.0,2024-10-14,PayU
M001,PAY006047,ORD008161,2024-11-07,COD,paid,1637.64,0.0,2024-11-08,Cashfree
M001,PAY006048,ORD007774,2024-10-27,Wallet,failed,0.0,0.0,2024-10-27,Juspay
M001,PAY006049,ORD001934,2024-03-11,COD,paid,7733.39,0.0,2024-03-14,Razorpay
M001,PAY006050,ORD008693,2024-11-22,Credit Card,paid,6804.44,0.0,2024-11-23,PhonePe
M001,PAY006051,ORD006927,2024-10-02,Debit Card,paid,564.81,0.0,2024-10-04,PayU
M001,PAY006052,ORD003649,2024-05-16,COD,pending,6916.3,0.0,2024-05-18,Stripe
M001,PAY006053,ORD009516,2024-12-15,UPI,paid,1965.03,0.0,2024-12-18,Juspay
M001,PAY006054,ORD001340,2024-02-15,COD,paid,2312.96,0.0,2024-02-16,Cashfree
M001,PAY006055,ORD004459,2024-06-18,Credit Card,refunded,9945.63,8967.59,2024-06-21,Cashfree
M001,PAY006056,ORD001738,2024-03-04,UPI,paid,2297.73,0.0,2024-03-05,Cashfree
M001,PAY006057,ORD005578,2024-08-11,UPI,paid,9237.28,0.0,2024-08-14,Razorpay
M001,PAY006058,ORD007778,2024-10-27,Debit Card,paid,4170.27,0.0,2024-10-30,Stripe
M001,PAY006059,ORD002849,2024-04-16,COD,refunded,6127.41,5143.83,2024-04-19,PhonePe
M001,PAY006060,ORD000377,2024-01-13,UPI,paid,10037.23,0.0,2024-01-15,Razorpay
M001,PAY006061,ORD007452,2024-10-18,UPI,paid,7854.72,0.0,2024-10-23,Stripe
M001,PAY006062,ORD003995,2024-05-28,COD,paid,8869.07,0.0,2024-05-31,Juspay
M001,PAY006063,ORD007566,2024-10-22,COD,paid,7786.01,0.0,2024-10-27,PhonePe
M001,PAY006064,ORD002872,2024-04-17,COD,paid,7592.7,0.0,2024-04-19,Stripe
M001,PAY006065,ORD000899,2024-01-29,COD,paid,2809.29,0.0,2024-02-03,Stripe
M001,PAY006066,ORD001504,2024-02-23,Credit Card,paid,5687.56,0.0,2024-02-27,Juspay
M001,PAY006067,ORD006899,2024-10-03,COD,paid,1147.32,0.0,2024-10-05,PayU
M001,PAY006068,ORD002084,2024-03-18,COD,paid,8139.05,0.0,2024-03-22,Razorpay
M001,PAY006069,ORD009450,2024-12-13,UPI,paid,6489.23,0.0,2024-12-18,PhonePe
M001,PAY006070,ORD002129,2024-03-20,UPI,paid,6387.24,0.0,2024-03-21,Razorpay
M001,PAY006071,ORD004369,2024-06-15,Credit Card,paid,4887.0,0.0,2024-06-20,PayU
M001,PAY006072,ORD007149,2024-10-09,UPI,paid,3100.02,0.0,2024-10-10,Juspay
M001,PAY006073,ORD006679,2024-09-25,COD,paid,465.52,0.0,2024-09-30,PayU
M001,PAY006074,ORD002424,2024-04-01,Wallet,paid,5169.61,0.0,2024-04-06,Razorpay
M001,PAY006075,ORD007515,2024-10-20,UPI,paid,1081.99,0.0,2024-10-23,PayU
M001,PAY006076,ORD008860,2024-11-27,Wallet,paid,6801.52,0.0,2024-11-28,PayU
M001,PAY006077,ORD007033,2024-10-05,Wallet,failed,0.0,0.0,2024-10-05,Cashfree
M001,PAY006078,ORD008890,2024-11-26,Debit Card,paid,635.43,0.0,2024-11-28,Cashfree
M001,PAY006079,ORD000380,2024-01-12,UPI,paid,4340.65,0.0,2024-01-14,PhonePe
M001,PAY006080,ORD005106,2024-07-20,UPI,paid,7539.29,0.0,2024-07-25,Razorpay
M001,PAY006081,ORD001985,2024-03-15,Credit Card,failed,0.0,0.0,2024-03-15,Stripe
M001,PAY006082,ORD001694,2024-03-03,Debit Card,paid,9002.31,0.0,2024-03-06,Cashfree
M001,PAY006083,ORD007369,2024-10-16,COD,paid,8952.42,0.0,2024-10-18,Stripe
M001,PAY006084,ORD001017,2024-01-31,UPI,paid,8160.06,0.0,2024-02-03,PhonePe
M001,PAY006085,ORD009392,2024-12-11,COD,paid,8885.28,0.0,2024-12-16,PhonePe
M001,PAY006086,ORD004584,2024-06-24,Debit Card,failed,0.0,0.0,2024-06-24,PayU
M001,PAY006087,ORD006051,2024-08-29,Debit Card,paid,4627.19,0.0,2024-09-03,Juspay
M001,PAY006088,ORD007434,2024-10-16,UPI,paid,7434.25,0.0,2024-10-21,PhonePe
M001,PAY006089,ORD001016,2024-01-31,COD,paid,6805.92,0.0,2024-02-05,PhonePe
M001,PAY006090,ORD002533,2024-04-06,NetBanking,pending,7655.09,0.0,2024-04-08,PhonePe
M001,PAY006091,ORD007636,2024-10-24,Debit Card,paid,6466.71,0.0,2024-10-27,PhonePe
M001,PAY006092,ORD007450,2024-10-18,UPI,paid,1250.18,0.0,2024-10-19,Stripe
M001,PAY006093,ORD000201,2024-01-07,UPI,paid,948.05,0.0,2024-01-09,PayU
M001,PAY006094,ORD009169,2024-12-04,UPI,paid,3875.91,0.0,2024-12-08,Razorpay
M001,PAY006095,ORD007629,2024-10-23,COD,paid,5456.17,0.0,2024-10-26,Juspay
M001,PAY006096,ORD006025,2024-08-28,COD,paid,3731.52,0.0,2024-09-02,Cashfree
M001,PAY006097,ORD009225,2024-12-06,Wallet,paid,918.2,0.0,2024-12-08,Stripe
M001,PAY006098,ORD007892,2024-11-01,Credit Card,paid,6085.15,0.0,2024-11-06,Juspay
M001,PAY006099,ORD008070,2024-11-06,UPI,paid,4761.3,0.0,2024-11-08,PhonePe
M001,PAY006100,ORD006315,2024-09-10,COD,paid,4022.92,0.0,2024-09-12,Juspay
M001,PAY006101,ORD006415,2024-09-15,Credit Card,paid,6223.51,0.0,2024-09-18,PayU
M001,PAY006102,ORD002227,2024-03-24,Credit Card,paid,9648.94,0.0,2024-03-26,PayU
M001,PAY006103,ORD003292,2024-05-03,NetBanking,failed,0.0,0.0,2024-05-03,Razorpay
M001,PAY006104,ORD003096,2024-04-26,Debit Card,paid,3853.72,0.0,2024-04-27,Razorpay
M001,PAY006105,ORD006225,2024-09-06,UPI,refunded,5778.38,2786.39,2024-09-11,PayU
M001,PAY006106,ORD009730,2024-12-22,Wallet,failed,0.0,0.0,2024-12-22,Cashfree
M001,PAY006107,ORD009820,2024-12-25,Debit Card,paid,5977.55,0.0,2024-12-26,Juspay
M001,PAY006108,ORD009263,2024-12-07,Wallet,paid,461.59,0.0,2024-12-09,Razorpay
M001,PAY006109,ORD009396,2024-12-12,COD,paid,6124.75,0.0,2024-12-14,Razorpay
M001,PAY006110,ORD002149,2024-03-20,Credit Card,paid,1704.93,0.0,2024-03-25,PayU
M001,PAY006111,ORD005011,2024-07-16,COD,paid,1360.8,0.0,2024-07-18,Razorpay
M001,PAY006112,ORD005181,2024-07-24,UPI,refunded,4571.19,808.71,2024-07-25,Cashfree
M001,PAY006113,ORD001210,2024-02-08,COD,paid,8963.99,0.0,2024-02-10,PhonePe
M001,PAY006114,ORD005569,2024-08-09,Debit Card,failed,0.0,0.0,2024-08-09,PhonePe
M001,PAY006115,ORD009796,2024-12-25,UPI,paid,6152.85,0.0,2024-12-27,Stripe
M001,PAY006116,ORD009427,2024-12-12,UPI,paid,4776.62,0.0,2024-12-14,Stripe
M001,PAY006117,ORD007060,2024-10-06,COD,paid,2913.85,0.0,2024-10-11,Cashfree
M001,PAY006118,ORD004581,2024-06-23,Credit Card,paid,887.96,0.0,2024-06-28,Cashfree
M001,PAY006119,ORD006370,2024-09-11,COD,paid,4588.06,0.0,2024-09-13,Cashfree
M001,PAY006120,ORD008420,2024-11-14,Debit Card,paid,10971.11,0.0,2024-11-16,Razorpay
M001,PAY006121,ORD008230,2024-11-10,UPI,paid,890.58,0.0,2024-11-14,PayU
M001,PAY006122,ORD001704,2024-03-03,COD,paid,2922.5,0.0,2024-03-07,Juspay
M001,PAY006123,ORD004702,2024-06-30,COD,paid,3006.23,0.0,2024-07-04,PayU
M001,PAY006124,ORD005010,2024-07-15,UPI,paid,4567.82,0.0,2024-07-16,PhonePe
M001,PAY006125,ORD003477,2024-05-10,UPI,paid,7459.93,0.0,2024-05-15,Stripe
M001,PAY006126,ORD000054,2024-01-03,Debit Card,pending,1541.59,0.0,2024-01-05,PhonePe
M001,PAY006127,ORD001182,2024-02-08,UPI,paid,801.0,0.0,2024-02-09,Cashfree
M001,PAY006128,ORD002919,2024-04-18,COD,paid,5487.5,0.0,2024-04-21,Razorpay
M001,PAY006129,ORD009667,2024-12-20,COD,paid,759.44,0.0,2024-12-22,PayU
M001,PAY006130,ORD006681,2024-09-25,Debit Card,paid,403.35,0.0,2024-09-30,Cashfree
M001,PAY006131,ORD006237,2024-09-05,COD,paid,9441.8,0.0,2024-09-09,PhonePe
M001,PAY006132,ORD008015,2024-11-04,UPI,paid,1871.32,0.0,2024-11-08,Stripe
M001,PAY006133,ORD006728,2024-09-26,Wallet,paid,5383.12,0.0,2024-09-27,PhonePe
M001,PAY006134,ORD000367,2024-01-13,Credit Card,paid,10675.41,0.0,2024-01-16,Cashfree
M001,PAY006135,ORD002712,2024-04-12,Credit Card,paid,8744.75,0.0,2024-04-14,Razorpay
M001,PAY006136,ORD002161,2024-03-20,Credit Card,failed,0.0,0.0,2024-03-20,Stripe
M001,PAY006137,ORD000098,2024-01-04,Credit Card,paid,4243.95,0.0,2024-01-09,PayU
M001,PAY006138,ORD003865,2024-05-23,COD,paid,4450.71,0.0,2024-05-25,Stripe
M001,PAY006139,ORD000411,2024-01-14,COD,failed,0.0,0.0,2024-01-14,PayU
M001,PAY006140,ORD006091,2024-08-31,COD,paid,7918.44,0.0,2024-09-03,Juspay
M001,PAY006141,ORD002111,2024-03-20,COD,paid,7657.04,0.0,2024-03-23,PayU
M001,PAY006142,ORD002964,2024-04-21,COD,pending,3159.4,0.0,2024-04-22,PayU
M001,PAY006143,ORD001097,2024-02-05,Credit Card,paid,6708.54,0.0,2024-02-08,PhonePe
M001,PAY006144,ORD000879,2024-01-29,UPI,paid,6565.15,0.0,2024-01-31,PhonePe
M001,PAY006145,ORD006295,2024-09-09,COD,refunded,5843.39,2985.37,2024-09-14,PhonePe
M001,PAY006146,ORD002796,2024-04-14,Debit Card,paid,574.94,0.0,2024-04-16,Razorpay
M001,PAY006147,ORD001802,2024-03-06,UPI,paid,8183.88,0.0,2024-03-07,Razorpay
M001,PAY006148,ORD001028,2024-02-02,Wallet,paid,8165.61,0.0,2024-02-03,Stripe
M001,PAY006149,ORD007798,2024-10-29,COD,paid,3762.23,0.0,2024-10-30,PayU
M001,PAY006150,ORD005859,2024-08-22,Credit Card,paid,4119.27,0.0,2024-08-25,Juspay
M001,PAY006151,ORD002724,2024-04-12,Credit Card,paid,2996.6,0.0,2024-04-14,PayU
M001,PAY006152,ORD006651,2024-09-24,Debit Card,paid,6473.09,0.0,2024-09-29,Razorpay
M001,PAY006153,ORD000613,2024-01-21,Wallet,paid,7316.76,0.0,2024-01-22,Cashfree
M001,PAY006154,ORD007051,2024-10-06,COD,paid,2370.4,0.0,2024-10-08,PayU
M001,PAY006155,ORD000410,2024-01-14,Credit Card,paid,8253.13,0.0,2024-01-16,PhonePe
M001,PAY006156,ORD006686,2024-09-24,UPI,paid,5850.1,0.0,2024-09-26,Juspay
M001,PAY006157,ORD007783,2024-10-27,Wallet,paid,4464.38,0.0,2024-10-30,Stripe
M001,PAY006158,ORD006772,2024-09-28,UPI,paid,6156.45,0.0,2024-09-29,PhonePe
M001,PAY006159,ORD000168,2024-01-05,Wallet,paid,1098.1,0.0,2024-01-06,Juspay
M001,PAY006160,ORD006075,2024-08-31,NetBanking,paid,8072.02,0.0,2024-09-05,Cashfree
M001,PAY006161,ORD002113,2024-03-19,Wallet,paid,2060.16,0.0,2024-03-20,Cashfree
M001,PAY006162,ORD000526,2024-01-17,COD,paid,8833.75,0.0,2024-01-22,Razorpay
M001,PAY006163,ORD006042,2024-08-29,Credit Card,paid,1572.81,0.0,2024-08-31,Razorpay
M001,PAY006164,ORD005825,2024-08-20,NetBanking,paid,4084.23,0.0,2024-08-24,PhonePe
M001,PAY006165,ORD003740,2024-05-19,Debit Card,paid,7419.3,0.0,2024-05-24,Stripe
M001,PAY006166,ORD006752,2024-09-27,COD,paid,4545.89,0.0,2024-09-28,PhonePe
M001,PAY006167,ORD008245,2024-11-09,UPI,failed,0.0,0.0,2024-11-09,PhonePe
M001,PAY006168,ORD001917,2024-03-11,UPI,paid,2074.35,0.0,2024-03-12,Juspay
M001,PAY006169,ORD008630,2024-11-20,UPI,refunded,8319.88,3693.2,2024-11-24,Juspay
M001,PAY006170,ORD007485,2024-10-19,UPI,paid,5611.99,0.0,2024-10-22,PhonePe
M001,PAY006171,ORD003034,2024-04-23,COD,paid,2480.25,0.0,2024-04-28,Cashfree
M001,PAY006172,ORD005207,2024-07-25,Credit Card,paid,6454.43,0.0,2024-07-30,Razorpay
M001,PAY006173,ORD009210,2024-12-07,COD,paid,1680.16,0.0,2024-12-12,PayU
M001,PAY006174,ORD006104,2024-08-31,COD,paid,7903.7,0.0,2024-09-05,Cashfree
M001,PAY006175,ORD003994,2024-05-29,COD,paid,6127.83,0.0,2024-06-02,Stripe
M001,PAY006176,ORD002427,2024-04-02,COD,paid,3363.69,0.0,2024-04-06,Juspay
M001,PAY006177,ORD002845,2024-04-17,NetBanking,paid,8408.61,0.0,2024-04-21,Stripe
M001,PAY006178,ORD001946,2024-03-13,COD,refunded,6170.96,1087.54,2024-03-15,PhonePe
M001,PAY006179,ORD007538,2024-10-20,UPI,pending,6012.2,0.0,2024-10-21,Razorpay
M001,PAY006180,ORD002897,2024-04-18,COD,paid,1184.32,0.0,2024-04-19,Juspay
M001,PAY006181,ORD008046,2024-11-04,UPI,paid,2454.86,0.0,2024-11-06,PayU
M001,PAY006182,ORD007724,2024-10-27,NetBanking,paid,6177.51,0.0,2024-10-28,PhonePe
M001,PAY006183,ORD009410,2024-12-12,UPI,paid,7324.63,0.0,2024-12-13,Stripe
M001,PAY006184,ORD004065,2024-06-01,COD,paid,4007.23,0.0,2024-06-04,PayU
M001,PAY006185,ORD007664,2024-10-24,COD,paid,10826.08,0.0,2024-10-25,Razorpay
M001,PAY006186,ORD009603,2024-12-19,COD,paid,6422.93,0.0,2024-12-20,Cashfree
M001,PAY006187,ORD002173,2024-03-22,Credit Card,paid,1340.69,0.0,2024-03-27,Razorpay
M001,PAY006188,ORD003537,2024-05-12,UPI,refunded,8055.95,2308.2,2024-05-16,Stripe
M001,PAY006189,ORD006317,2024-09-09,UPI,paid,5058.32,0.0,2024-09-12,Cashfree
M001,PAY006190,ORD008786,2024-11-25,Debit Card,paid,4265.91,0.0,2024-11-27,Stripe
M001,PAY006191,ORD002892,2024-04-17,COD,paid,2213.67,0.0,2024-04-20,PayU
M001,PAY006192,ORD005750,2024-08-16,COD,paid,6345.68,0.0,2024-08-18,Stripe
M001,PAY006193,ORD001947,2024-03-13,Wallet,paid,9552.71,0.0,2024-03-17,PayU
M001,PAY006194,ORD009232,2024-12-06,UPI,pending,6494.0,0.0,2024-12-08,Razorpay
M001,PAY006195,ORD004398,2024-06-17,Credit Card,paid,3026.75,0.0,2024-06-18,Stripe
M001,PAY006196,ORD001933,2024-03-12,COD,paid,8847.13,0.0,2024-03-14,PhonePe
M001,PAY006197,ORD007099,2024-10-07,COD,paid,4083.29,0.0,2024-10-10,Cashfree
M001,PAY006198,ORD005673,2024-08-14,COD,paid,2943.11,0.0,2024-08-16,Stripe
M001,PAY006199,ORD008978,2024-11-29,Credit Card,paid,8660.58,0.0,2024-12-03,PhonePe
M001,PAY006200,ORD006886,2024-10-02,Debit Card,paid,8334.86,0.0,2024-10-07,PhonePe
M001,PAY006201,ORD007569,2024-10-22,Credit Card,paid,2971.55,0.0,2024-10-27,PhonePe
M001,PAY006202,ORD009948,2024-12-30,NetBanking,paid,895.8,0.0,2025-01-03,Juspay
M001,PAY006203,ORD008383,2024-11-13,COD,paid,2048.52,0.0,2024-11-16,Juspay
M001,PAY006204,ORD003664,2024-05-16,Credit Card,failed,0.0,0.0,2024-05-16,Stripe
M001,PAY006205,ORD002578,2024-04-07,UPI,paid,7149.55,0.0,2024-04-11,Stripe
M001,PAY006206,ORD001456,2024-02-20,COD,paid,1049.19,0.0,2024-02-23,Stripe
M001,PAY006207,ORD008083,2024-11-06,COD,refunded,5191.85,3163.98,2024-11-08,Juspay
M001,PAY006208,ORD008709,2024-11-23,COD,paid,6387.3,0.0,2024-11-27,Stripe
M001,PAY006209,ORD007984,2024-11-04,COD,paid,10221.05,0.0,2024-11-07,Razorpay
M001,PAY006210,ORD008912,2024-11-27,Credit Card,paid,962.51,0.0,2024-11-30,Juspay
M001,PAY006211,ORD005559,2024-08-09,COD,refunded,6358.02,4300.81,2024-08-14,PhonePe
M001,PAY006212,ORD009613,2024-12-18,Wallet,paid,2888.81,0.0,2024-12-23,PhonePe
M001,PAY006213,ORD004841,2024-07-06,Debit Card,paid,7745.01,0.0,2024-07-10,Stripe
M001,PAY006214,ORD005759,2024-08-18,COD,refunded,521.13,146.36,2024-08-19,Cashfree
M001,PAY006215,ORD007918,2024-11-02,COD,paid,6436.37,0.0,2024-11-03,PayU
M001,PAY006216,ORD003267,2024-05-01,Debit Card,paid,5625.84,0.0,2024-05-02,PhonePe
M001,PAY006217,ORD009800,2024-12-25,NetBanking,paid,5266.15,0.0,2024-12-26,Stripe
M001,PAY006218,ORD001422,2024-02-18,NetBanking,paid,2620.37,0.0,2024-02-19,PayU
M001,PAY006219,ORD007257,2024-10-13,UPI,paid,1137.86,0.0,2024-10-15,Cashfree
M001,PAY006220,ORD002341,2024-03-29,COD,paid,3687.35,0.0,2024-03-31,PayU
M001,PAY006221,ORD000735,2024-01-24,Debit Card,paid,5790.84,0.0,2024-01-29,Stripe
M001,PAY006222,ORD003393,2024-05-05,NetBanking,paid,6229.19,0.0,2024-05-07,Cashfree
M001,PAY006223,ORD005836,2024-08-20,UPI,paid,3410.36,0.0,2024-08-25,Stripe
M001,PAY006224,ORD006941,2024-10-04,COD,refunded,8349.97,2023.23,2024-10-08,Razorpay
M001,PAY006225,ORD001790,2024-03-07,COD,paid,1791.28,0.0,2024-03-11,Juspay
M001,PAY006226,ORD003600,2024-05-14,COD,paid,1076.43,0.0,2024-05-19,Cashfree
M001,PAY006227,ORD005451,2024-08-05,Wallet,paid,6403.83,0.0,2024-08-08,PayU
M001,PAY006228,ORD002771,2024-04-14,COD,refunded,1173.13,422.37,2024-04-18,Juspay
M001,PAY006229,ORD004496,2024-06-20,COD,pending,5785.24,0.0,2024-06-21,PayU
M001,PAY006230,ORD007969,2024-11-03,COD,paid,8030.64,0.0,2024-11-06,Juspay
M001,PAY006231,ORD001267,2024-02-12,UPI,paid,4386.29,0.0,2024-02-16,Razorpay
M001,PAY006232,ORD002546,2024-04-05,NetBanking,refunded,2143.9,555.92,2024-04-09,Cashfree
M001,PAY006233,ORD001463,2024-02-20,Debit Card,paid,5073.26,0.0,2024-02-21,Juspay
M001,PAY006234,ORD004743,2024-07-02,COD,paid,6054.68,0.0,2024-07-03,Stripe
M001,PAY006235,ORD004205,2024-06-07,UPI,paid,5676.62,0.0,2024-06-10,Cashfree
M001,PAY006236,ORD009761,2024-12-24,UPI,paid,1301.42,0.0,2024-12-28,PhonePe
M001,PAY006237,ORD005737,2024-08-17,Credit Card,paid,8303.96,0.0,2024-08-22,Juspay
M001,PAY006238,ORD009770,2024-12-24,Credit Card,paid,8528.19,0.0,2024-12-26,Razorpay
M001,PAY006239,ORD007013,2024-10-05,Wallet,paid,8415.01,0.0,2024-10-07,Razorpay
M001,PAY006240,ORD001268,2024-02-11,Debit Card,paid,5085.47,0.0,2024-02-15,Stripe
M001,PAY006241,ORD001075,2024-02-03,UPI,paid,636.93,0.0,2024-02-05,Razorpay
M001,PAY006242,ORD003957,2024-05-28,Wallet,failed,0.0,0.0,2024-05-28,Stripe
M001,PAY006243,ORD007599,2024-10-21,COD,paid,3965.72,0.0,2024-10-24,PhonePe
M001,PAY006244,ORD009248,2024-12-07,UPI,paid,913.96,0.0,2024-12-09,Razorpay
M001,PAY006245,ORD000970,2024-01-31,Debit Card,failed,0.0,0.0,2024-01-31,PayU
M001,PAY006246,ORD006493,2024-09-17,UPI,paid,6386.2,0.0,2024-09-21,PayU
M001,PAY006247,ORD009771,2024-12-24,COD,paid,5625.27,0.0,2024-12-29,Cashfree
M001,PAY006248,ORD005727,2024-08-17,UPI,failed,0.0,0.0,2024-08-17,Stripe
M001,PAY006249,ORD004580,2024-06-23,COD,paid,8336.27,0.0,2024-06-25,Razorpay
M001,PAY006250,ORD001707,2024-03-03,Credit Card,paid,7682.48,0.0,2024-03-05,Stripe
M001,PAY006251,ORD004540,2024-06-21,Credit Card,paid,4760.04,0.0,2024-06-25,PhonePe
M001,PAY006252,ORD006776,2024-09-28,Debit Card,paid,3585.98,0.0,2024-10-03,Razorpay
M001,PAY006253,ORD000643,2024-01-20,Wallet,paid,4516.18,0.0,2024-01-21,Cashfree
M001,PAY006254,ORD004239,2024-06-08,COD,paid,4582.94,0.0,2024-06-13,PhonePe
M001,PAY006255,ORD007385,2024-10-16,COD,paid,4220.27,0.0,2024-10-21,Cashfree
M001,PAY006256,ORD007410,2024-10-17,Credit Card,paid,3343.23,0.0,2024-10-18,Cashfree
M001,PAY006257,ORD006804,2024-09-30,COD,paid,5667.54,0.0,2024-10-03,PhonePe
M001,PAY006258,ORD004750,2024-07-03,UPI,failed,0.0,0.0,2024-07-03,Juspay
M001,PAY006259,ORD003779,2024-05-20,COD,paid,1072.13,0.0,2024-05-24,Stripe
M001,PAY006260,ORD008270,2024-11-10,COD,paid,6844.98,0.0,2024-11-13,PhonePe
M001,PAY006261,ORD006939,2024-10-03,COD,paid,679.41,0.0,2024-10-04,Cashfree
M001,PAY006262,ORD001695,2024-03-02,Credit Card,paid,5518.58,0.0,2024-03-03,PhonePe
M001,PAY006263,ORD008182,2024-11-09,Credit Card,paid,2615.4,0.0,2024-11-14,PhonePe
M001,PAY006264,ORD003676,2024-05-16,Credit Card,paid,7975.6,0.0,2024-05-20,PayU
M001,PAY006265,ORD007449,2024-10-18,Debit Card,paid,6671.0,0.0,2024-10-23,PayU
M001,PAY006266,ORD005757,2024-08-17,UPI,paid,3267.15,0.0,2024-08-22,Juspay
M001,PAY006267,ORD006445,2024-09-16,UPI,failed,0.0,0.0,2024-09-16,Razorpay
M001,PAY006268,ORD006551,2024-09-19,Wallet,paid,3940.08,0.0,2024-09-24,Cashfree
M001,PAY006269,ORD004026,2024-05-30,COD,paid,1643.57,0.0,2024-05-31,PayU
M001,PAY006270,ORD004353,2024-06-14,Wallet,failed,0.0,0.0,2024-06-14,Juspay
M001,PAY006271,ORD005919,2024-08-23,COD,paid,3712.9,0.0,2024-08-24,PayU
M001,PAY006272,ORD002307,2024-03-27,COD,paid,1977.27,0.0,2024-03-28,Cashfree
M001,PAY006273,ORD001891,2024-03-10,COD,paid,3851.21,0.0,2024-03-12,PhonePe
M001,PAY006274,ORD008989,2024-11-29,Wallet,paid,719.19,0.0,2024-12-02,Stripe
M001,PAY006275,ORD008045,2024-11-05,COD,paid,9545.53,0.0,2024-11-08,PhonePe
M001,PAY006276,ORD006994,2024-10-04,Debit Card,paid,8124.39,0.0,2024-10-07,PhonePe
M001,PAY006277,ORD000553,2024-01-18,COD,paid,5172.88,0.0,2024-01-21,PhonePe
M001,PAY006278,ORD003818,2024-05-21,UPI,paid,4575.67,0.0,2024-05-23,PhonePe
M001,PAY006279,ORD000774,2024-01-26,UPI,paid,7849.82,0.0,2024-01-27,Razorpay
M001,PAY006280,ORD008759,2024-11-23,COD,paid,7086.12,0.0,2024-11-24,Razorpay
M001,PAY006281,ORD005518,2024-08-08,Debit Card,paid,8074.45,0.0,2024-08-13,Razorpay
M001,PAY006282,ORD006993,2024-10-04,UPI,paid,5154.78,0.0,2024-10-05,Stripe
M001,PAY006283,ORD004529,2024-06-22,UPI,paid,7573.8,0.0,2024-06-24,Cashfree
M001,PAY006284,ORD005687,2024-08-15,Wallet,paid,4427.12,0.0,2024-08-18,Razorpay
M001,PAY006285,ORD009054,2024-12-02,UPI,pending,4908.62,0.0,2024-12-03,Juspay
M001,PAY006286,ORD003399,2024-05-06,COD,paid,1091.4,0.0,2024-05-09,Juspay
M001,PAY006287,ORD003284,2024-05-03,COD,paid,1295.83,0.0,2024-05-07,PayU
M001,PAY006288,ORD004091,2024-05-31,COD,paid,7086.73,0.0,2024-06-02,Razorpay
M001,PAY006289,ORD002029,2024-03-16,COD,paid,8433.26,0.0,2024-03-21,Juspay
M001,PAY006290,ORD008659,2024-11-21,Wallet,paid,4388.19,0.0,2024-11-22,Stripe
M001,PAY006291,ORD001264,2024-02-11,Credit Card,paid,2555.1,0.0,2024-02-13,Cashfree
M001,PAY006292,ORD008228,2024-11-10,Credit Card,paid,8279.68,0.0,2024-11-14,Juspay
M001,PAY006293,ORD004143,2024-06-04,Credit Card,refunded,2908.65,1133.18,2024-06-06,PhonePe
M001,PAY006294,ORD006123,2024-09-02,COD,paid,3025.65,0.0,2024-09-05,PayU
M001,PAY006295,ORD006109,2024-09-01,UPI,paid,5183.53,0.0,2024-09-04,Stripe
M001,PAY006296,ORD008132,2024-11-08,UPI,pending,592.15,0.0,2024-11-09,PayU
M001,PAY006297,ORD004961,2024-07-13,Wallet,failed,0.0,0.0,2024-07-13,PayU
M001,PAY006298,ORD008181,2024-11-08,Credit Card,paid,5222.07,0.0,2024-11-12,Stripe
M001,PAY006299,ORD009521,2024-12-15,Debit Card,failed,0.0,0.0,2024-12-15,Cashfree
M001,PAY006300,ORD005724,2024-08-15,UPI,failed,0.0,0.0,2024-08-15,Juspay
M001,PAY006301,ORD000240,2024-01-08,UPI,paid,5261.1,0.0,2024-01-09,PayU
M001,PAY006302,ORD009470,2024-12-14,Wallet,failed,0.0,0.0,2024-12-14,Cashfree
M001,PAY006303,ORD003993,2024-05-28,UPI,pending,3881.78,0.0,2024-05-29,Cashfree
M001,PAY006304,ORD005808,2024-08-20,Debit Card,paid,6477.92,0.0,2024-08-21,Juspay
M001,PAY006305,ORD005877,2024-08-21,Wallet,paid,6066.92,0.0,2024-08-24,Cashfree
M001,PAY006306,ORD003207,2024-04-30,Credit Card,paid,9181.79,0.0,2024-05-02,Juspay
M001,PAY006307,ORD004688,2024-06-29,Debit Card,refunded,5971.78,4709.69,2024-07-01,Juspay
M001,PAY006308,ORD006634,2024-09-24,COD,paid,8823.43,0.0,2024-09-28,Stripe
M001,PAY006309,ORD005523,2024-08-08,COD,paid,8589.81,0.0,2024-08-13,Stripe
M001,PAY006310,ORD005245,2024-07-28,Wallet,paid,1832.34,0.0,2024-08-02,Juspay
M001,PAY006311,ORD003820,2024-05-21,COD,paid,6720.04,0.0,2024-05-26,Juspay
M001,PAY006312,ORD008689,2024-11-22,COD,paid,3494.09,0.0,2024-11-23,Cashfree
M001,PAY006313,ORD004623,2024-06-25,COD,paid,1147.82,0.0,2024-06-28,PayU
M001,PAY006314,ORD007000,2024-10-04,COD,paid,7738.27,0.0,2024-10-09,PayU
M001,PAY006315,ORD000019,2024-01-01,Credit Card,paid,5130.88,0.0,2024-01-03,Stripe
M001,PAY006316,ORD008800,2024-11-24,COD,paid,6636.84,0.0,2024-11-25,Stripe
M001,PAY006317,ORD000680,2024-01-23,Credit Card,failed,0.0,0.0,2024-01-23,Stripe
M001,PAY006318,ORD004573,2024-06-23,COD,paid,1434.67,0.0,2024-06-27,PayU
M001,PAY006319,ORD009576,2024-12-18,UPI,paid,4504.06,0.0,2024-12-23,Stripe
M001,PAY006320,ORD006339,2024-09-10,COD,paid,6204.22,0.0,2024-09-12,Stripe
M001,PAY006321,ORD003266,2024-05-02,COD,paid,2498.64,0.0,2024-05-07,Cashfree
M001,PAY006322,ORD004419,2024-06-18,NetBanking,refunded,2315.81,1497.72,2024-06-21,PhonePe
M001,PAY006323,ORD001597,2024-02-27,Credit Card,paid,7024.55,0.0,2024-03-02,Razorpay
M001,PAY006324,ORD009856,2024-12-26,COD,paid,8241.11,0.0,2024-12-30,Stripe
M001,PAY006325,ORD000875,2024-01-28,Credit Card,paid,4001.91,0.0,2024-01-29,Razorpay
M001,PAY006326,ORD007106,2024-10-07,Wallet,paid,9176.81,0.0,2024-10-09,PhonePe
M001,PAY006327,ORD001151,2024-02-06,COD,paid,2754.56,0.0,2024-02-09,Cashfree
M001,PAY006328,ORD008509,2024-11-17,Debit Card,paid,3847.44,0.0,2024-11-20,Cashfree
M001,PAY006329,ORD005577,2024-08-11,COD,failed,0.0,0.0,2024-08-11,Stripe
M001,PAY006330,ORD004165,2024-06-04,UPI,paid,8146.55,0.0,2024-06-06,Razorpay
M001,PAY006331,ORD000864,2024-01-27,Debit Card,paid,1707.64,0.0,2024-01-28,Razorpay
M001,PAY006332,ORD000569,2024-01-19,COD,paid,5411.04,0.0,2024-01-21,Cashfree
M001,PAY006333,ORD002668,2024-04-11,UPI,pending,9309.18,0.0,2024-04-13,Stripe
M001,PAY006334,ORD004473,2024-06-19,COD,paid,8396.36,0.0,2024-06-23,Razorpay
M001,PAY006335,ORD007255,2024-10-12,COD,paid,7871.67,0.0,2024-10-16,Stripe
M001,PAY006336,ORD003334,2024-05-03,Credit Card,paid,10428.66,0.0,2024-05-04,Juspay
M001,PAY006337,ORD007554,2024-10-20,UPI,paid,8508.74,0.0,2024-10-25,PhonePe
M001,PAY006338,ORD000584,2024-01-20,UPI,failed,0.0,0.0,2024-01-20,Razorpay
M001,PAY006339,ORD008234,2024-11-10,NetBanking,failed,0.0,0.0,2024-11-10,Stripe
M001,PAY006340,ORD000346,2024-01-11,Credit Card,paid,9318.16,0.0,2024-01-16,Razorpay
M001,PAY006341,ORD001113,2024-02-04,UPI,paid,5729.55,0.0,2024-02-09,PhonePe
M001,PAY006342,ORD007617,2024-10-23,Credit Card,paid,8143.8,0.0,2024-10-27,Juspay
M001,PAY006343,ORD001914,2024-03-11,Credit Card,paid,1725.14,0.0,2024-03-13,Cashfree
M001,PAY006344,ORD007926,2024-11-01,UPI,failed,0.0,0.0,2024-11-01,Razorpay
M001,PAY006345,ORD002426,2024-04-02,UPI,paid,7527.45,0.0,2024-04-06,Stripe
M001,PAY006346,ORD001991,2024-03-14,UPI,paid,1156.65,0.0,2024-03-17,Stripe
M001,PAY006347,ORD005844,2024-08-21,Wallet,pending,9141.92,0.0,2024-08-23,Cashfree
M001,PAY006348,ORD009142,2024-12-04,Credit Card,paid,7052.87,0.0,2024-12-09,Razorpay
M001,PAY006349,ORD005136,2024-07-22,Debit Card,pending,3417.13,0.0,2024-07-23,PhonePe
M001,PAY006350,ORD003524,2024-05-10,Debit Card,paid,1711.38,0.0,2024-05-12,Razorpay
M001,PAY006351,ORD005159,2024-07-24,UPI,paid,4302.17,0.0,2024-07-27,Razorpay
M001,PAY006352,ORD000280,2024-01-09,NetBanking,failed,0.0,0.0,2024-01-09,Stripe
M001,PAY006353,ORD001031,2024-02-01,COD,paid,8747.28,0.0,2024-02-02,Razorpay
M001,PAY006354,ORD006862,2024-10-02,NetBanking,paid,840.08,0.0,2024-10-03,Stripe
M001,PAY006355,ORD006690,2024-09-25,COD,paid,6328.95,0.0,2024-09-30,Cashfree
M001,PAY006356,ORD001298,2024-02-12,Wallet,paid,3286.76,0.0,2024-02-14,PhonePe
M001,PAY006357,ORD001409,2024-02-17,Debit Card,paid,1671.16,0.0,2024-02-18,Cashfree
M001,PAY006358,ORD007494,2024-10-18,UPI,paid,8551.83,0.0,2024-10-21,Stripe
M001,PAY006359,ORD009417,2024-12-13,Wallet,paid,1271.93,0.0,2024-12-18,PhonePe
M001,PAY006360,ORD009692,2024-12-21,Debit Card,paid,6795.99,0.0,2024-12-23,Razorpay
M001,PAY006361,ORD005502,2024-08-06,COD,paid,8779.71,0.0,2024-08-07,Razorpay
M001,PAY006362,ORD005860,2024-08-22,COD,paid,8046.2,0.0,2024-08-24,Stripe
M001,PAY006363,ORD005035,2024-07-16,UPI,refunded,3914.79,1043.9,2024-07-17,Razorpay
M001,PAY006364,ORD007925,2024-11-01,Credit Card,paid,4317.56,0.0,2024-11-06,Stripe
M001,PAY006365,ORD009260,2024-12-08,Debit Card,paid,9941.7,0.0,2024-12-09,Cashfree
M001,PAY006366,ORD009419,2024-12-13,NetBanking,paid,8268.81,0.0,2024-12-15,PayU
M001,PAY006367,ORD002034,2024-03-15,COD,paid,2473.74,0.0,2024-03-20,Razorpay
M001,PAY006368,ORD000390,2024-01-12,Credit Card,refunded,10042.58,2392.73,2024-01-17,Razorpay
M001,PAY006369,ORD003082,2024-04-24,UPI,paid,5213.84,0.0,2024-04-29,Cashfree
M001,PAY006370,ORD003962,2024-05-27,COD,refunded,3106.66,2739.94,2024-05-30,PayU
M001,PAY006371,ORD002967,2024-04-20,COD,paid,2084.05,0.0,2024-04-23,PayU
M001,PAY006372,ORD007803,2024-10-29,Wallet,paid,3185.9,0.0,2024-10-31,Juspay
M001,PAY006373,ORD007231,2024-10-11,Credit Card,paid,8391.24,0.0,2024-10-13,Razorpay
M001,PAY006374,ORD003620,2024-05-14,COD,paid,947.32,0.0,2024-05-18,Stripe
M001,PAY006375,ORD005582,2024-08-10,Credit Card,paid,2462.29,0.0,2024-08-15,Cashfree
M001,PAY006376,ORD004389,2024-06-16,COD,paid,6335.43,0.0,2024-06-21,Juspay
M001,PAY006377,ORD004519,2024-06-21,UPI,paid,3336.76,0.0,2024-06-22,Razorpay
M001,PAY006378,ORD003462,2024-05-10,COD,pending,10455.65,0.0,2024-05-11,PhonePe
M001,PAY006379,ORD009461,2024-12-13,Debit Card,paid,2594.99,0.0,2024-12-15,Juspay
M001,PAY006380,ORD001053,2024-02-03,COD,failed,0.0,0.0,2024-02-03,PhonePe
M001,PAY006381,ORD009393,2024-12-12,Credit Card,paid,4357.21,0.0,2024-12-14,Razorpay
M001,PAY006382,ORD000798,2024-01-25,Wallet,paid,5293.99,0.0,2024-01-27,Stripe
M001,PAY006383,ORD007269,2024-10-12,NetBanking,pending,5127.37,0.0,2024-10-13,PhonePe
M001,PAY006384,ORD000236,2024-01-08,UPI,paid,3712.03,0.0,2024-01-13,Stripe
M001,PAY006385,ORD005963,2024-08-26,COD,failed,0.0,0.0,2024-08-26,PhonePe
M001,PAY006386,ORD008967,2024-11-28,Debit Card,refunded,7296.95,6601.84,2024-11-30,Stripe
M001,PAY006387,ORD004710,2024-06-30,COD,paid,6613.22,0.0,2024-07-05,Stripe
M001,PAY006388,ORD001636,2024-03-01,COD,paid,2292.88,0.0,2024-03-02,Stripe
M001,PAY006389,ORD007864,2024-10-31,COD,paid,4929.33,0.0,2024-11-04,Stripe
M001,PAY006390,ORD006637,2024-09-23,COD,paid,9737.94,0.0,2024-09-25,Juspay
M001,PAY006391,ORD004210,2024-06-07,COD,paid,4154.33,0.0,2024-06-10,Cashfree
M001,PAY006392,ORD003081,2024-04-24,Debit Card,paid,5548.85,0.0,2024-04-28,Razorpay
M001,PAY006393,ORD005624,2024-08-13,UPI,paid,2764.09,0.0,2024-08-17,Cashfree
M001,PAY006394,ORD002846,2024-04-17,Credit Card,paid,5924.94,0.0,2024-04-21,Razorpay
M001,PAY006395,ORD005768,2024-08-18,COD,paid,8683.91,0.0,2024-08-21,Stripe
M001,PAY006396,ORD009505,2024-12-16,COD,paid,5762.21,0.0,2024-12-20,PayU
M001,PAY006397,ORD005474,2024-08-06,COD,failed,0.0,0.0,2024-08-06,Juspay
M001,PAY006398,ORD009828,2024-12-25,Debit Card,paid,6347.2,0.0,2024-12-30,Razorpay
M001,PAY006399,ORD004494,2024-06-21,Debit Card,paid,1630.22,0.0,2024-06-22,PhonePe
M001,PAY006400,ORD008006,2024-11-04,Credit Card,paid,6242.08,0.0,2024-11-08,Cashfree
M001,PAY006401,ORD003515,2024-05-11,Credit Card,paid,1068.93,0.0,2024-05-15,Juspay
M001,PAY006402,ORD002614,2024-04-07,COD,paid,3771.42,0.0,2024-04-09,Razorpay
M001,PAY006403,ORD006900,2024-10-03,Credit Card,paid,2415.51,0.0,2024-10-07,Stripe
M001,PAY006404,ORD009510,2024-12-16,Credit Card,refunded,1445.91,257.77,2024-12-18,Juspay
M001,PAY006405,ORD008685,2024-11-22,COD,paid,1042.9,0.0,2024-11-23,PhonePe
M001,PAY006406,ORD003939,2024-05-26,COD,paid,4680.85,0.0,2024-05-28,Cashfree
M001,PAY006407,ORD003043,2024-04-23,Credit Card,paid,9457.2,0.0,2024-04-27,Stripe
M001,PAY006408,ORD004122,2024-06-02,COD,paid,7443.51,0.0,2024-06-03,PhonePe
M001,PAY006409,ORD008142,2024-11-08,UPI,paid,2974.05,0.0,2024-11-10,PhonePe
M001,PAY006410,ORD008117,2024-11-06,COD,failed,0.0,0.0,2024-11-06,Cashfree
M001,PAY006411,ORD002781,2024-04-14,UPI,refunded,6950.11,3474.45,2024-04-18,Stripe
M001,PAY006412,ORD007964,2024-11-02,Wallet,paid,6798.45,0.0,2024-11-06,Cashfree
M001,PAY006413,ORD004518,2024-06-21,Debit Card,paid,6396.0,0.0,2024-06-26,Juspay
M001,PAY006414,ORD004991,2024-07-15,COD,paid,3515.14,0.0,2024-07-19,Stripe
M001,PAY006415,ORD009028,2024-12-01,Debit Card,refunded,4875.11,703.34,2024-12-04,PayU
M001,PAY006416,ORD000799,2024-01-25,COD,failed,0.0,0.0,2024-01-25,Razorpay
M001,PAY006417,ORD000658,2024-01-21,COD,paid,7189.47,0.0,2024-01-26,Razorpay
M001,PAY006418,ORD004854,2024-07-07,NetBanking,paid,1935.86,0.0,2024-07-12,PayU
M001,PAY006419,ORD004373,2024-06-15,UPI,paid,1792.24,0.0,2024-06-20,Juspay
M001,PAY006420,ORD009528,2024-12-16,COD,paid,1133.02,0.0,2024-12-21,Cashfree
M001,PAY006421,ORD007412,2024-10-17,COD,paid,2369.77,0.0,2024-10-22,PhonePe
M001,PAY006422,ORD003842,2024-05-23,Debit Card,paid,8571.28,0.0,2024-05-26,Cashfree
M001,PAY006423,ORD002641,2024-04-08,COD,paid,649.39,0.0,2024-04-10,Razorpay
M001,PAY006424,ORD005213,2024-07-25,UPI,paid,3795.33,0.0,2024-07-29,Razorpay
M001,PAY006425,ORD007851,2024-10-31,Credit Card,pending,481.95,0.0,2024-11-01,Razorpay
M001,PAY006426,ORD009395,2024-12-11,COD,paid,7196.83,0.0,2024-12-16,Cashfree
M001,PAY006427,ORD002772,2024-04-13,COD,paid,4890.08,0.0,2024-04-16,Cashfree
M001,PAY006428,ORD008239,2024-11-10,NetBanking,paid,999.51,0.0,2024-11-11,Razorpay
M001,PAY006429,ORD002064,2024-03-17,Debit Card,paid,6925.77,0.0,2024-03-21,Razorpay
M001,PAY006430,ORD006932,2024-10-02,COD,paid,3319.63,0.0,2024-10-03,Juspay
M001,PAY006431,ORD006589,2024-09-21,NetBanking,paid,1231.48,0.0,2024-09-26,PayU
M001,PAY006432,ORD005838,2024-08-21,COD,failed,0.0,0.0,2024-08-21,PayU
M001,PAY006433,ORD001286,2024-02-13,Credit Card,paid,2490.11,0.0,2024-02-16,Stripe
M001,PAY006434,ORD000561,2024-01-19,UPI,paid,10254.57,0.0,2024-01-22,Cashfree
M001,PAY006435,ORD009377,2024-12-11,Wallet,pending,2214.53,0.0,2024-12-12,Cashfree
M001,PAY006436,ORD002914,2024-04-18,Wallet,paid,7288.61,0.0,2024-04-23,PhonePe
M001,PAY006437,ORD003262,2024-05-02,NetBanking,refunded,5478.24,2898.95,2024-05-07,Cashfree
M001,PAY006438,ORD007794,2024-10-29,COD,paid,8361.03,0.0,2024-11-02,PhonePe
M001,PAY006439,ORD006910,2024-10-03,COD,paid,7505.57,0.0,2024-10-04,PayU
M001,PAY006440,ORD000928,2024-01-29,NetBanking,paid,4157.05,0.0,2024-02-01,Cashfree
M001,PAY006441,ORD008065,2024-11-06,NetBanking,paid,1717.93,0.0,2024-11-08,Cashfree
M001,PAY006442,ORD006953,2024-10-04,COD,paid,9080.94,0.0,2024-10-09,PayU
M001,PAY006443,ORD005187,2024-07-25,NetBanking,paid,9588.1,0.0,2024-07-26,Cashfree
M001,PAY006444,ORD009456,2024-12-14,UPI,paid,9490.76,0.0,2024-12-16,Cashfree
M001,PAY006445,ORD008636,2024-11-20,UPI,paid,3094.04,0.0,2024-11-25,PayU
M001,PAY006446,ORD009114,2024-12-03,Credit Card,failed,0.0,0.0,2024-12-03,Stripe
M001,PAY006447,ORD008837,2024-11-25,COD,paid,6701.49,0.0,2024-11-26,Juspay
M001,PAY006448,ORD008116,2024-11-06,Credit Card,paid,4951.5,0.0,2024-11-07,PayU
M001,PAY006449,ORD006190,2024-09-05,COD,paid,8664.85,0.0,2024-09-08,Cashfree
M001,PAY006450,ORD005500,2024-08-07,COD,paid,2429.77,0.0,2024-08-12,Stripe
M001,PAY006451,ORD009031,2024-11-30,Credit Card,paid,755.39,0.0,2024-12-03,Stripe
M001,PAY006452,ORD004298,2024-06-12,Wallet,refunded,9074.53,8918.92,2024-06-16,Stripe
M001,PAY006453,ORD006692,2024-09-25,UPI,paid,10404.84,0.0,2024-09-29,Stripe
M001,PAY006454,ORD003200,2024-04-29,UPI,paid,1927.84,0.0,2024-04-30,Cashfree
M001,PAY006455,ORD006770,2024-09-28,Credit Card,paid,8105.53,0.0,2024-10-02,PhonePe
M001,PAY006456,ORD006750,2024-09-27,COD,failed,0.0,0.0,2024-09-27,Razorpay
M001,PAY006457,ORD009045,2024-12-01,Wallet,paid,7090.3,0.0,2024-12-04,PayU
M001,PAY006458,ORD002332,2024-03-28,COD,paid,2151.88,0.0,2024-04-01,Cashfree
M001,PAY006459,ORD007017,2024-10-05,Credit Card,paid,6058.93,0.0,2024-10-08,Razorpay
M001,PAY006460,ORD009669,2024-12-20,COD,paid,3757.96,0.0,2024-12-24,Cashfree
M001,PAY006461,ORD002093,2024-03-18,UPI,paid,8420.77,0.0,2024-03-21,Stripe
M001,PAY006462,ORD006640,2024-09-23,UPI,paid,6986.28,0.0,2024-09-27,Razorpay
M001,PAY006463,ORD005831,2024-08-21,NetBanking,pending,6865.02,0.0,2024-08-23,Razorpay
M001,PAY006464,ORD005814,2024-08-19,COD,paid,5633.52,0.0,2024-08-24,PhonePe
M001,PAY006465,ORD001325,2024-02-14,UPI,paid,2932.94,0.0,2024-02-19,Stripe
M001,PAY006466,ORD002490,2024-04-03,Wallet,paid,8067.75,0.0,2024-04-06,PayU
M001,PAY006467,ORD007905,2024-11-01,Debit Card,paid,3069.7,0.0,2024-11-04,Cashfree
M001,PAY006468,ORD009348,2024-12-10,COD,paid,5843.99,0.0,2024-12-12,Stripe
M001,PAY006469,ORD004912,2024-07-11,COD,paid,827.15,0.0,2024-07-16,Stripe
M001,PAY006470,ORD002656,2024-04-10,Credit Card,paid,7652.47,0.0,2024-04-14,PhonePe
M001,PAY006471,ORD000300,2024-01-09,COD,paid,8157.97,0.0,2024-01-12,Stripe
M001,PAY006472,ORD008414,2024-11-14,COD,paid,1924.62,0.0,2024-11-19,PayU
M001,PAY006473,ORD008197,2024-11-08,COD,pending,5745.62,0.0,2024-11-10,Stripe
M001,PAY006474,ORD005763,2024-08-18,UPI,refunded,6192.74,5812.03,2024-08-23,PayU
M001,PAY006475,ORD001238,2024-02-10,COD,pending,1713.55,0.0,2024-02-11,Stripe
M001,PAY006476,ORD005862,2024-08-22,UPI,paid,7669.59,0.0,2024-08-26,Stripe
M001,PAY006477,ORD007547,2024-10-21,Debit Card,paid,4559.38,0.0,2024-10-22,Stripe
M001,PAY006478,ORD000235,2024-01-07,COD,failed,0.0,0.0,2024-01-07,PayU
M001,PAY006479,ORD008455,2024-11-16,NetBanking,paid,2295.88,0.0,2024-11-19,Razorpay
M001,PAY006480,ORD006538,2024-09-19,COD,paid,2941.43,0.0,2024-09-23,PhonePe
M001,PAY006481,ORD009319,2024-12-09,COD,paid,1293.32,0.0,2024-12-12,Cashfree
M001,PAY006482,ORD005570,2024-08-09,COD,paid,5673.9,0.0,2024-08-12,PhonePe
M001,PAY006483,ORD003469,2024-05-09,COD,paid,2259.45,0.0,2024-05-13,PhonePe
M001,PAY006484,ORD009005,2024-11-29,COD,paid,6519.83,0.0,2024-12-02,Juspay
M001,PAY006485,ORD001117,2024-02-05,Debit Card,failed,0.0,0.0,2024-02-05,Razorpay
M001,PAY006486,ORD005786,2024-08-19,Wallet,paid,2549.67,0.0,2024-08-21,PayU
M001,PAY006487,ORD007893,2024-10-31,COD,paid,6098.23,0.0,2024-11-03,Stripe
M001,PAY006488,ORD005251,2024-07-28,Debit Card,paid,5724.07,0.0,2024-08-02,Juspay
M001,PAY006489,ORD002854,2024-04-16,Credit Card,refunded,2589.7,1369.91,2024-04-21,Stripe
M001,PAY006490,ORD009776,2024-12-23,UPI,paid,9156.67,0.0,2024-12-28,Stripe
M001,PAY006491,ORD001740,2024-03-04,UPI,pending,2752.74,0.0,2024-03-06,PayU
M001,PAY006492,ORD005531,2024-08-07,Credit Card,refunded,3106.69,1884.96,2024-08-12,Juspay
M001,PAY006493,ORD003193,2024-04-29,COD,paid,5015.28,0.0,2024-05-02,Cashfree
M001,PAY006494,ORD003135,2024-04-27,Credit Card,paid,4021.04,0.0,2024-05-01,PayU
M001,PAY006495,ORD001610,2024-02-29,Credit Card,paid,4733.77,0.0,2024-03-01,PayU
M001,PAY006496,ORD007035,2024-10-06,COD,paid,7955.29,0.0,2024-10-09,Juspay
M001,PAY006497,ORD004333,2024-06-14,Credit Card,paid,7536.5,0.0,2024-06-17,Cashfree
M001,PAY006498,ORD003197,2024-04-29,Debit Card,paid,6056.82,0.0,2024-05-04,Razorpay
M001,PAY006499,ORD009874,2024-12-27,COD,paid,2996.93,0.0,2024-12-28,PhonePe
M001,PAY006500,ORD006702,2024-09-26,Debit Card,paid,1445.61,0.0,2024-09-28,Cashfree
M001,PAY006501,ORD003349,2024-05-05,UPI,paid,2124.57,0.0,2024-05-06,Juspay
M001,PAY006502,ORD009616,2024-12-18,COD,paid,6524.79,0.0,2024-12-23,Stripe
M001,PAY006503,ORD002114,2024-03-19,UPI,paid,10190.87,0.0,2024-03-20,Cashfree
M001,PAY006504,ORD001832,2024-03-08,COD,paid,4705.93,0.0,2024-03-09,Razorpay
M001,PAY006505,ORD005790,2024-08-19,COD,paid,4834.85,0.0,2024-08-20,PhonePe
M001,PAY006506,ORD005718,2024-08-16,UPI,paid,7109.87,0.0,2024-08-17,Razorpay
M001,PAY006507,ORD007907,2024-11-01,NetBanking,paid,7556.44,0.0,2024-11-05,Razorpay
M001,PAY006508,ORD004229,2024-06-07,Credit Card,pending,8107.78,0.0,2024-06-09,Juspay
M001,PAY006509,ORD000403,2024-01-14,COD,refunded,9878.49,2808.14,2024-01-18,Cashfree
M001,PAY006510,ORD005788,2024-08-19,UPI,paid,6587.85,0.0,2024-08-21,Juspay
M001,PAY006511,ORD000248,2024-01-08,COD,paid,2993.75,0.0,2024-01-12,PhonePe
M001,PAY006512,ORD008248,2024-11-10,NetBanking,paid,3940.51,0.0,2024-11-11,PayU
M001,PAY006513,ORD003027,2024-04-23,UPI,pending,4063.24,0.0,2024-04-24,Cashfree
M001,PAY006514,ORD008096,2024-11-06,COD,paid,5534.57,0.0,2024-11-07,Razorpay
M001,PAY006515,ORD002969,2024-04-21,UPI,paid,8341.82,0.0,2024-04-25,PayU
M001,PAY006516,ORD005437,2024-08-05,Debit Card,paid,738.29,0.0,2024-08-07,PayU
M001,PAY006517,ORD002472,2024-04-03,Credit Card,pending,7729.56,0.0,2024-04-05,Stripe
M001,PAY006518,ORD001772,2024-03-05,UPI,paid,7234.87,0.0,2024-03-10,Juspay
M001,PAY006519,ORD006619,2024-09-23,Debit Card,paid,616.81,0.0,2024-09-24,Stripe
M001,PAY006520,ORD005446,2024-08-04,Wallet,paid,766.89,0.0,2024-08-06,Juspay
M001,PAY006521,ORD008671,2024-11-21,COD,failed,0.0,0.0,2024-11-21,Razorpay
M001,PAY006522,ORD007404,2024-10-16,Credit Card,paid,9246.88,0.0,2024-10-20,Razorpay
M001,PAY006523,ORD008319,2024-11-11,COD,paid,5927.06,0.0,2024-11-14,Juspay
M001,PAY006524,ORD006997,2024-10-04,Credit Card,paid,4613.38,0.0,2024-10-08,Cashfree
M001,PAY006525,ORD005656,2024-08-14,Credit Card,paid,2965.32,0.0,2024-08-16,Cashfree
M001,PAY006526,ORD000104,2024-01-03,COD,paid,7355.03,0.0,2024-01-04,Stripe
M001,PAY006527,ORD003166,2024-04-29,Wallet,pending,1039.74,0.0,2024-05-01,PhonePe
M001,PAY006528,ORD009744,2024-12-22,Credit Card,paid,2147.75,0.0,2024-12-26,Cashfree
M001,PAY006529,ORD007919,2024-11-02,Credit Card,paid,1035.61,0.0,2024-11-04,Juspay
M001,PAY006530,ORD008825,2024-11-26,Credit Card,paid,1010.65,0.0,2024-11-29,Cashfree
M001,PAY006531,ORD008944,2024-11-29,UPI,paid,8001.52,0.0,2024-12-01,PhonePe
M001,PAY006532,ORD006875,2024-10-02,COD,paid,5051.39,0.0,2024-10-04,Stripe
M001,PAY006533,ORD008121,2024-11-07,COD,paid,1605.06,0.0,2024-11-11,PayU
M001,PAY006534,ORD004695,2024-06-29,NetBanking,paid,2003.67,0.0,2024-07-03,PhonePe
M001,PAY006535,ORD006261,2024-09-07,UPI,paid,3439.22,0.0,2024-09-09,Razorpay
M001,PAY006536,ORD005478,2024-08-05,COD,pending,1096.33,0.0,2024-08-06,PhonePe
M001,PAY006537,ORD002746,2024-04-12,Credit Card,paid,9100.04,0.0,2024-04-14,Cashfree
M001,PAY006538,ORD007416,2024-10-17,UPI,paid,6695.02,0.0,2024-10-18,Razorpay
M001,PAY006539,ORD007715,2024-10-26,Credit Card,refunded,9259.8,5075.06,2024-10-29,Razorpay
M001,PAY006540,ORD006424,2024-09-14,Debit Card,paid,614.84,0.0,2024-09-16,Stripe
M001,PAY006541,ORD000106,2024-01-05,Debit Card,paid,2848.38,0.0,2024-01-07,Razorpay
M001,PAY006542,ORD003499,2024-05-10,UPI,paid,2077.98,0.0,2024-05-11,Juspay
M001,PAY006543,ORD002831,2024-04-16,COD,paid,1658.98,0.0,2024-04-17,PhonePe
M001,PAY006544,ORD000802,2024-01-26,COD,paid,4352.18,0.0,2024-01-31,Juspay
M001,PAY006545,ORD004508,2024-06-20,UPI,paid,2214.15,0.0,2024-06-23,Juspay
M001,PAY006546,ORD004919,2024-07-12,Debit Card,paid,5683.65,0.0,2024-07-16,Razorpay
M001,PAY006547,ORD005186,2024-07-25,Wallet,paid,5288.99,0.0,2024-07-27,PayU
M001,PAY006548,ORD006808,2024-09-30,Credit Card,paid,1397.47,0.0,2024-10-01,Juspay
M001,PAY006549,ORD003613,2024-05-14,Wallet,refunded,4826.75,1009.39,2024-05-16,Stripe
M001,PAY006550,ORD000376,2024-01-13,COD,paid,1691.07,0.0,2024-01-18,PhonePe
M001,PAY006551,ORD000921,2024-01-29,Debit Card,paid,7881.79,0.0,2024-02-03,PhonePe
M001,PAY006552,ORD009823,2024-12-26,Credit Card,paid,2869.85,0.0,2024-12-28,PayU
M001,PAY006553,ORD006356,2024-09-11,NetBanking,paid,8149.37,0.0,2024-09-12,Stripe
M001,PAY006554,ORD002944,2024-04-19,Wallet,paid,10293.69,0.0,2024-04-21,Cashfree
M001,PAY006555,ORD009817,2024-12-25,UPI,failed,0.0,0.0,2024-12-25,Razorpay
M001,PAY006556,ORD008879,2024-11-26,NetBanking,paid,2616.14,0.0,2024-11-29,Razorpay
M001,PAY006557,ORD000145,2024-01-05,Wallet,paid,4416.72,0.0,2024-01-10,Juspay
M001,PAY006558,ORD006286,2024-09-07,COD,paid,7646.05,0.0,2024-09-10,Stripe
M001,PAY006559,ORD006603,2024-09-22,Wallet,paid,5988.88,0.0,2024-09-26,Cashfree
M001,PAY006560,ORD003173,2024-04-29,COD,paid,7108.87,0.0,2024-05-01,Cashfree
M001,PAY006561,ORD000780,2024-01-26,COD,paid,3252.27,0.0,2024-01-30,Cashfree
M001,PAY006562,ORD001960,2024-03-12,UPI,failed,0.0,0.0,2024-03-12,PayU
M001,PAY006563,ORD005235,2024-07-26,COD,paid,4272.15,0.0,2024-07-27,Cashfree
M001,PAY006564,ORD009825,2024-12-26,Credit Card,paid,9111.96,0.0,2024-12-31,Cashfree
M001,PAY006565,ORD001677,2024-03-03,COD,paid,1117.25,0.0,2024-03-04,PayU
M001,PAY006566,ORD004889,2024-07-10,COD,paid,6710.95,0.0,2024-07-13,Stripe
M001,PAY006567,ORD007216,2024-10-10,COD,paid,5068.67,0.0,2024-10-12,PayU
M001,PAY006568,ORD008694,2024-11-23,UPI,paid,9088.6,0.0,2024-11-24,PayU
M001,PAY006569,ORD002056,2024-03-17,Debit Card,failed,0.0,0.0,2024-03-17,PayU
M001,PAY006570,ORD001236,2024-02-09,Credit Card,pending,8182.32,0.0,2024-02-10,Razorpay
M001,PAY006571,ORD004008,2024-05-29,Debit Card,paid,1996.56,0.0,2024-05-31,PhonePe
M001,PAY006572,ORD000112,2024-01-05,Credit Card,paid,8300.34,0.0,2024-01-10,Razorpay
M001,PAY006573,ORD001848,2024-03-09,COD,refunded,1718.42,1159.03,2024-03-10,PayU
M001,PAY006574,ORD007395,2024-10-16,UPI,paid,6870.19,0.0,2024-10-18,Juspay
M001,PAY006575,ORD008955,2024-11-29,COD,failed,0.0,0.0,2024-11-29,Cashfree
M001,PAY006576,ORD008979,2024-11-29,Credit Card,paid,2959.45,0.0,2024-11-30,Juspay
M001,PAY006577,ORD002028,2024-03-16,COD,paid,2439.25,0.0,2024-03-19,Stripe
M001,PAY006578,ORD009071,2024-12-02,COD,paid,6167.78,0.0,2024-12-07,Stripe
M001,PAY006579,ORD003636,2024-05-14,Credit Card,paid,8391.46,0.0,2024-05-16,PayU
M001,PAY006580,ORD006272,2024-09-08,UPI,paid,1886.78,0.0,2024-09-12,PhonePe
M001,PAY006581,ORD004400,2024-06-16,NetBanking,paid,6609.16,0.0,2024-06-21,Stripe
M001,PAY006582,ORD007290,2024-10-14,COD,paid,8628.14,0.0,2024-10-17,PayU
M001,PAY006583,ORD002135,2024-03-19,Wallet,paid,3140.76,0.0,2024-03-21,PayU
M001,PAY006584,ORD001795,2024-03-06,Credit Card,paid,1457.01,0.0,2024-03-08,PhonePe
M001,PAY006585,ORD002362,2024-03-30,COD,paid,4506.84,0.0,2024-03-31,Cashfree
M001,PAY006586,ORD009303,2024-12-09,Credit Card,refunded,9348.36,5165.84,2024-12-10,PhonePe
M001,PAY006587,ORD005815,2024-08-19,COD,paid,3739.95,0.0,2024-08-23,Razorpay
M001,PAY006588,ORD001060,2024-02-03,COD,paid,1236.55,0.0,2024-02-04,Stripe
M001,PAY006589,ORD001501,2024-02-22,COD,paid,7796.15,0.0,2024-02-24,PayU
M001,PAY006590,ORD002721,2024-04-13,UPI,failed,0.0,0.0,2024-04-13,Stripe
M001,PAY006591,ORD000578,2024-01-20,COD,paid,2714.91,0.0,2024-01-22,Stripe
M001,PAY006592,ORD007898,2024-11-01,Credit Card,paid,7893.6,0.0,2024-11-06,Juspay
M001,PAY006593,ORD009978,2024-12-30,COD,paid,9692.19,0.0,2025-01-02,Juspay
M001,PAY006594,ORD001537,2024-02-25,NetBanking,paid,3764.27,0.0,2024-03-01,PayU
M001,PAY006595,ORD003388,2024-05-05,Debit Card,failed,0.0,0.0,2024-05-05,Juspay
M001,PAY006596,ORD001037,2024-02-01,UPI,paid,4090.53,0.0,2024-02-05,Stripe
M001,PAY006597,ORD003253,2024-05-01,COD,paid,8309.96,0.0,2024-05-06,PayU
M001,PAY006598,ORD004126,2024-06-02,COD,paid,1509.68,0.0,2024-06-04,Cashfree
M001,PAY006599,ORD008206,2024-11-09,NetBanking,pending,7266.98,0.0,2024-11-11,Razorpay
M001,PAY006600,ORD000253,2024-01-09,Debit Card,paid,1302.41,0.0,2024-01-14,PayU
M001,PAY006601,ORD007066,2024-10-06,Credit Card,pending,1364.22,0.0,2024-10-07,PhonePe
M001,PAY006602,ORD004220,2024-06-07,Debit Card,paid,6332.66,0.0,2024-06-11,Stripe
M001,PAY006603,ORD009359,2024-12-11,Credit Card,failed,0.0,0.0,2024-12-11,Razorpay
M001,PAY006604,ORD000089,2024-01-03,COD,failed,0.0,0.0,2024-01-03,Juspay
M001,PAY006605,ORD001721,2024-03-03,UPI,paid,2708.93,0.0,2024-03-06,PayU
M001,PAY006606,ORD005498,2024-08-07,Debit Card,paid,1947.08,0.0,2024-08-08,PhonePe
M001,PAY006607,ORD008670,2024-11-22,Credit Card,pending,4324.23,0.0,2024-11-24,Juspay
M001,PAY006608,ORD000974,2024-01-31,COD,paid,2202.78,0.0,2024-02-04,Cashfree
M001,PAY006609,ORD000536,2024-01-17,COD,refunded,6684.61,5809.33,2024-01-21,Juspay
M001,PAY006610,ORD004684,2024-06-29,UPI,paid,7133.11,0.0,2024-06-30,PayU
M001,PAY006611,ORD003605,2024-05-13,UPI,paid,2132.39,0.0,2024-05-14,Juspay
M001,PAY006612,ORD007911,2024-11-01,UPI,refunded,3043.48,1275.78,2024-11-06,Stripe
M001,PAY006613,ORD005541,2024-08-08,NetBanking,paid,5062.04,0.0,2024-08-12,Cashfree
M001,PAY006614,ORD009580,2024-12-18,COD,paid,2424.34,0.0,2024-12-19,Cashfree
M001,PAY006615,ORD002224,2024-03-24,COD,paid,5008.35,0.0,2024-03-26,Razorpay
M001,PAY006616,ORD008398,2024-11-14,Credit Card,paid,8275.71,0.0,2024-11-19,PayU
M001,PAY006617,ORD003311,2024-05-02,Credit Card,paid,505.81,0.0,2024-05-05,PhonePe
M001,PAY006618,ORD003360,2024-05-04,Credit Card,paid,4818.02,0.0,2024-05-06,Cashfree
M001,PAY006619,ORD009412,2024-12-12,Debit Card,paid,6750.23,0.0,2024-12-15,Juspay
M001,PAY006620,ORD006699,2024-09-25,UPI,paid,5576.06,0.0,2024-09-27,PhonePe
M001,PAY006621,ORD007084,2024-10-07,Credit Card,paid,1014.04,0.0,2024-10-10,Juspay
M001,PAY006622,ORD003863,2024-05-24,COD,paid,5378.26,0.0,2024-05-28,PhonePe
M001,PAY006623,ORD002982,2024-04-22,UPI,paid,8828.55,0.0,2024-04-27,Cashfree
M001,PAY006624,ORD009264,2024-12-08,Debit Card,refunded,1383.38,778.02,2024-12-10,Cashfree
M001,PAY006625,ORD006784,2024-09-28,COD,pending,6025.71,0.0,2024-09-30,PayU
M001,PAY006626,ORD001890,2024-03-10,Wallet,failed,0.0,0.0,2024-03-10,Cashfree
M001,PAY006627,ORD005069,2024-07-19,COD,paid,6666.39,0.0,2024-07-22,Juspay
M001,PAY006628,ORD005618,2024-08-12,COD,paid,4759.79,0.0,2024-08-13,Razorpay
M001,PAY006629,ORD009141,2024-12-05,Credit Card,paid,6125.98,0.0,2024-12-08,Cashfree
M001,PAY006630,ORD006085,2024-09-01,COD,paid,3960.77,0.0,2024-09-05,PhonePe
M001,PAY006631,ORD007274,2024-10-12,UPI,paid,8106.02,0.0,2024-10-15,PhonePe
M001,PAY006632,ORD003615,2024-05-15,COD,paid,8798.22,0.0,2024-05-19,Cashfree
M001,PAY006633,ORD003543,2024-05-12,COD,paid,1379.61,0.0,2024-05-16,Cashfree
M001,PAY006634,ORD001421,2024-02-19,UPI,paid,5303.89,0.0,2024-02-23,Cashfree
M001,PAY006635,ORD006624,2024-09-22,UPI,paid,1842.67,0.0,2024-09-26,Juspay
M001,PAY006636,ORD005723,2024-08-15,NetBanking,paid,6421.11,0.0,2024-08-19,Cashfree
M001,PAY006637,ORD004810,2024-07-06,NetBanking,paid,6226.66,0.0,2024-07-10,Razorpay
M001,PAY006638,ORD000177,2024-01-07,Credit Card,refunded,697.72,548.46,2024-01-08,Juspay
M001,PAY006639,ORD003068,2024-04-24,COD,paid,4777.15,0.0,2024-04-25,PayU
M001,PAY006640,ORD001081,2024-02-03,UPI,refunded,2831.37,2893.34,2024-02-07,Juspay
M001,PAY006641,ORD000967,2024-01-31,COD,paid,4259.67,0.0,2024-02-03,Cashfree
M001,PAY006642,ORD002228,2024-03-23,COD,paid,2104.15,0.0,2024-03-27,PhonePe
M001,PAY006643,ORD003174,2024-04-28,UPI,pending,4762.69,0.0,2024-04-30,Stripe
M001,PAY006644,ORD001476,2024-02-21,UPI,failed,0.0,0.0,2024-02-21,Cashfree
M001,PAY006645,ORD008597,2024-11-20,UPI,paid,3241.02,0.0,2024-11-24,Juspay
M001,PAY006646,ORD002503,2024-04-04,UPI,paid,3924.79,0.0,2024-04-06,Razorpay
M001,PAY006647,ORD007987,2024-11-04,UPI,failed,0.0,0.0,2024-11-04,PhonePe
M001,PAY006648,ORD003810,2024-05-21,UPI,paid,1954.3,0.0,2024-05-26,PayU
M001,PAY006649,ORD007813,2024-10-29,Credit Card,paid,7631.3,0.0,2024-10-31,Juspay
M001,PAY006650,ORD006113,2024-09-01,Debit Card,paid,2138.6,0.0,2024-09-05,Razorpay
M001,PAY006651,ORD004225,2024-06-07,Debit Card,paid,7209.62,0.0,2024-06-08,Stripe
M001,PAY006652,ORD009992,2024-12-30,Wallet,paid,4861.13,0.0,2025-01-03,PhonePe
M001,PAY006653,ORD005318,2024-07-31,Wallet,refunded,7988.37,6115.85,2024-08-01,Juspay
M001,PAY006654,ORD002622,2024-04-09,Wallet,refunded,2245.34,786.03,2024-04-12,Stripe
M001,PAY006655,ORD006829,2024-10-01,COD,paid,4625.26,0.0,2024-10-03,Razorpay
M001,PAY006656,ORD000451,2024-01-15,Wallet,paid,9746.35,0.0,2024-01-18,Stripe
M001,PAY006657,ORD009837,2024-12-25,NetBanking,paid,6447.57,0.0,2024-12-29,Razorpay
M001,PAY006658,ORD007039,2024-10-05,COD,paid,3836.01,0.0,2024-10-08,Juspay
M001,PAY006659,ORD000722,2024-01-23,COD,paid,9698.12,0.0,2024-01-28,Razorpay
M001,PAY006660,ORD006251,2024-09-06,Wallet,paid,5332.29,0.0,2024-09-08,PhonePe
M001,PAY006661,ORD002400,2024-03-31,Debit Card,paid,8231.57,0.0,2024-04-03,PhonePe
M001,PAY006662,ORD000115,2024-01-04,Credit Card,paid,3633.76,0.0,2024-01-05,Stripe
M001,PAY006663,ORD009766,2024-12-24,UPI,paid,2388.79,0.0,2024-12-26,Razorpay
M001,PAY006664,ORD004193,2024-06-06,UPI,paid,7956.28,0.0,2024-06-10,Stripe
M001,PAY006665,ORD005563,2024-08-09,UPI,paid,721.02,0.0,2024-08-12,PhonePe
M001,PAY006666,ORD006536,2024-09-19,Wallet,paid,2998.77,0.0,2024-09-20,PhonePe
M001,PAY006667,ORD007979,2024-11-03,UPI,paid,1562.66,0.0,2024-11-05,PhonePe
M001,PAY006668,ORD002195,2024-03-22,COD,pending,7393.31,0.0,2024-03-23,Cashfree
M001,PAY006669,ORD001659,2024-03-01,UPI,paid,6580.77,0.0,2024-03-03,Razorpay
M001,PAY006670,ORD001110,2024-02-05,Credit Card,paid,7467.58,0.0,2024-02-10,PayU
M001,PAY006671,ORD006057,2024-08-30,COD,paid,3018.1,0.0,2024-09-03,Razorpay
M001,PAY006672,ORD009975,2024-12-30,COD,refunded,1412.24,1185.95,2025-01-01,Juspay
M001,PAY006673,ORD009634,2024-12-19,Credit Card,refunded,7903.12,6128.01,2024-12-22,PhonePe
M001,PAY006674,ORD008870,2024-11-26,COD,paid,3950.87,0.0,2024-11-27,Juspay
M001,PAY006675,ORD005545,2024-08-09,COD,paid,4979.56,0.0,2024-08-12,PayU
M001,PAY006676,ORD005153,2024-07-23,COD,paid,2990.43,0.0,2024-07-26,Stripe
M001,PAY006677,ORD004766,2024-07-03,Wallet,paid,2375.62,0.0,2024-07-07,PhonePe
M001,PAY006678,ORD007795,2024-10-29,COD,pending,1628.16,0.0,2024-10-31,Stripe
M001,PAY006679,ORD000032,2024-01-02,Debit Card,paid,4035.49,0.0,2024-01-03,Cashfree
M001,PAY006680,ORD000415,2024-01-14,UPI,pending,6829.9,0.0,2024-01-15,PayU
M001,PAY006681,ORD002698,2024-04-12,COD,paid,5917.64,0.0,2024-04-17,Stripe
M001,PAY006682,ORD002496,2024-04-03,COD,paid,6906.94,0.0,2024-04-05,Razorpay
M001,PAY006683,ORD001840,2024-03-07,NetBanking,paid,1007.94,0.0,2024-03-12,Stripe
M001,PAY006684,ORD004354,2024-06-14,Wallet,paid,2053.55,0.0,2024-06-17,PayU
M001,PAY006685,ORD000663,2024-01-21,UPI,paid,2975.85,0.0,2024-01-22,Razorpay
M001,PAY006686,ORD008011,2024-11-03,UPI,paid,6122.32,0.0,2024-11-08,Razorpay
M001,PAY006687,ORD007270,2024-10-13,COD,paid,2831.87,0.0,2024-10-15,PayU
M001,PAY006688,ORD002123,2024-03-20,COD,paid,3050.18,0.0,2024-03-22,Cashfree
M001,PAY006689,ORD006907,2024-10-02,Credit Card,refunded,4439.13,493.76,2024-10-03,PhonePe
M001,PAY006690,ORD004166,2024-06-05,COD,paid,4747.66,0.0,2024-06-06,Cashfree
M001,PAY006691,ORD000574,2024-01-18,Debit Card,paid,1379.97,0.0,2024-01-19,PayU
M001,PAY006692,ORD002782,2024-04-13,NetBanking,paid,3713.53,0.0,2024-04-14,Juspay
M001,PAY006693,ORD005111,2024-07-22,Wallet,paid,7007.57,0.0,2024-07-24,PayU
M001,PAY006694,ORD007044,2024-10-05,COD,paid,3937.33,0.0,2024-10-07,PayU
M001,PAY006695,ORD005452,2024-08-05,NetBanking,paid,5039.48,0.0,2024-08-10,Stripe
M001,PAY006696,ORD009379,2024-12-11,UPI,paid,6289.98,0.0,2024-12-13,Razorpay
M001,PAY006697,ORD006033,2024-08-30,UPI,paid,5926.2,0.0,2024-08-31,Stripe
M001,PAY006698,ORD001433,2024-02-20,Credit Card,paid,2155.35,0.0,2024-02-22,PayU
M001,PAY006699,ORD007344,2024-10-14,UPI,paid,1619.9,0.0,2024-10-19,Juspay
M001,PAY006700,ORD003532,2024-05-12,Debit Card,paid,8306.75,0.0,2024-05-14,Juspay
M001,PAY006701,ORD008089,2024-11-05,COD,paid,3583.63,0.0,2024-11-06,Juspay
M001,PAY006702,ORD008632,2024-11-21,Credit Card,paid,1839.24,0.0,2024-11-25,Juspay
M001,PAY006703,ORD004338,2024-06-14,UPI,paid,4720.08,0.0,2024-06-19,PayU
M001,PAY006704,ORD007131,2024-10-09,Debit Card,failed,0.0,0.0,2024-10-09,Juspay
M001,PAY006705,ORD006639,2024-09-24,COD,paid,3178.58,0.0,2024-09-28,Cashfree
M001,PAY006706,ORD000883,2024-01-28,COD,paid,7046.4,0.0,2024-01-31,PayU
M001,PAY006707,ORD001700,2024-03-03,COD,paid,4021.71,0.0,2024-03-06,Cashfree
M001,PAY006708,ORD008348,2024-11-12,UPI,paid,3528.23,0.0,2024-11-13,Cashfree
M001,PAY006709,ORD004295,2024-06-12,NetBanking,paid,4958.05,0.0,2024-06-16,PayU
M001,PAY006710,ORD003128,2024-04-26,Credit Card,paid,647.93,0.0,2024-04-28,PayU
M001,PAY006711,ORD009672,2024-12-20,COD,paid,4287.42,0.0,2024-12-22,Razorpay
M001,PAY006712,ORD005038,2024-07-17,UPI,paid,7590.48,0.0,2024-07-19,PhonePe
M001,PAY006713,ORD003243,2024-04-30,COD,paid,2691.54,0.0,2024-05-02,Juspay
M001,PAY006714,ORD002977,2024-04-21,UPI,paid,5509.55,0.0,2024-04-26,Stripe
M001,PAY006715,ORD002091,2024-03-18,COD,paid,3385.29,0.0,2024-03-22,Cashfree
M001,PAY006716,ORD001905,2024-03-11,COD,paid,5800.16,0.0,2024-03-16,Cashfree
M001,PAY006717,ORD003244,2024-04-30,UPI,failed,0.0,0.0,2024-04-30,Stripe
M001,PAY006718,ORD003940,2024-05-27,COD,failed,0.0,0.0,2024-05-27,Cashfree
M001,PAY006719,ORD001775,2024-03-06,COD,failed,0.0,0.0,2024-03-06,Cashfree
M001,PAY006720,ORD001044,2024-02-01,UPI,paid,691.54,0.0,2024-02-06,Cashfree
M001,PAY006721,ORD006654,2024-09-24,UPI,paid,6060.15,0.0,2024-09-29,Stripe
M001,PAY006722,ORD006664,2024-09-24,Wallet,pending,4580.15,0.0,2024-09-26,Stripe
M001,PAY006723,ORD004346,2024-06-14,UPI,paid,5370.86,0.0,2024-06-19,Juspay
M001,PAY006724,ORD001766,2024-03-05,COD,paid,1051.04,0.0,2024-03-08,Razorpay
M001,PAY006725,ORD007445,2024-10-17,NetBanking,paid,7221.23,0.0,2024-10-22,Razorpay
M001,PAY006726,ORD000758,2024-01-25,UPI,paid,2945.27,0.0,2024-01-26,PhonePe
M001,PAY006727,ORD007363,2024-10-14,COD,paid,3324.44,0.0,2024-10-15,Cashfree
M001,PAY006728,ORD006685,2024-09-24,Debit Card,paid,2932.08,0.0,2024-09-27,PayU
M001,PAY006729,ORD000813,2024-01-26,UPI,paid,10238.12,0.0,2024-01-29,PayU
M001,PAY006730,ORD000476,2024-01-15,COD,refunded,6676.07,3780.57,2024-01-20,PhonePe
M001,PAY006731,ORD000412,2024-01-14,COD,refunded,877.99,164.28,2024-01-17,Cashfree
M001,PAY006732,ORD004632,2024-06-27,COD,paid,7326.58,0.0,2024-06-29,PayU
M001,PAY006733,ORD008389,2024-11-14,COD,paid,4068.83,0.0,2024-11-18,Juspay
M001,PAY006734,ORD006754,2024-09-27,UPI,paid,6486.13,0.0,2024-09-29,Juspay
M001,PAY006735,ORD001063,2024-02-02,Credit Card,paid,9419.38,0.0,2024-02-07,Razorpay
M001,PAY006736,ORD000926,2024-01-30,Credit Card,pending,11504.53,0.0,2024-01-31,PhonePe
M001,PAY006737,ORD003051,2024-04-23,COD,paid,527.57,0.0,2024-04-24,Cashfree
M001,PAY006738,ORD006023,2024-08-28,Credit Card,paid,2874.62,0.0,2024-08-31,Cashfree
M001,PAY006739,ORD001356,2024-02-16,UPI,paid,6682.08,0.0,2024-02-19,Stripe
M001,PAY006740,ORD008717,2024-11-22,Debit Card,paid,8721.18,0.0,2024-11-25,Cashfree
M001,PAY006741,ORD004736,2024-07-01,Wallet,paid,3432.15,0.0,2024-07-06,PayU
M001,PAY006742,ORD002200,2024-03-23,UPI,paid,642.48,0.0,2024-03-27,PhonePe
M001,PAY006743,ORD004199,2024-06-07,Credit Card,paid,9152.53,0.0,2024-06-12,Razorpay
M001,PAY006744,ORD002225,2024-03-24,COD,paid,5152.43,0.0,2024-03-25,Stripe
M001,PAY006745,ORD003830,2024-05-22,Debit Card,paid,5155.42,0.0,2024-05-24,Stripe
M001,PAY006746,ORD009322,2024-12-10,Credit Card,paid,5664.8,0.0,2024-12-13,Razorpay
M001,PAY006747,ORD003099,2024-04-25,UPI,paid,2534.18,0.0,2024-04-30,PhonePe
M001,PAY006748,ORD001098,2024-02-05,COD,refunded,4777.76,1640.94,2024-02-07,Razorpay
M001,PAY006749,ORD001710,2024-03-03,COD,paid,4024.68,0.0,2024-03-05,Juspay
M001,PAY006750,ORD006545,2024-09-19,UPI,paid,1297.9,0.0,2024-09-23,Cashfree
M001,PAY006751,ORD000645,2024-01-20,UPI,paid,3843.53,0.0,2024-01-24,Cashfree
M001,PAY006752,ORD003381,2024-05-06,Debit Card,paid,6100.87,0.0,2024-05-09,PhonePe
M001,PAY006753,ORD000185,2024-01-07,Credit Card,paid,2987.3,0.0,2024-01-11,Cashfree
M001,PAY006754,ORD006434,2024-09-15,COD,paid,9115.81,0.0,2024-09-19,Cashfree
M001,PAY006755,ORD007654,2024-10-23,UPI,paid,1858.64,0.0,2024-10-27,Cashfree
M001,PAY006756,ORD000290,2024-01-09,Credit Card,paid,6243.47,0.0,2024-01-12,PayU
M001,PAY006757,ORD003154,2024-04-28,UPI,paid,3473.06,0.0,2024-04-30,Juspay
M001,PAY006758,ORD002254,2024-03-24,UPI,paid,5047.33,0.0,2024-03-25,Stripe
M001,PAY006759,ORD001319,2024-02-13,COD,paid,6709.87,0.0,2024-02-16,Stripe
M001,PAY006760,ORD001240,2024-02-11,Debit Card,paid,7502.72,0.0,2024-02-12,PhonePe
M001,PAY006761,ORD009047,2024-12-02,COD,paid,8551.69,0.0,2024-12-05,Razorpay
M001,PAY006762,ORD009271,2024-12-07,Wallet,paid,2962.6,0.0,2024-12-09,Stripe
M001,PAY006763,ORD009078,2024-12-02,COD,paid,7142.28,0.0,2024-12-05,PhonePe
M001,PAY006764,ORD003302,2024-05-02,Wallet,paid,7698.68,0.0,2024-05-04,Cashfree
M001,PAY006765,ORD004041,2024-05-30,Credit Card,refunded,10076.99,3013.72,2024-05-31,Razorpay
M001,PAY006766,ORD008583,2024-11-20,COD,paid,1770.21,0.0,2024-11-25,PhonePe
M001,PAY006767,ORD000388,2024-01-13,Debit Card,paid,4483.86,0.0,2024-01-18,Stripe
M001,PAY006768,ORD006794,2024-09-28,UPI,paid,5770.55,0.0,2024-10-03,Cashfree
M001,PAY006769,ORD008134,2024-11-07,COD,paid,3938.41,0.0,2024-11-11,Stripe
M001,PAY006770,ORD007923,2024-11-02,COD,refunded,9226.89,8917.63,2024-11-05,Razorpay
M001,PAY006771,ORD002512,2024-04-04,COD,paid,823.71,0.0,2024-04-09,PhonePe
M001,PAY006772,ORD002316,2024-03-28,UPI,paid,8574.61,0.0,2024-03-29,Stripe
M001,PAY006773,ORD007482,2024-10-18,UPI,paid,6515.62,0.0,2024-10-20,Stripe
M001,PAY006774,ORD000194,2024-01-06,COD,paid,6094.37,0.0,2024-01-08,Stripe
M001,PAY006775,ORD006823,2024-09-29,NetBanking,paid,4665.78,0.0,2024-10-01,Razorpay
M001,PAY006776,ORD005998,2024-08-27,Debit Card,paid,2561.69,0.0,2024-08-31,PayU
M001,PAY006777,ORD006283,2024-09-07,COD,paid,6177.99,0.0,2024-09-08,Stripe
M001,PAY006778,ORD009491,2024-12-14,UPI,paid,900.48,0.0,2024-12-17,Razorpay
M001,PAY006779,ORD006425,2024-09-14,Wallet,paid,4410.88,0.0,2024-09-15,Juspay
M001,PAY006780,ORD005123,2024-07-22,COD,failed,0.0,0.0,2024-07-22,Stripe
M001,PAY006781,ORD009946,2024-12-29,UPI,paid,1347.84,0.0,2025-01-03,PhonePe
M001,PAY006782,ORD005719,2024-08-15,UPI,paid,3943.74,0.0,2024-08-18,Stripe
M001,PAY006783,ORD004930,2024-07-11,COD,paid,5176.74,0.0,2024-07-14,PhonePe
M001,PAY006784,ORD008275,2024-11-10,COD,paid,2090.0,0.0,2024-11-13,PhonePe
M001,PAY006785,ORD005584,2024-08-11,UPI,paid,7337.77,0.0,2024-08-12,Juspay
M001,PAY006786,ORD002312,2024-03-28,COD,paid,8411.19,0.0,2024-04-01,Cashfree
M001,PAY006787,ORD005607,2024-08-11,UPI,failed,0.0,0.0,2024-08-11,PhonePe
M001,PAY006788,ORD000107,2024-01-05,UPI,paid,9813.86,0.0,2024-01-10,Stripe
M001,PAY006789,ORD007228,2024-10-12,NetBanking,paid,5231.37,0.0,2024-10-13,Stripe
M001,PAY006790,ORD009189,2024-12-06,COD,paid,1247.59,0.0,2024-12-10,PayU
M001,PAY006791,ORD000995,2024-01-31,Wallet,paid,6120.03,0.0,2024-02-03,Razorpay
M001,PAY006792,ORD008204,2024-11-08,Debit Card,paid,5309.57,0.0,2024-11-12,PhonePe
M001,PAY006793,ORD003899,2024-05-26,COD,paid,2428.2,0.0,2024-05-27,PayU
M001,PAY006794,ORD009853,2024-12-26,Credit Card,failed,0.0,0.0,2024-12-26,PhonePe
M001,PAY006795,ORD002410,2024-03-31,UPI,failed,0.0,0.0,2024-03-31,Razorpay
M001,PAY006796,ORD008954,2024-11-28,Wallet,paid,3072.7,0.0,2024-12-01,Stripe
M001,PAY006797,ORD009781,2024-12-24,Debit Card,paid,1871.66,0.0,2024-12-29,PayU
M001,PAY006798,ORD001643,2024-03-01,COD,paid,6413.74,0.0,2024-03-04,Juspay
M001,PAY006799,ORD006846,2024-09-30,COD,paid,10362.4,0.0,2024-10-05,PhonePe
M001,PAY006800,ORD000298,2024-01-09,NetBanking,paid,8649.61,0.0,2024-01-12,Cashfree
M001,PAY006801,ORD007821,2024-10-29,COD,refunded,1096.35,833.55,2024-10-31,PayU
M001,PAY006802,ORD006010,2024-08-27,Debit Card,paid,1997.62,0.0,2024-08-30,Juspay
M001,PAY006803,ORD003486,2024-05-09,COD,refunded,1008.29,133.61,2024-05-11,Razorpay
M001,PAY006804,ORD004789,2024-07-04,NetBanking,paid,4007.48,0.0,2024-07-08,Cashfree
M001,PAY006805,ORD002644,2024-04-08,Wallet,paid,3446.96,0.0,2024-04-09,Cashfree
M001,PAY006806,ORD007634,2024-10-23,Wallet,paid,4758.14,0.0,2024-10-27,Cashfree
M001,PAY006807,ORD006077,2024-08-31,COD,pending,8807.49,0.0,2024-09-01,PayU
M001,PAY006808,ORD007656,2024-10-24,UPI,paid,4404.38,0.0,2024-10-28,Cashfree
M001,PAY006809,ORD003505,2024-05-11,Debit Card,paid,8134.08,0.0,2024-05-14,Stripe
M001,PAY006810,ORD002554,2024-04-07,UPI,paid,2899.68,0.0,2024-04-12,Juspay
M001,PAY006811,ORD000793,2024-01-25,UPI,paid,480.87,0.0,2024-01-26,Razorpay
M001,PAY006812,ORD007309,2024-10-13,Wallet,paid,4753.45,0.0,2024-10-17,Cashfree
M001,PAY006813,ORD001584,2024-02-27,Debit Card,paid,1313.47,0.0,2024-03-03,Razorpay
M001,PAY006814,ORD004815,2024-07-05,COD,paid,1838.74,0.0,2024-07-08,Juspay
M001,PAY006815,ORD008794,2024-11-25,Debit Card,paid,4983.71,0.0,2024-11-26,Razorpay
M001,PAY006816,ORD006608,2024-09-22,COD,failed,0.0,0.0,2024-09-22,Juspay
M001,PAY006817,ORD001183,2024-02-08,COD,paid,8516.65,0.0,2024-02-13,PayU
M001,PAY006818,ORD000605,2024-01-19,Credit Card,refunded,4153.88,1019.45,2024-01-24,Cashfree
M001,PAY006819,ORD000463,2024-01-15,Credit Card,paid,8331.65,0.0,2024-01-18,Juspay
M001,PAY006820,ORD001204,2024-02-08,NetBanking,paid,1867.3,0.0,2024-02-09,Cashfree
M001,PAY006821,ORD002099,2024-03-19,NetBanking,paid,4089.28,0.0,2024-03-22,PhonePe
M001,PAY006822,ORD002287,2024-03-27,COD,paid,5379.33,0.0,2024-03-28,Juspay
M001,PAY006823,ORD004577,2024-06-23,Wallet,paid,1047.36,0.0,2024-06-28,Stripe
M001,PAY006824,ORD007358,2024-10-15,Wallet,paid,3503.45,0.0,2024-10-18,PhonePe
M001,PAY006825,ORD000834,2024-01-27,Credit Card,paid,5836.87,0.0,2024-01-31,PhonePe
M001,PAY006826,ORD006258,2024-09-07,Credit Card,paid,1372.45,0.0,2024-09-12,Cashfree
M001,PAY006827,ORD001436,2024-02-20,UPI,paid,4678.47,0.0,2024-02-22,Cashfree
M001,PAY006828,ORD006845,2024-09-30,COD,paid,1254.43,0.0,2024-10-05,Juspay
M001,PAY006829,ORD007712,2024-10-26,UPI,paid,5217.79,0.0,2024-10-29,Razorpay
M001,PAY006830,ORD004602,2024-06-25,COD,paid,5720.7,0.0,2024-06-26,PhonePe
M001,PAY006831,ORD009901,2024-12-27,COD,paid,5257.17,0.0,2025-01-01,Razorpay
M001,PAY006832,ORD007340,2024-10-14,COD,paid,2764.55,0.0,2024-10-17,Razorpay
M001,PAY006833,ORD000209,2024-01-08,UPI,paid,6802.63,0.0,2024-01-12,PhonePe
M001,PAY006834,ORD009178,2024-12-05,COD,paid,7732.32,0.0,2024-12-08,Razorpay
M001,PAY006835,ORD002995,2024-04-21,UPI,pending,8368.25,0.0,2024-04-22,Juspay
M001,PAY006836,ORD007359,2024-10-15,Credit Card,failed,0.0,0.0,2024-10-15,PhonePe
M001,PAY006837,ORD008492,2024-11-17,COD,paid,6204.22,0.0,2024-11-19,PhonePe
M001,PAY006838,ORD002848,2024-04-16,UPI,paid,4527.5,0.0,2024-04-19,Juspay
M001,PAY006839,ORD004082,2024-06-01,Debit Card,failed,0.0,0.0,2024-06-01,PhonePe
M001,PAY006840,ORD002390,2024-04-01,Debit Card,paid,10191.61,0.0,2024-04-05,Stripe
M001,PAY006841,ORD003955,2024-05-28,COD,paid,1112.29,0.0,2024-06-01,Cashfree
M001,PAY006842,ORD006812,2024-09-30,COD,failed,0.0,0.0,2024-09-30,Cashfree
M001,PAY006843,ORD003008,2024-04-21,UPI,paid,3821.02,0.0,2024-04-22,Stripe
M001,PAY006844,ORD006720,2024-09-26,COD,paid,3173.77,0.0,2024-10-01,PhonePe
M001,PAY006845,ORD000262,2024-01-08,COD,refunded,3904.68,2254.58,2024-01-11,Stripe
M001,PAY006846,ORD009208,2024-12-06,COD,paid,2639.17,0.0,2024-12-09,PayU
M001,PAY006847,ORD008205,2024-11-09,COD,paid,9018.47,0.0,2024-11-12,Cashfree
M001,PAY006848,ORD008300,2024-11-12,COD,paid,6479.57,0.0,2024-11-15,Juspay
M001,PAY006849,ORD004241,2024-06-08,Wallet,paid,4569.45,0.0,2024-06-13,Stripe
M001,PAY006850,ORD000844,2024-01-27,UPI,paid,854.19,0.0,2024-01-29,PayU
M001,PAY006851,ORD003595,2024-05-14,UPI,paid,6412.27,0.0,2024-05-16,PhonePe
M001,PAY006852,ORD002532,2024-04-05,Credit Card,failed,0.0,0.0,2024-04-05,Cashfree
M001,PAY006853,ORD006933,2024-10-03,Wallet,paid,4241.76,0.0,2024-10-04,Juspay
M001,PAY006854,ORD009221,2024-12-07,COD,paid,5986.05,0.0,2024-12-11,Stripe
M001,PAY006855,ORD007398,2024-10-15,Credit Card,paid,428.13,0.0,2024-10-19,PayU
M001,PAY006856,ORD007153,2024-10-10,Wallet,refunded,3718.95,1399.04,2024-10-12,PhonePe
M001,PAY006857,ORD007886,2024-10-31,COD,paid,7259.86,0.0,2024-11-03,Stripe
M001,PAY006858,ORD009882,2024-12-27,NetBanking,paid,6885.71,0.0,2024-12-30,PayU
M001,PAY006859,ORD007211,2024-10-10,UPI,pending,4645.18,0.0,2024-10-12,Razorpay
M001,PAY006860,ORD005108,2024-07-21,UPI,paid,4273.66,0.0,2024-07-26,Juspay
M001,PAY006861,ORD004162,2024-06-05,UPI,pending,2797.09,0.0,2024-06-07,PhonePe
M001,PAY006862,ORD003971,2024-05-27,UPI,paid,9839.68,0.0,2024-05-28,PhonePe
M001,PAY006863,ORD009689,2024-12-21,Debit Card,pending,7009.53,0.0,2024-12-22,Stripe
M001,PAY006864,ORD004857,2024-07-08,Debit Card,failed,0.0,0.0,2024-07-08,Razorpay
M001,PAY006865,ORD000223,2024-01-08,COD,paid,5324.99,0.0,2024-01-10,Cashfree
M001,PAY006866,ORD007167,2024-10-10,COD,paid,6909.92,0.0,2024-10-15,PayU
M001,PAY006867,ORD007819,2024-10-29,COD,paid,8031.72,0.0,2024-10-31,PayU
M001,PAY006868,ORD008305,2024-11-11,COD,paid,7753.42,0.0,2024-11-15,Razorpay
M001,PAY006869,ORD005689,2024-08-14,UPI,refunded,8716.24,1649.95,2024-08-16,Stripe
M001,PAY006870,ORD004071,2024-05-31,UPI,paid,6406.6,0.0,2024-06-01,Stripe
M001,PAY006871,ORD000008,2024-01-01,COD,paid,4766.38,0.0,2024-01-04,Juspay
M001,PAY006872,ORD004741,2024-07-02,COD,paid,6180.88,0.0,2024-07-07,Stripe
M001,PAY006873,ORD008843,2024-11-25,COD,paid,2884.82,0.0,2024-11-28,Juspay
M001,PAY006874,ORD002945,2024-04-20,UPI,paid,7079.79,0.0,2024-04-25,Razorpay
M001,PAY006875,ORD000025,2024-01-01,UPI,paid,5498.31,0.0,2024-01-02,Cashfree
M001,PAY006876,ORD001845,2024-03-09,UPI,refunded,2587.14,1736.2,2024-03-11,PhonePe
M001,PAY006877,ORD005739,2024-08-16,Wallet,paid,1102.19,0.0,2024-08-18,Cashfree
M001,PAY006878,ORD008312,2024-11-11,UPI,paid,767.76,0.0,2024-11-13,PayU
M001,PAY006879,ORD003320,2024-05-04,Credit Card,paid,1370.73,0.0,2024-05-06,Razorpay
M001,PAY006880,ORD009695,2024-12-21,UPI,failed,0.0,0.0,2024-12-21,Cashfree
M001,PAY006881,ORD005248,2024-07-28,UPI,paid,10366.75,0.0,2024-08-02,Razorpay
M001,PAY006882,ORD002823,2024-04-16,Wallet,paid,1477.59,0.0,2024-04-18,Juspay
M001,PAY006883,ORD004406,2024-06-16,Wallet,paid,10221.7,0.0,2024-06-19,Cashfree
M001,PAY006884,ORD009844,2024-12-27,UPI,paid,7779.13,0.0,2024-12-31,Cashfree
M001,PAY006885,ORD006301,2024-09-09,Debit Card,paid,5339.74,0.0,2024-09-11,Stripe
M001,PAY006886,ORD000389,2024-01-13,Debit Card,paid,6470.93,0.0,2024-01-16,Razorpay
M001,PAY006887,ORD000337,2024-01-12,COD,paid,4768.82,0.0,2024-01-13,Stripe
M001,PAY006888,ORD008302,2024-11-11,COD,paid,3492.86,0.0,2024-11-15,Stripe
M001,PAY006889,ORD002459,2024-04-03,Wallet,paid,3846.04,0.0,2024-04-06,PayU
M001,PAY006890,ORD003518,2024-05-11,Debit Card,paid,1383.14,0.0,2024-05-12,PhonePe
M001,PAY006891,ORD002398,2024-03-31,Debit Card,paid,2914.82,0.0,2024-04-04,Stripe
M001,PAY006892,ORD001825,2024-03-08,UPI,paid,1706.79,0.0,2024-03-10,PayU
M001,PAY006893,ORD004384,2024-06-16,UPI,paid,6150.79,0.0,2024-06-19,Stripe
M001,PAY006894,ORD005643,2024-08-13,UPI,paid,1025.22,0.0,2024-08-18,Stripe
M001,PAY006895,ORD003529,2024-05-12,Wallet,failed,0.0,0.0,2024-05-12,PayU
M001,PAY006896,ORD009185,2024-12-05,NetBanking,paid,7746.63,0.0,2024-12-08,PhonePe
M001,PAY006897,ORD006665,2024-09-24,COD,paid,1426.1,0.0,2024-09-26,PhonePe
M001,PAY006898,ORD004592,2024-06-24,COD,paid,9318.1,0.0,2024-06-26,Juspay
M001,PAY006899,ORD004392,2024-06-17,Credit Card,refunded,9181.88,6870.29,2024-06-19,Razorpay
M001,PAY006900,ORD005383,2024-08-02,UPI,paid,2379.0,0.0,2024-08-05,Cashfree
M001,PAY006901,ORD005572,2024-08-09,Debit Card,failed,0.0,0.0,2024-08-09,Stripe
M001,PAY006902,ORD000639,2024-01-21,COD,paid,2552.72,0.0,2024-01-26,Razorpay
M001,PAY006903,ORD006675,2024-09-24,COD,paid,4506.33,0.0,2024-09-25,PhonePe
M001,PAY006904,ORD009190,2024-12-05,UPI,paid,2753.17,0.0,2024-12-07,Stripe
M001,PAY006905,ORD007248,2024-10-11,Credit Card,paid,1654.05,0.0,2024-10-16,Juspay
M001,PAY006906,ORD003909,2024-05-25,UPI,refunded,8156.9,994.61,2024-05-30,Juspay
M001,PAY006907,ORD007151,2024-10-09,UPI,paid,7724.59,0.0,2024-10-11,Juspay
M001,PAY006908,ORD007550,2024-10-21,Wallet,failed,0.0,0.0,2024-10-21,Razorpay
M001,PAY006909,ORD007622,2024-10-22,Credit Card,pending,3671.71,0.0,2024-10-24,Juspay
M001,PAY006910,ORD008740,2024-11-24,NetBanking,paid,6177.5,0.0,2024-11-27,Razorpay
M001,PAY006911,ORD000718,2024-01-24,UPI,paid,4219.2,0.0,2024-01-27,PhonePe
M001,PAY006912,ORD005813,2024-08-20,UPI,paid,5464.73,0.0,2024-08-21,Stripe
M001,PAY006913,ORD005042,2024-07-17,UPI,paid,5538.79,0.0,2024-07-19,Cashfree
M001,PAY006914,ORD009150,2024-12-05,COD,refunded,2520.25,2090.02,2024-12-09,Juspay
M001,PAY006915,ORD005651,2024-08-14,Debit Card,paid,1229.32,0.0,2024-08-15,PhonePe
M001,PAY006916,ORD005477,2024-08-05,Credit Card,paid,5265.12,0.0,2024-08-10,PhonePe
M001,PAY006917,ORD007098,2024-10-08,COD,paid,7756.74,0.0,2024-10-12,Stripe
M001,PAY006918,ORD007523,2024-10-19,Credit Card,paid,6231.35,0.0,2024-10-23,Razorpay
M001,PAY006919,ORD001676,2024-03-02,Debit Card,pending,6012.39,0.0,2024-03-04,Cashfree
M001,PAY006920,ORD006779,2024-09-27,UPI,paid,5895.91,0.0,2024-09-30,Cashfree
M001,PAY006921,ORD006805,2024-09-30,UPI,paid,3976.54,0.0,2024-10-05,Juspay
M001,PAY006922,ORD003839,2024-05-23,COD,paid,3793.55,0.0,2024-05-27,Juspay
M001,PAY006923,ORD001507,2024-02-23,NetBanking,paid,3840.65,0.0,2024-02-24,PhonePe
M001,PAY006924,ORD008647,2024-11-21,UPI,paid,2835.92,0.0,2024-11-24,Cashfree
M001,PAY006925,ORD007458,2024-10-17,Credit Card,paid,9705.4,0.0,2024-10-20,Stripe
M001,PAY006926,ORD007614,2024-10-22,UPI,paid,4856.38,0.0,2024-10-24,Cashfree
M001,PAY006927,ORD008566,2024-11-18,UPI,paid,9481.25,0.0,2024-11-20,Razorpay
M001,PAY006928,ORD001666,2024-03-02,Wallet,failed,0.0,0.0,2024-03-02,Cashfree
M001,PAY006929,ORD006170,2024-09-04,UPI,paid,7753.79,0.0,2024-09-05,Razorpay
M001,PAY006930,ORD009670,2024-12-21,UPI,paid,7184.64,0.0,2024-12-22,Stripe
M001,PAY006931,ORD001767,2024-03-05,UPI,paid,9026.06,0.0,2024-03-06,Razorpay
M001,PAY006932,ORD000755,2024-01-24,COD,refunded,5473.27,3499.7,2024-01-28,Juspay
M001,PAY006933,ORD002717,2024-04-13,COD,paid,5336.59,0.0,2024-04-14,PayU
M001,PAY006934,ORD000187,2024-01-07,UPI,paid,3406.01,0.0,2024-01-10,PayU
M001,PAY006935,ORD006174,2024-09-03,COD,failed,0.0,0.0,2024-09-03,PhonePe
M001,PAY006936,ORD001443,2024-02-19,COD,paid,6830.67,0.0,2024-02-22,PayU
M001,PAY006937,ORD006048,2024-08-30,Wallet,refunded,1394.3,1284.4,2024-08-31,Razorpay
M001,PAY006938,ORD004859,2024-07-07,UPI,paid,7587.51,0.0,2024-07-08,PayU
M001,PAY006939,ORD000484,2024-01-15,Debit Card,paid,5515.26,0.0,2024-01-20,PhonePe
M001,PAY006940,ORD000371,2024-01-13,COD,paid,7784.75,0.0,2024-01-14,Razorpay
M001,PAY006941,ORD002416,2024-04-01,NetBanking,paid,5863.67,0.0,2024-04-04,Cashfree
M001,PAY006942,ORD002962,2024-04-21,Wallet,paid,4260.8,0.0,2024-04-22,Razorpay
M001,PAY006943,ORD008828,2024-11-25,Credit Card,paid,2679.21,0.0,2024-11-28,Razorpay
M001,PAY006944,ORD004532,2024-06-21,Wallet,paid,3628.72,0.0,2024-06-24,Razorpay
M001,PAY006945,ORD009518,2024-12-15,COD,paid,2021.45,0.0,2024-12-20,Cashfree
M001,PAY006946,ORD003441,2024-05-09,COD,refunded,8515.47,3183.72,2024-05-13,Razorpay
M001,PAY006947,ORD004987,2024-07-14,Credit Card,paid,5884.32,0.0,2024-07-15,Razorpay
M001,PAY006948,ORD004078,2024-05-31,COD,paid,6171.25,0.0,2024-06-01,Cashfree
M001,PAY006949,ORD006128,2024-09-01,COD,failed,0.0,0.0,2024-09-01,Cashfree
M001,PAY006950,ORD005661,2024-08-13,Credit Card,paid,9633.24,0.0,2024-08-17,Razorpay
M001,PAY006951,ORD001065,2024-02-03,Debit Card,paid,5291.52,0.0,2024-02-08,PayU
M001,PAY006952,ORD002404,2024-04-01,NetBanking,paid,8967.35,0.0,2024-04-06,PhonePe
M001,PAY006953,ORD000276,2024-01-09,COD,pending,3081.48,0.0,2024-01-10,Razorpay
M001,PAY006954,ORD003491,2024-05-10,UPI,paid,1497.92,0.0,2024-05-11,Cashfree
M001,PAY006955,ORD005294,2024-07-29,UPI,failed,0.0,0.0,2024-07-29,PhonePe
M001,PAY006956,ORD006416,2024-09-14,UPI,paid,7344.06,0.0,2024-09-15,Razorpay
M001,PAY006957,ORD006622,2024-09-22,COD,pending,10938.04,0.0,2024-09-24,Juspay
M001,PAY006958,ORD002406,2024-04-01,Credit Card,paid,4790.73,0.0,2024-04-05,Stripe
M001,PAY006959,ORD001246,2024-02-10,UPI,paid,5354.45,0.0,2024-02-14,Juspay
M001,PAY006960,ORD002370,2024-03-30,UPI,failed,0.0,0.0,2024-03-30,Juspay
M001,PAY006961,ORD005360,2024-08-02,UPI,paid,5078.95,0.0,2024-08-07,PayU
M001,PAY006962,ORD006228,2024-09-06,COD,paid,1044.99,0.0,2024-09-10,PhonePe
M001,PAY006963,ORD003876,2024-05-25,COD,paid,3748.95,0.0,2024-05-30,Juspay
M001,PAY006964,ORD004069,2024-06-01,NetBanking,paid,3953.61,0.0,2024-06-03,Juspay
M001,PAY006965,ORD000889,2024-01-28,COD,paid,3162.22,0.0,2024-01-31,Cashfree
M001,PAY006966,ORD008889,2024-11-26,NetBanking,pending,4147.22,0.0,2024-11-28,Stripe
M001,PAY006967,ORD007849,2024-10-30,Credit Card,paid,7411.64,0.0,2024-11-01,Cashfree
M001,PAY006968,ORD005543,2024-08-08,UPI,paid,5713.16,0.0,2024-08-10,Cashfree
M001,PAY006969,ORD000294,2024-01-10,UPI,paid,8629.12,0.0,2024-01-14,PhonePe
M001,PAY006970,ORD001189,2024-02-07,NetBanking,failed,0.0,0.0,2024-02-07,PayU
M001,PAY006971,ORD004153,2024-06-04,COD,paid,7402.89,0.0,2024-06-08,Cashfree
M001,PAY006972,ORD003307,2024-05-03,Credit Card,paid,4189.9,0.0,2024-05-06,PayU
M001,PAY006973,ORD006960,2024-10-04,NetBanking,paid,1209.69,0.0,2024-10-05,PayU
M001,PAY006974,ORD008813,2024-11-26,UPI,paid,1889.32,0.0,2024-11-30,Stripe
M001,PAY006975,ORD005058,2024-07-19,Credit Card,paid,3579.22,0.0,2024-07-21,Cashfree
M001,PAY006976,ORD009931,2024-12-29,NetBanking,paid,5582.26,0.0,2025-01-01,PayU
M001,PAY006977,ORD006921,2024-10-02,COD,refunded,559.94,525.51,2024-10-05,PhonePe
M001,PAY006978,ORD002657,2024-04-10,COD,paid,5528.55,0.0,2024-04-12,Juspay
M001,PAY006979,ORD005218,2024-07-26,UPI,paid,5809.76,0.0,2024-07-27,Cashfree
M001,PAY006980,ORD002005,2024-03-15,COD,paid,2156.19,0.0,2024-03-18,Razorpay
M001,PAY006981,ORD009034,2024-12-01,UPI,paid,5612.86,0.0,2024-12-04,Razorpay
M001,PAY006982,ORD003301,2024-05-03,Debit Card,refunded,9375.51,9371.94,2024-05-06,PayU
M001,PAY006983,ORD008805,2024-11-24,COD,paid,2973.85,0.0,2024-11-29,Stripe
M001,PAY006984,ORD003341,2024-05-03,COD,paid,7025.5,0.0,2024-05-04,Stripe
M001,PAY006985,ORD005047,2024-07-17,Credit Card,paid,2412.21,0.0,2024-07-19,Razorpay
M001,PAY006986,ORD003226,2024-04-30,NetBanking,paid,7407.42,0.0,2024-05-02,Cashfree
M001,PAY006987,ORD002896,2024-04-17,Debit Card,paid,7214.95,0.0,2024-04-20,Cashfree
M001,PAY006988,ORD001042,2024-02-02,COD,paid,5588.97,0.0,2024-02-04,Razorpay
M001,PAY006989,ORD001930,2024-03-12,UPI,paid,7525.08,0.0,2024-03-17,PhonePe
M001,PAY006990,ORD003037,2024-04-24,NetBanking,paid,4475.56,0.0,2024-04-28,Razorpay
M001,PAY006991,ORD006658,2024-09-24,NetBanking,paid,6191.65,0.0,2024-09-26,Cashfree
M001,PAY006992,ORD006676,2024-09-24,UPI,paid,3135.27,0.0,2024-09-26,PayU
M001,PAY006993,ORD005961,2024-08-26,COD,paid,1594.19,0.0,2024-08-28,Cashfree
M001,PAY006994,ORD000208,2024-01-07,NetBanking,paid,2005.51,0.0,2024-01-10,PayU
M001,PAY006995,ORD004657,2024-06-28,UPI,paid,2583.71,0.0,2024-07-03,Juspay
M001,PAY006996,ORD002411,2024-03-31,COD,paid,1450.94,0.0,2024-04-01,Razorpay
M001,PAY006997,ORD001055,2024-02-03,COD,paid,6766.49,0.0,2024-02-07,PhonePe
M001,PAY006998,ORD004380,2024-06-15,UPI,paid,2645.51,0.0,2024-06-20,PhonePe
M001,PAY006999,ORD007406,2024-10-16,Debit Card,refunded,2033.32,354.44,2024-10-18,Razorpay
M001,PAY007000,ORD004185,2024-06-06,UPI,paid,6389.24,0.0,2024-06-07,PhonePe
M001,PAY007001,ORD004848,2024-07-08,Debit Card,paid,2837.84,0.0,2024-07-13,PhonePe
M001,PAY007002,ORD006212,2024-09-05,Debit Card,paid,8158.4,0.0,2024-09-06,Razorpay
M001,PAY007003,ORD003675,2024-05-16,COD,paid,7932.61,0.0,2024-05-19,Juspay
M001,PAY007004,ORD009507,2024-12-16,COD,refunded,1302.71,1234.25,2024-12-21,PhonePe
M001,PAY007005,ORD006713,2024-09-26,UPI,paid,7864.11,0.0,2024-09-30,Razorpay
M001,PAY007006,ORD001174,2024-02-07,Credit Card,pending,1949.99,0.0,2024-02-08,Razorpay
M001,PAY007007,ORD005312,2024-07-30,COD,paid,508.49,0.0,2024-07-31,Razorpay
M001,PAY007008,ORD003671,2024-05-16,COD,refunded,6923.2,5981.34,2024-05-19,PhonePe
M001,PAY007009,ORD009370,2024-12-11,Debit Card,paid,4827.01,0.0,2024-12-12,PhonePe
M001,PAY007010,ORD007771,2024-10-27,COD,paid,3459.57,0.0,2024-10-28,Razorpay
M001,PAY007011,ORD008558,2024-11-19,COD,paid,2333.11,0.0,2024-11-21,Razorpay
M001,PAY007012,ORD003873,2024-05-25,Wallet,failed,0.0,0.0,2024-05-25,PayU
M001,PAY007013,ORD002986,2024-04-22,UPI,paid,7398.37,0.0,2024-04-24,Razorpay
M001,PAY007014,ORD000897,2024-01-28,COD,paid,7465.04,0.0,2024-01-31,PayU
M001,PAY007015,ORD008495,2024-11-16,UPI,failed,0.0,0.0,2024-11-16,Juspay
M001,PAY007016,ORD005440,2024-08-04,Debit Card,paid,8001.81,0.0,2024-08-07,PhonePe
M001,PAY007017,ORD009243,2024-12-07,NetBanking,paid,1417.26,0.0,2024-12-11,PayU
M001,PAY007018,ORD007220,2024-10-11,Debit Card,pending,5413.65,0.0,2024-10-12,Cashfree
M001,PAY007019,ORD002877,2024-04-18,UPI,paid,784.82,0.0,2024-04-22,Razorpay
M001,PAY007020,ORD008267,2024-11-10,COD,refunded,1116.29,545.69,2024-11-14,PhonePe
M001,PAY007021,ORD001299,2024-02-12,Wallet,paid,7809.77,0.0,2024-02-14,PhonePe
M001,PAY007022,ORD001639,2024-02-29,NetBanking,paid,3984.18,0.0,2024-03-02,PhonePe
M001,PAY007023,ORD000927,2024-01-30,Credit Card,paid,8301.84,0.0,2024-02-04,Stripe
M001,PAY007024,ORD002508,2024-04-04,COD,paid,8627.45,0.0,2024-04-08,PhonePe
M001,PAY007025,ORD004176,2024-06-04,Credit Card,paid,5315.82,0.0,2024-06-09,PayU
M001,PAY007026,ORD004142,2024-06-02,UPI,paid,5581.36,0.0,2024-06-03,Cashfree
M001,PAY007027,ORD000947,2024-01-30,UPI,paid,4366.28,0.0,2024-02-03,PayU
M001,PAY007028,ORD006787,2024-09-28,UPI,paid,1483.82,0.0,2024-09-29,PhonePe
M001,PAY007029,ORD006748,2024-09-27,Debit Card,paid,9782.07,0.0,2024-10-02,PhonePe
M001,PAY007030,ORD005367,2024-08-02,COD,paid,5512.69,0.0,2024-08-06,Stripe
M001,PAY007031,ORD009091,2024-12-03,Credit Card,failed,0.0,0.0,2024-12-03,PayU
M001,PAY007032,ORD005138,2024-07-22,COD,paid,3919.92,0.0,2024-07-23,Juspay
M001,PAY007033,ORD003931,2024-05-27,UPI,paid,6901.58,0.0,2024-06-01,Stripe
M001,PAY007034,ORD002992,2024-04-21,Debit Card,paid,1560.41,0.0,2024-04-22,PayU
M001,PAY007035,ORD003211,2024-04-30,COD,paid,1171.35,0.0,2024-05-01,Cashfree
M001,PAY007036,ORD001730,2024-03-03,COD,paid,4532.88,0.0,2024-03-08,PayU
M001,PAY007037,ORD002686,2024-04-12,COD,paid,3232.24,0.0,2024-04-16,Stripe
M001,PAY007038,ORD001964,2024-03-14,Credit Card,paid,2564.02,0.0,2024-03-19,PhonePe
M001,PAY007039,ORD006182,2024-09-04,UPI,paid,2999.93,0.0,2024-09-08,Juspay
M001,PAY007040,ORD005013,2024-07-15,Debit Card,refunded,4089.4,3012.22,2024-07-17,PayU
M001,PAY007041,ORD000315,2024-01-11,COD,paid,3619.35,0.0,2024-01-15,PhonePe
M001,PAY007042,ORD002555,2024-04-07,Wallet,paid,7247.22,0.0,2024-04-10,Juspay
M001,PAY007043,ORD005765,2024-08-17,Debit Card,paid,3382.63,0.0,2024-08-22,Razorpay
M001,PAY007044,ORD000362,2024-01-13,Debit Card,pending,9863.79,0.0,2024-01-15,PayU
M001,PAY007045,ORD001205,2024-02-09,UPI,paid,2346.12,0.0,2024-02-10,Razorpay
M001,PAY007046,ORD004669,2024-06-28,Credit Card,failed,0.0,0.0,2024-06-28,Cashfree
M001,PAY007047,ORD000612,2024-01-21,Credit Card,paid,518.86,0.0,2024-01-24,PayU
M001,PAY007048,ORD007500,2024-10-19,Credit Card,paid,6997.84,0.0,2024-10-24,PayU
M001,PAY007049,ORD006155,2024-09-03,COD,paid,3589.14,0.0,2024-09-07,Juspay
M001,PAY007050,ORD001524,2024-02-23,COD,refunded,4935.83,2603.38,2024-02-26,Cashfree
M001,PAY007051,ORD006798,2024-09-29,COD,paid,5116.19,0.0,2024-10-01,Razorpay
M001,PAY007052,ORD007324,2024-10-13,UPI,failed,0.0,0.0,2024-10-13,PayU
M001,PAY007053,ORD001712,2024-03-03,Wallet,paid,5379.67,0.0,2024-03-04,Razorpay
M001,PAY007054,ORD006863,2024-10-01,UPI,paid,4313.95,0.0,2024-10-05,Juspay
M001,PAY007055,ORD004696,2024-06-29,NetBanking,paid,6821.56,0.0,2024-07-04,Stripe
M001,PAY007056,ORD005229,2024-07-27,COD,paid,3156.04,0.0,2024-07-30,Razorpay
M001,PAY007057,ORD006556,2024-09-21,Credit Card,refunded,8967.57,1816.45,2024-09-22,Juspay
M001,PAY007058,ORD000679,2024-01-23,COD,paid,1980.37,0.0,2024-01-25,Cashfree
M001,PAY007059,ORD007592,2024-10-22,Wallet,paid,9419.7,0.0,2024-10-27,PhonePe
M001,PAY007060,ORD007875,2024-10-31,COD,paid,6137.21,0.0,2024-11-03,Stripe
M001,PAY007061,ORD006872,2024-10-01,Wallet,paid,1426.57,0.0,2024-10-05,PayU
M001,PAY007062,ORD004596,2024-06-25,COD,paid,5195.38,0.0,2024-06-27,Razorpay
M001,PAY007063,ORD004705,2024-06-29,COD,paid,1345.63,0.0,2024-07-04,Stripe
M001,PAY007064,ORD006168,2024-09-04,UPI,paid,2269.86,0.0,2024-09-09,Razorpay
M001,PAY007065,ORD009130,2024-12-03,Credit Card,paid,1359.61,0.0,2024-12-05,PhonePe
M001,PAY007066,ORD007287,2024-10-12,COD,refunded,3698.32,3466.54,2024-10-15,Juspay
M001,PAY007067,ORD008152,2024-11-08,UPI,paid,3931.94,0.0,2024-11-10,Stripe
M001,PAY007068,ORD001844,2024-03-09,NetBanking,paid,7228.23,0.0,2024-03-10,Cashfree
M001,PAY007069,ORD009810,2024-12-25,COD,paid,4344.76,0.0,2024-12-27,Razorpay
M001,PAY007070,ORD004195,2024-06-06,COD,paid,1371.91,0.0,2024-06-08,Cashfree
M001,PAY007071,ORD009713,2024-12-22,UPI,paid,6754.1,0.0,2024-12-26,Cashfree
M001,PAY007072,ORD007197,2024-10-11,COD,paid,4233.84,0.0,2024-10-12,Juspay
M001,PAY007073,ORD006704,2024-09-25,UPI,paid,3150.99,0.0,2024-09-26,PayU
M001,PAY007074,ORD004237,2024-06-08,Debit Card,paid,1477.48,0.0,2024-06-10,Stripe
M001,PAY007075,ORD007600,2024-10-21,Debit Card,paid,821.4,0.0,2024-10-24,PhonePe
M001,PAY007076,ORD007978,2024-11-02,COD,paid,3676.56,0.0,2024-11-04,Cashfree
M001,PAY007077,ORD001054,2024-02-03,UPI,paid,11358.23,0.0,2024-02-06,PayU
M001,PAY007078,ORD006343,2024-09-11,UPI,paid,4591.27,0.0,2024-09-15,Cashfree
M001,PAY007079,ORD006012,2024-08-29,Wallet,paid,1777.04,0.0,2024-08-31,Razorpay
M001,PAY007080,ORD008191,2024-11-08,UPI,paid,3268.78,0.0,2024-11-11,PhonePe
M001,PAY007081,ORD000739,2024-01-24,Credit Card,paid,7382.63,0.0,2024-01-26,PhonePe
M001,PAY007082,ORD001100,2024-02-05,Credit Card,paid,8006.08,0.0,2024-02-06,Stripe
M001,PAY007083,ORD001594,2024-02-28,UPI,paid,9839.14,0.0,2024-03-02,PayU
M001,PAY007084,ORD001145,2024-02-07,UPI,paid,3699.13,0.0,2024-02-09,Stripe
M001,PAY007085,ORD003363,2024-05-05,Credit Card,paid,3465.98,0.0,2024-05-09,PayU
M001,PAY007086,ORD000594,2024-01-19,COD,paid,4420.31,0.0,2024-01-24,Juspay
M001,PAY007087,ORD007883,2024-11-01,NetBanking,refunded,5600.28,4898.77,2024-11-06,PhonePe
M001,PAY007088,ORD000222,2024-01-08,UPI,paid,3765.89,0.0,2024-01-13,Stripe
M001,PAY007089,ORD000614,2024-01-21,COD,paid,3227.69,0.0,2024-01-24,PayU
M001,PAY007090,ORD002530,2024-04-06,Wallet,refunded,9264.06,6701.2,2024-04-11,Razorpay
M001,PAY007091,ORD007180,2024-10-10,NetBanking,paid,2966.12,0.0,2024-10-11,PhonePe
M001,PAY007092,ORD003786,2024-05-20,NetBanking,pending,765.3,0.0,2024-05-21,Stripe
M001,PAY007093,ORD007012,2024-10-04,UPI,paid,3574.53,0.0,2024-10-07,Juspay
M001,PAY007094,ORD009849,2024-12-26,UPI,paid,2992.15,0.0,2024-12-28,PhonePe
M001,PAY007095,ORD009218,2024-12-07,Credit Card,paid,2131.24,0.0,2024-12-11,PayU
M001,PAY007096,ORD007487,2024-10-18,COD,paid,6830.98,0.0,2024-10-22,PhonePe
M001,PAY007097,ORD007879,2024-11-01,UPI,paid,1974.29,0.0,2024-11-04,PayU
M001,PAY007098,ORD009499,2024-12-15,UPI,paid,7794.36,0.0,2024-12-18,PayU
M001,PAY007099,ORD001690,2024-03-03,COD,failed,0.0,0.0,2024-03-03,PhonePe
M001,PAY007100,ORD008289,2024-11-12,UPI,paid,2813.89,0.0,2024-11-16,Juspay
M001,PAY007101,ORD002726,2024-04-13,UPI,failed,0.0,0.0,2024-04-13,Cashfree
M001,PAY007102,ORD000021,2024-01-01,Credit Card,paid,4818.32,0.0,2024-01-03,Cashfree
M001,PAY007103,ORD002105,2024-03-19,COD,paid,1710.33,0.0,2024-03-21,Juspay
M001,PAY007104,ORD007158,2024-10-10,Wallet,paid,4958.26,0.0,2024-10-11,PhonePe
M001,PAY007105,ORD002257,2024-03-25,UPI,paid,7216.47,0.0,2024-03-29,Stripe
M001,PAY007106,ORD001341,2024-02-14,Debit Card,paid,7338.37,0.0,2024-02-17,Stripe
M001,PAY007107,ORD001231,2024-02-10,UPI,pending,6653.77,0.0,2024-02-11,Stripe
M001,PAY007108,ORD001442,2024-02-20,COD,paid,5365.69,0.0,2024-02-22,Stripe
M001,PAY007109,ORD007187,2024-10-10,Debit Card,refunded,8052.63,4380.68,2024-10-13,PhonePe
M001,PAY007110,ORD006815,2024-09-30,COD,paid,8118.21,0.0,2024-10-05,PhonePe
M001,PAY007111,ORD002637,2024-04-09,COD,paid,3078.86,0.0,2024-04-14,PhonePe
M001,PAY007112,ORD009372,2024-12-12,UPI,paid,1473.62,0.0,2024-12-13,PayU
M001,PAY007113,ORD003188,2024-04-29,Credit Card,paid,3577.59,0.0,2024-04-30,Stripe
M001,PAY007114,ORD008971,2024-11-29,Debit Card,paid,1559.29,0.0,2024-12-03,PhonePe
M001,PAY007115,ORD008261,2024-11-10,COD,paid,3161.4,0.0,2024-11-14,PayU
M001,PAY007116,ORD008734,2024-11-24,UPI,failed,0.0,0.0,2024-11-24,Razorpay
M001,PAY007117,ORD001440,2024-02-19,Debit Card,paid,9552.99,0.0,2024-02-23,PhonePe
M001,PAY007118,ORD000907,2024-01-29,Debit Card,failed,0.0,0.0,2024-01-29,PhonePe
M001,PAY007119,ORD009465,2024-12-14,COD,paid,6137.12,0.0,2024-12-16,PayU
M001,PAY007120,ORD002306,2024-03-27,Wallet,refunded,3930.83,972.36,2024-03-30,Stripe
M001,PAY007121,ORD003591,2024-05-13,Debit Card,refunded,6731.77,2923.13,2024-05-18,Cashfree
M001,PAY007122,ORD008209,2024-11-09,COD,paid,505.16,0.0,2024-11-12,PhonePe
M001,PAY007123,ORD005711,2024-08-16,COD,paid,3921.3,0.0,2024-08-18,Stripe
M001,PAY007124,ORD004771,2024-07-04,COD,paid,4151.41,0.0,2024-07-09,Cashfree
M001,PAY007125,ORD008960,2024-11-29,Wallet,paid,5892.87,0.0,2024-12-04,Cashfree
M001,PAY007126,ORD000951,2024-01-30,COD,pending,910.74,0.0,2024-02-01,PhonePe
M001,PAY007127,ORD008594,2024-11-19,UPI,paid,5330.74,0.0,2024-11-22,Cashfree
M001,PAY007128,ORD005490,2024-08-06,Wallet,paid,7422.28,0.0,2024-08-10,Juspay
M001,PAY007129,ORD008738,2024-11-24,COD,paid,8143.42,0.0,2024-11-25,Cashfree
M001,PAY007130,ORD000178,2024-01-06,COD,paid,4497.43,0.0,2024-01-09,PayU
M001,PAY007131,ORD008377,2024-11-13,Wallet,paid,8944.36,0.0,2024-11-18,PayU
M001,PAY007132,ORD004607,2024-06-24,COD,paid,3285.04,0.0,2024-06-27,PayU
M001,PAY007133,ORD001338,2024-02-14,UPI,paid,6855.36,0.0,2024-02-15,Juspay
M001,PAY007134,ORD009832,2024-12-25,UPI,paid,1095.35,0.0,2024-12-26,Stripe
M001,PAY007135,ORD008829,2024-11-25,Debit Card,paid,9166.08,0.0,2024-11-28,Stripe
M001,PAY007136,ORD007497,2024-10-18,Credit Card,refunded,2330.51,1644.01,2024-10-22,Juspay
M001,PAY007137,ORD007475,2024-10-19,COD,paid,5113.68,0.0,2024-10-23,PhonePe
M001,PAY007138,ORD008051,2024-11-04,UPI,paid,1655.66,0.0,2024-11-09,Cashfree
M001,PAY007139,ORD008272,2024-11-11,UPI,paid,9165.1,0.0,2024-11-15,PhonePe
M001,PAY007140,ORD004601,2024-06-25,COD,pending,3384.38,0.0,2024-06-27,PhonePe
M001,PAY007141,ORD004396,2024-06-16,COD,paid,7619.93,0.0,2024-06-21,Cashfree
M001,PAY007142,ORD002651,2024-04-09,COD,paid,1140.94,0.0,2024-04-14,Juspay
M001,PAY007143,ORD001833,2024-03-07,UPI,refunded,4530.17,4576.42,2024-03-11,PayU
M001,PAY007144,ORD001107,2024-02-04,COD,paid,8028.14,0.0,2024-02-09,Juspay
M001,PAY007145,ORD001627,2024-02-28,Credit Card,refunded,5647.35,927.54,2024-03-03,Razorpay
M001,PAY007146,ORD000692,2024-01-22,UPI,failed,0.0,0.0,2024-01-22,PayU
M001,PAY007147,ORD000075,2024-01-02,Debit Card,paid,5579.51,0.0,2024-01-05,Stripe
M001,PAY007148,ORD009152,2024-12-05,Wallet,paid,7828.15,0.0,2024-12-08,PayU
M001,PAY007149,ORD004164,2024-06-04,Debit Card,paid,4544.51,0.0,2024-06-05,Razorpay
M001,PAY007150,ORD002432,2024-04-02,NetBanking,paid,1906.97,0.0,2024-04-07,Razorpay
M001,PAY007151,ORD005843,2024-08-20,Wallet,paid,5955.09,0.0,2024-08-24,Stripe
M001,PAY007152,ORD005820,2024-08-19,Debit Card,paid,9132.73,0.0,2024-08-24,Stripe
M001,PAY007153,ORD008333,2024-11-12,COD,failed,0.0,0.0,2024-11-12,Juspay
M001,PAY007154,ORD000227,2024-01-08,Wallet,paid,7849.47,0.0,2024-01-09,Juspay
M001,PAY007155,ORD009496,2024-12-15,COD,pending,4294.48,0.0,2024-12-16,PhonePe
M001,PAY007156,ORD002122,2024-03-20,Wallet,failed,0.0,0.0,2024-03-20,Razorpay
M001,PAY007157,ORD000237,2024-01-07,NetBanking,paid,1843.46,0.0,2024-01-11,PhonePe
M001,PAY007158,ORD000255,2024-01-09,COD,paid,6393.95,0.0,2024-01-11,Stripe
M001,PAY007159,ORD008120,2024-11-07,Wallet,failed,0.0,0.0,2024-11-07,Razorpay
M001,PAY007160,ORD005567,2024-08-10,COD,paid,8603.11,0.0,2024-08-11,PayU
M001,PAY007161,ORD008799,2024-11-25,Debit Card,paid,4958.99,0.0,2024-11-28,Cashfree
M001,PAY007162,ORD004786,2024-07-04,Wallet,paid,744.52,0.0,2024-07-06,Razorpay
M001,PAY007163,ORD003337,2024-05-04,COD,paid,6947.35,0.0,2024-05-06,Cashfree
M001,PAY007164,ORD006570,2024-09-20,UPI,paid,2867.5,0.0,2024-09-25,Razorpay
M001,PAY007165,ORD000504,2024-01-16,COD,paid,3507.51,0.0,2024-01-19,Stripe
M001,PAY007166,ORD004108,2024-06-02,COD,paid,8572.37,0.0,2024-06-07,PhonePe
M001,PAY007167,ORD007080,2024-10-07,Debit Card,paid,2881.18,0.0,2024-10-12,PhonePe
M001,PAY007168,ORD007008,2024-10-05,Debit Card,paid,5552.54,0.0,2024-10-08,Stripe
M001,PAY007169,ORD008537,2024-11-17,Credit Card,paid,548.4,0.0,2024-11-21,Stripe
M001,PAY007170,ORD000761,2024-01-25,COD,paid,4664.86,0.0,2024-01-29,Stripe
M001,PAY007171,ORD004090,2024-06-01,UPI,paid,1846.55,0.0,2024-06-03,Razorpay
M001,PAY007172,ORD000848,2024-01-28,Wallet,paid,5541.03,0.0,2024-01-31,PhonePe
M001,PAY007173,ORD006629,2024-09-23,COD,failed,0.0,0.0,2024-09-23,PayU
M001,PAY007174,ORD007674,2024-10-24,COD,failed,0.0,0.0,2024-10-24,PhonePe
M001,PAY007175,ORD005442,2024-08-05,COD,paid,5661.99,0.0,2024-08-06,Cashfree
M001,PAY007176,ORD007611,2024-10-23,Debit Card,paid,7246.34,0.0,2024-10-28,Cashfree
M001,PAY007177,ORD001764,2024-03-06,Wallet,paid,7261.81,0.0,2024-03-11,Stripe
M001,PAY007178,ORD007271,2024-10-12,COD,paid,941.76,0.0,2024-10-14,Stripe
M001,PAY007179,ORD005834,2024-08-21,COD,paid,8691.4,0.0,2024-08-23,PayU
M001,PAY007180,ORD001815,2024-03-08,Credit Card,refunded,3929.55,2995.95,2024-03-09,Razorpay
M001,PAY007181,ORD009968,2024-12-31,COD,paid,6828.68,0.0,2025-01-03,Stripe
M001,PAY007182,ORD003181,2024-04-28,COD,paid,3041.39,0.0,2024-05-03,Stripe
M001,PAY007183,ORD008337,2024-11-13,NetBanking,paid,1586.78,0.0,2024-11-15,Stripe
M001,PAY007184,ORD000289,2024-01-10,UPI,paid,4886.73,0.0,2024-01-15,Razorpay
M001,PAY007185,ORD003156,2024-04-27,Credit Card,paid,5806.23,0.0,2024-04-29,Juspay
M001,PAY007186,ORD004603,2024-06-24,NetBanking,paid,7092.49,0.0,2024-06-28,Stripe
M001,PAY007187,ORD003428,2024-05-08,UPI,paid,11414.11,0.0,2024-05-10,Juspay
M001,PAY007188,ORD000525,2024-01-17,UPI,paid,9356.89,0.0,2024-01-19,Juspay
M001,PAY007189,ORD001020,2024-02-02,Credit Card,paid,4077.3,0.0,2024-02-03,PayU
M001,PAY007190,ORD006977,2024-10-04,Wallet,paid,597.49,0.0,2024-10-06,Juspay
M001,PAY007191,ORD004691,2024-06-29,NetBanking,paid,1480.09,0.0,2024-07-04,Cashfree
M001,PAY007192,ORD004244,2024-06-09,UPI,paid,4605.75,0.0,2024-06-10,PayU
M001,PAY007193,ORD007354,2024-10-15,UPI,paid,7862.59,0.0,2024-10-16,Stripe
M001,PAY007194,ORD001483,2024-02-22,Credit Card,paid,5237.32,0.0,2024-02-24,PayU
M001,PAY007195,ORD008464,2024-11-15,COD,paid,7053.11,0.0,2024-11-20,Cashfree
M001,PAY007196,ORD002787,2024-04-14,COD,failed,0.0,0.0,2024-04-14,Cashfree
M001,PAY007197,ORD004747,2024-07-03,Credit Card,paid,2139.64,0.0,2024-07-05,Razorpay
M001,PAY007198,ORD000452,2024-01-15,Debit Card,paid,2479.42,0.0,2024-01-16,Juspay
M001,PAY007199,ORD007491,2024-10-18,Debit Card,paid,6014.07,0.0,2024-10-20,Cashfree
M001,PAY007200,ORD003366,2024-05-04,Debit Card,paid,5607.08,0.0,2024-05-06,Cashfree
M001,PAY007201,ORD005379,2024-08-01,COD,pending,6232.67,0.0,2024-08-02,Stripe
M001,PAY007202,ORD002150,2024-03-21,Credit Card,paid,7554.83,0.0,2024-03-25,Stripe
M001,PAY007203,ORD001752,2024-03-05,COD,paid,7098.32,0.0,2024-03-10,Juspay
M001,PAY007204,ORD005109,2024-07-20,COD,refunded,6003.65,3686.11,2024-07-23,Razorpay
M001,PAY007205,ORD005045,2024-07-18,COD,paid,2433.9,0.0,2024-07-20,PayU
M001,PAY007206,ORD002177,2024-03-22,COD,paid,3457.28,0.0,2024-03-25,PhonePe
M001,PAY007207,ORD001345,2024-02-15,COD,pending,3434.77,0.0,2024-02-17,PhonePe
M001,PAY007208,ORD002336,2024-03-29,Wallet,paid,7632.68,0.0,2024-03-30,Cashfree
M001,PAY007209,ORD008803,2024-11-25,Wallet,paid,4880.58,0.0,2024-11-26,Cashfree
M001,PAY007210,ORD006275,2024-09-08,COD,paid,6751.83,0.0,2024-09-13,PayU
M001,PAY007211,ORD006071,2024-08-30,Debit Card,paid,7875.97,0.0,2024-09-02,Razorpay
M001,PAY007212,ORD004011,2024-05-28,Debit Card,paid,7688.84,0.0,2024-05-29,Juspay
M001,PAY007213,ORD005576,2024-08-11,Credit Card,pending,5572.31,0.0,2024-08-13,Juspay
M001,PAY007214,ORD003579,2024-05-12,COD,pending,6331.46,0.0,2024-05-13,Juspay
M001,PAY007215,ORD005613,2024-08-12,UPI,refunded,1535.97,172.2,2024-08-14,Juspay
M001,PAY007216,ORD007682,2024-10-24,UPI,paid,6210.81,0.0,2024-10-29,Razorpay
M001,PAY007217,ORD001979,2024-03-14,COD,paid,6546.32,0.0,2024-03-15,Razorpay
M001,PAY007218,ORD006707,2024-09-25,UPI,paid,8210.01,0.0,2024-09-30,Juspay
M001,PAY007219,ORD006876,2024-10-01,COD,paid,6218.55,0.0,2024-10-02,PayU
M001,PAY007220,ORD001357,2024-02-15,Credit Card,pending,5423.59,0.0,2024-02-17,Cashfree
M001,PAY007221,ORD009838,2024-12-25,UPI,paid,4474.77,0.0,2024-12-27,Razorpay
M001,PAY007222,ORD001739,2024-03-04,Debit Card,paid,8260.85,0.0,2024-03-06,PhonePe
M001,PAY007223,ORD003956,2024-05-28,Credit Card,paid,420.89,0.0,2024-05-30,PhonePe
M001,PAY007224,ORD007210,2024-10-11,Debit Card,paid,5172.04,0.0,2024-10-16,Juspay
M001,PAY007225,ORD003232,2024-04-30,COD,paid,2957.07,0.0,2024-05-05,Stripe
M001,PAY007226,ORD005749,2024-08-17,Credit Card,paid,4470.82,0.0,2024-08-21,Razorpay
M001,PAY007227,ORD008712,2024-11-23,UPI,paid,4279.47,0.0,2024-11-28,Cashfree
M001,PAY007228,ORD002048,2024-03-17,COD,paid,3605.19,0.0,2024-03-22,Razorpay
M001,PAY007229,ORD004485,2024-06-20,COD,paid,7602.5,0.0,2024-06-22,Stripe
M001,PAY007230,ORD001699,2024-03-02,Credit Card,paid,5946.76,0.0,2024-03-04,Razorpay
M001,PAY007231,ORD002240,2024-03-24,UPI,paid,7660.2,0.0,2024-03-25,Cashfree
M001,PAY007232,ORD000420,2024-01-14,Credit Card,paid,4116.55,0.0,2024-01-16,Cashfree
M001,PAY007233,ORD004361,2024-06-14,Debit Card,paid,9511.94,0.0,2024-06-17,Juspay
M001,PAY007234,ORD006294,2024-09-08,Wallet,paid,5108.77,0.0,2024-09-11,PhonePe
M001,PAY007235,ORD000091,2024-01-03,COD,paid,3142.83,0.0,2024-01-07,PhonePe
M001,PAY007236,ORD003456,2024-05-09,Credit Card,paid,7994.64,0.0,2024-05-10,Juspay
M001,PAY007237,ORD007671,2024-10-24,Wallet,paid,7808.93,0.0,2024-10-27,Cashfree
M001,PAY007238,ORD002165,2024-03-22,UPI,paid,3335.11,0.0,2024-03-23,Stripe
M001,PAY007239,ORD005771,2024-08-18,UPI,paid,7876.61,0.0,2024-08-22,Cashfree
M001,PAY007240,ORD003545,2024-05-12,Debit Card,paid,7927.1,0.0,2024-05-13,Cashfree
M001,PAY007241,ORD002176,2024-03-22,UPI,paid,6178.23,0.0,2024-03-27,Razorpay
M001,PAY007242,ORD003651,2024-05-15,Wallet,paid,9198.8,0.0,2024-05-18,Razorpay
M001,PAY007243,ORD004984,2024-07-14,Wallet,paid,8202.49,0.0,2024-07-18,PayU
M001,PAY007244,ORD004625,2024-06-25,COD,paid,6900.62,0.0,2024-06-27,PhonePe
M001,PAY007245,ORD003973,2024-05-28,Credit Card,paid,697.09,0.0,2024-05-30,Cashfree
M001,PAY007246,ORD005441,2024-08-05,UPI,paid,9022.04,0.0,2024-08-10,Stripe
M001,PAY007247,ORD005020,2024-07-15,Debit Card,paid,474.27,0.0,2024-07-20,Stripe
M001,PAY007248,ORD000902,2024-01-28,UPI,failed,0.0,0.0,2024-01-28,PayU
M001,PAY007249,ORD003846,2024-05-23,COD,paid,4010.73,0.0,2024-05-26,Cashfree
M001,PAY007250,ORD003145,2024-04-28,COD,refunded,6498.73,1192.34,2024-05-03,Juspay
M001,PAY007251,ORD000020,2024-01-01,Credit Card,paid,6875.0,0.0,2024-01-04,Stripe
M001,PAY007252,ORD001814,2024-03-08,Wallet,failed,0.0,0.0,2024-03-08,Juspay
M001,PAY007253,ORD003729,2024-05-19,COD,paid,4318.64,0.0,2024-05-21,Stripe
M001,PAY007254,ORD008014,2024-11-04,Credit Card,paid,3675.29,0.0,2024-11-07,Razorpay
M001,PAY007255,ORD002538,2024-04-06,COD,paid,3888.55,0.0,2024-04-09,Juspay
M001,PAY007256,ORD002392,2024-03-31,Wallet,paid,876.57,0.0,2024-04-02,Juspay
M001,PAY007257,ORD008236,2024-11-09,COD,paid,9287.71,0.0,2024-11-11,Cashfree
M001,PAY007258,ORD000573,2024-01-18,Wallet,paid,2452.32,0.0,2024-01-21,PayU
M001,PAY007259,ORD000265,2024-01-09,COD,paid,9515.61,0.0,2024-01-10,PhonePe
M001,PAY007260,ORD004138,2024-06-03,Credit Card,paid,3454.94,0.0,2024-06-04,Razorpay
M001,PAY007261,ORD000914,2024-01-30,UPI,pending,7307.5,0.0,2024-02-01,Cashfree
M001,PAY007262,ORD009153,2024-12-04,NetBanking,paid,8206.7,0.0,2024-12-08,Juspay
M001,PAY007263,ORD000738,2024-01-24,Debit Card,paid,7852.15,0.0,2024-01-27,Juspay
M001,PAY007264,ORD007700,2024-10-26,COD,paid,4782.97,0.0,2024-10-31,Juspay
M001,PAY007265,ORD006095,2024-08-31,UPI,paid,7825.44,0.0,2024-09-05,PhonePe
M001,PAY007266,ORD009658,2024-12-19,NetBanking,refunded,6808.0,3180.08,2024-12-22,Razorpay
M001,PAY007267,ORD007296,2024-10-13,COD,paid,4543.28,0.0,2024-10-17,PhonePe
M001,PAY007268,ORD006922,2024-10-02,NetBanking,paid,481.71,0.0,2024-10-03,Razorpay
M001,PAY007269,ORD000182,2024-01-06,COD,paid,2922.79,0.0,2024-01-11,PhonePe
M001,PAY007270,ORD006421,2024-09-15,COD,paid,665.21,0.0,2024-09-18,Stripe
M001,PAY007271,ORD000606,2024-01-19,UPI,paid,3500.98,0.0,2024-01-20,Juspay
M001,PAY007272,ORD004896,2024-07-10,Debit Card,paid,8783.36,0.0,2024-07-13,Razorpay
M001,PAY007273,ORD004218,2024-06-07,COD,paid,4235.95,0.0,2024-06-09,Stripe
M001,PAY007274,ORD005691,2024-08-14,COD,paid,1591.13,0.0,2024-08-17,Razorpay
M001,PAY007275,ORD008776,2024-11-24,UPI,paid,1674.3,0.0,2024-11-29,PhonePe
M001,PAY007276,ORD008633,2024-11-21,UPI,paid,7830.42,0.0,2024-11-22,PhonePe
M001,PAY007277,ORD005832,2024-08-20,COD,paid,1459.34,0.0,2024-08-24,PayU
M001,PAY007278,ORD000140,2024-01-06,COD,paid,4016.45,0.0,2024-01-09,Juspay
M001,PAY007279,ORD003129,2024-04-27,COD,paid,2289.55,0.0,2024-04-30,PhonePe
M001,PAY007280,ORD002783,2024-04-14,COD,paid,5457.01,0.0,2024-04-18,PhonePe
M001,PAY007281,ORD006951,2024-10-03,UPI,paid,7979.52,0.0,2024-10-04,PayU
M001,PAY007282,ORD004579,2024-06-24,UPI,paid,3616.96,0.0,2024-06-27,Cashfree
M001,PAY007283,ORD005231,2024-07-26,Credit Card,paid,10322.4,0.0,2024-07-28,PhonePe
M001,PAY007284,ORD000570,2024-01-19,COD,paid,7777.93,0.0,2024-01-22,Razorpay
M001,PAY007285,ORD009601,2024-12-18,COD,paid,3051.8,0.0,2024-12-19,Stripe
M001,PAY007286,ORD007916,2024-11-02,COD,paid,2455.85,0.0,2024-11-04,PayU
M001,PAY007287,ORD007570,2024-10-21,UPI,paid,4115.4,0.0,2024-10-26,Razorpay
M001,PAY007288,ORD008765,2024-11-23,Credit Card,paid,2252.67,0.0,2024-11-26,PayU
M001,PAY007289,ORD009425,2024-12-13,Debit Card,pending,6584.53,0.0,2024-12-14,PayU
M001,PAY007290,ORD004006,2024-05-28,Debit Card,paid,2484.9,0.0,2024-05-29,PhonePe
M001,PAY007291,ORD007135,2024-10-08,UPI,paid,6928.01,0.0,2024-10-12,PhonePe
M001,PAY007292,ORD005497,2024-08-06,UPI,paid,3399.94,0.0,2024-08-09,Razorpay
M001,PAY007293,ORD004858,2024-07-07,UPI,paid,3365.43,0.0,2024-07-09,PhonePe
M001,PAY007294,ORD009619,2024-12-18,Wallet,paid,8057.49,0.0,2024-12-23,Cashfree
M001,PAY007295,ORD003216,2024-04-30,Wallet,paid,8132.5,0.0,2024-05-04,Juspay
M001,PAY007296,ORD003635,2024-05-15,UPI,paid,2963.34,0.0,2024-05-17,Cashfree
M001,PAY007297,ORD000710,2024-01-23,COD,paid,8427.71,0.0,2024-01-28,Cashfree
M001,PAY007298,ORD007612,2024-10-22,COD,paid,3202.92,0.0,2024-10-25,Stripe
M001,PAY007299,ORD002763,2024-04-13,Credit Card,failed,0.0,0.0,2024-04-13,PayU
M001,PAY007300,ORD000676,2024-01-23,Wallet,failed,0.0,0.0,2024-01-23,Juspay
M001,PAY007301,ORD009364,2024-12-10,Credit Card,paid,7027.67,0.0,2024-12-12,Cashfree
M001,PAY007302,ORD008410,2024-11-14,COD,paid,3375.2,0.0,2024-11-16,Razorpay
M001,PAY007303,ORD009197,2024-12-06,Wallet,failed,0.0,0.0,2024-12-06,PayU
M001,PAY007304,ORD002618,2024-04-07,COD,refunded,4016.9,1853.1,2024-04-08,Cashfree
M001,PAY007305,ORD008446,2024-11-14,Wallet,paid,8516.47,0.0,2024-11-15,PayU
M001,PAY007306,ORD008493,2024-11-16,COD,paid,8838.86,0.0,2024-11-20,PhonePe
M001,PAY007307,ORD008798,2024-11-25,COD,refunded,6774.1,5250.29,2024-11-28,Razorpay
M001,PAY007308,ORD006620,2024-09-23,UPI,paid,1490.22,0.0,2024-09-28,PhonePe
M001,PAY007309,ORD000516,2024-01-17,UPI,paid,2413.97,0.0,2024-01-22,Stripe
M001,PAY007310,ORD009313,2024-12-10,UPI,paid,8119.74,0.0,2024-12-11,PayU
M001,PAY007311,ORD008298,2024-11-12,Debit Card,paid,5642.61,0.0,2024-11-16,Juspay
M001,PAY007312,ORD002647,2024-04-10,UPI,paid,5287.35,0.0,2024-04-11,PayU
M001,PAY007313,ORD006361,2024-09-12,Credit Card,refunded,3315.19,2594.12,2024-09-16,PhonePe
M001,PAY007314,ORD006409,2024-09-13,Debit Card,paid,990.6,0.0,2024-09-18,Cashfree
M001,PAY007315,ORD008599,2024-11-20,UPI,paid,9723.83,0.0,2024-11-22,Stripe
M001,PAY007316,ORD009184,2024-12-06,UPI,paid,3565.99,0.0,2024-12-10,Cashfree
M001,PAY007317,ORD004343,2024-06-13,COD,paid,3267.64,0.0,2024-06-16,PayU
M001,PAY007318,ORD007959,2024-11-03,COD,paid,5670.13,0.0,2024-11-08,Juspay
M001,PAY007319,ORD008964,2024-11-29,Debit Card,paid,3827.98,0.0,2024-11-30,Stripe
M001,PAY007320,ORD006401,2024-09-14,NetBanking,paid,1693.25,0.0,2024-09-16,Juspay
M001,PAY007321,ORD002167,2024-03-21,Wallet,failed,0.0,0.0,2024-03-21,PhonePe
M001,PAY007322,ORD001581,2024-02-27,Credit Card,paid,4050.41,0.0,2024-03-01,Razorpay
M001,PAY007323,ORD005846,2024-08-21,COD,failed,0.0,0.0,2024-08-21,Stripe
M001,PAY007324,ORD001169,2024-02-07,COD,paid,8191.83,0.0,2024-02-11,Stripe
M001,PAY007325,ORD006952,2024-10-04,COD,paid,4841.18,0.0,2024-10-08,Stripe
M001,PAY007326,ORD009891,2024-12-27,Debit Card,paid,2056.37,0.0,2024-12-29,Cashfree
M001,PAY007327,ORD005524,2024-08-07,Credit Card,paid,8220.07,0.0,2024-08-09,Stripe
M001,PAY007328,ORD008933,2024-11-27,UPI,paid,3994.2,0.0,2024-12-02,Juspay
M001,PAY007329,ORD009479,2024-12-14,Debit Card,paid,7252.23,0.0,2024-12-17,PhonePe
M001,PAY007330,ORD003771,2024-05-20,UPI,refunded,7013.13,2230.89,2024-05-24,Razorpay
M001,PAY007331,ORD003668,2024-05-17,COD,failed,0.0,0.0,2024-05-17,Razorpay
M001,PAY007332,ORD009791,2024-12-25,Credit Card,refunded,4304.33,4231.24,2024-12-26,PhonePe
M001,PAY007333,ORD006535,2024-09-19,Credit Card,pending,984.01,0.0,2024-09-20,Juspay
M001,PAY007334,ORD000766,2024-01-24,Wallet,failed,0.0,0.0,2024-01-24,PayU
M001,PAY007335,ORD006666,2024-09-24,COD,paid,8810.12,0.0,2024-09-26,Stripe
M001,PAY007336,ORD009731,2024-12-23,Debit Card,refunded,8053.78,3724.57,2024-12-25,Stripe
M001,PAY007337,ORD006395,2024-09-13,NetBanking,paid,5178.63,0.0,2024-09-18,Razorpay
M001,PAY007338,ORD008449,2024-11-16,COD,paid,4830.03,0.0,2024-11-20,Juspay
M001,PAY007339,ORD006739,2024-09-26,Credit Card,paid,9307.89,0.0,2024-09-29,PayU
M001,PAY007340,ORD004516,2024-06-20,UPI,paid,7501.46,0.0,2024-06-22,Cashfree
M001,PAY007341,ORD008831,2024-11-26,Credit Card,paid,999.33,0.0,2024-11-28,Razorpay
M001,PAY007342,ORD007289,2024-10-12,Wallet,paid,1445.81,0.0,2024-10-13,PayU
M001,PAY007343,ORD005324,2024-07-30,COD,paid,4339.9,0.0,2024-08-04,PayU
M001,PAY007344,ORD002627,2024-04-09,COD,paid,1322.18,0.0,2024-04-10,Razorpay
M001,PAY007345,ORD003306,2024-05-02,COD,refunded,5707.54,2810.71,2024-05-03,Juspay
M001,PAY007346,ORD007205,2024-10-10,Wallet,paid,3146.71,0.0,2024-10-14,Juspay
M001,PAY007347,ORD006229,2024-09-06,COD,paid,6918.71,0.0,2024-09-08,Stripe
M001,PAY007348,ORD004145,2024-06-03,Debit Card,paid,7895.89,0.0,2024-06-04,Stripe
M001,PAY007349,ORD005447,2024-08-04,UPI,paid,7778.36,0.0,2024-08-08,Razorpay
M001,PAY007350,ORD006181,2024-09-04,NetBanking,refunded,3509.92,2915.0,2024-09-05,Juspay
M001,PAY007351,ORD008349,2024-11-12,Debit Card,paid,4212.05,0.0,2024-11-14,Cashfree
M001,PAY007352,ORD009485,2024-12-14,Credit Card,paid,4142.54,0.0,2024-12-18,PayU
M001,PAY007353,ORD005085,2024-07-20,Credit Card,paid,7038.03,0.0,2024-07-22,PhonePe
M001,PAY007354,ORD008012,2024-11-04,UPI,paid,4431.38,0.0,2024-11-07,Juspay
M001,PAY007355,ORD001076,2024-02-03,UPI,paid,1035.93,0.0,2024-02-07,Stripe
M001,PAY007356,ORD002253,2024-03-25,COD,paid,814.44,0.0,2024-03-30,PhonePe
M001,PAY007357,ORD000036,2024-01-02,UPI,paid,4384.49,0.0,2024-01-04,PayU
M001,PAY007358,ORD009563,2024-12-16,Debit Card,paid,11042.98,0.0,2024-12-21,Juspay
M001,PAY007359,ORD006999,2024-10-05,COD,paid,6160.72,0.0,2024-10-10,Razorpay
M001,PAY007360,ORD009064,2024-12-02,Credit Card,paid,8006.54,0.0,2024-12-03,Cashfree
M001,PAY007361,ORD004940,2024-07-13,COD,paid,901.85,0.0,2024-07-17,Juspay
M001,PAY007362,ORD007430,2024-10-16,NetBanking,paid,2401.65,0.0,2024-10-20,PhonePe
M001,PAY007363,ORD001634,2024-03-01,UPI,paid,4954.07,0.0,2024-03-05,Razorpay
M001,PAY007364,ORD002218,2024-03-24,Credit Card,paid,3101.55,0.0,2024-03-27,Razorpay
M001,PAY007365,ORD009561,2024-12-17,COD,paid,2001.91,0.0,2024-12-21,Cashfree
M001,PAY007366,ORD000426,2024-01-14,Credit Card,paid,3330.51,0.0,2024-01-18,PhonePe
M001,PAY007367,ORD002595,2024-04-08,COD,paid,1164.96,0.0,2024-04-12,Cashfree
M001,PAY007368,ORD005165,2024-07-23,Wallet,failed,0.0,0.0,2024-07-23,PayU
M001,PAY007369,ORD004503,2024-06-20,COD,refunded,2664.05,2061.56,2024-06-22,Juspay
M001,PAY007370,ORD001579,2024-02-26,COD,refunded,639.08,570.47,2024-02-27,Razorpay
M001,PAY007371,ORD008654,2024-11-21,Wallet,paid,7867.08,0.0,2024-11-24,Stripe
M001,PAY007372,ORD000522,2024-01-17,UPI,paid,6461.64,0.0,2024-01-18,Juspay
M001,PAY007373,ORD001068,2024-02-03,COD,refunded,1513.75,1057.0,2024-02-05,PhonePe
M001,PAY007374,ORD002916,2024-04-18,UPI,paid,5576.26,0.0,2024-04-20,Cashfree
M001,PAY007375,ORD003478,2024-05-10,UPI,paid,8273.91,0.0,2024-05-15,Cashfree
M001,PAY007376,ORD007867,2024-10-31,Wallet,paid,5496.78,0.0,2024-11-04,Razorpay
M001,PAY007377,ORD008730,2024-11-23,Debit Card,paid,7650.82,0.0,2024-11-27,PayU
M001,PAY007378,ORD009551,2024-12-17,UPI,paid,6333.62,0.0,2024-12-18,Stripe
M001,PAY007379,ORD006630,2024-09-24,NetBanking,paid,7438.0,0.0,2024-09-29,PayU
M001,PAY007380,ORD007040,2024-10-05,COD,paid,7312.7,0.0,2024-10-08,Juspay
M001,PAY007381,ORD008662,2024-11-22,Credit Card,refunded,7610.04,5810.81,2024-11-25,PhonePe
M001,PAY007382,ORD000689,2024-01-22,COD,pending,7474.14,0.0,2024-01-23,Stripe
M001,PAY007383,ORD001142,2024-02-06,COD,pending,4133.4,0.0,2024-02-08,Razorpay
M001,PAY007384,ORD005164,2024-07-24,NetBanking,paid,4013.53,0.0,2024-07-29,Cashfree
M001,PAY007385,ORD003103,2024-04-25,Debit Card,failed,0.0,0.0,2024-04-25,PayU
M001,PAY007386,ORD007620,2024-10-23,UPI,failed,0.0,0.0,2024-10-23,Stripe
M001,PAY007387,ORD008595,2024-11-20,Debit Card,paid,1580.43,0.0,2024-11-24,PayU
M001,PAY007388,ORD004147,2024-06-04,COD,paid,8901.73,0.0,2024-06-05,Juspay
M001,PAY007389,ORD004211,2024-06-06,COD,paid,5628.52,0.0,2024-06-09,PayU
M001,PAY007390,ORD000121,2024-01-05,COD,refunded,9979.75,8071.86,2024-01-08,Juspay
M001,PAY007391,ORD009095,2024-12-02,Debit Card,paid,1514.15,0.0,2024-12-03,PhonePe
M001,PAY007392,ORD003086,2024-04-25,Credit Card,failed,0.0,0.0,2024-04-25,PhonePe
M001,PAY007393,ORD001551,2024-02-26,UPI,paid,5219.51,0.0,2024-02-28,Cashfree
M001,PAY007394,ORD005489,2024-08-07,COD,paid,6951.33,0.0,2024-08-09,PayU
M001,PAY007395,ORD004814,2024-07-05,COD,paid,5863.85,0.0,2024-07-07,Stripe
M001,PAY007396,ORD002807,2024-04-15,Debit Card,paid,10266.22,0.0,2024-04-19,Juspay
M001,PAY007397,ORD002391,2024-04-01,Debit Card,paid,4257.44,0.0,2024-04-03,Razorpay
M001,PAY007398,ORD008866,2024-11-26,UPI,paid,7445.46,0.0,2024-11-29,Stripe
M001,PAY007399,ORD007993,2024-11-03,COD,paid,2483.38,0.0,2024-11-04,Cashfree
M001,PAY007400,ORD001850,2024-03-08,UPI,paid,1639.53,0.0,2024-03-13,PayU
M001,PAY007401,ORD003817,2024-05-22,UPI,paid,5375.71,0.0,2024-05-24,PayU
M001,PAY007402,ORD007692,2024-10-26,Credit Card,failed,0.0,0.0,2024-10-26,PayU
M001,PAY007403,ORD008402,2024-11-13,Credit Card,paid,7672.26,0.0,2024-11-16,Cashfree
M001,PAY007404,ORD005958,2024-08-25,COD,paid,6494.89,0.0,2024-08-30,Juspay
M001,PAY007405,ORD000164,2024-01-06,COD,paid,7195.12,0.0,2024-01-07,Juspay
M001,PAY007406,ORD001241,2024-02-11,Debit Card,paid,8067.65,0.0,2024-02-14,Cashfree
M001,PAY007407,ORD007042,2024-10-06,Credit Card,paid,6282.84,0.0,2024-10-10,PhonePe
M001,PAY007408,ORD002292,2024-03-26,COD,paid,4955.88,0.0,2024-03-28,Stripe
M001,PAY007409,ORD004271,2024-06-10,COD,failed,0.0,0.0,2024-06-10,Stripe
M001,PAY007410,ORD004429,2024-06-17,NetBanking,failed,0.0,0.0,2024-06-17,Stripe
M001,PAY007411,ORD006090,2024-09-01,Debit Card,paid,6156.89,0.0,2024-09-06,Cashfree
M001,PAY007412,ORD008810,2024-11-25,COD,paid,2305.69,0.0,2024-11-28,Razorpay
M001,PAY007413,ORD003585,2024-05-12,Wallet,paid,2676.42,0.0,2024-05-17,Cashfree
M001,PAY007414,ORD001284,2024-02-13,Wallet,paid,1887.59,0.0,2024-02-14,PhonePe
M001,PAY007415,ORD001138,2024-02-05,UPI,paid,9381.01,0.0,2024-02-10,Cashfree
M001,PAY007416,ORD004685,2024-06-29,COD,paid,8220.2,0.0,2024-07-01,Cashfree
M001,PAY007417,ORD002902,2024-04-19,COD,paid,8122.23,0.0,2024-04-22,Juspay
M001,PAY007418,ORD002275,2024-03-27,UPI,paid,8938.39,0.0,2024-03-28,PhonePe
M001,PAY007419,ORD005402,2024-08-02,UPI,paid,2753.55,0.0,2024-08-05,Stripe
M001,PAY007420,ORD007881,2024-10-31,COD,paid,5699.92,0.0,2024-11-03,PayU
M001,PAY007421,ORD009120,2024-12-03,COD,failed,0.0,0.0,2024-12-03,PhonePe
M001,PAY007422,ORD000558,2024-01-19,UPI,paid,6116.27,0.0,2024-01-21,Razorpay
M001,PAY007423,ORD006833,2024-09-30,COD,paid,7491.8,0.0,2024-10-01,Juspay
M001,PAY007424,ORD006436,2024-09-15,COD,failed,0.0,0.0,2024-09-15,Stripe
M001,PAY007425,ORD005758,2024-08-18,Debit Card,paid,6506.86,0.0,2024-08-20,Cashfree
M001,PAY007426,ORD007956,2024-11-02,UPI,paid,10637.76,0.0,2024-11-04,Juspay
M001,PAY007427,ORD007018,2024-10-05,Wallet,paid,768.62,0.0,2024-10-07,PhonePe
M001,PAY007428,ORD000675,2024-01-22,UPI,paid,8063.95,0.0,2024-01-26,Razorpay
M001,PAY007429,ORD006633,2024-09-23,COD,paid,1581.61,0.0,2024-09-26,Juspay
M001,PAY007430,ORD006227,2024-09-05,Credit Card,paid,8345.68,0.0,2024-09-07,Cashfree
M001,PAY007431,ORD008737,2024-11-24,Debit Card,paid,7941.77,0.0,2024-11-29,Cashfree
M001,PAY007432,ORD007241,2024-10-11,COD,paid,6304.85,0.0,2024-10-14,Cashfree
M001,PAY007433,ORD000632,2024-01-20,COD,pending,5202.23,0.0,2024-01-21,Juspay
M001,PAY007434,ORD000591,2024-01-20,COD,paid,2917.36,0.0,2024-01-25,PhonePe
M001,PAY007435,ORD002774,2024-04-13,COD,paid,671.99,0.0,2024-04-17,PhonePe
M001,PAY007436,ORD001362,2024-02-15,UPI,paid,5522.14,0.0,2024-02-16,PhonePe
M001,PAY007437,ORD007355,2024-10-14,Debit Card,paid,5950.94,0.0,2024-10-16,Juspay
M001,PAY007438,ORD002930,2024-04-20,Debit Card,paid,640.45,0.0,2024-04-24,PhonePe
M001,PAY007439,ORD005193,2024-07-25,UPI,paid,3057.36,0.0,2024-07-29,Stripe
M001,PAY007440,ORD004641,2024-06-26,Debit Card,paid,2912.5,0.0,2024-06-28,PhonePe
M001,PAY007441,ORD007484,2024-10-18,Debit Card,paid,7869.12,0.0,2024-10-22,Juspay
M001,PAY007442,ORD002729,2024-04-13,Wallet,paid,8264.07,0.0,2024-04-17,Razorpay
M001,PAY007443,ORD009841,2024-12-27,COD,refunded,2237.19,981.94,2024-12-31,Razorpay
M001,PAY007444,ORD009675,2024-12-21,COD,paid,1199.25,0.0,2024-12-25,Cashfree
M001,PAY007445,ORD000023,2024-01-01,COD,refunded,2583.44,1349.41,2024-01-05,PayU
M001,PAY007446,ORD000174,2024-01-06,COD,refunded,7357.96,1793.07,2024-01-07,Juspay
M001,PAY007447,ORD004678,2024-06-29,COD,paid,1895.69,0.0,2024-06-30,PhonePe
M001,PAY007448,ORD002300,2024-03-28,COD,paid,9624.03,0.0,2024-03-31,Razorpay
M001,PAY007449,ORD007579,2024-10-22,COD,failed,0.0,0.0,2024-10-22,Cashfree
M001,PAY007450,ORD001703,2024-03-03,Debit Card,paid,4957.23,0.0,2024-03-04,Razorpay
M001,PAY007451,ORD008459,2024-11-16,Credit Card,paid,7307.07,0.0,2024-11-20,PhonePe
M001,PAY007452,ORD004337,2024-06-14,COD,paid,1940.7,0.0,2024-06-19,PhonePe
M001,PAY007453,ORD000157,2024-01-05,COD,failed,0.0,0.0,2024-01-05,Razorpay
M001,PAY007454,ORD003132,2024-04-27,COD,paid,7824.35,0.0,2024-05-01,PayU
M001,PAY007455,ORD008373,2024-11-14,COD,paid,1305.5,0.0,2024-11-15,Cashfree
M001,PAY007456,ORD006867,2024-10-02,COD,paid,2464.62,0.0,2024-10-07,PayU
M001,PAY007457,ORD001828,2024-03-07,Credit Card,paid,3457.82,0.0,2024-03-08,PayU
M001,PAY007458,ORD009281,2024-12-08,COD,failed,0.0,0.0,2024-12-08,Juspay
M001,PAY007459,ORD004704,2024-06-30,COD,paid,2133.25,0.0,2024-07-05,Juspay
M001,PAY007460,ORD000283,2024-01-09,Debit Card,refunded,7680.32,6988.74,2024-01-11,PayU
M001,PAY007461,ORD000418,2024-01-14,UPI,paid,5335.4,0.0,2024-01-16,Juspay
M001,PAY007462,ORD007389,2024-10-15,Wallet,paid,8923.18,0.0,2024-10-18,Razorpay
M001,PAY007463,ORD000472,2024-01-15,UPI,paid,2057.17,0.0,2024-01-18,PayU
M001,PAY007464,ORD005151,2024-07-24,COD,paid,4833.0,0.0,2024-07-26,Juspay
M001,PAY007465,ORD008328,2024-11-12,COD,paid,1173.7,0.0,2024-11-17,Cashfree
M001,PAY007466,ORD007938,2024-11-02,COD,paid,1942.29,0.0,2024-11-03,Stripe
M001,PAY007467,ORD000768,2024-01-25,Wallet,paid,7194.08,0.0,2024-01-28,Razorpay
M001,PAY007468,ORD003092,2024-04-26,Debit Card,paid,6432.88,0.0,2024-04-28,Razorpay
M001,PAY007469,ORD006882,2024-10-02,COD,paid,4391.84,0.0,2024-10-04,Juspay
M001,PAY007470,ORD004120,2024-06-01,Credit Card,pending,8742.55,0.0,2024-06-02,Razorpay
M001,PAY007471,ORD001549,2024-02-25,Debit Card,paid,5851.37,0.0,2024-02-26,Cashfree
M001,PAY007472,ORD004094,2024-06-01,COD,paid,9593.01,0.0,2024-06-05,Razorpay
M001,PAY007473,ORD002713,2024-04-11,Credit Card,paid,6352.93,0.0,2024-04-15,PayU
M001,PAY007474,ORD001625,2024-02-29,COD,refunded,4747.29,2909.4,2024-03-03,PayU
M001,PAY007475,ORD005903,2024-08-24,NetBanking,paid,7546.47,0.0,2024-08-25,PhonePe
M001,PAY007476,ORD008178,2024-11-09,UPI,paid,9903.08,0.0,2024-11-13,PhonePe
M001,PAY007477,ORD003690,2024-05-18,COD,paid,3836.64,0.0,2024-05-20,Stripe
M001,PAY007478,ORD007140,2024-10-09,Debit Card,paid,4514.97,0.0,2024-10-13,Cashfree
M001,PAY007479,ORD007019,2024-10-06,UPI,paid,7911.11,0.0,2024-10-07,Juspay
M001,PAY007480,ORD009175,2024-12-06,NetBanking,paid,8318.65,0.0,2024-12-09,PhonePe
M001,PAY007481,ORD003826,2024-05-22,Debit Card,pending,6769.44,0.0,2024-05-23,PhonePe
M001,PAY007482,ORD008325,2024-11-13,COD,paid,4339.1,0.0,2024-11-16,PhonePe
M001,PAY007483,ORD008463,2024-11-16,UPI,paid,3331.21,0.0,2024-11-20,Cashfree
M001,PAY007484,ORD006811,2024-09-30,Debit Card,paid,2073.25,0.0,2024-10-04,PhonePe
M001,PAY007485,ORD006532,2024-09-19,UPI,pending,2831.59,0.0,2024-09-20,PayU
M001,PAY007486,ORD005355,2024-08-01,UPI,refunded,8990.83,4873.08,2024-08-03,Juspay
M001,PAY007487,ORD004732,2024-07-02,Credit Card,paid,5160.75,0.0,2024-07-06,PhonePe
M001,PAY007488,ORD008639,2024-11-20,Debit Card,paid,636.63,0.0,2024-11-21,PhonePe
M001,PAY007489,ORD008434,2024-11-15,UPI,paid,6140.51,0.0,2024-11-18,Razorpay
M001,PAY007490,ORD000575,2024-01-18,Credit Card,paid,8771.33,0.0,2024-01-22,PhonePe
M001,PAY007491,ORD009328,2024-12-10,COD,paid,831.44,0.0,2024-12-14,Cashfree
M001,PAY007492,ORD002412,2024-03-31,COD,paid,1321.54,0.0,2024-04-04,Juspay
M001,PAY007493,ORD006148,2024-09-03,COD,paid,3838.54,0.0,2024-09-04,Razorpay
M001,PAY007494,ORD001243,2024-02-10,COD,refunded,1605.73,332.85,2024-02-13,PayU
M001,PAY007495,ORD007143,2024-10-09,Wallet,paid,9421.73,0.0,2024-10-13,PayU
M001,PAY007496,ORD005163,2024-07-23,COD,paid,6739.29,0.0,2024-07-27,Razorpay
M001,PAY007497,ORD004662,2024-06-28,Credit Card,paid,6049.86,0.0,2024-07-01,Juspay
M001,PAY007498,ORD007192,2024-10-11,Credit Card,paid,4210.77,0.0,2024-10-14,Juspay
M001,PAY007499,ORD008862,2024-11-27,Debit Card,paid,3501.63,0.0,2024-12-01,Juspay
M001,PAY007500,ORD004221,2024-06-07,NetBanking,paid,7996.86,0.0,2024-06-10,PhonePe
M001,PAY007501,ORD006465,2024-09-17,COD,paid,9046.48,0.0,2024-09-19,Razorpay
M001,PAY007502,ORD001014,2024-01-31,Credit Card,paid,5612.26,0.0,2024-02-02,Juspay
M001,PAY007503,ORD000212,2024-01-08,UPI,pending,2912.7,0.0,2024-01-10,Juspay
M001,PAY007504,ORD004817,2024-07-05,UPI,pending,3728.25,0.0,2024-07-07,Cashfree
M001,PAY007505,ORD000934,2024-01-30,Credit Card,refunded,1139.86,488.34,2024-02-01,Stripe
M001,PAY007506,ORD000996,2024-01-31,Debit Card,paid,1219.6,0.0,2024-02-05,Juspay
M001,PAY007507,ORD008898,2024-11-28,Credit Card,paid,6248.51,0.0,2024-12-01,Juspay
M001,PAY007508,ORD007751,2024-10-26,COD,paid,3687.08,0.0,2024-10-29,PhonePe
M001,PAY007509,ORD001491,2024-02-22,COD,paid,657.14,0.0,2024-02-27,PayU
M001,PAY007510,ORD004119,2024-06-01,COD,paid,2456.96,0.0,2024-06-05,PayU
M001,PAY007511,ORD007313,2024-10-13,UPI,paid,1052.74,0.0,2024-10-14,Cashfree
M001,PAY007512,ORD000949,2024-01-30,UPI,paid,5072.71,0.0,2024-02-02,Cashfree
M001,PAY007513,ORD004235,2024-06-07,COD,paid,8173.46,0.0,2024-06-10,PayU
M001,PAY007514,ORD007585,2024-10-22,COD,paid,7451.33,0.0,2024-10-26,Razorpay
M001,PAY007515,ORD005448,2024-08-04,Debit Card,paid,1307.19,0.0,2024-08-07,Cashfree
M001,PAY007516,ORD002429,2024-04-01,UPI,paid,8331.86,0.0,2024-04-06,Stripe
M001,PAY007517,ORD006468,2024-09-17,COD,paid,1992.07,0.0,2024-09-18,PhonePe
M001,PAY007518,ORD006820,2024-09-29,COD,paid,1308.45,0.0,2024-10-04,Razorpay
M001,PAY007519,ORD001212,2024-02-09,NetBanking,paid,3559.8,0.0,2024-02-14,Razorpay
M001,PAY007520,ORD003048,2024-04-24,COD,paid,5534.5,0.0,2024-04-27,Stripe
M001,PAY007521,ORD001652,2024-03-01,Debit Card,failed,0.0,0.0,2024-03-01,Juspay
M001,PAY007522,ORD003431,2024-05-07,UPI,paid,5391.73,0.0,2024-05-09,Razorpay
M001,PAY007523,ORD002239,2024-03-25,Credit Card,paid,6487.92,0.0,2024-03-27,PayU
M001,PAY007524,ORD007088,2024-10-07,Credit Card,failed,0.0,0.0,2024-10-07,Cashfree
M001,PAY007525,ORD005665,2024-08-13,COD,paid,9829.06,0.0,2024-08-18,PayU
M001,PAY007526,ORD001909,2024-03-10,COD,paid,5673.64,0.0,2024-03-13,Cashfree
M001,PAY007527,ORD002522,2024-04-05,COD,pending,3030.68,0.0,2024-04-07,PayU
M001,PAY007528,ORD003774,2024-05-20,UPI,paid,3559.8,0.0,2024-05-21,PayU
M001,PAY007529,ORD007505,2024-10-19,UPI,paid,6971.52,0.0,2024-10-23,Razorpay
M001,PAY007530,ORD003170,2024-04-29,UPI,paid,3014.75,0.0,2024-04-30,Razorpay
M001,PAY007531,ORD005781,2024-08-19,COD,paid,8669.59,0.0,2024-08-21,PayU
M001,PAY007532,ORD003183,2024-04-28,COD,paid,6671.37,0.0,2024-04-29,Juspay
M001,PAY007533,ORD000784,2024-01-25,COD,paid,5023.0,0.0,2024-01-30,Juspay
M001,PAY007534,ORD001856,2024-03-09,COD,paid,6299.56,0.0,2024-03-13,Cashfree
M001,PAY007535,ORD000440,2024-01-14,COD,paid,10609.47,0.0,2024-01-19,Juspay
M001,PAY007536,ORD008568,2024-11-18,COD,paid,6384.17,0.0,2024-11-22,Cashfree
M001,PAY007537,ORD004512,2024-06-21,Wallet,paid,4403.51,0.0,2024-06-25,PhonePe
M001,PAY007538,ORD008522,2024-11-18,Credit Card,paid,1615.47,0.0,2024-11-19,Stripe
M001,PAY007539,ORD001434,2024-02-20,UPI,pending,10318.86,0.0,2024-02-21,Razorpay
M001,PAY007540,ORD003946,2024-05-26,COD,paid,3616.96,0.0,2024-05-31,PhonePe
M001,PAY007541,ORD005079,2024-07-19,Debit Card,paid,8848.83,0.0,2024-07-20,Stripe
M001,PAY007542,ORD006160,2024-09-02,NetBanking,paid,1067.54,0.0,2024-09-03,Razorpay
M001,PAY007543,ORD006864,2024-10-01,COD,pending,1352.39,0.0,2024-10-02,PayU
M001,PAY007544,ORD009573,2024-12-18,Wallet,paid,6713.98,0.0,2024-12-20,PhonePe
M001,PAY007545,ORD007400,2024-10-16,UPI,pending,1071.33,0.0,2024-10-18,PhonePe
M001,PAY007546,ORD001719,2024-03-03,UPI,paid,9607.89,0.0,2024-03-04,Razorpay
M001,PAY007547,ORD009900,2024-12-27,COD,paid,3806.17,0.0,2024-12-29,PhonePe
M001,PAY007548,ORD008080,2024-11-06,UPI,paid,7837.01,0.0,2024-11-11,Stripe
M001,PAY007549,ORD001901,2024-03-10,UPI,paid,5259.7,0.0,2024-03-13,Stripe
M001,PAY007550,ORD009935,2024-12-29,NetBanking,paid,8822.96,0.0,2024-12-30,Stripe
M001,PAY007551,ORD007161,2024-10-10,Debit Card,paid,3460.52,0.0,2024-10-12,PayU
M001,PAY007552,ORD007652,2024-10-23,UPI,paid,1099.65,0.0,2024-10-25,Stripe
M001,PAY007553,ORD005539,2024-08-08,Debit Card,pending,1481.09,0.0,2024-08-10,Razorpay
M001,PAY007554,ORD003278,2024-05-01,UPI,paid,1788.94,0.0,2024-05-02,PayU
M001,PAY007555,ORD006965,2024-10-04,Debit Card,paid,2228.05,0.0,2024-10-07,PhonePe
M001,PAY007556,ORD009696,2024-12-21,COD,paid,8016.32,0.0,2024-12-22,PhonePe
M001,PAY007557,ORD000603,2024-01-20,COD,paid,7194.27,0.0,2024-01-22,Cashfree
M001,PAY007558,ORD006540,2024-09-19,Credit Card,paid,3896.72,0.0,2024-09-24,PhonePe
M001,PAY007559,ORD007756,2024-10-28,Debit Card,paid,2185.6,0.0,2024-10-31,PayU
M001,PAY007560,ORD002208,2024-03-23,Credit Card,paid,6038.71,0.0,2024-03-27,Cashfree
M001,PAY007561,ORD006783,2024-09-28,COD,paid,1890.05,0.0,2024-10-02,Cashfree
M001,PAY007562,ORD009369,2024-12-11,Wallet,paid,5677.91,0.0,2024-12-15,PayU
M001,PAY007563,ORD001745,2024-03-05,Credit Card,paid,1653.62,0.0,2024-03-08,Juspay
M001,PAY007564,ORD003165,2024-04-29,UPI,paid,2517.88,0.0,2024-05-04,Cashfree
M001,PAY007565,ORD004649,2024-06-26,COD,refunded,1878.27,1748.91,2024-06-27,Cashfree
M001,PAY007566,ORD001462,2024-02-20,Debit Card,paid,6720.18,0.0,2024-02-23,Razorpay
M001,PAY007567,ORD006454,2024-09-15,Credit Card,paid,9923.72,0.0,2024-09-19,PayU
M001,PAY007568,ORD002691,2024-04-11,COD,paid,4215.72,0.0,2024-04-12,Cashfree
M001,PAY007569,ORD000523,2024-01-16,UPI,pending,1951.3,0.0,2024-01-18,Razorpay
M001,PAY007570,ORD005486,2024-08-06,Credit Card,refunded,8301.05,3230.45,2024-08-11,Cashfree
M001,PAY007571,ORD009660,2024-12-19,Debit Card,paid,4875.3,0.0,2024-12-24,PhonePe
M001,PAY007572,ORD004871,2024-07-09,Wallet,paid,6977.54,0.0,2024-07-12,PayU
M001,PAY007573,ORD007219,2024-10-11,Debit Card,paid,3899.83,0.0,2024-10-12,Juspay
M001,PAY007574,ORD005435,2024-08-05,UPI,paid,5434.6,0.0,2024-08-09,Juspay
M001,PAY007575,ORD009570,2024-12-17,COD,refunded,8508.47,1182.96,2024-12-20,Cashfree
M001,PAY007576,ORD007027,2024-10-05,COD,paid,4325.07,0.0,2024-10-09,Juspay
M001,PAY007577,ORD007432,2024-10-17,COD,paid,8871.42,0.0,2024-10-20,PhonePe
M001,PAY007578,ORD004675,2024-06-28,COD,refunded,6702.68,5400.71,2024-06-30,Juspay
M001,PAY007579,ORD005509,2024-08-07,Debit Card,paid,4301.55,0.0,2024-08-12,Cashfree
M001,PAY007580,ORD000891,2024-01-29,Credit Card,paid,1559.54,0.0,2024-02-01,PayU
M001,PAY007581,ORD004277,2024-06-10,UPI,paid,9576.63,0.0,2024-06-12,Razorpay
M001,PAY007582,ORD004578,2024-06-23,COD,paid,5498.1,0.0,2024-06-24,Stripe
M001,PAY007583,ORD008961,2024-11-29,COD,paid,3692.66,0.0,2024-12-02,Cashfree
M001,PAY007584,ORD009413,2024-12-12,UPI,paid,4151.28,0.0,2024-12-17,PhonePe
M001,PAY007585,ORD005210,2024-07-26,COD,paid,8315.11,0.0,2024-07-27,PhonePe
M001,PAY007586,ORD007859,2024-10-31,COD,paid,1277.76,0.0,2024-11-01,Razorpay
M001,PAY007587,ORD000730,2024-01-23,Credit Card,paid,3459.35,0.0,2024-01-24,Razorpay
M001,PAY007588,ORD001103,2024-02-05,Wallet,paid,1129.18,0.0,2024-02-07,Stripe
M001,PAY007589,ORD001548,2024-02-25,COD,paid,2379.29,0.0,2024-02-29,PayU
M001,PAY007590,ORD006851,2024-10-02,Credit Card,paid,6730.74,0.0,2024-10-04,PayU
M001,PAY007591,ORD008468,2024-11-16,COD,paid,5157.21,0.0,2024-11-18,Cashfree
M001,PAY007592,ORD001525,2024-02-24,Debit Card,failed,0.0,0.0,2024-02-24,Juspay
M001,PAY007593,ORD005295,2024-07-29,UPI,paid,9204.57,0.0,2024-08-03,PhonePe
M001,PAY007594,ORD003687,2024-05-17,COD,paid,8726.03,0.0,2024-05-21,Juspay
M001,PAY007595,ORD000681,2024-01-22,Debit Card,paid,3049.84,0.0,2024-01-26,Juspay
M001,PAY007596,ORD000356,2024-01-11,UPI,paid,5704.67,0.0,2024-01-13,PhonePe
M001,PAY007597,ORD003752,2024-05-19,Debit Card,paid,3963.77,0.0,2024-05-24,Juspay
M001,PAY007598,ORD002219,2024-03-24,UPI,paid,1411.46,0.0,2024-03-27,Razorpay
M001,PAY007599,ORD006103,2024-08-31,Wallet,paid,3395.57,0.0,2024-09-02,Cashfree
M001,PAY007600,ORD009586,2024-12-18,COD,paid,9589.43,0.0,2024-12-23,Razorpay
M001,PAY007601,ORD005913,2024-08-24,Credit Card,refunded,6586.46,4972.12,2024-08-28,PayU
M001,PAY007602,ORD006528,2024-09-19,Credit Card,paid,2866.96,0.0,2024-09-23,Juspay
M001,PAY007603,ORD002175,2024-03-21,Debit Card,paid,10425.72,0.0,2024-03-22,Cashfree
M001,PAY007604,ORD008833,2024-11-25,UPI,paid,789.7,0.0,2024-11-29,PhonePe
M001,PAY007605,ORD007002,2024-10-04,COD,paid,2840.36,0.0,2024-10-07,PhonePe
M001,PAY007606,ORD000203,2024-01-08,Credit Card,paid,8098.03,0.0,2024-01-10,Stripe
M001,PAY007607,ORD005493,2024-08-07,COD,paid,5087.51,0.0,2024-08-08,Stripe
M001,PAY007608,ORD004256,2024-06-09,COD,paid,8106.23,0.0,2024-06-12,Stripe
M001,PAY007609,ORD002232,2024-03-24,COD,paid,5092.21,0.0,2024-03-29,PayU
M001,PAY007610,ORD008896,2024-11-26,Credit Card,paid,5153.95,0.0,2024-12-01,Cashfree
M001,PAY007611,ORD008231,2024-11-10,UPI,paid,1405.61,0.0,2024-11-15,PayU
M001,PAY007612,ORD001140,2024-02-05,UPI,paid,1684.25,0.0,2024-02-07,PayU
M001,PAY007613,ORD003791,2024-05-20,COD,paid,7344.21,0.0,2024-05-22,Razorpay
M001,PAY007614,ORD006223,2024-09-05,COD,paid,6827.52,0.0,2024-09-09,Cashfree
M001,PAY007615,ORD008716,2024-11-23,Credit Card,paid,4177.19,0.0,2024-11-24,PhonePe
M001,PAY007616,ORD009113,2024-12-04,COD,paid,5935.53,0.0,2024-12-06,Stripe
M001,PAY007617,ORD007899,2024-11-01,Wallet,paid,5706.13,0.0,2024-11-06,PhonePe
M001,PAY007618,ORD006070,2024-08-30,Debit Card,paid,1762.68,0.0,2024-09-04,PayU
M001,PAY007619,ORD008701,2024-11-22,COD,paid,6123.18,0.0,2024-11-25,PayU
M001,PAY007620,ORD009994,2024-12-31,UPI,paid,6325.03,0.0,2025-01-04,PayU
M001,PAY007621,ORD003339,2024-05-03,Debit Card,paid,9809.24,0.0,2024-05-07,PhonePe
M001,PAY007622,ORD005833,2024-08-21,COD,paid,1391.75,0.0,2024-08-22,Razorpay
M001,PAY007623,ORD002269,2024-03-26,NetBanking,paid,615.55,0.0,2024-03-27,Juspay
M001,PAY007624,ORD003650,2024-05-16,UPI,paid,2440.5,0.0,2024-05-20,Juspay
M001,PAY007625,ORD004310,2024-06-12,Credit Card,paid,2859.61,0.0,2024-06-15,Cashfree
M001,PAY007626,ORD007100,2024-10-07,COD,paid,7896.63,0.0,2024-10-10,Juspay
M001,PAY007627,ORD007275,2024-10-13,UPI,paid,2871.45,0.0,2024-10-16,Juspay
M001,PAY007628,ORD001805,2024-03-08,UPI,refunded,2266.92,694.46,2024-03-10,Stripe
M001,PAY007629,ORD002732,2024-04-12,UPI,paid,2018.91,0.0,2024-04-17,PayU
M001,PAY007630,ORD003589,2024-05-13,Debit Card,paid,1271.97,0.0,2024-05-14,Stripe
M001,PAY007631,ORD009463,2024-12-13,Wallet,paid,5179.54,0.0,2024-12-16,PayU
M001,PAY007632,ORD000552,2024-01-18,UPI,paid,1124.99,0.0,2024-01-22,PayU
M001,PAY007633,ORD005565,2024-08-09,UPI,paid,1063.43,0.0,2024-08-10,PayU
M001,PAY007634,ORD009492,2024-12-14,COD,paid,8073.97,0.0,2024-12-19,PhonePe
M001,PAY007635,ORD007642,2024-10-23,UPI,paid,9827.52,0.0,2024-10-27,PayU
M001,PAY007636,ORD008185,2024-11-09,COD,paid,3101.05,0.0,2024-11-11,Juspay
M001,PAY007637,ORD009301,2024-12-08,Wallet,paid,7647.18,0.0,2024-12-13,Cashfree
M001,PAY007638,ORD007297,2024-10-13,NetBanking,refunded,5051.75,3283.33,2024-10-17,Cashfree
M001,PAY007639,ORD007320,2024-10-13,COD,paid,7204.5,0.0,2024-10-14,PhonePe
M001,PAY007640,ORD003315,2024-05-03,Wallet,paid,6145.61,0.0,2024-05-06,PhonePe
M001,PAY007641,ORD003050,2024-04-23,UPI,paid,4129.91,0.0,2024-04-25,Cashfree
M001,PAY007642,ORD002506,2024-04-04,Debit Card,paid,4195.2,0.0,2024-04-05,PhonePe
M001,PAY007643,ORD006919,2024-10-02,COD,paid,2753.08,0.0,2024-10-05,PhonePe
M001,PAY007644,ORD007563,2024-10-20,UPI,paid,8282.84,0.0,2024-10-25,PayU
M001,PAY007645,ORD000961,2024-01-30,COD,paid,5226.33,0.0,2024-02-01,PayU
M001,PAY007646,ORD002046,2024-03-17,Credit Card,paid,4772.09,0.0,2024-03-21,PayU
M001,PAY007647,ORD004586,2024-06-24,COD,paid,636.15,0.0,2024-06-29,PhonePe
M001,PAY007648,ORD000270,2024-01-09,UPI,pending,4228.76,0.0,2024-01-11,Cashfree
M001,PAY007649,ORD000633,2024-01-21,UPI,paid,799.41,0.0,2024-01-22,Cashfree
M001,PAY007650,ORD007034,2024-10-05,UPI,paid,1652.76,0.0,2024-10-10,Razorpay
M001,PAY007651,ORD007126,2024-10-08,COD,paid,1450.76,0.0,2024-10-09,PhonePe
M001,PAY007652,ORD002476,2024-04-04,UPI,paid,8875.72,0.0,2024-04-09,PhonePe
M001,PAY007653,ORD007870,2024-10-31,UPI,paid,1644.73,0.0,2024-11-03,PayU
M001,PAY007654,ORD003935,2024-05-26,Debit Card,refunded,7805.19,4467.81,2024-05-30,Stripe
M001,PAY007655,ORD001365,2024-02-16,UPI,refunded,4138.04,2617.61,2024-02-20,PhonePe
M001,PAY007656,ORD009474,2024-12-14,UPI,paid,4838.46,0.0,2024-12-19,PhonePe
M001,PAY007657,ORD006067,2024-08-30,UPI,paid,7332.08,0.0,2024-08-31,Stripe
M001,PAY007658,ORD004864,2024-07-08,UPI,refunded,7935.88,6357.44,2024-07-11,Juspay
M001,PAY007659,ORD005938,2024-08-24,COD,paid,6896.56,0.0,2024-08-27,PhonePe
M001,PAY007660,ORD009599,2024-12-19,UPI,paid,5389.45,0.0,2024-12-22,Razorpay
M001,PAY007661,ORD000770,2024-01-25,UPI,paid,3802.6,0.0,2024-01-29,Stripe
M001,PAY007662,ORD003680,2024-05-16,Wallet,paid,4677.26,0.0,2024-05-19,Cashfree
M001,PAY007663,ORD004680,2024-06-29,COD,paid,9741.3,0.0,2024-07-02,PhonePe
M001,PAY007664,ORD001351,2024-02-15,COD,paid,2652.48,0.0,2024-02-16,PhonePe
M001,PAY007665,ORD006273,2024-09-07,COD,paid,2614.06,0.0,2024-09-10,PayU
M001,PAY007666,ORD008268,2024-11-11,Credit Card,paid,3182.34,0.0,2024-11-13,Stripe
M001,PAY007667,ORD004945,2024-07-12,COD,paid,5125.14,0.0,2024-07-14,Stripe
M001,PAY007668,ORD000090,2024-01-04,Credit Card,paid,3215.77,0.0,2024-01-07,Stripe
M001,PAY007669,ORD006357,2024-09-11,COD,paid,2900.73,0.0,2024-09-13,Juspay
M001,PAY007670,ORD008733,2024-11-24,COD,paid,9299.92,0.0,2024-11-27,Juspay
M001,PAY007671,ORD009199,2024-12-05,UPI,paid,2833.64,0.0,2024-12-08,PhonePe
M001,PAY007672,ORD006028,2024-08-28,UPI,paid,8939.46,0.0,2024-08-29,Stripe
M001,PAY007673,ORD005519,2024-08-07,NetBanking,paid,10498.53,0.0,2024-08-09,PayU
M001,PAY007674,ORD009969,2024-12-30,UPI,paid,7408.95,0.0,2024-12-31,PhonePe
M001,PAY007675,ORD006861,2024-10-01,UPI,paid,8786.9,0.0,2024-10-02,PayU
M001,PAY007676,ORD001259,2024-02-12,COD,paid,4887.19,0.0,2024-02-16,Razorpay
M001,PAY007677,ORD006761,2024-09-27,Credit Card,paid,4353.1,0.0,2024-09-30,Razorpay
M001,PAY007678,ORD002615,2024-04-07,Debit Card,paid,6472.37,0.0,2024-04-11,Cashfree
M001,PAY007679,ORD002736,2024-04-12,COD,refunded,8642.6,7960.89,2024-04-17,Razorpay
M001,PAY007680,ORD004506,2024-06-21,UPI,paid,6972.14,0.0,2024-06-26,Cashfree
M001,PAY007681,ORD008109,2024-11-06,Wallet,pending,2741.88,0.0,2024-11-08,Razorpay
M001,PAY007682,ORD001708,2024-03-03,Debit Card,paid,1722.78,0.0,2024-03-07,Razorpay
M001,PAY007683,ORD006530,2024-09-19,COD,paid,6618.47,0.0,2024-09-21,PayU
M001,PAY007684,ORD000511,2024-01-16,Credit Card,paid,6731.32,0.0,2024-01-20,Cashfree
M001,PAY007685,ORD000814,2024-01-26,COD,paid,1981.08,0.0,2024-01-27,PhonePe
M001,PAY007686,ORD007788,2024-10-27,COD,paid,7825.72,0.0,2024-10-30,Stripe
M001,PAY007687,ORD003795,2024-05-20,COD,paid,6846.95,0.0,2024-05-24,Cashfree
M001,PAY007688,ORD006154,2024-09-03,Wallet,paid,3160.94,0.0,2024-09-05,Cashfree
M001,PAY007689,ORD003497,2024-05-10,NetBanking,refunded,6050.9,1507.15,2024-05-11,Stripe
M001,PAY007690,ORD009073,2024-12-01,Wallet,paid,10055.28,0.0,2024-12-04,Juspay
M001,PAY007691,ORD001454,2024-02-19,UPI,paid,2283.1,0.0,2024-02-23,PayU
M001,PAY007692,ORD001424,2024-02-19,UPI,paid,7225.23,0.0,2024-02-24,Stripe
M001,PAY007693,ORD004799,2024-07-05,COD,paid,4453.08,0.0,2024-07-08,PayU
M001,PAY007694,ORD006677,2024-09-24,Debit Card,paid,8019.04,0.0,2024-09-25,Stripe
M001,PAY007695,ORD001974,2024-03-14,COD,paid,6025.38,0.0,2024-03-18,Juspay
M001,PAY007696,ORD005220,2024-07-27,UPI,paid,2742.53,0.0,2024-07-29,PhonePe
M001,PAY007697,ORD009309,2024-12-08,Debit Card,paid,2895.41,0.0,2024-12-13,PayU
M001,PAY007698,ORD001062,2024-02-03,UPI,paid,1565.63,0.0,2024-02-05,PhonePe
M001,PAY007699,ORD001450,2024-02-19,UPI,paid,1149.79,0.0,2024-02-23,Juspay
M001,PAY007700,ORD004421,2024-06-17,COD,paid,2330.55,0.0,2024-06-18,PayU
M001,PAY007701,ORD006831,2024-09-30,Debit Card,paid,7047.9,0.0,2024-10-04,Stripe
M001,PAY007702,ORD006016,2024-08-28,NetBanking,paid,1673.6,0.0,2024-08-29,Juspay
M001,PAY007703,ORD004651,2024-06-27,COD,paid,7716.41,0.0,2024-06-30,Stripe
M001,PAY007704,ORD005057,2024-07-19,Credit Card,paid,8262.25,0.0,2024-07-24,Razorpay
M001,PAY007705,ORD006682,2024-09-25,COD,paid,6026.87,0.0,2024-09-27,Cashfree
M001,PAY007706,ORD009458,2024-12-13,Debit Card,paid,8172.24,0.0,2024-12-17,Cashfree
M001,PAY007707,ORD004879,2024-07-09,Debit Card,pending,9637.28,0.0,2024-07-11,Stripe
M001,PAY007708,ORD001245,2024-02-10,COD,paid,6109.29,0.0,2024-02-13,PayU
M001,PAY007709,ORD009266,2024-12-07,UPI,paid,5322.91,0.0,2024-12-11,Stripe
M001,PAY007710,ORD004037,2024-05-30,UPI,paid,6664.53,0.0,2024-05-31,Cashfree
M001,PAY007711,ORD004330,2024-06-14,UPI,paid,3878.52,0.0,2024-06-19,PayU
M001,PAY007712,ORD005081,2024-07-18,COD,paid,7204.86,0.0,2024-07-21,Juspay
M001,PAY007713,ORD000634,2024-01-20,Credit Card,paid,4586.38,0.0,2024-01-21,Stripe
M001,PAY007714,ORD005464,2024-08-06,COD,paid,9798.59,0.0,2024-08-09,PhonePe
M001,PAY007715,ORD007237,2024-10-12,COD,paid,5739.4,0.0,2024-10-14,Juspay
M001,PAY007716,ORD007189,2024-10-11,COD,paid,7282.16,0.0,2024-10-16,Razorpay
M001,PAY007717,ORD003110,2024-04-26,Wallet,paid,5134.21,0.0,2024-04-30,Juspay
M001,PAY007718,ORD004215,2024-06-07,COD,paid,3857.76,0.0,2024-06-08,PhonePe
M001,PAY007719,ORD006523,2024-09-18,NetBanking,paid,2717.83,0.0,2024-09-21,PhonePe
M001,PAY007720,ORD003730,2024-05-18,COD,pending,836.35,0.0,2024-05-19,PayU
M001,PAY007721,ORD002514,2024-04-05,COD,paid,5676.08,0.0,2024-04-07,Juspay
M001,PAY007722,ORD007687,2024-10-24,Credit Card,paid,6762.34,0.0,2024-10-25,Cashfree
M001,PAY007723,ORD008212,2024-11-09,COD,paid,4074.21,0.0,2024-11-10,PayU
M001,PAY007724,ORD005955,2024-08-25,COD,pending,4876.13,0.0,2024-08-27,PayU
M001,PAY007725,ORD005644,2024-08-13,Wallet,paid,8401.74,0.0,2024-08-14,Stripe
M001,PAY007726,ORD001379,2024-02-16,COD,paid,7559.97,0.0,2024-02-19,PayU
M001,PAY007727,ORD004849,2024-07-08,Wallet,paid,790.06,0.0,2024-07-13,PhonePe
M001,PAY007728,ORD000514,2024-01-17,Wallet,paid,2167.53,0.0,2024-01-20,Razorpay
M001,PAY007729,ORD003333,2024-05-03,Debit Card,refunded,861.71,344.03,2024-05-08,PhonePe
M001,PAY007730,ORD001141,2024-02-06,COD,paid,1826.59,0.0,2024-02-10,Juspay
M001,PAY007731,ORD005669,2024-08-13,COD,paid,4496.39,0.0,2024-08-18,Juspay
M001,PAY007732,ORD008616,2024-11-20,Debit Card,paid,1619.05,0.0,2024-11-21,Razorpay
M001,PAY007733,ORD009611,2024-12-18,COD,paid,5604.92,0.0,2024-12-19,Razorpay
M001,PAY007734,ORD007995,2024-11-04,COD,paid,5890.51,0.0,2024-11-08,Juspay
M001,PAY007735,ORD008266,2024-11-11,Debit Card,paid,823.61,0.0,2024-11-16,PayU
M001,PAY007736,ORD000696,2024-01-23,Debit Card,paid,6069.61,0.0,2024-01-28,PhonePe
M001,PAY007737,ORD004755,2024-07-03,Debit Card,paid,10202.15,0.0,2024-07-07,PayU
M001,PAY007738,ORD004409,2024-06-17,COD,paid,5151.91,0.0,2024-06-21,PayU
M001,PAY007739,ORD007970,2024-11-02,COD,paid,5863.76,0.0,2024-11-05,Razorpay
M001,PAY007740,ORD001553,2024-02-26,UPI,paid,4843.45,0.0,2024-02-28,Stripe
M001,PAY007741,ORD008032,2024-11-05,Wallet,paid,6122.55,0.0,2024-11-07,PayU
M001,PAY007742,ORD003391,2024-05-05,COD,paid,3767.43,0.0,2024-05-09,PhonePe
M001,PAY007743,ORD007696,2024-10-25,COD,paid,8547.66,0.0,2024-10-28,Stripe
M001,PAY007744,ORD001480,2024-02-22,NetBanking,paid,8973.51,0.0,2024-02-23,PhonePe
M001,PAY007745,ORD004141,2024-06-02,COD,paid,4662.12,0.0,2024-06-03,Juspay
M001,PAY007746,ORD001468,2024-02-21,Credit Card,paid,3539.07,0.0,2024-02-26,Cashfree
M001,PAY007747,ORD008218,2024-11-10,COD,paid,2918.75,0.0,2024-11-12,PayU
M001,PAY007748,ORD003874,2024-05-24,Credit Card,paid,3022.58,0.0,2024-05-27,Juspay
M001,PAY007749,ORD006920,2024-10-02,COD,paid,3840.7,0.0,2024-10-03,Razorpay
M001,PAY007750,ORD002563,2024-04-06,COD,paid,7256.3,0.0,2024-04-07,Stripe
M001,PAY007751,ORD005522,2024-08-08,COD,paid,1030.5,0.0,2024-08-12,Cashfree
M001,PAY007752,ORD009459,2024-12-14,COD,paid,2581.11,0.0,2024-12-19,Juspay
M001,PAY007753,ORD001908,2024-03-10,Credit Card,paid,4345.13,0.0,2024-03-14,PayU
M001,PAY007754,ORD002062,2024-03-18,Debit Card,paid,5198.03,0.0,2024-03-19,PhonePe
M001,PAY007755,ORD001591,2024-02-27,UPI,paid,3910.42,0.0,2024-03-02,Juspay
M001,PAY007756,ORD009339,2024-12-09,COD,paid,7862.99,0.0,2024-12-12,Stripe
M001,PAY007757,ORD008042,2024-11-05,UPI,paid,7320.64,0.0,2024-11-09,Juspay
M001,PAY007758,ORD008779,2024-11-24,UPI,paid,3316.9,0.0,2024-11-26,Stripe
M001,PAY007759,ORD002918,2024-04-19,Wallet,paid,3439.01,0.0,2024-04-24,PayU
M001,PAY007760,ORD007490,2024-10-19,COD,paid,6957.1,0.0,2024-10-21,PhonePe
M001,PAY007761,ORD004324,2024-06-13,Debit Card,paid,7046.99,0.0,2024-06-17,Stripe
M001,PAY007762,ORD009331,2024-12-09,COD,paid,9122.25,0.0,2024-12-14,Juspay
M001,PAY007763,ORD006034,2024-08-29,NetBanking,paid,7374.24,0.0,2024-08-30,Razorpay
M001,PAY007764,ORD000622,2024-01-21,Debit Card,paid,8265.08,0.0,2024-01-23,PayU
M001,PAY007765,ORD004464,2024-06-19,UPI,refunded,647.02,410.68,2024-06-20,Juspay
M001,PAY007766,ORD005130,2024-07-21,Credit Card,paid,2436.21,0.0,2024-07-22,PayU
M001,PAY007767,ORD006697,2024-09-25,NetBanking,pending,7331.89,0.0,2024-09-27,Cashfree
M001,PAY007768,ORD004238,2024-06-07,UPI,paid,1704.02,0.0,2024-06-12,PayU
M001,PAY007769,ORD003080,2024-04-24,UPI,paid,5618.31,0.0,2024-04-25,Juspay
M001,PAY007770,ORD000990,2024-01-31,Wallet,refunded,7765.99,2780.65,2024-02-04,Juspay
M001,PAY007771,ORD001087,2024-02-04,COD,paid,2373.34,0.0,2024-02-07,Cashfree
M001,PAY007772,ORD006150,2024-09-02,NetBanking,pending,2731.93,0.0,2024-09-04,Cashfree
M001,PAY007773,ORD001162,2024-02-07,Credit Card,refunded,9742.03,9833.9,2024-02-11,Razorpay
M001,PAY007774,ORD007719,2024-10-25,Debit Card,refunded,5106.08,1242.73,2024-10-28,Juspay
M001,PAY007775,ORD005483,2024-08-06,COD,paid,1250.92,0.0,2024-08-08,Razorpay
M001,PAY007776,ORD009737,2024-12-23,Debit Card,paid,3550.05,0.0,2024-12-25,Razorpay
M001,PAY007777,ORD003778,2024-05-20,UPI,paid,10907.52,0.0,2024-05-22,Razorpay
M001,PAY007778,ORD000425,2024-01-14,COD,paid,1272.83,0.0,2024-01-15,PayU
M001,PAY007779,ORD007166,2024-10-10,UPI,paid,3511.97,0.0,2024-10-15,PhonePe
M001,PAY007780,ORD003500,2024-05-11,UPI,paid,10678.44,0.0,2024-05-14,Juspay
M001,PAY007781,ORD004640,2024-06-27,Wallet,paid,3132.01,0.0,2024-06-29,Razorpay
M001,PAY007782,ORD000917,2024-01-30,NetBanking,paid,5132.04,0.0,2024-02-04,Stripe
M001,PAY007783,ORD007604,2024-10-23,UPI,paid,893.63,0.0,2024-10-25,Juspay
M001,PAY007784,ORD007198,2024-10-10,COD,paid,1581.98,0.0,2024-10-14,PhonePe
M001,PAY007785,ORD009165,2024-12-04,Credit Card,paid,6929.01,0.0,2024-12-08,Cashfree
M001,PAY007786,ORD000782,2024-01-26,COD,failed,0.0,0.0,2024-01-26,Cashfree
M001,PAY007787,ORD004116,2024-06-01,COD,paid,6831.04,0.0,2024-06-04,PhonePe
M001,PAY007788,ORD007941,2024-11-02,COD,failed,0.0,0.0,2024-11-02,Stripe
M001,PAY007789,ORD001382,2024-02-16,Debit Card,paid,6747.65,0.0,2024-02-17,PhonePe
M001,PAY007790,ORD002608,2024-04-08,COD,paid,7798.7,0.0,2024-04-11,PhonePe
M001,PAY007791,ORD001714,2024-03-03,UPI,paid,9445.72,0.0,2024-03-04,Razorpay
M001,PAY007792,ORD004140,2024-06-02,Credit Card,paid,2735.6,0.0,2024-06-04,PayU
M001,PAY007793,ORD000624,2024-01-21,Debit Card,paid,1942.42,0.0,2024-01-24,Juspay
M001,PAY007794,ORD006483,2024-09-18,Debit Card,paid,9489.13,0.0,2024-09-20,Razorpay
M001,PAY007795,ORD004977,2024-07-13,UPI,paid,2958.5,0.0,2024-07-14,PhonePe
M001,PAY007796,ORD002243,2024-03-24,NetBanking,paid,5595.35,0.0,2024-03-27,Cashfree
M001,PAY007797,ORD002838,2024-04-16,Credit Card,paid,7857.91,0.0,2024-04-20,Stripe
M001,PAY007798,ORD008610,2024-11-19,COD,paid,7132.36,0.0,2024-11-24,PayU
M001,PAY007799,ORD004967,2024-07-14,NetBanking,paid,3548.14,0.0,2024-07-19,PhonePe
M001,PAY007800,ORD007690,2024-10-26,COD,paid,5253.65,0.0,2024-10-31,PayU
M001,PAY007801,ORD004446,2024-06-18,COD,paid,7144.66,0.0,2024-06-21,Razorpay
M001,PAY007802,ORD009567,2024-12-17,NetBanking,paid,2170.66,0.0,2024-12-18,Razorpay
M001,PAY007803,ORD002928,2024-04-20,COD,failed,0.0,0.0,2024-04-20,PayU
M001,PAY007804,ORD003623,2024-05-15,Credit Card,paid,8755.52,0.0,2024-05-16,PhonePe
M001,PAY007805,ORD006307,2024-09-10,Debit Card,paid,6839.2,0.0,2024-09-13,PayU
M001,PAY007806,ORD006944,2024-10-03,Debit Card,paid,1398.58,0.0,2024-10-06,Cashfree
M001,PAY007807,ORD006120,2024-09-01,COD,pending,4934.38,0.0,2024-09-02,PayU
M001,PAY007808,ORD004738,2024-07-02,Debit Card,paid,5908.6,0.0,2024-07-07,Razorpay
M001,PAY007809,ORD008262,2024-11-10,Credit Card,paid,2805.34,0.0,2024-11-14,Cashfree
M001,PAY007810,ORD005223,2024-07-26,Wallet,paid,2520.18,0.0,2024-07-31,PhonePe
M001,PAY007811,ORD001981,2024-03-14,Debit Card,paid,1222.2,0.0,2024-03-18,Juspay
M001,PAY007812,ORD006209,2024-09-04,NetBanking,paid,2314.77,0.0,2024-09-07,PayU
M001,PAY007813,ORD003097,2024-04-25,UPI,paid,8275.83,0.0,2024-04-26,Razorpay
M001,PAY007814,ORD008276,2024-11-10,NetBanking,paid,7448.5,0.0,2024-11-13,PhonePe
M001,PAY007815,ORD004077,2024-06-01,Wallet,paid,4606.25,0.0,2024-06-03,Razorpay
M001,PAY007816,ORD001239,2024-02-10,COD,paid,8492.57,0.0,2024-02-14,Stripe
M001,PAY007817,ORD002871,2024-04-17,COD,paid,4343.87,0.0,2024-04-19,PhonePe
M001,PAY007818,ORD005342,2024-07-31,COD,paid,4141.31,0.0,2024-08-02,PayU
M001,PAY007819,ORD003963,2024-05-27,Wallet,paid,7509.93,0.0,2024-06-01,PhonePe
M001,PAY007820,ORD000642,2024-01-20,Credit Card,paid,7789.36,0.0,2024-01-21,Cashfree
M001,PAY007821,ORD003832,2024-05-22,Debit Card,paid,2452.0,0.0,2024-05-26,Razorpay
M001,PAY007822,ORD000050,2024-01-03,COD,paid,8584.51,0.0,2024-01-08,Juspay
M001,PAY007823,ORD006379,2024-09-12,COD,pending,4623.79,0.0,2024-09-14,PayU
M001,PAY007824,ORD009871,2024-12-27,UPI,paid,891.99,0.0,2024-12-31,Cashfree
M001,PAY007825,ORD004801,2024-07-04,COD,refunded,6010.41,4775.77,2024-07-06,Stripe
M001,PAY007826,ORD008987,2024-11-29,Wallet,paid,897.74,0.0,2024-12-04,Stripe
M001,PAY007827,ORD008053,2024-11-04,Credit Card,failed,0.0,0.0,2024-11-04,PhonePe
M001,PAY007828,ORD001402,2024-02-18,UPI,paid,2756.81,0.0,2024-02-23,Cashfree
M001,PAY007829,ORD005503,2024-08-06,COD,paid,2419.03,0.0,2024-08-09,Cashfree
M001,PAY007830,ORD000224,2024-01-08,COD,paid,3266.41,0.0,2024-01-12,PhonePe
M001,PAY007831,ORD004876,2024-07-09,COD,pending,716.02,0.0,2024-07-10,Cashfree
M001,PAY007832,ORD003371,2024-05-05,Credit Card,paid,2611.89,0.0,2024-05-06,Juspay
M001,PAY007833,ORD000392,2024-01-13,Debit Card,paid,2811.01,0.0,2024-01-17,Stripe
M001,PAY007834,ORD000042,2024-01-01,Credit Card,paid,2608.14,0.0,2024-01-06,Cashfree
M001,PAY007835,ORD006362,2024-09-11,COD,paid,9106.16,0.0,2024-09-14,PayU
M001,PAY007836,ORD004672,2024-06-28,Credit Card,paid,2630.81,0.0,2024-07-01,Cashfree
M001,PAY007837,ORD009591,2024-12-17,COD,paid,4997.48,0.0,2024-12-18,Stripe
M001,PAY007838,ORD007298,2024-10-13,NetBanking,paid,2908.08,0.0,2024-10-16,Juspay
M001,PAY007839,ORD004942,2024-07-12,Credit Card,paid,1392.0,0.0,2024-07-13,Razorpay
M001,PAY007840,ORD004001,2024-05-29,UPI,paid,4941.84,0.0,2024-06-03,Cashfree
M001,PAY007841,ORD005776,2024-08-17,COD,paid,5463.91,0.0,2024-08-18,PhonePe
M001,PAY007842,ORD005362,2024-08-02,Credit Card,paid,4225.63,0.0,2024-08-07,Razorpay
M001,PAY007843,ORD001948,2024-03-12,COD,paid,5720.15,0.0,2024-03-14,PayU
M001,PAY007844,ORD004530,2024-06-22,COD,paid,5755.9,0.0,2024-06-27,Stripe
M001,PAY007845,ORD007077,2024-10-07,UPI,paid,4640.98,0.0,2024-10-08,PayU
M001,PAY007846,ORD009954,2024-12-29,UPI,paid,3255.05,0.0,2024-12-30,Juspay
M001,PAY007847,ORD002882,2024-04-17,Wallet,failed,0.0,0.0,2024-04-17,PhonePe
M001,PAY007848,ORD009575,2024-12-18,COD,paid,9491.93,0.0,2024-12-22,Razorpay
M001,PAY007849,ORD006247,2024-09-07,UPI,paid,892.94,0.0,2024-09-11,PhonePe
M001,PAY007850,ORD008528,2024-11-18,UPI,pending,10256.83,0.0,2024-11-19,Razorpay
M001,PAY007851,ORD000062,2024-01-02,UPI,refunded,1830.64,1402.45,2024-01-05,Cashfree
M001,PAY007852,ORD007537,2024-10-21,Credit Card,paid,3870.63,0.0,2024-10-26,Cashfree
M001,PAY007853,ORD004588,2024-06-25,Wallet,paid,658.93,0.0,2024-06-27,Stripe
M001,PAY007854,ORD006435,2024-09-16,Credit Card,paid,5513.34,0.0,2024-09-18,PhonePe
M001,PAY007855,ORD002927,2024-04-18,Debit Card,paid,2007.83,0.0,2024-04-22,Stripe
M001,PAY007856,ORD001896,2024-03-11,Credit Card,paid,8267.19,0.0,2024-03-13,Stripe
M001,PAY007857,ORD008238,2024-11-09,UPI,paid,4901.97,0.0,2024-11-11,Cashfree
M001,PAY007858,ORD004169,2024-06-04,COD,failed,0.0,0.0,2024-06-04,PayU
M001,PAY007859,ORD006767,2024-09-27,COD,paid,658.1,0.0,2024-09-30,Razorpay
M001,PAY007860,ORD006438,2024-09-15,COD,paid,8216.63,0.0,2024-09-18,Juspay
M001,PAY007861,ORD009560,2024-12-17,COD,paid,2912.35,0.0,2024-12-19,Stripe
M001,PAY007862,ORD002584,2024-04-07,COD,paid,4176.87,0.0,2024-04-11,PayU
M001,PAY007863,ORD007206,2024-10-10,COD,failed,0.0,0.0,2024-10-10,PayU
M001,PAY007864,ORD007193,2024-10-11,COD,paid,3381.36,0.0,2024-10-14,PhonePe
M001,PAY007865,ORD005900,2024-08-24,UPI,refunded,9040.26,3068.79,2024-08-25,Razorpay
M001,PAY007866,ORD001871,2024-03-10,COD,paid,1878.17,0.0,2024-03-14,Cashfree
M001,PAY007867,ORD002231,2024-03-25,UPI,paid,7524.41,0.0,2024-03-28,Stripe
M001,PAY007868,ORD003286,2024-05-03,COD,refunded,3832.89,1383.1,2024-05-06,Juspay
M001,PAY007869,ORD003098,2024-04-26,COD,failed,0.0,0.0,2024-04-26,PhonePe
M001,PAY007870,ORD009970,2024-12-31,UPI,paid,5083.67,0.0,2025-01-03,PhonePe
M001,PAY007871,ORD002073,2024-03-17,COD,paid,8790.81,0.0,2024-03-22,Stripe
M001,PAY007872,ORD008702,2024-11-23,COD,paid,2830.23,0.0,2024-11-28,PayU
M001,PAY007873,ORD008405,2024-11-14,UPI,paid,7023.16,0.0,2024-11-16,Cashfree
M001,PAY007874,ORD004807,2024-07-06,NetBanking,paid,8935.58,0.0,2024-07-10,PayU
M001,PAY007875,ORD005287,2024-07-28,NetBanking,paid,3794.54,0.0,2024-07-31,PhonePe
M001,PAY007876,ORD008513,2024-11-17,Debit Card,paid,2531.86,0.0,2024-11-20,Stripe
M001,PAY007877,ORD005816,2024-08-19,COD,paid,3588.86,0.0,2024-08-21,Razorpay
M001,PAY007878,ORD003503,2024-05-11,COD,paid,3859.69,0.0,2024-05-14,PayU
M001,PAY007879,ORD003056,2024-04-23,UPI,paid,8455.01,0.0,2024-04-28,Cashfree
M001,PAY007880,ORD001859,2024-03-08,COD,paid,5876.22,0.0,2024-03-12,PayU
M001,PAY007881,ORD006490,2024-09-18,COD,paid,7769.82,0.0,2024-09-23,Cashfree
M001,PAY007882,ORD008255,2024-11-11,COD,paid,5162.75,0.0,2024-11-12,Juspay
M001,PAY007883,ORD000497,2024-01-17,Wallet,paid,7514.8,0.0,2024-01-21,PayU
M001,PAY007884,ORD007633,2024-10-23,COD,paid,1931.31,0.0,2024-10-27,Razorpay
M001,PAY007885,ORD006185,2024-09-04,UPI,pending,6320.1,0.0,2024-09-05,Stripe
M001,PAY007886,ORD006349,2024-09-11,Credit Card,paid,1415.97,0.0,2024-09-15,Razorpay
M001,PAY007887,ORD005760,2024-08-18,Debit Card,paid,5227.58,0.0,2024-08-22,PhonePe
M001,PAY007888,ORD007300,2024-10-14,Debit Card,paid,862.39,0.0,2024-10-18,Razorpay
M001,PAY007889,ORD002152,2024-03-20,COD,paid,10668.82,0.0,2024-03-21,Juspay
M001,PAY007890,ORD006746,2024-09-27,UPI,paid,3109.44,0.0,2024-09-30,PayU
M001,PAY007891,ORD002556,2024-04-06,UPI,paid,3620.99,0.0,2024-04-07,Razorpay
M001,PAY007892,ORD009956,2024-12-29,COD,paid,921.05,0.0,2025-01-01,Cashfree
M001,PAY007893,ORD008687,2024-11-22,UPI,failed,0.0,0.0,2024-11-22,PhonePe
M001,PAY007894,ORD004611,2024-06-26,COD,paid,4701.93,0.0,2024-06-27,Stripe
M001,PAY007895,ORD003608,2024-05-14,Debit Card,paid,5477.07,0.0,2024-05-16,Stripe
M001,PAY007896,ORD007311,2024-10-13,COD,paid,5063.2,0.0,2024-10-18,Juspay
M001,PAY007897,ORD003119,2024-04-27,Debit Card,failed,0.0,0.0,2024-04-27,PayU
M001,PAY007898,ORD006905,2024-10-02,COD,paid,787.99,0.0,2024-10-05,Cashfree
M001,PAY007899,ORD004966,2024-07-13,UPI,failed,0.0,0.0,2024-07-13,Razorpay
M001,PAY007900,ORD003754,2024-05-19,Debit Card,paid,2399.69,0.0,2024-05-21,Cashfree
M001,PAY007901,ORD004261,2024-06-08,COD,paid,2271.09,0.0,2024-06-13,Cashfree
M001,PAY007902,ORD007083,2024-10-07,UPI,paid,5997.4,0.0,2024-10-10,PhonePe
M001,PAY007903,ORD006063,2024-08-30,UPI,paid,2918.0,0.0,2024-09-04,PhonePe
M001,PAY007904,ORD002012,2024-03-15,Wallet,paid,4641.37,0.0,2024-03-19,Stripe
M001,PAY007905,ORD004844,2024-07-06,Credit Card,failed,0.0,0.0,2024-07-06,Cashfree
M001,PAY007906,ORD006792,2024-09-29,Credit Card,pending,1392.08,0.0,2024-10-01,PhonePe
M001,PAY007907,ORD006590,2024-09-21,COD,paid,3869.11,0.0,2024-09-26,Stripe
M001,PAY007908,ORD000366,2024-01-12,UPI,paid,7270.32,0.0,2024-01-13,Razorpay
M001,PAY007909,ORD003375,2024-05-06,UPI,paid,7360.22,0.0,2024-05-11,PhonePe
M001,PAY007910,ORD002867,2024-04-16,Debit Card,failed,0.0,0.0,2024-04-16,PayU
M001,PAY007911,ORD009100,2024-12-03,COD,refunded,7489.91,6876.21,2024-12-08,PayU
M001,PAY007912,ORD001472,2024-02-21,Debit Card,refunded,5836.53,2993.05,2024-02-22,PayU
M001,PAY007913,ORD008899,2024-11-27,COD,refunded,5235.42,2328.23,2024-12-02,Razorpay
M001,PAY007914,ORD000991,2024-01-31,UPI,refunded,1534.54,1211.06,2024-02-03,Stripe
M001,PAY007915,ORD002520,2024-04-05,UPI,paid,7282.41,0.0,2024-04-10,Juspay
M001,PAY007916,ORD009624,2024-12-18,COD,paid,6211.35,0.0,2024-12-19,Razorpay
M001,PAY007917,ORD000401,2024-01-14,COD,paid,8145.96,0.0,2024-01-17,Razorpay
M001,PAY007918,ORD008699,2024-11-22,Credit Card,paid,6225.1,0.0,2024-11-24,Juspay
M001,PAY007919,ORD001588,2024-02-27,Wallet,paid,766.87,0.0,2024-02-29,PhonePe
M001,PAY007920,ORD007212,2024-10-10,UPI,pending,3457.87,0.0,2024-10-11,Razorpay
M001,PAY007921,ORD009332,2024-12-10,COD,paid,4616.36,0.0,2024-12-15,Razorpay
M001,PAY007922,ORD001188,2024-02-08,Wallet,paid,7961.41,0.0,2024-02-10,Juspay
M001,PAY007923,ORD000599,2024-01-20,Debit Card,paid,4129.84,0.0,2024-01-22,Razorpay
M001,PAY007924,ORD007824,2024-10-30,COD,paid,6987.91,0.0,2024-11-01,Stripe
M001,PAY007925,ORD006405,2024-09-14,Credit Card,paid,7161.47,0.0,2024-09-16,PhonePe
M001,PAY007926,ORD005707,2024-08-16,UPI,paid,4324.57,0.0,2024-08-17,Cashfree
M001,PAY007927,ORD003861,2024-05-23,Wallet,paid,1612.79,0.0,2024-05-28,Cashfree
M001,PAY007928,ORD007815,2024-10-29,UPI,paid,2191.39,0.0,2024-11-02,PhonePe
M001,PAY007929,ORD002089,2024-03-18,COD,paid,4838.72,0.0,2024-03-21,Juspay
M001,PAY007930,ORD001864,2024-03-09,COD,pending,5678.64,0.0,2024-03-10,PayU
M001,PAY007931,ORD007917,2024-11-02,COD,paid,8391.56,0.0,2024-11-03,Juspay
M001,PAY007932,ORD004964,2024-07-14,COD,paid,7228.76,0.0,2024-07-16,Cashfree
M001,PAY007933,ORD004123,2024-06-02,COD,paid,4908.03,0.0,2024-06-06,Cashfree
M001,PAY007934,ORD007514,2024-10-20,Wallet,paid,10266.09,0.0,2024-10-25,Juspay
M001,PAY007935,ORD005668,2024-08-13,COD,paid,7870.02,0.0,2024-08-15,Razorpay
M001,PAY007936,ORD007451,2024-10-18,Debit Card,pending,4211.22,0.0,2024-10-20,Stripe
M001,PAY007937,ORD005755,2024-08-17,UPI,paid,5239.69,0.0,2024-08-22,Juspay
M001,PAY007938,ORD009464,2024-12-14,COD,paid,7401.28,0.0,2024-12-17,Razorpay
M001,PAY007939,ORD005087,2024-07-19,COD,paid,7984.37,0.0,2024-07-23,Juspay
M001,PAY007940,ORD000941,2024-01-30,Wallet,paid,7264.1,0.0,2024-02-04,Cashfree
M001,PAY007941,ORD000343,2024-01-11,COD,paid,908.68,0.0,2024-01-14,Juspay
M001,PAY007942,ORD002085,2024-03-17,Debit Card,paid,1630.78,0.0,2024-03-21,PayU
M001,PAY007943,ORD003716,2024-05-18,COD,paid,2326.71,0.0,2024-05-19,Juspay
M001,PAY007944,ORD004274,2024-06-10,Debit Card,paid,5910.28,0.0,2024-06-11,Razorpay
M001,PAY007945,ORD007046,2024-10-06,Credit Card,refunded,4732.24,2905.57,2024-10-10,Cashfree
M001,PAY007946,ORD006359,2024-09-12,Credit Card,paid,1686.71,0.0,2024-09-14,Cashfree
M001,PAY007947,ORD001146,2024-02-06,Debit Card,paid,4047.8,0.0,2024-02-07,Stripe
M001,PAY007948,ORD005484,2024-08-06,Wallet,paid,3880.02,0.0,2024-08-11,PayU
M001,PAY007949,ORD009769,2024-12-24,COD,paid,3644.79,0.0,2024-12-26,Juspay
M001,PAY007950,ORD006873,2024-10-01,Debit Card,paid,3558.48,0.0,2024-10-02,PayU
M001,PAY007951,ORD005113,2024-07-21,UPI,paid,9301.43,0.0,2024-07-23,Cashfree
M001,PAY007952,ORD003275,2024-05-01,COD,paid,1039.93,0.0,2024-05-02,Juspay
M001,PAY007953,ORD008802,2024-11-24,Credit Card,paid,2532.4,0.0,2024-11-28,PhonePe
M001,PAY007954,ORD002741,2024-04-12,COD,paid,4966.62,0.0,2024-04-14,PhonePe
M001,PAY007955,ORD005966,2024-08-25,COD,paid,1420.79,0.0,2024-08-27,Razorpay
M001,PAY007956,ORD000993,2024-01-31,UPI,paid,6753.7,0.0,2024-02-02,Razorpay
M001,PAY007957,ORD004971,2024-07-13,Credit Card,paid,1466.46,0.0,2024-07-14,PhonePe
M001,PAY007958,ORD000135,2024-01-05,UPI,pending,1459.72,0.0,2024-01-07,PhonePe
M001,PAY007959,ORD001397,2024-02-17,COD,paid,5335.66,0.0,2024-02-22,Razorpay
M001,PAY007960,ORD009298,2024-12-08,Wallet,paid,4512.83,0.0,2024-12-13,Stripe
M001,PAY007961,ORD008284,2024-11-11,NetBanking,paid,1578.0,0.0,2024-11-13,Stripe
M001,PAY007962,ORD007026,2024-10-06,COD,paid,6398.39,0.0,2024-10-07,Cashfree
M001,PAY007963,ORD008724,2024-11-22,UPI,paid,6262.18,0.0,2024-11-23,PhonePe
M001,PAY007964,ORD004068,2024-05-31,UPI,paid,579.98,0.0,2024-06-04,Stripe
M001,PAY007965,ORD008257,2024-11-11,Credit Card,paid,690.29,0.0,2024-11-13,Stripe
M001,PAY007966,ORD004226,2024-06-06,COD,paid,4375.88,0.0,2024-06-11,Juspay
M001,PAY007967,ORD005403,2024-08-03,COD,paid,3371.41,0.0,2024-08-06,Cashfree
M001,PAY007968,ORD004536,2024-06-21,UPI,paid,8288.65,0.0,2024-06-22,Juspay
M001,PAY007969,ORD004609,2024-06-24,Wallet,paid,8467.05,0.0,2024-06-27,Cashfree
M001,PAY007970,ORD009014,2024-11-29,COD,paid,2501.4,0.0,2024-11-30,Stripe
M001,PAY007971,ORD003044,2024-04-24,Credit Card,pending,6289.99,0.0,2024-04-25,Stripe
M001,PAY007972,ORD004809,2024-07-06,UPI,refunded,8823.75,6170.43,2024-07-11,Razorpay
M001,PAY007973,ORD003884,2024-05-24,Debit Card,paid,6598.68,0.0,2024-05-28,PhonePe
M001,PAY007974,ORD002571,2024-04-07,UPI,paid,6349.95,0.0,2024-04-09,Razorpay
M001,PAY007975,ORD003124,2024-04-27,COD,paid,716.72,0.0,2024-04-30,PhonePe
M001,PAY007976,ORD007513,2024-10-19,Credit Card,paid,5236.93,0.0,2024-10-20,Razorpay
M001,PAY007977,ORD003681,2024-05-17,UPI,paid,3983.31,0.0,2024-05-18,Stripe
M001,PAY007978,ORD009494,2024-12-14,Debit Card,paid,7231.22,0.0,2024-12-16,PhonePe
M001,PAY007979,ORD004416,2024-06-16,Credit Card,paid,7698.25,0.0,2024-06-18,Razorpay
M001,PAY007980,ORD001661,2024-03-02,Debit Card,refunded,9984.66,7593.47,2024-03-03,Cashfree
M001,PAY007981,ORD009883,2024-12-28,COD,failed,0.0,0.0,2024-12-28,Stripe
M001,PAY007982,ORD003370,2024-05-05,Debit Card,paid,7635.3,0.0,2024-05-10,PhonePe
M001,PAY007983,ORD005767,2024-08-17,Debit Card,refunded,1377.35,663.39,2024-08-19,Juspay
M001,PAY007984,ORD005616,2024-08-11,COD,paid,4892.68,0.0,2024-08-15,Cashfree
M001,PAY007985,ORD004822,2024-07-05,COD,paid,5263.82,0.0,2024-07-07,Razorpay
M001,PAY007986,ORD009265,2024-12-08,Wallet,paid,3144.02,0.0,2024-12-12,Juspay
M001,PAY007987,ORD007615,2024-10-22,NetBanking,paid,6236.24,0.0,2024-10-26,Stripe
M001,PAY007988,ORD005915,2024-08-23,COD,pending,1627.48,0.0,2024-08-24,Cashfree
M001,PAY007989,ORD003094,2024-04-25,COD,paid,6323.88,0.0,2024-04-26,Juspay
M001,PAY007990,ORD006083,2024-09-01,Debit Card,paid,4205.8,0.0,2024-09-05,PayU
M001,PAY007991,ORD007096,2024-10-07,COD,paid,4526.0,0.0,2024-10-12,Cashfree
M001,PAY007992,ORD009060,2024-12-01,UPI,paid,5818.7,0.0,2024-12-02,Cashfree
M001,PAY007993,ORD009334,2024-12-09,Credit Card,paid,2178.05,0.0,2024-12-12,Cashfree
M001,PAY007994,ORD004782,2024-07-04,COD,paid,1202.1,0.0,2024-07-06,PhonePe
M001,PAY007995,ORD002305,2024-03-28,UPI,paid,10246.4,0.0,2024-04-01,Stripe
M001,PAY007996,ORD006180,2024-09-04,COD,paid,2941.12,0.0,2024-09-07,Juspay
M001,PAY007997,ORD000005,2024-01-01,NetBanking,paid,5544.25,0.0,2024-01-02,Stripe
M001,PAY007998,ORD005881,2024-08-23,Debit Card,paid,1221.43,0.0,2024-08-24,Stripe
M001,PAY007999,ORD003335,2024-05-04,UPI,paid,6084.64,0.0,2024-05-05,Razorpay
M001,PAY008000,ORD005930,2024-08-24,COD,pending,7089.06,0.0,2024-08-26,PayU
M001,PAY008001,ORD004686,2024-06-29,Wallet,paid,4439.97,0.0,2024-07-02,Juspay
M001,PAY008002,ORD009329,2024-12-10,UPI,paid,4094.67,0.0,2024-12-13,Cashfree
M001,PAY008003,ORD002065,2024-03-17,COD,paid,4670.94,0.0,2024-03-20,Cashfree
M001,PAY008004,ORD004509,2024-06-21,COD,paid,3808.99,0.0,2024-06-26,PhonePe
M001,PAY008005,ORD009449,2024-12-13,COD,paid,2982.44,0.0,2024-12-14,Stripe
M001,PAY008006,ORD004233,2024-06-07,UPI,paid,5702.73,0.0,2024-06-08,Razorpay
M001,PAY008007,ORD006391,2024-09-13,Wallet,paid,2982.48,0.0,2024-09-14,Stripe
M001,PAY008008,ORD009798,2024-12-25,Debit Card,paid,1430.79,0.0,2024-12-30,Razorpay
M001,PAY008009,ORD000473,2024-01-15,Debit Card,paid,800.31,0.0,2024-01-16,PhonePe
M001,PAY008010,ORD009018,2024-11-30,Credit Card,paid,2177.29,0.0,2024-12-02,PhonePe
M001,PAY008011,ORD000840,2024-01-27,Credit Card,paid,820.95,0.0,2024-01-29,PhonePe
M001,PAY008012,ORD003787,2024-05-20,COD,paid,6710.44,0.0,2024-05-21,Stripe
M001,PAY008013,ORD001691,2024-03-03,Credit Card,paid,905.44,0.0,2024-03-06,Juspay
M001,PAY008014,ORD001698,2024-03-02,UPI,paid,2967.89,0.0,2024-03-06,Stripe
M001,PAY008015,ORD001804,2024-03-06,COD,paid,7759.33,0.0,2024-03-09,Juspay
M001,PAY008016,ORD006354,2024-09-11,COD,paid,4049.13,0.0,2024-09-14,Juspay
M001,PAY008017,ORD002293,2024-03-26,COD,paid,7300.44,0.0,2024-03-30,Stripe
M001,PAY008018,ORD004715,2024-07-01,UPI,paid,8208.38,0.0,2024-07-04,Juspay
M001,PAY008019,ORD003514,2024-05-11,COD,paid,721.04,0.0,2024-05-13,Juspay
M001,PAY008020,ORD000861,2024-01-28,Credit Card,pending,9028.7,0.0,2024-01-30,PayU
M001,PAY008021,ORD006759,2024-09-28,Credit Card,paid,718.34,0.0,2024-10-03,PhonePe
M001,PAY008022,ORD003251,2024-04-30,Credit Card,paid,1113.81,0.0,2024-05-05,Razorpay
M001,PAY008023,ORD003319,2024-05-04,Wallet,paid,5058.17,0.0,2024-05-08,Cashfree
M001,PAY008024,ORD007590,2024-10-22,NetBanking,paid,1139.73,0.0,2024-10-27,PayU
M001,PAY008025,ORD004585,2024-06-24,Credit Card,paid,6962.3,0.0,2024-06-27,PayU
M001,PAY008026,ORD002913,2024-04-18,Credit Card,paid,2004.87,0.0,2024-04-19,Razorpay
M001,PAY008027,ORD007619,2024-10-23,COD,paid,7954.33,0.0,2024-10-24,Juspay
M001,PAY008028,ORD009323,2024-12-10,COD,failed,0.0,0.0,2024-12-10,Juspay
M001,PAY008029,ORD002007,2024-03-14,COD,paid,4549.04,0.0,2024-03-18,Cashfree
M001,PAY008030,ORD008817,2024-11-25,Wallet,paid,4598.97,0.0,2024-11-27,PhonePe
M001,PAY008031,ORD008546,2024-11-18,Debit Card,paid,1506.56,0.0,2024-11-19,PhonePe
M001,PAY008032,ORD002104,2024-03-18,Credit Card,refunded,5397.74,4522.59,2024-03-22,Razorpay
M001,PAY008033,ORD003870,2024-05-25,Wallet,paid,5787.81,0.0,2024-05-29,Stripe
M001,PAY008034,ORD000638,2024-01-20,Debit Card,paid,1674.15,0.0,2024-01-23,Razorpay
M001,PAY008035,ORD004467,2024-06-19,COD,paid,1325.99,0.0,2024-06-22,Cashfree
M001,PAY008036,ORD007922,2024-11-01,COD,paid,4167.18,0.0,2024-11-02,PhonePe
M001,PAY008037,ORD008427,2024-11-15,Wallet,paid,8742.73,0.0,2024-11-19,PayU
M001,PAY008038,ORD000475,2024-01-15,Wallet,paid,4315.43,0.0,2024-01-18,Cashfree
M001,PAY008039,ORD006353,2024-09-11,Credit Card,paid,4277.63,0.0,2024-09-15,Juspay
M001,PAY008040,ORD007104,2024-10-07,Credit Card,paid,4287.94,0.0,2024-10-10,Razorpay
M001,PAY008041,ORD003146,2024-04-28,COD,pending,2711.22,0.0,2024-04-29,Juspay
M001,PAY008042,ORD000997,2024-01-31,UPI,paid,2359.27,0.0,2024-02-01,PhonePe
M001,PAY008043,ORD005803,2024-08-19,Debit Card,paid,7313.31,0.0,2024-08-23,Cashfree
M001,PAY008044,ORD000132,2024-01-04,COD,paid,2729.07,0.0,2024-01-08,Stripe
M001,PAY008045,ORD005279,2024-07-28,Debit Card,paid,4395.9,0.0,2024-08-02,PhonePe
M001,PAY008046,ORD007457,2024-10-17,Credit Card,paid,5763.51,0.0,2024-10-19,Stripe
M001,PAY008047,ORD000279,2024-01-10,COD,paid,4801.33,0.0,2024-01-12,Cashfree
M001,PAY008048,ORD009033,2024-11-30,UPI,pending,9835.21,0.0,2024-12-01,Juspay
M001,PAY008049,ORD008926,2024-11-27,Wallet,paid,1981.15,0.0,2024-12-02,Razorpay
M001,PAY008050,ORD003970,2024-05-27,UPI,paid,10750.87,0.0,2024-05-28,Stripe
M001,PAY008051,ORD009282,2024-12-08,COD,paid,7590.45,0.0,2024-12-13,PayU
M001,PAY008052,ORD000150,2024-01-06,UPI,failed,0.0,0.0,2024-01-06,Razorpay
M001,PAY008053,ORD009835,2024-12-25,COD,paid,6816.02,0.0,2024-12-26,Stripe
M001,PAY008054,ORD000823,2024-01-26,COD,paid,1826.48,0.0,2024-01-30,PhonePe
M001,PAY008055,ORD000563,2024-01-19,NetBanking,paid,6102.85,0.0,2024-01-20,PhonePe
M001,PAY008056,ORD001515,2024-02-22,Credit Card,pending,5931.68,0.0,2024-02-23,Stripe
M001,PAY008057,ORD000725,2024-01-24,UPI,paid,8369.14,0.0,2024-01-28,PhonePe
M001,PAY008058,ORD009373,2024-12-11,NetBanking,paid,4897.26,0.0,2024-12-16,PhonePe
M001,PAY008059,ORD008170,2024-11-09,COD,paid,5270.66,0.0,2024-11-10,PayU
M001,PAY008060,ORD008888,2024-11-26,UPI,failed,0.0,0.0,2024-11-26,Razorpay
M001,PAY008061,ORD009602,2024-12-19,COD,paid,8300.43,0.0,2024-12-22,Juspay
M001,PAY008062,ORD004697,2024-06-29,COD,paid,8515.69,0.0,2024-07-04,PayU
M001,PAY008063,ORD002604,2024-04-08,COD,paid,5557.16,0.0,2024-04-10,Cashfree
M001,PAY008064,ORD000409,2024-01-14,UPI,paid,4430.25,0.0,2024-01-17,Razorpay
M001,PAY008065,ORD009543,2024-12-16,UPI,paid,7113.28,0.0,2024-12-18,PayU
M001,PAY008066,ORD003920,2024-05-25,COD,refunded,4852.11,1753.35,2024-05-26,Juspay
M001,PAY008067,ORD006466,2024-09-17,Debit Card,paid,5598.17,0.0,2024-09-21,PayU
M001,PAY008068,ORD006358,2024-09-12,UPI,paid,3136.43,0.0,2024-09-14,PayU
M001,PAY008069,ORD004103,2024-06-01,COD,paid,1075.13,0.0,2024-06-06,Juspay
M001,PAY008070,ORD005631,2024-08-12,UPI,paid,4672.79,0.0,2024-08-13,Razorpay
M001,PAY008071,ORD009428,2024-12-13,COD,paid,3890.82,0.0,2024-12-18,Juspay
M001,PAY008072,ORD003577,2024-05-12,COD,paid,5502.48,0.0,2024-05-13,PhonePe
M001,PAY008073,ORD001371,2024-02-16,COD,pending,7670.19,0.0,2024-02-17,PayU
M001,PAY008074,ORD008474,2024-11-17,COD,failed,0.0,0.0,2024-11-17,Razorpay
M001,PAY008075,ORD007128,2024-10-08,Wallet,paid,5726.68,0.0,2024-10-11,Juspay
M001,PAY008076,ORD005823,2024-08-19,Debit Card,paid,10233.89,0.0,2024-08-22,Cashfree
M001,PAY008077,ORD008761,2024-11-24,COD,paid,809.39,0.0,2024-11-26,Juspay
M001,PAY008078,ORD009161,2024-12-04,COD,refunded,5108.11,4791.02,2024-12-06,Razorpay
M001,PAY008079,ORD000507,2024-01-17,COD,pending,2963.73,0.0,2024-01-18,PayU
M001,PAY008080,ORD007710,2024-10-26,COD,paid,3411.35,0.0,2024-10-27,PayU
M001,PAY008081,ORD008423,2024-11-14,Debit Card,paid,7573.49,0.0,2024-11-17,PhonePe
M001,PAY008082,ORD005549,2024-08-08,COD,paid,4406.0,0.0,2024-08-13,PhonePe
M001,PAY008083,ORD000898,2024-01-29,Credit Card,paid,8039.73,0.0,2024-02-01,Juspay
M001,PAY008084,ORD001881,2024-03-10,Credit Card,paid,4613.12,0.0,2024-03-13,Cashfree
M001,PAY008085,ORD004828,2024-07-07,COD,paid,6003.54,0.0,2024-07-12,PhonePe
M001,PAY008086,ORD006186,2024-09-04,COD,paid,6129.66,0.0,2024-09-08,Juspay
M001,PAY008087,ORD009524,2024-12-16,NetBanking,paid,8330.49,0.0,2024-12-19,PayU
M001,PAY008088,ORD003784,2024-05-21,COD,pending,7639.17,0.0,2024-05-23,PayU
M001,PAY008089,ORD009993,2024-12-30,Wallet,paid,6512.9,0.0,2025-01-01,PayU
M001,PAY008090,ORD006195,2024-09-05,Credit Card,paid,6271.28,0.0,2024-09-09,Juspay
M001,PAY008091,ORD001587,2024-02-27,COD,paid,6286.37,0.0,2024-02-29,PhonePe
M001,PAY008092,ORD006596,2024-09-22,Wallet,paid,6581.93,0.0,2024-09-27,Juspay
M001,PAY008093,ORD004550,2024-06-22,Credit Card,paid,8289.44,0.0,2024-06-26,Stripe
M001,PAY008094,ORD008422,2024-11-14,COD,paid,5986.07,0.0,2024-11-15,PayU
M001,PAY008095,ORD002998,2024-04-21,COD,paid,5525.84,0.0,2024-04-23,Stripe
M001,PAY008096,ORD005250,2024-07-27,NetBanking,pending,1030.21,0.0,2024-07-28,PayU
M001,PAY008097,ORD007524,2024-10-20,NetBanking,paid,6061.07,0.0,2024-10-22,Stripe
M001,PAY008098,ORD008778,2024-11-25,COD,pending,1772.68,0.0,2024-11-26,Cashfree
M001,PAY008099,ORD005468,2024-08-05,UPI,pending,6854.84,0.0,2024-08-07,Cashfree
M001,PAY008100,ORD004491,2024-06-19,Credit Card,refunded,7003.42,2179.74,2024-06-20,PhonePe
M001,PAY008101,ORD007307,2024-10-14,COD,paid,4017.98,0.0,2024-10-16,Stripe
M001,PAY008102,ORD003445,2024-05-08,NetBanking,paid,1995.09,0.0,2024-05-09,PayU
M001,PAY008103,ORD001410,2024-02-18,Credit Card,paid,5778.14,0.0,2024-02-22,Juspay
M001,PAY008104,ORD002182,2024-03-21,Credit Card,failed,0.0,0.0,2024-03-21,Cashfree
M001,PAY008105,ORD000334,2024-01-11,COD,paid,5151.0,0.0,2024-01-13,PayU
M001,PAY008106,ORD000884,2024-01-29,COD,failed,0.0,0.0,2024-01-29,PayU
M001,PAY008107,ORD008806,2024-11-25,COD,paid,6082.43,0.0,2024-11-30,Juspay
M001,PAY008108,ORD008263,2024-11-11,Debit Card,paid,6858.16,0.0,2024-11-16,Juspay
M001,PAY008109,ORD000776,2024-01-26,Debit Card,paid,4723.95,0.0,2024-01-31,PhonePe
M001,PAY008110,ORD005234,2024-07-26,UPI,paid,9342.05,0.0,2024-07-31,Stripe
M001,PAY008111,ORD004175,2024-06-04,NetBanking,pending,1291.72,0.0,2024-06-06,PhonePe
M001,PAY008112,ORD006579,2024-09-22,COD,paid,5158.59,0.0,2024-09-27,Juspay
M001,PAY008113,ORD008071,2024-11-06,UPI,pending,3342.67,0.0,2024-11-08,PhonePe
M001,PAY008114,ORD000669,2024-01-22,Wallet,paid,5430.76,0.0,2024-01-25,Cashfree
M001,PAY008115,ORD007616,2024-10-23,Credit Card,paid,1525.18,0.0,2024-10-28,Razorpay
M001,PAY008116,ORD007448,2024-10-17,UPI,paid,668.13,0.0,2024-10-18,Stripe
M001,PAY008117,ORD005533,2024-08-09,COD,paid,6980.12,0.0,2024-08-13,Cashfree
M001,PAY008118,ORD002373,2024-03-30,Debit Card,paid,1882.76,0.0,2024-04-01,PayU
M001,PAY008119,ORD000422,2024-01-14,Debit Card,paid,1298.43,0.0,2024-01-19,PayU
M001,PAY008120,ORD005769,2024-08-18,UPI,failed,0.0,0.0,2024-08-18,Stripe
M001,PAY008121,ORD002451,2024-04-02,Credit Card,failed,0.0,0.0,2024-04-02,Cashfree
M001,PAY008122,ORD002367,2024-03-30,COD,paid,3263.19,0.0,2024-03-31,Razorpay
M001,PAY008123,ORD005637,2024-08-12,UPI,paid,5200.57,0.0,2024-08-17,PhonePe
M001,PAY008124,ORD001601,2024-02-28,COD,paid,6331.51,0.0,2024-03-04,Stripe
M001,PAY008125,ORD005418,2024-08-04,Debit Card,paid,5272.1,0.0,2024-08-09,Cashfree
M001,PAY008126,ORD004198,2024-06-07,COD,paid,1722.49,0.0,2024-06-12,Juspay
M001,PAY008127,ORD007453,2024-10-18,COD,paid,4194.05,0.0,2024-10-23,Cashfree
M001,PAY008128,ORD006139,2024-09-03,COD,pending,2265.49,0.0,2024-09-04,Cashfree
M001,PAY008129,ORD001136,2024-02-05,COD,paid,2243.07,0.0,2024-02-09,Cashfree
M001,PAY008130,ORD000277,2024-01-09,Debit Card,paid,1983.6,0.0,2024-01-10,Juspay
M001,PAY008131,ORD005166,2024-07-24,NetBanking,paid,7236.92,0.0,2024-07-26,Juspay
M001,PAY008132,ORD007508,2024-10-19,Wallet,paid,4609.4,0.0,2024-10-20,Juspay
M001,PAY008133,ORD001191,2024-02-08,Debit Card,paid,1642.71,0.0,2024-02-13,Stripe
M001,PAY008134,ORD001449,2024-02-20,COD,paid,2462.91,0.0,2024-02-21,PayU
M001,PAY008135,ORD008256,2024-11-11,COD,paid,10425.92,0.0,2024-11-12,PayU
M001,PAY008136,ORD007836,2024-10-30,UPI,paid,8394.24,0.0,2024-11-01,Cashfree
M001,PAY008137,ORD000602,2024-01-20,UPI,pending,2313.3,0.0,2024-01-22,Cashfree
M001,PAY008138,ORD004544,2024-06-23,COD,paid,6318.26,0.0,2024-06-27,PayU
M001,PAY008139,ORD008498,2024-11-16,COD,paid,4360.18,0.0,2024-11-20,PayU
M001,PAY008140,ORD003844,2024-05-23,Wallet,paid,7595.83,0.0,2024-05-28,Stripe
M001,PAY008141,ORD007520,2024-10-19,Credit Card,paid,9809.4,0.0,2024-10-24,Juspay
M001,PAY008142,ORD002492,2024-04-03,Credit Card,pending,7140.62,0.0,2024-04-04,Stripe
M001,PAY008143,ORD008751,2024-11-23,Credit Card,paid,1393.6,0.0,2024-11-28,PayU
M001,PAY008144,ORD008750,2024-11-23,UPI,paid,1739.43,0.0,2024-11-26,Juspay
M001,PAY008145,ORD002874,2024-04-18,COD,paid,5859.73,0.0,2024-04-19,Razorpay
M001,PAY008146,ORD008364,2024-11-14,COD,pending,7722.91,0.0,2024-11-16,Stripe
M001,PAY008147,ORD004219,2024-06-06,UPI,paid,5343.79,0.0,2024-06-07,PhonePe
M001,PAY008148,ORD009443,2024-12-14,COD,paid,9749.19,0.0,2024-12-16,PhonePe
M001,PAY008149,ORD000677,2024-01-23,COD,paid,4242.85,0.0,2024-01-25,PayU
M001,PAY008150,ORD007204,2024-10-10,COD,failed,0.0,0.0,2024-10-10,PayU
M001,PAY008151,ORD003903,2024-05-26,COD,paid,2662.43,0.0,2024-05-31,Stripe
M001,PAY008152,ORD007588,2024-10-21,Credit Card,paid,7355.11,0.0,2024-10-24,Stripe
M001,PAY008153,ORD007891,2024-10-31,NetBanking,paid,3744.03,0.0,2024-11-05,Cashfree
M001,PAY008154,ORD001045,2024-02-02,Credit Card,paid,589.76,0.0,2024-02-06,Cashfree
M001,PAY008155,ORD005265,2024-07-29,Credit Card,failed,0.0,0.0,2024-07-29,Razorpay
M001,PAY008156,ORD001040,2024-02-02,COD,paid,5776.18,0.0,2024-02-07,Cashfree
M001,PAY008157,ORD003413,2024-05-07,COD,refunded,5272.05,2055.74,2024-05-11,Stripe
M001,PAY008158,ORD000503,2024-01-17,Credit Card,paid,5173.03,0.0,2024-01-18,Stripe
M001,PAY008159,ORD007194,2024-10-11,Credit Card,paid,1364.93,0.0,2024-10-16,PayU
M001,PAY008160,ORD001114,2024-02-04,Credit Card,failed,0.0,0.0,2024-02-04,Razorpay
M001,PAY008161,ORD002449,2024-04-02,Debit Card,paid,1124.48,0.0,2024-04-03,PhonePe
M001,PAY008162,ORD009565,2024-12-16,COD,paid,6472.48,0.0,2024-12-20,Cashfree
M001,PAY008163,ORD001161,2024-02-07,Debit Card,paid,801.11,0.0,2024-02-12,PhonePe
M001,PAY008164,ORD003860,2024-05-24,COD,paid,7785.71,0.0,2024-05-25,Razorpay
M001,PAY008165,ORD001307,2024-02-13,Wallet,paid,1775.51,0.0,2024-02-14,Razorpay
M001,PAY008166,ORD001203,2024-02-09,UPI,paid,2398.72,0.0,2024-02-10,Stripe
M001,PAY008167,ORD006348,2024-09-11,COD,paid,7856.65,0.0,2024-09-16,PhonePe
M001,PAY008168,ORD008129,2024-11-08,COD,paid,6547.26,0.0,2024-11-10,Razorpay
M001,PAY008169,ORD001646,2024-03-01,UPI,refunded,10540.99,2515.86,2024-03-04,Cashfree
M001,PAY008170,ORD008365,2024-11-14,Wallet,paid,4858.09,0.0,2024-11-19,PhonePe
M001,PAY008171,ORD002625,2024-04-09,UPI,paid,3916.96,0.0,2024-04-11,Razorpay
M001,PAY008172,ORD009947,2024-12-29,UPI,paid,7308.63,0.0,2025-01-03,Stripe
M001,PAY008173,ORD000548,2024-01-17,Debit Card,paid,5297.99,0.0,2024-01-20,PhonePe
M001,PAY008174,ORD001269,2024-02-11,Debit Card,paid,3579.42,0.0,2024-02-15,Razorpay
M001,PAY008175,ORD004653,2024-06-27,COD,paid,3023.18,0.0,2024-06-28,Cashfree
M001,PAY008176,ORD000193,2024-01-06,COD,paid,3357.44,0.0,2024-01-09,PayU
M001,PAY008177,ORD009158,2024-12-05,Credit Card,paid,4248.46,0.0,2024-12-07,Cashfree
M001,PAY008178,ORD002958,2024-04-19,Credit Card,paid,5372.9,0.0,2024-04-24,Stripe
M001,PAY008179,ORD003029,2024-04-23,NetBanking,paid,3029.81,0.0,2024-04-24,PayU
M001,PAY008180,ORD003117,2024-04-26,COD,paid,6750.86,0.0,2024-04-27,Cashfree
M001,PAY008181,ORD002501,2024-04-05,COD,refunded,6421.73,3397.78,2024-04-09,Razorpay
M001,PAY008182,ORD008871,2024-11-26,NetBanking,paid,7295.99,0.0,2024-11-29,Razorpay
M001,PAY008183,ORD004334,2024-06-13,COD,failed,0.0,0.0,2024-06-13,PhonePe
M001,PAY008184,ORD000596,2024-01-20,COD,paid,4920.72,0.0,2024-01-23,Razorpay
M001,PAY008185,ORD005639,2024-08-12,Debit Card,paid,3784.97,0.0,2024-08-14,Cashfree
M001,PAY008186,ORD001157,2024-02-06,UPI,paid,1240.54,0.0,2024-02-07,Razorpay
M001,PAY008187,ORD009686,2024-12-20,COD,paid,1645.11,0.0,2024-12-24,Juspay
M001,PAY008188,ORD008494,2024-11-17,COD,paid,1124.92,0.0,2024-11-20,PhonePe
M001,PAY008189,ORD003141,2024-04-27,COD,refunded,4409.49,2690.85,2024-04-29,Juspay
M001,PAY008190,ORD005889,2024-08-23,Wallet,paid,2272.92,0.0,2024-08-26,Cashfree
M001,PAY008191,ORD003218,2024-04-30,COD,paid,9422.4,0.0,2024-05-02,Razorpay
M001,PAY008192,ORD002540,2024-04-06,UPI,paid,5386.64,0.0,2024-04-10,Juspay
M001,PAY008193,ORD003539,2024-05-12,NetBanking,paid,8819.41,0.0,2024-05-16,PayU
M001,PAY008194,ORD008535,2024-11-18,UPI,paid,2870.7,0.0,2024-11-21,PhonePe
M001,PAY008195,ORD009019,2024-11-30,Debit Card,failed,0.0,0.0,2024-11-30,Stripe
M001,PAY008196,ORD004064,2024-05-30,COD,failed,0.0,0.0,2024-05-30,PayU
M001,PAY008197,ORD008156,2024-11-08,COD,paid,4953.64,0.0,2024-11-12,Juspay
M001,PAY008198,ORD006888,2024-10-02,COD,paid,3020.24,0.0,2024-10-04,PayU
M001,PAY008199,ORD005194,2024-07-26,COD,paid,5915.52,0.0,2024-07-28,Razorpay
M001,PAY008200,ORD006488,2024-09-18,UPI,paid,5831.28,0.0,2024-09-22,Cashfree
M001,PAY008201,ORD001096,2024-02-04,COD,paid,2299.85,0.0,2024-02-09,PhonePe
M001,PAY008202,ORD001492,2024-02-22,COD,paid,5711.04,0.0,2024-02-26,PhonePe
M001,PAY008203,ORD007609,2024-10-23,COD,paid,4141.34,0.0,2024-10-26,Razorpay
M001,PAY008204,ORD009249,2024-12-08,Wallet,paid,5980.52,0.0,2024-12-11,Razorpay
M001,PAY008205,ORD005924,2024-08-24,COD,paid,4174.43,0.0,2024-08-29,Razorpay
M001,PAY008206,ORD004131,2024-06-03,Wallet,pending,3407.45,0.0,2024-06-04,Juspay
M001,PAY008207,ORD007073,2024-10-06,UPI,paid,8508.35,0.0,2024-10-11,Cashfree
M001,PAY008208,ORD000827,2024-01-27,NetBanking,paid,6355.79,0.0,2024-01-30,PhonePe
M001,PAY008209,ORD005344,2024-08-01,UPI,paid,1389.12,0.0,2024-08-03,Juspay
M001,PAY008210,ORD007074,2024-10-07,Credit Card,paid,3274.25,0.0,2024-10-08,Stripe
M001,PAY008211,ORD003143,2024-04-27,UPI,paid,8510.41,0.0,2024-05-01,PayU
M001,PAY008212,ORD002192,2024-03-22,COD,paid,4535.21,0.0,2024-03-24,Razorpay
M001,PAY008213,ORD005638,2024-08-13,Wallet,paid,2591.75,0.0,2024-08-16,Razorpay
M001,PAY008214,ORD006649,2024-09-23,COD,refunded,1272.57,544.93,2024-09-25,Razorpay
M001,PAY008215,ORD005177,2024-07-24,UPI,paid,5696.03,0.0,2024-07-27,PayU
M001,PAY008216,ORD004297,2024-06-11,COD,paid,5327.8,0.0,2024-06-13,Razorpay
M001,PAY008217,ORD007425,2024-10-17,Debit Card,paid,1707.41,0.0,2024-10-18,PhonePe
M001,PAY008218,ORD002136,2024-03-19,COD,paid,8784.1,0.0,2024-03-23,Cashfree
M001,PAY008219,ORD008675,2024-11-21,COD,paid,8381.23,0.0,2024-11-23,PayU
M001,PAY008220,ORD000807,2024-01-27,COD,paid,6070.68,0.0,2024-01-29,Cashfree
M001,PAY008221,ORD007640,2024-10-24,COD,paid,4658.24,0.0,2024-10-26,Cashfree
M001,PAY008222,ORD005282,2024-07-28,Debit Card,paid,4284.37,0.0,2024-08-01,PayU
M001,PAY008223,ORD003340,2024-05-04,COD,paid,10076.38,0.0,2024-05-05,Juspay
M001,PAY008224,ORD000307,2024-01-11,UPI,paid,2952.48,0.0,2024-01-12,Juspay
M001,PAY008225,ORD004821,2024-07-05,COD,paid,973.78,0.0,2024-07-06,Juspay
M001,PAY008226,ORD006789,2024-09-29,UPI,pending,5044.75,0.0,2024-09-30,PhonePe
M001,PAY008227,ORD006553,2024-09-19,COD,paid,6959.78,0.0,2024-09-21,PhonePe
M001,PAY008228,ORD009635,2024-12-20,Wallet,paid,1800.03,0.0,2024-12-25,Razorpay
M001,PAY008229,ORD005730,2024-08-16,UPI,paid,5555.31,0.0,2024-08-20,Stripe
M001,PAY008230,ORD006515,2024-09-19,UPI,paid,5292.37,0.0,2024-09-20,PhonePe
M001,PAY008231,ORD001938,2024-03-12,Wallet,paid,2794.3,0.0,2024-03-14,Cashfree
M001,PAY008232,ORD004184,2024-06-05,UPI,paid,2263.59,0.0,2024-06-07,Razorpay
M001,PAY008233,ORD008139,2024-11-07,Debit Card,paid,4866.27,0.0,2024-11-12,Juspay
M001,PAY008234,ORD008318,2024-11-11,UPI,paid,9926.51,0.0,2024-11-16,Cashfree
M001,PAY008235,ORD007503,2024-10-19,COD,paid,4191.33,0.0,2024-10-24,Razorpay
M001,PAY008236,ORD008581,2024-11-19,COD,paid,1032.89,0.0,2024-11-21,PhonePe
M001,PAY008237,ORD006558,2024-09-20,UPI,paid,3407.22,0.0,2024-09-22,Cashfree
M001,PAY008238,ORD008547,2024-11-19,Credit Card,paid,4428.72,0.0,2024-11-23,PhonePe
M001,PAY008239,ORD002836,2024-04-15,COD,paid,5872.1,0.0,2024-04-17,Razorpay
M001,PAY008240,ORD002397,2024-04-01,COD,paid,4186.35,0.0,2024-04-04,Cashfree
M001,PAY008241,ORD002075,2024-03-18,NetBanking,paid,2603.49,0.0,2024-03-19,Juspay
M001,PAY008242,ORD002399,2024-04-01,COD,paid,5339.41,0.0,2024-04-03,Razorpay
M001,PAY008243,ORD002302,2024-03-27,COD,paid,2226.96,0.0,2024-04-01,PhonePe
M001,PAY008244,ORD000149,2024-01-06,Debit Card,paid,1338.36,0.0,2024-01-08,PayU
M001,PAY008245,ORD006973,2024-10-03,Credit Card,refunded,1249.01,235.7,2024-10-08,Stripe
M001,PAY008246,ORD006141,2024-09-03,Debit Card,paid,4544.72,0.0,2024-09-04,Razorpay
M001,PAY008247,ORD003622,2024-05-15,Debit Card,pending,3216.06,0.0,2024-05-16,Cashfree
M001,PAY008248,ORD008894,2024-11-26,COD,paid,4654.53,0.0,2024-11-30,Stripe
M001,PAY008249,ORD003768,2024-05-19,Credit Card,paid,2920.49,0.0,2024-05-21,Cashfree
M001,PAY008250,ORD001396,2024-02-17,Credit Card,paid,6458.71,0.0,2024-02-22,Razorpay
M001,PAY008251,ORD009801,2024-12-24,UPI,paid,8587.57,0.0,2024-12-29,Razorpay
M001,PAY008252,ORD000072,2024-01-03,COD,paid,5082.12,0.0,2024-01-04,PayU
M001,PAY008253,ORD008026,2024-11-05,Debit Card,paid,7698.12,0.0,2024-11-08,Cashfree
M001,PAY008254,ORD008801,2024-11-24,COD,paid,4068.75,0.0,2024-11-25,Razorpay
M001,PAY008255,ORD002688,2024-04-12,NetBanking,paid,6059.89,0.0,2024-04-13,Cashfree
M001,PAY008256,ORD007929,2024-11-01,Debit Card,paid,9919.49,0.0,2024-11-05,Juspay
M001,PAY008257,ORD004995,2024-07-15,UPI,paid,8992.16,0.0,2024-07-18,PhonePe
M001,PAY008258,ORD008059,2024-11-05,Credit Card,refunded,6063.04,4023.97,2024-11-06,Stripe
M001,PAY008259,ORD007741,2024-10-27,Debit Card,paid,6168.47,0.0,2024-10-29,Stripe
M001,PAY008260,ORD002679,2024-04-10,UPI,paid,1942.67,0.0,2024-04-13,Cashfree
M001,PAY008261,ORD008314,2024-11-11,Debit Card,failed,0.0,0.0,2024-11-11,Cashfree
M001,PAY008262,ORD007442,2024-10-17,UPI,paid,1420.79,0.0,2024-10-22,Juspay
M001,PAY008263,ORD007766,2024-10-27,Credit Card,paid,6027.69,0.0,2024-11-01,PayU
M001,PAY008264,ORD009385,2024-12-12,Wallet,paid,3639.9,0.0,2024-12-13,PhonePe
M001,PAY008265,ORD008887,2024-11-27,COD,paid,4240.96,0.0,2024-11-30,Juspay
M001,PAY008266,ORD003642,2024-05-15,Wallet,pending,5435.68,0.0,2024-05-16,Razorpay
M001,PAY008267,ORD004826,2024-07-06,Debit Card,paid,5537.26,0.0,2024-07-09,Razorpay
M001,PAY008268,ORD000858,2024-01-27,NetBanking,refunded,4006.33,1555.53,2024-02-01,Cashfree
M001,PAY008269,ORD001897,2024-03-10,Credit Card,paid,6937.2,0.0,2024-03-11,Cashfree
M001,PAY008270,ORD007020,2024-10-06,Credit Card,paid,5948.84,0.0,2024-10-07,Juspay
M001,PAY008271,ORD006254,2024-09-06,UPI,paid,5819.69,0.0,2024-09-10,PayU
M001,PAY008272,ORD006777,2024-09-27,COD,paid,6880.95,0.0,2024-10-02,PayU
M001,PAY008273,ORD008649,2024-11-20,COD,paid,6933.56,0.0,2024-11-23,Stripe
M001,PAY008274,ORD004582,2024-06-23,COD,paid,5620.22,0.0,2024-06-25,Razorpay
M001,PAY008275,ORD001806,2024-03-07,COD,paid,6366.0,0.0,2024-03-12,Razorpay
M001,PAY008276,ORD004300,2024-06-12,Credit Card,paid,5171.09,0.0,2024-06-17,Juspay
M001,PAY008277,ORD004804,2024-07-06,UPI,paid,4200.42,0.0,2024-07-11,PayU
M001,PAY008278,ORD002599,2024-04-07,COD,paid,8052.35,0.0,2024-04-12,Cashfree
M001,PAY008279,ORD001196,2024-02-07,Credit Card,paid,1445.22,0.0,2024-02-09,Cashfree
M001,PAY008280,ORD000754,2024-01-25,Wallet,refunded,1170.56,602.93,2024-01-28,Stripe
M001,PAY008281,ORD001569,2024-02-27,Credit Card,paid,5424.93,0.0,2024-03-01,Stripe
M001,PAY008282,ORD008241,2024-11-10,UPI,paid,5856.92,0.0,2024-11-13,Razorpay
M001,PAY008283,ORD002904,2024-04-19,UPI,pending,9355.13,0.0,2024-04-20,PayU
M001,PAY008284,ORD000464,2024-01-15,COD,paid,3685.02,0.0,2024-01-17,PhonePe
M001,PAY008285,ORD000063,2024-01-03,UPI,paid,8627.64,0.0,2024-01-06,Stripe
M001,PAY008286,ORD004650,2024-06-27,UPI,paid,921.59,0.0,2024-06-28,Razorpay
M001,PAY008287,ORD006768,2024-09-28,UPI,paid,6099.31,0.0,2024-10-02,Juspay
M001,PAY008288,ORD007139,2024-10-08,Wallet,paid,3290.38,0.0,2024-10-11,Juspay
M001,PAY008289,ORD006321,2024-09-09,Debit Card,paid,816.45,0.0,2024-09-10,Razorpay
M001,PAY008290,ORD003769,2024-05-20,UPI,refunded,2320.64,1061.92,2024-05-21,Razorpay
M001,PAY008291,ORD000931,2024-01-29,COD,pending,4298.67,0.0,2024-01-30,Stripe
M001,PAY008292,ORD005040,2024-07-18,UPI,failed,0.0,0.0,2024-07-18,PayU
M001,PAY008293,ORD001653,2024-03-01,Wallet,paid,4453.2,0.0,2024-03-02,PhonePe
M001,PAY008294,ORD005432,2024-08-03,COD,paid,769.05,0.0,2024-08-08,Razorpay
M001,PAY008295,ORD004253,2024-06-09,Wallet,pending,3159.36,0.0,2024-06-11,Stripe
M001,PAY008296,ORD000843,2024-01-27,COD,paid,4289.86,0.0,2024-02-01,Juspay
M001,PAY008297,ORD004645,2024-06-27,Debit Card,paid,6567.36,0.0,2024-07-01,Juspay
M001,PAY008298,ORD003330,2024-05-03,UPI,paid,4641.78,0.0,2024-05-08,Juspay
M001,PAY008299,ORD005228,2024-07-26,UPI,paid,695.55,0.0,2024-07-27,Cashfree
M001,PAY008300,ORD000732,2024-01-24,COD,paid,2796.23,0.0,2024-01-28,Juspay
M001,PAY008301,ORD008483,2024-11-16,COD,paid,6589.24,0.0,2024-11-21,Razorpay
M001,PAY008302,ORD009042,2024-11-30,Wallet,paid,4997.53,0.0,2024-12-01,PhonePe
M001,PAY008303,ORD002550,2024-04-05,UPI,refunded,9639.97,8085.81,2024-04-10,Razorpay
M001,PAY008304,ORD006288,2024-09-07,UPI,paid,3700.72,0.0,2024-09-11,Cashfree
M001,PAY008305,ORD003231,2024-05-01,COD,paid,656.84,0.0,2024-05-06,PayU
M001,PAY008306,ORD009654,2024-12-20,COD,paid,3757.73,0.0,2024-12-25,Razorpay
M001,PAY008307,ORD006838,2024-10-01,COD,paid,3037.96,0.0,2024-10-06,PhonePe
M001,PAY008308,ORD008791,2024-11-25,Credit Card,pending,7240.81,0.0,2024-11-26,Stripe
M001,PAY008309,ORD007278,2024-10-13,Debit Card,paid,7729.89,0.0,2024-10-14,Stripe
M001,PAY008310,ORD007164,2024-10-09,COD,pending,9255.96,0.0,2024-10-11,Juspay
M001,PAY008311,ORD000838,2024-01-27,COD,refunded,8500.64,3135.97,2024-02-01,Stripe
M001,PAY008312,ORD003641,2024-05-15,UPI,paid,6045.01,0.0,2024-05-19,Juspay
M001,PAY008313,ORD004486,2024-06-19,Credit Card,paid,4140.86,0.0,2024-06-21,PhonePe
M001,PAY008314,ORD004267,2024-06-09,Debit Card,paid,429.82,0.0,2024-06-14,Razorpay
M001,PAY008315,ORD005506,2024-08-06,COD,paid,4468.67,0.0,2024-08-11,Cashfree
M001,PAY008316,ORD004168,2024-06-05,Credit Card,paid,6227.74,0.0,2024-06-09,Juspay
M001,PAY008317,ORD006727,2024-09-27,Wallet,paid,956.22,0.0,2024-10-02,PayU
M001,PAY008318,ORD008176,2024-11-08,Credit Card,paid,6877.22,0.0,2024-11-09,Razorpay
M001,PAY008319,ORD005648,2024-08-14,Wallet,paid,3541.64,0.0,2024-08-19,Juspay
M001,PAY008320,ORD002722,2024-04-13,COD,failed,0.0,0.0,2024-04-13,Juspay
M001,PAY008321,ORD001756,2024-03-05,COD,paid,8660.71,0.0,2024-03-06,Cashfree
M001,PAY008322,ORD001517,2024-02-23,UPI,paid,8223.27,0.0,2024-02-24,Razorpay
M001,PAY008323,ORD005851,2024-08-20,COD,paid,768.6,0.0,2024-08-24,PayU
M001,PAY008324,ORD000282,2024-01-10,UPI,paid,2787.53,0.0,2024-01-13,PayU
M001,PAY008325,ORD006136,2024-09-02,COD,paid,3954.25,0.0,2024-09-04,PhonePe
M001,PAY008326,ORD009121,2024-12-03,Wallet,paid,7818.5,0.0,2024-12-06,Cashfree
M001,PAY008327,ORD007753,2024-10-27,COD,refunded,3586.2,1664.67,2024-10-29,PhonePe
M001,PAY008328,ORD002660,2024-04-10,COD,paid,4288.69,0.0,2024-04-13,Razorpay
M001,PAY008329,ORD000319,2024-01-10,Credit Card,paid,1351.07,0.0,2024-01-13,Cashfree
M001,PAY008330,ORD000510,2024-01-16,COD,refunded,4866.64,3924.29,2024-01-18,PhonePe
M001,PAY008331,ORD000695,2024-01-23,Wallet,paid,3206.79,0.0,2024-01-27,PayU
M001,PAY008332,ORD009180,2024-12-06,UPI,pending,3926.46,0.0,2024-12-08,Razorpay
M001,PAY008333,ORD004317,2024-06-13,Credit Card,paid,1023.15,0.0,2024-06-16,PayU
M001,PAY008334,ORD002433,2024-04-02,COD,paid,4715.0,0.0,2024-04-05,PayU
M001,PAY008335,ORD005291,2024-07-30,Debit Card,paid,9554.99,0.0,2024-08-01,Stripe
M001,PAY008336,ORD004154,2024-06-03,Debit Card,paid,3668.0,0.0,2024-06-07,Cashfree
M001,PAY008337,ORD002371,2024-03-31,COD,paid,1225.73,0.0,2024-04-05,Cashfree
M001,PAY008338,ORD000257,2024-01-09,Debit Card,pending,4848.56,0.0,2024-01-10,PayU
M001,PAY008339,ORD000640,2024-01-20,Debit Card,paid,5708.55,0.0,2024-01-21,Stripe
M001,PAY008340,ORD004636,2024-06-27,NetBanking,paid,1486.59,0.0,2024-06-30,PhonePe
M001,PAY008341,ORD008472,2024-11-15,UPI,paid,5310.43,0.0,2024-11-17,Juspay
M001,PAY008342,ORD008155,2024-11-08,UPI,paid,9692.43,0.0,2024-11-13,Stripe
M001,PAY008343,ORD008623,2024-11-20,COD,paid,7517.12,0.0,2024-11-21,PayU
M001,PAY008344,ORD002026,2024-03-15,UPI,pending,1998.87,0.0,2024-03-17,PayU
M001,PAY008345,ORD008721,2024-11-23,COD,paid,8001.24,0.0,2024-11-24,Stripe
M001,PAY008346,ORD008929,2024-11-27,Wallet,paid,4991.92,0.0,2024-12-01,PayU
M001,PAY008347,ORD002327,2024-03-28,NetBanking,paid,5449.38,0.0,2024-03-29,PhonePe
M001,PAY008348,ORD009360,2024-12-11,UPI,paid,8345.07,0.0,2024-12-16,Stripe
M001,PAY008349,ORD006680,2024-09-25,COD,pending,8635.52,0.0,2024-09-26,Razorpay
M001,PAY008350,ORD005071,2024-07-18,COD,paid,8665.59,0.0,2024-07-23,Razorpay
M001,PAY008351,ORD001604,2024-02-28,NetBanking,paid,4369.22,0.0,2024-03-01,Razorpay
M001,PAY008352,ORD006081,2024-08-31,COD,paid,6950.41,0.0,2024-09-05,Stripe
M001,PAY008353,ORD005482,2024-08-07,COD,paid,3629.49,0.0,2024-08-11,Juspay
M001,PAY008354,ORD009680,2024-12-20,Credit Card,paid,2020.06,0.0,2024-12-21,Razorpay
M001,PAY008355,ORD008570,2024-11-19,COD,refunded,6827.9,6491.98,2024-11-22,PhonePe
M001,PAY008356,ORD005849,2024-08-21,COD,paid,9782.81,0.0,2024-08-23,Juspay
M001,PAY008357,ORD007499,2024-10-19,COD,pending,2887.27,0.0,2024-10-21,Cashfree
M001,PAY008358,ORD007884,2024-10-31,COD,paid,1979.97,0.0,2024-11-03,Razorpay
M001,PAY008359,ORD003702,2024-05-17,COD,paid,7998.92,0.0,2024-05-19,PayU
M001,PAY008360,ORD001121,2024-02-06,Debit Card,paid,8130.88,0.0,2024-02-10,Stripe
M001,PAY008361,ORD009398,2024-12-11,Credit Card,pending,1506.02,0.0,2024-12-13,Juspay
M001,PAY008362,ORD008068,2024-11-06,Debit Card,failed,0.0,0.0,2024-11-06,PayU
M001,PAY008363,ORD009960,2024-12-30,UPI,failed,0.0,0.0,2024-12-30,Razorpay
M001,PAY008364,ORD006233,2024-09-05,NetBanking,pending,4344.65,0.0,2024-09-07,Stripe
M001,PAY008365,ORD004724,2024-06-30,COD,paid,5238.97,0.0,2024-07-01,Cashfree
M001,PAY008366,ORD003359,2024-05-05,UPI,paid,1626.0,0.0,2024-05-07,PhonePe
M001,PAY008367,ORD001598,2024-02-27,Debit Card,paid,6909.68,0.0,2024-03-01,Cashfree
M001,PAY008368,ORD008851,2024-11-26,COD,paid,5655.89,0.0,2024-11-27,PhonePe
M001,PAY008369,ORD004401,2024-06-17,Wallet,paid,7705.58,0.0,2024-06-22,PhonePe
M001,PAY008370,ORD001759,2024-03-04,NetBanking,paid,6431.44,0.0,2024-03-06,PhonePe
M001,PAY008371,ORD003138,2024-04-27,UPI,paid,6199.26,0.0,2024-04-30,Cashfree
M001,PAY008372,ORD002552,2024-04-06,COD,paid,2138.4,0.0,2024-04-07,Cashfree
M001,PAY008373,ORD004181,2024-06-06,COD,paid,6772.06,0.0,2024-06-09,Cashfree
M001,PAY008374,ORD007897,2024-10-31,UPI,paid,8620.13,0.0,2024-11-05,PhonePe
M001,PAY008375,ORD005901,2024-08-23,COD,paid,5559.14,0.0,2024-08-27,Juspay
M001,PAY008376,ORD006406,2024-09-14,COD,refunded,6636.97,2224.18,2024-09-18,PayU
M001,PAY008377,ORD005722,2024-08-16,COD,paid,3959.2,0.0,2024-08-21,Juspay
M001,PAY008378,ORD008171,2024-11-08,Credit Card,failed,0.0,0.0,2024-11-08,PayU
M001,PAY008379,ORD003421,2024-05-07,Debit Card,paid,7933.27,0.0,2024-05-08,Cashfree
M001,PAY008380,ORD004513,2024-06-20,Credit Card,failed,0.0,0.0,2024-06-20,Razorpay
M001,PAY008381,ORD005275,2024-07-28,COD,paid,7645.94,0.0,2024-07-30,PayU
M001,PAY008382,ORD000880,2024-01-28,UPI,paid,2576.3,0.0,2024-01-29,Juspay
M001,PAY008383,ORD001355,2024-02-16,COD,refunded,5656.21,2189.92,2024-02-18,Stripe
M001,PAY008384,ORD004765,2024-07-04,UPI,paid,8877.13,0.0,2024-07-08,Juspay
M001,PAY008385,ORD004541,2024-06-22,Credit Card,failed,0.0,0.0,2024-06-22,Stripe
M001,PAY008386,ORD004627,2024-06-26,Debit Card,paid,7651.12,0.0,2024-06-30,Razorpay
M001,PAY008387,ORD007998,2024-11-04,COD,failed,0.0,0.0,2024-11-04,Stripe
M001,PAY008388,ORD007863,2024-10-31,Credit Card,paid,8667.5,0.0,2024-11-01,PayU
M001,PAY008389,ORD003574,2024-05-13,COD,paid,825.26,0.0,2024-05-14,Razorpay
M001,PAY008390,ORD007105,2024-10-07,COD,refunded,6981.49,2694.78,2024-10-12,Juspay
M001,PAY008391,ORD005970,2024-08-26,UPI,paid,1665.76,0.0,2024-08-28,Cashfree
M001,PAY008392,ORD007357,2024-10-14,UPI,refunded,4994.25,2594.62,2024-10-15,Razorpay
M001,PAY008393,ORD008250,2024-11-11,Credit Card,paid,6304.81,0.0,2024-11-15,PhonePe
M001,PAY008394,ORD008332,2024-11-12,UPI,paid,7228.88,0.0,2024-11-15,Juspay
M001,PAY008395,ORD001693,2024-03-03,COD,paid,9730.14,0.0,2024-03-06,PhonePe
M001,PAY008396,ORD004306,2024-06-11,UPI,paid,662.64,0.0,2024-06-16,PhonePe
M001,PAY008397,ORD001972,2024-03-14,UPI,pending,499.76,0.0,2024-03-16,Stripe
M001,PAY008398,ORD003911,2024-05-26,COD,failed,0.0,0.0,2024-05-26,Razorpay
M001,PAY008399,ORD006986,2024-10-05,COD,paid,3561.18,0.0,2024-10-10,Juspay
M001,PAY008400,ORD009607,2024-12-19,UPI,paid,8411.92,0.0,2024-12-21,Cashfree
M001,PAY008401,ORD002439,2024-04-01,UPI,paid,2797.85,0.0,2024-04-06,Juspay
M001,PAY008402,ORD006304,2024-09-09,Wallet,paid,5885.62,0.0,2024-09-11,PhonePe
M001,PAY008403,ORD007856,2024-10-30,UPI,paid,2883.7,0.0,2024-11-03,Stripe
M001,PAY008404,ORD007814,2024-10-30,Wallet,pending,3004.23,0.0,2024-10-31,Razorpay
M001,PAY008405,ORD001989,2024-03-15,COD,paid,4456.24,0.0,2024-03-16,Stripe
M001,PAY008406,ORD000850,2024-01-28,COD,paid,5523.83,0.0,2024-01-30,Stripe
M001,PAY008407,ORD003061,2024-04-24,COD,paid,4448.74,0.0,2024-04-25,Stripe
M001,PAY008408,ORD007659,2024-10-25,COD,paid,4628.25,0.0,2024-10-28,PayU
M001,PAY008409,ORD004402,2024-06-16,COD,refunded,10273.33,7666.49,2024-06-18,Razorpay
M001,PAY008410,ORD009251,2024-12-08,NetBanking,paid,3804.06,0.0,2024-12-10,Stripe
M001,PAY008411,ORD003202,2024-04-29,UPI,paid,3926.54,0.0,2024-05-03,PayU
M001,PAY008412,ORD009501,2024-12-14,Credit Card,paid,6099.27,0.0,2024-12-16,Juspay
M001,PAY008413,ORD007132,2024-10-08,UPI,paid,3938.67,0.0,2024-10-09,PhonePe
M001,PAY008414,ORD007439,2024-10-18,UPI,paid,3171.83,0.0,2024-10-22,PayU
M001,PAY008415,ORD009597,2024-12-19,COD,paid,2996.58,0.0,2024-12-21,Juspay
M001,PAY008416,ORD000305,2024-01-09,COD,paid,6441.61,0.0,2024-01-10,PayU
M001,PAY008417,ORD009767,2024-12-24,COD,pending,1583.69,0.0,2024-12-25,PayU
M001,PAY008418,ORD008905,2024-11-28,Debit Card,paid,5538.23,0.0,2024-12-01,Cashfree
M001,PAY008419,ORD007827,2024-10-29,UPI,paid,8972.37,0.0,2024-10-30,Juspay
M001,PAY008420,ORD004668,2024-06-28,NetBanking,paid,1385.67,0.0,2024-06-29,PhonePe
M001,PAY008421,ORD003314,2024-05-03,UPI,paid,10394.38,0.0,2024-05-05,Razorpay
M001,PAY008422,ORD007577,2024-10-22,COD,paid,3573.58,0.0,2024-10-27,Razorpay
M001,PAY008423,ORD000734,2024-01-23,Debit Card,paid,5033.25,0.0,2024-01-28,Juspay
M001,PAY008424,ORD004188,2024-06-06,COD,paid,5845.46,0.0,2024-06-11,PhonePe
M001,PAY008425,ORD003626,2024-05-15,COD,paid,10637.36,0.0,2024-05-20,PhonePe
M001,PAY008426,ORD003131,2024-04-27,UPI,failed,0.0,0.0,2024-04-27,PayU
M001,PAY008427,ORD001092,2024-02-04,Credit Card,paid,5800.21,0.0,2024-02-08,PhonePe
M001,PAY008428,ORD009418,2024-12-13,Wallet,paid,8557.83,0.0,2024-12-18,Razorpay
M001,PAY008429,ORD008970,2024-11-29,COD,paid,4240.2,0.0,2024-12-02,Juspay
M001,PAY008430,ORD004471,2024-06-19,UPI,paid,10266.4,0.0,2024-06-22,PhonePe
M001,PAY008431,ORD002100,2024-03-18,COD,failed,0.0,0.0,2024-03-18,PayU
M001,PAY008432,ORD000242,2024-01-09,COD,paid,7396.58,0.0,2024-01-12,PhonePe
M001,PAY008433,ORD006105,2024-08-31,Debit Card,paid,1253.61,0.0,2024-09-01,Stripe
M001,PAY008434,ORD009127,2024-12-03,Credit Card,paid,3850.16,0.0,2024-12-05,Razorpay
M001,PAY008435,ORD002264,2024-03-26,Credit Card,paid,721.54,0.0,2024-03-31,PhonePe
M001,PAY008436,ORD008684,2024-11-22,COD,paid,2811.98,0.0,2024-11-26,Cashfree
M001,PAY008437,ORD003147,2024-04-27,COD,paid,5181.6,0.0,2024-05-02,Cashfree
M001,PAY008438,ORD003039,2024-04-23,UPI,failed,0.0,0.0,2024-04-23,PayU
M001,PAY008439,ORD008832,2024-11-25,UPI,failed,0.0,0.0,2024-11-25,Stripe
M001,PAY008440,ORD009534,2024-12-16,Credit Card,paid,9083.73,0.0,2024-12-18,Juspay
M001,PAY008441,ORD002356,2024-03-30,Credit Card,paid,5025.93,0.0,2024-04-02,Razorpay
M001,PAY008442,ORD003772,2024-05-21,Credit Card,paid,6456.62,0.0,2024-05-22,PayU
M001,PAY008443,ORD009712,2024-12-21,COD,paid,1952.26,0.0,2024-12-26,Juspay
M001,PAY008444,ORD001242,2024-02-11,COD,paid,6970.18,0.0,2024-02-16,Juspay
M001,PAY008445,ORD005845,2024-08-20,COD,paid,3429.72,0.0,2024-08-21,Razorpay
M001,PAY008446,ORD005236,2024-07-26,COD,paid,4453.17,0.0,2024-07-28,PhonePe
M001,PAY008447,ORD005014,2024-07-16,Wallet,paid,3744.83,0.0,2024-07-17,Cashfree
M001,PAY008448,ORD003564,2024-05-12,COD,paid,5383.68,0.0,2024-05-14,Juspay
M001,PAY008449,ORD008131,2024-11-07,Credit Card,paid,5312.07,0.0,2024-11-12,Cashfree
M001,PAY008450,ORD006576,2024-09-22,Debit Card,paid,4446.78,0.0,2024-09-24,Stripe
M001,PAY008451,ORD004749,2024-07-03,Credit Card,paid,7030.71,0.0,2024-07-05,Juspay
M001,PAY008452,ORD000309,2024-01-10,UPI,paid,8420.97,0.0,2024-01-11,Cashfree
M001,PAY008453,ORD005080,2024-07-18,UPI,paid,944.89,0.0,2024-07-23,PhonePe
M001,PAY008454,ORD007208,2024-10-11,Debit Card,paid,5637.43,0.0,2024-10-15,Razorpay
M001,PAY008455,ORD007534,2024-10-20,UPI,paid,5342.13,0.0,2024-10-22,Stripe
M001,PAY008456,ORD001493,2024-02-22,COD,paid,3719.07,0.0,2024-02-23,PayU
M001,PAY008457,ORD003652,2024-05-15,NetBanking,paid,1324.9,0.0,2024-05-19,Razorpay
M001,PAY008458,ORD008696,2024-11-23,Wallet,paid,4438.32,0.0,2024-11-25,Stripe
M001,PAY008459,ORD005185,2024-07-25,UPI,paid,4864.68,0.0,2024-07-27,Razorpay
M001,PAY008460,ORD000684,2024-01-23,COD,paid,8345.73,0.0,2024-01-26,Juspay
M001,PAY008461,ORD004714,2024-07-01,COD,paid,8225.74,0.0,2024-07-03,Juspay
M001,PAY008462,ORD000126,2024-01-05,COD,paid,4779.41,0.0,2024-01-07,Cashfree
M001,PAY008463,ORD008310,2024-11-11,Debit Card,paid,7426.35,0.0,2024-11-13,PayU
M001,PAY008464,ORD002470,2024-04-03,COD,paid,6694.24,0.0,2024-04-08,Juspay
M001,PAY008465,ORD004600,2024-06-24,UPI,paid,5054.03,0.0,2024-06-27,PhonePe
M001,PAY008466,ORD003137,2024-04-27,NetBanking,paid,6231.32,0.0,2024-05-02,Stripe
M001,PAY008467,ORD006824,2024-09-29,UPI,paid,7232.72,0.0,2024-10-04,PayU
M001,PAY008468,ORD000031,2024-01-01,COD,paid,3591.27,0.0,2024-01-03,PayU
M001,PAY008469,ORD008678,2024-11-22,NetBanking,paid,5753.44,0.0,2024-11-23,Stripe
M001,PAY008470,ORD001133,2024-02-05,COD,paid,10589.29,0.0,2024-02-08,PayU
M001,PAY008471,ORD005182,2024-07-25,NetBanking,refunded,6405.61,5536.32,2024-07-30,Cashfree
M001,PAY008472,ORD001518,2024-02-23,Debit Card,refunded,5506.62,4805.38,2024-02-28,Cashfree
M001,PAY008473,ORD003831,2024-05-23,Credit Card,paid,1488.07,0.0,2024-05-27,PayU
M001,PAY008474,ORD008210,2024-11-10,Debit Card,paid,1939.57,0.0,2024-11-14,PayU
M001,PAY008475,ORD006456,2024-09-16,Credit Card,paid,4803.43,0.0,2024-09-20,PayU
M001,PAY008476,ORD009525,2024-12-17,UPI,paid,5028.2,0.0,2024-12-20,PhonePe
M001,PAY008477,ORD007087,2024-10-07,Credit Card,paid,1527.25,0.0,2024-10-09,Stripe
M001,PAY008478,ORD006021,2024-08-29,Credit Card,paid,6094.01,0.0,2024-09-01,PayU
M001,PAY008479,ORD008936,2024-11-28,Credit Card,paid,9913.94,0.0,2024-11-30,Razorpay
M001,PAY008480,ORD001786,2024-03-06,COD,paid,5890.64,0.0,2024-03-11,Razorpay
M001,PAY008481,ORD007790,2024-10-27,COD,paid,9251.44,0.0,2024-11-01,PayU
M001,PAY008482,ORD006271,2024-09-07,COD,paid,2254.92,0.0,2024-09-08,Juspay
M001,PAY008483,ORD006494,2024-09-17,Credit Card,paid,5312.81,0.0,2024-09-20,Stripe
M001,PAY008484,ORD002050,2024-03-17,UPI,paid,5524.59,0.0,2024-03-18,PayU
M001,PAY008485,ORD006557,2024-09-20,COD,paid,6168.65,0.0,2024-09-25,Razorpay
M001,PAY008486,ORD000085,2024-01-03,Wallet,paid,9529.64,0.0,2024-01-07,Stripe
M001,PAY008487,ORD001732,2024-03-03,COD,paid,6698.23,0.0,2024-03-07,Razorpay
M001,PAY008488,ORD002991,2024-04-21,UPI,paid,6152.45,0.0,2024-04-25,Juspay
M001,PAY008489,ORD003358,2024-05-05,COD,paid,9393.25,0.0,2024-05-07,PhonePe
M001,PAY008490,ORD008105,2024-11-07,Credit Card,refunded,8999.94,2013.05,2024-11-08,Cashfree
M001,PAY008491,ORD005029,2024-07-17,Wallet,paid,5113.58,0.0,2024-07-22,Stripe
M001,PAY008492,ORD009022,2024-12-01,Debit Card,paid,2576.58,0.0,2024-12-03,Cashfree
M001,PAY008493,ORD007676,2024-10-25,COD,paid,5344.0,0.0,2024-10-27,PayU
M001,PAY008494,ORD007601,2024-10-21,UPI,refunded,6658.53,3582.66,2024-10-26,Razorpay
M001,PAY008495,ORD002786,2024-04-13,COD,paid,2922.6,0.0,2024-04-18,Razorpay
M001,PAY008496,ORD000821,2024-01-27,UPI,paid,6149.09,0.0,2024-02-01,Juspay
M001,PAY008497,ORD004190,2024-06-05,Credit Card,paid,1649.65,0.0,2024-06-06,Cashfree
M001,PAY008498,ORD005721,2024-08-16,UPI,paid,7978.61,0.0,2024-08-21,PhonePe
M001,PAY008499,ORD009111,2024-12-03,COD,paid,712.9,0.0,2024-12-06,PhonePe
M001,PAY008500,ORD005363,2024-08-02,COD,refunded,5671.03,3834.72,2024-08-03,Razorpay
M001,PAY008501,ORD004243,2024-06-09,Debit Card,paid,1763.19,0.0,2024-06-14,Stripe
M001,PAY008502,ORD007102,2024-10-08,COD,refunded,5527.52,4435.21,2024-10-11,Cashfree
M001,PAY008503,ORD006898,2024-10-02,UPI,paid,1631.54,0.0,2024-10-05,Juspay
M001,PAY008504,ORD000251,2024-01-09,UPI,paid,3074.18,0.0,2024-01-14,Juspay
M001,PAY008505,ORD007866,2024-10-31,UPI,paid,3197.65,0.0,2024-11-04,Stripe
M001,PAY008506,ORD009391,2024-12-11,UPI,paid,7802.59,0.0,2024-12-12,Juspay
M001,PAY008507,ORD001262,2024-02-11,UPI,paid,2387.26,0.0,2024-02-15,Juspay
M001,PAY008508,ORD007063,2024-10-06,Debit Card,paid,7843.39,0.0,2024-10-08,Cashfree
M001,PAY008509,ORD001368,2024-02-15,Debit Card,paid,7710.41,0.0,2024-02-17,Cashfree
M001,PAY008510,ORD006891,2024-10-03,COD,paid,7578.45,0.0,2024-10-07,Stripe
M001,PAY008511,ORD008216,2024-11-10,Credit Card,paid,3258.22,0.0,2024-11-11,PhonePe
M001,PAY008512,ORD003976,2024-05-27,Debit Card,paid,6490.43,0.0,2024-05-29,Razorpay
M001,PAY008513,ORD009996,2024-12-30,UPI,paid,6393.15,0.0,2025-01-03,Razorpay
M001,PAY008514,ORD001552,2024-02-26,COD,paid,3542.84,0.0,2024-02-29,Stripe
M001,PAY008515,ORD000076,2024-01-03,Credit Card,paid,5814.87,0.0,2024-01-06,Juspay
M001,PAY008516,ORD005701,2024-08-15,COD,paid,1522.72,0.0,2024-08-19,PhonePe
M001,PAY008517,ORD008477,2024-11-16,COD,paid,7707.83,0.0,2024-11-20,Stripe
M001,PAY008518,ORD001629,2024-02-29,COD,paid,3508.49,0.0,2024-03-01,Razorpay
M001,PAY008519,ORD005617,2024-08-11,COD,paid,6339.14,0.0,2024-08-16,PayU
M001,PAY008520,ORD009330,2024-12-10,COD,paid,4806.91,0.0,2024-12-13,Razorpay
M001,PAY008521,ORD009754,2024-12-23,COD,paid,5333.2,0.0,2024-12-27,Stripe
M001,PAY008522,ORD001779,2024-03-06,COD,paid,3935.08,0.0,2024-03-10,PhonePe
M001,PAY008523,ORD004214,2024-06-06,UPI,paid,878.43,0.0,2024-06-09,Razorpay
M001,PAY008524,ORD003295,2024-05-03,UPI,refunded,1154.68,888.59,2024-05-07,Juspay
M001,PAY008525,ORD007067,2024-10-07,Wallet,paid,7136.92,0.0,2024-10-11,Juspay
M001,PAY008526,ORD001550,2024-02-25,Wallet,paid,4731.27,0.0,2024-02-28,Juspay
M001,PAY008527,ORD000045,2024-01-02,Debit Card,paid,5947.26,0.0,2024-01-03,Juspay
M001,PAY008528,ORD000716,2024-01-23,Wallet,refunded,1229.1,562.61,2024-01-26,PhonePe
M001,PAY008529,ORD007787,2024-10-28,NetBanking,paid,5407.21,0.0,2024-11-01,Juspay
M001,PAY008530,ORD004174,2024-06-04,UPI,paid,6032.11,0.0,2024-06-08,Cashfree
M001,PAY008531,ORD005554,2024-08-09,Wallet,paid,8343.95,0.0,2024-08-13,Stripe
M001,PAY008532,ORD000264,2024-01-09,UPI,paid,2792.82,0.0,2024-01-11,Stripe
M001,PAY008533,ORD006213,2024-09-05,NetBanking,paid,3146.81,0.0,2024-09-07,Stripe
M001,PAY008534,ORD001270,2024-02-12,Wallet,paid,7389.8,0.0,2024-02-14,PayU
M001,PAY008535,ORD003198,2024-04-30,UPI,paid,3329.82,0.0,2024-05-05,PayU
M001,PAY008536,ORD006420,2024-09-15,Credit Card,paid,1650.57,0.0,2024-09-20,PhonePe
M001,PAY008537,ORD008769,2024-11-24,Credit Card,paid,10114.55,0.0,2024-11-27,Razorpay
M001,PAY008538,ORD006635,2024-09-24,NetBanking,paid,7141.56,0.0,2024-09-29,PayU
M001,PAY008539,ORD009633,2024-12-20,Credit Card,paid,5449.29,0.0,2024-12-24,PayU
M001,PAY008540,ORD000347,2024-01-11,Debit Card,paid,8178.95,0.0,2024-01-13,Razorpay
M001,PAY008541,ORD001596,2024-02-27,UPI,paid,8564.5,0.0,2024-03-03,PayU
M001,PAY008542,ORD003115,2024-04-27,COD,refunded,6965.61,2481.98,2024-04-28,Stripe
M001,PAY008543,ORD000742,2024-01-24,Debit Card,refunded,4970.87,3915.17,2024-01-25,Stripe
M001,PAY008544,ORD001952,2024-03-13,UPI,paid,5933.73,0.0,2024-03-14,PhonePe
M001,PAY008545,ORD007262,2024-10-12,UPI,paid,1827.94,0.0,2024-10-13,Stripe
M001,PAY008546,ORD004322,2024-06-12,Credit Card,paid,6124.44,0.0,2024-06-14,Stripe
M001,PAY008547,ORD000830,2024-01-26,Debit Card,paid,3962.96,0.0,2024-01-30,Cashfree
M001,PAY008548,ORD004916,2024-07-11,Wallet,paid,780.85,0.0,2024-07-13,Razorpay
M001,PAY008549,ORD007163,2024-10-09,COD,paid,8010.1,0.0,2024-10-13,Razorpay
M001,PAY008550,ORD000316,2024-01-11,Debit Card,paid,1203.45,0.0,2024-01-12,Stripe
M001,PAY008551,ORD003220,2024-04-29,UPI,paid,3013.58,0.0,2024-05-01,Cashfree
M001,PAY008552,ORD008578,2024-11-19,UPI,paid,7401.38,0.0,2024-11-22,Stripe
M001,PAY008553,ORD004997,2024-07-14,COD,paid,6909.7,0.0,2024-07-16,Juspay
M001,PAY008554,ORD008274,2024-11-10,COD,paid,3452.79,0.0,2024-11-14,PayU
M001,PAY008555,ORD005989,2024-08-26,UPI,paid,4872.04,0.0,2024-08-29,Razorpay
M001,PAY008556,ORD002320,2024-03-29,Debit Card,paid,6905.79,0.0,2024-04-02,PhonePe
M001,PAY008557,ORD004254,2024-06-08,COD,paid,3505.06,0.0,2024-06-09,Cashfree
M001,PAY008558,ORD002804,2024-04-14,COD,paid,7249.28,0.0,2024-04-17,Razorpay
M001,PAY008559,ORD001358,2024-02-16,COD,paid,2708.22,0.0,2024-02-17,Stripe
M001,PAY008560,ORD005135,2024-07-22,UPI,paid,2365.98,0.0,2024-07-24,Razorpay
M001,PAY008561,ORD000674,2024-01-22,Credit Card,paid,8084.23,0.0,2024-01-23,Cashfree
M001,PAY008562,ORD006041,2024-08-29,COD,paid,10132.74,0.0,2024-09-02,PhonePe
M001,PAY008563,ORD006856,2024-10-02,UPI,paid,3275.13,0.0,2024-10-05,PhonePe
M001,PAY008564,ORD005744,2024-08-17,UPI,paid,3322.4,0.0,2024-08-19,Juspay
M001,PAY008565,ORD005481,2024-08-06,COD,paid,1086.29,0.0,2024-08-10,Juspay
M001,PAY008566,ORD004671,2024-06-28,COD,paid,7029.75,0.0,2024-06-30,PayU
M001,PAY008567,ORD004046,2024-05-31,UPI,paid,3967.19,0.0,2024-06-01,PayU
M001,PAY008568,ORD001027,2024-02-02,Credit Card,paid,4784.52,0.0,2024-02-07,Cashfree
M001,PAY008569,ORD003828,2024-05-22,Credit Card,refunded,4020.02,1663.96,2024-05-25,PhonePe
M001,PAY008570,ORD003378,2024-05-05,UPI,paid,3598.72,0.0,2024-05-09,PhonePe
M001,PAY008571,ORD004604,2024-06-25,COD,paid,5357.0,0.0,2024-06-28,Razorpay
M001,PAY008572,ORD001334,2024-02-13,UPI,paid,2145.34,0.0,2024-02-15,PayU
M001,PAY008573,ORD003592,2024-05-14,UPI,paid,7125.05,0.0,2024-05-15,Razorpay
M001,PAY008574,ORD004524,2024-06-21,COD,paid,5004.53,0.0,2024-06-23,PhonePe
M001,PAY008575,ORD004050,2024-05-30,UPI,paid,9547.98,0.0,2024-05-31,Stripe
M001,PAY008576,ORD005364,2024-08-02,NetBanking,paid,2530.23,0.0,2024-08-03,Razorpay
M001,PAY008577,ORD008103,2024-11-06,Credit Card,paid,6211.4,0.0,2024-11-11,Juspay
M001,PAY008578,ORD000839,2024-01-27,UPI,refunded,8931.75,4644.44,2024-01-29,PhonePe
M001,PAY008579,ORD003738,2024-05-19,UPI,paid,5923.05,0.0,2024-05-21,Cashfree
M001,PAY008580,ORD009618,2024-12-18,UPI,paid,1682.54,0.0,2024-12-20,PhonePe
M001,PAY008581,ORD007388,2024-10-16,UPI,paid,8022.86,0.0,2024-10-18,PhonePe
M001,PAY008582,ORD002102,2024-03-18,UPI,paid,10103.2,0.0,2024-03-23,Razorpay
M001,PAY008583,ORD005592,2024-08-11,Wallet,paid,3364.9,0.0,2024-08-13,Razorpay
M001,PAY008584,ORD005102,2024-07-20,Debit Card,paid,4461.41,0.0,2024-07-23,PhonePe
M001,PAY008585,ORD004110,2024-06-01,UPI,paid,2417.78,0.0,2024-06-03,PayU
M001,PAY008586,ORD002071,2024-03-17,UPI,paid,5007.97,0.0,2024-03-22,PhonePe
M001,PAY008587,ORD008192,2024-11-08,Credit Card,paid,7995.98,0.0,2024-11-11,Juspay
M001,PAY008588,ORD004045,2024-05-31,UPI,paid,4666.21,0.0,2024-06-01,PhonePe
M001,PAY008589,ORD004661,2024-06-27,COD,refunded,10003.97,5070.72,2024-06-29,PayU
M001,PAY008590,ORD005743,2024-08-16,Wallet,paid,6706.93,0.0,2024-08-21,Juspay
M001,PAY008591,ORD006714,2024-09-26,Wallet,paid,2823.82,0.0,2024-09-28,Cashfree
M001,PAY008592,ORD008561,2024-11-19,COD,paid,7966.25,0.0,2024-11-23,Stripe
M001,PAY008593,ORD005496,2024-08-06,UPI,refunded,2444.92,341.91,2024-08-09,PhonePe
M001,PAY008594,ORD005338,2024-07-31,Debit Card,paid,709.93,0.0,2024-08-04,Stripe
M001,PAY008595,ORD002313,2024-03-28,UPI,paid,4824.31,0.0,2024-03-31,Juspay
M001,PAY008596,ORD000274,2024-01-09,UPI,paid,4968.09,0.0,2024-01-13,Stripe
M001,PAY008597,ORD001359,2024-02-15,COD,paid,4047.74,0.0,2024-02-18,PayU
M001,PAY008598,ORD004927,2024-07-11,Credit Card,failed,0.0,0.0,2024-07-11,PhonePe
M001,PAY008599,ORD007709,2024-10-25,COD,paid,4120.41,0.0,2024-10-29,PhonePe
M001,PAY008600,ORD003457,2024-05-08,UPI,paid,1185.1,0.0,2024-05-10,Cashfree
M001,PAY008601,ORD003728,2024-05-18,Credit Card,paid,6304.84,0.0,2024-05-23,PhonePe
M001,PAY008602,ORD009394,2024-12-12,COD,paid,4615.47,0.0,2024-12-15,PhonePe
M001,PAY008603,ORD003108,2024-04-26,COD,paid,6198.38,0.0,2024-05-01,Juspay
M001,PAY008604,ORD002681,2024-04-10,NetBanking,paid,4162.43,0.0,2024-04-15,Stripe
M001,PAY008605,ORD001887,2024-03-09,COD,paid,7278.41,0.0,2024-03-13,PhonePe
M001,PAY008606,ORD006743,2024-09-27,COD,paid,7305.45,0.0,2024-09-28,Razorpay
M001,PAY008607,ORD007955,2024-11-02,COD,paid,2575.05,0.0,2024-11-07,Stripe
M001,PAY008608,ORD001466,2024-02-21,Wallet,paid,4852.27,0.0,2024-02-23,Stripe
M001,PAY008609,ORD007706,2024-10-26,COD,paid,4922.34,0.0,2024-10-31,PayU
M001,PAY008610,ORD000386,2024-01-12,NetBanking,paid,7704.97,0.0,2024-01-16,Juspay
M001,PAY008611,ORD001681,2024-03-02,UPI,refunded,5447.33,4459.81,2024-03-06,Juspay
M001,PAY008612,ORD007801,2024-10-29,UPI,paid,4285.15,0.0,2024-11-01,PayU
M001,PAY008613,ORD009451,2024-12-14,COD,refunded,10526.49,9476.47,2024-12-19,Stripe
M001,PAY008614,ORD008106,2024-11-07,Wallet,paid,5655.02,0.0,2024-11-10,Razorpay
M001,PAY008615,ORD008102,2024-11-06,UPI,paid,2069.1,0.0,2024-11-07,Stripe
M001,PAY008616,ORD009289,2024-12-09,Credit Card,paid,2256.18,0.0,2024-12-11,PayU
M001,PAY008617,ORD004687,2024-06-29,Credit Card,paid,2316.92,0.0,2024-06-30,Razorpay
M001,PAY008618,ORD002245,2024-03-24,UPI,paid,7345.45,0.0,2024-03-28,Razorpay
M001,PAY008619,ORD001635,2024-02-29,Credit Card,paid,10005.84,0.0,2024-03-03,Juspay
M001,PAY008620,ORD009649,2024-12-19,Debit Card,paid,5432.56,0.0,2024-12-20,Juspay
M001,PAY008621,ORD006074,2024-08-31,UPI,paid,6863.09,0.0,2024-09-05,Juspay
M001,PAY008622,ORD004430,2024-06-17,Wallet,paid,7047.31,0.0,2024-06-20,PhonePe
M001,PAY008623,ORD007541,2024-10-21,COD,paid,3295.13,0.0,2024-10-26,Razorpay
M001,PAY008624,ORD005907,2024-08-24,UPI,refunded,6010.11,3814.12,2024-08-26,Stripe
M001,PAY008625,ORD005436,2024-08-04,NetBanking,failed,0.0,0.0,2024-08-04,Juspay
M001,PAY008626,ORD003618,2024-05-14,Wallet,paid,1102.4,0.0,2024-05-15,PayU
M001,PAY008627,ORD008195,2024-11-09,Credit Card,paid,4457.79,0.0,2024-11-10,PhonePe
M001,PAY008628,ORD007915,2024-11-02,COD,refunded,3380.26,1942.15,2024-11-03,PhonePe
M001,PAY008629,ORD003049,2024-04-23,UPI,paid,4317.44,0.0,2024-04-28,Stripe
M001,PAY008630,ORD003559,2024-05-11,COD,paid,714.34,0.0,2024-05-13,Juspay
M001,PAY008631,ORD002633,2024-04-08,COD,paid,9812.89,0.0,2024-04-09,Razorpay
M001,PAY008632,ORD001427,2024-02-19,NetBanking,paid,6791.88,0.0,2024-02-24,Stripe
M001,PAY008633,ORD005012,2024-07-15,COD,paid,3590.16,0.0,2024-07-20,Stripe
M001,PAY008634,ORD003938,2024-05-26,Wallet,paid,784.27,0.0,2024-05-30,Juspay
M001,PAY008635,ORD000953,2024-01-30,Debit Card,paid,5682.06,0.0,2024-02-04,PayU
M001,PAY008636,ORD005861,2024-08-21,UPI,paid,3049.31,0.0,2024-08-25,PhonePe
M001,PAY008637,ORD008728,2024-11-22,COD,paid,7198.11,0.0,2024-11-26,PhonePe
M001,PAY008638,ORD006966,2024-10-04,Wallet,pending,7359.0,0.0,2024-10-05,Juspay
M001,PAY008639,ORD009958,2024-12-29,COD,pending,9491.16,0.0,2024-12-30,Razorpay
M001,PAY008640,ORD001300,2024-02-12,COD,paid,6418.75,0.0,2024-02-17,PhonePe
M001,PAY008641,ORD003562,2024-05-11,COD,paid,2305.1,0.0,2024-05-15,PayU
M001,PAY008642,ORD006413,2024-09-15,NetBanking,failed,0.0,0.0,2024-09-15,PhonePe
M001,PAY008643,ORD009552,2024-12-17,Debit Card,failed,0.0,0.0,2024-12-17,Stripe
M001,PAY008644,ORD002276,2024-03-27,COD,paid,3876.85,0.0,2024-03-31,PhonePe
M001,PAY008645,ORD009949,2024-12-30,UPI,refunded,2680.49,2164.42,2025-01-04,Stripe
M001,PAY008646,ORD009134,2024-12-03,UPI,paid,8227.19,0.0,2024-12-06,PhonePe
M001,PAY008647,ORD005063,2024-07-18,COD,paid,1300.61,0.0,2024-07-22,PhonePe
M001,PAY008648,ORD003918,2024-05-25,COD,paid,5404.11,0.0,2024-05-28,Juspay
M001,PAY008649,ORD003950,2024-05-26,UPI,paid,5656.73,0.0,2024-05-31,Razorpay
M001,PAY008650,ORD008478,2024-11-17,COD,paid,6932.8,0.0,2024-11-19,Stripe
M001,PAY008651,ORD007631,2024-10-23,Debit Card,paid,8320.87,0.0,2024-10-26,Cashfree
M001,PAY008652,ORD000873,2024-01-29,Wallet,refunded,2250.85,1337.0,2024-01-31,PayU
M001,PAY008653,ORD001973,2024-03-14,UPI,paid,1057.38,0.0,2024-03-19,Razorpay
M001,PAY008654,ORD006191,2024-09-04,UPI,pending,2751.98,0.0,2024-09-05,Razorpay
M001,PAY008655,ORD000466,2024-01-15,COD,paid,2793.03,0.0,2024-01-18,PhonePe
M001,PAY008656,ORD003550,2024-05-11,Debit Card,paid,5865.82,0.0,2024-05-13,PayU
M001,PAY008657,ORD002041,2024-03-16,COD,paid,3420.88,0.0,2024-03-20,Stripe
M001,PAY008658,ORD008133,2024-11-08,COD,refunded,5147.04,4480.43,2024-11-09,Cashfree
M001,PAY008659,ORD006249,2024-09-07,COD,pending,3816.27,0.0,2024-09-09,Cashfree
M001,PAY008660,ORD008754,2024-11-23,COD,paid,7384.0,0.0,2024-11-26,Razorpay
M001,PAY008661,ORD007337,2024-10-15,UPI,paid,3283.84,0.0,2024-10-18,PhonePe
M001,PAY008662,ORD002466,2024-04-03,COD,refunded,2781.26,1506.57,2024-04-04,PhonePe
M001,PAY008663,ORD005281,2024-07-28,UPI,paid,7577.02,0.0,2024-07-29,PayU
M001,PAY008664,ORD009460,2024-12-13,COD,paid,3514.48,0.0,2024-12-16,PayU
M001,PAY008665,ORD005853,2024-08-22,UPI,paid,5642.16,0.0,2024-08-23,Cashfree
M001,PAY008666,ORD002878,2024-04-18,Credit Card,paid,3876.08,0.0,2024-04-22,PhonePe
M001,PAY008667,ORD005320,2024-07-31,COD,paid,1079.86,0.0,2024-08-05,PayU
M001,PAY008668,ORD008190,2024-11-09,Debit Card,paid,9327.14,0.0,2024-11-10,Razorpay
M001,PAY008669,ORD005062,2024-07-19,COD,paid,9906.69,0.0,2024-07-20,Stripe
M001,PAY008670,ORD003965,2024-05-28,COD,paid,3531.56,0.0,2024-05-31,Stripe
M001,PAY008671,ORD001796,2024-03-07,UPI,paid,4787.6,0.0,2024-03-10,Stripe
M001,PAY008672,ORD004954,2024-07-13,COD,paid,4369.35,0.0,2024-07-18,Juspay
M001,PAY008673,ORD003025,2024-04-22,UPI,pending,3869.52,0.0,2024-04-23,PayU
M001,PAY008674,ORD009544,2024-12-17,COD,paid,6271.28,0.0,2024-12-18,PhonePe
M001,PAY008675,ORD003910,2024-05-25,Wallet,paid,5301.08,0.0,2024-05-26,PayU
M001,PAY008676,ORD005942,2024-08-24,Wallet,paid,8912.59,0.0,2024-08-29,PhonePe
M001,PAY008677,ORD001941,2024-03-12,COD,paid,860.96,0.0,2024-03-17,Razorpay
M001,PAY008678,ORD008184,2024-11-08,Debit Card,paid,6962.2,0.0,2024-11-12,Razorpay
M001,PAY008679,ORD008983,2024-11-30,COD,paid,3679.81,0.0,2024-12-03,Juspay
M001,PAY008680,ORD007254,2024-10-12,COD,failed,0.0,0.0,2024-10-12,Cashfree
M001,PAY008681,ORD000469,2024-01-15,UPI,paid,11207.71,0.0,2024-01-19,Razorpay
M001,PAY008682,ORD001540,2024-02-24,COD,paid,5211.65,0.0,2024-02-28,Cashfree
M001,PAY008683,ORD005704,2024-08-15,UPI,refunded,10879.32,11098.78,2024-08-17,PhonePe
M001,PAY008684,ORD000752,2024-01-24,COD,paid,5697.77,0.0,2024-01-26,PayU
M001,PAY008685,ORD002829,2024-04-16,UPI,paid,1359.56,0.0,2024-04-19,Cashfree
M001,PAY008686,ORD001465,2024-02-20,COD,refunded,5514.33,2534.53,2024-02-24,Stripe
M001,PAY008687,ORD006230,2024-09-06,UPI,paid,8140.91,0.0,2024-09-07,Razorpay
M001,PAY008688,ORD003463,2024-05-10,UPI,paid,6343.59,0.0,2024-05-11,Cashfree
M001,PAY008689,ORD009293,2024-12-09,Debit Card,failed,0.0,0.0,2024-12-09,PhonePe
M001,PAY008690,ORD004246,2024-06-08,COD,paid,7980.27,0.0,2024-06-12,Razorpay
M001,PAY008691,ORD001532,2024-02-23,COD,paid,4196.98,0.0,2024-02-25,Stripe
M001,PAY008692,ORD005450,2024-08-04,UPI,refunded,2817.08,1077.18,2024-08-07,Cashfree
M001,PAY008693,ORD006705,2024-09-25,UPI,paid,5963.22,0.0,2024-09-30,Juspay
M001,PAY008694,ORD005460,2024-08-05,Credit Card,paid,2668.77,0.0,2024-08-06,Razorpay
M001,PAY008695,ORD004895,2024-07-09,COD,paid,580.8,0.0,2024-07-11,Juspay
M001,PAY008696,ORD003877,2024-05-25,Wallet,paid,994.49,0.0,2024-05-29,Cashfree
M001,PAY008697,ORD001322,2024-02-14,Wallet,paid,4325.58,0.0,2024-02-19,Juspay
M001,PAY008698,ORD005857,2024-08-22,Debit Card,paid,7831.17,0.0,2024-08-23,Stripe
M001,PAY008699,ORD005239,2024-07-26,COD,paid,4915.25,0.0,2024-07-30,Juspay
M001,PAY008700,ORD002035,2024-03-15,COD,refunded,5089.2,2544.43,2024-03-18,Stripe
M001,PAY008701,ORD004689,2024-06-30,COD,paid,9433.69,0.0,2024-07-01,Cashfree
M001,PAY008702,ORD002263,2024-03-26,Wallet,paid,1381.71,0.0,2024-03-27,PayU
M001,PAY008703,ORD005192,2024-07-25,UPI,paid,6683.49,0.0,2024-07-29,Cashfree
M001,PAY008704,ORD007421,2024-10-16,COD,paid,6231.13,0.0,2024-10-18,PhonePe
M001,PAY008705,ORD001237,2024-02-09,Debit Card,paid,9530.8,0.0,2024-02-11,Juspay
M001,PAY008706,ORD002107,2024-03-19,COD,paid,8071.36,0.0,2024-03-20,PhonePe
M001,PAY008707,ORD002940,2024-04-19,COD,paid,7409.77,0.0,2024-04-24,Cashfree
M001,PAY008708,ORD006453,2024-09-15,Debit Card,paid,11110.83,0.0,2024-09-16,PayU
M001,PAY008709,ORD006565,2024-09-21,Debit Card,paid,4556.88,0.0,2024-09-22,Juspay
M001,PAY008710,ORD000665,2024-01-21,COD,paid,3828.34,0.0,2024-01-23,PayU
M001,PAY008711,ORD008563,2024-11-19,Wallet,paid,4238.48,0.0,2024-11-22,PhonePe
M001,PAY008712,ORD001018,2024-02-01,NetBanking,paid,5351.97,0.0,2024-02-03,PhonePe
M001,PAY008713,ORD005419,2024-08-04,Wallet,paid,566.15,0.0,2024-08-07,Razorpay
M001,PAY008714,ORD006852,2024-10-01,COD,paid,7478.02,0.0,2024-10-02,Juspay
M001,PAY008715,ORD008745,2024-11-23,UPI,refunded,1794.66,1563.6,2024-11-28,Razorpay
M001,PAY008716,ORD005817,2024-08-19,UPI,failed,0.0,0.0,2024-08-19,PayU
M001,PAY008717,ORD006214,2024-09-04,UPI,paid,8084.28,0.0,2024-09-08,Juspay
M001,PAY008718,ORD008613,2024-11-19,UPI,paid,1413.43,0.0,2024-11-21,PhonePe
M001,PAY008719,ORD004356,2024-06-14,COD,paid,6720.93,0.0,2024-06-17,Cashfree
M001,PAY008720,ORD004682,2024-06-28,UPI,paid,7800.54,0.0,2024-07-02,Razorpay
M001,PAY008721,ORD001249,2024-02-11,UPI,paid,5220.49,0.0,2024-02-15,PayU
M001,PAY008722,ORD004025,2024-05-29,COD,paid,4011.89,0.0,2024-06-01,Stripe
M001,PAY008723,ORD004752,2024-07-03,COD,paid,5626.79,0.0,2024-07-06,Cashfree
M001,PAY008724,ORD006524,2024-09-19,COD,paid,6964.96,0.0,2024-09-23,PhonePe
M001,PAY008725,ORD008531,2024-11-17,Debit Card,paid,7085.22,0.0,2024-11-19,Razorpay
M001,PAY008726,ORD002413,2024-03-31,UPI,paid,7421.94,0.0,2024-04-01,PayU
M001,PAY008727,ORD007145,2024-10-09,Credit Card,paid,671.22,0.0,2024-10-12,Stripe
M001,PAY008728,ORD008627,2024-11-20,Wallet,paid,8687.53,0.0,2024-11-24,Razorpay
M001,PAY008729,ORD005686,2024-08-15,Debit Card,paid,4022.94,0.0,2024-08-20,Razorpay
M001,PAY008730,ORD001329,2024-02-13,Debit Card,paid,9642.48,0.0,2024-02-15,Stripe
M001,PAY008731,ORD007260,2024-10-13,Credit Card,paid,6699.44,0.0,2024-10-15,Juspay
M001,PAY008732,ORD003346,2024-05-04,Debit Card,failed,0.0,0.0,2024-05-04,Cashfree
M001,PAY008733,ORD002710,2024-04-12,Credit Card,pending,1546.19,0.0,2024-04-13,Cashfree
M001,PAY008734,ORD009227,2024-12-06,Wallet,paid,4752.0,0.0,2024-12-07,Stripe
M001,PAY008735,ORD006429,2024-09-15,Debit Card,refunded,5154.15,2372.7,2024-09-17,Juspay
M001,PAY008736,ORD008167,2024-11-08,COD,paid,2604.98,0.0,2024-11-09,Cashfree
M001,PAY008737,ORD006253,2024-09-07,Credit Card,paid,872.35,0.0,2024-09-08,PhonePe
M001,PAY008738,ORD003886,2024-05-25,Debit Card,paid,1830.93,0.0,2024-05-26,Razorpay
M001,PAY008739,ORD009129,2024-12-03,COD,paid,9387.16,0.0,2024-12-06,PhonePe
M001,PAY008740,ORD003172,2024-04-29,COD,paid,2667.07,0.0,2024-04-30,Stripe
M001,PAY008741,ORD003422,2024-05-08,COD,paid,1026.42,0.0,2024-05-11,PhonePe
M001,PAY008742,ORD002706,2024-04-11,Debit Card,paid,4195.2,0.0,2024-04-15,Juspay
M001,PAY008743,ORD009375,2024-12-12,COD,paid,2677.45,0.0,2024-12-17,PhonePe
M001,PAY008744,ORD005252,2024-07-28,Debit Card,refunded,7410.06,4721.64,2024-07-29,Cashfree
M001,PAY008745,ORD001626,2024-02-29,Wallet,paid,1163.12,0.0,2024-03-05,PayU
M001,PAY008746,ORD004455,2024-06-18,UPI,paid,2929.03,0.0,2024-06-19,Stripe
M001,PAY008747,ORD005074,2024-07-19,UPI,paid,10680.29,0.0,2024-07-23,PayU
M001,PAY008748,ORD001129,2024-02-05,Credit Card,paid,4821.68,0.0,2024-02-06,PhonePe
M001,PAY008749,ORD004860,2024-07-08,COD,paid,7809.79,0.0,2024-07-13,PayU
M001,PAY008750,ORD006278,2024-09-08,UPI,refunded,8109.83,5529.07,2024-09-09,Juspay
M001,PAY008751,ORD007318,2024-10-14,COD,paid,2945.35,0.0,2024-10-18,PayU
M001,PAY008752,ORD006755,2024-09-27,COD,paid,7077.52,0.0,2024-09-29,PhonePe
M001,PAY008753,ORD000147,2024-01-06,COD,paid,892.95,0.0,2024-01-10,Razorpay
M001,PAY008754,ORD005017,2024-07-16,COD,paid,5286.96,0.0,2024-07-17,Razorpay
M001,PAY008755,ORD006368,2024-09-12,Credit Card,paid,8494.14,0.0,2024-09-14,Razorpay
M001,PAY008756,ORD008438,2024-11-14,COD,paid,5269.5,0.0,2024-11-18,Stripe
M001,PAY008757,ORD001066,2024-02-03,NetBanking,paid,7620.69,0.0,2024-02-06,Stripe
M001,PAY008758,ORD002757,2024-04-13,UPI,paid,8741.89,0.0,2024-04-18,Juspay
M001,PAY008759,ORD002832,2024-04-16,Credit Card,paid,7252.39,0.0,2024-04-17,PayU
M001,PAY008760,ORD004425,2024-06-17,UPI,paid,3583.45,0.0,2024-06-21,PhonePe
M001,PAY008761,ORD004655,2024-06-27,COD,paid,8230.35,0.0,2024-06-28,Razorpay
M001,PAY008762,ORD006121,2024-09-02,COD,paid,1800.15,0.0,2024-09-04,Juspay
M001,PAY008763,ORD000930,2024-01-30,NetBanking,paid,5786.67,0.0,2024-02-03,PhonePe
M001,PAY008764,ORD005487,2024-08-07,COD,paid,6181.18,0.0,2024-08-11,PhonePe
M001,PAY008765,ORD001255,2024-02-10,Wallet,paid,7615.19,0.0,2024-02-11,Stripe
M001,PAY008766,ORD007980,2024-11-03,Credit Card,paid,6830.08,0.0,2024-11-05,PhonePe
M001,PAY008767,ORD003479,2024-05-09,Debit Card,paid,3356.1,0.0,2024-05-14,Stripe
M001,PAY008768,ORD005540,2024-08-08,Debit Card,paid,5095.86,0.0,2024-08-12,Cashfree
M001,PAY008769,ORD006813,2024-09-29,Wallet,paid,6124.0,0.0,2024-10-01,Razorpay
M001,PAY008770,ORD008215,2024-11-09,COD,paid,2148.15,0.0,2024-11-13,Stripe
M001,PAY008771,ORD009966,2024-12-30,COD,paid,455.55,0.0,2025-01-02,Cashfree
M001,PAY008772,ORD004101,2024-06-01,UPI,pending,6527.01,0.0,2024-06-03,PayU
M001,PAY008773,ORD001038,2024-02-02,Debit Card,paid,3290.87,0.0,2024-02-04,PhonePe
M001,PAY008774,ORD006058,2024-08-30,UPI,paid,9027.84,0.0,2024-09-01,PayU
M001,PAY008775,ORD007573,2024-10-21,COD,paid,1335.62,0.0,2024-10-24,Juspay
M001,PAY008776,ORD006087,2024-08-31,COD,paid,1210.3,0.0,2024-09-02,Cashfree
M001,PAY008777,ORD000760,2024-01-24,UPI,pending,6638.22,0.0,2024-01-26,Razorpay
M001,PAY008778,ORD003100,2024-04-25,COD,failed,0.0,0.0,2024-04-25,Stripe
M001,PAY008779,ORD001380,2024-02-17,Credit Card,paid,9557.49,0.0,2024-02-22,PayU
M001,PAY008780,ORD005908,2024-08-24,UPI,paid,4408.84,0.0,2024-08-26,Razorpay
M001,PAY008781,ORD004124,2024-06-02,NetBanking,paid,1008.66,0.0,2024-06-05,PayU
M001,PAY008782,ORD004525,2024-06-22,Credit Card,paid,7175.53,0.0,2024-06-26,Stripe
M001,PAY008783,ORD004040,2024-05-30,NetBanking,paid,6920.92,0.0,2024-06-02,PhonePe
M001,PAY008784,ORD006520,2024-09-19,COD,paid,1838.73,0.0,2024-09-22,Juspay
M001,PAY008785,ORD003792,2024-05-20,COD,failed,0.0,0.0,2024-05-20,Juspay
M001,PAY008786,ORD001568,2024-02-26,NetBanking,paid,5895.31,0.0,2024-02-27,PayU
M001,PAY008787,ORD002663,2024-04-10,Credit Card,failed,0.0,0.0,2024-04-10,Razorpay
M001,PAY008788,ORD006987,2024-10-05,UPI,paid,5685.59,0.0,2024-10-08,Juspay
M001,PAY008789,ORD000363,2024-01-12,NetBanking,failed,0.0,0.0,2024-01-12,Cashfree
M001,PAY008790,ORD005599,2024-08-12,COD,paid,1653.13,0.0,2024-08-15,PayU
M001,PAY008791,ORD002156,2024-03-21,COD,failed,0.0,0.0,2024-03-21,Razorpay
M001,PAY008792,ORD007062,2024-10-07,Debit Card,failed,0.0,0.0,2024-10-07,Juspay
M001,PAY008793,ORD005612,2024-08-11,UPI,paid,8049.75,0.0,2024-08-12,PayU
M001,PAY008794,ORD002537,2024-04-06,Wallet,pending,8056.85,0.0,2024-04-07,Razorpay
M001,PAY008795,ORD003134,2024-04-27,Credit Card,paid,4535.7,0.0,2024-04-28,Cashfree
M001,PAY008796,ORD001116,2024-02-05,COD,paid,989.14,0.0,2024-02-10,Stripe
M001,PAY008797,ORD005794,2024-08-18,UPI,paid,5768.24,0.0,2024-08-20,Juspay
M001,PAY008798,ORD008982,2024-11-30,COD,paid,462.8,0.0,2024-12-05,Cashfree
M001,PAY008799,ORD003322,2024-05-04,UPI,paid,6224.47,0.0,2024-05-07,Razorpay
M001,PAY008800,ORD009245,2024-12-08,Wallet,paid,2738.77,0.0,2024-12-10,Stripe
M001,PAY008801,ORD007651,2024-10-23,UPI,paid,1494.9,0.0,2024-10-24,PayU
M001,PAY008802,ORD004441,2024-06-18,Debit Card,paid,3512.87,0.0,2024-06-23,Juspay
M001,PAY008803,ORD004498,2024-06-20,COD,paid,1878.47,0.0,2024-06-25,Stripe
M001,PAY008804,ORD008884,2024-11-27,COD,paid,6699.18,0.0,2024-11-30,Razorpay
M001,PAY008805,ORD009540,2024-12-17,NetBanking,paid,2275.99,0.0,2024-12-18,PhonePe
M001,PAY008806,ORD002581,2024-04-06,COD,paid,7119.48,0.0,2024-04-11,Juspay
M001,PAY008807,ORD001733,2024-03-04,COD,paid,7813.44,0.0,2024-03-09,Cashfree
M001,PAY008808,ORD001495,2024-02-21,Credit Card,paid,2008.85,0.0,2024-02-23,Razorpay
M001,PAY008809,ORD000064,2024-01-02,COD,paid,4956.27,0.0,2024-01-06,PhonePe
M001,PAY008810,ORD009096,2024-12-03,COD,paid,1166.34,0.0,2024-12-05,Razorpay
M001,PAY008811,ORD004794,2024-07-04,Credit Card,paid,6318.45,0.0,2024-07-08,Cashfree
M001,PAY008812,ORD000207,2024-01-08,UPI,paid,625.98,0.0,2024-01-12,Razorpay
M001,PAY008813,ORD008311,2024-11-12,UPI,paid,7916.56,0.0,2024-11-16,PhonePe
M001,PAY008814,ORD003684,2024-05-18,COD,paid,1897.58,0.0,2024-05-21,PayU
M001,PAY008815,ORD009144,2024-12-05,COD,pending,1029.84,0.0,2024-12-07,Stripe
M001,PAY008816,ORD006780,2024-09-28,Wallet,paid,10506.74,0.0,2024-10-02,Cashfree
M001,PAY008817,ORD006821,2024-09-30,UPI,paid,1250.67,0.0,2024-10-02,Razorpay
M001,PAY008818,ORD009609,2024-12-18,Debit Card,paid,6214.06,0.0,2024-12-22,PayU
M001,PAY008819,ORD005051,2024-07-18,Wallet,paid,6805.13,0.0,2024-07-21,Razorpay
M001,PAY008820,ORD005573,2024-08-10,UPI,failed,0.0,0.0,2024-08-10,Razorpay
M001,PAY008821,ORD000551,2024-01-17,Credit Card,paid,5738.02,0.0,2024-01-19,Stripe
M001,PAY008822,ORD008073,2024-11-06,UPI,paid,8684.26,0.0,2024-11-10,Razorpay
M001,PAY008823,ORD000832,2024-01-27,COD,paid,3936.27,0.0,2024-01-30,PhonePe
M001,PAY008824,ORD002151,2024-03-21,Debit Card,paid,2180.64,0.0,2024-03-22,PhonePe
M001,PAY008825,ORD002779,2024-04-14,Debit Card,failed,0.0,0.0,2024-04-14,Juspay
M001,PAY008826,ORD005148,2024-07-23,Wallet,paid,1505.68,0.0,2024-07-27,Razorpay
M001,PAY008827,ORD008560,2024-11-19,COD,paid,2437.45,0.0,2024-11-24,Stripe
M001,PAY008828,ORD008787,2024-11-25,COD,paid,5447.56,0.0,2024-11-29,Cashfree
M001,PAY008829,ORD003426,2024-05-08,Credit Card,refunded,6188.51,2792.39,2024-05-13,Juspay
M001,PAY008830,ORD005773,2024-08-17,COD,paid,516.07,0.0,2024-08-18,PhonePe
M001,PAY008831,ORD005293,2024-07-30,Debit Card,paid,1378.42,0.0,2024-07-31,Razorpay
M001,PAY008832,ORD009593,2024-12-17,Debit Card,paid,5827.35,0.0,2024-12-19,PayU
M001,PAY008833,ORD005095,2024-07-19,COD,paid,5774.09,0.0,2024-07-24,Stripe
M001,PAY008834,ORD008820,2024-11-26,UPI,paid,5795.99,0.0,2024-11-29,Stripe
M001,PAY008835,ORD004089,2024-06-01,UPI,paid,7631.61,0.0,2024-06-03,Razorpay
M001,PAY008836,ORD001164,2024-02-07,UPI,paid,3832.96,0.0,2024-02-11,PhonePe
M001,PAY008837,ORD003578,2024-05-12,COD,pending,5107.03,0.0,2024-05-13,PhonePe
M001,PAY008838,ORD009306,2024-12-09,COD,pending,5435.79,0.0,2024-12-11,Cashfree
M001,PAY008839,ORD001013,2024-02-01,Debit Card,paid,9445.99,0.0,2024-02-05,Razorpay
M001,PAY008840,ORD007265,2024-10-13,Debit Card,paid,5830.95,0.0,2024-10-16,PhonePe
M001,PAY008841,ORD000391,2024-01-13,Credit Card,paid,8521.86,0.0,2024-01-14,Cashfree
M001,PAY008842,ORD008508,2024-11-17,Debit Card,paid,3557.68,0.0,2024-11-18,Cashfree
M001,PAY008843,ORD006736,2024-09-26,Wallet,paid,2191.87,0.0,2024-10-01,Juspay
M001,PAY008844,ORD007382,2024-10-16,Wallet,paid,7022.23,0.0,2024-10-20,Razorpay
M001,PAY008845,ORD002374,2024-03-31,UPI,paid,2215.07,0.0,2024-04-04,PayU
M001,PAY008846,ORD000753,2024-01-25,Debit Card,paid,1059.87,0.0,2024-01-26,Juspay
M001,PAY008847,ORD006044,2024-08-30,UPI,paid,4366.48,0.0,2024-09-03,Cashfree
M001,PAY008848,ORD003087,2024-04-26,COD,paid,2615.98,0.0,2024-04-27,PayU
M001,PAY008849,ORD000498,2024-01-17,Debit Card,paid,5830.99,0.0,2024-01-18,PhonePe
M001,PAY008850,ORD001216,2024-02-08,COD,paid,7502.45,0.0,2024-02-13,Razorpay
M001,PAY008851,ORD000706,2024-01-23,Wallet,paid,4338.55,0.0,2024-01-24,Stripe
M001,PAY008852,ORD007927,2024-11-02,Debit Card,failed,0.0,0.0,2024-11-02,Juspay
M001,PAY008853,ORD004882,2024-07-09,Credit Card,refunded,8427.91,2249.11,2024-07-11,Juspay
M001,PAY008854,ORD004797,2024-07-04,Credit Card,pending,5098.39,0.0,2024-07-05,PayU
M001,PAY008855,ORD009906,2024-12-27,Debit Card,paid,4577.89,0.0,2024-12-29,PhonePe
M001,PAY008856,ORD005778,2024-08-17,UPI,paid,5729.53,0.0,2024-08-20,Juspay
M001,PAY008857,ORD000736,2024-01-23,Debit Card,refunded,2601.27,1119.06,2024-01-27,Stripe
M001,PAY008858,ORD003255,2024-05-01,COD,paid,3367.92,0.0,2024-05-03,Razorpay
M001,PAY008859,ORD005301,2024-07-30,UPI,paid,875.4,0.0,2024-08-03,PayU
M001,PAY008860,ORD003180,2024-04-29,Credit Card,paid,2626.43,0.0,2024-05-04,Cashfree
M001,PAY008861,ORD007399,2024-10-16,COD,refunded,2834.1,2648.05,2024-10-17,Stripe
M001,PAY008862,ORD001275,2024-02-12,Wallet,paid,7006.46,0.0,2024-02-15,Razorpay
M001,PAY008863,ORD000571,2024-01-19,COD,paid,4481.62,0.0,2024-01-23,PayU
M001,PAY008864,ORD004606,2024-06-24,COD,failed,0.0,0.0,2024-06-24,Juspay
M001,PAY008865,ORD001036,2024-02-01,Debit Card,paid,1788.6,0.0,2024-02-03,Stripe
M001,PAY008866,ORD004742,2024-07-01,Credit Card,paid,4541.73,0.0,2024-07-02,PayU
M001,PAY008867,ORD003073,2024-04-25,Debit Card,paid,6325.11,0.0,2024-04-30,Razorpay
M001,PAY008868,ORD008428,2024-11-15,UPI,pending,5393.83,0.0,2024-11-17,Stripe
M001,PAY008869,ORD003221,2024-04-30,UPI,paid,464.53,0.0,2024-05-01,PhonePe
M001,PAY008870,ORD004114,2024-06-01,COD,paid,422.41,0.0,2024-06-04,Juspay
M001,PAY008871,ORD006857,2024-10-02,NetBanking,paid,631.99,0.0,2024-10-05,PayU
M001,PAY008872,ORD006609,2024-09-23,Credit Card,failed,0.0,0.0,2024-09-23,Razorpay
M001,PAY008873,ORD000198,2024-01-06,COD,paid,1287.22,0.0,2024-01-11,PhonePe
M001,PAY008874,ORD007746,2024-10-27,UPI,paid,8332.53,0.0,2024-10-30,Cashfree
M001,PAY008875,ORD000655,2024-01-22,Credit Card,paid,7527.96,0.0,2024-01-23,PayU
M001,PAY008876,ORD007896,2024-10-31,UPI,paid,3295.07,0.0,2024-11-05,Stripe
M001,PAY008877,ORD002801,2024-04-15,COD,paid,5596.55,0.0,2024-04-19,Cashfree
M001,PAY008878,ORD008138,2024-11-08,COD,paid,5499.58,0.0,2024-11-09,Juspay
M001,PAY008879,ORD006164,2024-09-03,COD,paid,5985.91,0.0,2024-09-08,Cashfree
M001,PAY008880,ORD000829,2024-01-27,UPI,paid,565.19,0.0,2024-01-31,Cashfree
M001,PAY008881,ORD001640,2024-02-29,COD,paid,3302.3,0.0,2024-03-05,Juspay
M001,PAY008882,ORD006092,2024-08-31,UPI,paid,2650.62,0.0,2024-09-04,Juspay
M001,PAY008883,ORD007713,2024-10-25,Debit Card,paid,2004.19,0.0,2024-10-30,Razorpay
M001,PAY008884,ORD001139,2024-02-05,UPI,paid,8617.6,0.0,2024-02-07,PhonePe
M001,PAY008885,ORD001441,2024-02-20,COD,paid,4943.32,0.0,2024-02-22,Cashfree
M001,PAY008886,ORD004553,2024-06-23,Debit Card,paid,4284.89,0.0,2024-06-25,Stripe
M001,PAY008887,ORD000501,2024-01-16,COD,paid,7584.29,0.0,2024-01-17,PhonePe
M001,PAY008888,ORD002148,2024-03-21,UPI,paid,8692.62,0.0,2024-03-23,PhonePe
M001,PAY008889,ORD003699,2024-05-18,UPI,paid,8519.8,0.0,2024-05-19,Razorpay
M001,PAY008890,ORD007874,2024-10-31,Debit Card,paid,4051.01,0.0,2024-11-03,PhonePe
M001,PAY008891,ORD000973,2024-01-31,COD,paid,1488.53,0.0,2024-02-02,Stripe
M001,PAY008892,ORD007396,2024-10-15,UPI,paid,5988.7,0.0,2024-10-16,Razorpay
M001,PAY008893,ORD001809,2024-03-08,Credit Card,paid,5697.98,0.0,2024-03-09,PhonePe
M001,PAY008894,ORD005890,2024-08-23,Credit Card,refunded,5901.03,3864.83,2024-08-27,Juspay
M001,PAY008895,ORD004763,2024-07-03,COD,paid,1456.21,0.0,2024-07-05,Razorpay
M001,PAY008896,ORD000660,2024-01-22,NetBanking,paid,6372.53,0.0,2024-01-25,Juspay
M001,PAY008897,ORD003934,2024-05-26,COD,paid,4144.6,0.0,2024-05-30,Stripe
M001,PAY008898,ORD008366,2024-11-14,COD,paid,4250.18,0.0,2024-11-15,PayU
M001,PAY008899,ORD003504,2024-05-10,NetBanking,paid,5257.4,0.0,2024-05-15,Juspay
M001,PAY008900,ORD004340,2024-06-14,Credit Card,paid,10480.16,0.0,2024-06-18,Razorpay
M001,PAY008901,ORD008760,2024-11-24,Debit Card,failed,0.0,0.0,2024-11-24,Stripe
M001,PAY008902,ORD005386,2024-08-03,UPI,paid,2064.86,0.0,2024-08-07,Juspay
M001,PAY008903,ORD006546,2024-09-19,Credit Card,paid,3475.68,0.0,2024-09-20,Cashfree
M001,PAY008904,ORD005090,2024-07-20,COD,paid,3128.31,0.0,2024-07-24,PayU
M001,PAY008905,ORD005894,2024-08-23,Credit Card,paid,7849.97,0.0,2024-08-28,Cashfree
M001,PAY008906,ORD007509,2024-10-20,Debit Card,paid,2746.26,0.0,2024-10-23,Razorpay
M001,PAY008907,ORD002014,2024-03-16,Credit Card,paid,1491.34,0.0,2024-03-20,PhonePe
M001,PAY008908,ORD004023,2024-05-29,COD,paid,5997.36,0.0,2024-06-02,Cashfree
M001,PAY008909,ORD009936,2024-12-30,COD,paid,6445.77,0.0,2025-01-01,Razorpay
M001,PAY008910,ORD001445,2024-02-19,UPI,paid,7331.94,0.0,2024-02-24,Stripe
M001,PAY008911,ORD007319,2024-10-13,UPI,pending,1116.45,0.0,2024-10-14,PayU
M001,PAY008912,ORD002498,2024-04-04,Credit Card,paid,8979.63,0.0,2024-04-05,Razorpay
M001,PAY008913,ORD005564,2024-08-10,Credit Card,paid,2464.81,0.0,2024-08-14,Razorpay
M001,PAY008914,ORD003268,2024-05-02,Debit Card,failed,0.0,0.0,2024-05-02,Cashfree
M001,PAY008915,ORD000609,2024-01-20,UPI,paid,2004.87,0.0,2024-01-25,Cashfree
M001,PAY008916,ORD004347,2024-06-14,COD,paid,3046.91,0.0,2024-06-19,PayU
M001,PAY008917,ORD004937,2024-07-12,UPI,paid,8165.0,0.0,2024-07-14,Juspay
M001,PAY008918,ORD002560,2024-04-07,COD,pending,1771.62,0.0,2024-04-09,PhonePe
M001,PAY008919,ORD002086,2024-03-17,COD,paid,8360.04,0.0,2024-03-20,Cashfree
M001,PAY008920,ORD001124,2024-02-05,COD,paid,1351.83,0.0,2024-02-09,Juspay
M001,PAY008921,ORD004431,2024-06-18,COD,paid,1437.86,0.0,2024-06-21,Stripe
M001,PAY008922,ORD002898,2024-04-18,UPI,paid,1883.87,0.0,2024-04-19,PayU
M001,PAY008923,ORD004207,2024-06-06,COD,paid,6801.13,0.0,2024-06-10,Cashfree
M001,PAY008924,ORD003012,2024-04-22,NetBanking,paid,9146.64,0.0,2024-04-24,Stripe
M001,PAY008925,ORD000804,2024-01-25,COD,paid,7700.11,0.0,2024-01-30,Stripe
M001,PAY008926,ORD007845,2024-10-31,COD,paid,1744.43,0.0,2024-11-03,Razorpay
M001,PAY008927,ORD006687,2024-09-24,UPI,paid,6431.66,0.0,2024-09-25,Cashfree
M001,PAY008928,ORD006968,2024-10-04,Credit Card,paid,5451.97,0.0,2024-10-08,Stripe
M001,PAY008929,ORD008471,2024-11-15,COD,paid,7678.61,0.0,2024-11-18,PayU
M001,PAY008930,ORD006710,2024-09-25,COD,paid,8159.54,0.0,2024-09-29,Stripe
M001,PAY008931,ORD007910,2024-11-01,COD,pending,6698.8,0.0,2024-11-02,PhonePe
M001,PAY008932,ORD003510,2024-05-11,Credit Card,paid,7908.71,0.0,2024-05-14,PayU
M001,PAY008933,ORD005098,2024-07-20,COD,paid,4293.68,0.0,2024-07-21,Stripe
M001,PAY008934,ORD005556,2024-08-10,COD,paid,5439.34,0.0,2024-08-15,Juspay
M001,PAY008935,ORD002756,2024-04-14,COD,paid,4927.88,0.0,2024-04-17,Stripe
M001,PAY008936,ORD007081,2024-10-07,UPI,paid,4058.29,0.0,2024-10-12,Juspay
M001,PAY008937,ORD009044,2024-12-01,Wallet,paid,4899.21,0.0,2024-12-06,PayU
M001,PAY008938,ORD009317,2024-12-10,UPI,paid,5593.02,0.0,2024-12-13,Stripe
M001,PAY008939,ORD005868,2024-08-21,COD,paid,8865.43,0.0,2024-08-25,PhonePe
M001,PAY008940,ORD000226,2024-01-07,UPI,paid,9329.61,0.0,2024-01-12,Juspay
M001,PAY008941,ORD002369,2024-03-30,UPI,refunded,9083.41,3133.11,2024-04-02,Razorpay
M001,PAY008942,ORD000192,2024-01-07,Debit Card,paid,452.64,0.0,2024-01-12,PhonePe
M001,PAY008943,ORD000719,2024-01-23,COD,paid,5555.41,0.0,2024-01-24,Razorpay
M001,PAY008944,ORD009720,2024-12-22,NetBanking,failed,0.0,0.0,2024-12-22,Cashfree
M001,PAY008945,ORD006560,2024-09-20,Credit Card,paid,6512.9,0.0,2024-09-25,Cashfree
M001,PAY008946,ORD001800,2024-03-07,COD,paid,2831.19,0.0,2024-03-12,Cashfree
M001,PAY008947,ORD009562,2024-12-16,Debit Card,paid,8324.43,0.0,2024-12-20,Razorpay
M001,PAY008948,ORD009760,2024-12-23,UPI,paid,2334.6,0.0,2024-12-28,PhonePe
M001,PAY008949,ORD000349,2024-01-12,COD,paid,3621.52,0.0,2024-01-14,Razorpay
M001,PAY008950,ORD006716,2024-09-25,COD,refunded,1455.06,994.06,2024-09-27,Juspay
M001,PAY008951,ORD008579,2024-11-18,COD,paid,3625.14,0.0,2024-11-23,Cashfree
M001,PAY008952,ORD005693,2024-08-15,UPI,paid,922.79,0.0,2024-08-16,Cashfree
M001,PAY008953,ORD004495,2024-06-20,Credit Card,paid,9101.07,0.0,2024-06-22,Razorpay
M001,PAY008954,ORD007974,2024-11-02,COD,paid,9176.33,0.0,2024-11-05,Razorpay
M001,PAY008955,ORD009587,2024-12-17,Credit Card,paid,7219.63,0.0,2024-12-18,Juspay
M001,PAY008956,ORD005977,2024-08-26,Credit Card,paid,6292.98,0.0,2024-08-27,Stripe
M001,PAY008957,ORD003554,2024-05-12,COD,paid,7776.94,0.0,2024-05-17,Razorpay
M001,PAY008958,ORD002057,2024-03-17,Debit Card,paid,6138.25,0.0,2024-03-20,Cashfree
M001,PAY008959,ORD006628,2024-09-22,Credit Card,paid,4625.77,0.0,2024-09-24,Razorpay
M001,PAY008960,ORD000938,2024-01-30,UPI,paid,6033.84,0.0,2024-01-31,Razorpay
M001,PAY008961,ORD002198,2024-03-22,COD,paid,1781.11,0.0,2024-03-25,PayU
M001,PAY008962,ORD005553,2024-08-09,NetBanking,paid,3691.19,0.0,2024-08-13,Juspay
M001,PAY008963,ORD004922,2024-07-11,NetBanking,refunded,5120.1,4302.31,2024-07-12,PayU
M001,PAY008964,ORD008846,2024-11-26,UPI,paid,5868.57,0.0,2024-11-29,PayU
M001,PAY008965,ORD006508,2024-09-19,COD,paid,1548.78,0.0,2024-09-23,Juspay
M001,PAY008966,ORD007944,2024-11-01,UPI,pending,3952.5,0.0,2024-11-02,Cashfree
M001,PAY008967,ORD001503,2024-02-22,UPI,paid,1072.33,0.0,2024-02-23,Cashfree
M001,PAY008968,ORD002202,2024-03-22,UPI,paid,6987.13,0.0,2024-03-23,PayU
M001,PAY008969,ORD002742,2024-04-13,Credit Card,paid,1866.05,0.0,2024-04-17,PayU
M001,PAY008970,ORD005335,2024-07-31,COD,paid,8741.78,0.0,2024-08-05,Cashfree
M001,PAY008971,ORD001967,2024-03-14,COD,paid,5715.01,0.0,2024-03-18,Stripe
M001,PAY008972,ORD002980,2024-04-21,Credit Card,paid,6817.68,0.0,2024-04-26,Juspay
M001,PAY008973,ORD000661,2024-01-21,Debit Card,paid,7358.74,0.0,2024-01-24,PayU
M001,PAY008974,ORD004561,2024-06-22,UPI,paid,5717.53,0.0,2024-06-26,Juspay
M001,PAY008975,ORD006331,2024-09-09,COD,paid,4185.89,0.0,2024-09-11,PhonePe
M001,PAY008976,ORD005430,2024-08-04,COD,paid,8072.68,0.0,2024-08-07,Razorpay
M001,PAY008977,ORD002645,2024-04-10,Credit Card,paid,4238.46,0.0,2024-04-15,Cashfree
M001,PAY008978,ORD000795,2024-01-25,Credit Card,refunded,2103.84,915.55,2024-01-28,Razorpay
M001,PAY008979,ORD002653,2024-04-09,COD,paid,5758.09,0.0,2024-04-10,PayU
M001,PAY008980,ORD005369,2024-08-02,COD,paid,6950.66,0.0,2024-08-04,Razorpay
M001,PAY008981,ORD002294,2024-03-26,Credit Card,paid,7263.79,0.0,2024-03-30,Cashfree
M001,PAY008982,ORD008441,2024-11-15,UPI,paid,1250.22,0.0,2024-11-16,PayU
M001,PAY008983,ORD000693,2024-01-23,Debit Card,paid,897.98,0.0,2024-01-28,Cashfree
M001,PAY008984,ORD003789,2024-05-20,COD,failed,0.0,0.0,2024-05-20,Razorpay
M001,PAY008985,ORD001137,2024-02-06,UPI,pending,2186.53,0.0,2024-02-08,PayU
M001,PAY008986,ORD005449,2024-08-05,UPI,paid,2163.75,0.0,2024-08-07,Cashfree
M001,PAY008987,ORD009535,2024-12-16,COD,paid,3338.41,0.0,2024-12-18,Razorpay
M001,PAY008988,ORD008303,2024-11-12,COD,paid,5735.93,0.0,2024-11-14,Cashfree
M001,PAY008989,ORD003296,2024-05-03,COD,paid,1664.48,0.0,2024-05-06,Juspay
M001,PAY008990,ORD006749,2024-09-28,NetBanking,paid,7101.07,0.0,2024-09-29,Cashfree
M001,PAY008991,ORD007877,2024-10-31,COD,paid,2581.13,0.0,2024-11-01,PhonePe
M001,PAY008992,ORD007749,2024-10-26,COD,pending,8424.71,0.0,2024-10-28,Cashfree
M001,PAY008993,ORD002565,2024-04-06,UPI,paid,4638.28,0.0,2024-04-08,Juspay
M001,PAY008994,ORD009896,2024-12-28,COD,paid,10590.26,0.0,2024-12-31,PhonePe
M001,PAY008995,ORD007531,2024-10-19,COD,paid,7709.73,0.0,2024-10-21,PhonePe
M001,PAY008996,ORD007973,2024-11-02,NetBanking,paid,6716.43,0.0,2024-11-04,PhonePe
M001,PAY008997,ORD008407,2024-11-14,NetBanking,paid,2807.98,0.0,2024-11-19,PhonePe
M001,PAY008998,ORD002588,2024-04-07,UPI,paid,8310.95,0.0,2024-04-10,PayU
M001,PAY008999,ORD005307,2024-07-29,COD,paid,5765.29,0.0,2024-08-02,Juspay
M001,PAY009000,ORD001907,2024-03-10,COD,paid,7122.3,0.0,2024-03-15,Stripe
M001,PAY009001,ORD001961,2024-03-12,UPI,paid,2023.92,0.0,2024-03-15,PhonePe
M001,PAY009002,ORD004386,2024-06-15,COD,paid,5895.84,0.0,2024-06-17,PayU
M001,PAY009003,ORD000302,2024-01-10,Debit Card,paid,9132.51,0.0,2024-01-11,Cashfree
M001,PAY009004,ORD002092,2024-03-19,COD,paid,5475.33,0.0,2024-03-22,Stripe
M001,PAY009005,ORD001485,2024-02-22,UPI,paid,5862.67,0.0,2024-02-23,Razorpay
M001,PAY009006,ORD006480,2024-09-16,COD,paid,3545.63,0.0,2024-09-18,PhonePe
M001,PAY009007,ORD005267,2024-07-29,COD,paid,5478.47,0.0,2024-08-01,Cashfree
M001,PAY009008,ORD009223,2024-12-06,Debit Card,paid,9890.35,0.0,2024-12-08,PhonePe
M001,PAY009009,ORD002261,2024-03-25,COD,refunded,5769.66,1130.63,2024-03-28,Juspay
M001,PAY009010,ORD005368,2024-08-02,UPI,paid,5333.35,0.0,2024-08-04,Stripe
M001,PAY009011,ORD001924,2024-03-11,COD,paid,3889.14,0.0,2024-03-14,PayU
M001,PAY009012,ORD008353,2024-11-13,UPI,paid,6642.55,0.0,2024-11-15,Cashfree
M001,PAY009013,ORD005603,2024-08-12,COD,paid,6149.1,0.0,2024-08-13,PayU
M001,PAY009014,ORD005408,2024-08-03,NetBanking,paid,7989.89,0.0,2024-08-07,Stripe
M001,PAY009015,ORD005004,2024-07-16,NetBanking,paid,4868.87,0.0,2024-07-21,PhonePe
M001,PAY009016,ORD006052,2024-08-30,COD,paid,6414.7,0.0,2024-09-01,Stripe
M001,PAY009017,ORD000022,2024-01-01,Credit Card,paid,8839.98,0.0,2024-01-02,Cashfree
M001,PAY009018,ORD008329,2024-11-12,UPI,failed,0.0,0.0,2024-11-12,Stripe
M001,PAY009019,ORD002329,2024-03-28,COD,paid,855.3,0.0,2024-04-02,PayU
M001,PAY009020,ORD004883,2024-07-10,COD,paid,8030.64,0.0,2024-07-14,Razorpay
M001,PAY009021,ORD008480,2024-11-16,Credit Card,paid,8517.6,0.0,2024-11-21,PhonePe
M001,PAY009022,ORD001988,2024-03-14,COD,paid,10817.43,0.0,2024-03-17,Stripe
M001,PAY009023,ORD004539,2024-06-21,COD,paid,6630.16,0.0,2024-06-24,PayU
M001,PAY009024,ORD001608,2024-02-29,COD,paid,2487.97,0.0,2024-03-04,Cashfree
M001,PAY009025,ORD000171,2024-01-06,Wallet,paid,6875.19,0.0,2024-01-11,PhonePe
M001,PAY009026,ORD008384,2024-11-13,UPI,failed,0.0,0.0,2024-11-13,Cashfree
M001,PAY009027,ORD007424,2024-10-16,NetBanking,paid,9169.05,0.0,2024-10-19,Razorpay
M001,PAY009028,ORD008657,2024-11-21,COD,paid,8636.86,0.0,2024-11-26,Cashfree
M001,PAY009029,ORD003186,2024-04-29,Wallet,pending,4319.08,0.0,2024-05-01,Cashfree
M001,PAY009030,ORD004564,2024-06-24,Credit Card,paid,5177.58,0.0,2024-06-25,PhonePe
M001,PAY009031,ORD009215,2024-12-06,Debit Card,paid,9035.27,0.0,2024-12-07,PhonePe
M001,PAY009032,ORD007043,2024-10-05,UPI,paid,1742.3,0.0,2024-10-09,PhonePe
M001,PAY009033,ORD005094,2024-07-19,UPI,paid,2452.73,0.0,2024-07-21,PayU
M001,PAY009034,ORD006444,2024-09-15,UPI,pending,7810.71,0.0,2024-09-16,PhonePe
M001,PAY009035,ORD001235,2024-02-09,COD,paid,4457.48,0.0,2024-02-10,Stripe
M001,PAY009036,ORD009315,2024-12-09,Credit Card,paid,916.1,0.0,2024-12-12,Juspay
M001,PAY009037,ORD000769,2024-01-25,Debit Card,paid,6655.53,0.0,2024-01-26,Cashfree
M001,PAY009038,ORD008911,2024-11-28,Credit Card,paid,6521.24,0.0,2024-12-02,Juspay
M001,PAY009039,ORD001528,2024-02-24,Credit Card,paid,5914.76,0.0,2024-02-29,PayU
M001,PAY009040,ORD005829,2024-08-21,Debit Card,paid,4920.1,0.0,2024-08-25,Cashfree
M001,PAY009041,ORD000489,2024-01-15,COD,paid,737.88,0.0,2024-01-18,Stripe
M001,PAY009042,ORD008934,2024-11-28,Debit Card,paid,5010.53,0.0,2024-11-30,PayU
M001,PAY009043,ORD005005,2024-07-16,Credit Card,paid,4294.37,0.0,2024-07-21,PhonePe
M001,PAY009044,ORD003759,2024-05-20,UPI,failed,0.0,0.0,2024-05-20,PhonePe
M001,PAY009045,ORD007383,2024-10-15,UPI,failed,0.0,0.0,2024-10-15,Cashfree
M001,PAY009046,ORD003663,2024-05-16,Credit Card,paid,731.78,0.0,2024-05-21,Juspay
M001,PAY009047,ORD001792,2024-03-07,Credit Card,paid,695.28,0.0,2024-03-10,PhonePe
M001,PAY009048,ORD008307,2024-11-12,COD,paid,7469.18,0.0,2024-11-16,Cashfree
M001,PAY009049,ORD007957,2024-11-02,Wallet,paid,4722.37,0.0,2024-11-04,Juspay
M001,PAY009050,ORD005865,2024-08-21,Debit Card,pending,1664.76,0.0,2024-08-22,Stripe
M001,PAY009051,ORD007607,2024-10-23,COD,paid,5075.01,0.0,2024-10-28,PhonePe
M001,PAY009052,ORD006392,2024-09-12,COD,paid,4904.83,0.0,2024-09-15,Juspay
M001,PAY009053,ORD002997,2024-04-21,Wallet,paid,7631.04,0.0,2024-04-24,Razorpay
M001,PAY009054,ORD001894,2024-03-11,COD,paid,4308.06,0.0,2024-03-14,PayU
M001,PAY009055,ORD002856,2024-04-16,UPI,paid,7612.05,0.0,2024-04-18,Stripe
M001,PAY009056,ORD004903,2024-07-11,COD,paid,8392.15,0.0,2024-07-14,PhonePe
M001,PAY009057,ORD004774,2024-07-04,Wallet,paid,7080.87,0.0,2024-07-06,PhonePe
M001,PAY009058,ORD008949,2024-11-29,UPI,paid,7815.74,0.0,2024-12-02,Stripe
M001,PAY009059,ORD007195,2024-10-11,NetBanking,paid,7763.29,0.0,2024-10-16,Juspay
M001,PAY009060,ORD005501,2024-08-06,Debit Card,paid,8118.95,0.0,2024-08-08,Razorpay
M001,PAY009061,ORD008621,2024-11-21,COD,paid,5799.15,0.0,2024-11-24,Stripe
M001,PAY009062,ORD008265,2024-11-10,UPI,paid,749.05,0.0,2024-11-15,PhonePe
M001,PAY009063,ORD007227,2024-10-11,COD,paid,2440.65,0.0,2024-10-12,PayU
M001,PAY009064,ORD000342,2024-01-11,COD,paid,3918.72,0.0,2024-01-16,Juspay
M001,PAY009065,ORD009254,2024-12-08,Credit Card,paid,7363.92,0.0,2024-12-10,Juspay
M001,PAY009066,ORD003688,2024-05-18,Wallet,pending,4956.52,0.0,2024-05-20,PayU
M001,PAY009067,ORD005025,2024-07-16,COD,failed,0.0,0.0,2024-07-16,Juspay
M001,PAY009068,ORD003343,2024-05-04,UPI,paid,6007.54,0.0,2024-05-08,Juspay
M001,PAY009069,ORD004016,2024-05-30,COD,paid,3402.54,0.0,2024-06-01,Razorpay
M001,PAY009070,ORD001534,2024-02-24,Wallet,paid,4570.99,0.0,2024-02-28,Razorpay
M001,PAY009071,ORD009519,2024-12-16,COD,refunded,751.92,637.1,2024-12-17,Razorpay
M001,PAY009072,ORD005276,2024-07-29,UPI,paid,458.28,0.0,2024-07-31,Cashfree
M001,PAY009073,ORD009351,2024-12-10,UPI,pending,8910.45,0.0,2024-12-12,Razorpay
M001,PAY009074,ORD007157,2024-10-09,UPI,paid,1891.81,0.0,2024-10-11,Juspay
M001,PAY009075,ORD004394,2024-06-16,UPI,paid,1479.27,0.0,2024-06-20,Razorpay
M001,PAY009076,ORD008148,2024-11-07,Wallet,paid,4386.84,0.0,2024-11-10,Cashfree
M001,PAY009077,ORD009171,2024-12-06,COD,paid,1333.01,0.0,2024-12-08,Stripe
M001,PAY009078,ORD001774,2024-03-05,Wallet,paid,4356.67,0.0,2024-03-09,Juspay
M001,PAY009079,ORD007522,2024-10-20,COD,paid,2704.86,0.0,2024-10-22,PayU
M001,PAY009080,ORD003930,2024-05-26,COD,paid,8682.66,0.0,2024-05-28,Cashfree
M001,PAY009081,ORD003697,2024-05-18,NetBanking,paid,4107.17,0.0,2024-05-20,Razorpay
M001,PAY009082,ORD008009,2024-11-03,NetBanking,paid,3451.76,0.0,2024-11-05,Razorpay
M001,PAY009083,ORD007825,2024-10-30,Credit Card,paid,5810.35,0.0,2024-11-01,Cashfree
M001,PAY009084,ORD006373,2024-09-12,COD,paid,4631.36,0.0,2024-09-15,Juspay
M001,PAY009085,ORD006323,2024-09-10,Debit Card,paid,4382.28,0.0,2024-09-13,PhonePe
M001,PAY009086,ORD004383,2024-06-16,COD,paid,3382.22,0.0,2024-06-19,Stripe
M001,PAY009087,ORD008943,2024-11-29,UPI,paid,1848.03,0.0,2024-12-04,Stripe
M001,PAY009088,ORD003673,2024-05-16,UPI,failed,0.0,0.0,2024-05-16,Razorpay
M001,PAY009089,ORD005114,2024-07-21,COD,paid,10572.92,0.0,2024-07-24,Stripe
M001,PAY009090,ORD001039,2024-02-01,UPI,failed,0.0,0.0,2024-02-01,PayU
M001,PAY009091,ORD008108,2024-11-07,COD,paid,1905.6,0.0,2024-11-11,Stripe
M001,PAY009092,ORD000011,2024-01-02,Credit Card,paid,8262.36,0.0,2024-01-06,Stripe
M001,PAY009093,ORD008763,2024-11-23,COD,paid,5659.46,0.0,2024-11-26,PhonePe
M001,PAY009094,ORD003639,2024-05-15,Credit Card,paid,5284.59,0.0,2024-05-16,Stripe
M001,PAY009095,ORD009027,2024-12-01,COD,paid,1191.2,0.0,2024-12-06,Juspay
M001,PAY009096,ORD000576,2024-01-19,Credit Card,refunded,5130.43,1874.13,2024-01-24,Cashfree
M001,PAY009097,ORD005145,2024-07-23,NetBanking,paid,7399.2,0.0,2024-07-24,Juspay
M001,PAY009098,ORD004549,2024-06-23,COD,paid,7311.97,0.0,2024-06-24,PayU
M001,PAY009099,ORD002162,2024-03-21,Debit Card,paid,4245.3,0.0,2024-03-24,Razorpay
M001,PAY009100,ORD002477,2024-04-04,Wallet,paid,2651.9,0.0,2024-04-07,Juspay
M001,PAY009101,ORD008993,2024-11-30,UPI,paid,2168.88,0.0,2024-12-02,Juspay
M001,PAY009102,ORD009434,2024-12-14,COD,paid,4221.62,0.0,2024-12-17,PayU
M001,PAY009103,ORD006127,2024-09-02,Debit Card,paid,5769.14,0.0,2024-09-05,PayU
M001,PAY009104,ORD001870,2024-03-10,Debit Card,paid,1077.85,0.0,2024-03-14,Stripe
M001,PAY009105,ORD002942,2024-04-20,Credit Card,paid,1469.61,0.0,2024-04-25,PayU
M001,PAY009106,ORD006785,2024-09-29,Wallet,paid,8944.51,0.0,2024-10-02,Cashfree
M001,PAY009107,ORD003471,2024-05-10,COD,paid,8856.36,0.0,2024-05-11,Cashfree
M001,PAY009108,ORD006464,2024-09-17,UPI,pending,7570.3,0.0,2024-09-18,PhonePe
M001,PAY009109,ORD003122,2024-04-27,Debit Card,paid,6644.39,0.0,2024-04-28,Stripe
M001,PAY009110,ORD009276,2024-12-09,COD,failed,0.0,0.0,2024-12-09,PhonePe
M001,PAY009111,ORD007111,2024-10-08,UPI,paid,4981.88,0.0,2024-10-11,PhonePe
M001,PAY009112,ORD000532,2024-01-18,UPI,paid,4042.22,0.0,2024-01-19,Stripe
M001,PAY009113,ORD004504,2024-06-21,NetBanking,paid,6188.51,0.0,2024-06-26,PayU
M001,PAY009114,ORD002623,2024-04-08,COD,paid,1172.87,0.0,2024-04-12,Stripe
M001,PAY009115,ORD004015,2024-05-30,Credit Card,paid,7009.71,0.0,2024-06-04,Razorpay
M001,PAY009116,ORD006763,2024-09-27,Credit Card,paid,6669.39,0.0,2024-09-30,Razorpay
M001,PAY009117,ORD002054,2024-03-17,COD,paid,737.14,0.0,2024-03-18,Cashfree
M001,PAY009118,ORD005988,2024-08-26,UPI,paid,3856.35,0.0,2024-08-30,Stripe
M001,PAY009119,ORD004469,2024-06-19,Wallet,paid,4203.36,0.0,2024-06-24,Razorpay
M001,PAY009120,ORD002194,2024-03-23,UPI,paid,8007.79,0.0,2024-03-24,Stripe
M001,PAY009121,ORD004644,2024-06-26,UPI,paid,4872.13,0.0,2024-06-27,Juspay
M001,PAY009122,ORD003405,2024-05-07,Wallet,paid,4545.15,0.0,2024-05-09,Cashfree
M001,PAY009123,ORD003952,2024-05-27,Wallet,paid,1129.39,0.0,2024-06-01,Cashfree
M001,PAY009124,ORD003187,2024-04-29,UPI,refunded,1726.51,990.86,2024-04-30,PayU
M001,PAY009125,ORD004470,2024-06-18,UPI,paid,709.51,0.0,2024-06-21,Razorpay
M001,PAY009126,ORD001606,2024-02-27,NetBanking,refunded,3447.02,1857.44,2024-02-29,Cashfree
M001,PAY009127,ORD004447,2024-06-18,UPI,paid,2005.5,0.0,2024-06-20,PayU
M001,PAY009128,ORD008489,2024-11-16,COD,paid,8709.88,0.0,2024-11-17,PayU
M001,PAY009129,ORD003521,2024-05-10,COD,paid,6992.66,0.0,2024-05-14,Cashfree
M001,PAY009130,ORD001582,2024-02-26,UPI,paid,1337.93,0.0,2024-02-27,PhonePe
M001,PAY009131,ORD002248,2024-03-24,UPI,paid,3007.22,0.0,2024-03-25,Stripe
M001,PAY009132,ORD006688,2024-09-26,Credit Card,paid,2844.47,0.0,2024-09-27,Razorpay
M001,PAY009133,ORD006729,2024-09-26,COD,paid,6316.75,0.0,2024-09-29,Stripe
M001,PAY009134,ORD003653,2024-05-15,Wallet,failed,0.0,0.0,2024-05-15,Razorpay
M001,PAY009135,ORD002186,2024-03-21,COD,paid,6897.05,0.0,2024-03-26,Razorpay
M001,PAY009136,ORD006324,2024-09-10,Credit Card,failed,0.0,0.0,2024-09-10,PhonePe
M001,PAY009137,ORD009627,2024-12-18,COD,paid,4523.74,0.0,2024-12-20,Juspay
M001,PAY009138,ORD001347,2024-02-14,UPI,paid,6600.68,0.0,2024-02-15,Cashfree
M001,PAY009139,ORD008645,2024-11-21,COD,paid,3189.8,0.0,2024-11-24,PayU
M001,PAY009140,ORD006834,2024-09-30,COD,paid,9798.09,0.0,2024-10-04,PhonePe
M001,PAY009141,ORD003066,2024-04-24,COD,failed,0.0,0.0,2024-04-24,PhonePe
M001,PAY009142,ORD006439,2024-09-16,COD,failed,0.0,0.0,2024-09-16,Cashfree
M001,PAY009143,ORD007855,2024-10-31,Credit Card,refunded,639.84,452.01,2024-11-05,Stripe
M001,PAY009144,ORD000566,2024-01-19,Credit Card,paid,1551.87,0.0,2024-01-23,PayU
M001,PAY009145,ORD001619,2024-02-28,COD,refunded,2519.89,653.13,2024-03-03,PhonePe
M001,PAY009146,ORD006663,2024-09-24,Credit Card,paid,6603.05,0.0,2024-09-25,PhonePe
M001,PAY009147,ORD004387,2024-06-16,Credit Card,paid,4432.08,0.0,2024-06-17,Stripe
M001,PAY009148,ORD007023,2024-10-05,COD,paid,5990.06,0.0,2024-10-06,Cashfree
M001,PAY009149,ORD002575,2024-04-07,COD,failed,0.0,0.0,2024-04-07,Stripe
M001,PAY009150,ORD000749,2024-01-25,COD,paid,1159.15,0.0,2024-01-27,PhonePe
M001,PAY009151,ORD001078,2024-02-02,Credit Card,paid,3075.3,0.0,2024-02-04,PayU
M001,PAY009152,ORD001851,2024-03-08,Credit Card,paid,3992.47,0.0,2024-03-09,PayU
M001,PAY009153,ORD008534,2024-11-17,Credit Card,failed,0.0,0.0,2024-11-17,PayU
M001,PAY009154,ORD009435,2024-12-14,COD,paid,4335.96,0.0,2024-12-16,Cashfree
M001,PAY009155,ORD004605,2024-06-25,COD,paid,5920.08,0.0,2024-06-29,Stripe
M001,PAY009156,ORD001546,2024-02-24,COD,paid,2980.1,0.0,2024-02-29,Razorpay
M001,PAY009157,ORD006487,2024-09-18,COD,paid,3719.24,0.0,2024-09-21,PayU
M001,PAY009158,ORD008519,2024-11-18,COD,paid,8628.12,0.0,2024-11-20,Cashfree
M001,PAY009159,ORD003140,2024-04-27,COD,paid,4097.09,0.0,2024-05-01,Stripe
M001,PAY009160,ORD009469,2024-12-15,Wallet,paid,1894.91,0.0,2024-12-18,PhonePe
M001,PAY009161,ORD007147,2024-10-08,UPI,paid,6871.53,0.0,2024-10-12,Juspay
M001,PAY009162,ORD006279,2024-09-08,Debit Card,paid,7368.28,0.0,2024-09-12,PayU
M001,PAY009163,ORD001711,2024-03-04,UPI,paid,3382.15,0.0,2024-03-05,Juspay
M001,PAY009164,ORD005054,2024-07-19,COD,paid,4989.37,0.0,2024-07-22,Juspay
M001,PAY009165,ORD001715,2024-03-03,Credit Card,paid,5762.44,0.0,2024-03-05,Juspay
M001,PAY009166,ORD005682,2024-08-15,Credit Card,paid,2927.89,0.0,2024-08-16,PhonePe
M001,PAY009167,ORD006447,2024-09-15,Credit Card,paid,2216.57,0.0,2024-09-19,PhonePe
M001,PAY009168,ORD001022,2024-02-01,COD,failed,0.0,0.0,2024-02-01,Razorpay
M001,PAY009169,ORD009318,2024-12-10,COD,pending,1322.93,0.0,2024-12-12,Cashfree
M001,PAY009170,ORD006344,2024-09-10,COD,paid,6734.96,0.0,2024-09-14,PhonePe
M001,PAY009171,ORD008859,2024-11-27,UPI,paid,4198.64,0.0,2024-12-02,Cashfree
M001,PAY009172,ORD002018,2024-03-16,Debit Card,paid,7862.41,0.0,2024-03-18,Stripe
M001,PAY009173,ORD004571,2024-06-24,Wallet,refunded,5184.2,3618.5,2024-06-25,Stripe
M001,PAY009174,ORD001352,2024-02-15,Credit Card,paid,9286.95,0.0,2024-02-20,Razorpay
M001,PAY009175,ORD000682,2024-01-23,COD,paid,5803.44,0.0,2024-01-25,Cashfree
M001,PAY009176,ORD002965,2024-04-21,COD,paid,3070.86,0.0,2024-04-25,PayU
M001,PAY009177,ORD005810,2024-08-20,COD,paid,7567.24,0.0,2024-08-22,Stripe
M001,PAY009178,ORD004054,2024-05-30,Credit Card,paid,6260.41,0.0,2024-06-01,PhonePe
M001,PAY009179,ORD000396,2024-01-14,COD,paid,6269.97,0.0,2024-01-17,Cashfree
M001,PAY009180,ORD008823,2024-11-25,COD,paid,6835.45,0.0,2024-11-30,Cashfree
M001,PAY009181,ORD006583,2024-09-21,UPI,refunded,3533.03,2520.88,2024-09-22,Stripe
M001,PAY009182,ORD008435,2024-11-14,COD,paid,8045.38,0.0,2024-11-17,Cashfree
M001,PAY009183,ORD003509,2024-05-10,Debit Card,paid,5116.72,0.0,2024-05-14,PayU
M001,PAY009184,ORD001969,2024-03-14,Debit Card,paid,5318.64,0.0,2024-03-15,Stripe
M001,PAY009185,ORD004713,2024-06-30,UPI,paid,6731.43,0.0,2024-07-03,Stripe
M001,PAY009186,ORD001728,2024-03-04,Wallet,paid,9281.37,0.0,2024-03-08,Cashfree
M001,PAY009187,ORD001968,2024-03-14,Wallet,paid,4848.48,0.0,2024-03-16,Stripe
M001,PAY009188,ORD004093,2024-06-01,Debit Card,paid,10534.39,0.0,2024-06-06,PayU
M001,PAY009189,ORD000944,2024-01-30,COD,failed,0.0,0.0,2024-01-30,Juspay
M001,PAY009190,ORD008953,2024-11-29,COD,paid,2806.71,0.0,2024-12-04,PhonePe
M001,PAY009191,ORD000444,2024-01-14,Credit Card,paid,5764.6,0.0,2024-01-18,Cashfree
M001,PAY009192,ORD005304,2024-07-30,COD,paid,7602.39,0.0,2024-08-03,PhonePe
M001,PAY009193,ORD009541,2024-12-17,UPI,paid,720.59,0.0,2024-12-20,PayU
M001,PAY009194,ORD005495,2024-08-06,Debit Card,pending,2806.8,0.0,2024-08-07,PayU
M001,PAY009195,ORD004010,2024-05-29,COD,paid,3719.48,0.0,2024-06-02,PhonePe
M001,PAY009196,ORD004376,2024-06-15,COD,paid,6292.9,0.0,2024-06-20,Juspay
M001,PAY009197,ORD005562,2024-08-09,Credit Card,paid,6288.0,0.0,2024-08-14,Stripe
M001,PAY009198,ORD005950,2024-08-25,Credit Card,refunded,1389.43,1144.14,2024-08-30,Juspay
M001,PAY009199,ORD002824,2024-04-16,Debit Card,failed,0.0,0.0,2024-04-16,Juspay
M001,PAY009200,ORD007932,2024-11-02,Credit Card,paid,1079.55,0.0,2024-11-03,Stripe
M001,PAY009201,ORD008036,2024-11-04,COD,paid,6749.5,0.0,2024-11-07,Cashfree
M001,PAY009202,ORD008836,2024-11-25,UPI,paid,8130.44,0.0,2024-11-26,Stripe
M001,PAY009203,ORD000271,2024-01-09,COD,refunded,7669.56,7091.58,2024-01-10,Cashfree
M001,PAY009204,ORD005812,2024-08-20,COD,paid,2744.48,0.0,2024-08-22,Razorpay
M001,PAY009205,ORD007293,2024-10-13,COD,paid,7313.48,0.0,2024-10-18,Stripe
M001,PAY009206,ORD001818,2024-03-07,COD,paid,7664.55,0.0,2024-03-09,Stripe
M001,PAY009207,ORD000365,2024-01-12,UPI,refunded,2963.66,2907.23,2024-01-16,PhonePe
M001,PAY009208,ORD008812,2024-11-26,Debit Card,paid,3402.41,0.0,2024-11-27,Juspay
M001,PAY009209,ORD002010,2024-03-16,COD,paid,3423.5,0.0,2024-03-21,Cashfree
M001,PAY009210,ORD004448,2024-06-19,Debit Card,paid,6975.66,0.0,2024-06-20,Razorpay
M001,PAY009211,ORD005491,2024-08-07,Credit Card,paid,10137.8,0.0,2024-08-10,Razorpay
M001,PAY009212,ORD001734,2024-03-04,UPI,paid,5995.28,0.0,2024-03-06,Razorpay
M001,PAY009213,ORD005997,2024-08-27,Wallet,paid,1967.79,0.0,2024-08-29,Razorpay
M001,PAY009214,ORD007403,2024-10-16,Wallet,failed,0.0,0.0,2024-10-16,PayU
M001,PAY009215,ORD005928,2024-08-24,UPI,paid,7144.73,0.0,2024-08-25,PayU
M001,PAY009216,ORD005024,2024-07-17,COD,paid,1527.77,0.0,2024-07-19,Juspay
M001,PAY009217,ORD003960,2024-05-28,Wallet,paid,8269.2,0.0,2024-06-02,Cashfree
M001,PAY009218,ORD008186,2024-11-09,COD,paid,7129.7,0.0,2024-11-10,Cashfree
M001,PAY009219,ORD009012,2024-11-29,COD,pending,1872.11,0.0,2024-11-30,Stripe
M001,PAY009220,ORD009880,2024-12-28,UPI,paid,1731.12,0.0,2024-12-29,PayU
M001,PAY009221,ORD002696,2024-04-11,UPI,paid,2254.38,0.0,2024-04-15,PayU
M001,PAY009222,ORD001873,2024-03-10,COD,paid,7477.3,0.0,2024-03-13,Juspay
M001,PAY009223,ORD000247,2024-01-08,Debit Card,paid,1270.62,0.0,2024-01-13,PayU
M001,PAY009224,ORD001916,2024-03-12,COD,paid,1739.47,0.0,2024-03-16,PayU
M001,PAY009225,ORD005999,2024-08-28,Wallet,pending,1212.9,0.0,2024-08-29,Stripe
M001,PAY009226,ORD003023,2024-04-23,COD,paid,8278.12,0.0,2024-04-24,PhonePe
M001,PAY009227,ORD003233,2024-04-30,COD,paid,4570.79,0.0,2024-05-04,Razorpay
M001,PAY009228,ORD003900,2024-05-25,Debit Card,paid,7485.62,0.0,2024-05-27,Stripe
M001,PAY009229,ORD008075,2024-11-05,Wallet,paid,2313.31,0.0,2024-11-10,Stripe
M001,PAY009230,ORD002911,2024-04-19,Credit Card,paid,4028.11,0.0,2024-04-24,Cashfree
M001,PAY009231,ORD005259,2024-07-28,UPI,paid,3589.73,0.0,2024-07-29,Stripe
M001,PAY009232,ORD005000,2024-07-14,UPI,failed,0.0,0.0,2024-07-14,Cashfree
M001,PAY009233,ORD009160,2024-12-04,Credit Card,paid,1561.1,0.0,2024-12-07,PayU
M001,PAY009234,ORD007963,2024-11-03,COD,failed,0.0,0.0,2024-11-03,Cashfree
M001,PAY009235,ORD007390,2024-10-16,NetBanking,refunded,2978.16,1089.42,2024-10-18,Razorpay
M001,PAY009236,ORD000056,2024-01-02,Debit Card,paid,1644.91,0.0,2024-01-05,PhonePe
M001,PAY009237,ORD001869,2024-03-09,COD,refunded,4373.0,4477.76,2024-03-13,Stripe
M001,PAY009238,ORD002164,2024-03-21,COD,paid,803.68,0.0,2024-03-24,Cashfree
M001,PAY009239,ORD004049,2024-05-31,COD,paid,2348.9,0.0,2024-06-04,PayU
M001,PAY009240,ORD006567,2024-09-20,Wallet,paid,9801.96,0.0,2024-09-25,PhonePe
M001,PAY009241,ORD001747,2024-03-05,Wallet,paid,9208.98,0.0,2024-03-07,PayU
M001,PAY009242,ORD006400,2024-09-14,COD,paid,8199.2,0.0,2024-09-17,Cashfree
M001,PAY009243,ORD004359,2024-06-15,UPI,paid,6360.52,0.0,2024-06-20,PhonePe
M001,PAY009244,ORD003720,2024-05-18,COD,paid,6896.49,0.0,2024-05-23,Cashfree
M001,PAY009245,ORD003629,2024-05-15,COD,paid,476.58,0.0,2024-05-16,Razorpay
M001,PAY009246,ORD006745,2024-09-26,UPI,paid,7704.17,0.0,2024-09-28,PhonePe
M001,PAY009247,ORD005100,2024-07-21,COD,paid,5194.3,0.0,2024-07-25,Razorpay
M001,PAY009248,ORD007782,2024-10-28,Wallet,paid,3559.24,0.0,2024-10-29,Juspay
M001,PAY009249,ORD002948,2024-04-19,UPI,paid,3843.49,0.0,2024-04-21,Cashfree
M001,PAY009250,ORD002768,2024-04-13,Wallet,paid,1240.85,0.0,2024-04-18,Razorpay
M001,PAY009251,ORD009476,2024-12-15,UPI,paid,3569.44,0.0,2024-12-18,Cashfree
M001,PAY009252,ORD002133,2024-03-19,Credit Card,paid,11305.24,0.0,2024-03-23,PhonePe
M001,PAY009253,ORD009778,2024-12-23,Credit Card,paid,1259.25,0.0,2024-12-25,Cashfree
M001,PAY009254,ORD009750,2024-12-23,Credit Card,paid,2783.31,0.0,2024-12-28,Juspay
M001,PAY009255,ORD002456,2024-04-02,COD,paid,3658.85,0.0,2024-04-04,Stripe
M001,PAY009256,ORD006514,2024-09-19,Credit Card,paid,10333.67,0.0,2024-09-21,Cashfree
M001,PAY009257,ORD008951,2024-11-28,COD,paid,2369.51,0.0,2024-12-02,Cashfree
M001,PAY009258,ORD007519,2024-10-19,COD,paid,8758.88,0.0,2024-10-22,PhonePe
M001,PAY009259,ORD004242,2024-06-09,UPI,paid,7573.49,0.0,2024-06-10,Juspay
M001,PAY009260,ORD005527,2024-08-07,COD,paid,8660.29,0.0,2024-08-12,Razorpay
M001,PAY009261,ORD005255,2024-07-27,COD,refunded,3001.06,2076.58,2024-07-29,Juspay
M001,PAY009262,ORD001386,2024-02-16,UPI,paid,3122.36,0.0,2024-02-20,PayU
M001,PAY009263,ORD007781,2024-10-27,UPI,paid,7462.26,0.0,2024-10-31,PhonePe
M001,PAY009264,ORD006172,2024-09-03,Debit Card,paid,2141.45,0.0,2024-09-05,Stripe
M001,PAY009265,ORD001099,2024-02-05,COD,paid,8679.22,0.0,2024-02-10,Juspay
M001,PAY009266,ORD007507,2024-10-20,COD,paid,5316.14,0.0,2024-10-23,PayU
M001,PAY009267,ORD002119,2024-03-20,Debit Card,failed,0.0,0.0,2024-03-20,PhonePe
M001,PAY009268,ORD002979,2024-04-21,Credit Card,paid,3075.79,0.0,2024-04-25,Juspay
M001,PAY009269,ORD009558,2024-12-17,COD,paid,1751.18,0.0,2024-12-20,Juspay
M001,PAY009270,ORD000837,2024-01-28,COD,paid,8139.94,0.0,2024-02-01,Juspay
M001,PAY009271,ORD004158,2024-06-04,UPI,paid,6416.78,0.0,2024-06-07,Stripe
M001,PAY009272,ORD001282,2024-02-12,Wallet,paid,5055.13,0.0,2024-02-15,PhonePe
M001,PAY009273,ORD003611,2024-05-13,COD,paid,2284.28,0.0,2024-05-15,Razorpay
M001,PAY009274,ORD007446,2024-10-18,Debit Card,paid,551.46,0.0,2024-10-20,PhonePe
M001,PAY009275,ORD001029,2024-02-01,Debit Card,paid,7082.86,0.0,2024-02-02,Stripe
M001,PAY009276,ORD009964,2024-12-31,COD,paid,4755.99,0.0,2025-01-03,PayU
M001,PAY009277,ORD000767,2024-01-25,Debit Card,paid,5254.34,0.0,2024-01-26,Juspay
M001,PAY009278,ORD008735,2024-11-23,COD,paid,5810.96,0.0,2024-11-25,PayU
M001,PAY009279,ORD002759,2024-04-14,COD,paid,7830.3,0.0,2024-04-18,PhonePe
M001,PAY009280,ORD003453,2024-05-08,COD,paid,2498.93,0.0,2024-05-13,PayU
M001,PAY009281,ORD003719,2024-05-19,NetBanking,paid,2380.62,0.0,2024-05-24,Juspay
M001,PAY009282,ORD007982,2024-11-03,Credit Card,paid,11388.18,0.0,2024-11-08,PhonePe
M001,PAY009283,ORD009188,2024-12-06,UPI,paid,9292.68,0.0,2024-12-11,Razorpay
M001,PAY009284,ORD002593,2024-04-08,Debit Card,paid,9128.88,0.0,2024-04-10,Stripe
M001,PAY009285,ORD003107,2024-04-26,COD,paid,1166.41,0.0,2024-04-29,Cashfree
M001,PAY009286,ORD003549,2024-05-11,Debit Card,refunded,4448.53,4277.69,2024-05-15,Razorpay
M001,PAY009287,ORD000959,2024-01-31,Credit Card,paid,3576.38,0.0,2024-02-03,PhonePe
M001,PAY009288,ORD006287,2024-09-07,COD,failed,0.0,0.0,2024-09-07,Cashfree
M001,PAY009289,ORD006669,2024-09-25,COD,paid,7964.15,0.0,2024-09-27,PhonePe
M001,PAY009290,ORD002673,2024-04-11,NetBanking,paid,2041.42,0.0,2024-04-16,Stripe
M001,PAY009291,ORD008368,2024-11-14,Wallet,refunded,3759.44,2996.07,2024-11-15,Cashfree
M001,PAY009292,ORD000084,2024-01-03,UPI,paid,7308.36,0.0,2024-01-04,Cashfree
M001,PAY009293,ORD005751,2024-08-16,UPI,paid,3617.24,0.0,2024-08-17,PayU
M001,PAY009294,ORD005340,2024-07-31,COD,paid,8317.43,0.0,2024-08-01,Razorpay
M001,PAY009295,ORD009674,2024-12-21,COD,paid,622.91,0.0,2024-12-23,Juspay
M001,PAY009296,ORD006440,2024-09-15,UPI,paid,6588.12,0.0,2024-09-16,Stripe
M001,PAY009297,ORD003013,2024-04-23,Credit Card,pending,6996.3,0.0,2024-04-25,Razorpay
M001,PAY009298,ORD008222,2024-11-09,UPI,pending,1996.22,0.0,2024-11-11,Stripe
M001,PAY009299,ORD007235,2024-10-11,Wallet,paid,867.08,0.0,2024-10-16,Juspay
M001,PAY009300,ORD008895,2024-11-27,Credit Card,paid,5507.06,0.0,2024-11-29,PhonePe
M001,PAY009301,ORD002858,2024-04-17,UPI,paid,719.55,0.0,2024-04-19,PhonePe
M001,PAY009302,ORD002154,2024-03-20,Credit Card,paid,7409.02,0.0,2024-03-23,Juspay
M001,PAY009303,ORD006389,2024-09-12,UPI,paid,4292.46,0.0,2024-09-14,Juspay
M001,PAY009304,ORD000014,2024-01-02,COD,paid,9139.6,0.0,2024-01-07,PhonePe
M001,PAY009305,ORD005343,2024-07-31,Wallet,paid,5131.67,0.0,2024-08-04,PhonePe
M001,PAY009306,ORD003985,2024-05-29,Credit Card,paid,3629.5,0.0,2024-05-30,Razorpay
M001,PAY009307,ORD006902,2024-10-02,COD,paid,10890.0,0.0,2024-10-05,Stripe
M001,PAY009308,ORD009533,2024-12-16,COD,paid,2210.67,0.0,2024-12-20,Razorpay
M001,PAY009309,ORD002108,2024-03-19,NetBanking,paid,5268.3,0.0,2024-03-23,Juspay
M001,PAY009310,ORD005716,2024-08-16,UPI,paid,5298.8,0.0,2024-08-18,PayU
M001,PAY009311,ORD007148,2024-10-08,UPI,paid,1071.29,0.0,2024-10-13,Cashfree
M001,PAY009312,ORD007291,2024-10-14,COD,paid,3731.93,0.0,2024-10-18,Juspay
M001,PAY009313,ORD007072,2024-10-06,NetBanking,paid,7627.13,0.0,2024-10-10,Cashfree
M001,PAY009314,ORD007305,2024-10-13,UPI,paid,6250.45,0.0,2024-10-15,PayU
M001,PAY009315,ORD007841,2024-10-29,COD,paid,8338.17,0.0,2024-11-03,Cashfree
M001,PAY009316,ORD009608,2024-12-18,Credit Card,paid,9091.03,0.0,2024-12-23,PayU
M001,PAY009317,ORD009167,2024-12-05,UPI,paid,6458.17,0.0,2024-12-08,Stripe
M001,PAY009318,ORD007655,2024-10-23,COD,paid,5075.22,0.0,2024-10-26,Stripe
M001,PAY009319,ORD006809,2024-09-29,Wallet,paid,9433.8,0.0,2024-10-04,PayU
M001,PAY009320,ORD005202,2024-07-25,COD,paid,7247.01,0.0,2024-07-28,PhonePe
M001,PAY009321,ORD000862,2024-01-28,Credit Card,pending,4483.01,0.0,2024-01-29,PayU
M001,PAY009322,ORD004403,2024-06-16,UPI,paid,10446.43,0.0,2024-06-17,Razorpay
M001,PAY009323,ORD004570,2024-06-24,UPI,pending,2354.45,0.0,2024-06-25,Razorpay
M001,PAY009324,ORD005969,2024-08-25,COD,paid,11021.55,0.0,2024-08-30,Razorpay
M001,PAY009325,ORD000287,2024-01-09,Credit Card,failed,0.0,0.0,2024-01-09,PayU
M001,PAY009326,ORD001089,2024-02-04,COD,pending,650.58,0.0,2024-02-05,Juspay
M001,PAY009327,ORD006517,2024-09-19,COD,paid,4731.23,0.0,2024-09-24,Cashfree
M001,PAY009328,ORD006626,2024-09-22,UPI,refunded,6254.52,745.69,2024-09-24,Stripe
M001,PAY009329,ORD004712,2024-07-01,UPI,pending,1678.35,0.0,2024-07-02,PhonePe
M001,PAY009330,ORD004982,2024-07-13,UPI,paid,6432.02,0.0,2024-07-17,Juspay
M001,PAY009331,ORD005139,2024-07-23,Debit Card,paid,1993.16,0.0,2024-07-27,PayU
M001,PAY009332,ORD001464,2024-02-20,COD,paid,4292.79,0.0,2024-02-21,Stripe
M001,PAY009333,ORD001074,2024-02-03,COD,paid,7277.31,0.0,2024-02-06,Juspay
M001,PAY009334,ORD008127,2024-11-07,COD,paid,4413.89,0.0,2024-11-12,Cashfree
M001,PAY009335,ORD002534,2024-04-05,COD,paid,4726.41,0.0,2024-04-06,Juspay
M001,PAY009336,ORD007542,2024-10-21,COD,paid,8956.65,0.0,2024-10-22,Stripe
M001,PAY009337,ORD002564,2024-04-06,Credit Card,paid,10398.24,0.0,2024-04-10,Juspay
M001,PAY009338,ORD009381,2024-12-12,COD,paid,1516.42,0.0,2024-12-13,Stripe
M001,PAY009339,ORD008018,2024-11-05,UPI,paid,7379.32,0.0,2024-11-09,Juspay
M001,PAY009340,ORD004970,2024-07-14,UPI,paid,964.52,0.0,2024-07-19,Juspay
M001,PAY009341,ORD002777,2024-04-13,NetBanking,paid,5650.58,0.0,2024-04-18,Juspay
M001,PAY009342,ORD001311,2024-02-13,COD,paid,7102.78,0.0,2024-02-15,Razorpay
M001,PAY009343,ORD008037,2024-11-05,COD,paid,993.56,0.0,2024-11-09,PayU
M001,PAY009344,ORD001705,2024-03-02,COD,paid,1089.13,0.0,2024-03-05,Juspay
M001,PAY009345,ORD000074,2024-01-02,Debit Card,paid,6646.99,0.0,2024-01-06,Cashfree
M001,PAY009346,ORD004418,2024-06-18,UPI,paid,4125.06,0.0,2024-06-20,Juspay
M001,PAY009347,ORD008855,2024-11-27,UPI,paid,4501.34,0.0,2024-12-02,Stripe
M001,PAY009348,ORD007760,2024-10-28,Credit Card,paid,2499.35,0.0,2024-11-01,PayU
M001,PAY009349,ORD006431,2024-09-15,UPI,paid,7027.15,0.0,2024-09-20,Stripe
M001,PAY009350,ORD003427,2024-05-08,Credit Card,paid,3233.13,0.0,2024-05-09,PayU
M001,PAY009351,ORD001899,2024-03-11,UPI,paid,1220.12,0.0,2024-03-16,PayU
M001,PAY009352,ORD009679,2024-12-21,Credit Card,paid,4859.39,0.0,2024-12-24,PhonePe
M001,PAY009353,ORD000952,2024-01-29,COD,paid,2414.6,0.0,2024-01-31,Stripe
M001,PAY009354,ORD009453,2024-12-14,Credit Card,pending,7969.74,0.0,2024-12-16,PhonePe
M001,PAY009355,ORD005407,2024-08-03,COD,paid,8118.43,0.0,2024-08-04,PhonePe
M001,PAY009356,ORD001522,2024-02-24,NetBanking,paid,1423.69,0.0,2024-02-25,PhonePe
M001,PAY009357,ORD009409,2024-12-13,COD,paid,1266.94,0.0,2024-12-17,Cashfree
M001,PAY009358,ORD002393,2024-03-31,Debit Card,paid,7284.53,0.0,2024-04-01,Razorpay
M001,PAY009359,ORD004852,2024-07-08,Debit Card,paid,1133.1,0.0,2024-07-10,Razorpay
M001,PAY009360,ORD009280,2024-12-09,COD,paid,5893.29,0.0,2024-12-12,Cashfree
M001,PAY009361,ORD007921,2024-11-02,Wallet,paid,8614.02,0.0,2024-11-05,PayU
M001,PAY009362,ORD005359,2024-08-02,Wallet,paid,5501.96,0.0,2024-08-04,Razorpay
M001,PAY009363,ORD000119,2024-01-04,UPI,paid,8372.86,0.0,2024-01-08,Razorpay
M001,PAY009364,ORD009378,2024-12-12,UPI,failed,0.0,0.0,2024-12-12,PayU
M001,PAY009365,ORD003983,2024-05-27,COD,paid,8556.78,0.0,2024-05-29,PayU
M001,PAY009366,ORD001761,2024-03-04,Debit Card,paid,6583.78,0.0,2024-03-06,Juspay
M001,PAY009367,ORD005705,2024-08-16,Wallet,paid,8628.83,0.0,2024-08-21,Juspay
M001,PAY009368,ORD000781,2024-01-25,COD,pending,7562.64,0.0,2024-01-26,Stripe
M001,PAY009369,ORD003560,2024-05-12,Credit Card,failed,0.0,0.0,2024-05-12,Stripe
M001,PAY009370,ORD001093,2024-02-04,COD,paid,11020.9,0.0,2024-02-09,Juspay
M001,PAY009371,ORD002835,2024-04-16,COD,paid,8125.27,0.0,2024-04-19,Stripe
M001,PAY009372,ORD006403,2024-09-14,COD,paid,4971.69,0.0,2024-09-19,Cashfree
M001,PAY009373,ORD008726,2024-11-22,Credit Card,paid,4306.71,0.0,2024-11-26,PhonePe
M001,PAY009374,ORD003570,2024-05-13,COD,paid,6683.97,0.0,2024-05-14,Razorpay
M001,PAY009375,ORD001101,2024-02-04,Credit Card,paid,7487.81,0.0,2024-02-09,Cashfree
M001,PAY009376,ORD009903,2024-12-27,COD,paid,8113.75,0.0,2024-12-29,Razorpay
M001,PAY009377,ORD003837,2024-05-23,Wallet,paid,7480.15,0.0,2024-05-26,PayU
M001,PAY009378,ORD009244,2024-12-08,COD,paid,10709.28,0.0,2024-12-13,PayU
M001,PAY009379,ORD005593,2024-08-10,COD,paid,7377.93,0.0,2024-08-12,PhonePe
M001,PAY009380,ORD006644,2024-09-23,COD,paid,6092.2,0.0,2024-09-27,Juspay
M001,PAY009381,ORD002405,2024-04-01,COD,paid,4935.38,0.0,2024-04-02,Razorpay
M001,PAY009382,ORD003701,2024-05-17,COD,paid,8618.73,0.0,2024-05-21,Stripe
M001,PAY009383,ORD009855,2024-12-27,Wallet,paid,4173.8,0.0,2024-12-29,PayU
M001,PAY009384,ORD000801,2024-01-26,Debit Card,paid,3460.51,0.0,2024-01-29,Stripe
M001,PAY009385,ORD001680,2024-03-02,Credit Card,pending,8167.95,0.0,2024-03-03,PayU
M001,PAY009386,ORD001400,2024-02-17,Credit Card,failed,0.0,0.0,2024-02-17,Stripe
M001,PAY009387,ORD004002,2024-05-29,COD,paid,9015.59,0.0,2024-05-30,PayU
M001,PAY009388,ORD001404,2024-02-17,Credit Card,paid,6418.23,0.0,2024-02-18,Stripe
M001,PAY009389,ORD002334,2024-03-28,UPI,refunded,6484.82,3744.86,2024-03-30,Juspay
M001,PAY009390,ORD007029,2024-10-06,COD,paid,3702.57,0.0,2024-10-10,Juspay
M001,PAY009391,ORD008000,2024-11-04,UPI,paid,2588.79,0.0,2024-11-09,Juspay
M001,PAY009392,ORD004989,2024-07-15,COD,refunded,4618.03,907.32,2024-07-19,Juspay
M001,PAY009393,ORD006534,2024-09-20,COD,paid,3114.55,0.0,2024-09-24,Cashfree
M001,PAY009394,ORD008707,2024-11-22,Credit Card,failed,0.0,0.0,2024-11-22,PhonePe
M001,PAY009395,ORD009721,2024-12-21,Debit Card,paid,980.75,0.0,2024-12-25,PhonePe
M001,PAY009396,ORD008409,2024-11-14,Credit Card,paid,10211.35,0.0,2024-11-15,Razorpay
M001,PAY009397,ORD005910,2024-08-23,NetBanking,paid,885.17,0.0,2024-08-27,PayU
M001,PAY009398,ORD009981,2024-12-30,UPI,paid,1331.96,0.0,2024-12-31,Juspay
M001,PAY009399,ORD004280,2024-06-10,Debit Card,paid,545.82,0.0,2024-06-12,Juspay
M001,PAY009400,ORD009052,2024-12-02,COD,paid,4870.33,0.0,2024-12-03,PhonePe
M001,PAY009401,ORD001725,2024-03-04,Wallet,paid,5527.5,0.0,2024-03-06,PayU
M001,PAY009402,ORD003715,2024-05-19,Wallet,paid,7426.84,0.0,2024-05-20,Juspay
M001,PAY009403,ORD006693,2024-09-26,Wallet,paid,2250.93,0.0,2024-09-30,Cashfree
M001,PAY009404,ORD005410,2024-08-04,COD,refunded,4344.91,1017.71,2024-08-06,Cashfree
M001,PAY009405,ORD009821,2024-12-25,COD,paid,7545.26,0.0,2024-12-27,Cashfree
M001,PAY009406,ORD002830,2024-04-15,COD,paid,3977.46,0.0,2024-04-20,Juspay
M001,PAY009407,ORD007971,2024-11-03,COD,paid,5682.73,0.0,2024-11-04,Razorpay
M001,PAY009408,ORD007010,2024-10-04,Wallet,paid,3171.26,0.0,2024-10-07,Cashfree
M001,PAY009409,ORD007264,2024-10-12,UPI,paid,9629.58,0.0,2024-10-14,Juspay
M001,PAY009410,ORD001645,2024-02-29,COD,pending,3503.81,0.0,2024-03-02,Juspay
M001,PAY009411,ORD009067,2024-12-01,Debit Card,paid,2737.34,0.0,2024-12-05,Juspay
M001,PAY009412,ORD009350,2024-12-11,UPI,paid,10191.79,0.0,2024-12-14,PayU
M001,PAY009413,ORD000791,2024-01-25,UPI,paid,1780.34,0.0,2024-01-29,Stripe
M001,PAY009414,ORD000335,2024-01-11,COD,paid,8515.83,0.0,2024-01-16,Cashfree
M001,PAY009415,ORD006207,2024-09-05,Wallet,paid,2612.7,0.0,2024-09-06,PhonePe
M001,PAY009416,ORD003587,2024-05-12,Credit Card,paid,793.33,0.0,2024-05-13,Juspay
M001,PAY009417,ORD008063,2024-11-05,NetBanking,paid,2538.58,0.0,2024-11-10,Juspay
M001,PAY009418,ORD008002,2024-11-03,UPI,paid,5101.78,0.0,2024-11-07,Stripe
M001,PAY009419,ORD003506,2024-05-11,COD,paid,5868.72,0.0,2024-05-14,Stripe
M001,PAY009420,ORD006818,2024-09-29,NetBanking,paid,3094.62,0.0,2024-10-01,Juspay
M001,PAY009421,ORD005027,2024-07-16,COD,paid,1217.85,0.0,2024-07-20,Stripe
M001,PAY009422,ORD008505,2024-11-16,Wallet,paid,3578.35,0.0,2024-11-18,Razorpay
M001,PAY009423,ORD002377,2024-03-31,Wallet,paid,670.06,0.0,2024-04-01,Stripe
M001,PAY009424,ORD004574,2024-06-24,Wallet,paid,2343.32,0.0,2024-06-29,PayU
M001,PAY009425,ORD000703,2024-01-22,COD,paid,690.23,0.0,2024-01-27,PhonePe
M001,PAY009426,ORD002408,2024-03-31,Credit Card,paid,2349.26,0.0,2024-04-04,Cashfree
M001,PAY009427,ORD003531,2024-05-11,Debit Card,paid,1379.71,0.0,2024-05-15,PayU
M001,PAY009428,ORD002711,2024-04-12,UPI,paid,3138.87,0.0,2024-04-16,Razorpay
M001,PAY009429,ORD002191,2024-03-21,Debit Card,paid,5040.57,0.0,2024-03-22,PayU
M001,PAY009430,ORD001437,2024-02-19,COD,paid,3935.9,0.0,2024-02-24,PhonePe
M001,PAY009431,ORD008683,2024-11-21,NetBanking,paid,910.89,0.0,2024-11-25,PhonePe
M001,PAY009432,ORD005308,2024-07-30,NetBanking,paid,2022.55,0.0,2024-08-03,PayU
M001,PAY009433,ORD008429,2024-11-15,Debit Card,pending,4614.49,0.0,2024-11-16,Razorpay
M001,PAY009434,ORD001159,2024-02-06,COD,paid,5112.34,0.0,2024-02-07,PhonePe
M001,PAY009435,ORD008585,2024-11-19,COD,paid,4650.18,0.0,2024-11-23,Cashfree
M001,PAY009436,ORD000012,2024-01-02,Debit Card,paid,5829.89,0.0,2024-01-04,Juspay
M001,PAY009437,ORD006832,2024-09-30,COD,pending,10181.95,0.0,2024-10-02,Cashfree
M001,PAY009438,ORD008259,2024-11-10,UPI,paid,3214.13,0.0,2024-11-15,PayU
M001,PAY009439,ORD007079,2024-10-06,Wallet,paid,7439.91,0.0,2024-10-07,PayU
M001,PAY009440,ORD003354,2024-05-04,COD,paid,2858.12,0.0,2024-05-07,Juspay
M001,PAY009441,ORD006220,2024-09-05,COD,paid,2543.58,0.0,2024-09-07,Cashfree
M001,PAY009442,ORD008588,2024-11-20,UPI,paid,917.46,0.0,2024-11-21,Cashfree
M001,PAY009443,ORD004776,2024-07-04,Debit Card,paid,4814.68,0.0,2024-07-07,Cashfree
M001,PAY009444,ORD000040,2024-01-01,Credit Card,paid,8072.43,0.0,2024-01-02,Stripe
M001,PAY009445,ORD007279,2024-10-13,UPI,paid,4222.37,0.0,2024-10-17,PhonePe
M001,PAY009446,ORD005292,2024-07-30,UPI,paid,5086.3,0.0,2024-08-04,Razorpay
M001,PAY009447,ORD006032,2024-08-30,NetBanking,paid,3214.81,0.0,2024-09-01,Stripe
M001,PAY009448,ORD001561,2024-02-26,Credit Card,refunded,11378.03,9190.03,2024-02-27,Cashfree
M001,PAY009449,ORD007186,2024-10-11,Credit Card,paid,7683.86,0.0,2024-10-14,PayU
M001,PAY009450,ORD000794,2024-01-25,Credit Card,paid,4836.32,0.0,2024-01-26,Juspay
M001,PAY009451,ORD001624,2024-02-28,COD,paid,1112.53,0.0,2024-03-03,PhonePe
M001,PAY009452,ORD007954,2024-11-02,Credit Card,paid,6388.3,0.0,2024-11-03,Razorpay
M001,PAY009453,ORD008720,2024-11-22,Debit Card,paid,855.2,0.0,2024-11-26,PhonePe
M001,PAY009454,ORD005745,2024-08-16,UPI,paid,1922.41,0.0,2024-08-17,Juspay
M001,PAY009455,ORD005876,2024-08-22,UPI,paid,6191.5,0.0,2024-08-26,Cashfree
M001,PAY009456,ORD007256,2024-10-13,COD,paid,3857.67,0.0,2024-10-14,PhonePe
M001,PAY009457,ORD000083,2024-01-03,COD,paid,10153.1,0.0,2024-01-08,Razorpay
M001,PAY009458,ORD000152,2024-01-05,COD,paid,8516.49,0.0,2024-01-09,Cashfree
M001,PAY009459,ORD006338,2024-09-11,COD,paid,684.36,0.0,2024-09-15,Juspay
M001,PAY009460,ORD004286,2024-06-10,COD,paid,4612.71,0.0,2024-06-15,Cashfree
M001,PAY009461,ORD007207,2024-10-10,Credit Card,refunded,7806.03,3872.09,2024-10-15,Razorpay
M001,PAY009462,ORD001831,2024-03-08,COD,paid,10745.2,0.0,2024-03-12,Stripe
M001,PAY009463,ORD009283,2024-12-09,Debit Card,paid,1343.96,0.0,2024-12-12,Stripe
M001,PAY009464,ORD003001,2024-04-22,UPI,paid,2042.69,0.0,2024-04-27,Cashfree
M001,PAY009465,ORD001556,2024-02-25,NetBanking,paid,8316.94,0.0,2024-02-27,PhonePe
M001,PAY009466,ORD007553,2024-10-21,COD,pending,6364.11,0.0,2024-10-22,PhonePe
M001,PAY009467,ORD009024,2024-12-01,Debit Card,paid,4112.45,0.0,2024-12-06,Razorpay
M001,PAY009468,ORD002061,2024-03-18,Credit Card,paid,1951.3,0.0,2024-03-23,Razorpay
M001,PAY009469,ORD006840,2024-10-01,COD,paid,3020.07,0.0,2024-10-05,Razorpay
M001,PAY009470,ORD003252,2024-04-30,Credit Card,paid,4735.51,0.0,2024-05-02,Razorpay
M001,PAY009471,ORD005932,2024-08-24,Debit Card,paid,3300.11,0.0,2024-08-28,PhonePe
M001,PAY009472,ORD000369,2024-01-12,COD,paid,4545.77,0.0,2024-01-13,Juspay
M001,PAY009473,ORD009241,2024-12-08,UPI,refunded,4613.77,1252.21,2024-12-10,PayU
M001,PAY009474,ORD003440,2024-05-09,COD,paid,1569.25,0.0,2024-05-12,PayU
M001,PAY009475,ORD008661,2024-11-21,UPI,paid,1924.38,0.0,2024-11-26,Razorpay
M001,PAY009476,ORD009255,2024-12-07,Wallet,paid,1553.43,0.0,2024-12-08,PayU
M001,PAY009477,ORD007133,2024-10-09,Wallet,paid,4013.07,0.0,2024-10-14,PhonePe
M001,PAY009478,ORD000502,2024-01-17,UPI,paid,3513.84,0.0,2024-01-19,Razorpay
M001,PAY009479,ORD005357,2024-07-31,Debit Card,paid,1249.03,0.0,2024-08-01,Razorpay
M001,PAY009480,ORD009424,2024-12-12,UPI,paid,6667.57,0.0,2024-12-14,PhonePe
M001,PAY009481,ORD009191,2024-12-05,Credit Card,refunded,917.24,296.58,2024-12-10,Cashfree
M001,PAY009482,ORD001718,2024-03-04,UPI,failed,0.0,0.0,2024-03-04,Cashfree
M001,PAY009483,ORD000495,2024-01-17,Debit Card,refunded,1861.4,456.81,2024-01-22,Cashfree
M001,PAY009484,ORD005290,2024-07-28,COD,paid,548.13,0.0,2024-07-29,Cashfree
M001,PAY009485,ORD003978,2024-05-28,COD,paid,1005.32,0.0,2024-06-01,Razorpay
M001,PAY009486,ORD000228,2024-01-07,UPI,paid,3745.22,0.0,2024-01-08,PhonePe
M001,PAY009487,ORD009048,2024-12-02,NetBanking,paid,3531.43,0.0,2024-12-05,PayU
M001,PAY009488,ORD003944,2024-05-27,COD,paid,2208.39,0.0,2024-05-31,Razorpay
M001,PAY009489,ORD007375,2024-10-15,COD,failed,0.0,0.0,2024-10-15,Cashfree
M001,PAY009490,ORD001248,2024-02-11,COD,paid,3024.4,0.0,2024-02-15,PayU
M001,PAY009491,ORD002044,2024-03-16,UPI,paid,2234.2,0.0,2024-03-18,Razorpay
M001,PAY009492,ORD001148,2024-02-06,Wallet,paid,9526.51,0.0,2024-02-11,Cashfree
M001,PAY009493,ORD004813,2024-07-06,UPI,paid,1522.43,0.0,2024-07-08,Razorpay
M001,PAY009494,ORD000729,2024-01-24,UPI,failed,0.0,0.0,2024-01-24,PhonePe
M001,PAY009495,ORD008854,2024-11-27,Credit Card,paid,3247.27,0.0,2024-11-28,Juspay
M001,PAY009496,ORD001935,2024-03-12,Credit Card,paid,6039.55,0.0,2024-03-16,Cashfree
M001,PAY009497,ORD001984,2024-03-14,COD,pending,4983.66,0.0,2024-03-15,PayU
M001,PAY009498,ORD002101,2024-03-18,UPI,failed,0.0,0.0,2024-03-18,PayU
M001,PAY009499,ORD001555,2024-02-26,Wallet,paid,4250.5,0.0,2024-02-29,Stripe
M001,PAY009500,ORD004172,2024-06-05,COD,paid,1639.55,0.0,2024-06-08,PayU
M001,PAY009501,ORD007761,2024-10-27,COD,pending,1926.71,0.0,2024-10-28,Juspay
M001,PAY009502,ORD006002,2024-08-27,COD,paid,3211.85,0.0,2024-08-31,Cashfree
M001,PAY009503,ORD008995,2024-11-29,UPI,failed,0.0,0.0,2024-11-29,PayU
M001,PAY009504,ORD008940,2024-11-28,UPI,paid,9945.79,0.0,2024-11-30,Stripe
M001,PAY009505,ORD004375,2024-06-15,UPI,refunded,7679.0,6971.31,2024-06-18,Cashfree
M001,PAY009506,ORD002730,2024-04-13,UPI,paid,7639.88,0.0,2024-04-14,PhonePe
M001,PAY009507,ORD000803,2024-01-25,COD,paid,3588.35,0.0,2024-01-27,Juspay
M001,PAY009508,ORD006311,2024-09-09,COD,paid,5050.11,0.0,2024-09-12,Cashfree
M001,PAY009509,ORD004161,2024-06-04,UPI,paid,7244.98,0.0,2024-06-07,PhonePe
M001,PAY009510,ORD000205,2024-01-07,Credit Card,paid,6646.99,0.0,2024-01-09,Stripe
M001,PAY009511,ORD005244,2024-07-28,COD,paid,6452.62,0.0,2024-08-02,Juspay
M001,PAY009512,ORD002217,2024-03-23,Debit Card,paid,6542.39,0.0,2024-03-28,Juspay
M001,PAY009513,ORD007221,2024-10-11,COD,paid,5302.45,0.0,2024-10-15,Razorpay
M001,PAY009514,ORD009870,2024-12-26,NetBanking,paid,7537.26,0.0,2024-12-31,Juspay
M001,PAY009515,ORD001446,2024-02-19,Wallet,paid,8705.04,0.0,2024-02-21,Stripe
M001,PAY009516,ORD003989,2024-05-29,COD,paid,3595.21,0.0,2024-06-01,PayU
M001,PAY009517,ORD003990,2024-05-29,UPI,paid,3940.12,0.0,2024-06-02,Stripe
M001,PAY009518,ORD006082,2024-08-31,COD,paid,8791.84,0.0,2024-09-02,Juspay
M001,PAY009519,ORD006252,2024-09-07,Credit Card,paid,5453.63,0.0,2024-09-11,PayU
M001,PAY009520,ORD004283,2024-06-11,Debit Card,paid,2613.08,0.0,2024-06-16,PhonePe
M001,PAY009521,ORD002603,2024-04-07,Credit Card,failed,0.0,0.0,2024-04-07,Cashfree
M001,PAY009522,ORD001070,2024-02-03,COD,paid,8988.91,0.0,2024-02-08,PhonePe
M001,PAY009523,ORD004658,2024-06-28,UPI,failed,0.0,0.0,2024-06-28,Razorpay
M001,PAY009524,ORD007225,2024-10-11,Wallet,failed,0.0,0.0,2024-10-11,PayU
M001,PAY009525,ORD009057,2024-12-02,Debit Card,failed,0.0,0.0,2024-12-02,PayU
M001,PAY009526,ORD007159,2024-10-10,NetBanking,paid,1320.27,0.0,2024-10-13,Stripe
M001,PAY009527,ORD003794,2024-05-20,Credit Card,refunded,4057.88,1887.8,2024-05-25,Stripe
M001,PAY009528,ORD003303,2024-05-02,Debit Card,paid,3547.0,0.0,2024-05-07,Stripe
M001,PAY009529,ORD009124,2024-12-03,COD,paid,2065.04,0.0,2024-12-07,PayU
M001,PAY009530,ORD009527,2024-12-16,Wallet,paid,3313.72,0.0,2024-12-20,PayU
M001,PAY009531,ORD007085,2024-10-06,NetBanking,paid,2463.53,0.0,2024-10-11,Stripe
M001,PAY009532,ORD000987,2024-01-31,COD,paid,7014.44,0.0,2024-02-02,Stripe
M001,PAY009533,ORD000278,2024-01-09,COD,paid,2200.36,0.0,2024-01-14,Stripe
M001,PAY009534,ORD008723,2024-11-22,Debit Card,paid,6665.49,0.0,2024-11-26,Cashfree
M001,PAY009535,ORD003410,2024-05-06,Debit Card,paid,641.67,0.0,2024-05-07,PayU
M001,PAY009536,ORD004941,2024-07-13,Wallet,pending,5973.62,0.0,2024-07-15,PhonePe
M001,PAY009537,ORD008576,2024-11-19,UPI,refunded,4750.88,1781.58,2024-11-22,Razorpay
M001,PAY009538,ORD005954,2024-08-25,Debit Card,paid,3682.71,0.0,2024-08-30,Cashfree
M001,PAY009539,ORD002295,2024-03-27,COD,paid,3927.21,0.0,2024-03-31,Stripe
M001,PAY009540,ORD003710,2024-05-19,UPI,paid,5167.15,0.0,2024-05-24,Juspay
M001,PAY009541,ORD009247,2024-12-07,COD,paid,10385.65,0.0,2024-12-12,Juspay
M001,PAY009542,ORD008351,2024-11-12,UPI,paid,6007.69,0.0,2024-11-14,Cashfree
M001,PAY009543,ORD009564,2024-12-16,COD,pending,3397.66,0.0,2024-12-18,PhonePe
M001,PAY009544,ORD008194,2024-11-09,UPI,paid,2306.91,0.0,2024-11-13,Juspay
M001,PAY009545,ORD000731,2024-01-24,Wallet,paid,4682.79,0.0,2024-01-25,PhonePe
M001,PAY009546,ORD000724,2024-01-24,Debit Card,paid,8873.02,0.0,2024-01-26,Razorpay
M001,PAY009547,ORD003194,2024-04-29,COD,paid,5856.0,0.0,2024-05-02,Juspay
M001,PAY009548,ORD007429,2024-10-17,Wallet,failed,0.0,0.0,2024-10-17,Cashfree
M001,PAY009549,ORD002403,2024-04-01,UPI,paid,6454.81,0.0,2024-04-03,Razorpay
M001,PAY009550,ORD007506,2024-10-20,COD,paid,3524.9,0.0,2024-10-24,Cashfree
M001,PAY009551,ORD003988,2024-05-29,COD,paid,3421.65,0.0,2024-06-01,Razorpay
M001,PAY009552,ORD003551,2024-05-11,UPI,paid,7578.02,0.0,2024-05-13,Razorpay
M001,PAY009553,ORD009082,2024-12-02,NetBanking,paid,5750.94,0.0,2024-12-05,PayU
M001,PAY009554,ORD007767,2024-10-27,NetBanking,paid,5250.35,0.0,2024-11-01,Cashfree
M001,PAY009555,ORD000268,2024-01-09,UPI,paid,6128.03,0.0,2024-01-11,Cashfree
M001,PAY009556,ORD001883,2024-03-10,Debit Card,paid,5965.59,0.0,2024-03-15,PhonePe
M001,PAY009557,ORD001395,2024-02-18,UPI,paid,1603.47,0.0,2024-02-23,Cashfree
M001,PAY009558,ORD009406,2024-12-12,Credit Card,paid,3284.79,0.0,2024-12-14,Cashfree
M001,PAY009559,ORD002815,2024-04-14,Debit Card,paid,4861.94,0.0,2024-04-15,Razorpay
M001,PAY009560,ORD007985,2024-11-04,COD,paid,7382.62,0.0,2024-11-08,PhonePe
M001,PAY009561,ORD004036,2024-05-29,Debit Card,paid,4942.78,0.0,2024-06-02,Cashfree
M001,PAY009562,ORD007792,2024-10-29,Wallet,paid,3080.72,0.0,2024-11-01,Stripe
M001,PAY009563,ORD005149,2024-07-23,COD,paid,3566.72,0.0,2024-07-28,Juspay
M001,PAY009564,ORD009433,2024-12-14,COD,paid,11523.24,0.0,2024-12-16,Juspay
M001,PAY009565,ORD004716,2024-07-01,Debit Card,paid,2471.33,0.0,2024-07-06,Juspay
M001,PAY009566,ORD001757,2024-03-04,Credit Card,paid,1834.6,0.0,2024-03-08,PayU
M001,PAY009567,ORD005039,2024-07-17,COD,paid,8973.39,0.0,2024-07-20,Razorpay
M001,PAY009568,ORD002080,2024-03-17,NetBanking,paid,8679.01,0.0,2024-03-18,PayU
M001,PAY009569,ORD002521,2024-04-04,Wallet,paid,4416.08,0.0,2024-04-09,Stripe
M001,PAY009570,ORD000447,2024-01-14,COD,refunded,6213.61,3872.73,2024-01-16,PayU
M001,PAY009571,ORD002692,2024-04-12,COD,paid,2945.77,0.0,2024-04-13,Cashfree
M001,PAY009572,ORD003325,2024-05-03,UPI,paid,4077.13,0.0,2024-05-04,Juspay
M001,PAY009573,ORD007428,2024-10-17,COD,paid,8781.7,0.0,2024-10-22,Razorpay
M001,PAY009574,ORD002794,2024-04-15,NetBanking,paid,5231.81,0.0,2024-04-20,Stripe
M001,PAY009575,ORD008010,2024-11-04,COD,paid,6494.84,0.0,2024-11-08,PayU
M001,PAY009576,ORD000745,2024-01-23,COD,paid,3496.76,0.0,2024-01-27,PayU
M001,PAY009577,ORD003474,2024-05-10,UPI,paid,9525.34,0.0,2024-05-11,Razorpay
M001,PAY009578,ORD002974,2024-04-20,COD,paid,5996.62,0.0,2024-04-25,PhonePe
M001,PAY009579,ORD000964,2024-01-30,UPI,paid,8851.2,0.0,2024-02-04,Stripe
M001,PAY009580,ORD009802,2024-12-24,Credit Card,paid,1529.71,0.0,2024-12-25,Juspay
M001,PAY009581,ORD006896,2024-10-03,COD,paid,3443.32,0.0,2024-10-07,Cashfree
M001,PAY009582,ORD004907,2024-07-11,COD,refunded,6024.82,5428.56,2024-07-14,PhonePe
M001,PAY009583,ORD002600,2024-04-07,Wallet,paid,1439.79,0.0,2024-04-10,PayU
M001,PAY009584,ORD002597,2024-04-07,COD,paid,10136.34,0.0,2024-04-08,Juspay
M001,PAY009585,ORD008686,2024-11-21,NetBanking,paid,4591.02,0.0,2024-11-24,Stripe
M001,PAY009586,ORD009537,2024-12-16,COD,paid,8662.85,0.0,2024-12-19,Cashfree
M001,PAY009587,ORD005680,2024-08-14,Debit Card,paid,8475.43,0.0,2024-08-19,Stripe
M001,PAY009588,ORD005332,2024-07-31,COD,paid,5401.74,0.0,2024-08-05,Juspay
M001,PAY009589,ORD004397,2024-06-17,COD,paid,3849.49,0.0,2024-06-21,Cashfree
M001,PAY009590,ORD001258,2024-02-10,UPI,paid,1515.06,0.0,2024-02-13,Stripe
M001,PAY009591,ORD000188,2024-01-07,COD,paid,10033.8,0.0,2024-01-12,PhonePe
M001,PAY009592,ORD002767,2024-04-14,UPI,paid,4586.49,0.0,2024-04-15,Juspay
M001,PAY009593,ORD003593,2024-05-14,Debit Card,paid,705.25,0.0,2024-05-15,Stripe
M001,PAY009594,ORD003753,2024-05-19,UPI,paid,5913.99,0.0,2024-05-21,Razorpay
M001,PAY009595,ORD001143,2024-02-05,Credit Card,paid,6894.05,0.0,2024-02-08,PhonePe
M001,PAY009596,ORD006115,2024-09-01,UPI,failed,0.0,0.0,2024-09-01,Cashfree
M001,PAY009597,ORD009739,2024-12-22,Wallet,paid,3830.7,0.0,2024-12-27,Stripe
M001,PAY009598,ORD002937,2024-04-19,NetBanking,paid,742.91,0.0,2024-04-21,Stripe
M001,PAY009599,ORD005802,2024-08-20,Wallet,paid,6112.0,0.0,2024-08-23,PhonePe
M001,PAY009600,ORD005883,2024-08-23,UPI,paid,873.95,0.0,2024-08-25,Cashfree
M001,PAY009601,ORD000890,2024-01-29,Wallet,paid,8701.56,0.0,2024-02-02,Stripe
M001,PAY009602,ORD003542,2024-05-12,COD,paid,2733.21,0.0,2024-05-13,Cashfree
M001,PAY009603,ORD004923,2024-07-12,Credit Card,paid,2978.68,0.0,2024-07-13,Stripe
M001,PAY009604,ORD008901,2024-11-27,COD,paid,7104.68,0.0,2024-12-02,Juspay
M001,PAY009605,ORD002207,2024-03-22,COD,pending,6782.07,0.0,2024-03-23,PhonePe
M001,PAY009606,ORD000256,2024-01-08,COD,paid,2912.42,0.0,2024-01-13,Razorpay
M001,PAY009607,ORD002527,2024-04-05,Credit Card,paid,6042.7,0.0,2024-04-07,PayU
M001,PAY009608,ORD008484,2024-11-17,UPI,paid,10851.11,0.0,2024-11-22,Stripe
M001,PAY009609,ORD008767,2024-11-23,COD,paid,2513.46,0.0,2024-11-27,Stripe
M001,PAY009610,ORD003196,2024-04-29,COD,paid,7267.78,0.0,2024-05-02,PayU
M001,PAY009611,ORD001350,2024-02-14,NetBanking,refunded,8664.94,2414.14,2024-02-15,PhonePe
M001,PAY009612,ORD008458,2024-11-15,Debit Card,paid,4025.42,0.0,2024-11-17,PayU
M001,PAY009613,ORD006298,2024-09-09,Credit Card,paid,9146.63,0.0,2024-09-14,PhonePe
M001,PAY009614,ORD001863,2024-03-08,Credit Card,paid,1616.83,0.0,2024-03-13,Cashfree
M001,PAY009615,ORD005256,2024-07-27,Credit Card,paid,5922.02,0.0,2024-07-28,Juspay
M001,PAY009616,ORD007950,2024-11-01,UPI,paid,6975.96,0.0,2024-11-05,PhonePe
M001,PAY009617,ORD006008,2024-08-28,Debit Card,paid,1179.58,0.0,2024-08-30,Juspay
M001,PAY009618,ORD001595,2024-02-28,NetBanking,paid,8722.92,0.0,2024-02-29,PayU
M001,PAY009619,ORD001762,2024-03-04,UPI,paid,7382.84,0.0,2024-03-09,PayU
M001,PAY009620,ORD007127,2024-10-09,UPI,pending,2122.21,0.0,2024-10-10,Cashfree
M001,PAY009621,ORD001573,2024-02-26,COD,paid,2829.74,0.0,2024-02-29,Stripe
M001,PAY009622,ORD006335,2024-09-10,COD,paid,1316.78,0.0,2024-09-15,Stripe
M001,PAY009623,ORD002128,2024-03-19,UPI,paid,8571.86,0.0,2024-03-21,Juspay
M001,PAY009624,ORD005313,2024-07-30,UPI,paid,5903.33,0.0,2024-08-02,PayU
M001,PAY009625,ORD000698,2024-01-22,UPI,paid,1932.27,0.0,2024-01-23,Juspay
M001,PAY009626,ORD009685,2024-12-20,UPI,paid,4738.99,0.0,2024-12-22,Cashfree
M001,PAY009627,ORD008126,2024-11-08,COD,paid,955.67,0.0,2024-11-11,Stripe
M001,PAY009628,ORD007677,2024-10-24,NetBanking,paid,7887.27,0.0,2024-10-27,PayU
M001,PAY009629,ORD004963,2024-07-13,Wallet,paid,2177.9,0.0,2024-07-18,Juspay
M001,PAY009630,ORD000623,2024-01-20,COD,paid,2805.67,0.0,2024-01-22,Juspay
M001,PAY009631,ORD006641,2024-09-24,UPI,paid,5916.59,0.0,2024-09-26,Stripe
M001,PAY009632,ORD006268,2024-09-07,COD,paid,1812.5,0.0,2024-09-09,Razorpay
M001,PAY009633,ORD002485,2024-04-03,COD,paid,6658.64,0.0,2024-04-06,Juspay
M001,PAY009634,ORD000474,2024-01-15,Credit Card,paid,6892.88,0.0,2024-01-17,PhonePe
M001,PAY009635,ORD008008,2024-11-03,Debit Card,refunded,7454.04,4576.69,2024-11-06,Stripe
M001,PAY009636,ORD009117,2024-12-03,UPI,failed,0.0,0.0,2024-12-03,Stripe
M001,PAY009637,ORD002950,2024-04-20,COD,paid,5645.65,0.0,2024-04-24,PayU
M001,PAY009638,ORD009346,2024-12-11,Wallet,paid,7453.66,0.0,2024-12-16,PayU
M001,PAY009639,ORD003007,2024-04-22,UPI,paid,5612.49,0.0,2024-04-24,PhonePe
M001,PAY009640,ORD007360,2024-10-15,NetBanking,paid,891.19,0.0,2024-10-19,Juspay
M001,PAY009641,ORD000913,2024-01-29,Debit Card,paid,9096.11,0.0,2024-01-31,Razorpay
M001,PAY009642,ORD000490,2024-01-16,Debit Card,paid,8718.12,0.0,2024-01-18,PhonePe
M001,PAY009643,ORD005056,2024-07-18,COD,paid,8224.99,0.0,2024-07-19,Cashfree
M001,PAY009644,ORD009583,2024-12-18,Debit Card,paid,1209.44,0.0,2024-12-21,Cashfree
M001,PAY009645,ORD009918,2024-12-28,Wallet,paid,4409.13,0.0,2025-01-01,Cashfree
M001,PAY009646,ORD009115,2024-12-04,UPI,pending,4116.93,0.0,2024-12-05,Stripe
M001,PAY009647,ORD001508,2024-02-22,Debit Card,paid,1086.62,0.0,2024-02-23,Stripe
M001,PAY009648,ORD008682,2024-11-21,Credit Card,paid,6257.78,0.0,2024-11-22,Razorpay
M001,PAY009649,ORD002803,2024-04-15,UPI,paid,7144.15,0.0,2024-04-20,PhonePe
M001,PAY009650,ORD004095,2024-05-31,COD,paid,7976.46,0.0,2024-06-01,Razorpay
M001,PAY009651,ORD001384,2024-02-17,Debit Card,paid,6831.17,0.0,2024-02-21,PhonePe
M001,PAY009652,ORD008172,2024-11-08,UPI,paid,1226.66,0.0,2024-11-09,Juspay
M001,PAY009653,ORD007610,2024-10-22,UPI,refunded,7283.29,5907.79,2024-10-25,Cashfree
M001,PAY009654,ORD007351,2024-10-14,COD,paid,4663.82,0.0,2024-10-15,PhonePe
M001,PAY009655,ORD007233,2024-10-12,COD,paid,1970.85,0.0,2024-10-17,PhonePe
M001,PAY009656,ORD000214,2024-01-08,UPI,paid,6245.53,0.0,2024-01-13,PayU
M001,PAY009657,ORD005022,2024-07-16,UPI,refunded,4819.7,3003.1,2024-07-17,Razorpay
M001,PAY009658,ORD005372,2024-08-01,Credit Card,paid,2302.55,0.0,2024-08-05,Stripe
M001,PAY009659,ORD002811,2024-04-15,COD,paid,5671.03,0.0,2024-04-16,Stripe
M001,PAY009660,ORD007045,2024-10-05,Wallet,paid,7979.33,0.0,2024-10-07,Razorpay
M001,PAY009661,ORD004134,2024-06-02,Debit Card,paid,6353.06,0.0,2024-06-07,Stripe
M001,PAY009662,ORD003607,2024-05-14,Credit Card,paid,4145.53,0.0,2024-05-15,PayU
M001,PAY009663,ORD009304,2024-12-09,COD,paid,1603.75,0.0,2024-12-11,PayU
M001,PAY009664,ORD001079,2024-02-03,UPI,paid,5289.4,0.0,2024-02-04,PayU
M001,PAY009665,ORD001978,2024-03-14,COD,paid,5595.82,0.0,2024-03-15,Cashfree
M001,PAY009666,ORD008795,2024-11-24,COD,paid,6364.44,0.0,2024-11-27,Cashfree
M001,PAY009667,ORD001112,2024-02-05,UPI,paid,3642.38,0.0,2024-02-06,Juspay
M001,PAY009668,ORD004027,2024-05-29,COD,refunded,1157.05,825.3,2024-06-02,Cashfree
M001,PAY009669,ORD001557,2024-02-26,COD,paid,8005.3,0.0,2024-03-02,Juspay
M001,PAY009670,ORD008634,2024-11-20,UPI,paid,561.28,0.0,2024-11-25,Stripe
M001,PAY009671,ORD006410,2024-09-15,UPI,failed,0.0,0.0,2024-09-15,Razorpay
M001,PAY009672,ORD006231,2024-09-06,UPI,paid,4509.34,0.0,2024-09-07,Razorpay
M001,PAY009673,ORD000615,2024-01-20,COD,paid,2316.12,0.0,2024-01-24,PayU
M001,PAY009674,ORD001367,2024-02-15,COD,paid,2257.03,0.0,2024-02-20,PayU
M001,PAY009675,ORD002809,2024-04-15,COD,paid,1796.09,0.0,2024-04-17,PayU
M001,PAY009676,ORD003271,2024-05-01,Debit Card,paid,6103.9,0.0,2024-05-05,Stripe
M001,PAY009677,ORD008481,2024-11-16,UPI,paid,6206.85,0.0,2024-11-20,Cashfree
M001,PAY009678,ORD009003,2024-11-30,UPI,paid,6427.26,0.0,2024-12-02,Razorpay
M001,PAY009679,ORD001403,2024-02-17,COD,paid,8100.69,0.0,2024-02-21,Stripe
M001,PAY009680,ORD001929,2024-03-12,Debit Card,paid,5592.7,0.0,2024-03-15,Razorpay
M001,PAY009681,ORD008904,2024-11-28,COD,paid,5417.37,0.0,2024-12-03,Cashfree
M001,PAY009682,ORD004998,2024-07-14,COD,paid,6464.43,0.0,2024-07-18,Juspay
M001,PAY009683,ORD005866,2024-08-21,Credit Card,paid,8578.19,0.0,2024-08-23,PayU
M001,PAY009684,ORD002126,2024-03-20,COD,paid,3732.1,0.0,2024-03-21,Razorpay
M001,PAY009685,ORD003703,2024-05-18,Credit Card,paid,9640.49,0.0,2024-05-20,PhonePe
M001,PAY009686,ORD005426,2024-08-04,Credit Card,paid,4904.92,0.0,2024-08-08,Razorpay
M001,PAY009687,ORD009736,2024-12-23,Credit Card,paid,6721.95,0.0,2024-12-28,Cashfree
M001,PAY009688,ORD009782,2024-12-24,UPI,paid,7063.09,0.0,2024-12-26,Razorpay
M001,PAY009689,ORD007511,2024-10-20,Debit Card,paid,3747.86,0.0,2024-10-24,Stripe
M001,PAY009690,ORD000327,2024-01-11,UPI,paid,3397.47,0.0,2024-01-12,Razorpay
M001,PAY009691,ORD003494,2024-05-10,UPI,paid,8655.55,0.0,2024-05-11,Stripe
M001,PAY009692,ORD008748,2024-11-24,Wallet,paid,5213.24,0.0,2024-11-28,PhonePe
M001,PAY009693,ORD006088,2024-08-31,Credit Card,paid,8203.59,0.0,2024-09-02,PhonePe
M001,PAY009694,ORD009288,2024-12-09,Debit Card,paid,4213.36,0.0,2024-12-11,Stripe
M001,PAY009695,ORD006586,2024-09-21,Credit Card,paid,1386.28,0.0,2024-09-23,Razorpay
M001,PAY009696,ORD001296,2024-02-12,Wallet,paid,2526.0,0.0,2024-02-13,Juspay
M001,PAY009697,ORD007329,2024-10-15,UPI,paid,5704.95,0.0,2024-10-18,PhonePe
M001,PAY009698,ORD009939,2024-12-29,Wallet,failed,0.0,0.0,2024-12-29,PhonePe
M001,PAY009699,ORD005341,2024-08-01,COD,failed,0.0,0.0,2024-08-01,PayU
M001,PAY009700,ORD007672,2024-10-25,COD,refunded,1838.63,263.68,2024-10-27,Juspay
M001,PAY009701,ORD002758,2024-04-14,COD,paid,8065.04,0.0,2024-04-19,PhonePe
M001,PAY009702,ORD000956,2024-01-30,COD,paid,8249.85,0.0,2024-02-02,PhonePe
M001,PAY009703,ORD007840,2024-10-30,UPI,failed,0.0,0.0,2024-10-30,Cashfree
M001,PAY009704,ORD001106,2024-02-04,UPI,paid,2939.43,0.0,2024-02-05,Juspay
M001,PAY009705,ORD004259,2024-06-08,COD,paid,1977.75,0.0,2024-06-13,Juspay
M001,PAY009706,ORD006478,2024-09-16,Debit Card,failed,0.0,0.0,2024-09-16,PhonePe
M001,PAY009707,ORD006506,2024-09-19,UPI,paid,3161.53,0.0,2024-09-24,PayU
M001,PAY009708,ORD003627,2024-05-14,COD,paid,6919.1,0.0,2024-05-15,Juspay
M001,PAY009709,ORD003063,2024-04-24,COD,refunded,5397.5,4439.26,2024-04-27,Juspay
M001,PAY009710,ORD007249,2024-10-11,COD,refunded,7889.96,3713.37,2024-10-13,PayU
M001,PAY009711,ORD007543,2024-10-20,COD,paid,7573.47,0.0,2024-10-24,PayU
M001,PAY009712,ORD006636,2024-09-23,Debit Card,paid,4062.2,0.0,2024-09-24,PhonePe
M001,PAY009713,ORD001854,2024-03-08,COD,paid,1983.57,0.0,2024-03-12,Stripe
M001,PAY009714,ORD007752,2024-10-27,UPI,refunded,6411.28,4606.13,2024-10-28,PayU
M001,PAY009715,ORD000641,2024-01-20,UPI,paid,2033.63,0.0,2024-01-25,Cashfree
M001,PAY009716,ORD001499,2024-02-22,COD,paid,4300.31,0.0,2024-02-24,Stripe
M001,PAY009717,ORD006352,2024-09-11,COD,paid,7847.55,0.0,2024-09-12,PayU
M001,PAY009718,ORD004885,2024-07-10,COD,paid,7210.63,0.0,2024-07-15,Razorpay
M001,PAY009719,ORD006513,2024-09-18,COD,pending,4278.88,0.0,2024-09-20,Stripe
M001,PAY009720,ORD008465,2024-11-15,UPI,paid,1377.87,0.0,2024-11-20,PhonePe
M001,PAY009721,ORD005978,2024-08-26,Credit Card,paid,1816.36,0.0,2024-08-30,Razorpay
M001,PAY009722,ORD005052,2024-07-17,UPI,refunded,3902.4,2844.24,2024-07-19,PhonePe
M001,PAY009723,ORD001755,2024-03-05,Credit Card,paid,4555.45,0.0,2024-03-10,Juspay
M001,PAY009724,ORD009741,2024-12-23,NetBanking,paid,4801.78,0.0,2024-12-25,Stripe
M001,PAY009725,ORD004290,2024-06-11,Debit Card,paid,5561.73,0.0,2024-06-16,Razorpay
M001,PAY009726,ORD004835,2024-07-07,Credit Card,paid,10564.94,0.0,2024-07-08,Razorpay
M001,PAY009727,ORD004458,2024-06-19,Credit Card,refunded,2992.53,1428.64,2024-06-21,Stripe
M001,PAY009728,ORD000430,2024-01-14,COD,pending,3733.11,0.0,2024-01-16,Razorpay
M001,PAY009729,ORD006107,2024-09-02,COD,paid,7595.87,0.0,2024-09-03,PayU
M001,PAY009730,ORD009788,2024-12-24,COD,failed,0.0,0.0,2024-12-24,Juspay
M001,PAY009731,ORD008408,2024-11-14,Debit Card,paid,1575.02,0.0,2024-11-16,PayU
M001,PAY009732,ORD002280,2024-03-26,Debit Card,paid,4779.06,0.0,2024-03-29,PayU
M001,PAY009733,ORD000101,2024-01-03,UPI,paid,9239.28,0.0,2024-01-08,PayU
M001,PAY009734,ORD005125,2024-07-22,UPI,paid,5286.11,0.0,2024-07-27,PhonePe
M001,PAY009735,ORD008946,2024-11-29,UPI,paid,7162.71,0.0,2024-12-01,Stripe
M001,PAY009736,ORD000397,2024-01-13,UPI,refunded,3655.59,762.98,2024-01-14,Razorpay
M001,PAY009737,ORD008755,2024-11-24,COD,paid,5995.01,0.0,2024-11-27,Juspay
M001,PAY009738,ORD001682,2024-03-03,Credit Card,paid,2207.72,0.0,2024-03-06,Razorpay
M001,PAY009739,ORD000955,2024-01-30,Debit Card,paid,5158.25,0.0,2024-02-03,Razorpay
M001,PAY009740,ORD003616,2024-05-14,COD,paid,1571.91,0.0,2024-05-17,PhonePe
M001,PAY009741,ORD003501,2024-05-11,UPI,paid,9627.26,0.0,2024-05-14,Juspay
M001,PAY009742,ORD006306,2024-09-09,Credit Card,pending,2851.97,0.0,2024-09-11,Stripe
M001,PAY009743,ORD005023,2024-07-16,Credit Card,paid,5096.9,0.0,2024-07-19,PayU
M001,PAY009744,ORD003805,2024-05-22,COD,refunded,9007.84,2534.29,2024-05-26,PhonePe
M001,PAY009745,ORD003659,2024-05-16,Credit Card,paid,1850.51,0.0,2024-05-21,Razorpay
M001,PAY009746,ORD006980,2024-10-04,Credit Card,paid,2090.8,0.0,2024-10-07,Cashfree
M001,PAY009747,ORD004787,2024-07-04,Debit Card,paid,7429.97,0.0,2024-07-07,PayU
M001,PAY009748,ORD007793,2024-10-29,COD,paid,6923.57,0.0,2024-11-02,Juspay
M001,PAY009749,ORD000234,2024-01-08,Debit Card,paid,6519.3,0.0,2024-01-13,Cashfree
M001,PAY009750,ORD007660,2024-10-25,COD,paid,5962.98,0.0,2024-10-30,Razorpay
M001,PAY009751,ORD007486,2024-10-18,COD,paid,3608.12,0.0,2024-10-19,Stripe
M001,PAY009752,ORD002569,2024-04-06,Wallet,paid,4498.23,0.0,2024-04-07,PhonePe
M001,PAY009753,ORD000320,2024-01-11,COD,paid,8782.38,0.0,2024-01-12,PhonePe
M001,PAY009754,ORD005598,2024-08-11,COD,paid,7360.73,0.0,2024-08-13,PhonePe
M001,PAY009755,ORD001641,2024-03-01,UPI,paid,1935.42,0.0,2024-03-02,Cashfree
M001,PAY009756,ORD009002,2024-11-30,Debit Card,paid,2254.09,0.0,2024-12-02,Stripe
M001,PAY009757,ORD003513,2024-05-11,COD,paid,6061.25,0.0,2024-05-16,PayU
M001,PAY009758,ORD008417,2024-11-14,UPI,paid,6732.31,0.0,2024-11-17,Stripe
M001,PAY009759,ORD005257,2024-07-28,COD,paid,2761.99,0.0,2024-07-29,PayU
M001,PAY009760,ORD001256,2024-02-10,COD,paid,4690.95,0.0,2024-02-14,Cashfree
M001,PAY009761,ORD006548,2024-09-19,Wallet,paid,8778.09,0.0,2024-09-24,Razorpay
M001,PAY009762,ORD002235,2024-03-24,UPI,paid,9494.38,0.0,2024-03-27,Juspay
M001,PAY009763,ORD007630,2024-10-23,Credit Card,paid,5044.58,0.0,2024-10-28,Juspay
M001,PAY009764,ORD003604,2024-05-14,Debit Card,failed,0.0,0.0,2024-05-14,Cashfree
M001,PAY009765,ORD004260,2024-06-09,Debit Card,refunded,5649.38,5143.28,2024-06-10,Cashfree
M001,PAY009766,ORD006529,2024-09-19,COD,pending,3065.96,0.0,2024-09-21,PayU
M001,PAY009767,ORD003526,2024-05-11,COD,failed,0.0,0.0,2024-05-11,PayU
M001,PAY009768,ORD005681,2024-08-15,Credit Card,paid,6120.1,0.0,2024-08-19,PhonePe
M001,PAY009769,ORD006330,2024-09-09,UPI,paid,4330.12,0.0,2024-09-14,Cashfree
M001,PAY009770,ORD002821,2024-04-16,Debit Card,refunded,2491.67,2336.87,2024-04-20,Juspay
M001,PAY009771,ORD003015,2024-04-23,Wallet,paid,6490.09,0.0,2024-04-26,PhonePe
M001,PAY009772,ORD009895,2024-12-27,UPI,paid,2730.56,0.0,2025-01-01,PayU
M001,PAY009773,ORD002142,2024-03-20,Debit Card,paid,4272.11,0.0,2024-03-23,Cashfree
M001,PAY009774,ORD005828,2024-08-21,NetBanking,paid,5362.33,0.0,2024-08-24,PhonePe
M001,PAY009775,ORD004832,2024-07-07,Credit Card,paid,6886.66,0.0,2024-07-11,Stripe
M001,PAY009776,ORD000637,2024-01-21,COD,paid,8863.3,0.0,2024-01-23,PayU
M001,PAY009777,ORD005317,2024-07-30,Credit Card,paid,5615.03,0.0,2024-08-01,PayU
M001,PAY009778,ORD004567,2024-06-24,UPI,paid,3792.9,0.0,2024-06-28,PhonePe
M001,PAY009779,ORD007832,2024-10-29,UPI,paid,7023.94,0.0,2024-10-30,Stripe
M001,PAY009780,ORD002121,2024-03-20,UPI,paid,6596.62,0.0,2024-03-21,Juspay
M001,PAY009781,ORD004819,2024-07-06,COD,paid,7085.1,0.0,2024-07-07,Juspay
M001,PAY009782,ORD002354,2024-03-29,UPI,paid,3462.47,0.0,2024-04-02,PayU
M001,PAY009783,ORD001304,2024-02-13,UPI,paid,2445.55,0.0,2024-02-16,Razorpay
M001,PAY009784,ORD005285,2024-07-29,Wallet,paid,2545.76,0.0,2024-07-30,Cashfree
M001,PAY009785,ORD007113,2024-10-08,NetBanking,refunded,2952.29,2017.61,2024-10-12,Juspay
M001,PAY009786,ORD002870,2024-04-17,UPI,paid,3026.86,0.0,2024-04-22,Razorpay
M001,PAY009787,ORD002586,2024-04-07,COD,paid,3225.48,0.0,2024-04-11,PayU
M001,PAY009788,ORD009253,2024-12-07,Credit Card,paid,8238.01,0.0,2024-12-11,PhonePe
M001,PAY009789,ORD008141,2024-11-07,COD,paid,2875.2,0.0,2024-11-09,Razorpay
M001,PAY009790,ORD006318,2024-09-10,UPI,paid,5104.78,0.0,2024-09-15,Razorpay
M001,PAY009791,ORD005777,2024-08-17,Credit Card,paid,3697.14,0.0,2024-08-22,PayU
M001,PAY009792,ORD006372,2024-09-12,UPI,paid,4348.28,0.0,2024-09-15,Stripe
M001,PAY009793,ORD001566,2024-02-25,UPI,paid,5767.75,0.0,2024-03-01,Stripe
M001,PAY009794,ORD006206,2024-09-04,UPI,paid,3440.58,0.0,2024-09-05,Cashfree
M001,PAY009795,ORD006282,2024-09-08,UPI,paid,4741.68,0.0,2024-09-10,Juspay
M001,PAY009796,ORD001999,2024-03-15,UPI,paid,1886.74,0.0,2024-03-16,Juspay
M001,PAY009797,ORD001095,2024-02-04,Credit Card,paid,1084.15,0.0,2024-02-09,PayU
M001,PAY009798,ORD007092,2024-10-08,COD,paid,5379.79,0.0,2024-10-10,PhonePe
M001,PAY009799,ORD006244,2024-09-06,COD,paid,8044.2,0.0,2024-09-09,PhonePe
M001,PAY009800,ORD000715,2024-01-24,UPI,paid,993.04,0.0,2024-01-28,PayU
M001,PAY009801,ORD000328,2024-01-11,Debit Card,paid,1885.77,0.0,2024-01-12,Juspay
M001,PAY009802,ORD005904,2024-08-24,UPI,paid,6841.56,0.0,2024-08-28,PhonePe
M001,PAY009803,ORD000518,2024-01-16,UPI,paid,4204.36,0.0,2024-01-19,Cashfree
M001,PAY009804,ORD008533,2024-11-18,Credit Card,paid,7192.26,0.0,2024-11-23,Razorpay
M001,PAY009805,ORD001435,2024-02-20,COD,paid,4706.85,0.0,2024-02-25,PayU
M001,PAY009806,ORD009879,2024-12-27,Wallet,paid,3163.44,0.0,2024-12-31,PayU
M001,PAY009807,ORD008461,2024-11-16,Debit Card,paid,1471.5,0.0,2024-11-21,Cashfree
M001,PAY009808,ORD009908,2024-12-29,UPI,paid,2175.35,0.0,2025-01-03,Razorpay
M001,PAY009809,ORD000601,2024-01-19,COD,refunded,7680.43,5400.52,2024-01-22,Cashfree
M001,PAY009810,ORD004824,2024-07-06,Debit Card,paid,7639.52,0.0,2024-07-07,PayU
M001,PAY009811,ORD000743,2024-01-23,UPI,paid,7294.71,0.0,2024-01-26,Stripe
M001,PAY009812,ORD007958,2024-11-02,Debit Card,paid,4779.48,0.0,2024-11-06,Cashfree
M001,PAY009813,ORD005981,2024-08-27,Debit Card,paid,6319.5,0.0,2024-08-31,PhonePe
M001,PAY009814,ORD002070,2024-03-18,COD,paid,1904.97,0.0,2024-03-23,Cashfree
M001,PAY009815,ORD009743,2024-12-22,UPI,refunded,5526.82,1772.51,2024-12-23,PhonePe
M001,PAY009816,ORD002338,2024-03-29,Credit Card,paid,3221.14,0.0,2024-03-30,Razorpay
M001,PAY009817,ORD006238,2024-09-06,COD,paid,3732.69,0.0,2024-09-08,Cashfree
M001,PAY009818,ORD003304,2024-05-03,Wallet,paid,3903.52,0.0,2024-05-07,PhonePe
M001,PAY009819,ORD001163,2024-02-07,UPI,paid,10583.81,0.0,2024-02-11,Razorpay
M001,PAY009820,ORD008762,2024-11-24,NetBanking,paid,8146.29,0.0,2024-11-26,Cashfree
M001,PAY009821,ORD009961,2024-12-31,Wallet,paid,3767.56,0.0,2025-01-03,Stripe
M001,PAY009822,ORD004463,2024-06-19,COD,paid,4933.79,0.0,2024-06-23,Juspay
M001,PAY009823,ORD002376,2024-03-31,Credit Card,pending,6322.12,0.0,2024-04-02,Stripe
M001,PAY009824,ORD003867,2024-05-24,NetBanking,paid,2726.7,0.0,2024-05-27,Razorpay
M001,PAY009825,ORD008626,2024-11-20,Wallet,paid,9520.46,0.0,2024-11-23,Cashfree
M001,PAY009826,ORD008618,2024-11-21,UPI,refunded,6996.12,3440.32,2024-11-26,Razorpay
M001,PAY009827,ORD006387,2024-09-12,Debit Card,paid,8318.87,0.0,2024-09-13,Stripe
M001,PAY009828,ORD003722,2024-05-19,COD,paid,5997.39,0.0,2024-05-20,PayU
M001,PAY009829,ORD006056,2024-08-30,UPI,paid,6901.09,0.0,2024-09-04,Stripe
M001,PAY009830,ORD004438,2024-06-18,Credit Card,paid,2128.04,0.0,2024-06-21,PhonePe
M001,PAY009831,ORD006893,2024-10-03,COD,paid,2027.19,0.0,2024-10-06,PhonePe
M001,PAY009832,ORD008296,2024-11-12,NetBanking,paid,735.7,0.0,2024-11-15,PayU
M001,PAY009833,ORD009267,2024-12-07,COD,paid,4031.89,0.0,2024-12-10,Cashfree
M001,PAY009834,ORD008692,2024-11-23,COD,failed,0.0,0.0,2024-11-23,Cashfree
M001,PAY009835,ORD001920,2024-03-11,Credit Card,pending,2674.34,0.0,2024-03-12,PayU
M001,PAY009836,ORD006024,2024-08-28,COD,paid,10555.52,0.0,2024-08-31,PhonePe
M001,PAY009837,ORD002549,2024-04-06,Credit Card,paid,5861.14,0.0,2024-04-09,Razorpay
M001,PAY009838,ORD000450,2024-01-14,Wallet,pending,2364.41,0.0,2024-01-16,PhonePe
M001,PAY009839,ORD001572,2024-02-27,UPI,failed,0.0,0.0,2024-02-27,PhonePe
M001,PAY009840,ORD001879,2024-03-10,Credit Card,paid,7754.58,0.0,2024-03-14,Razorpay
M001,PAY009841,ORD000143,2024-01-06,COD,paid,7894.2,0.0,2024-01-09,PayU
M001,PAY009842,ORD006015,2024-08-29,COD,paid,3271.8,0.0,2024-09-02,Stripe
M001,PAY009843,ORD007949,2024-11-01,Debit Card,pending,600.14,0.0,2024-11-02,Razorpay
M001,PAY009844,ORD001418,2024-02-18,UPI,paid,4392.74,0.0,2024-02-21,Razorpay
M001,PAY009845,ORD007253,2024-10-12,UPI,paid,6365.41,0.0,2024-10-15,Razorpay
M001,PAY009846,ORD002523,2024-04-05,COD,paid,666.95,0.0,2024-04-08,Stripe
M001,PAY009847,ORD003603,2024-05-13,COD,paid,7309.44,0.0,2024-05-18,Razorpay
M001,PAY009848,ORD003448,2024-05-09,Credit Card,paid,3752.18,0.0,2024-05-14,Stripe
M001,PAY009849,ORD000910,2024-01-29,Debit Card,paid,6475.75,0.0,2024-02-02,PhonePe
M001,PAY009850,ORD007082,2024-10-06,Wallet,paid,1526.58,0.0,2024-10-07,Cashfree
M001,PAY009851,ORD002775,2024-04-14,Wallet,failed,0.0,0.0,2024-04-14,Juspay
M001,PAY009852,ORD006259,2024-09-06,UPI,refunded,842.16,772.99,2024-09-10,Juspay
M001,PAY009853,ORD007722,2024-10-25,Debit Card,paid,5865.4,0.0,2024-10-30,Cashfree
M001,PAY009854,ORD002983,2024-04-21,COD,paid,1552.59,0.0,2024-04-25,PhonePe
M001,PAY009855,ORD001251,2024-02-10,Credit Card,paid,3762.96,0.0,2024-02-11,Stripe
M001,PAY009856,ORD003762,2024-05-20,Debit Card,refunded,4258.94,3288.1,2024-05-22,Juspay
M001,PAY009857,ORD008567,2024-11-19,Debit Card,paid,5943.5,0.0,2024-11-21,Stripe
M001,PAY009858,ORD001885,2024-03-10,COD,paid,3654.58,0.0,2024-03-11,Cashfree
M001,PAY009859,ORD009531,2024-12-17,Credit Card,refunded,7830.21,1009.25,2024-12-22,Juspay
M001,PAY009860,ORD006615,2024-09-23,COD,paid,2539.54,0.0,2024-09-27,PhonePe
M001,PAY009861,ORD000037,2024-01-02,Credit Card,paid,5119.33,0.0,2024-01-04,Cashfree
M001,PAY009862,ORD001003,2024-02-01,UPI,paid,6944.36,0.0,2024-02-06,Cashfree
M001,PAY009863,ORD009070,2024-12-02,UPI,paid,9864.6,0.0,2024-12-04,PayU
M001,PAY009864,ORD007498,2024-10-19,UPI,paid,7269.47,0.0,2024-10-22,Stripe
M001,PAY009865,ORD004063,2024-05-30,Credit Card,paid,7077.93,0.0,2024-06-03,Cashfree
M001,PAY009866,ORD005084,2024-07-20,Credit Card,paid,2000.09,0.0,2024-07-24,PayU
M001,PAY009867,ORD008100,2024-11-07,Debit Card,failed,0.0,0.0,2024-11-07,Razorpay
M001,PAY009868,ORD009916,2024-12-29,COD,paid,3129.72,0.0,2025-01-01,Razorpay
M001,PAY009869,ORD005858,2024-08-21,UPI,paid,7831.64,0.0,2024-08-25,Cashfree
M001,PAY009870,ORD004562,2024-06-23,Debit Card,paid,7201.67,0.0,2024-06-25,Juspay
M001,PAY009871,ORD003580,2024-05-13,Credit Card,paid,3537.79,0.0,2024-05-16,PhonePe
M001,PAY009872,ORD006204,2024-09-04,COD,paid,6529.25,0.0,2024-09-06,Juspay
M001,PAY009873,ORD003714,2024-05-19,COD,paid,8426.28,0.0,2024-05-24,Juspay
M001,PAY009874,ORD004257,2024-06-09,Debit Card,paid,1979.47,0.0,2024-06-11,Stripe
M001,PAY009875,ORD004956,2024-07-12,Wallet,failed,0.0,0.0,2024-07-12,PayU
M001,PAY009876,ORD009273,2024-12-08,UPI,paid,9461.33,0.0,2024-12-11,PayU
M001,PAY009877,ORD002259,2024-03-26,COD,paid,8470.18,0.0,2024-03-28,PhonePe
M001,PAY009878,ORD002074,2024-03-18,COD,paid,7089.89,0.0,2024-03-19,Stripe
M001,PAY009879,ORD004556,2024-06-22,Debit Card,pending,7273.37,0.0,2024-06-23,Stripe
M001,PAY009880,ORD005875,2024-08-21,Wallet,paid,7047.25,0.0,2024-08-26,PhonePe
M001,PAY009881,ORD002127,2024-03-19,Credit Card,failed,0.0,0.0,2024-03-19,Razorpay
M001,PAY009882,ORD007527,2024-10-20,COD,failed,0.0,0.0,2024-10-20,Cashfree
M001,PAY009883,ORD001580,2024-02-27,COD,paid,6561.2,0.0,2024-03-01,Razorpay
M001,PAY009884,ORD008258,2024-11-10,Credit Card,paid,6043.43,0.0,2024-11-11,Juspay
M001,PAY009885,ORD004517,2024-06-21,UPI,paid,1539.2,0.0,2024-06-23,Cashfree
M001,PAY009886,ORD004884,2024-07-10,COD,paid,8451.83,0.0,2024-07-15,Juspay
M001,PAY009887,ORD009756,2024-12-24,UPI,pending,1515.38,0.0,2024-12-26,Stripe
M001,PAY009888,ORD000540,2024-01-17,COD,paid,7981.1,0.0,2024-01-20,Razorpay
M001,PAY009889,ORD006037,2024-08-29,UPI,paid,1749.3,0.0,2024-08-30,Juspay
M001,PAY009890,ORD004047,2024-05-30,COD,paid,7719.31,0.0,2024-06-03,Stripe
M001,PAY009891,ORD009818,2024-12-26,UPI,paid,5907.06,0.0,2024-12-30,PayU
M001,PAY009892,ORD005630,2024-08-13,UPI,paid,3583.04,0.0,2024-08-14,Juspay
M001,PAY009893,ORD005032,2024-07-17,UPI,paid,7520.46,0.0,2024-07-21,Stripe
M001,PAY009894,ORD000499,2024-01-17,Credit Card,paid,3399.94,0.0,2024-01-19,PayU
M001,PAY009895,ORD004619,2024-06-26,UPI,paid,1259.32,0.0,2024-06-29,Razorpay
M001,PAY009896,ORD004325,2024-06-12,COD,paid,8985.78,0.0,2024-06-14,Juspay
M001,PAY009897,ORD003932,2024-05-26,COD,paid,4806.23,0.0,2024-05-30,PhonePe
M001,PAY009898,ORD005232,2024-07-26,COD,paid,1366.67,0.0,2024-07-29,Cashfree
M001,PAY009899,ORD005514,2024-08-08,NetBanking,refunded,842.57,453.81,2024-08-10,Stripe
M001,PAY009900,ORD000381,2024-01-13,Wallet,paid,5428.44,0.0,2024-01-18,PhonePe
M001,PAY009901,ORD007184,2024-10-10,COD,paid,3192.11,0.0,2024-10-14,Juspay
M001,PAY009902,ORD007755,2024-10-27,UPI,paid,2551.66,0.0,2024-11-01,PhonePe
M001,PAY009903,ORD002461,2024-04-02,Credit Card,paid,7276.15,0.0,2024-04-06,Cashfree
M001,PAY009904,ORD005155,2024-07-23,Debit Card,paid,2754.93,0.0,2024-07-26,Juspay
M001,PAY009905,ORD003237,2024-04-30,Debit Card,paid,1236.52,0.0,2024-05-05,Razorpay
M001,PAY009906,ORD000688,2024-01-23,Debit Card,paid,3948.83,0.0,2024-01-28,Razorpay
M001,PAY009907,ORD003713,2024-05-19,COD,paid,3176.44,0.0,2024-05-23,Cashfree
M001,PAY009908,ORD000018,2024-01-01,UPI,paid,3563.03,0.0,2024-01-02,PhonePe
M001,PAY009909,ORD005525,2024-08-08,Credit Card,paid,1239.84,0.0,2024-08-13,Juspay
M001,PAY009910,ORD005156,2024-07-24,Credit Card,paid,500.0,0.0,2024-07-28,Stripe
M001,PAY009911,ORD000853,2024-01-28,COD,paid,8276.67,0.0,2024-02-01,PhonePe
M001,PAY009912,ORD003254,2024-04-30,UPI,paid,9996.3,0.0,2024-05-01,Juspay
M001,PAY009913,ORD006475,2024-09-16,UPI,paid,5052.32,0.0,2024-09-21,Razorpay
M001,PAY009914,ORD000069,2024-01-03,UPI,pending,5918.28,0.0,2024-01-05,Stripe
M001,PAY009915,ORD002630,2024-04-09,Debit Card,paid,9446.4,0.0,2024-04-12,Juspay
M001,PAY009916,ORD008992,2024-11-30,COD,pending,4276.84,0.0,2024-12-01,Juspay
M001,PAY009917,ORD008591,2024-11-20,COD,paid,7945.1,0.0,2024-11-23,PayU
M001,PAY009918,ORD002500,2024-04-05,Credit Card,paid,1638.33,0.0,2024-04-09,Juspay
M001,PAY009919,ORD003557,2024-05-12,UPI,paid,3796.62,0.0,2024-05-15,Razorpay
M001,PAY009920,ORD004360,2024-06-15,COD,pending,7114.85,0.0,2024-06-17,Stripe
M001,PAY009921,ORD006156,2024-09-02,COD,paid,2014.89,0.0,2024-09-03,Cashfree
M001,PAY009922,ORD008736,2024-11-24,UPI,paid,3782.0,0.0,2024-11-25,Razorpay
M001,PAY009923,ORD000893,2024-01-29,Wallet,paid,639.89,0.0,2024-02-02,Juspay
M001,PAY009924,ORD003225,2024-04-30,Credit Card,paid,1794.1,0.0,2024-05-05,Juspay
M001,PAY009925,ORD005167,2024-07-23,Debit Card,paid,5659.42,0.0,2024-07-28,Stripe
M001,PAY009926,ORD008456,2024-11-16,UPI,paid,4720.84,0.0,2024-11-18,Cashfree
M001,PAY009927,ORD003583,2024-05-13,Debit Card,paid,1321.62,0.0,2024-05-18,Cashfree
M001,PAY009928,ORD003248,2024-05-01,COD,paid,6940.66,0.0,2024-05-05,PayU
M001,PAY009929,ORD009868,2024-12-26,UPI,paid,4075.75,0.0,2024-12-31,Stripe
M001,PAY009930,ORD001006,2024-02-01,UPI,paid,3215.27,0.0,2024-02-04,PayU
M001,PAY009931,ORD007992,2024-11-03,UPI,paid,5109.73,0.0,2024-11-05,Cashfree
M001,PAY009932,ORD008466,2024-11-16,Credit Card,paid,6159.86,0.0,2024-11-21,Juspay
M001,PAY009933,ORD009320,2024-12-09,COD,paid,5277.46,0.0,2024-12-13,Juspay
M001,PAY009934,ORD004088,2024-06-01,COD,paid,3504.29,0.0,2024-06-02,Juspay
M001,PAY009935,ORD005473,2024-08-06,Wallet,paid,3230.7,0.0,2024-08-09,Juspay
M001,PAY009936,ORD009482,2024-12-15,COD,paid,719.14,0.0,2024-12-19,Stripe
M001,PAY009937,ORD001158,2024-02-07,Debit Card,paid,7924.45,0.0,2024-02-12,Razorpay
M001,PAY009938,ORD002040,2024-03-15,Debit Card,paid,6565.06,0.0,2024-03-18,Cashfree
M001,PAY009939,ORD004951,2024-07-13,Wallet,failed,0.0,0.0,2024-07-13,PayU
M001,PAY009940,ORD009775,2024-12-24,COD,paid,4864.18,0.0,2024-12-27,Razorpay
M001,PAY009941,ORD008016,2024-11-03,UPI,refunded,9513.6,7363.11,2024-11-08,Juspay
M001,PAY009942,ORD003964,2024-05-28,UPI,paid,4368.82,0.0,2024-06-01,PayU
M001,PAY009943,ORD001444,2024-02-20,COD,paid,4383.09,0.0,2024-02-25,PayU
M001,PAY009944,ORD001813,2024-03-08,COD,paid,3213.16,0.0,2024-03-12,PayU
M001,PAY009945,ORD006866,2024-10-02,Credit Card,paid,538.64,0.0,2024-10-06,PayU
M001,PAY009946,ORD005551,2024-08-08,UPI,paid,6760.51,0.0,2024-08-09,Juspay
M001,PAY009947,ORD000604,2024-01-20,UPI,paid,7027.54,0.0,2024-01-24,PhonePe
M001,PAY009948,ORD005049,2024-07-17,Credit Card,paid,4725.87,0.0,2024-07-20,PhonePe
M001,PAY009949,ORD006397,2024-09-13,Wallet,paid,5174.88,0.0,2024-09-17,PayU
M001,PAY009950,ORD000155,2024-01-05,COD,paid,8883.55,0.0,2024-01-10,Juspay
M001,PAY009951,ORD008969,2024-11-29,Credit Card,paid,3839.04,0.0,2024-12-04,Razorpay
M001,PAY009952,ORD000648,2024-01-21,Credit Card,paid,3640.47,0.0,2024-01-25,Cashfree
M001,PAY009953,ORD001481,2024-02-22,NetBanking,paid,6492.9,0.0,2024-02-23,Cashfree
M001,PAY009954,ORD003811,2024-05-22,COD,paid,7758.27,0.0,2024-05-27,PayU
M001,PAY009955,ORD009163,2024-12-05,UPI,paid,6127.54,0.0,2024-12-09,Juspay
M001,PAY009956,ORD006526,2024-09-19,Wallet,paid,641.93,0.0,2024-09-20,Stripe
M001,PAY009957,ORD009790,2024-12-24,COD,paid,9755.26,0.0,2024-12-26,Stripe
M001,PAY009958,ORD003872,2024-05-24,Debit Card,paid,8494.42,0.0,2024-05-27,Stripe
M001,PAY009959,ORD001447,2024-02-19,COD,paid,2403.66,0.0,2024-02-23,Juspay
M001,PAY009960,ORD005427,2024-08-04,Wallet,paid,5292.17,0.0,2024-08-08,PhonePe
M001,PAY009961,ORD009103,2024-12-03,Wallet,failed,0.0,0.0,2024-12-03,Razorpay
M001,PAY009962,ORD006422,2024-09-14,Debit Card,paid,2363.94,0.0,2024-09-17,Cashfree
M001,PAY009963,ORD001797,2024-03-06,COD,paid,10565.71,0.0,2024-03-08,Stripe
M001,PAY009964,ORD007775,2024-10-28,NetBanking,paid,4716.9,0.0,2024-11-02,Razorpay
M001,PAY009965,ORD006345,2024-09-10,UPI,paid,550.5,0.0,2024-09-14,Stripe
M001,PAY009966,ORD006795,2024-09-28,Credit Card,paid,2626.87,0.0,2024-10-02,Razorpay
M001,PAY009967,ORD004935,2024-07-11,Credit Card,paid,3438.18,0.0,2024-07-15,PhonePe
M001,PAY009968,ORD009222,2024-12-07,NetBanking,paid,5807.23,0.0,2024-12-09,Stripe
M001,PAY009969,ORD007152,2024-10-09,COD,paid,4238.12,0.0,2024-10-12,Razorpay
M001,PAY009970,ORD009066,2024-12-01,COD,failed,0.0,0.0,2024-12-01,PhonePe
M001,PAY009971,ORD003291,2024-05-02,Credit Card,paid,2932.1,0.0,2024-05-03,Stripe
M001,PAY009972,ORD008404,2024-11-13,UPI,paid,1197.52,0.0,2024-11-15,Cashfree
M001,PAY009973,ORD003588,2024-05-13,COD,paid,6804.0,0.0,2024-05-15,Cashfree
M001,PAY009974,ORD006110,2024-09-02,Debit Card,paid,2929.76,0.0,2024-09-06,PhonePe
M001,PAY009975,ORD005277,2024-07-28,COD,paid,6173.28,0.0,2024-08-01,PhonePe
M001,PAY009976,ORD008781,2024-11-24,COD,paid,4720.65,0.0,2024-11-28,Juspay
M001,PAY009977,ORD007202,2024-10-10,Credit Card,paid,7428.0,0.0,2024-10-15,Juspay
M001,PAY009978,ORD003523,2024-05-10,COD,paid,3280.63,0.0,2024-05-11,Juspay
M001,PAY009979,ORD002511,2024-04-05,Credit Card,paid,9295.22,0.0,2024-04-08,PhonePe
M001,PAY009980,ORD008917,2024-11-27,COD,failed,0.0,0.0,2024-11-27,PayU
M001,PAY009981,ORD003823,2024-05-22,COD,paid,4374.58,0.0,2024-05-26,Stripe
M001,PAY009982,ORD000954,2024-01-31,COD,paid,2694.61,0.0,2024-02-01,PhonePe
M001,PAY009983,ORD003565,2024-05-11,COD,paid,9679.46,0.0,2024-05-15,Cashfree
M001,PAY009984,ORD000035,2024-01-01,Credit Card,paid,7522.43,0.0,2024-01-02,Stripe
M001,PAY009985,ORD000482,2024-01-15,COD,paid,3306.58,0.0,2024-01-17,Cashfree
M001,PAY009986,ORD003372,2024-05-05,COD,paid,443.71,0.0,2024-05-06,Razorpay
M001,PAY009987,ORD007343,2024-10-15,UPI,paid,6592.86,0.0,2024-10-17,Juspay
M001,PAY009988,ORD009684,2024-12-21,UPI,paid,8790.93,0.0,2024-12-23,Razorpay
M001,PAY009989,ORD001229,2024-02-09,UPI,paid,4827.93,0.0,2024-02-13,Razorpay
M001,PAY009990,ORD005793,2024-08-18,COD,paid,7559.64,0.0,2024-08-23,Cashfree
M001,PAY009991,ORD009819,2024-12-25,COD,paid,3660.95,0.0,2024-12-27,Juspay
M001,PAY009992,ORD001461,2024-02-20,COD,pending,4503.76,0.0,2024-02-22,PhonePe
M001,PAY009993,ORD005205,2024-07-26,Credit Card,paid,2390.48,0.0,2024-07-30,Juspay
M001,PAY009994,ORD004693,2024-06-29,COD,refunded,9991.83,5980.61,2024-07-03,PayU
M001,PAY009995,ORD000673,2024-01-22,COD,paid,11256.33,0.0,2024-01-23,Cashfree
M001,PAY009996,ORD003654,2024-05-15,UPI,paid,11442.12,0.0,2024-05-17,Cashfree
M001,PAY009997,ORD001599,2024-02-28,NetBanking,refunded,1586.07,1536.32,2024-03-01,Cashfree
M001,PAY009998,ORD002042,2024-03-16,COD,paid,2028.83,0.0,2024-03-19,Stripe
M001,PAY009999,ORD000512,2024-01-16,UPI,paid,4166.05,0.0,2024-01-21,Cashfree
M001,PAY010000,ORD008792,2024-11-25,COD,paid,804.05,0.0,2024-11-27,PayU
