merchant_id,refund_id,order_id,refund_amount,refund_reason,deduction_reason,dispute_status,created_at,resolved_at,customer_complaint_score
M001,REF000001,ORD008830,2817.03,delayed_delivery,payment_gateway_adjustment,resolved,2024-12-11,2025-01-23,5
M001,REF000002,ORD008554,5339.78,damaged_product,invoice_difference,escalated,2024-11-20,2025-01-15,3
M001,REF000003,ORD007215,2573.98,damaged_product,invoice_difference,escalated,2024-10-29,2025-01-09,1
M001,REF000004,ORD004138,2434.88,fake_delivery_attempt,payment_gateway_adjustment,resolved,2024-06-28,2024-07-19,6
M001,REF000005,ORD009835,2746.41,size_issue,invoice_difference,resolved,2025-01-14,2025-01-29,6
M001,REF000006,ORD006846,5794.28,damaged_product,packaging_damage,escalated,2024-10-30,2025-01-05,2
M001,REF000007,ORD001272,1655.76,wrong_item,customer_refund,open,2024-02-16,2024-04-08,3
M001,REF000008,ORD007997,4516.35,size_issue,return_shipping_cost,resolved,2024-11-16,2024-12-15,4
M001,REF000009,ORD009662,3129.5,cancellation,payment_gateway_adjustment,resolved,2025-01-11,2025-02-06,2
M001,REF000010,ORD001045,514.54,fake_delivery_attempt,packaging_damage,resolved,2024-02-25,2024-03-21,7
M001,REF000011,ORD008730,2354.74,customer_not_available,payment_gateway_adjustment,open,2024-12-13,2025-02-28,4
M001,REF000012,ORD006448,2183.41,payment_issue,payment_gateway_adjustment,escalated,2024-09-25,2024-11-27,9
M001,REF000013,ORD002245,3941.51,payment_issue,customer_refund,resolved,2024-03-30,2024-04-29,2
M001,REF000014,ORD001919,149.58,size_issue,payment_gateway_adjustment,open,2024-04-01,2024-05-04,5
M001,REF000015,ORD003971,2577.39,fake_delivery_attempt,return_shipping_cost,resolved,2024-06-24,2024-07-11,1
M001,REF000016,ORD004987,5313.24,customer_not_available,packaging_damage,resolved,2024-07-20,2024-07-23,1
M001,REF000017,ORD007379,2571.92,customer_not_available,customer_refund,open,2024-10-27,2024-12-07,9
M001,REF000018,ORD009992,3263.53,customer_not_available,customer_refund,escalated,2025-01-01,2025-02-28,6
M001,REF000019,ORD002111,6071.46,size_issue,payment_gateway_adjustment,resolved,2024-04-13,2024-05-07,10
M001,REF000020,ORD009481,287.99,delayed_delivery,dispute_adjustment,resolved,2024-12-19,2025-01-11,2
M001,REF000021,ORD002079,2612.13,damaged_product,packaging_damage,resolved,2024-03-27,2024-04-14,10
M001,REF000022,ORD008881,7042.15,delayed_delivery,payment_gateway_adjustment,rejected,2024-12-01,2024-12-23,10
M001,REF000023,ORD008892,2539.85,customer_not_available,customer_refund,resolved,2024-12-22,2025-01-03,9
M001,REF000024,ORD006003,518.58,cancellation,customer_refund,resolved,2024-09-09,2024-10-12,10
M001,REF000025,ORD002987,5208.93,customer_not_available,packaging_damage,escalated,2024-04-23,2024-07-15,3
M001,REF000026,ORD002072,840.43,fake_delivery_attempt,packaging_damage,resolved,2024-04-03,2024-05-05,5
M001,REF000027,ORD001326,2179.25,wrong_item,invoice_difference,resolved,2024-02-28,2024-03-26,3
M001,REF000028,ORD001460,5029.42,cancellation,return_shipping_cost,resolved,2024-02-23,2024-03-13,5
M001,REF000029,ORD006209,2277.2,damaged_product,logistics_penalty,escalated,2024-09-17,2024-11-25,7
M001,REF000030,ORD002980,6527.79,size_issue,packaging_damage,open,2024-05-12,2024-07-20,8
M001,REF000031,ORD007946,899.33,wrong_item,return_shipping_cost,resolved,2024-11-15,2024-12-03,3
M001,REF000032,ORD001700,2413.02,wrong_item,logistics_penalty,resolved,2024-03-23,2024-04-27,3
M001,REF000033,ORD003448,520.1,size_issue,packaging_damage,open,2024-05-11,2024-07-09,5
M001,REF000034,ORD004724,1317.05,size_issue,dispute_adjustment,rejected,2024-07-01,2024-07-27,3
M001,REF000035,ORD002743,5888.71,wrong_item,payment_gateway_adjustment,resolved,2024-04-27,2024-05-16,9
M001,REF000036,ORD000704,5069.54,size_issue,invoice_difference,resolved,2024-02-10,2024-02-26,8
M001,REF000037,ORD008959,2208.22,payment_issue,logistics_penalty,rejected,2024-12-17,2025-01-09,10
M001,REF000038,ORD009358,1001.31,cancellation,logistics_penalty,open,2024-12-14,2025-02-17,2
M001,REF000039,ORD008773,4766.9,cancellation,return_shipping_cost,resolved,2024-12-12,2025-01-21,4
M001,REF000040,ORD008488,4091.51,fake_delivery_attempt,return_shipping_cost,escalated,2024-12-03,2025-02-14,9
M001,REF000041,ORD003909,7296.59,damaged_product,return_shipping_cost,resolved,2024-06-09,2024-07-24,6
M001,REF000042,ORD007881,2353.54,size_issue,logistics_penalty,resolved,2024-11-08,2024-12-04,1
M001,REF000043,ORD002964,2794.86,cancellation,logistics_penalty,resolved,2024-04-25,2024-05-08,3
M001,REF000044,ORD007272,1931.59,payment_issue,packaging_damage,open,2024-10-17,2024-12-09,2
M001,REF000045,ORD000598,1554.39,size_issue,return_shipping_cost,escalated,2024-02-07,2024-04-26,3
M001,REF000046,ORD002111,1625.51,fake_delivery_attempt,packaging_damage,resolved,2024-03-26,2024-04-02,8
M001,REF000047,ORD004930,1470.06,wrong_item,logistics_penalty,resolved,2024-07-28,2024-08-19,5
M001,REF000048,ORD007796,850.85,fake_delivery_attempt,logistics_penalty,resolved,2024-11-23,2025-01-07,9
M001,REF000049,ORD007252,8399.47,fake_delivery_attempt,invoice_difference,resolved,2024-10-25,2024-10-29,5
M001,REF000050,ORD005501,4811.49,customer_not_available,invoice_difference,rejected,2024-08-19,2024-08-26,1
M001,REF000051,ORD008801,1910.78,payment_issue,return_shipping_cost,escalated,2024-12-10,2025-03-09,9
M001,REF000052,ORD009120,892.86,delayed_delivery,customer_refund,open,2024-12-28,2025-03-11,9
M001,REF000053,ORD003841,4636.02,customer_not_available,customer_refund,rejected,2024-06-02,2024-06-29,9
M001,REF000054,ORD002960,1857.55,cancellation,payment_gateway_adjustment,open,2024-05-10,2024-08-08,4
M001,REF000055,ORD002252,4647.17,delayed_delivery,packaging_damage,resolved,2024-04-23,2024-05-12,7
M001,REF000056,ORD002670,3392.23,wrong_item,invoice_difference,open,2024-04-24,2024-07-06,2
M001,REF000057,ORD000653,2571.39,delayed_delivery,return_shipping_cost,resolved,2024-02-07,2024-03-07,6
M001,REF000058,ORD009073,1442.09,damaged_product,return_shipping_cost,resolved,2024-12-14,2025-01-08,4
M001,REF000059,ORD007231,3499.66,damaged_product,packaging_damage,resolved,2024-10-23,2024-12-07,6
M001,REF000060,ORD006370,797.2,delayed_delivery,payment_gateway_adjustment,escalated,2024-10-04,2024-12-25,1
M001,REF000061,ORD000990,7594.33,customer_not_available,customer_refund,resolved,2024-02-02,2024-02-09,9
M001,REF000062,ORD007198,464.21,cancellation,invoice_difference,resolved,2024-10-20,2024-11-28,4
M001,REF000063,ORD004187,162.1,fake_delivery_attempt,payment_gateway_adjustment,escalated,2024-06-11,2024-08-04,6
M001,REF000064,ORD007113,1125.85,wrong_item,return_shipping_cost,escalated,2024-10-23,2024-12-14,7
M001,REF000065,ORD008239,311.16,damaged_product,return_shipping_cost,escalated,2024-11-18,2025-01-10,10
M001,REF000066,ORD002123,2615.97,fake_delivery_attempt,dispute_adjustment,open,2024-04-14,2024-05-24,10
M001,REF000067,ORD005285,2218.13,customer_not_available,packaging_damage,resolved,2024-08-22,2024-09-01,2
M001,REF000068,ORD001283,440.28,size_issue,invoice_difference,open,2024-02-16,2024-04-09,7
M001,REF000069,ORD005944,664.33,cancellation,logistics_penalty,escalated,2024-09-14,2024-12-12,4
M001,REF000070,ORD006225,5704.54,delayed_delivery,logistics_penalty,escalated,2024-09-28,2024-12-25,2
M001,REF000071,ORD005125,2322.4,damaged_product,payment_gateway_adjustment,resolved,2024-08-11,2024-08-25,8
M001,REF000072,ORD000109,2324.18,cancellation,logistics_penalty,escalated,2024-01-18,2024-04-03,3
M001,REF000073,ORD008139,2441.42,payment_issue,customer_refund,escalated,2024-11-15,2024-12-15,10
M001,REF000074,ORD008514,1007.23,customer_not_available,payment_gateway_adjustment,resolved,2024-11-23,2025-01-06,6
M001,REF000075,ORD000321,3393.06,wrong_item,customer_refund,rejected,2024-01-27,2024-02-20,3
M001,REF000076,ORD007435,4861.03,damaged_product,customer_refund,open,2024-11-05,2025-01-04,10
M001,REF000077,ORD003820,1207.74,size_issue,dispute_adjustment,escalated,2024-06-12,2024-08-15,1
M001,REF000078,ORD000195,4205.46,payment_issue,packaging_damage,open,2024-01-21,2024-03-29,8
M001,REF000079,ORD001188,7140.0,cancellation,invoice_difference,resolved,2024-03-03,2024-03-12,3
M001,REF000080,ORD005031,1275.6,payment_issue,invoice_difference,resolved,2024-08-01,2024-08-25,8
M001,REF000081,ORD009818,5741.68,delayed_delivery,customer_refund,open,2024-12-29,2025-01-28,1
M001,REF000082,ORD000884,3083.14,size_issue,return_shipping_cost,rejected,2024-02-22,2024-03-20,3
M001,REF000083,ORD003443,5549.72,size_issue,dispute_adjustment,resolved,2024-05-21,2024-07-04,6
M001,REF000084,ORD002764,2028.42,delayed_delivery,dispute_adjustment,resolved,2024-04-27,2024-05-13,2
M001,REF000085,ORD009612,4890.67,size_issue,dispute_adjustment,resolved,2025-01-09,2025-01-20,9
M001,REF000086,ORD007037,986.17,payment_issue,payment_gateway_adjustment,resolved,2024-10-07,2024-11-12,4
M001,REF000087,ORD005992,734.25,payment_issue,return_shipping_cost,resolved,2024-09-07,2024-10-21,9
M001,REF000088,ORD002947,3481.64,size_issue,payment_gateway_adjustment,open,2024-05-13,2024-07-22,3
M001,REF000089,ORD005849,8665.35,delayed_delivery,packaging_damage,open,2024-09-07,2024-12-03,10
M001,REF000090,ORD009627,4212.83,delayed_delivery,invoice_difference,open,2025-01-17,2025-03-21,7
M001,REF000091,ORD006794,1834.49,size_issue,return_shipping_cost,resolved,2024-10-25,2024-11-28,6
M001,REF000092,ORD006077,1500.99,customer_not_available,logistics_penalty,resolved,2024-09-09,2024-10-10,8
M001,REF000093,ORD004934,829.43,wrong_item,invoice_difference,escalated,2024-07-13,2024-08-29,8
M001,REF000094,ORD002611,1269.7,customer_not_available,packaging_damage,open,2024-05-01,2024-07-17,4
M001,REF000095,ORD002536,2103.12,wrong_item,dispute_adjustment,open,2024-04-19,2024-06-19,3
M001,REF000096,ORD005849,8082.54,damaged_product,payment_gateway_adjustment,resolved,2024-09-14,2024-10-28,4
M001,REF000097,ORD006741,873.6,damaged_product,packaging_damage,resolved,2024-09-30,2024-11-11,1
M001,REF000098,ORD005764,1252.92,cancellation,customer_refund,resolved,2024-09-11,2024-10-24,9
M001,REF000099,ORD005483,537.59,fake_delivery_attempt,dispute_adjustment,resolved,2024-08-17,2024-08-20,1
M001,REF000100,ORD003892,980.7,fake_delivery_attempt,return_shipping_cost,escalated,2024-06-04,2024-08-15,4
M001,REF000101,ORD008203,7253.78,size_issue,return_shipping_cost,resolved,2024-12-01,2024-12-15,10
M001,REF000102,ORD003879,153.03,size_issue,logistics_penalty,rejected,2024-06-07,2024-07-20,7
M001,REF000103,ORD009702,4637.72,payment_issue,return_shipping_cost,rejected,2025-01-05,2025-01-12,2
M001,REF000104,ORD002243,2997.1,payment_issue,customer_refund,resolved,2024-04-20,2024-05-31,1
M001,REF000105,ORD004620,1838.6,payment_issue,invoice_difference,resolved,2024-07-14,2024-07-18,2
M001,REF000106,ORD001984,2648.97,customer_not_available,invoice_difference,open,2024-04-12,2024-06-12,1
M001,REF000107,ORD001657,2869.2,size_issue,logistics_penalty,resolved,2024-03-22,2024-03-28,8
M001,REF000108,ORD001699,1022.28,size_issue,payment_gateway_adjustment,open,2024-03-20,2024-06-18,7
M001,REF000109,ORD009979,2637.85,customer_not_available,customer_refund,resolved,2025-01-03,2025-01-08,8
M001,REF000110,ORD006153,1464.2,size_issue,invoice_difference,escalated,2024-09-27,2024-11-08,4
M001,REF000111,ORD002756,2044.65,damaged_product,dispute_adjustment,resolved,2024-05-07,2024-05-25,7
M001,REF000112,ORD001712,4785.28,delayed_delivery,payment_gateway_adjustment,open,2024-03-12,2024-04-16,10
M001,REF000113,ORD006405,3891.8,cancellation,invoice_difference,resolved,2024-10-08,2024-10-26,4
M001,REF000114,ORD007129,4515.82,wrong_item,payment_gateway_adjustment,open,2024-11-02,2025-01-22,2
M001,REF000115,ORD009842,2481.06,fake_delivery_attempt,logistics_penalty,resolved,2025-01-13,2025-01-29,3
M001,REF000116,ORD000727,2745.57,customer_not_available,payment_gateway_adjustment,resolved,2024-01-27,2024-02-19,1
M001,REF000117,ORD005793,3203.76,size_issue,packaging_damage,escalated,2024-08-27,2024-11-01,6
M001,REF000118,ORD001976,6277.85,cancellation,payment_gateway_adjustment,resolved,2024-03-17,2024-04-20,7
M001,REF000119,ORD000940,777.79,size_issue,payment_gateway_adjustment,resolved,2024-02-06,2024-02-16,3
M001,REF000120,ORD004583,2155.38,customer_not_available,packaging_damage,rejected,2024-07-06,2024-08-03,2
M001,REF000121,ORD005958,6298.27,delayed_delivery,logistics_penalty,resolved,2024-09-14,2024-10-01,4
M001,REF000122,ORD004457,448.47,payment_issue,customer_refund,resolved,2024-06-24,2024-07-29,3
M001,REF000123,ORD002698,4060.16,cancellation,payment_gateway_adjustment,escalated,2024-04-18,2024-06-13,5
M001,REF000124,ORD007935,5005.69,size_issue,customer_refund,resolved,2024-11-06,2024-11-20,1
M001,REF000125,ORD007950,3556.35,customer_not_available,invoice_difference,rejected,2024-11-12,2024-12-05,4
M001,REF000126,ORD005179,2459.57,damaged_product,invoice_difference,rejected,2024-08-12,2024-08-23,9
M001,REF000127,ORD000571,1168.4,customer_not_available,dispute_adjustment,resolved,2024-02-16,2024-03-08,7
M001,REF000128,ORD007079,5804.58,payment_issue,dispute_adjustment,open,2024-11-04,2024-12-24,8
M001,REF000129,ORD008431,5848.65,payment_issue,payment_gateway_adjustment,resolved,2024-12-04,2024-12-26,3
M001,REF000130,ORD009033,4654.51,size_issue,invoice_difference,resolved,2024-12-29,2025-01-02,6
M001,REF000131,ORD000286,1502.7,fake_delivery_attempt,logistics_penalty,open,2024-01-18,2024-02-27,5
M001,REF000132,ORD007798,2343.87,cancellation,customer_refund,open,2024-11-01,2024-12-21,6
M001,REF000133,ORD001637,4171.64,fake_delivery_attempt,dispute_adjustment,resolved,2024-03-23,2024-04-14,4
M001,REF000134,ORD001701,1269.57,fake_delivery_attempt,logistics_penalty,escalated,2024-03-29,2024-06-15,2
M001,REF000135,ORD008302,2825.06,payment_issue,dispute_adjustment,resolved,2024-12-10,2024-12-14,2
M001,REF000136,ORD004140,1319.06,cancellation,payment_gateway_adjustment,open,2024-06-19,2024-09-09,2
M001,REF000137,ORD006202,1726.54,payment_issue,payment_gateway_adjustment,resolved,2024-10-02,2024-10-25,10
M001,REF000138,ORD004734,5411.46,damaged_product,return_shipping_cost,resolved,2024-07-16,2024-07-22,10
M001,REF000139,ORD008051,1456.35,delayed_delivery,packaging_damage,escalated,2024-11-06,2025-01-03,2
M001,REF000140,ORD001730,2775.3,customer_not_available,dispute_adjustment,resolved,2024-03-23,2024-05-01,8
M001,REF000141,ORD006595,179.66,wrong_item,invoice_difference,resolved,2024-10-16,2024-11-22,5
M001,REF000142,ORD001902,1221.04,damaged_product,packaging_damage,resolved,2024-03-21,2024-03-25,4
M001,REF000143,ORD001891,1140.01,delayed_delivery,logistics_penalty,resolved,2024-04-09,2024-04-16,2
M001,REF000144,ORD008710,3695.26,wrong_item,logistics_penalty,escalated,2024-12-04,2025-01-03,4
M001,REF000145,ORD007106,2475.38,size_issue,invoice_difference,resolved,2024-10-09,2024-11-20,4
M001,REF000146,ORD008205,3766.53,customer_not_available,logistics_penalty,resolved,2024-11-25,2025-01-06,8
M001,REF000147,ORD002940,1711.53,payment_issue,logistics_penalty,resolved,2024-05-06,2024-05-09,7
M001,REF000148,ORD004669,1163.36,payment_issue,dispute_adjustment,open,2024-07-06,2024-09-19,8
M001,REF000149,ORD001959,3112.7,size_issue,dispute_adjustment,resolved,2024-04-07,2024-05-17,5
M001,REF000150,ORD008166,4296.8,payment_issue,payment_gateway_adjustment,resolved,2024-12-07,2024-12-26,6
M001,REF000151,ORD005384,962.94,fake_delivery_attempt,dispute_adjustment,resolved,2024-08-05,2024-09-09,2
M001,REF000152,ORD000462,4189.85,delayed_delivery,payment_gateway_adjustment,resolved,2024-02-13,2024-03-10,7
M001,REF000153,ORD007344,1074.94,delayed_delivery,invoice_difference,resolved,2024-10-15,2024-10-18,4
M001,REF000154,ORD007630,4635.47,customer_not_available,packaging_damage,resolved,2024-11-14,2024-12-11,3
M001,REF000155,ORD007664,8687.16,size_issue,packaging_damage,resolved,2024-11-22,2024-11-26,4
M001,REF000156,ORD001260,8528.69,customer_not_available,logistics_penalty,open,2024-03-10,2024-05-10,8
M001,REF000157,ORD003520,3524.47,customer_not_available,return_shipping_cost,escalated,2024-05-14,2024-06-21,2
M001,REF000158,ORD002408,1476.39,payment_issue,dispute_adjustment,rejected,2024-04-11,2024-04-17,4
M001,REF000159,ORD000302,7975.58,cancellation,customer_refund,open,2024-02-04,2024-03-12,10
M001,REF000160,ORD001644,4219.75,customer_not_available,invoice_difference,resolved,2024-03-11,2024-03-29,6
M001,REF000161,ORD008815,3978.84,cancellation,logistics_penalty,resolved,2024-12-16,2025-01-08,9
M001,REF000162,ORD002282,2042.09,fake_delivery_attempt,invoice_difference,resolved,2024-04-01,2024-05-11,1
M001,REF000163,ORD001970,2568.35,fake_delivery_attempt,packaging_damage,open,2024-04-08,2024-05-17,2
M001,REF000164,ORD006441,869.55,damaged_product,invoice_difference,resolved,2024-10-11,2024-11-25,8
M001,REF000165,ORD007452,6611.85,fake_delivery_attempt,return_shipping_cost,resolved,2024-11-15,2024-12-02,9
M001,REF000166,ORD003138,5637.61,damaged_product,dispute_adjustment,resolved,2024-05-21,2024-05-24,4
M001,REF000167,ORD004620,3896.44,size_issue,dispute_adjustment,resolved,2024-07-04,2024-07-16,9
M001,REF000168,ORD004254,2666.87,size_issue,invoice_difference,resolved,2024-07-04,2024-07-12,5
M001,REF000169,ORD004375,6275.36,damaged_product,customer_refund,rejected,2024-06-19,2024-06-23,1
M001,REF000170,ORD009580,624.09,damaged_product,return_shipping_cost,resolved,2025-01-10,2025-02-24,8
M001,REF000171,ORD002366,1371.97,cancellation,logistics_penalty,resolved,2024-04-10,2024-04-28,8
M001,REF000172,ORD003903,414.1,cancellation,invoice_difference,resolved,2024-06-23,2024-07-11,9
M001,REF000173,ORD005620,791.44,fake_delivery_attempt,return_shipping_cost,resolved,2024-08-17,2024-09-21,8
M001,REF000174,ORD000181,3137.0,payment_issue,customer_refund,resolved,2024-01-30,2024-02-09,5
M001,REF000175,ORD009468,5832.36,wrong_item,return_shipping_cost,rejected,2024-12-18,2025-01-07,5
M001,REF000176,ORD008730,6759.34,payment_issue,payment_gateway_adjustment,resolved,2024-11-30,2024-12-17,7
M001,REF000177,ORD007525,2675.72,damaged_product,payment_gateway_adjustment,resolved,2024-10-21,2024-10-25,7
M001,REF000178,ORD001984,1047.59,cancellation,payment_gateway_adjustment,resolved,2024-04-10,2024-04-24,9
M001,REF000179,ORD007732,3948.91,customer_not_available,return_shipping_cost,resolved,2024-11-11,2024-12-15,1
M001,REF000180,ORD005606,2673.48,payment_issue,return_shipping_cost,resolved,2024-09-07,2024-10-02,8
M001,REF000181,ORD005257,1725.66,delayed_delivery,logistics_penalty,open,2024-08-20,2024-11-17,7
M001,REF000182,ORD001359,1766.19,payment_issue,payment_gateway_adjustment,open,2024-03-12,2024-05-20,7
M001,REF000183,ORD005420,867.21,customer_not_available,payment_gateway_adjustment,resolved,2024-08-25,2024-09-24,9
M001,REF000184,ORD008039,4805.77,delayed_delivery,payment_gateway_adjustment,resolved,2024-11-26,2024-12-04,1
M001,REF000185,ORD008340,4182.24,delayed_delivery,customer_refund,resolved,2024-12-01,2024-12-04,9
M001,REF000186,ORD000995,2569.37,cancellation,return_shipping_cost,resolved,2024-02-05,2024-03-02,10
M001,REF000187,ORD004501,1151.42,payment_issue,packaging_damage,resolved,2024-06-25,2024-07-02,9
M001,REF000188,ORD007398,48.6,size_issue,dispute_adjustment,resolved,2024-11-04,2024-12-06,4
M001,REF000189,ORD004319,2554.36,size_issue,logistics_penalty,resolved,2024-06-21,2024-08-04,4
M001,REF000190,ORD009658,6190.38,size_issue,dispute_adjustment,rejected,2025-01-02,2025-02-08,6
M001,REF000191,ORD005257,932.95,delayed_delivery,packaging_damage,open,2024-07-28,2024-09-06,4
M001,REF000192,ORD006149,2099.9,wrong_item,logistics_penalty,resolved,2024-09-18,2024-10-27,2
M001,REF000193,ORD008055,6941.81,delayed_delivery,packaging_damage,escalated,2024-11-26,2025-01-15,10
M001,REF000194,ORD004908,6289.79,fake_delivery_attempt,payment_gateway_adjustment,rejected,2024-08-07,2024-08-31,9
M001,REF000195,ORD006519,730.84,cancellation,packaging_damage,resolved,2024-10-13,2024-11-19,10
M001,REF000196,ORD000946,1912.56,wrong_item,return_shipping_cost,resolved,2024-02-13,2024-02-27,7
M001,REF000197,ORD001260,6627.68,fake_delivery_attempt,payment_gateway_adjustment,resolved,2024-03-12,2024-03-29,8
M001,REF000198,ORD008700,1285.14,customer_not_available,customer_refund,resolved,2024-12-15,2025-01-18,1
M001,REF000199,ORD009668,9524.55,fake_delivery_attempt,logistics_penalty,rejected,2024-12-29,2025-01-02,4
M001,REF000200,ORD003175,1366.75,cancellation,return_shipping_cost,resolved,2024-05-04,2024-05-14,3
M001,REF000201,ORD001408,1063.12,wrong_item,invoice_difference,open,2024-03-14,2024-05-22,4
M001,REF000202,ORD003116,708.12,damaged_product,dispute_adjustment,resolved,2024-05-07,2024-05-15,4
M001,REF000203,ORD006165,3747.69,customer_not_available,customer_refund,resolved,2024-09-27,2024-10-15,6
M001,REF000204,ORD003230,1539.02,wrong_item,return_shipping_cost,open,2024-05-27,2024-06-30,5
M001,REF000205,ORD008046,2359.2,damaged_product,payment_gateway_adjustment,open,2024-11-09,2025-01-25,9
M001,REF000206,ORD009025,6635.49,payment_issue,packaging_damage,resolved,2024-12-12,2025-01-22,10
M001,REF000207,ORD006107,4218.08,wrong_item,packaging_damage,resolved,2024-09-14,2024-10-29,3
M001,REF000208,ORD001868,2383.8,fake_delivery_attempt,dispute_adjustment,escalated,2024-03-21,2024-06-16,5
M001,REF000209,ORD008602,649.03,fake_delivery_attempt,customer_refund,rejected,2024-12-18,2025-01-22,2
M001,REF000210,ORD002592,512.9,delayed_delivery,payment_gateway_adjustment,resolved,2024-04-14,2024-05-26,1
M001,REF000211,ORD004098,5508.84,cancellation,invoice_difference,escalated,2024-06-23,2024-08-21,10
M001,REF000212,ORD003220,835.82,payment_issue,customer_refund,rejected,2024-05-04,2024-05-26,1
M001,REF000213,ORD006519,2722.07,payment_issue,invoice_difference,escalated,2024-10-13,2024-11-19,8
M001,REF000214,ORD008576,2990.45,size_issue,payment_gateway_adjustment,open,2024-12-09,2025-01-09,4
M001,REF000215,ORD004329,291.11,size_issue,dispute_adjustment,resolved,2024-06-16,2024-07-30,5
M001,REF000216,ORD009476,601.17,customer_not_available,dispute_adjustment,resolved,2025-01-04,2025-01-20,4
M001,REF000217,ORD007109,3628.45,damaged_product,invoice_difference,escalated,2024-10-15,2024-12-01,2
M001,REF000218,ORD002780,1289.91,cancellation,invoice_difference,escalated,2024-04-23,2024-05-28,7
M001,REF000219,ORD009257,3260.63,cancellation,dispute_adjustment,escalated,2024-12-19,2025-03-06,4
M001,REF000220,ORD008310,2136.72,damaged_product,payment_gateway_adjustment,open,2024-11-27,2025-02-19,7
M001,REF000221,ORD001748,665.89,damaged_product,dispute_adjustment,escalated,2024-03-18,2024-06-05,5
M001,REF000222,ORD009296,1005.0,delayed_delivery,dispute_adjustment,resolved,2024-12-11,2025-01-18,9
M001,REF000223,ORD007200,5195.08,wrong_item,invoice_difference,resolved,2024-10-17,2024-10-31,2
M001,REF000224,ORD003915,1223.33,cancellation,packaging_damage,resolved,2024-06-02,2024-06-24,5
M001,REF000225,ORD007416,5555.8,customer_not_available,invoice_difference,resolved,2024-11-10,2024-11-14,5
M001,REF000226,ORD000369,2079.34,fake_delivery_attempt,packaging_damage,open,2024-01-18,2024-02-23,4
M001,REF000227,ORD002191,3857.21,payment_issue,customer_refund,escalated,2024-04-03,2024-05-14,1
M001,REF000228,ORD006316,7984.08,cancellation,customer_refund,resolved,2024-09-22,2024-10-18,2
M001,REF000229,ORD007622,2295.85,cancellation,payment_gateway_adjustment,resolved,2024-10-30,2024-11-27,2
M001,REF000230,ORD008170,4301.5,damaged_product,customer_refund,resolved,2024-11-20,2025-01-02,4
M001,REF000231,ORD001852,3064.26,size_issue,invoice_difference,open,2024-04-05,2024-06-17,3
M001,REF000232,ORD003632,1439.62,customer_not_available,payment_gateway_adjustment,rejected,2024-06-01,2024-06-08,2
M001,REF000233,ORD002773,2461.91,cancellation,logistics_penalty,resolved,2024-04-14,2024-05-07,8
M001,REF000234,ORD002374,1917.17,fake_delivery_attempt,invoice_difference,resolved,2024-04-03,2024-04-23,10
M001,REF000235,ORD008663,1573.52,delayed_delivery,invoice_difference,rejected,2024-12-09,2024-12-28,1
M001,REF000236,ORD008640,3241.93,fake_delivery_attempt,return_shipping_cost,escalated,2024-12-05,2025-01-16,2
M001,REF000237,ORD008037,980.65,customer_not_available,packaging_damage,resolved,2024-11-26,2025-01-01,1
M001,REF000238,ORD009834,3131.72,delayed_delivery,packaging_damage,resolved,2025-01-04,2025-01-25,5
M001,REF000239,ORD003240,344.0,size_issue,customer_refund,escalated,2024-05-08,2024-07-09,6
M001,REF000240,ORD000990,5297.67,delayed_delivery,logistics_penalty,resolved,2024-02-03,2024-02-25,9
M001,REF000241,ORD001878,8322.67,size_issue,customer_refund,resolved,2024-03-22,2024-05-01,8
M001,REF000242,ORD004038,3920.79,wrong_item,packaging_damage,resolved,2024-06-14,2024-06-18,3
M001,REF000243,ORD001201,2864.51,payment_issue,invoice_difference,resolved,2024-02-25,2024-03-25,3
M001,REF000244,ORD007542,5395.6,size_issue,customer_refund,resolved,2024-11-03,2024-11-30,4
M001,REF000245,ORD004183,4952.62,fake_delivery_attempt,dispute_adjustment,resolved,2024-06-09,2024-06-29,7
M001,REF000246,ORD004679,2165.92,cancellation,return_shipping_cost,resolved,2024-06-30,2024-07-31,6
M001,REF000247,ORD007536,2252.28,damaged_product,logistics_penalty,open,2024-11-10,2024-12-22,1
M001,REF000248,ORD009497,4315.58,customer_not_available,packaging_damage,resolved,2024-12-30,2025-02-04,5
M001,REF000249,ORD003229,1102.25,fake_delivery_attempt,return_shipping_cost,resolved,2024-05-12,2024-06-25,9
M001,REF000250,ORD005238,1512.84,damaged_product,packaging_damage,resolved,2024-08-15,2024-09-08,3
M001,REF000251,ORD002032,1080.37,damaged_product,logistics_penalty,escalated,2024-03-31,2024-05-03,9
M001,REF000252,ORD006441,1325.26,delayed_delivery,customer_refund,rejected,2024-10-04,2024-10-17,8
M001,REF000253,ORD003616,1554.09,fake_delivery_attempt,customer_refund,rejected,2024-06-11,2024-06-14,7
M001,REF000254,ORD007383,1796.2,cancellation,invoice_difference,open,2024-10-16,2024-11-18,10
M001,REF000255,ORD006698,5686.78,fake_delivery_attempt,invoice_difference,escalated,2024-10-18,2024-11-22,5
M001,REF000256,ORD002174,2931.5,damaged_product,payment_gateway_adjustment,rejected,2024-04-20,2024-05-28,5
M001,REF000257,ORD007366,1110.24,cancellation,logistics_penalty,resolved,2024-10-22,2024-11-01,2
M001,REF000258,ORD007686,1882.05,wrong_item,dispute_adjustment,escalated,2024-11-21,2025-01-14,5
M001,REF000259,ORD009426,2526.07,fake_delivery_attempt,payment_gateway_adjustment,resolved,2024-12-22,2025-01-23,5
M001,REF000260,ORD004342,2192.0,wrong_item,customer_refund,resolved,2024-06-24,2024-07-02,2
M001,REF000261,ORD009192,97.91,customer_not_available,packaging_damage,open,2024-12-12,2025-02-06,8
M001,REF000262,ORD004295,3662.02,wrong_item,return_shipping_cost,open,2024-06-23,2024-09-02,1
M001,REF000263,ORD006574,3912.66,payment_issue,logistics_penalty,rejected,2024-10-16,2024-10-19,10
M001,REF000264,ORD004054,3378.78,fake_delivery_attempt,customer_refund,rejected,2024-06-20,2024-07-19,7
M001,REF000265,ORD002639,2755.49,fake_delivery_attempt,logistics_penalty,rejected,2024-04-30,2024-05-07,4
M001,REF000266,ORD006622,8414.34,delayed_delivery,return_shipping_cost,resolved,2024-09-29,2024-10-28,1
M001,REF000267,ORD000106,531.57,damaged_product,payment_gateway_adjustment,resolved,2024-01-20,2024-02-11,8
M001,REF000268,ORD002057,5331.01,damaged_product,customer_refund,open,2024-03-30,2024-05-18,3
M001,REF000269,ORD004375,3732.19,fake_delivery_attempt,payment_gateway_adjustment,resolved,2024-06-23,2024-07-26,10
M001,REF000270,ORD009148,6613.98,wrong_item,packaging_damage,resolved,2024-12-09,2024-12-19,2
M001,REF000271,ORD005935,3173.06,delayed_delivery,customer_refund,open,2024-08-27,2024-09-29,1
M001,REF000272,ORD001384,763.75,customer_not_available,invoice_difference,resolved,2024-02-25,2024-03-15,5
M001,REF000273,ORD007619,4505.19,payment_issue,customer_refund,open,2024-11-04,2024-12-22,5
M001,REF000274,ORD002892,1425.88,wrong_item,payment_gateway_adjustment,resolved,2024-04-22,2024-06-03,2
M001,REF000275,ORD009106,734.1,size_issue,logistics_penalty,escalated,2024-12-09,2025-02-18,5
M001,REF000276,ORD000540,6914.63,size_issue,logistics_penalty,rejected,2024-02-08,2024-02-13,10
M001,REF000277,ORD004984,4227.79,damaged_product,logistics_penalty,resolved,2024-07-16,2024-08-19,5
M001,REF000278,ORD007463,2023.47,fake_delivery_attempt,dispute_adjustment,escalated,2024-11-09,2025-01-28,9
M001,REF000279,ORD005740,660.55,delayed_delivery,invoice_difference,resolved,2024-08-21,2024-09-07,2
M001,REF000280,ORD006536,449.78,delayed_delivery,payment_gateway_adjustment,resolved,2024-10-08,2024-10-28,7
M001,REF000281,ORD004162,2076.04,size_issue,dispute_adjustment,resolved,2024-06-18,2024-06-30,3
M001,REF000282,ORD007071,5393.79,payment_issue,packaging_damage,resolved,2024-10-14,2024-10-29,4
M001,REF000283,ORD004811,2528.19,damaged_product,payment_gateway_adjustment,resolved,2024-07-26,2024-08-23,5
M001,REF000284,ORD007376,2084.32,fake_delivery_attempt,customer_refund,resolved,2024-11-13,2024-12-18,8
M001,REF000285,ORD005037,5028.72,delayed_delivery,return_shipping_cost,resolved,2024-08-09,2024-09-08,1
M001,REF000286,ORD000869,529.14,size_issue,dispute_adjustment,open,2024-02-04,2024-04-02,4
M001,REF000287,ORD003368,1251.4,size_issue,payment_gateway_adjustment,open,2024-05-29,2024-08-09,6
M001,REF000288,ORD002168,1076.7,wrong_item,payment_gateway_adjustment,resolved,2024-04-02,2024-04-28,2
M001,REF000289,ORD002337,930.08,fake_delivery_attempt,return_shipping_cost,resolved,2024-04-01,2024-04-11,4
M001,REF000290,ORD004116,5785.18,size_issue,packaging_damage,open,2024-06-02,2024-08-23,5
M001,REF000291,ORD005764,7540.87,delayed_delivery,payment_gateway_adjustment,resolved,2024-08-19,2024-08-30,8
M001,REF000292,ORD009719,1986.81,damaged_product,return_shipping_cost,resolved,2024-12-29,2025-01-10,4
M001,REF000293,ORD004868,669.67,damaged_product,packaging_damage,resolved,2024-07-13,2024-07-17,2
M001,REF000294,ORD007164,4010.56,fake_delivery_attempt,dispute_adjustment,resolved,2024-10-18,2024-11-07,6
M001,REF000295,ORD007254,1252.65,customer_not_available,dispute_adjustment,rejected,2024-10-13,2024-11-23,1
M001,REF000296,ORD006370,1997.0,customer_not_available,logistics_penalty,open,2024-09-13,2024-12-03,10
M001,REF000297,ORD002536,633.76,size_issue,payment_gateway_adjustment,escalated,2024-04-11,2024-06-08,1
M001,REF000298,ORD005027,181.73,damaged_product,packaging_damage,resolved,2024-07-20,2024-07-23,8
M001,REF000299,ORD003741,1253.59,delayed_delivery,logistics_penalty,open,2024-05-24,2024-07-21,8
M001,REF000300,ORD009697,1610.96,damaged_product,payment_gateway_adjustment,resolved,2025-01-09,2025-01-26,10
M001,REF000301,ORD007055,3405.03,fake_delivery_attempt,logistics_penalty,resolved,2024-10-16,2024-11-22,8
M001,REF000302,ORD006900,1119.86,size_issue,return_shipping_cost,escalated,2024-10-19,2024-11-24,1
M001,REF000303,ORD004896,7524.25,fake_delivery_attempt,customer_refund,escalated,2024-08-05,2024-10-31,5
M001,REF000304,ORD007330,2072.98,payment_issue,return_shipping_cost,resolved,2024-11-04,2024-12-10,5
M001,REF000305,ORD009493,5662.81,size_issue,customer_refund,resolved,2024-12-25,2025-01-22,2
M001,REF000306,ORD004231,2965.62,size_issue,packaging_damage,resolved,2024-07-01,2024-08-13,4
M001,REF000307,ORD003689,1165.15,cancellation,payment_gateway_adjustment,resolved,2024-05-27,2024-06-04,5
M001,REF000308,ORD007293,7008.02,fake_delivery_attempt,return_shipping_cost,resolved,2024-10-28,2024-11-12,8
M001,REF000309,ORD006350,2373.29,wrong_item,customer_refund,escalated,2024-09-25,2024-12-18,7
M001,REF000310,ORD006711,4683.27,size_issue,logistics_penalty,rejected,2024-10-05,2024-10-20,5
M001,REF000311,ORD000813,2400.82,damaged_product,invoice_difference,rejected,2024-01-27,2024-02-26,3
M001,REF000312,ORD003997,6824.43,cancellation,packaging_damage,resolved,2024-06-11,2024-07-22,5
M001,REF000313,ORD009044,2085.9,customer_not_available,packaging_damage,resolved,2024-12-16,2024-12-21,5
M001,REF000314,ORD000255,3408.66,payment_issue,dispute_adjustment,rejected,2024-02-01,2024-02-07,2
M001,REF000315,ORD004841,902.99,customer_not_available,return_shipping_cost,resolved,2024-07-21,2024-08-07,4
M001,REF000316,ORD003807,3094.21,size_issue,return_shipping_cost,resolved,2024-06-16,2024-07-20,2
M001,REF000317,ORD002284,3056.72,size_issue,invoice_difference,resolved,2024-04-20,2024-05-26,3
M001,REF000318,ORD009049,1535.06,size_issue,payment_gateway_adjustment,open,2024-12-06,2025-02-05,9
M001,REF000319,ORD004634,5310.14,payment_issue,payment_gateway_adjustment,open,2024-07-09,2024-10-06,3
M001,REF000320,ORD006189,5764.07,cancellation,dispute_adjustment,rejected,2024-09-19,2024-10-21,7
M001,REF000321,ORD001782,1210.95,size_issue,customer_refund,escalated,2024-03-29,2024-04-28,7
M001,REF000322,ORD004791,1302.21,size_issue,logistics_penalty,resolved,2024-07-12,2024-08-11,7
M001,REF000323,ORD003433,2465.45,delayed_delivery,return_shipping_cost,escalated,2024-05-10,2024-08-06,4
M001,REF000324,ORD002069,1844.88,delayed_delivery,packaging_damage,resolved,2024-04-03,2024-04-28,5
M001,REF000325,ORD006472,3813.67,delayed_delivery,dispute_adjustment,resolved,2024-09-20,2024-09-28,8
M001,REF000326,ORD003674,3706.11,cancellation,return_shipping_cost,resolved,2024-06-07,2024-07-06,7
M001,REF000327,ORD002720,3937.3,customer_not_available,payment_gateway_adjustment,open,2024-04-17,2024-06-09,8
M001,REF000328,ORD005136,1135.79,payment_issue,packaging_damage,resolved,2024-08-20,2024-09-24,7
M001,REF000329,ORD008524,2703.31,cancellation,logistics_penalty,resolved,2024-12-04,2024-12-15,4
M001,REF000330,ORD001079,2152.86,customer_not_available,packaging_damage,resolved,2024-02-08,2024-02-27,3
M001,REF000331,ORD001260,7270.78,size_issue,payment_gateway_adjustment,open,2024-02-20,2024-04-22,2
M001,REF000332,ORD007164,1881.52,delayed_delivery,return_shipping_cost,resolved,2024-10-25,2024-11-14,7
M001,REF000333,ORD007824,5048.67,fake_delivery_attempt,payment_gateway_adjustment,resolved,2024-11-20,2024-12-06,1
M001,REF000334,ORD000028,3013.69,fake_delivery_attempt,payment_gateway_adjustment,resolved,2024-01-11,2024-01-15,5
M001,REF000335,ORD004137,2057.45,cancellation,customer_refund,resolved,2024-06-28,2024-08-08,8
M001,REF000336,ORD002596,3774.54,payment_issue,customer_refund,open,2024-04-30,2024-06-18,5
M001,REF000337,ORD003102,5563.18,customer_not_available,packaging_damage,resolved,2024-05-07,2024-06-07,9
M001,REF000338,ORD002144,5740.05,customer_not_available,invoice_difference,resolved,2024-04-02,2024-05-10,3
M001,REF000339,ORD005173,2018.82,damaged_product,invoice_difference,escalated,2024-08-08,2024-10-23,1
M001,REF000340,ORD001718,1552.3,delayed_delivery,invoice_difference,escalated,2024-03-16,2024-04-15,10
M001,REF000341,ORD004759,5355.15,delayed_delivery,invoice_difference,escalated,2024-07-28,2024-09-12,5
M001,REF000342,ORD009174,7675.32,damaged_product,dispute_adjustment,resolved,2024-12-07,2025-01-07,6
M001,REF000343,ORD006120,2714.55,delayed_delivery,dispute_adjustment,open,2024-09-27,2024-12-05,5
M001,REF000344,ORD000113,615.17,size_issue,invoice_difference,resolved,2024-01-28,2024-02-14,7
M001,REF000345,ORD003717,3496.2,delayed_delivery,dispute_adjustment,open,2024-05-27,2024-07-15,8
M001,REF000346,ORD000620,1434.68,fake_delivery_attempt,payment_gateway_adjustment,resolved,2024-02-02,2024-03-09,9
M001,REF000347,ORD000662,1051.68,customer_not_available,packaging_damage,resolved,2024-02-19,2024-03-24,7
M001,REF000348,ORD007731,3296.83,fake_delivery_attempt,packaging_damage,rejected,2024-11-08,2024-12-12,10
M001,REF000349,ORD006625,1246.34,size_issue,return_shipping_cost,resolved,2024-10-06,2024-11-04,6
M001,REF000350,ORD001989,2317.67,payment_issue,payment_gateway_adjustment,escalated,2024-03-28,2024-06-26,8
M001,REF000351,ORD005104,2067.63,customer_not_available,logistics_penalty,escalated,2024-08-10,2024-10-18,1
M001,REF000352,ORD003717,1672.01,size_issue,customer_refund,resolved,2024-06-01,2024-06-18,10
M001,REF000353,ORD007392,1929.63,fake_delivery_attempt,dispute_adjustment,rejected,2024-10-30,2024-11-27,7
M001,REF000354,ORD008679,6263.38,payment_issue,payment_gateway_adjustment,rejected,2024-11-27,2024-12-12,8
M001,REF000355,ORD002424,1099.39,customer_not_available,logistics_penalty,escalated,2024-04-26,2024-07-17,1
M001,REF000356,ORD005862,4795.75,delayed_delivery,return_shipping_cost,open,2024-09-01,2024-11-18,10
M001,REF000357,ORD000634,3215.56,customer_not_available,invoice_difference,escalated,2024-02-12,2024-04-04,8
M001,REF000358,ORD002664,2436.27,size_issue,packaging_damage,resolved,2024-04-27,2024-05-16,4
M001,REF000359,ORD000148,1868.58,size_issue,return_shipping_cost,resolved,2024-02-01,2024-02-16,9
M001,REF000360,ORD005620,2569.92,payment_issue,logistics_penalty,escalated,2024-08-22,2024-11-04,2
M001,REF000361,ORD001363,2515.21,delayed_delivery,customer_refund,resolved,2024-02-22,2024-03-12,3
M001,REF000362,ORD004796,1411.54,cancellation,dispute_adjustment,open,2024-07-08,2024-09-04,4
M001,REF000363,ORD000508,390.98,size_issue,payment_gateway_adjustment,resolved,2024-01-24,2024-01-28,4
M001,REF000364,ORD008820,695.92,size_issue,payment_gateway_adjustment,resolved,2024-12-19,2025-01-22,7
M001,REF000365,ORD003108,4790.12,delayed_delivery,logistics_penalty,resolved,2024-05-02,2024-05-25,1
M001,REF000366,ORD007109,6898.83,fake_delivery_attempt,invoice_difference,resolved,2024-11-01,2024-11-27,3
M001,REF000367,ORD004769,1048.69,cancellation,logistics_penalty,resolved,2024-07-07,2024-07-28,5
M001,REF000368,ORD002071,2323.17,cancellation,payment_gateway_adjustment,escalated,2024-03-23,2024-05-19,9
M001,REF000369,ORD006184,4194.49,fake_delivery_attempt,logistics_penalty,resolved,2024-09-11,2024-10-17,7
M001,REF000370,ORD005027,894.76,damaged_product,customer_refund,open,2024-08-07,2024-09-10,6
M001,REF000371,ORD009265,2239.52,fake_delivery_attempt,dispute_adjustment,escalated,2024-12-21,2025-03-14,2
M001,REF000372,ORD001561,8022.15,damaged_product,dispute_adjustment,resolved,2024-03-03,2024-03-12,6
M001,REF000373,ORD005142,697.09,size_issue,payment_gateway_adjustment,resolved,2024-08-01,2024-09-10,7
M001,REF000374,ORD007510,1470.58,wrong_item,packaging_damage,resolved,2024-11-01,2024-12-06,8
M001,REF000375,ORD007285,5668.17,size_issue,payment_gateway_adjustment,rejected,2024-11-09,2024-12-19,8
M001,REF000376,ORD009075,2050.48,size_issue,dispute_adjustment,resolved,2024-12-11,2024-12-22,4
M001,REF000377,ORD009888,2165.9,delayed_delivery,dispute_adjustment,rejected,2025-01-10,2025-02-14,9
M001,REF000378,ORD008825,173.92,payment_issue,payment_gateway_adjustment,open,2024-12-22,2025-01-26,4
M001,REF000379,ORD001848,890.12,fake_delivery_attempt,payment_gateway_adjustment,resolved,2024-03-30,2024-04-19,2
M001,REF000380,ORD007542,8024.51,delayed_delivery,dispute_adjustment,rejected,2024-11-16,2024-12-31,7
M001,REF000381,ORD004227,2432.2,customer_not_available,invoice_difference,resolved,2024-06-24,2024-06-29,5
M001,REF000382,ORD000943,2936.57,damaged_product,return_shipping_cost,resolved,2024-02-10,2024-02-24,6
M001,REF000383,ORD006170,7674.87,cancellation,customer_refund,escalated,2024-10-03,2024-11-07,3
M001,REF000384,ORD002836,5024.4,fake_delivery_attempt,payment_gateway_adjustment,resolved,2024-05-13,2024-05-31,6
M001,REF000385,ORD009715,7125.15,damaged_product,return_shipping_cost,escalated,2025-01-06,2025-03-13,10
M001,REF000386,ORD002329,414.0,damaged_product,invoice_difference,resolved,2024-04-23,2024-05-11,1
M001,REF000387,ORD002335,3312.65,fake_delivery_attempt,dispute_adjustment,resolved,2024-04-01,2024-05-16,9
M001,REF000388,ORD005765,1260.13,customer_not_available,payment_gateway_adjustment,resolved,2024-08-28,2024-08-31,8
M001,REF000389,ORD002764,6850.0,size_issue,logistics_penalty,resolved,2024-04-26,2024-05-14,1
M001,REF000390,ORD006338,363.07,fake_delivery_attempt,dispute_adjustment,open,2024-10-07,2024-11-23,10
M001,REF000391,ORD002092,1061.29,payment_issue,return_shipping_cost,resolved,2024-03-28,2024-04-26,6
M001,REF000392,ORD004685,4269.38,delayed_delivery,payment_gateway_adjustment,resolved,2024-07-01,2024-07-24,7
M001,REF000393,ORD006200,765.49,size_issue,return_shipping_cost,resolved,2024-09-16,2024-10-13,2
M001,REF000394,ORD008348,768.23,delayed_delivery,payment_gateway_adjustment,resolved,2024-11-18,2024-12-02,2
M001,REF000395,ORD000670,5454.32,fake_delivery_attempt,dispute_adjustment,resolved,2024-02-11,2024-03-15,4
M001,REF000396,ORD004773,1517.32,wrong_item,dispute_adjustment,resolved,2024-07-17,2024-07-26,10
M001,REF000397,ORD000185,346.75,payment_issue,payment_gateway_adjustment,resolved,2024-01-25,2024-02-09,10
M001,REF000398,ORD000485,3061.25,size_issue,customer_refund,resolved,2024-01-27,2024-03-10,8
M001,REF000399,ORD000949,2871.61,customer_not_available,packaging_damage,resolved,2024-02-18,2024-03-16,8
M001,REF000400,ORD007598,2434.82,delayed_delivery,payment_gateway_adjustment,resolved,2024-10-24,2024-11-18,6
M001,REF000401,ORD008877,999.93,customer_not_available,logistics_penalty,escalated,2024-12-24,2025-02-24,1
M001,REF000402,ORD008638,1859.79,wrong_item,return_shipping_cost,resolved,2024-11-28,2024-12-09,1
M001,REF000403,ORD004796,3131.0,size_issue,invoice_difference,resolved,2024-07-17,2024-08-04,3
M001,REF000404,ORD003956,57.2,payment_issue,payment_gateway_adjustment,rejected,2024-06-03,2024-06-06,1
M001,REF000405,ORD005598,3410.8,size_issue,packaging_damage,resolved,2024-08-14,2024-09-05,1
M001,REF000406,ORD006923,823.15,damaged_product,return_shipping_cost,open,2024-10-15,2024-11-29,5
M001,REF000407,ORD001812,455.13,damaged_product,customer_refund,resolved,2024-03-29,2024-05-13,9
M001,REF000408,ORD007496,3852.51,delayed_delivery,payment_gateway_adjustment,resolved,2024-10-25,2024-11-21,10
M001,REF000409,ORD003602,5509.24,damaged_product,invoice_difference,resolved,2024-06-03,2024-07-02,2
M001,REF000410,ORD006414,1467.39,size_issue,payment_gateway_adjustment,escalated,2024-09-24,2024-12-12,10
M001,REF000411,ORD000369,4472.31,fake_delivery_attempt,return_shipping_cost,resolved,2024-01-26,2024-02-08,8
M001,REF000412,ORD008649,4824.41,fake_delivery_attempt,dispute_adjustment,resolved,2024-12-08,2025-01-06,8
M001,REF000413,ORD005422,6050.1,cancellation,customer_refund,rejected,2024-08-09,2024-08-23,9
M001,REF000414,ORD002332,1200.37,cancellation,return_shipping_cost,resolved,2024-04-18,2024-05-30,6
M001,REF000415,ORD001748,212.06,cancellation,payment_gateway_adjustment,rejected,2024-03-22,2024-04-19,9
M001,REF000416,ORD001151,2653.8,payment_issue,dispute_adjustment,resolved,2024-02-11,2024-03-01,3
M001,REF000417,ORD006617,377.84,cancellation,customer_refund,open,2024-09-25,2024-12-15,8
M001,REF000418,ORD004296,988.88,wrong_item,customer_refund,rejected,2024-07-02,2024-07-06,4
M001,REF000419,ORD003106,6607.63,damaged_product,return_shipping_cost,rejected,2024-05-20,2024-05-29,8
M001,REF000420,ORD007784,3992.8,payment_issue,dispute_adjustment,resolved,2024-11-07,2024-12-07,3
M001,REF000421,ORD005280,6452.66,wrong_item,invoice_difference,resolved,2024-08-27,2024-09-04,4
M001,REF000422,ORD006830,3402.49,cancellation,customer_refund,resolved,2024-10-21,2024-10-31,9
M001,REF000423,ORD006590,563.71,size_issue,dispute_adjustment,resolved,2024-10-10,2024-11-10,7
M001,REF000424,ORD000037,2072.33,fake_delivery_attempt,return_shipping_cost,resolved,2024-01-02,2024-02-08,8
M001,REF000425,ORD009020,2554.24,cancellation,payment_gateway_adjustment,open,2024-12-02,2025-01-22,2
M001,REF000426,ORD007470,4745.22,cancellation,invoice_difference,resolved,2024-10-30,2024-11-06,7
M001,REF000427,ORD002142,4121.11,damaged_product,return_shipping_cost,resolved,2024-03-22,2024-04-21,10
M001,REF000428,ORD007216,3183.78,cancellation,invoice_difference,resolved,2024-10-15,2024-11-26,1
M001,REF000429,ORD004214,759.2,customer_not_available,customer_refund,open,2024-06-14,2024-08-17,4
M001,REF000430,ORD000975,4271.68,customer_not_available,customer_refund,resolved,2024-02-05,2024-03-03,7
M001,REF000431,ORD000488,1487.04,customer_not_available,packaging_damage,resolved,2024-01-30,2024-02-20,2
M001,REF000432,ORD001118,1985.09,size_issue,customer_refund,escalated,2024-02-12,2024-04-06,10
M001,REF000433,ORD007798,379.41,customer_not_available,logistics_penalty,resolved,2024-11-06,2024-11-23,6
M001,REF000434,ORD004445,2805.45,payment_issue,dispute_adjustment,escalated,2024-06-18,2024-08-15,2
M001,REF000435,ORD005865,491.82,customer_not_available,invoice_difference,resolved,2024-09-08,2024-09-23,2
M001,REF000436,ORD000106,1016.72,wrong_item,logistics_penalty,resolved,2024-01-24,2024-02-10,5
M001,REF000437,ORD004649,749.22,wrong_item,logistics_penalty,rejected,2024-07-18,2024-07-26,1
M001,REF000438,ORD005763,6072.62,wrong_item,dispute_adjustment,resolved,2024-09-10,2024-10-11,10
M001,REF000439,ORD003739,3441.35,delayed_delivery,invoice_difference,rejected,2024-05-24,2024-06-01,10
M001,REF000440,ORD000774,4498.69,wrong_item,logistics_penalty,escalated,2024-02-13,2024-05-05,8
M001,REF000441,ORD008256,1544.54,payment_issue,packaging_damage,open,2024-11-15,2025-01-12,8
M001,REF000442,ORD005885,2968.72,customer_not_available,payment_gateway_adjustment,resolved,2024-09-01,2024-09-27,8
M001,REF000443,ORD005169,5531.36,damaged_product,customer_refund,resolved,2024-08-16,2024-08-27,9
M001,REF000444,ORD002407,584.94,cancellation,packaging_damage,resolved,2024-04-08,2024-05-14,9
M001,REF000445,ORD001632,1243.91,wrong_item,packaging_damage,resolved,2024-03-23,2024-05-01,8
M001,REF000446,ORD002554,1780.05,payment_issue,invoice_difference,resolved,2024-05-03,2024-06-10,8
M001,REF000447,ORD005768,6187.75,cancellation,invoice_difference,resolved,2024-09-16,2024-09-20,8
M001,REF000448,ORD009753,2670.28,wrong_item,dispute_adjustment,resolved,2025-01-12,2025-01-20,8
M001,REF000449,ORD001781,2086.47,customer_not_available,dispute_adjustment,escalated,2024-03-08,2024-05-05,1
M001,REF000450,ORD000909,3315.87,fake_delivery_attempt,logistics_penalty,open,2024-02-27,2024-05-21,1
M001,REF000451,ORD000837,5387.56,customer_not_available,payment_gateway_adjustment,escalated,2024-02-10,2024-03-30,5
M001,REF000452,ORD007099,3916.78,damaged_product,payment_gateway_adjustment,resolved,2024-10-11,2024-11-18,3
M001,REF000453,ORD004457,2500.59,size_issue,dispute_adjustment,resolved,2024-06-23,2024-07-10,5
M001,REF000454,ORD007159,396.21,customer_not_available,logistics_penalty,open,2024-10-11,2024-12-07,1
M001,REF000455,ORD005135,2205.84,customer_not_available,packaging_damage,resolved,2024-08-02,2024-08-12,6
M001,REF000456,ORD002141,8295.28,damaged_product,packaging_damage,resolved,2024-03-25,2024-04-22,10
M001,REF000457,ORD000039,285.53,payment_issue,payment_gateway_adjustment,rejected,2024-01-08,2024-01-20,3
M001,REF000458,ORD008353,2582.61,fake_delivery_attempt,customer_refund,resolved,2024-12-05,2025-01-02,8
M001,REF000459,ORD004980,374.86,cancellation,payment_gateway_adjustment,resolved,2024-07-29,2024-09-10,2
M001,REF000460,ORD009263,328.38,cancellation,logistics_penalty,rejected,2025-01-06,2025-02-19,2
M001,REF000461,ORD008302,3398.73,delayed_delivery,invoice_difference,resolved,2024-11-30,2024-12-18,8
M001,REF000462,ORD004878,2282.53,wrong_item,invoice_difference,resolved,2024-07-14,2024-08-11,7
M001,REF000463,ORD003533,1854.37,delayed_delivery,logistics_penalty,escalated,2024-05-15,2024-06-19,3
M001,REF000464,ORD005637,3305.2,size_issue,payment_gateway_adjustment,escalated,2024-08-20,2024-09-22,10
M001,REF000465,ORD008311,5282.14,size_issue,packaging_damage,open,2024-11-27,2024-12-27,2
M001,REF000466,ORD008315,4889.46,cancellation,dispute_adjustment,escalated,2024-11-24,2025-01-19,10
M001,REF000467,ORD003345,7155.71,payment_issue,invoice_difference,resolved,2024-05-10,2024-06-12,5
M001,REF000468,ORD003280,3495.5,delayed_delivery,return_shipping_cost,resolved,2024-05-22,2024-07-02,1
M001,REF000469,ORD006400,1656.92,damaged_product,payment_gateway_adjustment,resolved,2024-10-09,2024-11-17,3
M001,REF000470,ORD001111,989.57,size_issue,payment_gateway_adjustment,escalated,2024-02-12,2024-05-01,5
M001,REF000471,ORD008964,1560.69,cancellation,dispute_adjustment,resolved,2024-11-29,2024-12-13,5
M001,REF000472,ORD005739,474.86,delayed_delivery,customer_refund,resolved,2024-09-10,2024-09-13,6
M001,REF000473,ORD005418,2529.46,customer_not_available,packaging_damage,rejected,2024-08-21,2024-09-11,4
M001,REF000474,ORD000734,4472.55,wrong_item,invoice_difference,resolved,2024-01-26,2024-03-02,3
M001,REF000475,ORD003858,3382.83,cancellation,invoice_difference,resolved,2024-06-12,2024-07-21,3
M001,REF000476,ORD009788,1805.12,damaged_product,invoice_difference,resolved,2024-12-27,2025-01-27,7
M001,REF000477,ORD000515,6825.36,damaged_product,logistics_penalty,resolved,2024-02-10,2024-03-17,9
M001,REF000478,ORD002873,3275.73,customer_not_available,customer_refund,open,2024-04-24,2024-06-16,3
M001,REF000479,ORD005800,808.88,cancellation,packaging_damage,open,2024-08-29,2024-11-14,8
M001,REF000480,ORD005531,1182.39,size_issue,packaging_damage,resolved,2024-08-17,2024-08-20,3
M001,REF000481,ORD005838,7122.47,payment_issue,return_shipping_cost,escalated,2024-09-14,2024-11-13,3
M001,REF000482,ORD007715,7087.11,fake_delivery_attempt,logistics_penalty,resolved,2024-11-09,2024-12-22,6
M001,REF000483,ORD007444,2280.29,cancellation,dispute_adjustment,resolved,2024-11-08,2024-11-11,5
M001,REF000484,ORD007423,2943.4,size_issue,return_shipping_cost,escalated,2024-10-28,2024-12-18,9
M001,REF000485,ORD000804,7280.02,size_issue,invoice_difference,resolved,2024-02-09,2024-03-06,6
M001,REF000486,ORD005876,2418.83,wrong_item,payment_gateway_adjustment,resolved,2024-09-12,2024-09-15,9
M001,REF000487,ORD008426,3861.42,size_issue,payment_gateway_adjustment,resolved,2024-11-30,2025-01-11,6
M001,REF000488,ORD001345,2704.1,damaged_product,invoice_difference,escalated,2024-03-05,2024-05-31,8
M001,REF000489,ORD008452,4210.88,wrong_item,return_shipping_cost,rejected,2024-12-13,2025-01-20,6
M001,REF000490,ORD000652,2934.19,wrong_item,logistics_penalty,resolved,2024-01-28,2024-02-18,2
M001,REF000491,ORD006863,2616.65,size_issue,logistics_penalty,resolved,2024-10-08,2024-11-06,7
M001,REF000492,ORD000466,2694.35,wrong_item,customer_refund,resolved,2024-01-27,2024-02-08,7
M001,REF000493,ORD007770,718.88,customer_not_available,logistics_penalty,resolved,2024-11-20,2024-11-27,9
M001,REF000494,ORD009696,1060.9,size_issue,customer_refund,resolved,2025-01-11,2025-02-10,8
M001,REF000495,ORD001268,2094.41,cancellation,return_shipping_cost,open,2024-03-11,2024-04-27,6
M001,REF000496,ORD009810,3847.9,size_issue,packaging_damage,rejected,2025-01-17,2025-02-12,9
M001,REF000497,ORD001045,177.24,fake_delivery_attempt,logistics_penalty,open,2024-02-06,2024-04-08,1
M001,REF000498,ORD002530,5475.59,customer_not_available,invoice_difference,escalated,2024-04-18,2024-06-14,6
M001,REF000499,ORD002646,951.59,fake_delivery_attempt,packaging_damage,escalated,2024-04-16,2024-07-14,5
M001,REF000500,ORD004523,7446.16,size_issue,invoice_difference,resolved,2024-06-26,2024-08-04,3
M001,REF000501,ORD003260,1113.66,wrong_item,return_shipping_cost,resolved,2024-05-30,2024-06-04,5
M001,REF000502,ORD005171,902.56,wrong_item,invoice_difference,rejected,2024-08-15,2024-09-28,2
M001,REF000503,ORD009762,252.04,delayed_delivery,dispute_adjustment,resolved,2024-12-26,2025-01-25,3
M001,REF000504,ORD000244,996.5,fake_delivery_attempt,dispute_adjustment,resolved,2024-01-27,2024-02-01,7
M001,REF000505,ORD008481,6083.63,delayed_delivery,payment_gateway_adjustment,escalated,2024-12-14,2025-02-07,7
M001,REF000506,ORD000513,2414.13,customer_not_available,payment_gateway_adjustment,resolved,2024-01-25,2024-02-03,1
M001,REF000507,ORD000617,2828.06,delayed_delivery,payment_gateway_adjustment,resolved,2024-02-08,2024-03-05,1
M001,REF000508,ORD009037,2964.53,cancellation,invoice_difference,escalated,2024-12-23,2025-03-04,6
M001,REF000509,ORD007197,2842.8,payment_issue,invoice_difference,resolved,2024-10-28,2024-11-20,4
M001,REF000510,ORD002305,7836.51,damaged_product,packaging_damage,resolved,2024-04-18,2024-05-29,2
M001,REF000511,ORD008881,5616.26,damaged_product,return_shipping_cost,open,2024-12-10,2025-02-02,10
M001,REF000512,ORD003909,2806.48,wrong_item,customer_refund,escalated,2024-05-27,2024-07-27,3
M001,REF000513,ORD008487,3909.03,wrong_item,return_shipping_cost,resolved,2024-12-12,2025-01-06,7
M001,REF000514,ORD006672,6625.85,wrong_item,payment_gateway_adjustment,rejected,2024-09-27,2024-11-04,7
M001,REF000515,ORD002466,1770.52,damaged_product,payment_gateway_adjustment,resolved,2024-04-06,2024-05-04,6
M001,REF000516,ORD002408,2136.8,payment_issue,return_shipping_cost,resolved,2024-04-22,2024-04-29,8
M001,REF000517,ORD006980,633.22,damaged_product,logistics_penalty,open,2024-10-08,2024-12-17,4
M001,REF000518,ORD005051,3376.89,wrong_item,logistics_penalty,resolved,2024-08-11,2024-09-09,7
M001,REF000519,ORD001176,522.61,cancellation,customer_refund,open,2024-03-02,2024-05-14,2
M001,REF000520,ORD000197,5184.98,cancellation,return_shipping_cost,escalated,2024-01-30,2024-04-25,3
M001,REF000521,ORD009524,7819.05,delayed_delivery,dispute_adjustment,resolved,2025-01-14,2025-01-24,9
M001,REF000522,ORD009147,1022.67,cancellation,logistics_penalty,resolved,2024-12-24,2025-02-04,7
M001,REF000523,ORD002011,3238.35,delayed_delivery,return_shipping_cost,resolved,2024-03-27,2024-04-14,6
M001,REF000524,ORD000344,1894.78,size_issue,logistics_penalty,escalated,2024-01-22,2024-03-08,3
M001,REF000525,ORD003041,2426.81,wrong_item,packaging_damage,resolved,2024-05-01,2024-05-20,4
M001,REF000526,ORD004799,2571.66,customer_not_available,return_shipping_cost,resolved,2024-07-07,2024-08-02,2
M001,REF000527,ORD002566,4171.92,damaged_product,logistics_penalty,resolved,2024-04-07,2024-05-14,7
M001,REF000528,ORD009674,431.5,damaged_product,return_shipping_cost,rejected,2025-01-04,2025-02-08,2
M001,REF000529,ORD004200,1401.19,payment_issue,invoice_difference,resolved,2024-07-05,2024-08-17,9
M001,REF000530,ORD001208,780.47,payment_issue,logistics_penalty,resolved,2024-03-02,2024-04-10,5
M001,REF000531,ORD003649,3613.07,customer_not_available,packaging_damage,resolved,2024-05-18,2024-06-01,9
M001,REF000532,ORD007463,4400.29,damaged_product,customer_refund,resolved,2024-10-25,2024-11-24,1
M001,REF000533,ORD001371,4621.47,wrong_item,logistics_penalty,resolved,2024-03-11,2024-04-17,9
M001,REF000534,ORD005072,4342.15,payment_issue,invoice_difference,resolved,2024-07-23,2024-08-05,2
M001,REF000535,ORD002930,403.91,size_issue,dispute_adjustment,escalated,2024-04-25,2024-06-21,2
M001,REF000536,ORD008075,1583.98,damaged_product,invoice_difference,resolved,2024-11-07,2024-11-17,9
M001,REF000537,ORD008004,2610.71,wrong_item,dispute_adjustment,resolved,2024-11-25,2025-01-07,8
M001,REF000538,ORD008023,285.52,delayed_delivery,payment_gateway_adjustment,resolved,2024-11-05,2024-11-24,6
M001,REF000539,ORD004182,836.33,payment_issue,return_shipping_cost,resolved,2024-06-16,2024-07-14,3
M001,REF000540,ORD001706,1013.55,payment_issue,return_shipping_cost,escalated,2024-03-19,2024-05-05,2
M001,REF000541,ORD000867,6291.29,customer_not_available,dispute_adjustment,rejected,2024-01-28,2024-02-27,8
M001,REF000542,ORD008432,2507.82,wrong_item,payment_gateway_adjustment,resolved,2024-12-10,2024-12-23,2
M001,REF000543,ORD000510,644.9,damaged_product,return_shipping_cost,open,2024-01-29,2024-04-16,2
M001,REF000544,ORD001830,1225.32,damaged_product,logistics_penalty,resolved,2024-03-26,2024-04-10,7
M001,REF000545,ORD008150,7700.16,customer_not_available,logistics_penalty,rejected,2024-11-14,2024-11-24,10
M001,REF000546,ORD005842,1828.52,customer_not_available,invoice_difference,open,2024-09-04,2024-11-22,2
M001,REF000547,ORD007149,1462.81,fake_delivery_attempt,invoice_difference,resolved,2024-10-23,2024-11-06,10
M001,REF000548,ORD007664,7020.86,wrong_item,logistics_penalty,resolved,2024-11-22,2024-12-10,3
M001,REF000549,ORD008372,2536.09,size_issue,dispute_adjustment,resolved,2024-11-16,2024-11-30,5
M001,REF000550,ORD003282,4283.06,damaged_product,return_shipping_cost,resolved,2024-05-15,2024-05-28,8
M001,REF000551,ORD008380,2683.31,customer_not_available,payment_gateway_adjustment,escalated,2024-12-13,2025-03-10,2
M001,REF000552,ORD007937,3402.93,damaged_product,payment_gateway_adjustment,resolved,2024-11-04,2024-11-19,3
M001,REF000553,ORD001592,1133.07,fake_delivery_attempt,customer_refund,resolved,2024-03-03,2024-03-18,6
M001,REF000554,ORD006636,1836.83,wrong_item,payment_gateway_adjustment,resolved,2024-10-19,2024-10-23,3
M001,REF000555,ORD005275,4491.51,damaged_product,customer_refund,escalated,2024-08-24,2024-11-12,6
M001,REF000556,ORD008964,1066.21,size_issue,payment_gateway_adjustment,escalated,2024-12-25,2025-03-11,5
M001,REF000557,ORD003576,8943.97,customer_not_available,invoice_difference,resolved,2024-05-17,2024-06-08,1
M001,REF000558,ORD008876,2797.68,size_issue,dispute_adjustment,resolved,2024-12-07,2024-12-16,8
M001,REF000559,ORD002827,1732.75,size_issue,customer_refund,resolved,2024-04-26,2024-06-08,10
M001,REF000560,ORD001801,624.49,size_issue,logistics_penalty,rejected,2024-03-10,2024-03-24,6
M001,REF000561,ORD001512,491.07,delayed_delivery,logistics_penalty,escalated,2024-02-27,2024-04-09,9
M001,REF000562,ORD003063,4681.35,wrong_item,packaging_damage,resolved,2024-05-07,2024-06-01,3
M001,REF000563,ORD001710,2675.5,customer_not_available,customer_refund,resolved,2024-03-06,2024-03-28,6
M001,REF000564,ORD009701,385.12,size_issue,return_shipping_cost,resolved,2025-01-14,2025-02-24,10
M001,REF000565,ORD001847,2680.68,delayed_delivery,packaging_damage,resolved,2024-03-16,2024-03-28,5
M001,REF000566,ORD002986,4677.12,cancellation,packaging_damage,resolved,2024-05-15,2024-05-23,7
M001,REF000567,ORD001151,1260.88,payment_issue,logistics_penalty,rejected,2024-02-29,2024-04-08,6
M001,REF000568,ORD003904,5969.08,delayed_delivery,invoice_difference,resolved,2024-05-26,2024-07-07,2
M001,REF000569,ORD000036,2099.21,damaged_product,customer_refund,resolved,2024-01-26,2024-03-08,3
M001,REF000570,ORD002054,255.91,cancellation,customer_refund,resolved,2024-04-12,2024-05-25,6
M001,REF000571,ORD008892,1590.69,payment_issue,dispute_adjustment,rejected,2024-12-03,2025-01-17,3
M001,REF000572,ORD006128,4554.69,cancellation,customer_refund,rejected,2024-09-24,2024-10-09,4
M001,REF000573,ORD002967,1844.36,wrong_item,invoice_difference,rejected,2024-04-27,2024-05-25,8
M001,REF000574,ORD001194,1792.33,wrong_item,return_shipping_cost,open,2024-02-17,2024-04-19,1
M001,REF000575,ORD001200,753.25,cancellation,logistics_penalty,resolved,2024-02-11,2024-02-16,6
M001,REF000576,ORD008964,3206.0,damaged_product,dispute_adjustment,rejected,2024-12-16,2024-12-28,9
M001,REF000577,ORD007132,3260.45,customer_not_available,logistics_penalty,escalated,2024-10-13,2024-12-25,7
M001,REF000578,ORD008916,62.59,size_issue,packaging_damage,resolved,2024-12-09,2025-01-13,4
M001,REF000579,ORD004794,740.98,fake_delivery_attempt,return_shipping_cost,open,2024-07-24,2024-09-17,7
M001,REF000580,ORD007216,5051.67,customer_not_available,return_shipping_cost,resolved,2024-10-31,2024-12-09,5
M001,REF000581,ORD007664,6824.52,fake_delivery_attempt,invoice_difference,resolved,2024-11-18,2024-12-09,10
M001,REF000582,ORD009886,644.21,fake_delivery_attempt,payment_gateway_adjustment,resolved,2025-01-24,2025-02-20,9
M001,REF000583,ORD006093,1181.66,cancellation,customer_refund,resolved,2024-09-25,2024-10-21,10
M001,REF000584,ORD005481,109.72,damaged_product,logistics_penalty,escalated,2024-08-12,2024-11-02,3
M001,REF000585,ORD001432,8077.67,customer_not_available,customer_refund,resolved,2024-02-22,2024-04-05,9
M001,REF000586,ORD004354,372.79,delayed_delivery,logistics_penalty,resolved,2024-06-16,2024-07-18,7
M001,REF000587,ORD000377,2068.58,size_issue,invoice_difference,escalated,2024-01-16,2024-02-15,4
M001,REF000588,ORD000967,1972.93,customer_not_available,invoice_difference,rejected,2024-02-14,2024-03-20,1
M001,REF000589,ORD003015,3371.8,damaged_product,return_shipping_cost,open,2024-05-13,2024-06-28,4
M001,REF000590,ORD008902,2272.64,delayed_delivery,payment_gateway_adjustment,resolved,2024-12-20,2025-01-28,4
M001,REF000591,ORD004192,4440.22,damaged_product,customer_refund,resolved,2024-06-21,2024-07-19,5
M001,REF000592,ORD005775,5341.83,customer_not_available,customer_refund,rejected,2024-09-05,2024-10-03,7
M001,REF000593,ORD001959,5879.71,wrong_item,logistics_penalty,resolved,2024-03-22,2024-04-24,3
M001,REF000594,ORD004313,530.97,cancellation,invoice_difference,resolved,2024-07-12,2024-07-15,1
M001,REF000595,ORD009211,3284.67,cancellation,return_shipping_cost,open,2025-01-03,2025-03-06,4
M001,REF000596,ORD004426,924.66,wrong_item,customer_refund,rejected,2024-06-20,2024-07-07,3
M001,REF000597,ORD001454,2040.8,fake_delivery_attempt,payment_gateway_adjustment,escalated,2024-02-27,2024-04-27,3
M001,REF000598,ORD006254,4437.21,cancellation,return_shipping_cost,rejected,2024-10-01,2024-10-21,5
M001,REF000599,ORD005296,2512.97,customer_not_available,return_shipping_cost,resolved,2024-08-12,2024-09-15,5
M001,REF000600,ORD000222,1960.53,size_issue,logistics_penalty,resolved,2024-01-25,2024-01-30,6
M001,REF000601,ORD008557,4396.0,payment_issue,customer_refund,open,2024-11-21,2025-01-26,6
M001,REF000602,ORD000989,2759.52,payment_issue,dispute_adjustment,resolved,2024-02-11,2024-02-18,4
M001,REF000603,ORD002990,2821.43,delayed_delivery,payment_gateway_adjustment,escalated,2024-04-24,2024-06-22,3
M001,REF000604,ORD005757,709.03,fake_delivery_attempt,payment_gateway_adjustment,escalated,2024-08-18,2024-10-07,8
M001,REF000605,ORD009786,2614.81,fake_delivery_attempt,dispute_adjustment,resolved,2025-01-22,2025-03-07,4
M001,REF000606,ORD009637,446.21,cancellation,return_shipping_cost,resolved,2025-01-03,2025-02-07,3
M001,REF000607,ORD006854,3469.84,cancellation,logistics_penalty,resolved,2024-10-03,2024-11-17,3
M001,REF000608,ORD002480,1840.62,cancellation,customer_refund,open,2024-05-01,2024-06-11,4
M001,REF000609,ORD004429,4130.07,damaged_product,customer_refund,rejected,2024-07-02,2024-07-19,8
M001,REF000610,ORD000776,4481.61,customer_not_available,payment_gateway_adjustment,escalated,2024-02-09,2024-04-20,5
M001,REF000611,ORD009332,2793.81,damaged_product,customer_refund,open,2024-12-26,2025-02-27,10
M001,REF000612,ORD002500,1446.79,delayed_delivery,dispute_adjustment,open,2024-04-21,2024-07-16,9
M001,REF000613,ORD008984,2944.83,cancellation,payment_gateway_adjustment,resolved,2024-12-16,2025-01-04,2
M001,REF000614,ORD001336,8146.05,damaged_product,dispute_adjustment,escalated,2024-02-19,2024-05-04,10
M001,REF000615,ORD000620,1239.44,damaged_product,invoice_difference,resolved,2024-02-05,2024-02-18,9
M001,REF000616,ORD002722,6340.82,cancellation,payment_gateway_adjustment,escalated,2024-04-17,2024-06-24,2
M001,REF000617,ORD001595,2909.57,damaged_product,logistics_penalty,resolved,2024-03-19,2024-04-23,8
M001,REF000618,ORD007179,4538.49,damaged_product,packaging_damage,resolved,2024-11-04,2024-11-20,6
M001,REF000619,ORD005691,486.22,damaged_product,packaging_damage,resolved,2024-09-02,2024-09-13,3
M001,REF000620,ORD005744,1442.28,delayed_delivery,dispute_adjustment,resolved,2024-08-30,2024-09-29,3
M001,REF000621,ORD008811,3398.28,cancellation,customer_refund,open,2024-11-30,2025-01-05,9
M001,REF000622,ORD009568,506.38,damaged_product,packaging_damage,resolved,2024-12-24,2025-01-09,10
M001,REF000623,ORD006941,8234.07,fake_delivery_attempt,invoice_difference,resolved,2024-10-19,2024-11-02,7
M001,REF000624,ORD001820,1672.89,damaged_product,payment_gateway_adjustment,resolved,2024-03-19,2024-04-22,8
M001,REF000625,ORD001950,6084.01,wrong_item,customer_refund,open,2024-04-09,2024-05-26,10
M001,REF000626,ORD005426,1124.94,payment_issue,dispute_adjustment,resolved,2024-08-05,2024-08-19,3
M001,REF000627,ORD009019,956.85,cancellation,return_shipping_cost,resolved,2024-12-23,2024-12-28,9
M001,REF000628,ORD006178,1246.07,damaged_product,logistics_penalty,open,2024-09-09,2024-10-31,8
M001,REF000629,ORD006865,4360.07,delayed_delivery,logistics_penalty,open,2024-10-08,2024-11-20,1
M001,REF000630,ORD003184,1468.8,damaged_product,packaging_damage,resolved,2024-04-30,2024-06-01,8
M001,REF000631,ORD005543,1218.09,damaged_product,return_shipping_cost,resolved,2024-08-28,2024-09-19,5
M001,REF000632,ORD002286,2530.44,customer_not_available,customer_refund,escalated,2024-04-10,2024-06-24,8
M001,REF000633,ORD004908,2746.12,wrong_item,dispute_adjustment,escalated,2024-07-30,2024-09-30,5
M001,REF000634,ORD007369,5090.05,customer_not_available,payment_gateway_adjustment,escalated,2024-11-09,2025-01-28,7
M001,REF000635,ORD000857,449.3,customer_not_available,invoice_difference,open,2024-02-05,2024-04-19,2
M001,REF000636,ORD004073,1435.16,payment_issue,customer_refund,resolved,2024-06-23,2024-06-26,5
M001,REF000637,ORD005230,7990.68,size_issue,dispute_adjustment,resolved,2024-08-09,2024-08-13,5
M001,REF000638,ORD009141,3044.59,wrong_item,customer_refund,rejected,2024-12-28,2025-01-05,10
M001,REF000639,ORD009168,1617.34,size_issue,logistics_penalty,resolved,2024-12-16,2025-01-14,3
M001,REF000640,ORD001453,2480.82,wrong_item,logistics_penalty,escalated,2024-02-26,2024-03-29,6
M001,REF000641,ORD007216,2188.74,delayed_delivery,return_shipping_cost,resolved,2024-10-31,2024-11-14,1
M001,REF000642,ORD006910,1957.82,wrong_item,customer_refund,resolved,2024-10-30,2024-11-22,3
M001,REF000643,ORD001176,258.79,customer_not_available,customer_refund,open,2024-02-10,2024-04-19,10
M001,REF000644,ORD006682,2927.36,wrong_item,logistics_penalty,resolved,2024-10-21,2024-10-26,10
M001,REF000645,ORD000322,4438.14,payment_issue,logistics_penalty,resolved,2024-01-13,2024-02-04,7
M001,REF000646,ORD008632,1578.54,wrong_item,return_shipping_cost,resolved,2024-11-27,2024-12-23,7
M001,REF000647,ORD004734,8238.19,size_issue,logistics_penalty,open,2024-07-19,2024-10-16,5
M001,REF000648,ORD006879,5614.98,cancellation,invoice_difference,resolved,2024-10-07,2024-11-11,8
M001,REF000649,ORD009672,673.31,payment_issue,logistics_penalty,escalated,2024-12-22,2025-03-08,8
M001,REF000650,ORD009929,2918.37,delayed_delivery,customer_refund,open,2025-01-08,2025-03-03,4
M001,REF000651,ORD001965,3310.37,cancellation,return_shipping_cost,resolved,2024-04-12,2024-05-16,1
M001,REF000652,ORD003408,1863.29,damaged_product,customer_refund,resolved,2024-05-22,2024-06-22,4
M001,REF000653,ORD000186,4181.13,damaged_product,customer_refund,rejected,2024-01-08,2024-01-30,4
M001,REF000654,ORD007250,2949.82,delayed_delivery,payment_gateway_adjustment,escalated,2024-10-28,2024-12-13,3
M001,REF000655,ORD005648,2141.8,damaged_product,dispute_adjustment,open,2024-09-11,2024-11-07,6
M001,REF000656,ORD009037,3958.76,size_issue,invoice_difference,escalated,2024-12-01,2025-02-01,1
M001,REF000657,ORD004568,1156.5,damaged_product,customer_refund,resolved,2024-07-18,2024-07-25,3
M001,REF000658,ORD000343,557.57,cancellation,invoice_difference,resolved,2024-02-01,2024-02-05,5
M001,REF000659,ORD000536,1765.48,fake_delivery_attempt,customer_refund,escalated,2024-02-09,2024-04-02,5
M001,REF000660,ORD004157,8428.68,size_issue,packaging_damage,rejected,2024-07-01,2024-08-02,1
M001,REF000661,ORD006643,4394.19,fake_delivery_attempt,invoice_difference,resolved,2024-10-21,2024-11-15,10
M001,REF000662,ORD004084,1635.14,delayed_delivery,customer_refund,escalated,2024-06-20,2024-09-14,8
M001,REF000663,ORD004002,7101.27,size_issue,customer_refund,resolved,2024-06-07,2024-06-15,9
M001,REF000664,ORD006205,1352.71,fake_delivery_attempt,dispute_adjustment,resolved,2024-10-01,2024-11-14,7
M001,REF000665,ORD007056,604.47,cancellation,logistics_penalty,resolved,2024-10-28,2024-11-25,8
M001,REF000666,ORD007164,3898.41,payment_issue,return_shipping_cost,escalated,2024-10-18,2024-12-07,7
M001,REF000667,ORD002658,6336.39,delayed_delivery,logistics_penalty,open,2024-04-11,2024-06-18,9
M001,REF000668,ORD000760,5411.3,cancellation,invoice_difference,resolved,2024-01-27,2024-02-14,2
M001,REF000669,ORD006855,1367.1,wrong_item,payment_gateway_adjustment,open,2024-10-28,2025-01-01,1
M001,REF000670,ORD004888,2240.81,size_issue,packaging_damage,escalated,2024-07-27,2024-10-04,2
M001,REF000671,ORD008955,913.07,customer_not_available,logistics_penalty,resolved,2024-12-28,2025-01-08,3
M001,REF000672,ORD002449,358.58,damaged_product,return_shipping_cost,resolved,2024-04-11,2024-05-08,9
M001,REF000673,ORD005344,470.04,fake_delivery_attempt,invoice_difference,rejected,2024-08-14,2024-09-21,7
M001,REF000674,ORD006238,3280.57,fake_delivery_attempt,logistics_penalty,open,2024-09-26,2024-11-23,2
M001,REF000675,ORD001966,5511.57,delayed_delivery,invoice_difference,resolved,2024-03-21,2024-03-31,5
M001,REF000676,ORD005541,3642.52,fake_delivery_attempt,return_shipping_cost,resolved,2024-09-07,2024-09-23,7
M001,REF000677,ORD003375,6892.59,delayed_delivery,payment_gateway_adjustment,escalated,2024-05-15,2024-07-27,10
M001,REF000678,ORD009318,990.57,size_issue,dispute_adjustment,resolved,2024-12-14,2025-01-22,7
M001,REF000679,ORD006966,2319.4,wrong_item,packaging_damage,resolved,2024-11-02,2024-12-03,1
M001,REF000680,ORD001465,552.46,size_issue,dispute_adjustment,escalated,2024-03-05,2024-05-13,2
M001,REF000681,ORD009143,3044.74,size_issue,invoice_difference,resolved,2024-12-13,2025-01-12,5
M001,REF000682,ORD008996,5093.02,damaged_product,customer_refund,open,2024-12-09,2025-02-09,5
M001,REF000683,ORD005427,1028.56,size_issue,logistics_penalty,open,2024-08-28,2024-10-19,3
M001,REF000684,ORD008866,3554.72,fake_delivery_attempt,payment_gateway_adjustment,rejected,2024-11-27,2025-01-04,6
M001,REF000685,ORD004809,7668.62,customer_not_available,invoice_difference,resolved,2024-07-08,2024-08-03,2
M001,REF000686,ORD009094,106.65,payment_issue,payment_gateway_adjustment,resolved,2024-12-22,2025-01-14,10
M001,REF000687,ORD007372,2521.76,payment_issue,return_shipping_cost,rejected,2024-11-07,2024-12-11,5
M001,REF000688,ORD001994,313.78,damaged_product,customer_refund,escalated,2024-03-30,2024-06-26,3
M001,REF000689,ORD007548,604.59,delayed_delivery,return_shipping_cost,open,2024-11-16,2024-12-22,5
M001,REF000690,ORD009862,748.0,wrong_item,invoice_difference,escalated,2025-01-20,2025-04-04,10
M001,REF000691,ORD003293,2355.66,wrong_item,packaging_damage,resolved,2024-05-15,2024-06-24,4
M001,REF000692,ORD007704,4644.21,damaged_product,customer_refund,open,2024-11-24,2025-01-31,3
M001,REF000693,ORD008548,422.42,cancellation,dispute_adjustment,resolved,2024-12-04,2024-12-14,10
M001,REF000694,ORD004470,476.13,delayed_delivery,dispute_adjustment,resolved,2024-07-14,2024-07-30,10
M001,REF000695,ORD006315,775.58,size_issue,dispute_adjustment,open,2024-09-25,2024-12-15,4
M001,REF000696,ORD001855,1010.65,customer_not_available,return_shipping_cost,resolved,2024-03-16,2024-04-02,8
M001,REF000697,ORD007760,505.46,cancellation,logistics_penalty,resolved,2024-11-02,2024-11-12,7
M001,REF000698,ORD001079,4585.48,delayed_delivery,packaging_damage,resolved,2024-02-22,2024-03-09,5
M001,REF000699,ORD006090,2483.26,payment_issue,customer_refund,escalated,2024-09-28,2024-10-31,1
M001,REF000700,ORD009885,6778.74,delayed_delivery,return_shipping_cost,rejected,2025-01-17,2025-02-13,9
M001,REF000701,ORD000629,2471.45,payment_issue,customer_refund,open,2024-02-19,2024-04-02,6
M001,REF000702,ORD004521,3056.29,payment_issue,payment_gateway_adjustment,open,2024-07-07,2024-08-24,6
M001,REF000703,ORD009426,1130.24,fake_delivery_attempt,packaging_damage,resolved,2024-12-14,2025-01-23,8
M001,REF000704,ORD009997,5242.63,damaged_product,customer_refund,resolved,2025-01-06,2025-01-09,10
M001,REF000705,ORD009331,4228.7,customer_not_available,payment_gateway_adjustment,resolved,2025-01-06,2025-01-26,6
M001,REF000706,ORD003224,3055.88,payment_issue,return_shipping_cost,open,2024-05-08,2024-06-20,10
M001,REF000707,ORD000956,2487.76,wrong_item,customer_refund,escalated,2024-02-17,2024-03-26,5
M001,REF000708,ORD008766,917.2,customer_not_available,logistics_penalty,resolved,2024-12-11,2024-12-20,5
M001,REF000709,ORD002282,4320.76,delayed_delivery,dispute_adjustment,open,2024-04-17,2024-05-29,8
M001,REF000710,ORD003576,8095.96,damaged_product,invoice_difference,resolved,2024-05-17,2024-05-26,10
M001,REF000711,ORD002318,813.86,cancellation,logistics_penalty,resolved,2024-04-22,2024-05-23,6
M001,REF000712,ORD004525,2199.51,wrong_item,customer_refund,resolved,2024-07-05,2024-08-18,6
M001,REF000713,ORD004958,6215.35,size_issue,invoice_difference,escalated,2024-07-23,2024-10-18,1
M001,REF000714,ORD004062,1016.63,damaged_product,return_shipping_cost,escalated,2024-06-07,2024-08-18,8
M001,REF000715,ORD008452,6047.43,payment_issue,packaging_damage,open,2024-11-29,2025-01-20,7
M001,REF000716,ORD007672,672.52,delayed_delivery,return_shipping_cost,resolved,2024-11-08,2024-12-07,4
M001,REF000717,ORD006852,3932.59,cancellation,payment_gateway_adjustment,open,2024-10-26,2024-12-21,7
M001,REF000718,ORD009420,730.33,fake_delivery_attempt,dispute_adjustment,escalated,2024-12-23,2025-03-21,10
M001,REF000719,ORD001134,2314.41,damaged_product,return_shipping_cost,rejected,2024-02-28,2024-03-27,1
M001,REF000720,ORD001910,3921.65,fake_delivery_attempt,dispute_adjustment,open,2024-03-22,2024-04-26,8
M001,REF000721,ORD005683,102.1,customer_not_available,payment_gateway_adjustment,resolved,2024-09-12,2024-09-24,2
M001,REF000722,ORD003074,3233.9,cancellation,payment_gateway_adjustment,resolved,2024-05-02,2024-05-07,6
M001,REF000723,ORD002558,824.6,wrong_item,dispute_adjustment,resolved,2024-04-23,2024-04-28,8
M001,REF000724,ORD002312,952.79,payment_issue,dispute_adjustment,escalated,2024-03-28,2024-05-24,3
M001,REF000725,ORD007664,5128.08,damaged_product,packaging_damage,resolved,2024-11-02,2024-12-08,10
M001,REF000726,ORD004532,3625.83,delayed_delivery,invoice_difference,escalated,2024-07-18,2024-10-16,5
M001,REF000727,ORD006754,2549.4,payment_issue,packaging_damage,escalated,2024-10-14,2025-01-06,7
M001,REF000728,ORD007481,2328.15,wrong_item,payment_gateway_adjustment,rejected,2024-10-22,2024-11-22,1
M001,REF000729,ORD009746,810.13,cancellation,packaging_damage,open,2025-01-01,2025-03-27,8
M001,REF000730,ORD001944,1722.97,damaged_product,packaging_damage,resolved,2024-03-17,2024-04-24,3
M001,REF000731,ORD000605,4062.27,fake_delivery_attempt,dispute_adjustment,resolved,2024-02-08,2024-03-03,5
M001,REF000732,ORD004573,940.74,customer_not_available,invoice_difference,open,2024-06-25,2024-09-01,6
M001,REF000733,ORD006195,1897.36,cancellation,logistics_penalty,resolved,2024-09-25,2024-11-01,4
M001,REF000734,ORD004411,2089.36,fake_delivery_attempt,customer_refund,escalated,2024-07-16,2024-09-02,2
M001,REF000735,ORD005758,3180.14,delayed_delivery,packaging_damage,resolved,2024-09-13,2024-10-03,5
M001,REF000736,ORD003949,1065.24,customer_not_available,customer_refund,open,2024-06-03,2024-08-21,3
M001,REF000737,ORD006442,2396.04,cancellation,payment_gateway_adjustment,open,2024-10-04,2024-12-12,4
M001,REF000738,ORD005423,2742.47,payment_issue,payment_gateway_adjustment,escalated,2024-08-12,2024-09-16,2
M001,REF000739,ORD005330,3332.03,size_issue,invoice_difference,escalated,2024-08-28,2024-11-09,3
M001,REF000740,ORD006318,4726.28,payment_issue,dispute_adjustment,escalated,2024-09-19,2024-12-06,8
M001,REF000741,ORD004021,4745.73,damaged_product,dispute_adjustment,resolved,2024-06-18,2024-07-14,4
M001,REF000742,ORD006474,1816.97,delayed_delivery,logistics_penalty,resolved,2024-10-08,2024-11-04,8
M001,REF000743,ORD009797,5228.99,cancellation,payment_gateway_adjustment,escalated,2024-12-29,2025-02-01,1
M001,REF000744,ORD009788,1576.69,size_issue,packaging_damage,escalated,2024-12-31,2025-02-27,3
M001,REF000745,ORD008993,931.6,fake_delivery_attempt,invoice_difference,resolved,2024-12-11,2025-01-06,4
M001,REF000746,ORD002078,8431.39,wrong_item,dispute_adjustment,resolved,2024-03-23,2024-04-17,9
M001,REF000747,ORD000348,556.27,wrong_item,invoice_difference,resolved,2024-01-15,2024-02-24,4
M001,REF000748,ORD009147,772.47,customer_not_available,dispute_adjustment,escalated,2024-12-13,2025-01-26,1
M001,REF000749,ORD002196,3999.42,payment_issue,payment_gateway_adjustment,resolved,2024-03-25,2024-04-02,7
M001,REF000750,ORD005016,4596.2,cancellation,logistics_penalty,escalated,2024-08-08,2024-11-02,9
M001,REF000751,ORD005964,1227.33,customer_not_available,return_shipping_cost,open,2024-09-12,2024-11-10,5
M001,REF000752,ORD009873,2017.2,damaged_product,logistics_penalty,open,2025-01-26,2025-02-26,10
M001,REF000753,ORD005395,7004.27,customer_not_available,packaging_damage,resolved,2024-08-30,2024-09-25,7
M001,REF000754,ORD009566,2535.69,fake_delivery_attempt,packaging_damage,resolved,2025-01-04,2025-01-07,6
M001,REF000755,ORD000142,361.42,delayed_delivery,payment_gateway_adjustment,escalated,2024-01-13,2024-02-27,1
M001,REF000756,ORD005648,2705.15,wrong_item,payment_gateway_adjustment,resolved,2024-09-09,2024-10-23,3
M001,REF000757,ORD008626,2340.83,cancellation,customer_refund,resolved,2024-12-14,2025-01-06,8
M001,REF000758,ORD005372,920.73,customer_not_available,logistics_penalty,rejected,2024-08-23,2024-09-17,6
M001,REF000759,ORD004452,5521.55,payment_issue,dispute_adjustment,open,2024-06-24,2024-09-20,6
M001,REF000760,ORD009113,2368.53,size_issue,packaging_damage,rejected,2025-01-02,2025-01-13,4
M001,REF000761,ORD008966,7706.37,damaged_product,payment_gateway_adjustment,resolved,2024-12-21,2025-02-02,7
M001,REF000762,ORD008800,5526.64,size_issue,invoice_difference,resolved,2024-12-10,2024-12-22,8
M001,REF000763,ORD007013,3812.27,payment_issue,dispute_adjustment,resolved,2024-10-14,2024-11-25,7
M001,REF000764,ORD007881,3124.18,size_issue,customer_refund,resolved,2024-11-04,2024-11-15,8
M001,REF000765,ORD002303,699.73,cancellation,invoice_difference,resolved,2024-04-24,2024-06-04,10
M001,REF000766,ORD000510,2597.44,payment_issue,invoice_difference,resolved,2024-02-09,2024-03-15,10
M001,REF000767,ORD001319,5709.98,delayed_delivery,dispute_adjustment,open,2024-02-23,2024-04-23,3
M001,REF000768,ORD009258,4466.22,fake_delivery_attempt,invoice_difference,resolved,2024-12-29,2025-01-27,1
M001,REF000769,ORD008253,1929.33,delayed_delivery,payment_gateway_adjustment,resolved,2024-12-07,2025-01-07,7
M001,REF000770,ORD006413,4957.95,delayed_delivery,invoice_difference,open,2024-09-21,2024-11-03,2
M001,REF000771,ORD004119,359.72,damaged_product,logistics_penalty,resolved,2024-06-18,2024-06-25,1
M001,REF000772,ORD005071,3264.34,wrong_item,payment_gateway_adjustment,open,2024-08-14,2024-10-12,8
M001,REF000773,ORD008304,2678.87,payment_issue,dispute_adjustment,escalated,2024-11-20,2025-01-28,2
M001,REF000774,ORD004387,1631.8,customer_not_available,dispute_adjustment,open,2024-06-21,2024-08-23,2
M001,REF000775,ORD003653,192.59,damaged_product,logistics_penalty,resolved,2024-05-19,2024-07-03,10
M001,REF000776,ORD009468,2901.86,size_issue,packaging_damage,escalated,2024-12-31,2025-02-05,6
M001,REF000777,ORD001363,4519.36,cancellation,logistics_penalty,escalated,2024-03-16,2024-05-09,8
M001,REF000778,ORD007142,6638.15,damaged_product,payment_gateway_adjustment,rejected,2024-11-03,2024-11-11,2
M001,REF000779,ORD001267,1398.89,delayed_delivery,packaging_damage,rejected,2024-02-20,2024-03-25,2
M001,REF000780,ORD003146,1233.96,damaged_product,customer_refund,escalated,2024-05-04,2024-07-29,9
M001,REF000781,ORD000654,3485.64,size_issue,return_shipping_cost,open,2024-02-06,2024-05-04,3
M001,REF000782,ORD001020,3575.33,payment_issue,payment_gateway_adjustment,rejected,2024-02-14,2024-02-20,10
M001,REF000783,ORD007962,282.76,size_issue,packaging_damage,resolved,2024-11-29,2024-12-10,10
M001,REF000784,ORD007541,1844.07,size_issue,return_shipping_cost,resolved,2024-10-26,2024-11-10,3
M001,REF000785,ORD005493,3214.69,damaged_product,return_shipping_cost,open,2024-08-14,2024-09-29,1
M001,REF000786,ORD006400,5125.33,delayed_delivery,packaging_damage,resolved,2024-09-16,2024-09-19,1
M001,REF000787,ORD009370,2016.78,customer_not_available,logistics_penalty,resolved,2024-12-28,2025-01-30,3
M001,REF000788,ORD000567,522.07,damaged_product,invoice_difference,resolved,2024-02-12,2024-02-16,9
M001,REF000789,ORD001897,6793.03,size_issue,packaging_damage,resolved,2024-03-26,2024-04-30,2
M001,REF000790,ORD009550,2563.84,fake_delivery_attempt,invoice_difference,resolved,2024-12-29,2025-01-20,3
M001,REF000791,ORD009749,4513.99,fake_delivery_attempt,packaging_damage,resolved,2025-01-04,2025-01-09,1
M001,REF000792,ORD006501,879.67,damaged_product,return_shipping_cost,resolved,2024-10-12,2024-11-13,3
M001,REF000793,ORD006114,2308.66,cancellation,return_shipping_cost,resolved,2024-09-19,2024-10-29,2
M001,REF000794,ORD000467,3005.93,delayed_delivery,dispute_adjustment,resolved,2024-02-04,2024-02-11,6
M001,REF000795,ORD000018,2241.6,wrong_item,packaging_damage,open,2024-01-08,2024-04-04,8
M001,REF000796,ORD009607,4488.59,wrong_item,return_shipping_cost,resolved,2024-12-19,2024-12-25,9
M001,REF000797,ORD008127,2225.4,customer_not_available,return_shipping_cost,resolved,2024-12-04,2025-01-05,9
M001,REF000798,ORD000980,340.93,damaged_product,packaging_damage,resolved,2024-02-24,2024-03-13,4
M001,REF000799,ORD003453,543.0,wrong_item,customer_refund,resolved,2024-05-30,2024-07-13,2
M001,REF000800,ORD005955,4066.9,damaged_product,return_shipping_cost,open,2024-08-31,2024-11-22,3
M001,REF000801,ORD003017,3739.51,size_issue,logistics_penalty,resolved,2024-04-25,2024-06-05,3
M001,REF000802,ORD001000,76.78,customer_not_available,payment_gateway_adjustment,resolved,2024-02-21,2024-03-17,1
M001,REF000803,ORD004372,576.03,customer_not_available,invoice_difference,escalated,2024-07-09,2024-09-30,1
M001,REF000804,ORD000091,2537.9,delayed_delivery,invoice_difference,resolved,2024-01-10,2024-01-27,3
M001,REF000805,ORD008676,5678.86,damaged_product,customer_refund,escalated,2024-11-25,2025-02-11,5
M001,REF000806,ORD000788,428.06,size_issue,dispute_adjustment,resolved,2024-02-23,2024-03-15,9
M001,REF000807,ORD009559,3139.95,damaged_product,customer_refund,open,2024-12-24,2025-02-12,3
M001,REF000808,ORD002204,3226.51,wrong_item,invoice_difference,resolved,2024-04-02,2024-04-20,7
M001,REF000809,ORD008993,1151.72,damaged_product,customer_refund,open,2024-12-04,2025-01-19,2
M001,REF000810,ORD007023,4729.27,fake_delivery_attempt,return_shipping_cost,resolved,2024-10-07,2024-10-31,9
M001,REF000811,ORD004551,2118.5,wrong_item,payment_gateway_adjustment,resolved,2024-06-23,2024-07-08,7
M001,REF000812,ORD009194,1933.49,customer_not_available,invoice_difference,resolved,2024-12-30,2025-02-01,4
M001,REF000813,ORD002091,1447.15,delayed_delivery,dispute_adjustment,rejected,2024-04-16,2024-04-24,10
M001,REF000814,ORD007291,1573.69,payment_issue,invoice_difference,open,2024-11-10,2025-01-27,8
M001,REF000815,ORD004986,3212.11,size_issue,packaging_damage,open,2024-07-28,2024-09-27,5
M001,REF000816,ORD001103,868.21,fake_delivery_attempt,dispute_adjustment,resolved,2024-02-27,2024-04-05,9
M001,REF000817,ORD002445,7737.32,damaged_product,invoice_difference,resolved,2024-04-14,2024-05-22,7
M001,REF000818,ORD009465,738.96,payment_issue,packaging_damage,resolved,2024-12-15,2025-01-14,8
M001,REF000819,ORD005304,2252.41,wrong_item,payment_gateway_adjustment,resolved,2024-08-02,2024-08-30,10
M001,REF000820,ORD003315,3158.26,damaged_product,payment_gateway_adjustment,escalated,2024-05-17,2024-08-04,4
M001,REF000821,ORD009439,4219.71,delayed_delivery,packaging_damage,resolved,2024-12-17,2025-01-30,8
M001,REF000822,ORD002072,1687.19,customer_not_available,packaging_damage,resolved,2024-04-05,2024-05-02,7
M001,REF000823,ORD004343,397.49,cancellation,payment_gateway_adjustment,resolved,2024-06-28,2024-08-04,7
M001,REF000824,ORD000662,659.82,cancellation,logistics_penalty,resolved,2024-02-10,2024-02-19,9
M001,REF000825,ORD009753,9042.09,payment_issue,return_shipping_cost,resolved,2025-01-13,2025-02-09,10
M001,REF000826,ORD005984,1030.42,payment_issue,return_shipping_cost,rejected,2024-09-17,2024-10-21,1
M001,REF000827,ORD002468,3543.49,customer_not_available,payment_gateway_adjustment,resolved,2024-04-04,2024-05-12,9
M001,REF000828,ORD007330,3060.41,cancellation,customer_refund,open,2024-10-21,2025-01-04,3
M001,REF000829,ORD004545,2203.48,wrong_item,packaging_damage,rejected,2024-07-07,2024-08-14,6
M001,REF000830,ORD008911,2262.37,damaged_product,logistics_penalty,escalated,2024-12-16,2025-02-18,10
M001,REF000831,ORD006735,2225.77,fake_delivery_attempt,customer_refund,resolved,2024-09-28,2024-11-07,7
M001,REF000832,ORD001489,1396.78,payment_issue,customer_refund,rejected,2024-03-14,2024-04-12,6
M001,REF000833,ORD005602,1157.05,cancellation,invoice_difference,resolved,2024-08-21,2024-09-03,3
M001,REF000834,ORD005464,6399.38,payment_issue,customer_refund,escalated,2024-08-20,2024-10-04,5
M001,REF000835,ORD002284,8514.33,size_issue,return_shipping_cost,open,2024-04-09,2024-06-10,2
M001,REF000836,ORD001922,1319.01,wrong_item,customer_refund,escalated,2024-03-27,2024-06-14,3
M001,REF000837,ORD006564,9560.27,size_issue,logistics_penalty,open,2024-10-19,2024-12-23,4
M001,REF000838,ORD003018,5665.69,delayed_delivery,invoice_difference,resolved,2024-04-28,2024-05-14,7
M001,REF000839,ORD000834,1144.37,fake_delivery_attempt,dispute_adjustment,escalated,2024-02-06,2024-04-18,6
M001,REF000840,ORD003339,5166.68,delayed_delivery,invoice_difference,resolved,2024-05-30,2024-06-28,8
M001,REF000841,ORD006760,1241.99,payment_issue,customer_refund,resolved,2024-10-26,2024-11-04,4
M001,REF000842,ORD006875,1119.42,fake_delivery_attempt,return_shipping_cost,open,2024-10-11,2024-12-29,10
M001,REF000843,ORD001094,2041.84,cancellation,logistics_penalty,resolved,2024-02-09,2024-03-18,1
M001,REF000844,ORD002376,4124.53,wrong_item,invoice_difference,resolved,2024-04-12,2024-05-18,7
M001,REF000845,ORD006294,4055.19,fake_delivery_attempt,invoice_difference,escalated,2024-09-18,2024-12-11,4
M001,REF000846,ORD009743,2445.4,payment_issue,customer_refund,resolved,2025-01-02,2025-02-12,2
M001,REF000847,ORD002452,6099.37,cancellation,invoice_difference,resolved,2024-04-29,2024-05-09,6
M001,REF000848,ORD005616,2793.48,payment_issue,dispute_adjustment,resolved,2024-09-05,2024-09-24,6
M001,REF000849,ORD001940,8022.65,customer_not_available,logistics_penalty,resolved,2024-03-23,2024-03-30,4
M001,REF000850,ORD003216,3251.12,damaged_product,customer_refund,resolved,2024-05-29,2024-07-10,2
M001,REF000851,ORD002172,3404.72,size_issue,payment_gateway_adjustment,resolved,2024-04-18,2024-05-03,8
M001,REF000852,ORD009958,6181.24,customer_not_available,dispute_adjustment,resolved,2025-01-27,2025-03-09,7
M001,REF000853,ORD000270,3770.89,size_issue,logistics_penalty,resolved,2024-01-23,2024-01-29,5
M001,REF000854,ORD001045,450.22,fake_delivery_attempt,customer_refund,resolved,2024-02-09,2024-03-01,6
M001,REF000855,ORD005702,5005.48,wrong_item,packaging_damage,escalated,2024-08-16,2024-10-08,1
M001,REF000856,ORD008892,464.76,fake_delivery_attempt,invoice_difference,resolved,2024-11-30,2025-01-01,5
M001,REF000857,ORD009312,3450.13,customer_not_available,payment_gateway_adjustment,resolved,2024-12-10,2025-01-19,10
M001,REF000858,ORD001899,882.34,payment_issue,packaging_damage,rejected,2024-04-06,2024-04-15,2
M001,REF000859,ORD005565,615.51,payment_issue,invoice_difference,rejected,2024-09-01,2024-10-07,8
M001,REF000860,ORD003463,5122.77,damaged_product,customer_refund,resolved,2024-05-27,2024-05-30,10
M001,REF000861,ORD008864,343.08,customer_not_available,invoice_difference,open,2024-12-02,2025-01-05,6
M001,REF000862,ORD007776,1985.45,fake_delivery_attempt,customer_refund,open,2024-10-31,2024-12-29,10
M001,REF000863,ORD006643,3511.62,wrong_item,dispute_adjustment,resolved,2024-09-25,2024-10-08,2
M001,REF000864,ORD001931,2394.43,wrong_item,return_shipping_cost,resolved,2024-03-22,2024-05-03,1
M001,REF000865,ORD007087,1451.1,cancellation,packaging_damage,resolved,2024-10-29,2024-11-23,10
M001,REF000866,ORD000958,1582.37,cancellation,customer_refund,escalated,2024-02-06,2024-04-22,2
M001,REF000867,ORD003379,2448.53,delayed_delivery,customer_refund,resolved,2024-05-19,2024-06-16,8
M001,REF000868,ORD007139,1288.87,delayed_delivery,invoice_difference,escalated,2024-10-18,2024-11-25,9
M001,REF000869,ORD005505,1243.91,delayed_delivery,packaging_damage,escalated,2024-08-10,2024-09-18,2
M001,REF000870,ORD000415,5214.95,fake_delivery_attempt,invoice_difference,rejected,2024-01-18,2024-02-16,2
M001,REF000871,ORD005927,3319.7,payment_issue,logistics_penalty,rejected,2024-09-01,2024-10-16,3
M001,REF000872,ORD003987,2417.34,payment_issue,dispute_adjustment,resolved,2024-06-10,2024-06-17,2
M001,REF000873,ORD000995,943.43,damaged_product,invoice_difference,resolved,2024-02-15,2024-02-27,2
M001,REF000874,ORD005919,694.9,customer_not_available,logistics_penalty,resolved,2024-09-03,2024-09-12,9
M001,REF000875,ORD008666,2311.62,wrong_item,return_shipping_cost,resolved,2024-11-25,2024-12-06,3
M001,REF000876,ORD001138,1188.09,payment_issue,payment_gateway_adjustment,resolved,2024-02-25,2024-03-04,1
M001,REF000877,ORD003091,6744.99,delayed_delivery,return_shipping_cost,resolved,2024-05-05,2024-06-15,7
M001,REF000878,ORD003749,805.53,fake_delivery_attempt,invoice_difference,escalated,2024-05-22,2024-08-14,2
M001,REF000879,ORD000098,2640.75,wrong_item,packaging_damage,escalated,2024-01-16,2024-02-20,8
M001,REF000880,ORD001191,1550.43,cancellation,logistics_penalty,rejected,2024-02-23,2024-03-21,7
M001,REF000881,ORD009427,849.27,delayed_delivery,payment_gateway_adjustment,resolved,2025-01-07,2025-02-05,9
M001,REF000882,ORD002448,895.97,wrong_item,logistics_penalty,resolved,2024-04-10,2024-05-10,5
M001,REF000883,ORD008819,2562.64,damaged_product,customer_refund,resolved,2024-12-12,2025-01-16,9
M001,REF000884,ORD003983,4432.29,damaged_product,logistics_penalty,resolved,2024-06-11,2024-07-24,5
M001,REF000885,ORD003196,5698.35,damaged_product,payment_gateway_adjustment,resolved,2024-05-19,2024-06-13,1
M001,REF000886,ORD006165,3451.9,payment_issue,dispute_adjustment,resolved,2024-09-20,2024-09-27,1
M001,REF000887,ORD002745,2933.56,payment_issue,packaging_damage,resolved,2024-05-03,2024-05-25,9
M001,REF000888,ORD006219,2304.36,fake_delivery_attempt,payment_gateway_adjustment,open,2024-09-06,2024-10-23,3
M001,REF000889,ORD004340,4460.57,customer_not_available,invoice_difference,resolved,2024-06-15,2024-07-19,8
M001,REF000890,ORD002723,2889.93,customer_not_available,logistics_penalty,escalated,2024-05-02,2024-07-25,3
M001,REF000891,ORD004130,575.46,damaged_product,payment_gateway_adjustment,resolved,2024-07-02,2024-07-12,4
M001,REF000892,ORD004065,534.77,customer_not_available,payment_gateway_adjustment,resolved,2024-06-26,2024-07-25,5
M001,REF000893,ORD001725,3405.58,customer_not_available,payment_gateway_adjustment,resolved,2024-03-16,2024-03-26,8
M001,REF000894,ORD007060,1211.91,customer_not_available,invoice_difference,resolved,2024-10-27,2024-11-09,6
M001,REF000895,ORD006117,1217.72,payment_issue,payment_gateway_adjustment,escalated,2024-09-28,2024-12-21,10
M001,REF000896,ORD001899,428.23,customer_not_available,packaging_damage,escalated,2024-04-05,2024-05-09,10
M001,REF000897,ORD004806,1903.26,wrong_item,invoice_difference,resolved,2024-07-25,2024-08-22,6
M001,REF000898,ORD000262,1686.17,size_issue,return_shipping_cost,resolved,2024-01-24,2024-02-13,6
M001,REF000899,ORD005637,1603.54,size_issue,dispute_adjustment,open,2024-08-18,2024-10-27,1
M001,REF000900,ORD005708,404.18,customer_not_available,return_shipping_cost,escalated,2024-08-25,2024-09-27,3
M001,REF000901,ORD009489,3900.68,fake_delivery_attempt,packaging_damage,resolved,2025-01-06,2025-01-20,3
M001,REF000902,ORD004414,182.67,payment_issue,payment_gateway_adjustment,open,2024-06-29,2024-09-12,6
M001,REF000903,ORD004147,2902.48,payment_issue,return_shipping_cost,escalated,2024-06-17,2024-09-06,3
M001,REF000904,ORD006404,3589.72,damaged_product,return_shipping_cost,open,2024-09-21,2024-12-01,6
M001,REF000905,ORD002408,2197.49,delayed_delivery,dispute_adjustment,resolved,2024-04-01,2024-04-13,8
M001,REF000906,ORD003808,2493.56,damaged_product,payment_gateway_adjustment,rejected,2024-06-14,2024-07-17,6
M001,REF000907,ORD002862,3778.7,delayed_delivery,packaging_damage,escalated,2024-05-02,2024-07-22,8
M001,REF000908,ORD006465,6870.4,cancellation,invoice_difference,open,2024-10-06,2025-01-04,4
M001,REF000909,ORD002587,1635.83,size_issue,customer_refund,resolved,2024-04-23,2024-04-29,4
M001,REF000910,ORD002520,1933.76,size_issue,invoice_difference,escalated,2024-04-10,2024-05-11,6
M001,REF000911,ORD001979,2391.77,wrong_item,invoice_difference,resolved,2024-03-18,2024-04-14,7
M001,REF000912,ORD009702,3322.67,wrong_item,dispute_adjustment,resolved,2025-01-13,2025-02-02,4
M001,REF000913,ORD002533,2520.28,customer_not_available,invoice_difference,resolved,2024-05-05,2024-05-18,3
M001,REF000914,ORD002001,456.39,payment_issue,payment_gateway_adjustment,resolved,2024-04-07,2024-04-10,10
M001,REF000915,ORD001799,7391.47,damaged_product,customer_refund,resolved,2024-03-18,2024-04-03,8
M001,REF000916,ORD001700,1998.77,fake_delivery_attempt,dispute_adjustment,resolved,2024-03-13,2024-03-21,9
M001,REF000917,ORD005289,6852.25,fake_delivery_attempt,invoice_difference,resolved,2024-08-01,2024-08-18,9
M001,REF000918,ORD008303,862.44,cancellation,return_shipping_cost,resolved,2024-11-23,2024-12-05,9
M001,REF000919,ORD004975,3390.93,fake_delivery_attempt,return_shipping_cost,resolved,2024-07-18,2024-08-09,6
M001,REF000920,ORD008654,7567.68,cancellation,customer_refund,resolved,2024-11-25,2024-11-30,4
M001,REF000921,ORD002727,2695.81,size_issue,payment_gateway_adjustment,escalated,2024-04-18,2024-05-29,2
M001,REF000922,ORD000581,1691.76,delayed_delivery,return_shipping_cost,resolved,2024-02-04,2024-03-03,7
M001,REF000923,ORD005294,2049.84,payment_issue,invoice_difference,resolved,2024-08-20,2024-09-15,1
M001,REF000924,ORD004467,853.54,wrong_item,logistics_penalty,resolved,2024-07-10,2024-07-24,10
M001,REF000925,ORD009239,3545.72,customer_not_available,logistics_penalty,resolved,2024-12-31,2025-01-06,10
M001,REF000926,ORD006243,675.28,fake_delivery_attempt,payment_gateway_adjustment,resolved,2024-09-11,2024-09-27,9
M001,REF000927,ORD009841,811.11,fake_delivery_attempt,customer_refund,resolved,2025-01-20,2025-02-25,7
M001,REF000928,ORD006549,1542.25,fake_delivery_attempt,dispute_adjustment,resolved,2024-10-11,2024-10-25,3
M001,REF000929,ORD002042,1788.4,fake_delivery_attempt,payment_gateway_adjustment,resolved,2024-04-05,2024-04-23,1
M001,REF000930,ORD009254,1291.8,fake_delivery_attempt,dispute_adjustment,rejected,2024-12-26,2025-01-27,1
M001,REF000931,ORD008214,5647.79,delayed_delivery,invoice_difference,open,2024-11-22,2025-02-04,8
M001,REF000932,ORD008580,5380.07,customer_not_available,packaging_damage,resolved,2024-12-16,2025-01-07,4
M001,REF000933,ORD002001,675.57,damaged_product,invoice_difference,resolved,2024-03-24,2024-03-28,9
M001,REF000934,ORD000333,4855.14,customer_not_available,logistics_penalty,resolved,2024-02-02,2024-03-17,2
M001,REF000935,ORD009885,5268.88,size_issue,return_shipping_cost,rejected,2024-12-29,2025-01-26,4
M001,REF000936,ORD007484,1754.6,wrong_item,packaging_damage,rejected,2024-11-10,2024-12-01,7
M001,REF000937,ORD006282,4507.15,damaged_product,return_shipping_cost,resolved,2024-09-28,2024-10-26,6
M001,REF000938,ORD006012,1684.71,damaged_product,payment_gateway_adjustment,resolved,2024-09-27,2024-11-06,4
M001,REF000939,ORD009904,2535.95,size_issue,invoice_difference,resolved,2025-01-14,2025-02-23,7
M001,REF000940,ORD005098,2777.08,payment_issue,payment_gateway_adjustment,resolved,2024-07-31,2024-09-01,2
M001,REF000941,ORD000315,722.22,cancellation,return_shipping_cost,resolved,2024-01-31,2024-03-07,7
M001,REF000942,ORD005477,1624.99,customer_not_available,invoice_difference,resolved,2024-08-28,2024-09-07,3
M001,REF000943,ORD005772,2975.63,wrong_item,invoice_difference,resolved,2024-08-29,2024-09-20,4
M001,REF000944,ORD003567,294.99,delayed_delivery,customer_refund,escalated,2024-05-27,2024-08-14,8
M001,REF000945,ORD009351,8672.78,fake_delivery_attempt,dispute_adjustment,resolved,2025-01-08,2025-01-30,9
M001,REF000946,ORD005735,699.11,delayed_delivery,customer_refund,escalated,2024-09-04,2024-11-02,1
M001,REF000947,ORD007164,8021.34,wrong_item,customer_refund,escalated,2024-10-21,2024-12-25,6
M001,REF000948,ORD002815,1876.74,customer_not_available,customer_refund,escalated,2024-04-30,2024-05-31,2
M001,REF000949,ORD008279,5278.22,size_issue,customer_refund,rejected,2024-11-16,2024-11-21,8
M001,REF000950,ORD000606,1334.07,fake_delivery_attempt,dispute_adjustment,open,2024-01-24,2024-03-03,7
M001,REF000951,ORD008669,3994.89,payment_issue,payment_gateway_adjustment,resolved,2024-12-02,2024-12-27,8
M001,REF000952,ORD000270,3100.88,size_issue,invoice_difference,escalated,2024-01-10,2024-02-09,7
M001,REF000953,ORD002244,676.81,delayed_delivery,customer_refund,escalated,2024-04-10,2024-06-22,9
M001,REF000954,ORD001233,2333.83,customer_not_available,invoice_difference,escalated,2024-03-07,2024-06-04,5
M001,REF000955,ORD005283,2508.87,fake_delivery_attempt,customer_refund,open,2024-07-31,2024-09-14,3
M001,REF000956,ORD000235,6232.86,size_issue,customer_refund,rejected,2024-01-29,2024-02-11,3
M001,REF000957,ORD000902,4526.97,wrong_item,customer_refund,rejected,2024-01-31,2024-03-12,10
M001,REF000958,ORD001979,5007.48,size_issue,customer_refund,escalated,2024-04-10,2024-05-10,4
M001,REF000959,ORD001165,854.38,customer_not_available,packaging_damage,rejected,2024-02-20,2024-03-21,6
M001,REF000960,ORD004319,638.89,customer_not_available,return_shipping_cost,rejected,2024-07-10,2024-07-23,5
M001,REF000961,ORD004235,7277.64,delayed_delivery,invoice_difference,escalated,2024-06-25,2024-08-08,7
M001,REF000962,ORD004825,5301.99,payment_issue,logistics_penalty,open,2024-07-25,2024-10-07,8
M001,REF000963,ORD002417,835.73,payment_issue,invoice_difference,resolved,2024-04-17,2024-05-11,2
M001,REF000964,ORD005289,6768.52,customer_not_available,logistics_penalty,open,2024-08-26,2024-10-26,6
M001,REF000965,ORD008867,5778.36,damaged_product,invoice_difference,resolved,2024-12-24,2025-01-17,8
M001,REF000966,ORD006996,443.82,cancellation,logistics_penalty,resolved,2024-10-17,2024-10-24,3
M001,REF000967,ORD000466,937.73,delayed_delivery,logistics_penalty,open,2024-02-12,2024-03-15,10
M001,REF000968,ORD002824,1760.47,cancellation,invoice_difference,resolved,2024-04-23,2024-05-14,5
M001,REF000969,ORD009235,2055.56,size_issue,invoice_difference,resolved,2024-12-29,2025-01-02,8
M001,REF000970,ORD001298,2562.67,cancellation,invoice_difference,resolved,2024-02-23,2024-03-25,2
M001,REF000971,ORD006334,1163.54,damaged_product,packaging_damage,resolved,2024-09-22,2024-10-22,1
M001,REF000972,ORD006675,3564.4,cancellation,dispute_adjustment,escalated,2024-10-03,2024-12-14,1
M001,REF000973,ORD005493,812.89,payment_issue,packaging_damage,resolved,2024-08-19,2024-08-30,2
M001,REF000974,ORD004501,863.92,payment_issue,payment_gateway_adjustment,resolved,2024-07-05,2024-07-30,1
M001,REF000975,ORD000537,2562.68,wrong_item,logistics_penalty,resolved,2024-01-26,2024-03-03,8
M001,REF000976,ORD003002,1308.35,size_issue,invoice_difference,escalated,2024-04-28,2024-06-05,4
M001,REF000977,ORD006158,7263.68,fake_delivery_attempt,invoice_difference,resolved,2024-09-25,2024-10-29,3
M001,REF000978,ORD009559,851.5,wrong_item,logistics_penalty,resolved,2025-01-05,2025-01-31,7
M001,REF000979,ORD006087,374.61,payment_issue,customer_refund,resolved,2024-09-11,2024-10-18,1
M001,REF000980,ORD007809,5129.76,cancellation,packaging_damage,resolved,2024-11-15,2024-12-02,10
M001,REF000981,ORD005382,1203.38,payment_issue,payment_gateway_adjustment,escalated,2024-08-10,2024-10-28,4
M001,REF000982,ORD007346,1415.01,damaged_product,customer_refund,resolved,2024-11-01,2024-11-13,8
M001,REF000983,ORD000553,1252.35,customer_not_available,dispute_adjustment,escalated,2024-02-03,2024-04-09,9
M001,REF000984,ORD008169,6064.91,size_issue,payment_gateway_adjustment,escalated,2024-11-29,2025-01-04,10
M001,REF000985,ORD005192,4779.86,size_issue,dispute_adjustment,resolved,2024-08-12,2024-08-18,8
M001,REF000986,ORD000949,4783.43,payment_issue,dispute_adjustment,resolved,2024-02-15,2024-03-25,7
M001,REF000987,ORD003554,3618.21,fake_delivery_attempt,dispute_adjustment,resolved,2024-06-10,2024-07-13,2
M001,REF000988,ORD006500,1706.82,cancellation,logistics_penalty,rejected,2024-09-21,2024-11-01,10
M001,REF000989,ORD002159,4128.24,damaged_product,return_shipping_cost,resolved,2024-04-12,2024-04-30,9
M001,REF000990,ORD002141,7959.58,wrong_item,customer_refund,resolved,2024-03-31,2024-04-16,4
M001,REF000991,ORD002939,1920.79,fake_delivery_attempt,customer_refund,resolved,2024-05-01,2024-05-27,4
M001,REF000992,ORD006723,6084.43,cancellation,customer_refund,resolved,2024-10-26,2024-11-28,2
M001,REF000993,ORD009515,5389.67,wrong_item,payment_gateway_adjustment,escalated,2024-12-23,2025-02-25,3
M001,REF000994,ORD001918,3415.41,delayed_delivery,payment_gateway_adjustment,escalated,2024-03-12,2024-05-04,10
M001,REF000995,ORD007864,2425.04,size_issue,customer_refund,resolved,2024-11-23,2024-12-15,1
M001,REF000996,ORD002717,2994.08,fake_delivery_attempt,packaging_damage,resolved,2024-04-15,2024-04-21,8
M001,REF000997,ORD007008,1037.96,wrong_item,return_shipping_cost,open,2024-10-07,2024-11-14,3
M001,REF000998,ORD009080,2201.0,fake_delivery_attempt,customer_refund,resolved,2024-12-20,2025-01-28,2
M001,REF000999,ORD004626,1807.12,customer_not_available,packaging_damage,resolved,2024-06-30,2024-08-05,2
M001,REF001000,ORD001334,391.08,size_issue,payment_gateway_adjustment,resolved,2024-02-29,2024-04-13,10
M001,REF001001,ORD003791,1549.86,damaged_product,invoice_difference,resolved,2024-05-24,2024-05-27,4
M001,REF001002,ORD005549,4091.69,cancellation,payment_gateway_adjustment,resolved,2024-08-24,2024-09-29,8
M001,REF001003,ORD007977,2439.43,payment_issue,logistics_penalty,resolved,2024-11-14,2024-11-28,10
M001,REF001004,ORD008599,4534.73,fake_delivery_attempt,invoice_difference,resolved,2024-11-21,2024-12-23,1
M001,REF001005,ORD005639,3221.2,fake_delivery_attempt,return_shipping_cost,resolved,2024-08-24,2024-09-25,8
M001,REF001006,ORD007057,4205.31,wrong_item,invoice_difference,rejected,2024-10-30,2024-11-26,3
M001,REF001007,ORD006442,2161.31,damaged_product,payment_gateway_adjustment,resolved,2024-09-19,2024-10-06,7
M001,REF001008,ORD004685,3066.74,payment_issue,return_shipping_cost,resolved,2024-07-23,2024-08-26,5
M001,REF001009,ORD003019,2661.24,payment_issue,payment_gateway_adjustment,resolved,2024-05-15,2024-06-02,10
M001,REF001010,ORD000544,985.04,size_issue,packaging_damage,open,2024-02-04,2024-03-07,3
M001,REF001011,ORD002807,5755.53,payment_issue,logistics_penalty,resolved,2024-04-26,2024-05-17,1
M001,REF001012,ORD003306,5619.41,customer_not_available,customer_refund,rejected,2024-05-08,2024-06-11,5
M001,REF001013,ORD003719,1189.31,delayed_delivery,customer_refund,resolved,2024-05-28,2024-06-05,1
M001,REF001014,ORD003367,453.7,size_issue,invoice_difference,escalated,2024-05-26,2024-08-20,3
M001,REF001015,ORD005693,512.16,damaged_product,dispute_adjustment,resolved,2024-08-19,2024-09-13,10
M001,REF001016,ORD005523,2704.96,wrong_item,logistics_penalty,open,2024-08-12,2024-10-04,4
M001,REF001017,ORD006726,604.23,damaged_product,packaging_damage,open,2024-10-21,2024-12-23,5
M001,REF001018,ORD001008,6048.38,fake_delivery_attempt,customer_refund,open,2024-02-11,2024-04-17,4
M001,REF001019,ORD003918,1950.77,payment_issue,logistics_penalty,rejected,2024-06-11,2024-07-11,6
M001,REF001020,ORD006487,2472.02,size_issue,payment_gateway_adjustment,resolved,2024-09-22,2024-10-04,4
M001,REF001021,ORD009948,323.85,cancellation,dispute_adjustment,resolved,2025-01-20,2025-02-05,6
M001,REF001022,ORD002159,2479.67,damaged_product,return_shipping_cost,resolved,2024-03-29,2024-04-19,9
M001,REF001023,ORD000665,958.23,delayed_delivery,dispute_adjustment,resolved,2024-02-03,2024-02-29,6
M001,REF001024,ORD003175,1973.03,customer_not_available,customer_refund,resolved,2024-04-30,2024-05-17,1
M001,REF001025,ORD000578,953.7,fake_delivery_attempt,dispute_adjustment,resolved,2024-02-13,2024-03-14,3
M001,REF001026,ORD001792,149.69,payment_issue,payment_gateway_adjustment,resolved,2024-03-24,2024-04-18,5
M001,REF001027,ORD001678,263.17,cancellation,return_shipping_cost,resolved,2024-03-24,2024-04-11,10
M001,REF001028,ORD000522,5032.74,size_issue,dispute_adjustment,escalated,2024-01-25,2024-04-24,5
M001,REF001029,ORD004835,9569.72,fake_delivery_attempt,payment_gateway_adjustment,resolved,2024-08-05,2024-09-17,2
M001,REF001030,ORD000132,2039.96,wrong_item,logistics_penalty,escalated,2024-01-06,2024-03-26,8
M001,REF001031,ORD001017,7091.62,size_issue,invoice_difference,resolved,2024-02-16,2024-03-20,1
M001,REF001032,ORD004303,388.44,damaged_product,dispute_adjustment,resolved,2024-07-10,2024-08-23,6
M001,REF001033,ORD002917,1909.4,payment_issue,customer_refund,open,2024-05-17,2024-06-29,5
M001,REF001034,ORD002762,749.14,wrong_item,invoice_difference,escalated,2024-05-02,2024-07-07,10
M001,REF001035,ORD005877,4188.48,damaged_product,return_shipping_cost,resolved,2024-09-06,2024-09-28,6
M001,REF001036,ORD008120,1119.22,payment_issue,customer_refund,resolved,2024-11-16,2024-12-29,1
M001,REF001037,ORD004784,869.59,cancellation,payment_gateway_adjustment,resolved,2024-07-31,2024-08-10,9
M001,REF001038,ORD007339,5243.28,payment_issue,customer_refund,resolved,2024-10-24,2024-11-15,3
M001,REF001039,ORD004103,843.13,size_issue,return_shipping_cost,resolved,2024-06-21,2024-07-08,10
M001,REF001040,ORD002618,429.03,cancellation,packaging_damage,resolved,2024-04-23,2024-06-04,3
M001,REF001041,ORD007952,4964.27,delayed_delivery,return_shipping_cost,resolved,2024-11-09,2024-11-12,4
M001,REF001042,ORD009081,7083.07,size_issue,customer_refund,escalated,2024-12-18,2025-03-16,2
M001,REF001043,ORD004556,2023.45,delayed_delivery,invoice_difference,resolved,2024-07-14,2024-07-23,6
M001,REF001044,ORD003590,1741.65,fake_delivery_attempt,invoice_difference,resolved,2024-06-06,2024-06-25,7
M001,REF001045,ORD002732,1095.96,wrong_item,customer_refund,resolved,2024-04-29,2024-05-02,1
M001,REF001046,ORD002190,8456.35,payment_issue,payment_gateway_adjustment,resolved,2024-04-10,2024-05-07,7
M001,REF001047,ORD004521,4596.8,customer_not_available,invoice_difference,resolved,2024-07-03,2024-08-15,2
M001,REF001048,ORD005272,3613.56,damaged_product,logistics_penalty,open,2024-08-03,2024-09-30,6
M001,REF001049,ORD000486,7665.16,size_issue,logistics_penalty,open,2024-02-07,2024-04-06,5
M001,REF001050,ORD007496,5140.67,customer_not_available,packaging_damage,resolved,2024-10-30,2024-11-25,4
M001,REF001051,ORD008383,996.76,customer_not_available,dispute_adjustment,open,2024-11-30,2025-02-14,6
M001,REF001052,ORD002042,1342.76,customer_not_available,dispute_adjustment,resolved,2024-03-21,2024-04-17,1
M001,REF001053,ORD001054,9797.43,damaged_product,return_shipping_cost,rejected,2024-03-01,2024-03-22,10
M001,REF001054,ORD004583,1337.37,delayed_delivery,logistics_penalty,resolved,2024-07-14,2024-07-22,8
M001,REF001055,ORD001444,3570.91,wrong_item,payment_gateway_adjustment,open,2024-03-16,2024-06-10,1
M001,REF001056,ORD005410,3974.05,cancellation,payment_gateway_adjustment,escalated,2024-08-28,2024-11-09,2
M001,REF001057,ORD007505,6681.21,delayed_delivery,return_shipping_cost,escalated,2024-11-18,2025-01-01,8
M001,REF001058,ORD007171,740.49,customer_not_available,dispute_adjustment,rejected,2024-11-06,2024-11-28,3
M001,REF001059,ORD005395,1334.3,size_issue,return_shipping_cost,resolved,2024-08-18,2024-09-08,2
M001,REF001060,ORD003871,377.72,delayed_delivery,return_shipping_cost,rejected,2024-05-28,2024-06-24,5
M001,REF001061,ORD002853,2755.39,payment_issue,packaging_damage,resolved,2024-05-09,2024-05-31,6
M001,REF001062,ORD008593,6761.64,wrong_item,packaging_damage,open,2024-12-06,2025-02-06,7
M001,REF001063,ORD003677,707.61,cancellation,return_shipping_cost,open,2024-06-13,2024-09-09,1
M001,REF001064,ORD008646,5311.92,delayed_delivery,customer_refund,resolved,2024-12-17,2025-01-12,1
M001,REF001065,ORD007883,2919.27,delayed_delivery,dispute_adjustment,resolved,2024-11-04,2024-11-12,7
M001,REF001066,ORD007432,7524.53,customer_not_available,payment_gateway_adjustment,resolved,2024-11-11,2024-12-16,3
M001,REF001067,ORD008692,4804.13,damaged_product,invoice_difference,resolved,2024-12-13,2025-01-12,3
M001,REF001068,ORD002348,2371.4,size_issue,return_shipping_cost,resolved,2024-04-15,2024-05-24,8
M001,REF001069,ORD002299,4633.72,payment_issue,packaging_damage,resolved,2024-04-18,2024-05-23,3
M001,REF001070,ORD001533,5070.96,wrong_item,packaging_damage,resolved,2024-02-25,2024-03-11,2
M001,REF001071,ORD003905,648.4,payment_issue,invoice_difference,escalated,2024-05-30,2024-07-04,7
M001,REF001072,ORD000488,1188.43,damaged_product,invoice_difference,resolved,2024-01-28,2024-02-07,1
M001,REF001073,ORD005701,1144.61,cancellation,packaging_damage,resolved,2024-08-23,2024-09-12,6
M001,REF001074,ORD003276,5989.29,customer_not_available,logistics_penalty,resolved,2024-05-21,2024-06-12,9
M001,REF001075,ORD009614,5165.88,damaged_product,logistics_penalty,resolved,2025-01-12,2025-01-26,4
M001,REF001076,ORD005074,4729.61,cancellation,dispute_adjustment,escalated,2024-07-25,2024-10-21,7
M001,REF001077,ORD003254,8451.89,damaged_product,logistics_penalty,open,2024-05-24,2024-08-16,2
M001,REF001078,ORD005205,855.25,cancellation,return_shipping_cost,resolved,2024-07-30,2024-09-05,5
M001,REF001079,ORD009276,1856.06,customer_not_available,payment_gateway_adjustment,resolved,2024-12-23,2025-01-21,1
M001,REF001080,ORD005231,3089.02,damaged_product,packaging_damage,resolved,2024-08-09,2024-09-09,9
M001,REF001081,ORD007799,925.37,size_issue,logistics_penalty,resolved,2024-11-27,2024-12-23,5
M001,REF001082,ORD006170,5158.52,delayed_delivery,dispute_adjustment,resolved,2024-09-13,2024-10-04,2
M001,REF001083,ORD007428,3125.56,customer_not_available,customer_refund,open,2024-11-07,2025-01-15,10
M001,REF001084,ORD006709,6281.96,delayed_delivery,logistics_penalty,resolved,2024-10-04,2024-10-16,3
M001,REF001085,ORD004404,5802.24,size_issue,return_shipping_cost,resolved,2024-07-15,2024-08-21,4
M001,REF001086,ORD004103,463.61,damaged_product,payment_gateway_adjustment,resolved,2024-06-28,2024-08-10,10
M001,REF001087,ORD005667,2939.88,payment_issue,logistics_penalty,resolved,2024-08-20,2024-08-25,8
M001,REF001088,ORD002140,697.09,payment_issue,payment_gateway_adjustment,resolved,2024-03-23,2024-04-16,6
M001,REF001089,ORD007864,1134.35,fake_delivery_attempt,customer_refund,rejected,2024-11-03,2024-11-11,8
M001,REF001090,ORD006898,795.66,damaged_product,packaging_damage,escalated,2024-10-19,2024-12-01,8
M001,REF001091,ORD004414,430.44,size_issue,logistics_penalty,open,2024-07-13,2024-09-04,2
M001,REF001092,ORD001372,1923.96,fake_delivery_attempt,customer_refund,resolved,2024-02-18,2024-02-25,10
M001,REF001093,ORD004704,653.59,wrong_item,customer_refund,resolved,2024-07-26,2024-08-14,2
M001,REF001094,ORD009869,1471.55,size_issue,logistics_penalty,resolved,2025-01-25,2025-02-08,2
M001,REF001095,ORD000465,4609.24,size_issue,payment_gateway_adjustment,open,2024-01-25,2024-03-27,6
M001,REF001096,ORD007880,8557.86,delayed_delivery,dispute_adjustment,rejected,2024-11-07,2024-12-18,5
M001,REF001097,ORD003654,4109.26,cancellation,customer_refund,resolved,2024-06-05,2024-07-11,9
M001,REF001098,ORD003659,300.06,damaged_product,invoice_difference,resolved,2024-06-03,2024-06-20,7
M001,REF001099,ORD008556,1893.71,fake_delivery_attempt,payment_gateway_adjustment,open,2024-12-11,2025-02-16,1
M001,REF001100,ORD007603,3175.83,customer_not_available,dispute_adjustment,rejected,2024-10-25,2024-10-29,2
M001,REF001101,ORD000571,3117.75,size_issue,customer_refund,escalated,2024-02-03,2024-03-04,6
M001,REF001102,ORD007825,3394.54,payment_issue,invoice_difference,resolved,2024-11-01,2024-12-12,4
M001,REF001103,ORD007455,414.74,customer_not_available,packaging_damage,open,2024-11-15,2025-02-06,6
M001,REF001104,ORD000325,512.82,fake_delivery_attempt,logistics_penalty,open,2024-01-17,2024-03-31,6
M001,REF001105,ORD002392,437.03,damaged_product,customer_refund,resolved,2024-04-26,2024-05-03,10
M001,REF001106,ORD002738,1694.97,delayed_delivery,return_shipping_cost,open,2024-05-03,2024-07-06,1
M001,REF001107,ORD007039,2732.26,delayed_delivery,payment_gateway_adjustment,resolved,2024-10-28,2024-11-23,1
M001,REF001108,ORD004203,718.07,damaged_product,logistics_penalty,resolved,2024-06-10,2024-07-13,9
M001,REF001109,ORD001296,1458.3,delayed_delivery,logistics_penalty,escalated,2024-03-03,2024-06-01,5
M001,REF001110,ORD008933,3260.58,fake_delivery_attempt,logistics_penalty,resolved,2024-12-22,2025-01-29,5
M001,REF001111,ORD006887,1815.09,payment_issue,packaging_damage,escalated,2024-10-12,2024-12-03,2
M001,REF001112,ORD001596,4762.4,damaged_product,invoice_difference,rejected,2024-03-02,2024-03-23,1
M001,REF001113,ORD003379,2276.23,fake_delivery_attempt,dispute_adjustment,resolved,2024-05-22,2024-07-04,2
M001,REF001114,ORD007320,4574.35,wrong_item,return_shipping_cost,resolved,2024-11-07,2024-11-19,10
M001,REF001115,ORD003009,331.24,damaged_product,dispute_adjustment,escalated,2024-05-11,2024-07-11,6
M001,REF001116,ORD004488,6621.43,delayed_delivery,invoice_difference,resolved,2024-06-24,2024-07-10,6
M001,REF001117,ORD002375,2074.17,cancellation,logistics_penalty,escalated,2024-04-01,2024-06-15,9
M001,REF001118,ORD004271,139.21,delayed_delivery,customer_refund,rejected,2024-06-13,2024-07-09,3
M001,REF001119,ORD006110,875.37,fake_delivery_attempt,logistics_penalty,resolved,2024-09-26,2024-10-10,3
M001,REF001120,ORD000064,4273.46,size_issue,payment_gateway_adjustment,resolved,2024-01-09,2024-01-31,4
M001,REF001121,ORD003411,9258.43,wrong_item,customer_refund,resolved,2024-05-07,2024-05-31,1
M001,REF001122,ORD005855,1026.48,damaged_product,customer_refund,open,2024-09-03,2024-11-12,3
M001,REF001123,ORD008489,2117.63,damaged_product,return_shipping_cost,resolved,2024-11-30,2024-12-25,7
M001,REF001124,ORD004359,4403.91,customer_not_available,payment_gateway_adjustment,escalated,2024-06-23,2024-08-19,4
M001,REF001125,ORD000170,4196.67,size_issue,logistics_penalty,resolved,2024-01-15,2024-02-18,5
M001,REF001126,ORD003980,4952.83,fake_delivery_attempt,payment_gateway_adjustment,escalated,2024-06-01,2024-07-22,3
M001,REF001127,ORD008276,7141.58,payment_issue,dispute_adjustment,open,2024-11-20,2025-01-26,2
M001,REF001128,ORD005188,3305.92,cancellation,logistics_penalty,open,2024-08-10,2024-10-19,10
M001,REF001129,ORD001564,7558.73,fake_delivery_attempt,return_shipping_cost,escalated,2024-03-02,2024-05-24,8
M001,REF001130,ORD005672,800.66,delayed_delivery,packaging_damage,open,2024-09-10,2024-10-28,4
M001,REF001131,ORD008239,319.91,size_issue,dispute_adjustment,resolved,2024-12-09,2025-01-22,4
M001,REF001132,ORD004505,5595.12,size_issue,customer_refund,escalated,2024-07-03,2024-08-20,8
M001,REF001133,ORD003783,4855.0,size_issue,logistics_penalty,escalated,2024-06-16,2024-08-01,8
M001,REF001134,ORD008265,580.71,size_issue,invoice_difference,rejected,2024-11-24,2024-12-06,5
M001,REF001135,ORD002608,3305.98,wrong_item,customer_refund,rejected,2024-04-14,2024-04-24,1
M001,REF001136,ORD006396,3644.38,payment_issue,dispute_adjustment,resolved,2024-10-13,2024-10-26,3
M001,REF001137,ORD008884,1297.31,customer_not_available,dispute_adjustment,escalated,2024-12-05,2025-01-06,5
M001,REF001138,ORD000665,1769.81,delayed_delivery,invoice_difference,escalated,2024-01-26,2024-03-02,5
M001,REF001139,ORD003222,3514.84,delayed_delivery,return_shipping_cost,resolved,2024-05-25,2024-06-06,1
M001,REF001140,ORD003526,2971.64,wrong_item,payment_gateway_adjustment,resolved,2024-06-06,2024-07-04,6
M001,REF001141,ORD008832,8471.39,wrong_item,return_shipping_cost,resolved,2024-12-12,2024-12-17,6
M001,REF001142,ORD007334,7187.47,cancellation,dispute_adjustment,resolved,2024-11-05,2024-12-11,3
M001,REF001143,ORD007125,6401.94,damaged_product,dispute_adjustment,resolved,2024-10-14,2024-10-22,9
M001,REF001144,ORD004665,3322.14,delayed_delivery,dispute_adjustment,escalated,2024-07-06,2024-09-20,8
M001,REF001145,ORD004027,931.26,wrong_item,payment_gateway_adjustment,resolved,2024-06-06,2024-06-25,6
M001,REF001146,ORD003149,5178.09,size_issue,payment_gateway_adjustment,escalated,2024-05-10,2024-07-06,10
M001,REF001147,ORD001336,8077.53,damaged_product,packaging_damage,rejected,2024-03-05,2024-03-10,7
M001,REF001148,ORD003072,4655.66,delayed_delivery,payment_gateway_adjustment,resolved,2024-05-15,2024-05-23,2
M001,REF001149,ORD001444,2282.85,delayed_delivery,dispute_adjustment,resolved,2024-02-27,2024-03-14,3
M001,REF001150,ORD006889,2034.4,cancellation,customer_refund,resolved,2024-10-20,2024-11-26,1
M001,REF001151,ORD000864,769.92,delayed_delivery,payment_gateway_adjustment,resolved,2024-02-24,2024-03-05,6
M001,REF001152,ORD000004,1211.93,fake_delivery_attempt,logistics_penalty,resolved,2024-01-26,2024-02-01,10
M001,REF001153,ORD004566,744.21,damaged_product,return_shipping_cost,resolved,2024-07-22,2024-08-30,9
M001,REF001154,ORD008514,2207.99,damaged_product,packaging_damage,resolved,2024-12-05,2025-01-01,7
M001,REF001155,ORD007536,2064.18,delayed_delivery,return_shipping_cost,resolved,2024-10-30,2024-11-21,10
M001,REF001156,ORD002493,7136.55,fake_delivery_attempt,logistics_penalty,resolved,2024-04-06,2024-05-07,4
M001,REF001157,ORD001906,1409.12,size_issue,return_shipping_cost,rejected,2024-03-15,2024-03-31,7
M001,REF001158,ORD004436,5370.87,size_issue,logistics_penalty,resolved,2024-06-23,2024-07-21,1
M001,REF001159,ORD009720,1541.85,payment_issue,return_shipping_cost,resolved,2024-12-23,2025-02-01,8
M001,REF001160,ORD005853,3746.28,cancellation,invoice_difference,resolved,2024-08-27,2024-09-19,5
M001,REF001161,ORD003554,5342.16,damaged_product,logistics_penalty,resolved,2024-06-02,2024-07-09,2
M001,REF001162,ORD002873,4204.44,customer_not_available,logistics_penalty,resolved,2024-05-12,2024-06-22,10
M001,REF001163,ORD006156,247.16,fake_delivery_attempt,invoice_difference,resolved,2024-09-25,2024-10-11,5
M001,REF001164,ORD004050,5763.64,cancellation,payment_gateway_adjustment,open,2024-06-01,2024-07-02,2
M001,REF001165,ORD008885,988.17,payment_issue,invoice_difference,escalated,2024-12-09,2025-01-21,8
M001,REF001166,ORD003857,537.34,size_issue,dispute_adjustment,open,2024-06-12,2024-09-02,9
M001,REF001167,ORD003472,4106.88,size_issue,logistics_penalty,resolved,2024-05-17,2024-05-30,2
M001,REF001168,ORD001636,345.08,fake_delivery_attempt,invoice_difference,resolved,2024-03-12,2024-04-21,2
M001,REF001169,ORD007552,3684.02,size_issue,invoice_difference,open,2024-11-09,2025-01-28,10
M001,REF001170,ORD005880,2145.45,cancellation,dispute_adjustment,resolved,2024-09-13,2024-10-25,5
M001,REF001171,ORD004809,8475.08,delayed_delivery,return_shipping_cost,resolved,2024-07-07,2024-08-18,6
M001,REF001172,ORD006974,248.61,fake_delivery_attempt,return_shipping_cost,escalated,2024-10-09,2024-11-12,7
M001,REF001173,ORD006807,8360.34,size_issue,dispute_adjustment,open,2024-10-08,2025-01-03,10
M001,REF001174,ORD007994,1171.01,delayed_delivery,dispute_adjustment,resolved,2024-11-26,2024-12-15,10
M001,REF001175,ORD002542,2332.41,cancellation,payment_gateway_adjustment,escalated,2024-04-22,2024-07-09,10
M001,REF001176,ORD002767,2941.51,fake_delivery_attempt,invoice_difference,resolved,2024-04-27,2024-05-10,4
M001,REF001177,ORD008109,571.76,cancellation,return_shipping_cost,resolved,2024-11-10,2024-12-18,8
M001,REF001178,ORD007057,2330.14,size_issue,invoice_difference,resolved,2024-10-14,2024-11-08,4
M001,REF001179,ORD009179,980.67,wrong_item,invoice_difference,resolved,2025-01-02,2025-01-07,4
M001,REF001180,ORD002801,3680.64,delayed_delivery,invoice_difference,resolved,2024-04-26,2024-06-01,2
M001,REF001181,ORD007032,2704.81,wrong_item,packaging_damage,resolved,2024-10-24,2024-11-09,6
M001,REF001182,ORD003505,4387.27,cancellation,payment_gateway_adjustment,resolved,2024-06-01,2024-06-17,3
M001,REF001183,ORD004172,287.08,payment_issue,packaging_damage,resolved,2024-06-15,2024-07-20,2
M001,REF001184,ORD008376,1741.76,wrong_item,return_shipping_cost,rejected,2024-12-07,2024-12-17,6
M001,REF001185,ORD006497,860.63,customer_not_available,payment_gateway_adjustment,resolved,2024-09-24,2024-10-03,2
M001,REF001186,ORD007728,2032.96,damaged_product,packaging_damage,resolved,2024-11-17,2024-11-22,1
M001,REF001187,ORD001831,3652.48,fake_delivery_attempt,dispute_adjustment,resolved,2024-03-22,2024-04-23,2
M001,REF001188,ORD007749,2408.48,fake_delivery_attempt,logistics_penalty,resolved,2024-10-30,2024-12-03,10
M001,REF001189,ORD003581,5158.62,fake_delivery_attempt,logistics_penalty,resolved,2024-05-21,2024-06-25,5
M001,REF001190,ORD006768,3522.5,damaged_product,customer_refund,resolved,2024-10-08,2024-11-14,2
M001,REF001191,ORD008010,3762.02,cancellation,customer_refund,escalated,2024-11-06,2025-02-01,2
M001,REF001192,ORD000195,5299.14,delayed_delivery,logistics_penalty,resolved,2024-02-04,2024-03-07,9
M001,REF001193,ORD008307,3922.93,customer_not_available,packaging_damage,escalated,2024-12-09,2025-01-22,3
M001,REF001194,ORD009328,586.25,payment_issue,return_shipping_cost,resolved,2024-12-30,2025-01-25,4
M001,REF001195,ORD006998,3636.97,cancellation,customer_refund,rejected,2024-10-08,2024-10-31,9
M001,REF001196,ORD005800,698.73,payment_issue,customer_refund,escalated,2024-09-04,2024-12-01,2
M001,REF001197,ORD009774,4268.71,payment_issue,packaging_damage,resolved,2025-01-01,2025-01-23,7
M001,REF001198,ORD001987,2876.99,delayed_delivery,return_shipping_cost,resolved,2024-03-26,2024-04-02,2
M001,REF001199,ORD008280,2677.69,delayed_delivery,dispute_adjustment,escalated,2024-11-16,2025-01-12,4
M001,REF001200,ORD009293,3211.58,customer_not_available,packaging_damage,open,2024-12-15,2025-03-07,3
